<?xml version="1.0" encoding="UTF-8"?>
<gpx version="1.1" xmlns="http://www.topografix.com/GPX/1/1">

	<trk>
		<name>RASp 1000K - 09092026</name>
		<trkseg>
<trkpt lat="37.407592" lon="-1.566345"></trkpt>
<trkpt lat="37.407713" lon="-1.566784"></trkpt>
<trkpt lat="37.407721" lon="-1.566966"></trkpt>
<trkpt lat="37.407722" lon="-1.567044"></trkpt>
<trkpt lat="37.407722" lon="-1.567098"></trkpt>
<trkpt lat="37.407772" lon="-1.567113"></trkpt>
<trkpt lat="37.407811" lon="-1.567170"></trkpt>
<trkpt lat="37.408940" lon="-1.566638"></trkpt>
<trkpt lat="37.408945" lon="-1.566541"></trkpt>
<trkpt lat="37.409014" lon="-1.566501"></trkpt>
<trkpt lat="37.409066" lon="-1.566536"></trkpt>
<trkpt lat="37.409079" lon="-1.566568"></trkpt>
<trkpt lat="37.409839" lon="-1.566167"></trkpt>
<trkpt lat="37.409841" lon="-1.566166"></trkpt>
<trkpt lat="37.410130" lon="-1.565967"></trkpt>
<trkpt lat="37.410368" lon="-1.565739"></trkpt>
<trkpt lat="37.410407" lon="-1.565703"></trkpt>
<trkpt lat="37.410452" lon="-1.565629"></trkpt>
<trkpt lat="37.410487" lon="-1.565499"></trkpt>
<trkpt lat="37.410465" lon="-1.565450"></trkpt>
<trkpt lat="37.410466" lon="-1.565299"></trkpt>
<trkpt lat="37.410542" lon="-1.565196"></trkpt>
<trkpt lat="37.410623" lon="-1.565176"></trkpt>
<trkpt lat="37.410693" lon="-1.565204"></trkpt>
<trkpt lat="37.410742" lon="-1.565259"></trkpt>
<trkpt lat="37.410875" lon="-1.565296"></trkpt>
<trkpt lat="37.411082" lon="-1.565252"></trkpt>
<trkpt lat="37.413891" lon="-1.563173"></trkpt>
<trkpt lat="37.414563" lon="-1.562778"></trkpt>
<trkpt lat="37.415516" lon="-1.562310"></trkpt>
<trkpt lat="37.415774" lon="-1.562225"></trkpt>
<trkpt lat="37.416331" lon="-1.562153"></trkpt>
<trkpt lat="37.416543" lon="-1.562150"></trkpt>
<trkpt lat="37.416896" lon="-1.562203"></trkpt>
<trkpt lat="37.417287" lon="-1.562164"></trkpt>
<trkpt lat="37.417308" lon="-1.562149"></trkpt>
<trkpt lat="37.417340" lon="-1.562135"></trkpt>
<trkpt lat="37.417409" lon="-1.562128"></trkpt>
<trkpt lat="37.417475" lon="-1.562153"></trkpt>
<trkpt lat="37.417550" lon="-1.562242"></trkpt>
<trkpt lat="37.417572" lon="-1.562305"></trkpt>
<trkpt lat="37.417829" lon="-1.562607"></trkpt>
<trkpt lat="37.417855" lon="-1.562625"></trkpt>
<trkpt lat="37.417878" lon="-1.562640"></trkpt>
<trkpt lat="37.417990" lon="-1.562717"></trkpt>
<trkpt lat="37.418343" lon="-1.563002"></trkpt>
<trkpt lat="37.418534" lon="-1.563203"></trkpt>
<trkpt lat="37.418833" lon="-1.563586"></trkpt>
<trkpt lat="37.419064" lon="-1.563967"></trkpt>
<trkpt lat="37.419306" lon="-1.564475"></trkpt>
<trkpt lat="37.419511" lon="-1.565092"></trkpt>
<trkpt lat="37.419622" lon="-1.565731"></trkpt>
<trkpt lat="37.419652" lon="-1.566095"></trkpt>
<trkpt lat="37.419657" lon="-1.566525"></trkpt>
<trkpt lat="37.419641" lon="-1.566960"></trkpt>
<trkpt lat="37.419444" lon="-1.568768"></trkpt>
<trkpt lat="37.419150" lon="-1.571470"></trkpt>
<trkpt lat="37.419103" lon="-1.571820"></trkpt>
<trkpt lat="37.419104" lon="-1.572114"></trkpt>
<trkpt lat="37.419148" lon="-1.572273"></trkpt>
<trkpt lat="37.419161" lon="-1.572290"></trkpt>
<trkpt lat="37.419192" lon="-1.572369"></trkpt>
<trkpt lat="37.419194" lon="-1.572454"></trkpt>
<trkpt lat="37.419179" lon="-1.572510"></trkpt>
<trkpt lat="37.419101" lon="-1.572598"></trkpt>
<trkpt lat="37.419013" lon="-1.572830"></trkpt>
<trkpt lat="37.418962" lon="-1.573097"></trkpt>
<trkpt lat="37.417882" lon="-1.582968"></trkpt>
<trkpt lat="37.417642" lon="-1.585152"></trkpt>
<trkpt lat="37.417631" lon="-1.585479"></trkpt>
<trkpt lat="37.417662" lon="-1.585636"></trkpt>
<trkpt lat="37.417703" lon="-1.585718"></trkpt>
<trkpt lat="37.417714" lon="-1.585732"></trkpt>
<trkpt lat="37.417838" lon="-1.585808"></trkpt>
<trkpt lat="37.418050" lon="-1.585870"></trkpt>
<trkpt lat="37.418828" lon="-1.585798"></trkpt>
<trkpt lat="37.419415" lon="-1.585741"></trkpt>
<trkpt lat="37.419470" lon="-1.586564"></trkpt>
<trkpt lat="37.419490" lon="-1.586895"></trkpt>
<trkpt lat="37.419547" lon="-1.587040"></trkpt>
<trkpt lat="37.419518" lon="-1.587766"></trkpt>
<trkpt lat="37.419556" lon="-1.588433"></trkpt>
<trkpt lat="37.419651" lon="-1.588843"></trkpt>
<trkpt lat="37.419835" lon="-1.589255"></trkpt>
<trkpt lat="37.420051" lon="-1.589257"></trkpt>
<trkpt lat="37.420519" lon="-1.589123"></trkpt>
<trkpt lat="37.420638" lon="-1.589174"></trkpt>
<trkpt lat="37.420932" lon="-1.589994"></trkpt>
<trkpt lat="37.421044" lon="-1.590206"></trkpt>
<trkpt lat="37.421125" lon="-1.590418"></trkpt>
<trkpt lat="37.421678" lon="-1.592262"></trkpt>
<trkpt lat="37.421738" lon="-1.592462"></trkpt>
<trkpt lat="37.421793" lon="-1.592568"></trkpt>
<trkpt lat="37.423120" lon="-1.594050"></trkpt>
<trkpt lat="37.425147" lon="-1.596395"></trkpt>
<trkpt lat="37.425964" lon="-1.597513"></trkpt>
<trkpt lat="37.426746" lon="-1.598734"></trkpt>
<trkpt lat="37.427280" lon="-1.599567"></trkpt>
<trkpt lat="37.427510" lon="-1.599975"></trkpt>
<trkpt lat="37.427697" lon="-1.600574"></trkpt>
<trkpt lat="37.428073" lon="-1.601171"></trkpt>
<trkpt lat="37.428835" lon="-1.602303"></trkpt>
<trkpt lat="37.431583" lon="-1.604342"></trkpt>
<trkpt lat="37.431634" lon="-1.604406"></trkpt>
<trkpt lat="37.431654" lon="-1.604473"></trkpt>
<trkpt lat="37.431643" lon="-1.604567"></trkpt>
<trkpt lat="37.431190" lon="-1.605573"></trkpt>
<trkpt lat="37.431178" lon="-1.605774"></trkpt>
<trkpt lat="37.431344" lon="-1.607646"></trkpt>
<trkpt lat="37.431417" lon="-1.608059"></trkpt>
<trkpt lat="37.431425" lon="-1.608488"></trkpt>
<trkpt lat="37.431979" lon="-1.609905"></trkpt>
<trkpt lat="37.432767" lon="-1.611546"></trkpt>
<trkpt lat="37.433312" lon="-1.612152"></trkpt>
<trkpt lat="37.433913" lon="-1.612930"></trkpt>
<trkpt lat="37.434548" lon="-1.613805"></trkpt>
<trkpt lat="37.435101" lon="-1.614357"></trkpt>
<trkpt lat="37.435344" lon="-1.614454"></trkpt>
<trkpt lat="37.435442" lon="-1.614529"></trkpt>
<trkpt lat="37.435437" lon="-1.614612"></trkpt>
<trkpt lat="37.435216" lon="-1.615226"></trkpt>
<trkpt lat="37.434917" lon="-1.615900"></trkpt>
<trkpt lat="37.434721" lon="-1.616179"></trkpt>
<trkpt lat="37.434705" lon="-1.616492"></trkpt>
<trkpt lat="37.434595" lon="-1.616782"></trkpt>
<trkpt lat="37.434509" lon="-1.616927"></trkpt>
<trkpt lat="37.434629" lon="-1.617517"></trkpt>
<trkpt lat="37.434577" lon="-1.617624"></trkpt>
<trkpt lat="37.434352" lon="-1.617924"></trkpt>
<trkpt lat="37.434301" lon="-1.618219"></trkpt>
<trkpt lat="37.434283" lon="-1.618595"></trkpt>
<trkpt lat="37.434122" lon="-1.618944"></trkpt>
<trkpt lat="37.434002" lon="-1.619453"></trkpt>
<trkpt lat="37.433994" lon="-1.619695"></trkpt>
<trkpt lat="37.434109" lon="-1.619850"></trkpt>
<trkpt lat="37.434891" lon="-1.620646"></trkpt>
<trkpt lat="37.435192" lon="-1.620868"></trkpt>
<trkpt lat="37.435356" lon="-1.620973"></trkpt>
<trkpt lat="37.435391" lon="-1.621079"></trkpt>
<trkpt lat="37.435331" lon="-1.621218"></trkpt>
<trkpt lat="37.435238" lon="-1.621304"></trkpt>
<trkpt lat="37.434969" lon="-1.621658"></trkpt>
<trkpt lat="37.434675" lon="-1.622114"></trkpt>
<trkpt lat="37.434501" lon="-1.622532"></trkpt>
<trkpt lat="37.434390" lon="-1.622886"></trkpt>
<trkpt lat="37.434265" lon="-1.623804"></trkpt>
<trkpt lat="37.434267" lon="-1.623872"></trkpt>
<trkpt lat="37.434326" lon="-1.623961"></trkpt>
<trkpt lat="37.434438" lon="-1.623843"></trkpt>
<trkpt lat="37.434565" lon="-1.623825"></trkpt>
<trkpt lat="37.434629" lon="-1.623849"></trkpt>
<trkpt lat="37.434730" lon="-1.623960"></trkpt>
<trkpt lat="37.434768" lon="-1.624121"></trkpt>
<trkpt lat="37.434759" lon="-1.624205"></trkpt>
<trkpt lat="37.434663" lon="-1.624373"></trkpt>
<trkpt lat="37.434547" lon="-1.624424"></trkpt>
<trkpt lat="37.434389" lon="-1.624547"></trkpt>
<trkpt lat="37.434287" lon="-1.624820"></trkpt>
<trkpt lat="37.434268" lon="-1.624868"></trkpt>
<trkpt lat="37.434299" lon="-1.625046"></trkpt>
<trkpt lat="37.434348" lon="-1.625113"></trkpt>
<trkpt lat="37.434396" lon="-1.625283"></trkpt>
<trkpt lat="37.434376" lon="-1.625438"></trkpt>
<trkpt lat="37.434345" lon="-1.625508"></trkpt>
<trkpt lat="37.434284" lon="-1.625584"></trkpt>
<trkpt lat="37.434206" lon="-1.625633"></trkpt>
<trkpt lat="37.434121" lon="-1.625648"></trkpt>
<trkpt lat="37.434031" lon="-1.625815"></trkpt>
<trkpt lat="37.434018" lon="-1.625893"></trkpt>
<trkpt lat="37.433989" lon="-1.626206"></trkpt>
<trkpt lat="37.433521" lon="-1.630511"></trkpt>
<trkpt lat="37.433271" lon="-1.632756"></trkpt>
<trkpt lat="37.433222" lon="-1.633829"></trkpt>
<trkpt lat="37.433210" lon="-1.634971"></trkpt>
<trkpt lat="37.433163" lon="-1.635241"></trkpt>
<trkpt lat="37.432543" lon="-1.637506"></trkpt>
<trkpt lat="37.432473" lon="-1.638197"></trkpt>
<trkpt lat="37.432383" lon="-1.639544"></trkpt>
<trkpt lat="37.432379" lon="-1.639864"></trkpt>
<trkpt lat="37.432428" lon="-1.640190"></trkpt>
<trkpt lat="37.432981" lon="-1.642030"></trkpt>
<trkpt lat="37.433515" lon="-1.644735"></trkpt>
<trkpt lat="37.433731" lon="-1.646336"></trkpt>
<trkpt lat="37.433711" lon="-1.647116"></trkpt>
<trkpt lat="37.433744" lon="-1.647609"></trkpt>
<trkpt lat="37.433891" lon="-1.648132"></trkpt>
<trkpt lat="37.434698" lon="-1.649859"></trkpt>
<trkpt lat="37.434988" lon="-1.650323"></trkpt>
<trkpt lat="37.435878" lon="-1.651376"></trkpt>
<trkpt lat="37.436903" lon="-1.652081"></trkpt>
<trkpt lat="37.437437" lon="-1.652567"></trkpt>
<trkpt lat="37.437693" lon="-1.652876"></trkpt>
<trkpt lat="37.437841" lon="-1.653054"></trkpt>
<trkpt lat="37.438598" lon="-1.654173"></trkpt>
<trkpt lat="37.438811" lon="-1.654108"></trkpt>
<trkpt lat="37.439349" lon="-1.654221"></trkpt>
<trkpt lat="37.439792" lon="-1.654192"></trkpt>
<trkpt lat="37.439967" lon="-1.654130"></trkpt>
<trkpt lat="37.440205" lon="-1.653955"></trkpt>
<trkpt lat="37.440458" lon="-1.653841"></trkpt>
<trkpt lat="37.441400" lon="-1.653665"></trkpt>
<trkpt lat="37.442017" lon="-1.653549"></trkpt>
<trkpt lat="37.442745" lon="-1.653317"></trkpt>
<trkpt lat="37.445332" lon="-1.652285"></trkpt>
<trkpt lat="37.446187" lon="-1.652068"></trkpt>
<trkpt lat="37.446754" lon="-1.651860"></trkpt>
<trkpt lat="37.447099" lon="-1.651604"></trkpt>
<trkpt lat="37.447248" lon="-1.651443"></trkpt>
<trkpt lat="37.447498" lon="-1.651148"></trkpt>
<trkpt lat="37.448911" lon="-1.648846"></trkpt>
<trkpt lat="37.449335" lon="-1.648185"></trkpt>
<trkpt lat="37.449780" lon="-1.647494"></trkpt>
<trkpt lat="37.450123" lon="-1.646774"></trkpt>
<trkpt lat="37.450342" lon="-1.646314"></trkpt>
<trkpt lat="37.450905" lon="-1.644958"></trkpt>
<trkpt lat="37.451211" lon="-1.644643"></trkpt>
<trkpt lat="37.451497" lon="-1.644514"></trkpt>
<trkpt lat="37.451735" lon="-1.644539"></trkpt>
<trkpt lat="37.451875" lon="-1.644631"></trkpt>
<trkpt lat="37.451958" lon="-1.644780"></trkpt>
<trkpt lat="37.452187" lon="-1.645221"></trkpt>
<trkpt lat="37.452463" lon="-1.645481"></trkpt>
<trkpt lat="37.453293" lon="-1.645676"></trkpt>
<trkpt lat="37.453787" lon="-1.645762"></trkpt>
<trkpt lat="37.455685" lon="-1.646058"></trkpt>
<trkpt lat="37.455851" lon="-1.646081"></trkpt>
<trkpt lat="37.456105" lon="-1.646005"></trkpt>
<trkpt lat="37.456570" lon="-1.645631"></trkpt>
<trkpt lat="37.457203" lon="-1.645231"></trkpt>
<trkpt lat="37.457620" lon="-1.645023"></trkpt>
<trkpt lat="37.458125" lon="-1.645145"></trkpt>
<trkpt lat="37.458613" lon="-1.645353"></trkpt>
<trkpt lat="37.459004" lon="-1.645405"></trkpt>
<trkpt lat="37.459251" lon="-1.645306"></trkpt>
<trkpt lat="37.459864" lon="-1.644855"></trkpt>
<trkpt lat="37.460918" lon="-1.644139"></trkpt>
<trkpt lat="37.462947" lon="-1.642623"></trkpt>
<trkpt lat="37.463560" lon="-1.642259"></trkpt>
<trkpt lat="37.464326" lon="-1.641293"></trkpt>
<trkpt lat="37.464701" lon="-1.640735"></trkpt>
<trkpt lat="37.465263" lon="-1.640263"></trkpt>
<trkpt lat="37.465737" lon="-1.639906"></trkpt>
<trkpt lat="37.466285" lon="-1.639598"></trkpt>
<trkpt lat="37.467000" lon="-1.639255"></trkpt>
<trkpt lat="37.467065" lon="-1.639187"></trkpt>
<trkpt lat="37.467110" lon="-1.639084"></trkpt>
<trkpt lat="37.467216" lon="-1.638613"></trkpt>
<trkpt lat="37.467374" lon="-1.638155"></trkpt>
<trkpt lat="37.467386" lon="-1.638037"></trkpt>
<trkpt lat="37.467372" lon="-1.637887"></trkpt>
<trkpt lat="37.467098" lon="-1.636903"></trkpt>
<trkpt lat="37.467088" lon="-1.636788"></trkpt>
<trkpt lat="37.467197" lon="-1.636271"></trkpt>
<trkpt lat="37.467262" lon="-1.636082"></trkpt>
<trkpt lat="37.467386" lon="-1.635910"></trkpt>
<trkpt lat="37.467620" lon="-1.636014"></trkpt>
<trkpt lat="37.467845" lon="-1.636057"></trkpt>
<trkpt lat="37.468602" lon="-1.635974"></trkpt>
<trkpt lat="37.469190" lon="-1.636040"></trkpt>
<trkpt lat="37.469456" lon="-1.636136"></trkpt>
<trkpt lat="37.469541" lon="-1.636201"></trkpt>
<trkpt lat="37.469778" lon="-1.636358"></trkpt>
<trkpt lat="37.470002" lon="-1.636506"></trkpt>
<trkpt lat="37.470353" lon="-1.636729"></trkpt>
<trkpt lat="37.470890" lon="-1.636847"></trkpt>
<trkpt lat="37.471010" lon="-1.636839"></trkpt>
<trkpt lat="37.471004" lon="-1.636784"></trkpt>
<trkpt lat="37.471035" lon="-1.636683"></trkpt>
<trkpt lat="37.471069" lon="-1.636648"></trkpt>
<trkpt lat="37.471154" lon="-1.636626"></trkpt>
<trkpt lat="37.471195" lon="-1.636643"></trkpt>
<trkpt lat="37.471254" lon="-1.636720"></trkpt>
<trkpt lat="37.471264" lon="-1.636826"></trkpt>
<trkpt lat="37.471219" lon="-1.636918"></trkpt>
<trkpt lat="37.471793" lon="-1.637376"></trkpt>
<trkpt lat="37.473276" lon="-1.638307"></trkpt>
<trkpt lat="37.473600" lon="-1.638758"></trkpt>
<trkpt lat="37.473960" lon="-1.639282"></trkpt>
<trkpt lat="37.474353" lon="-1.639816"></trkpt>
<trkpt lat="37.474951" lon="-1.640853"></trkpt>
<trkpt lat="37.475408" lon="-1.641266"></trkpt>
<trkpt lat="37.478648" lon="-1.643806"></trkpt>
<trkpt lat="37.479338" lon="-1.644371"></trkpt>
<trkpt lat="37.479527" lon="-1.644526"></trkpt>
<trkpt lat="37.479700" lon="-1.644818"></trkpt>
<trkpt lat="37.479812" lon="-1.645006"></trkpt>
<trkpt lat="37.480353" lon="-1.645898"></trkpt>
<trkpt lat="37.480445" lon="-1.646086"></trkpt>
<trkpt lat="37.480502" lon="-1.646320"></trkpt>
<trkpt lat="37.480823" lon="-1.648543"></trkpt>
<trkpt lat="37.480954" lon="-1.648838"></trkpt>
<trkpt lat="37.481231" lon="-1.649195"></trkpt>
<trkpt lat="37.481355" lon="-1.649409"></trkpt>
<trkpt lat="37.481413" lon="-1.649529"></trkpt>
<trkpt lat="37.482198" lon="-1.651116"></trkpt>
<trkpt lat="37.482439" lon="-1.651613"></trkpt>
<trkpt lat="37.482649" lon="-1.652015"></trkpt>
<trkpt lat="37.482732" lon="-1.652223"></trkpt>
<trkpt lat="37.482810" lon="-1.652703"></trkpt>
<trkpt lat="37.482800" lon="-1.652856"></trkpt>
<trkpt lat="37.482773" lon="-1.652937"></trkpt>
<trkpt lat="37.482561" lon="-1.653345"></trkpt>
<trkpt lat="37.482512" lon="-1.653552"></trkpt>
<trkpt lat="37.482531" lon="-1.655394"></trkpt>
<trkpt lat="37.482577" lon="-1.655606"></trkpt>
<trkpt lat="37.482612" lon="-1.655663"></trkpt>
<trkpt lat="37.482737" lon="-1.655739"></trkpt>
<trkpt lat="37.484474" lon="-1.656652"></trkpt>
<trkpt lat="37.484891" lon="-1.656876"></trkpt>
<trkpt lat="37.484977" lon="-1.656967"></trkpt>
<trkpt lat="37.485020" lon="-1.657074"></trkpt>
<trkpt lat="37.484973" lon="-1.658805"></trkpt>
<trkpt lat="37.484987" lon="-1.659035"></trkpt>
<trkpt lat="37.485039" lon="-1.659171"></trkpt>
<trkpt lat="37.485536" lon="-1.659587"></trkpt>
<trkpt lat="37.485630" lon="-1.659640"></trkpt>
<trkpt lat="37.485833" lon="-1.659668"></trkpt>
<trkpt lat="37.486405" lon="-1.659580"></trkpt>
<trkpt lat="37.486558" lon="-1.659632"></trkpt>
<trkpt lat="37.486742" lon="-1.659785"></trkpt>
<trkpt lat="37.486809" lon="-1.659941"></trkpt>
<trkpt lat="37.486868" lon="-1.660228"></trkpt>
<trkpt lat="37.486876" lon="-1.660278"></trkpt>
<trkpt lat="37.486883" lon="-1.660319"></trkpt>
<trkpt lat="37.486996" lon="-1.660900"></trkpt>
<trkpt lat="37.487080" lon="-1.661055"></trkpt>
<trkpt lat="37.487347" lon="-1.661321"></trkpt>
<trkpt lat="37.487524" lon="-1.661444"></trkpt>
<trkpt lat="37.487867" lon="-1.661623"></trkpt>
<trkpt lat="37.487935" lon="-1.661711"></trkpt>
<trkpt lat="37.487987" lon="-1.661867"></trkpt>
<trkpt lat="37.488039" lon="-1.662191"></trkpt>
<trkpt lat="37.488129" lon="-1.662984"></trkpt>
<trkpt lat="37.488281" lon="-1.663545"></trkpt>
<trkpt lat="37.488374" lon="-1.663773"></trkpt>
<trkpt lat="37.488851" lon="-1.664193"></trkpt>
<trkpt lat="37.489190" lon="-1.664528"></trkpt>
<trkpt lat="37.489258" lon="-1.664546"></trkpt>
<trkpt lat="37.489707" lon="-1.664458"></trkpt>
<trkpt lat="37.489833" lon="-1.664506"></trkpt>
<trkpt lat="37.490193" lon="-1.664716"></trkpt>
<trkpt lat="37.490313" lon="-1.664750"></trkpt>
<trkpt lat="37.490916" lon="-1.664757"></trkpt>
<trkpt lat="37.491618" lon="-1.664398"></trkpt>
<trkpt lat="37.491728" lon="-1.664397"></trkpt>
<trkpt lat="37.492013" lon="-1.664526"></trkpt>
<trkpt lat="37.492107" lon="-1.664526"></trkpt>
<trkpt lat="37.492334" lon="-1.664341"></trkpt>
<trkpt lat="37.492417" lon="-1.664322"></trkpt>
<trkpt lat="37.492570" lon="-1.664379"></trkpt>
<trkpt lat="37.492641" lon="-1.664496"></trkpt>
<trkpt lat="37.492698" lon="-1.664704"></trkpt>
<trkpt lat="37.492675" lon="-1.665054"></trkpt>
<trkpt lat="37.492693" lon="-1.665294"></trkpt>
<trkpt lat="37.492746" lon="-1.665434"></trkpt>
<trkpt lat="37.492891" lon="-1.665559"></trkpt>
<trkpt lat="37.493038" lon="-1.665601"></trkpt>
<trkpt lat="37.493178" lon="-1.665594"></trkpt>
<trkpt lat="37.493818" lon="-1.665382"></trkpt>
<trkpt lat="37.494208" lon="-1.665217"></trkpt>
<trkpt lat="37.494348" lon="-1.665236"></trkpt>
<trkpt lat="37.494514" lon="-1.665366"></trkpt>
<trkpt lat="37.494877" lon="-1.666070"></trkpt>
<trkpt lat="37.494934" lon="-1.666143"></trkpt>
<trkpt lat="37.495044" lon="-1.666213"></trkpt>
<trkpt lat="37.495292" lon="-1.666233"></trkpt>
<trkpt lat="37.495552" lon="-1.666277"></trkpt>
<trkpt lat="37.495860" lon="-1.666593"></trkpt>
<trkpt lat="37.495930" lon="-1.666719"></trkpt>
<trkpt lat="37.495977" lon="-1.666883"></trkpt>
<trkpt lat="37.495996" lon="-1.667225"></trkpt>
<trkpt lat="37.496026" lon="-1.667364"></trkpt>
<trkpt lat="37.496286" lon="-1.667679"></trkpt>
<trkpt lat="37.496525" lon="-1.667954"></trkpt>
<trkpt lat="37.496692" lon="-1.668238"></trkpt>
<trkpt lat="37.496768" lon="-1.668467"></trkpt>
<trkpt lat="37.496770" lon="-1.668599"></trkpt>
<trkpt lat="37.496744" lon="-1.668681"></trkpt>
<trkpt lat="37.496650" lon="-1.668834"></trkpt>
<trkpt lat="37.496262" lon="-1.669338"></trkpt>
<trkpt lat="37.496204" lon="-1.669437"></trkpt>
<trkpt lat="37.496173" lon="-1.669597"></trkpt>
<trkpt lat="37.496217" lon="-1.669744"></trkpt>
<trkpt lat="37.496271" lon="-1.669821"></trkpt>
<trkpt lat="37.496572" lon="-1.670008"></trkpt>
<trkpt lat="37.496677" lon="-1.670128"></trkpt>
<trkpt lat="37.496680" lon="-1.670263"></trkpt>
<trkpt lat="37.496665" lon="-1.670395"></trkpt>
<trkpt lat="37.496606" lon="-1.670579"></trkpt>
<trkpt lat="37.496432" lon="-1.670762"></trkpt>
<trkpt lat="37.496329" lon="-1.670926"></trkpt>
<trkpt lat="37.496246" lon="-1.671207"></trkpt>
<trkpt lat="37.496219" lon="-1.671806"></trkpt>
<trkpt lat="37.496162" lon="-1.671941"></trkpt>
<trkpt lat="37.495987" lon="-1.672099"></trkpt>
<trkpt lat="37.495898" lon="-1.672235"></trkpt>
<trkpt lat="37.495879" lon="-1.672786"></trkpt>
<trkpt lat="37.495810" lon="-1.672905"></trkpt>
<trkpt lat="37.495602" lon="-1.673092"></trkpt>
<trkpt lat="37.495496" lon="-1.673230"></trkpt>
<trkpt lat="37.495420" lon="-1.673778"></trkpt>
<trkpt lat="37.495297" lon="-1.673993"></trkpt>
<trkpt lat="37.495181" lon="-1.674112"></trkpt>
<trkpt lat="37.495074" lon="-1.674272"></trkpt>
<trkpt lat="37.495065" lon="-1.674487"></trkpt>
<trkpt lat="37.495100" lon="-1.674632"></trkpt>
<trkpt lat="37.495408" lon="-1.675523"></trkpt>
<trkpt lat="37.495418" lon="-1.675733"></trkpt>
<trkpt lat="37.495357" lon="-1.676024"></trkpt>
<trkpt lat="37.495311" lon="-1.676199"></trkpt>
<trkpt lat="37.495172" lon="-1.676773"></trkpt>
<trkpt lat="37.495187" lon="-1.677018"></trkpt>
<trkpt lat="37.495278" lon="-1.677187"></trkpt>
<trkpt lat="37.495594" lon="-1.677581"></trkpt>
<trkpt lat="37.495704" lon="-1.678040"></trkpt>
<trkpt lat="37.495820" lon="-1.678355"></trkpt>
<trkpt lat="37.495916" lon="-1.678438"></trkpt>
<trkpt lat="37.496062" lon="-1.678505"></trkpt>
<trkpt lat="37.496288" lon="-1.678596"></trkpt>
<trkpt lat="37.496606" lon="-1.678624"></trkpt>
<trkpt lat="37.496700" lon="-1.678710"></trkpt>
<trkpt lat="37.496757" lon="-1.678850"></trkpt>
<trkpt lat="37.496758" lon="-1.678942"></trkpt>
<trkpt lat="37.496663" lon="-1.679274"></trkpt>
<trkpt lat="37.496661" lon="-1.679376"></trkpt>
<trkpt lat="37.496715" lon="-1.679577"></trkpt>
<trkpt lat="37.496874" lon="-1.679845"></trkpt>
<trkpt lat="37.496950" lon="-1.679927"></trkpt>
<trkpt lat="37.497147" lon="-1.680026"></trkpt>
<trkpt lat="37.497398" lon="-1.680295"></trkpt>
<trkpt lat="37.497879" lon="-1.680603"></trkpt>
<trkpt lat="37.497976" lon="-1.680604"></trkpt>
<trkpt lat="37.498175" lon="-1.680527"></trkpt>
<trkpt lat="37.498368" lon="-1.680556"></trkpt>
<trkpt lat="37.498456" lon="-1.680647"></trkpt>
<trkpt lat="37.498684" lon="-1.681113"></trkpt>
<trkpt lat="37.498829" lon="-1.681238"></trkpt>
<trkpt lat="37.499185" lon="-1.681356"></trkpt>
<trkpt lat="37.499371" lon="-1.681318"></trkpt>
<trkpt lat="37.499565" lon="-1.681088"></trkpt>
<trkpt lat="37.499620" lon="-1.680934"></trkpt>
<trkpt lat="37.499678" lon="-1.680657"></trkpt>
<trkpt lat="37.499724" lon="-1.680576"></trkpt>
<trkpt lat="37.499793" lon="-1.680531"></trkpt>
<trkpt lat="37.499975" lon="-1.680529"></trkpt>
<trkpt lat="37.499994" lon="-1.680532"></trkpt>
<trkpt lat="37.500039" lon="-1.680543"></trkpt>
<trkpt lat="37.500120" lon="-1.680627"></trkpt>
<trkpt lat="37.500199" lon="-1.680834"></trkpt>
<trkpt lat="37.500194" lon="-1.680983"></trkpt>
<trkpt lat="37.500091" lon="-1.681388"></trkpt>
<trkpt lat="37.500102" lon="-1.681566"></trkpt>
<trkpt lat="37.500135" lon="-1.681619"></trkpt>
<trkpt lat="37.500234" lon="-1.681659"></trkpt>
<trkpt lat="37.500461" lon="-1.681564"></trkpt>
<trkpt lat="37.500622" lon="-1.681579"></trkpt>
<trkpt lat="37.500741" lon="-1.681661"></trkpt>
<trkpt lat="37.500892" lon="-1.681919"></trkpt>
<trkpt lat="37.501001" lon="-1.682018"></trkpt>
<trkpt lat="37.501818" lon="-1.682297"></trkpt>
<trkpt lat="37.501920" lon="-1.682275"></trkpt>
<trkpt lat="37.501991" lon="-1.682209"></trkpt>
<trkpt lat="37.502466" lon="-1.681484"></trkpt>
<trkpt lat="37.502515" lon="-1.681441"></trkpt>
<trkpt lat="37.502602" lon="-1.681401"></trkpt>
<trkpt lat="37.502710" lon="-1.681417"></trkpt>
<trkpt lat="37.502800" lon="-1.681531"></trkpt>
<trkpt lat="37.502865" lon="-1.681720"></trkpt>
<trkpt lat="37.502857" lon="-1.681805"></trkpt>
<trkpt lat="37.502729" lon="-1.682181"></trkpt>
<trkpt lat="37.502755" lon="-1.682468"></trkpt>
<trkpt lat="37.502828" lon="-1.682734"></trkpt>
<trkpt lat="37.503128" lon="-1.683217"></trkpt>
<trkpt lat="37.503883" lon="-1.684239"></trkpt>
<trkpt lat="37.504362" lon="-1.685446"></trkpt>
<trkpt lat="37.504520" lon="-1.685599"></trkpt>
<trkpt lat="37.504924" lon="-1.685843"></trkpt>
<trkpt lat="37.505084" lon="-1.686127"></trkpt>
<trkpt lat="37.505218" lon="-1.686436"></trkpt>
<trkpt lat="37.505353" lon="-1.686533"></trkpt>
<trkpt lat="37.506173" lon="-1.686454"></trkpt>
<trkpt lat="37.506351" lon="-1.686556"></trkpt>
<trkpt lat="37.506498" lon="-1.686714"></trkpt>
<trkpt lat="37.506569" lon="-1.686817"></trkpt>
<trkpt lat="37.506609" lon="-1.686950"></trkpt>
<trkpt lat="37.506836" lon="-1.688626"></trkpt>
<trkpt lat="37.507007" lon="-1.689304"></trkpt>
<trkpt lat="37.507151" lon="-1.689697"></trkpt>
<trkpt lat="37.507228" lon="-1.689794"></trkpt>
<trkpt lat="37.507533" lon="-1.690044"></trkpt>
<trkpt lat="37.509646" lon="-1.691751"></trkpt>
<trkpt lat="37.511147" lon="-1.692962"></trkpt>
<trkpt lat="37.511323" lon="-1.693053"></trkpt>
<trkpt lat="37.511635" lon="-1.693126"></trkpt>
<trkpt lat="37.514432" lon="-1.693865"></trkpt>
<trkpt lat="37.514601" lon="-1.694003"></trkpt>
<trkpt lat="37.514788" lon="-1.694297"></trkpt>
<trkpt lat="37.514886" lon="-1.694500"></trkpt>
<trkpt lat="37.514944" lon="-1.694612"></trkpt>
<trkpt lat="37.517112" lon="-1.698884"></trkpt>
<trkpt lat="37.517708" lon="-1.700034"></trkpt>
<trkpt lat="37.517828" lon="-1.700323"></trkpt>
<trkpt lat="37.518329" lon="-1.702191"></trkpt>
<trkpt lat="37.518374" lon="-1.702363"></trkpt>
<trkpt lat="37.518381" lon="-1.702389"></trkpt>
<trkpt lat="37.518606" lon="-1.703257"></trkpt>
<trkpt lat="37.518688" lon="-1.703486"></trkpt>
<trkpt lat="37.519276" lon="-1.704865"></trkpt>
<trkpt lat="37.520743" lon="-1.708233"></trkpt>
<trkpt lat="37.520908" lon="-1.708430"></trkpt>
<trkpt lat="37.520987" lon="-1.708445"></trkpt>
<trkpt lat="37.521264" lon="-1.708420"></trkpt>
<trkpt lat="37.521308" lon="-1.708391"></trkpt>
<trkpt lat="37.524398" lon="-1.706407"></trkpt>
<trkpt lat="37.527814" lon="-1.704228"></trkpt>
<trkpt lat="37.529895" lon="-1.702899"></trkpt>
<trkpt lat="37.530893" lon="-1.702262"></trkpt>
<trkpt lat="37.532240" lon="-1.701397"></trkpt>
<trkpt lat="37.532287" lon="-1.701367"></trkpt>
<trkpt lat="37.532562" lon="-1.701190"></trkpt>
<trkpt lat="37.533268" lon="-1.700738"></trkpt>
<trkpt lat="37.533724" lon="-1.700445"></trkpt>
<trkpt lat="37.534161" lon="-1.700165"></trkpt>
<trkpt lat="37.534726" lon="-1.699803"></trkpt>
<trkpt lat="37.535380" lon="-1.699382"></trkpt>
<trkpt lat="37.536443" lon="-1.698691"></trkpt>
<trkpt lat="37.537724" lon="-1.697859"></trkpt>
<trkpt lat="37.539150" lon="-1.696951"></trkpt>
<trkpt lat="37.541040" lon="-1.695745"></trkpt>
<trkpt lat="37.541433" lon="-1.695493"></trkpt>
<trkpt lat="37.541882" lon="-1.695205"></trkpt>
<trkpt lat="37.542741" lon="-1.694654"></trkpt>
<trkpt lat="37.543653" lon="-1.694069"></trkpt>
<trkpt lat="37.543809" lon="-1.693968"></trkpt>
<trkpt lat="37.545046" lon="-1.693175"></trkpt>
<trkpt lat="37.545238" lon="-1.693052"></trkpt>
<trkpt lat="37.545411" lon="-1.692941"></trkpt>
<trkpt lat="37.546038" lon="-1.692538"></trkpt>
<trkpt lat="37.546067" lon="-1.692520"></trkpt>
<trkpt lat="37.546950" lon="-1.691952"></trkpt>
<trkpt lat="37.547185" lon="-1.691801"></trkpt>
<trkpt lat="37.547519" lon="-1.691584"></trkpt>
<trkpt lat="37.548481" lon="-1.690962"></trkpt>
<trkpt lat="37.549251" lon="-1.690463"></trkpt>
<trkpt lat="37.549559" lon="-1.690227"></trkpt>
<trkpt lat="37.549670" lon="-1.690141"></trkpt>
<trkpt lat="37.550716" lon="-1.689339"></trkpt>
<trkpt lat="37.551634" lon="-1.688635"></trkpt>
<trkpt lat="37.552220" lon="-1.688186"></trkpt>
<trkpt lat="37.554145" lon="-1.686699"></trkpt>
<trkpt lat="37.554287" lon="-1.686597"></trkpt>
<trkpt lat="37.554565" lon="-1.686381"></trkpt>
<trkpt lat="37.554715" lon="-1.686261"></trkpt>
<trkpt lat="37.554848" lon="-1.686163"></trkpt>
<trkpt lat="37.555059" lon="-1.685999"></trkpt>
<trkpt lat="37.555198" lon="-1.685879"></trkpt>
<trkpt lat="37.555877" lon="-1.685367"></trkpt>
<trkpt lat="37.556299" lon="-1.685041"></trkpt>
<trkpt lat="37.558136" lon="-1.683621"></trkpt>
<trkpt lat="37.558530" lon="-1.683316"></trkpt>
<trkpt lat="37.558694" lon="-1.683190"></trkpt>
<trkpt lat="37.560697" lon="-1.681645"></trkpt>
<trkpt lat="37.561048" lon="-1.681374"></trkpt>
<trkpt lat="37.563010" lon="-1.679859"></trkpt>
<trkpt lat="37.565363" lon="-1.678032"></trkpt>
<trkpt lat="37.565398" lon="-1.678005"></trkpt>
<trkpt lat="37.567265" lon="-1.676559"></trkpt>
<trkpt lat="37.567314" lon="-1.676521"></trkpt>
<trkpt lat="37.569917" lon="-1.674499"></trkpt>
<trkpt lat="37.572630" lon="-1.672407"></trkpt>
<trkpt lat="37.573420" lon="-1.671798"></trkpt>
<trkpt lat="37.573617" lon="-1.671646"></trkpt>
<trkpt lat="37.576892" lon="-1.669101"></trkpt>
<trkpt lat="37.576871" lon="-1.669026"></trkpt>
<trkpt lat="37.576878" lon="-1.668944"></trkpt>
<trkpt lat="37.576945" lon="-1.668841"></trkpt>
<trkpt lat="37.577027" lon="-1.668817"></trkpt>
<trkpt lat="37.577107" lon="-1.668854"></trkpt>
<trkpt lat="37.577151" lon="-1.668923"></trkpt>
<trkpt lat="37.580731" lon="-1.666143"></trkpt>
<trkpt lat="37.582959" lon="-1.664417"></trkpt>
<trkpt lat="37.583309" lon="-1.664149"></trkpt>
<trkpt lat="37.583609" lon="-1.663915"></trkpt>
<trkpt lat="37.583922" lon="-1.663673"></trkpt>
<trkpt lat="37.586325" lon="-1.661801"></trkpt>
<trkpt lat="37.587533" lon="-1.660867"></trkpt>
<trkpt lat="37.588162" lon="-1.660390"></trkpt>
<trkpt lat="37.590366" lon="-1.658688"></trkpt>
<trkpt lat="37.590765" lon="-1.658381"></trkpt>
<trkpt lat="37.590981" lon="-1.658213"></trkpt>
<trkpt lat="37.591252" lon="-1.658002"></trkpt>
<trkpt lat="37.591827" lon="-1.657553"></trkpt>
<trkpt lat="37.591871" lon="-1.657519"></trkpt>
<trkpt lat="37.591902" lon="-1.657495"></trkpt>
<trkpt lat="37.592200" lon="-1.657262"></trkpt>
<trkpt lat="37.592783" lon="-1.656808"></trkpt>
<trkpt lat="37.593831" lon="-1.656008"></trkpt>
<trkpt lat="37.594357" lon="-1.655594"></trkpt>
<trkpt lat="37.595202" lon="-1.654918"></trkpt>
<trkpt lat="37.595466" lon="-1.654636"></trkpt>
<trkpt lat="37.595577" lon="-1.654351"></trkpt>
<trkpt lat="37.595577" lon="-1.654280"></trkpt>
<trkpt lat="37.595607" lon="-1.654182"></trkpt>
<trkpt lat="37.595667" lon="-1.654111"></trkpt>
<trkpt lat="37.595780" lon="-1.654078"></trkpt>
<trkpt lat="37.595837" lon="-1.654096"></trkpt>
<trkpt lat="37.595886" lon="-1.654134"></trkpt>
<trkpt lat="37.595947" lon="-1.654258"></trkpt>
<trkpt lat="37.596151" lon="-1.654559"></trkpt>
<trkpt lat="37.598198" lon="-1.655761"></trkpt>
<trkpt lat="37.599701" lon="-1.656643"></trkpt>
<trkpt lat="37.600115" lon="-1.656933"></trkpt>
<trkpt lat="37.600142" lon="-1.656889"></trkpt>
<trkpt lat="37.600196" lon="-1.656867"></trkpt>
<trkpt lat="37.600231" lon="-1.656879"></trkpt>
<trkpt lat="37.600272" lon="-1.656935"></trkpt>
<trkpt lat="37.600272" lon="-1.657012"></trkpt>
<trkpt lat="37.604563" lon="-1.659523"></trkpt>
<trkpt lat="37.606009" lon="-1.660379"></trkpt>
<trkpt lat="37.606236" lon="-1.660438"></trkpt>
<trkpt lat="37.606412" lon="-1.660420"></trkpt>
<trkpt lat="37.606440" lon="-1.660384"></trkpt>
<trkpt lat="37.606534" lon="-1.660347"></trkpt>
<trkpt lat="37.606611" lon="-1.660384"></trkpt>
<trkpt lat="37.606664" lon="-1.660516"></trkpt>
<trkpt lat="37.606653" lon="-1.660592"></trkpt>
<trkpt lat="37.606696" lon="-1.660708"></trkpt>
<trkpt lat="37.606776" lon="-1.660821"></trkpt>
<trkpt lat="37.607588" lon="-1.661316"></trkpt>
<trkpt lat="37.608081" lon="-1.661612"></trkpt>
<trkpt lat="37.608444" lon="-1.661823"></trkpt>
<trkpt lat="37.609777" lon="-1.662616"></trkpt>
<trkpt lat="37.612668" lon="-1.664310"></trkpt>
<trkpt lat="37.615568" lon="-1.665986"></trkpt>
<trkpt lat="37.615728" lon="-1.666075"></trkpt>
<trkpt lat="37.615755" lon="-1.665996"></trkpt>
<trkpt lat="37.615806" lon="-1.665950"></trkpt>
<trkpt lat="37.615912" lon="-1.665961"></trkpt>
<trkpt lat="37.615953" lon="-1.666011"></trkpt>
<trkpt lat="37.615970" lon="-1.666068"></trkpt>
<trkpt lat="37.615958" lon="-1.666165"></trkpt>
<trkpt lat="37.615941" lon="-1.666195"></trkpt>
<trkpt lat="37.616096" lon="-1.666329"></trkpt>
<trkpt lat="37.616523" lon="-1.666582"></trkpt>
<trkpt lat="37.617217" lon="-1.666993"></trkpt>
<trkpt lat="37.621084" lon="-1.669282"></trkpt>
<trkpt lat="37.621382" lon="-1.669458"></trkpt>
<trkpt lat="37.622658" lon="-1.670221"></trkpt>
<trkpt lat="37.624103" lon="-1.671069"></trkpt>
<trkpt lat="37.624240" lon="-1.671149"></trkpt>
<trkpt lat="37.624523" lon="-1.671316"></trkpt>
<trkpt lat="37.624696" lon="-1.671418"></trkpt>
<trkpt lat="37.625305" lon="-1.671777"></trkpt>
<trkpt lat="37.625345" lon="-1.671801"></trkpt>
<trkpt lat="37.625708" lon="-1.672015"></trkpt>
<trkpt lat="37.625855" lon="-1.672167"></trkpt>
<trkpt lat="37.625930" lon="-1.672126"></trkpt>
<trkpt lat="37.626009" lon="-1.672148"></trkpt>
<trkpt lat="37.626074" lon="-1.672274"></trkpt>
<trkpt lat="37.626307" lon="-1.672364"></trkpt>
<trkpt lat="37.626660" lon="-1.672563"></trkpt>
<trkpt lat="37.627133" lon="-1.672838"></trkpt>
<trkpt lat="37.627595" lon="-1.673118"></trkpt>
<trkpt lat="37.628017" lon="-1.673370"></trkpt>
<trkpt lat="37.628559" lon="-1.673694"></trkpt>
<trkpt lat="37.629419" lon="-1.674214"></trkpt>
<trkpt lat="37.629606" lon="-1.674310"></trkpt>
<trkpt lat="37.629641" lon="-1.674262"></trkpt>
<trkpt lat="37.629693" lon="-1.674253"></trkpt>
<trkpt lat="37.629737" lon="-1.674288"></trkpt>
<trkpt lat="37.629754" lon="-1.674350"></trkpt>
<trkpt lat="37.629749" lon="-1.674383"></trkpt>
<trkpt lat="37.629870" lon="-1.674446"></trkpt>
<trkpt lat="37.629904" lon="-1.674465"></trkpt>
<trkpt lat="37.631024" lon="-1.675095"></trkpt>
<trkpt lat="37.632303" lon="-1.675838"></trkpt>
<trkpt lat="37.632763" lon="-1.676113"></trkpt>
<trkpt lat="37.632932" lon="-1.676214"></trkpt>
<trkpt lat="37.633863" lon="-1.676771"></trkpt>
<trkpt lat="37.634014" lon="-1.676861"></trkpt>
<trkpt lat="37.634238" lon="-1.676996"></trkpt>
<trkpt lat="37.634664" lon="-1.677251"></trkpt>
<trkpt lat="37.637394" lon="-1.678902"></trkpt>
<trkpt lat="37.637526" lon="-1.678938"></trkpt>
<trkpt lat="37.637579" lon="-1.678922"></trkpt>
<trkpt lat="37.637645" lon="-1.678972"></trkpt>
<trkpt lat="37.637657" lon="-1.679012"></trkpt>
<trkpt lat="37.637763" lon="-1.679108"></trkpt>
<trkpt lat="37.639262" lon="-1.679956"></trkpt>
<trkpt lat="37.643166" lon="-1.682272"></trkpt>
<trkpt lat="37.643882" lon="-1.682679"></trkpt>
<trkpt lat="37.644007" lon="-1.682697"></trkpt>
<trkpt lat="37.644147" lon="-1.682676"></trkpt>
<trkpt lat="37.644224" lon="-1.682655"></trkpt>
<trkpt lat="37.644263" lon="-1.682678"></trkpt>
<trkpt lat="37.644414" lon="-1.682775"></trkpt>
<trkpt lat="37.644435" lon="-1.682789"></trkpt>
<trkpt lat="37.644461" lon="-1.682825"></trkpt>
<trkpt lat="37.644465" lon="-1.682923"></trkpt>
<trkpt lat="37.644457" lon="-1.682944"></trkpt>
<trkpt lat="37.644630" lon="-1.683150"></trkpt>
<trkpt lat="37.646829" lon="-1.684446"></trkpt>
<trkpt lat="37.648695" lon="-1.685535"></trkpt>
<trkpt lat="37.649568" lon="-1.686046"></trkpt>
<trkpt lat="37.649639" lon="-1.686089"></trkpt>
<trkpt lat="37.652674" lon="-1.687886"></trkpt>
<trkpt lat="37.652734" lon="-1.687921"></trkpt>
<trkpt lat="37.652851" lon="-1.687992"></trkpt>
<trkpt lat="37.652892" lon="-1.688017"></trkpt>
<trkpt lat="37.652996" lon="-1.688083"></trkpt>
<trkpt lat="37.653060" lon="-1.688122"></trkpt>
<trkpt lat="37.653131" lon="-1.688161"></trkpt>
<trkpt lat="37.653393" lon="-1.688315"></trkpt>
<trkpt lat="37.653570" lon="-1.688419"></trkpt>
<trkpt lat="37.654037" lon="-1.688691"></trkpt>
<trkpt lat="37.656571" lon="-1.690172"></trkpt>
<trkpt lat="37.656780" lon="-1.690294"></trkpt>
<trkpt lat="37.656864" lon="-1.690344"></trkpt>
<trkpt lat="37.657187" lon="-1.690532"></trkpt>
<trkpt lat="37.659654" lon="-1.691985"></trkpt>
<trkpt lat="37.660117" lon="-1.692260"></trkpt>
<trkpt lat="37.660742" lon="-1.692629"></trkpt>
<trkpt lat="37.661230" lon="-1.692917"></trkpt>
<trkpt lat="37.661488" lon="-1.693062"></trkpt>
<trkpt lat="37.661507" lon="-1.692997"></trkpt>
<trkpt lat="37.661576" lon="-1.692994"></trkpt>
<trkpt lat="37.661598" lon="-1.693050"></trkpt>
<trkpt lat="37.661577" lon="-1.693106"></trkpt>
<trkpt lat="37.662313" lon="-1.693565"></trkpt>
<trkpt lat="37.662381" lon="-1.693606"></trkpt>
<trkpt lat="37.662613" lon="-1.693619"></trkpt>
<trkpt lat="37.662685" lon="-1.693599"></trkpt>
<trkpt lat="37.662816" lon="-1.693494"></trkpt>
<trkpt lat="37.662918" lon="-1.693362"></trkpt>
<trkpt lat="37.663138" lon="-1.693240"></trkpt>
<trkpt lat="37.663227" lon="-1.693193"></trkpt>
<trkpt lat="37.663258" lon="-1.693177"></trkpt>
<trkpt lat="37.664428" lon="-1.692563"></trkpt>
<trkpt lat="37.664432" lon="-1.692561"></trkpt>
<trkpt lat="37.664919" lon="-1.692416"></trkpt>
<trkpt lat="37.665297" lon="-1.692367"></trkpt>
<trkpt lat="37.666561" lon="-1.692280"></trkpt>
<trkpt lat="37.667199" lon="-1.692171"></trkpt>
<trkpt lat="37.668206" lon="-1.691876"></trkpt>
<trkpt lat="37.668220" lon="-1.691947"></trkpt>
<trkpt lat="37.668521" lon="-1.691816"></trkpt>
<trkpt lat="37.668596" lon="-1.691757"></trkpt>
<trkpt lat="37.668616" lon="-1.691697"></trkpt>
<trkpt lat="37.668702" lon="-1.691615"></trkpt>
<trkpt lat="37.668776" lon="-1.691611"></trkpt>
<trkpt lat="37.668867" lon="-1.691685"></trkpt>
<trkpt lat="37.669069" lon="-1.691727"></trkpt>
<trkpt lat="37.669965" lon="-1.691531"></trkpt>
<trkpt lat="37.670472" lon="-1.691420"></trkpt>
<trkpt lat="37.671188" lon="-1.691264"></trkpt>
<trkpt lat="37.672995" lon="-1.690964"></trkpt>
<trkpt lat="37.673328" lon="-1.690875"></trkpt>
<trkpt lat="37.673709" lon="-1.690843"></trkpt>
<trkpt lat="37.673817" lon="-1.690807"></trkpt>
<trkpt lat="37.673831" lon="-1.690782"></trkpt>
<trkpt lat="37.673933" lon="-1.690715"></trkpt>
<trkpt lat="37.674043" lon="-1.690753"></trkpt>
<trkpt lat="37.674070" lon="-1.690787"></trkpt>
<trkpt lat="37.674216" lon="-1.690869"></trkpt>
<trkpt lat="37.674432" lon="-1.690891"></trkpt>
<trkpt lat="37.674632" lon="-1.690875"></trkpt>
<trkpt lat="37.674803" lon="-1.690812"></trkpt>
<trkpt lat="37.674837" lon="-1.690795"></trkpt>
<trkpt lat="37.675657" lon="-1.690256"></trkpt>
<trkpt lat="37.676605" lon="-1.689627"></trkpt>
<trkpt lat="37.676921" lon="-1.689471"></trkpt>
<trkpt lat="37.677153" lon="-1.689412"></trkpt>
<trkpt lat="37.677423" lon="-1.689389"></trkpt>
<trkpt lat="37.677689" lon="-1.689406"></trkpt>
<trkpt lat="37.677806" lon="-1.689379"></trkpt>
<trkpt lat="37.677894" lon="-1.689359"></trkpt>
<trkpt lat="37.677923" lon="-1.689346"></trkpt>
<trkpt lat="37.678066" lon="-1.689271"></trkpt>
<trkpt lat="37.678068" lon="-1.689218"></trkpt>
<trkpt lat="37.678091" lon="-1.689137"></trkpt>
<trkpt lat="37.678112" lon="-1.689099"></trkpt>
<trkpt lat="37.678171" lon="-1.689038"></trkpt>
<trkpt lat="37.678283" lon="-1.689011"></trkpt>
<trkpt lat="37.678324" lon="-1.689021"></trkpt>
<trkpt lat="37.678396" lon="-1.689073"></trkpt>
<trkpt lat="37.678445" lon="-1.689159"></trkpt>
<trkpt lat="37.678462" lon="-1.689260"></trkpt>
<trkpt lat="37.678425" lon="-1.689406"></trkpt>
<trkpt lat="37.678397" lon="-1.689593"></trkpt>
<trkpt lat="37.678426" lon="-1.689749"></trkpt>
<trkpt lat="37.678609" lon="-1.689941"></trkpt>
<trkpt lat="37.679059" lon="-1.690437"></trkpt>
<trkpt lat="37.679170" lon="-1.690522"></trkpt>
<trkpt lat="37.679336" lon="-1.690586"></trkpt>
<trkpt lat="37.680103" lon="-1.690788"></trkpt>
<trkpt lat="37.680185" lon="-1.690808"></trkpt>
<trkpt lat="37.680259" lon="-1.690826"></trkpt>
<trkpt lat="37.680442" lon="-1.690797"></trkpt>
<trkpt lat="37.680497" lon="-1.690775"></trkpt>
<trkpt lat="37.680591" lon="-1.690817"></trkpt>
<trkpt lat="37.680612" lon="-1.690851"></trkpt>
<trkpt lat="37.680625" lon="-1.690965"></trkpt>
<trkpt lat="37.680596" lon="-1.691033"></trkpt>
<trkpt lat="37.680572" lon="-1.691058"></trkpt>
<trkpt lat="37.680537" lon="-1.691217"></trkpt>
<trkpt lat="37.680528" lon="-1.691277"></trkpt>
<trkpt lat="37.680483" lon="-1.691568"></trkpt>
<trkpt lat="37.680472" lon="-1.691641"></trkpt>
<trkpt lat="37.680427" lon="-1.691934"></trkpt>
<trkpt lat="37.680404" lon="-1.692089"></trkpt>
<trkpt lat="37.680387" lon="-1.692198"></trkpt>
<trkpt lat="37.680346" lon="-1.692469"></trkpt>
<trkpt lat="37.680337" lon="-1.692525"></trkpt>
<trkpt lat="37.680279" lon="-1.692903"></trkpt>
<trkpt lat="37.680212" lon="-1.693342"></trkpt>
<trkpt lat="37.680194" lon="-1.693457"></trkpt>
<trkpt lat="37.680164" lon="-1.693678"></trkpt>
<trkpt lat="37.680156" lon="-1.693833"></trkpt>
<trkpt lat="37.680190" lon="-1.693934"></trkpt>
<trkpt lat="37.680226" lon="-1.694038"></trkpt>
<trkpt lat="37.680454" lon="-1.694712"></trkpt>
<trkpt lat="37.680653" lon="-1.695299"></trkpt>
<trkpt lat="37.680682" lon="-1.695383"></trkpt>
<trkpt lat="37.680774" lon="-1.695656"></trkpt>
<trkpt lat="37.680850" lon="-1.695891"></trkpt>
<trkpt lat="37.680922" lon="-1.696101"></trkpt>
<trkpt lat="37.681017" lon="-1.696378"></trkpt>
<trkpt lat="37.681301" lon="-1.696344"></trkpt>
<trkpt lat="37.681463" lon="-1.696324"></trkpt>
<trkpt lat="37.681514" lon="-1.696256"></trkpt>
<trkpt lat="37.681782" lon="-1.695831"></trkpt>
<trkpt lat="37.681872" lon="-1.695845"></trkpt>
<trkpt lat="37.682035" lon="-1.696031"></trkpt>
<trkpt lat="37.682082" lon="-1.696135"></trkpt>
<trkpt lat="37.682089" lon="-1.696195"></trkpt>
<trkpt lat="37.682013" lon="-1.697365"></trkpt>
<trkpt lat="37.682002" lon="-1.697618"></trkpt>
<trkpt lat="37.681999" lon="-1.698282"></trkpt>
<trkpt lat="37.682003" lon="-1.698555"></trkpt>
<trkpt lat="37.682019" lon="-1.698719"></trkpt>
<trkpt lat="37.682168" lon="-1.699025"></trkpt>
<trkpt lat="37.682265" lon="-1.699137"></trkpt>
<trkpt lat="37.682366" lon="-1.699207"></trkpt>
<trkpt lat="37.682423" lon="-1.699252"></trkpt>
<trkpt lat="37.682460" lon="-1.699280"></trkpt>
<trkpt lat="37.682505" lon="-1.699301"></trkpt>
<trkpt lat="37.682793" lon="-1.699456"></trkpt>
<trkpt lat="37.682849" lon="-1.699506"></trkpt>
<trkpt lat="37.682896" lon="-1.699558"></trkpt>
<trkpt lat="37.682967" lon="-1.699529"></trkpt>
<trkpt lat="37.683012" lon="-1.699557"></trkpt>
<trkpt lat="37.683037" lon="-1.699613"></trkpt>
<trkpt lat="37.683216" lon="-1.699612"></trkpt>
<trkpt lat="37.684578" lon="-1.699717"></trkpt>
<trkpt lat="37.684982" lon="-1.699748"></trkpt>
<trkpt lat="37.685407" lon="-1.699781"></trkpt>
<trkpt lat="37.685933" lon="-1.699822"></trkpt>
<trkpt lat="37.686049" lon="-1.699855"></trkpt>
<trkpt lat="37.686104" lon="-1.699897"></trkpt>
<trkpt lat="37.686246" lon="-1.700056"></trkpt>
<trkpt lat="37.686322" lon="-1.700086"></trkpt>
<trkpt lat="37.686382" lon="-1.700113"></trkpt>
<trkpt lat="37.686419" lon="-1.700178"></trkpt>
<trkpt lat="37.686482" lon="-1.700285"></trkpt>
<trkpt lat="37.686608" lon="-1.700368"></trkpt>
<trkpt lat="37.686771" lon="-1.700398"></trkpt>
<trkpt lat="37.687260" lon="-1.700489"></trkpt>
<trkpt lat="37.687699" lon="-1.700528"></trkpt>
<trkpt lat="37.687829" lon="-1.700548"></trkpt>
<trkpt lat="37.689678" lon="-1.700801"></trkpt>
<trkpt lat="37.689707" lon="-1.700806"></trkpt>
<trkpt lat="37.689991" lon="-1.700854"></trkpt>
<trkpt lat="37.690644" lon="-1.700964"></trkpt>
<trkpt lat="37.690764" lon="-1.701005"></trkpt>
<trkpt lat="37.691010" lon="-1.701149"></trkpt>
<trkpt lat="37.691256" lon="-1.701433"></trkpt>
<trkpt lat="37.691353" lon="-1.701600"></trkpt>
<trkpt lat="37.691635" lon="-1.702260"></trkpt>
<trkpt lat="37.691746" lon="-1.702454"></trkpt>
<trkpt lat="37.691999" lon="-1.702773"></trkpt>
<trkpt lat="37.692376" lon="-1.703169"></trkpt>
<trkpt lat="37.692509" lon="-1.703259"></trkpt>
<trkpt lat="37.692616" lon="-1.703323"></trkpt>
<trkpt lat="37.693233" lon="-1.703378"></trkpt>
<trkpt lat="37.693485" lon="-1.703493"></trkpt>
<trkpt lat="37.694170" lon="-1.703906"></trkpt>
<trkpt lat="37.694468" lon="-1.704186"></trkpt>
<trkpt lat="37.694668" lon="-1.704351"></trkpt>
<trkpt lat="37.694724" lon="-1.704366"></trkpt>
<trkpt lat="37.694756" lon="-1.704388"></trkpt>
<trkpt lat="37.694823" lon="-1.704514"></trkpt>
<trkpt lat="37.694898" lon="-1.704663"></trkpt>
<trkpt lat="37.694966" lon="-1.704740"></trkpt>
<trkpt lat="37.695208" lon="-1.704906"></trkpt>
<trkpt lat="37.695332" lon="-1.704926"></trkpt>
<trkpt lat="37.695423" lon="-1.704909"></trkpt>
<trkpt lat="37.695536" lon="-1.704922"></trkpt>
<trkpt lat="37.695570" lon="-1.704950"></trkpt>
<trkpt lat="37.695868" lon="-1.704954"></trkpt>
<trkpt lat="37.696039" lon="-1.704988"></trkpt>
<trkpt lat="37.696455" lon="-1.705115"></trkpt>
<trkpt lat="37.696701" lon="-1.705292"></trkpt>
<trkpt lat="37.697640" lon="-1.706011"></trkpt>
<trkpt lat="37.698608" lon="-1.706725"></trkpt>
<trkpt lat="37.699323" lon="-1.707237"></trkpt>
<trkpt lat="37.699866" lon="-1.707576"></trkpt>
<trkpt lat="37.700135" lon="-1.707671"></trkpt>
<trkpt lat="37.700476" lon="-1.707751"></trkpt>
<trkpt lat="37.700794" lon="-1.707774"></trkpt>
<trkpt lat="37.701896" lon="-1.707769"></trkpt>
<trkpt lat="37.702275" lon="-1.707793"></trkpt>
<trkpt lat="37.703065" lon="-1.708089"></trkpt>
<trkpt lat="37.703518" lon="-1.708293"></trkpt>
<trkpt lat="37.704180" lon="-1.708449"></trkpt>
<trkpt lat="37.704530" lon="-1.708465"></trkpt>
<trkpt lat="37.707254" lon="-1.707931"></trkpt>
<trkpt lat="37.707540" lon="-1.707850"></trkpt>
<trkpt lat="37.707605" lon="-1.707806"></trkpt>
<trkpt lat="37.707678" lon="-1.707813"></trkpt>
<trkpt lat="37.707951" lon="-1.707791"></trkpt>
<trkpt lat="37.709482" lon="-1.707487"></trkpt>
<trkpt lat="37.709889" lon="-1.707375"></trkpt>
<trkpt lat="37.709969" lon="-1.707358"></trkpt>
<trkpt lat="37.712953" lon="-1.706773"></trkpt>
<trkpt lat="37.715521" lon="-1.706241"></trkpt>
<trkpt lat="37.717088" lon="-1.705966"></trkpt>
<trkpt lat="37.717384" lon="-1.705820"></trkpt>
<trkpt lat="37.717414" lon="-1.705678"></trkpt>
<trkpt lat="37.717486" lon="-1.705562"></trkpt>
<trkpt lat="37.717636" lon="-1.705477"></trkpt>
<trkpt lat="37.717717" lon="-1.705424"></trkpt>
<trkpt lat="37.717888" lon="-1.705238"></trkpt>
<trkpt lat="37.718171" lon="-1.704536"></trkpt>
<trkpt lat="37.718303" lon="-1.704350"></trkpt>
<trkpt lat="37.718501" lon="-1.704202"></trkpt>
<trkpt lat="37.719217" lon="-1.703927"></trkpt>
<trkpt lat="37.719613" lon="-1.703811"></trkpt>
<trkpt lat="37.720608" lon="-1.703813"></trkpt>
<trkpt lat="37.721252" lon="-1.703728"></trkpt>
<trkpt lat="37.721698" lon="-1.703520"></trkpt>
<trkpt lat="37.721877" lon="-1.703505"></trkpt>
<trkpt lat="37.722085" lon="-1.703437"></trkpt>
<trkpt lat="37.722312" lon="-1.703321"></trkpt>
<trkpt lat="37.722640" lon="-1.703198"></trkpt>
<trkpt lat="37.722804" lon="-1.703173"></trkpt>
<trkpt lat="37.723727" lon="-1.703257"></trkpt>
<trkpt lat="37.725986" lon="-1.702935"></trkpt>
<trkpt lat="37.727126" lon="-1.702669"></trkpt>
<trkpt lat="37.728665" lon="-1.702363"></trkpt>
<trkpt lat="37.729308" lon="-1.702172"></trkpt>
<trkpt lat="37.730392" lon="-1.701780"></trkpt>
<trkpt lat="37.732128" lon="-1.701124"></trkpt>
<trkpt lat="37.733078" lon="-1.700676"></trkpt>
<trkpt lat="37.733538" lon="-1.700510"></trkpt>
<trkpt lat="37.733791" lon="-1.700487"></trkpt>
<trkpt lat="37.733961" lon="-1.700480"></trkpt>
<trkpt lat="37.734464" lon="-1.700428"></trkpt>
<trkpt lat="37.735428" lon="-1.700165"></trkpt>
<trkpt lat="37.735866" lon="-1.700018"></trkpt>
<trkpt lat="37.736182" lon="-1.699841"></trkpt>
<trkpt lat="37.736701" lon="-1.699555"></trkpt>
<trkpt lat="37.736838" lon="-1.699479"></trkpt>
<trkpt lat="37.737007" lon="-1.699386"></trkpt>
<trkpt lat="37.737145" lon="-1.699304"></trkpt>
<trkpt lat="37.737338" lon="-1.699123"></trkpt>
<trkpt lat="37.737716" lon="-1.698666"></trkpt>
<trkpt lat="37.737908" lon="-1.698477"></trkpt>
<trkpt lat="37.738398" lon="-1.698242"></trkpt>
<trkpt lat="37.738624" lon="-1.698193"></trkpt>
<trkpt lat="37.738977" lon="-1.698181"></trkpt>
<trkpt lat="37.739103" lon="-1.698175"></trkpt>
<trkpt lat="37.739511" lon="-1.698158"></trkpt>
<trkpt lat="37.739899" lon="-1.698082"></trkpt>
<trkpt lat="37.740325" lon="-1.697911"></trkpt>
<trkpt lat="37.740409" lon="-1.697846"></trkpt>
<trkpt lat="37.740619" lon="-1.697679"></trkpt>
<trkpt lat="37.740984" lon="-1.697505"></trkpt>
<trkpt lat="37.741327" lon="-1.697427"></trkpt>
<trkpt lat="37.741810" lon="-1.697340"></trkpt>
<trkpt lat="37.742025" lon="-1.697367"></trkpt>
<trkpt lat="37.742235" lon="-1.697478"></trkpt>
<trkpt lat="37.742522" lon="-1.697699"></trkpt>
<trkpt lat="37.743082" lon="-1.698057"></trkpt>
<trkpt lat="37.743435" lon="-1.698195"></trkpt>
<trkpt lat="37.743736" lon="-1.698260"></trkpt>
<trkpt lat="37.743957" lon="-1.698250"></trkpt>
<trkpt lat="37.745170" lon="-1.698055"></trkpt>
<trkpt lat="37.745962" lon="-1.697930"></trkpt>
<trkpt lat="37.746206" lon="-1.697938"></trkpt>
<trkpt lat="37.746653" lon="-1.698091"></trkpt>
<trkpt lat="37.748686" lon="-1.698888"></trkpt>
<trkpt lat="37.750581" lon="-1.699377"></trkpt>
<trkpt lat="37.753649" lon="-1.700146"></trkpt>
<trkpt lat="37.753863" lon="-1.700175"></trkpt>
<trkpt lat="37.754026" lon="-1.700142"></trkpt>
<trkpt lat="37.754185" lon="-1.700061"></trkpt>
<trkpt lat="37.755058" lon="-1.699267"></trkpt>
<trkpt lat="37.755223" lon="-1.699147"></trkpt>
<trkpt lat="37.755386" lon="-1.699088"></trkpt>
<trkpt lat="37.755603" lon="-1.699059"></trkpt>
<trkpt lat="37.757122" lon="-1.698909"></trkpt>
<trkpt lat="37.757409" lon="-1.698924"></trkpt>
<trkpt lat="37.760028" lon="-1.699469"></trkpt>
<trkpt lat="37.760375" lon="-1.699497"></trkpt>
<trkpt lat="37.760486" lon="-1.699501"></trkpt>
<trkpt lat="37.765175" lon="-1.699342"></trkpt>
<trkpt lat="37.765888" lon="-1.699366"></trkpt>
<trkpt lat="37.766142" lon="-1.699409"></trkpt>
<trkpt lat="37.768247" lon="-1.699764"></trkpt>
<trkpt lat="37.768634" lon="-1.699772"></trkpt>
<trkpt lat="37.769706" lon="-1.699688"></trkpt>
<trkpt lat="37.770209" lon="-1.699613"></trkpt>
<trkpt lat="37.770870" lon="-1.699412"></trkpt>
<trkpt lat="37.771602" lon="-1.699194"></trkpt>
<trkpt lat="37.771939" lon="-1.699140"></trkpt>
<trkpt lat="37.773008" lon="-1.699086"></trkpt>
<trkpt lat="37.773842" lon="-1.698838"></trkpt>
<trkpt lat="37.774771" lon="-1.698822"></trkpt>
<trkpt lat="37.776225" lon="-1.698511"></trkpt>
<trkpt lat="37.777249" lon="-1.698278"></trkpt>
<trkpt lat="37.777482" lon="-1.698193"></trkpt>
<trkpt lat="37.777732" lon="-1.698052"></trkpt>
<trkpt lat="37.780392" lon="-1.695914"></trkpt>
<trkpt lat="37.780868" lon="-1.695658"></trkpt>
<trkpt lat="37.781133" lon="-1.695543"></trkpt>
<trkpt lat="37.781371" lon="-1.695474"></trkpt>
<trkpt lat="37.784109" lon="-1.695273"></trkpt>
<trkpt lat="37.784322" lon="-1.695208"></trkpt>
<trkpt lat="37.785611" lon="-1.694490"></trkpt>
<trkpt lat="37.786048" lon="-1.694197"></trkpt>
<trkpt lat="37.786973" lon="-1.693485"></trkpt>
<trkpt lat="37.787235" lon="-1.693331"></trkpt>
<trkpt lat="37.787864" lon="-1.693139"></trkpt>
<trkpt lat="37.788704" lon="-1.692976"></trkpt>
<trkpt lat="37.789143" lon="-1.692880"></trkpt>
<trkpt lat="37.789518" lon="-1.692756"></trkpt>
<trkpt lat="37.790728" lon="-1.692353"></trkpt>
<trkpt lat="37.791517" lon="-1.692076"></trkpt>
<trkpt lat="37.791807" lon="-1.691921"></trkpt>
<trkpt lat="37.792047" lon="-1.691740"></trkpt>
<trkpt lat="37.792712" lon="-1.691149"></trkpt>
<trkpt lat="37.793707" lon="-1.690359"></trkpt>
<trkpt lat="37.793905" lon="-1.690253"></trkpt>
<trkpt lat="37.794327" lon="-1.690137"></trkpt>
<trkpt lat="37.794751" lon="-1.690038"></trkpt>
<trkpt lat="37.795892" lon="-1.689696"></trkpt>
<trkpt lat="37.797815" lon="-1.688830"></trkpt>
<trkpt lat="37.798166" lon="-1.688603"></trkpt>
<trkpt lat="37.799867" lon="-1.687280"></trkpt>
<trkpt lat="37.800181" lon="-1.687127"></trkpt>
<trkpt lat="37.800738" lon="-1.686910"></trkpt>
<trkpt lat="37.801069" lon="-1.686640"></trkpt>
<trkpt lat="37.802142" lon="-1.685626"></trkpt>
<trkpt lat="37.802312" lon="-1.685425"></trkpt>
<trkpt lat="37.802445" lon="-1.685225"></trkpt>
<trkpt lat="37.802848" lon="-1.684499"></trkpt>
<trkpt lat="37.803247" lon="-1.684090"></trkpt>
<trkpt lat="37.803795" lon="-1.683247"></trkpt>
<trkpt lat="37.804259" lon="-1.682516"></trkpt>
<trkpt lat="37.804681" lon="-1.682053"></trkpt>
<trkpt lat="37.804839" lon="-1.681958"></trkpt>
<trkpt lat="37.805208" lon="-1.681868"></trkpt>
<trkpt lat="37.805917" lon="-1.681763"></trkpt>
<trkpt lat="37.806372" lon="-1.681688"></trkpt>
<trkpt lat="37.807554" lon="-1.681708"></trkpt>
<trkpt lat="37.808101" lon="-1.681642"></trkpt>
<trkpt lat="37.808212" lon="-1.681569"></trkpt>
<trkpt lat="37.808449" lon="-1.681170"></trkpt>
<trkpt lat="37.808827" lon="-1.680702"></trkpt>
<trkpt lat="37.809477" lon="-1.680053"></trkpt>
<trkpt lat="37.809841" lon="-1.679622"></trkpt>
<trkpt lat="37.810301" lon="-1.679018"></trkpt>
<trkpt lat="37.810465" lon="-1.678876"></trkpt>
<trkpt lat="37.812017" lon="-1.677868"></trkpt>
<trkpt lat="37.813664" lon="-1.677262"></trkpt>
<trkpt lat="37.813982" lon="-1.677208"></trkpt>
<trkpt lat="37.815144" lon="-1.677170"></trkpt>
<trkpt lat="37.815448" lon="-1.677133"></trkpt>
<trkpt lat="37.815689" lon="-1.677058"></trkpt>
<trkpt lat="37.816443" lon="-1.676650"></trkpt>
<trkpt lat="37.817171" lon="-1.676272"></trkpt>
<trkpt lat="37.818295" lon="-1.675898"></trkpt>
<trkpt lat="37.818630" lon="-1.675759"></trkpt>
<trkpt lat="37.818841" lon="-1.675623"></trkpt>
<trkpt lat="37.819562" lon="-1.674978"></trkpt>
<trkpt lat="37.819716" lon="-1.674875"></trkpt>
<trkpt lat="37.820034" lon="-1.674773"></trkpt>
<trkpt lat="37.820197" lon="-1.674746"></trkpt>
<trkpt lat="37.820661" lon="-1.674791"></trkpt>
<trkpt lat="37.821574" lon="-1.675112"></trkpt>
<trkpt lat="37.821819" lon="-1.675308"></trkpt>
<trkpt lat="37.822250" lon="-1.675947"></trkpt>
<trkpt lat="37.822682" lon="-1.676525"></trkpt>
<trkpt lat="37.823209" lon="-1.677004"></trkpt>
<trkpt lat="37.823779" lon="-1.677344"></trkpt>
<trkpt lat="37.824928" lon="-1.677783"></trkpt>
<trkpt lat="37.825023" lon="-1.677822"></trkpt>
<trkpt lat="37.825813" lon="-1.678148"></trkpt>
<trkpt lat="37.826148" lon="-1.678360"></trkpt>
<trkpt lat="37.826583" lon="-1.678750"></trkpt>
<trkpt lat="37.826927" lon="-1.679138"></trkpt>
<trkpt lat="37.827246" lon="-1.679615"></trkpt>
<trkpt lat="37.827362" lon="-1.679830"></trkpt>
<trkpt lat="37.827669" lon="-1.680541"></trkpt>
<trkpt lat="37.827889" lon="-1.681049"></trkpt>
<trkpt lat="37.828076" lon="-1.681512"></trkpt>
<trkpt lat="37.828304" lon="-1.682340"></trkpt>
<trkpt lat="37.828756" lon="-1.683986"></trkpt>
<trkpt lat="37.828936" lon="-1.684516"></trkpt>
<trkpt lat="37.829053" lon="-1.684733"></trkpt>
<trkpt lat="37.829323" lon="-1.685756"></trkpt>
<trkpt lat="37.829534" lon="-1.686244"></trkpt>
<trkpt lat="37.829858" lon="-1.687258"></trkpt>
<trkpt lat="37.830290" lon="-1.688889"></trkpt>
<trkpt lat="37.830610" lon="-1.689924"></trkpt>
<trkpt lat="37.830782" lon="-1.690354"></trkpt>
<trkpt lat="37.831459" lon="-1.691212"></trkpt>
<trkpt lat="37.831587" lon="-1.691324"></trkpt>
<trkpt lat="37.831662" lon="-1.691408"></trkpt>
<trkpt lat="37.832187" lon="-1.691743"></trkpt>
<trkpt lat="37.832655" lon="-1.691890"></trkpt>
<trkpt lat="37.832901" lon="-1.692004"></trkpt>
<trkpt lat="37.835312" lon="-1.692438"></trkpt>
<trkpt lat="37.835918" lon="-1.692556"></trkpt>
<trkpt lat="37.836037" lon="-1.692579"></trkpt>
<trkpt lat="37.836798" lon="-1.692735"></trkpt>
<trkpt lat="37.837122" lon="-1.692791"></trkpt>
<trkpt lat="37.841265" lon="-1.693610"></trkpt>
<trkpt lat="37.843398" lon="-1.694028"></trkpt>
<trkpt lat="37.845722" lon="-1.694453"></trkpt>
<trkpt lat="37.845941" lon="-1.694525"></trkpt>
<trkpt lat="37.846039" lon="-1.694602"></trkpt>
<trkpt lat="37.846971" lon="-1.695549"></trkpt>
<trkpt lat="37.847627" lon="-1.696261"></trkpt>
<trkpt lat="37.848168" lon="-1.696746"></trkpt>
<trkpt lat="37.848374" lon="-1.696877"></trkpt>
<trkpt lat="37.848633" lon="-1.696904"></trkpt>
<trkpt lat="37.849064" lon="-1.696842"></trkpt>
<trkpt lat="37.849273" lon="-1.696764"></trkpt>
<trkpt lat="37.849550" lon="-1.696561"></trkpt>
<trkpt lat="37.849757" lon="-1.696304"></trkpt>
<trkpt lat="37.850058" lon="-1.695794"></trkpt>
<trkpt lat="37.850373" lon="-1.695462"></trkpt>
<trkpt lat="37.850655" lon="-1.695284"></trkpt>
<trkpt lat="37.851028" lon="-1.695174"></trkpt>
<trkpt lat="37.851480" lon="-1.695096"></trkpt>
<trkpt lat="37.852031" lon="-1.694877"></trkpt>
<trkpt lat="37.852851" lon="-1.694489"></trkpt>
<trkpt lat="37.853609" lon="-1.694216"></trkpt>
<trkpt lat="37.853942" lon="-1.694126"></trkpt>
<trkpt lat="37.855060" lon="-1.693910"></trkpt>
<trkpt lat="37.855628" lon="-1.693876"></trkpt>
<trkpt lat="37.856559" lon="-1.693906"></trkpt>
<trkpt lat="37.856998" lon="-1.693940"></trkpt>
<trkpt lat="37.857577" lon="-1.694065"></trkpt>
<trkpt lat="37.857959" lon="-1.694239"></trkpt>
<trkpt lat="37.858435" lon="-1.694713"></trkpt>
<trkpt lat="37.859098" lon="-1.695269"></trkpt>
<trkpt lat="37.859368" lon="-1.695314"></trkpt>
<trkpt lat="37.859399" lon="-1.695295"></trkpt>
<trkpt lat="37.859520" lon="-1.695312"></trkpt>
<trkpt lat="37.859577" lon="-1.695388"></trkpt>
<trkpt lat="37.859589" lon="-1.695434"></trkpt>
<trkpt lat="37.859641" lon="-1.695505"></trkpt>
<trkpt lat="37.859770" lon="-1.695698"></trkpt>
<trkpt lat="37.859984" lon="-1.695886"></trkpt>
<trkpt lat="37.860405" lon="-1.696354"></trkpt>
<trkpt lat="37.860883" lon="-1.697058"></trkpt>
<trkpt lat="37.861722" lon="-1.698541"></trkpt>
<trkpt lat="37.863115" lon="-1.700224"></trkpt>
<trkpt lat="37.863387" lon="-1.700557"></trkpt>
<trkpt lat="37.863431" lon="-1.700613"></trkpt>
<trkpt lat="37.865052" lon="-1.702579"></trkpt>
<trkpt lat="37.865610" lon="-1.703257"></trkpt>
<trkpt lat="37.865865" lon="-1.703511"></trkpt>
<trkpt lat="37.866712" lon="-1.704306"></trkpt>
<trkpt lat="37.867157" lon="-1.704628"></trkpt>
<trkpt lat="37.869113" lon="-1.705906"></trkpt>
<trkpt lat="37.869391" lon="-1.706065"></trkpt>
<trkpt lat="37.869581" lon="-1.706101"></trkpt>
<trkpt lat="37.869955" lon="-1.706067"></trkpt>
<trkpt lat="37.870089" lon="-1.706049"></trkpt>
<trkpt lat="37.870396" lon="-1.706002"></trkpt>
<trkpt lat="37.870617" lon="-1.706010"></trkpt>
<trkpt lat="37.871864" lon="-1.706447"></trkpt>
<trkpt lat="37.872655" lon="-1.706358"></trkpt>
<trkpt lat="37.872843" lon="-1.706336"></trkpt>
<trkpt lat="37.872833" lon="-1.706405"></trkpt>
<trkpt lat="37.872794" lon="-1.706454"></trkpt>
<trkpt lat="37.872730" lon="-1.706466"></trkpt>
<trkpt lat="37.872707" lon="-1.706527"></trkpt>
<trkpt lat="37.872641" lon="-1.706590"></trkpt>
<trkpt lat="37.872383" lon="-1.706731"></trkpt>
<trkpt lat="37.872302" lon="-1.706802"></trkpt>
<trkpt lat="37.871797" lon="-1.707539"></trkpt>
<trkpt lat="37.871759" lon="-1.707685"></trkpt>
<trkpt lat="37.871761" lon="-1.707812"></trkpt>
<trkpt lat="37.871785" lon="-1.707930"></trkpt>
<trkpt lat="37.871844" lon="-1.708056"></trkpt>
<trkpt lat="37.871925" lon="-1.708141"></trkpt>
<trkpt lat="37.872283" lon="-1.708340"></trkpt>
<trkpt lat="37.873058" lon="-1.708669"></trkpt>
<trkpt lat="37.873528" lon="-1.708889"></trkpt>
<trkpt lat="37.874274" lon="-1.709352"></trkpt>
<trkpt lat="37.874772" lon="-1.709408"></trkpt>
<trkpt lat="37.874947" lon="-1.709348"></trkpt>
<trkpt lat="37.875057" lon="-1.709242"></trkpt>
<trkpt lat="37.875174" lon="-1.709175"></trkpt>
<trkpt lat="37.875550" lon="-1.709119"></trkpt>
<trkpt lat="37.876301" lon="-1.709206"></trkpt>
<trkpt lat="37.877084" lon="-1.709234"></trkpt>
<trkpt lat="37.877032" lon="-1.709388"></trkpt>
<trkpt lat="37.877003" lon="-1.709598"></trkpt>
<trkpt lat="37.877028" lon="-1.710025"></trkpt>
<trkpt lat="37.877190" lon="-1.711050"></trkpt>
<trkpt lat="37.877221" lon="-1.711350"></trkpt>
<trkpt lat="37.877210" lon="-1.711491"></trkpt>
<trkpt lat="37.876893" lon="-1.712538"></trkpt>
<trkpt lat="37.876684" lon="-1.713378"></trkpt>
<trkpt lat="37.876692" lon="-1.713548"></trkpt>
<trkpt lat="37.876768" lon="-1.713763"></trkpt>
<trkpt lat="37.876779" lon="-1.713875"></trkpt>
<trkpt lat="37.876755" lon="-1.713968"></trkpt>
<trkpt lat="37.876621" lon="-1.714153"></trkpt>
<trkpt lat="37.876559" lon="-1.714226"></trkpt>
<trkpt lat="37.876349" lon="-1.714504"></trkpt>
<trkpt lat="37.876067" lon="-1.715231"></trkpt>
<trkpt lat="37.875598" lon="-1.716038"></trkpt>
<trkpt lat="37.875498" lon="-1.716093"></trkpt>
<trkpt lat="37.875298" lon="-1.716103"></trkpt>
<trkpt lat="37.875220" lon="-1.716135"></trkpt>
<trkpt lat="37.874771" lon="-1.716508"></trkpt>
<trkpt lat="37.874642" lon="-1.716659"></trkpt>
<trkpt lat="37.874392" lon="-1.717178"></trkpt>
<trkpt lat="37.874130" lon="-1.717839"></trkpt>
<trkpt lat="37.874058" lon="-1.718113"></trkpt>
<trkpt lat="37.873979" lon="-1.718606"></trkpt>
<trkpt lat="37.873945" lon="-1.718683"></trkpt>
<trkpt lat="37.873819" lon="-1.718856"></trkpt>
<trkpt lat="37.873570" lon="-1.719040"></trkpt>
<trkpt lat="37.873452" lon="-1.719122"></trkpt>
<trkpt lat="37.873291" lon="-1.719238"></trkpt>
<trkpt lat="37.872780" lon="-1.719608"></trkpt>
<trkpt lat="37.872550" lon="-1.719745"></trkpt>
<trkpt lat="37.870410" lon="-1.721570"></trkpt>
<trkpt lat="37.870081" lon="-1.721855"></trkpt>
<trkpt lat="37.869344" lon="-1.722459"></trkpt>
<trkpt lat="37.869158" lon="-1.722611"></trkpt>
<trkpt lat="37.866734" lon="-1.724556"></trkpt>
<trkpt lat="37.866460" lon="-1.724846"></trkpt>
<trkpt lat="37.866349" lon="-1.725052"></trkpt>
<trkpt lat="37.866301" lon="-1.725236"></trkpt>
<trkpt lat="37.866290" lon="-1.725381"></trkpt>
<trkpt lat="37.866305" lon="-1.725577"></trkpt>
<trkpt lat="37.866379" lon="-1.725990"></trkpt>
<trkpt lat="37.866525" lon="-1.726842"></trkpt>
<trkpt lat="37.866684" lon="-1.727565"></trkpt>
<trkpt lat="37.866691" lon="-1.727773"></trkpt>
<trkpt lat="37.866589" lon="-1.728082"></trkpt>
<trkpt lat="37.866015" lon="-1.729261"></trkpt>
<trkpt lat="37.865622" lon="-1.730081"></trkpt>
<trkpt lat="37.865453" lon="-1.730777"></trkpt>
<trkpt lat="37.865340" lon="-1.730906"></trkpt>
<trkpt lat="37.865029" lon="-1.731106"></trkpt>
<trkpt lat="37.864923" lon="-1.731225"></trkpt>
<trkpt lat="37.864785" lon="-1.731488"></trkpt>
<trkpt lat="37.864737" lon="-1.731783"></trkpt>
<trkpt lat="37.864740" lon="-1.732201"></trkpt>
<trkpt lat="37.864744" lon="-1.732695"></trkpt>
<trkpt lat="37.864706" lon="-1.733036"></trkpt>
<trkpt lat="37.864454" lon="-1.734381"></trkpt>
<trkpt lat="37.864357" lon="-1.734672"></trkpt>
<trkpt lat="37.864234" lon="-1.734834"></trkpt>
<trkpt lat="37.863899" lon="-1.735151"></trkpt>
<trkpt lat="37.862607" lon="-1.736117"></trkpt>
<trkpt lat="37.862238" lon="-1.736452"></trkpt>
<trkpt lat="37.861690" lon="-1.737063"></trkpt>
<trkpt lat="37.861445" lon="-1.737392"></trkpt>
<trkpt lat="37.861226" lon="-1.737848"></trkpt>
<trkpt lat="37.861060" lon="-1.738110"></trkpt>
<trkpt lat="37.860864" lon="-1.738278"></trkpt>
<trkpt lat="37.859980" lon="-1.738869"></trkpt>
<trkpt lat="37.859696" lon="-1.739120"></trkpt>
<trkpt lat="37.857945" lon="-1.740897"></trkpt>
<trkpt lat="37.857277" lon="-1.741631"></trkpt>
<trkpt lat="37.857108" lon="-1.741857"></trkpt>
<trkpt lat="37.856851" lon="-1.742292"></trkpt>
<trkpt lat="37.856195" lon="-1.743603"></trkpt>
<trkpt lat="37.856103" lon="-1.743891"></trkpt>
<trkpt lat="37.856083" lon="-1.744163"></trkpt>
<trkpt lat="37.856131" lon="-1.744562"></trkpt>
<trkpt lat="37.856132" lon="-1.744830"></trkpt>
<trkpt lat="37.856068" lon="-1.745090"></trkpt>
<trkpt lat="37.856003" lon="-1.745222"></trkpt>
<trkpt lat="37.855302" lon="-1.746258"></trkpt>
<trkpt lat="37.854723" lon="-1.747063"></trkpt>
<trkpt lat="37.854615" lon="-1.747213"></trkpt>
<trkpt lat="37.853389" lon="-1.748942"></trkpt>
<trkpt lat="37.853272" lon="-1.749140"></trkpt>
<trkpt lat="37.853197" lon="-1.749341"></trkpt>
<trkpt lat="37.853167" lon="-1.749523"></trkpt>
<trkpt lat="37.853174" lon="-1.749858"></trkpt>
<trkpt lat="37.853467" lon="-1.751528"></trkpt>
<trkpt lat="37.853454" lon="-1.751821"></trkpt>
<trkpt lat="37.853369" lon="-1.752052"></trkpt>
<trkpt lat="37.853297" lon="-1.752142"></trkpt>
<trkpt lat="37.852908" lon="-1.752384"></trkpt>
<trkpt lat="37.852153" lon="-1.753442"></trkpt>
<trkpt lat="37.852074" lon="-1.753608"></trkpt>
<trkpt lat="37.851980" lon="-1.753913"></trkpt>
<trkpt lat="37.851754" lon="-1.755275"></trkpt>
<trkpt lat="37.851691" lon="-1.755537"></trkpt>
<trkpt lat="37.851613" lon="-1.755722"></trkpt>
<trkpt lat="37.851482" lon="-1.755828"></trkpt>
<trkpt lat="37.851126" lon="-1.755983"></trkpt>
<trkpt lat="37.850979" lon="-1.756076"></trkpt>
<trkpt lat="37.850891" lon="-1.756152"></trkpt>
<trkpt lat="37.850806" lon="-1.756274"></trkpt>
<trkpt lat="37.850758" lon="-1.756400"></trkpt>
<trkpt lat="37.850671" lon="-1.756736"></trkpt>
<trkpt lat="37.850654" lon="-1.756942"></trkpt>
<trkpt lat="37.850637" lon="-1.758477"></trkpt>
<trkpt lat="37.850627" lon="-1.758732"></trkpt>
<trkpt lat="37.850561" lon="-1.759043"></trkpt>
<trkpt lat="37.850450" lon="-1.759331"></trkpt>
<trkpt lat="37.848975" lon="-1.762067"></trkpt>
<trkpt lat="37.848794" lon="-1.762601"></trkpt>
<trkpt lat="37.848699" lon="-1.763010"></trkpt>
<trkpt lat="37.848678" lon="-1.763581"></trkpt>
<trkpt lat="37.848711" lon="-1.764527"></trkpt>
<trkpt lat="37.848719" lon="-1.766194"></trkpt>
<trkpt lat="37.848860" lon="-1.766991"></trkpt>
<trkpt lat="37.849183" lon="-1.768783"></trkpt>
<trkpt lat="37.849215" lon="-1.768985"></trkpt>
<trkpt lat="37.849208" lon="-1.769276"></trkpt>
<trkpt lat="37.849004" lon="-1.770110"></trkpt>
<trkpt lat="37.849012" lon="-1.770234"></trkpt>
<trkpt lat="37.849111" lon="-1.770492"></trkpt>
<trkpt lat="37.849514" lon="-1.771485"></trkpt>
<trkpt lat="37.849580" lon="-1.771694"></trkpt>
<trkpt lat="37.849585" lon="-1.771916"></trkpt>
<trkpt lat="37.849535" lon="-1.772086"></trkpt>
<trkpt lat="37.849441" lon="-1.772269"></trkpt>
<trkpt lat="37.849396" lon="-1.772471"></trkpt>
<trkpt lat="37.849406" lon="-1.772658"></trkpt>
<trkpt lat="37.849556" lon="-1.773133"></trkpt>
<trkpt lat="37.849644" lon="-1.773487"></trkpt>
<trkpt lat="37.849665" lon="-1.773685"></trkpt>
<trkpt lat="37.849638" lon="-1.774022"></trkpt>
<trkpt lat="37.849513" lon="-1.774531"></trkpt>
<trkpt lat="37.849366" lon="-1.774998"></trkpt>
<trkpt lat="37.848903" lon="-1.775999"></trkpt>
<trkpt lat="37.848512" lon="-1.776859"></trkpt>
<trkpt lat="37.847774" lon="-1.777978"></trkpt>
<trkpt lat="37.847698" lon="-1.778192"></trkpt>
<trkpt lat="37.847689" lon="-1.778278"></trkpt>
<trkpt lat="37.847740" lon="-1.778544"></trkpt>
<trkpt lat="37.847966" lon="-1.779030"></trkpt>
<trkpt lat="37.848045" lon="-1.779254"></trkpt>
<trkpt lat="37.848718" lon="-1.781401"></trkpt>
<trkpt lat="37.848774" lon="-1.781649"></trkpt>
<trkpt lat="37.848770" lon="-1.781780"></trkpt>
<trkpt lat="37.848617" lon="-1.782457"></trkpt>
<trkpt lat="37.848634" lon="-1.782623"></trkpt>
<trkpt lat="37.848632" lon="-1.784355"></trkpt>
<trkpt lat="37.848501" lon="-1.785152"></trkpt>
<trkpt lat="37.848497" lon="-1.785351"></trkpt>
<trkpt lat="37.848521" lon="-1.785476"></trkpt>
<trkpt lat="37.848628" lon="-1.785770"></trkpt>
<trkpt lat="37.849067" lon="-1.786949"></trkpt>
<trkpt lat="37.849131" lon="-1.787296"></trkpt>
<trkpt lat="37.849180" lon="-1.787518"></trkpt>
<trkpt lat="37.849256" lon="-1.787813"></trkpt>
<trkpt lat="37.850087" lon="-1.790174"></trkpt>
<trkpt lat="37.850398" lon="-1.791086"></trkpt>
<trkpt lat="37.850486" lon="-1.791472"></trkpt>
<trkpt lat="37.850494" lon="-1.791762"></trkpt>
<trkpt lat="37.850156" lon="-1.793418"></trkpt>
<trkpt lat="37.850063" lon="-1.794378"></trkpt>
<trkpt lat="37.850051" lon="-1.795038"></trkpt>
<trkpt lat="37.850162" lon="-1.796334"></trkpt>
<trkpt lat="37.850179" lon="-1.796742"></trkpt>
<trkpt lat="37.850159" lon="-1.797003"></trkpt>
<trkpt lat="37.850150" lon="-1.797122"></trkpt>
<trkpt lat="37.850010" lon="-1.798514"></trkpt>
<trkpt lat="37.849944" lon="-1.799244"></trkpt>
<trkpt lat="37.849930" lon="-1.799545"></trkpt>
<trkpt lat="37.849891" lon="-1.799707"></trkpt>
<trkpt lat="37.849699" lon="-1.800103"></trkpt>
<trkpt lat="37.849626" lon="-1.800355"></trkpt>
<trkpt lat="37.849576" lon="-1.800741"></trkpt>
<trkpt lat="37.849586" lon="-1.802137"></trkpt>
<trkpt lat="37.849726" lon="-1.802785"></trkpt>
<trkpt lat="37.849724" lon="-1.802947"></trkpt>
<trkpt lat="37.849542" lon="-1.803688"></trkpt>
<trkpt lat="37.849391" lon="-1.804016"></trkpt>
<trkpt lat="37.849410" lon="-1.804054"></trkpt>
<trkpt lat="37.850344" lon="-1.805989"></trkpt>
<trkpt lat="37.850633" lon="-1.806464"></trkpt>
<trkpt lat="37.850813" lon="-1.806697"></trkpt>
<trkpt lat="37.851151" lon="-1.807046"></trkpt>
<trkpt lat="37.851325" lon="-1.807192"></trkpt>
<trkpt lat="37.852936" lon="-1.808514"></trkpt>
<trkpt lat="37.853483" lon="-1.809022"></trkpt>
<trkpt lat="37.853754" lon="-1.809362"></trkpt>
<trkpt lat="37.854881" lon="-1.810961"></trkpt>
<trkpt lat="37.854949" lon="-1.810966"></trkpt>
<trkpt lat="37.855153" lon="-1.811149"></trkpt>
<trkpt lat="37.855304" lon="-1.811199"></trkpt>
<trkpt lat="37.855551" lon="-1.811191"></trkpt>
<trkpt lat="37.857965" lon="-1.811007"></trkpt>
<trkpt lat="37.858815" lon="-1.810861"></trkpt>
<trkpt lat="37.859412" lon="-1.810655"></trkpt>
<trkpt lat="37.860884" lon="-1.809962"></trkpt>
<trkpt lat="37.861194" lon="-1.809816"></trkpt>
<trkpt lat="37.862147" lon="-1.809362"></trkpt>
<trkpt lat="37.864404" lon="-1.808708"></trkpt>
<trkpt lat="37.864755" lon="-1.808556"></trkpt>
<trkpt lat="37.865157" lon="-1.808297"></trkpt>
<trkpt lat="37.865333" lon="-1.808135"></trkpt>
<trkpt lat="37.865811" lon="-1.807694"></trkpt>
<trkpt lat="37.866111" lon="-1.807439"></trkpt>
<trkpt lat="37.866324" lon="-1.807334"></trkpt>
<trkpt lat="37.868017" lon="-1.806942"></trkpt>
<trkpt lat="37.868028" lon="-1.806937"></trkpt>
<trkpt lat="37.868925" lon="-1.806563"></trkpt>
<trkpt lat="37.869249" lon="-1.806324"></trkpt>
<trkpt lat="37.869560" lon="-1.805840"></trkpt>
<trkpt lat="37.869989" lon="-1.805064"></trkpt>
<trkpt lat="37.870203" lon="-1.804860"></trkpt>
<trkpt lat="37.870453" lon="-1.804682"></trkpt>
<trkpt lat="37.870738" lon="-1.804563"></trkpt>
<trkpt lat="37.871641" lon="-1.804516"></trkpt>
<trkpt lat="37.871853" lon="-1.804470"></trkpt>
<trkpt lat="37.872199" lon="-1.804301"></trkpt>
<trkpt lat="37.872579" lon="-1.804050"></trkpt>
<trkpt lat="37.872831" lon="-1.803864"></trkpt>
<trkpt lat="37.873157" lon="-1.803503"></trkpt>
<trkpt lat="37.873658" lon="-1.802706"></trkpt>
<trkpt lat="37.873801" lon="-1.802544"></trkpt>
<trkpt lat="37.874203" lon="-1.802112"></trkpt>
<trkpt lat="37.874658" lon="-1.801737"></trkpt>
<trkpt lat="37.876555" lon="-1.800610"></trkpt>
<trkpt lat="37.876891" lon="-1.800546"></trkpt>
<trkpt lat="37.878232" lon="-1.800538"></trkpt>
<trkpt lat="37.878756" lon="-1.800683"></trkpt>
<trkpt lat="37.881452" lon="-1.801589"></trkpt>
<trkpt lat="37.882097" lon="-1.801774"></trkpt>
<trkpt lat="37.882665" lon="-1.801869"></trkpt>
<trkpt lat="37.885533" lon="-1.802095"></trkpt>
<trkpt lat="37.886438" lon="-1.801800"></trkpt>
<trkpt lat="37.886641" lon="-1.801743"></trkpt>
<trkpt lat="37.886759" lon="-1.801739"></trkpt>
<trkpt lat="37.886995" lon="-1.801767"></trkpt>
<trkpt lat="37.887841" lon="-1.802049"></trkpt>
<trkpt lat="37.888454" lon="-1.802254"></trkpt>
<trkpt lat="37.888696" lon="-1.802339"></trkpt>
<trkpt lat="37.889376" lon="-1.802658"></trkpt>
<trkpt lat="37.889843" lon="-1.802682"></trkpt>
<trkpt lat="37.890142" lon="-1.802658"></trkpt>
<trkpt lat="37.890590" lon="-1.802543"></trkpt>
<trkpt lat="37.891126" lon="-1.802398"></trkpt>
<trkpt lat="37.892176" lon="-1.802266"></trkpt>
<trkpt lat="37.892765" lon="-1.802180"></trkpt>
<trkpt lat="37.893376" lon="-1.802026"></trkpt>
<trkpt lat="37.896161" lon="-1.801099"></trkpt>
<trkpt lat="37.897894" lon="-1.800529"></trkpt>
<trkpt lat="37.898465" lon="-1.800311"></trkpt>
<trkpt lat="37.898777" lon="-1.800138"></trkpt>
<trkpt lat="37.898947" lon="-1.800043"></trkpt>
<trkpt lat="37.899218" lon="-1.799893"></trkpt>
<trkpt lat="37.899975" lon="-1.799241"></trkpt>
<trkpt lat="37.900072" lon="-1.799151"></trkpt>
<trkpt lat="37.900833" lon="-1.798703"></trkpt>
<trkpt lat="37.903445" lon="-1.797255"></trkpt>
<trkpt lat="37.903574" lon="-1.797201"></trkpt>
<trkpt lat="37.904016" lon="-1.797103"></trkpt>
<trkpt lat="37.904108" lon="-1.797081"></trkpt>
<trkpt lat="37.904279" lon="-1.797040"></trkpt>
<trkpt lat="37.904419" lon="-1.797048"></trkpt>
<trkpt lat="37.904464" lon="-1.797064"></trkpt>
<trkpt lat="37.904781" lon="-1.797177"></trkpt>
<trkpt lat="37.905058" lon="-1.797305"></trkpt>
<trkpt lat="37.905182" lon="-1.797405"></trkpt>
<trkpt lat="37.905538" lon="-1.796882"></trkpt>
<trkpt lat="37.905709" lon="-1.796603"></trkpt>
<trkpt lat="37.905861" lon="-1.796372"></trkpt>
<trkpt lat="37.905933" lon="-1.796201"></trkpt>
<trkpt lat="37.906206" lon="-1.795413"></trkpt>
<trkpt lat="37.906511" lon="-1.795423"></trkpt>
<trkpt lat="37.906653" lon="-1.795489"></trkpt>
<trkpt lat="37.906856" lon="-1.795667"></trkpt>
<trkpt lat="37.907085" lon="-1.795353"></trkpt>
<trkpt lat="37.907408" lon="-1.794817"></trkpt>
<trkpt lat="37.907513" lon="-1.794644"></trkpt>
<trkpt lat="37.907797" lon="-1.794256"></trkpt>
<trkpt lat="37.908051" lon="-1.794010"></trkpt>
<trkpt lat="37.908191" lon="-1.793874"></trkpt>
<trkpt lat="37.908740" lon="-1.793443"></trkpt>
<trkpt lat="37.909174" lon="-1.793179"></trkpt>
<trkpt lat="37.909495" lon="-1.793011"></trkpt>
<trkpt lat="37.910195" lon="-1.792760"></trkpt>
<trkpt lat="37.910830" lon="-1.792409"></trkpt>
<trkpt lat="37.910945" lon="-1.792403"></trkpt>
<trkpt lat="37.911054" lon="-1.792438"></trkpt>
<trkpt lat="37.912102" lon="-1.793020"></trkpt>
<trkpt lat="37.912298" lon="-1.793050"></trkpt>
<trkpt lat="37.912368" lon="-1.793019"></trkpt>
<trkpt lat="37.912430" lon="-1.792991"></trkpt>
<trkpt lat="37.912532" lon="-1.792812"></trkpt>
<trkpt lat="37.913326" lon="-1.792069"></trkpt>
<trkpt lat="37.913714" lon="-1.791626"></trkpt>
<trkpt lat="37.913933" lon="-1.791447"></trkpt>
<trkpt lat="37.914016" lon="-1.791387"></trkpt>
<trkpt lat="37.914122" lon="-1.790951"></trkpt>
<trkpt lat="37.914079" lon="-1.790472"></trkpt>
<trkpt lat="37.914092" lon="-1.790307"></trkpt>
<trkpt lat="37.914288" lon="-1.789408"></trkpt>
<trkpt lat="37.914363" lon="-1.789113"></trkpt>
<trkpt lat="37.914718" lon="-1.788414"></trkpt>
<trkpt lat="37.915829" lon="-1.786635"></trkpt>
<trkpt lat="37.915918" lon="-1.786433"></trkpt>
<trkpt lat="37.916544" lon="-1.784923"></trkpt>
<trkpt lat="37.916675" lon="-1.784707"></trkpt>
<trkpt lat="37.917287" lon="-1.783861"></trkpt>
<trkpt lat="37.918054" lon="-1.782790"></trkpt>
<trkpt lat="37.918447" lon="-1.782318"></trkpt>
<trkpt lat="37.918574" lon="-1.782078"></trkpt>
<trkpt lat="37.918694" lon="-1.781718"></trkpt>
<trkpt lat="37.918848" lon="-1.780797"></trkpt>
<trkpt lat="37.919061" lon="-1.780085"></trkpt>
<trkpt lat="37.919215" lon="-1.779641"></trkpt>
<trkpt lat="37.919603" lon="-1.778665"></trkpt>
<trkpt lat="37.919634" lon="-1.778577"></trkpt>
<trkpt lat="37.919893" lon="-1.777749"></trkpt>
<trkpt lat="37.920122" lon="-1.776996"></trkpt>
<trkpt lat="37.920749" lon="-1.775150"></trkpt>
<trkpt lat="37.921483" lon="-1.773884"></trkpt>
<trkpt lat="37.921836" lon="-1.773251"></trkpt>
<trkpt lat="37.921983" lon="-1.773048"></trkpt>
<trkpt lat="37.922657" lon="-1.772570"></trkpt>
<trkpt lat="37.922951" lon="-1.772361"></trkpt>
<trkpt lat="37.923078" lon="-1.772235"></trkpt>
<trkpt lat="37.923696" lon="-1.771458"></trkpt>
<trkpt lat="37.923974" lon="-1.771191"></trkpt>
<trkpt lat="37.924201" lon="-1.771067"></trkpt>
<trkpt lat="37.924735" lon="-1.770898"></trkpt>
<trkpt lat="37.925392" lon="-1.770801"></trkpt>
<trkpt lat="37.925698" lon="-1.770693"></trkpt>
<trkpt lat="37.926351" lon="-1.770290"></trkpt>
<trkpt lat="37.926846" lon="-1.769901"></trkpt>
<trkpt lat="37.927054" lon="-1.769689"></trkpt>
<trkpt lat="37.927428" lon="-1.769101"></trkpt>
<trkpt lat="37.927845" lon="-1.768374"></trkpt>
<trkpt lat="37.927928" lon="-1.768177"></trkpt>
<trkpt lat="37.928347" lon="-1.766631"></trkpt>
<trkpt lat="37.928630" lon="-1.765741"></trkpt>
<trkpt lat="37.928715" lon="-1.765546"></trkpt>
<trkpt lat="37.928854" lon="-1.765320"></trkpt>
<trkpt lat="37.929694" lon="-1.764435"></trkpt>
<trkpt lat="37.930557" lon="-1.763267"></trkpt>
<trkpt lat="37.931478" lon="-1.762703"></trkpt>
<trkpt lat="37.931795" lon="-1.762517"></trkpt>
<trkpt lat="37.931978" lon="-1.762378"></trkpt>
<trkpt lat="37.932398" lon="-1.762005"></trkpt>
<trkpt lat="37.933383" lon="-1.760418"></trkpt>
<trkpt lat="37.934137" lon="-1.759302"></trkpt>
<trkpt lat="37.934158" lon="-1.759272"></trkpt>
<trkpt lat="37.934435" lon="-1.758773"></trkpt>
<trkpt lat="37.934920" lon="-1.757702"></trkpt>
<trkpt lat="37.935221" lon="-1.757133"></trkpt>
<trkpt lat="37.935596" lon="-1.756445"></trkpt>
<trkpt lat="37.936250" lon="-1.755376"></trkpt>
<trkpt lat="37.936356" lon="-1.755144"></trkpt>
<trkpt lat="37.936617" lon="-1.754364"></trkpt>
<trkpt lat="37.936699" lon="-1.753956"></trkpt>
<trkpt lat="37.936903" lon="-1.752587"></trkpt>
<trkpt lat="37.936965" lon="-1.752327"></trkpt>
<trkpt lat="37.937250" lon="-1.751623"></trkpt>
<trkpt lat="37.937547" lon="-1.750855"></trkpt>
<trkpt lat="37.937725" lon="-1.750294"></trkpt>
<trkpt lat="37.938372" lon="-1.747730"></trkpt>
<trkpt lat="37.938508" lon="-1.747276"></trkpt>
<trkpt lat="37.938668" lon="-1.746896"></trkpt>
<trkpt lat="37.938805" lon="-1.746667"></trkpt>
<trkpt lat="37.943215" lon="-1.740700"></trkpt>
<trkpt lat="37.943824" lon="-1.739911"></trkpt>
<trkpt lat="37.944672" lon="-1.738953"></trkpt>
<trkpt lat="37.944713" lon="-1.738903"></trkpt>
<trkpt lat="37.946594" lon="-1.736580"></trkpt>
<trkpt lat="37.948160" lon="-1.734361"></trkpt>
<trkpt lat="37.948945" lon="-1.733574"></trkpt>
<trkpt lat="37.949894" lon="-1.732686"></trkpt>
<trkpt lat="37.950759" lon="-1.732022"></trkpt>
<trkpt lat="37.951116" lon="-1.731678"></trkpt>
<trkpt lat="37.951847" lon="-1.730832"></trkpt>
<trkpt lat="37.952009" lon="-1.730580"></trkpt>
<trkpt lat="37.952140" lon="-1.730261"></trkpt>
<trkpt lat="37.952292" lon="-1.729601"></trkpt>
<trkpt lat="37.952464" lon="-1.729172"></trkpt>
<trkpt lat="37.952608" lon="-1.728572"></trkpt>
<trkpt lat="37.952643" lon="-1.728440"></trkpt>
<trkpt lat="37.952769" lon="-1.728147"></trkpt>
<trkpt lat="37.952935" lon="-1.727883"></trkpt>
<trkpt lat="37.953033" lon="-1.727679"></trkpt>
<trkpt lat="37.953127" lon="-1.727422"></trkpt>
<trkpt lat="37.953326" lon="-1.726710"></trkpt>
<trkpt lat="37.953542" lon="-1.726318"></trkpt>
<trkpt lat="37.953829" lon="-1.725835"></trkpt>
<trkpt lat="37.953964" lon="-1.725656"></trkpt>
<trkpt lat="37.954382" lon="-1.725281"></trkpt>
<trkpt lat="37.954644" lon="-1.724947"></trkpt>
<trkpt lat="37.954755" lon="-1.724887"></trkpt>
<trkpt lat="37.954851" lon="-1.724946"></trkpt>
<trkpt lat="37.955234" lon="-1.725442"></trkpt>
<trkpt lat="37.955383" lon="-1.725534"></trkpt>
<trkpt lat="37.955517" lon="-1.725517"></trkpt>
<trkpt lat="37.955734" lon="-1.725327"></trkpt>
<trkpt lat="37.956047" lon="-1.725122"></trkpt>
<trkpt lat="37.956208" lon="-1.724945"></trkpt>
<trkpt lat="37.956357" lon="-1.724615"></trkpt>
<trkpt lat="37.956467" lon="-1.724300"></trkpt>
<trkpt lat="37.956506" lon="-1.723280"></trkpt>
<trkpt lat="37.956484" lon="-1.723105"></trkpt>
<trkpt lat="37.956440" lon="-1.722989"></trkpt>
<trkpt lat="37.955973" lon="-1.722309"></trkpt>
<trkpt lat="37.955584" lon="-1.722026"></trkpt>
<trkpt lat="37.955496" lon="-1.721933"></trkpt>
<trkpt lat="37.955445" lon="-1.721792"></trkpt>
<trkpt lat="37.955501" lon="-1.721652"></trkpt>
<trkpt lat="37.955609" lon="-1.721564"></trkpt>
<trkpt lat="37.955807" lon="-1.721474"></trkpt>
<trkpt lat="37.956280" lon="-1.721453"></trkpt>
<trkpt lat="37.957060" lon="-1.721176"></trkpt>
<trkpt lat="37.957463" lon="-1.721107"></trkpt>
<trkpt lat="37.958261" lon="-1.721042"></trkpt>
<trkpt lat="37.958433" lon="-1.720983"></trkpt>
<trkpt lat="37.958538" lon="-1.720858"></trkpt>
<trkpt lat="37.958601" lon="-1.720695"></trkpt>
<trkpt lat="37.958777" lon="-1.719512"></trkpt>
<trkpt lat="37.958902" lon="-1.718962"></trkpt>
<trkpt lat="37.959088" lon="-1.718426"></trkpt>
<trkpt lat="37.959237" lon="-1.718169"></trkpt>
<trkpt lat="37.959546" lon="-1.717817"></trkpt>
<trkpt lat="37.960812" lon="-1.716590"></trkpt>
<trkpt lat="37.961566" lon="-1.715951"></trkpt>
<trkpt lat="37.961726" lon="-1.715739"></trkpt>
<trkpt lat="37.961996" lon="-1.715239"></trkpt>
<trkpt lat="37.962238" lon="-1.714874"></trkpt>
<trkpt lat="37.962428" lon="-1.714668"></trkpt>
<trkpt lat="37.962972" lon="-1.714391"></trkpt>
<trkpt lat="37.963427" lon="-1.714222"></trkpt>
<trkpt lat="37.963786" lon="-1.714138"></trkpt>
<trkpt lat="37.964770" lon="-1.713999"></trkpt>
<trkpt lat="37.964852" lon="-1.713974"></trkpt>
<trkpt lat="37.965007" lon="-1.713873"></trkpt>
<trkpt lat="37.965313" lon="-1.713586"></trkpt>
<trkpt lat="37.965697" lon="-1.713167"></trkpt>
<trkpt lat="37.966033" lon="-1.712865"></trkpt>
<trkpt lat="37.966427" lon="-1.712337"></trkpt>
<trkpt lat="37.966912" lon="-1.711661"></trkpt>
<trkpt lat="37.967368" lon="-1.711015"></trkpt>
<trkpt lat="37.967565" lon="-1.710681"></trkpt>
<trkpt lat="37.967690" lon="-1.710379"></trkpt>
<trkpt lat="37.967988" lon="-1.709468"></trkpt>
<trkpt lat="37.968093" lon="-1.709312"></trkpt>
<trkpt lat="37.968289" lon="-1.709121"></trkpt>
<trkpt lat="37.968847" lon="-1.708798"></trkpt>
<trkpt lat="37.969016" lon="-1.708602"></trkpt>
<trkpt lat="37.969409" lon="-1.707970"></trkpt>
<trkpt lat="37.969496" lon="-1.707777"></trkpt>
<trkpt lat="37.969570" lon="-1.707541"></trkpt>
<trkpt lat="37.969600" lon="-1.707191"></trkpt>
<trkpt lat="37.969634" lon="-1.706952"></trkpt>
<trkpt lat="37.969673" lon="-1.706869"></trkpt>
<trkpt lat="37.969928" lon="-1.706529"></trkpt>
<trkpt lat="37.970161" lon="-1.706278"></trkpt>
<trkpt lat="37.970500" lon="-1.705994"></trkpt>
<trkpt lat="37.970780" lon="-1.705800"></trkpt>
<trkpt lat="37.970913" lon="-1.705658"></trkpt>
<trkpt lat="37.971776" lon="-1.704388"></trkpt>
<trkpt lat="37.971939" lon="-1.704212"></trkpt>
<trkpt lat="37.972368" lon="-1.703982"></trkpt>
<trkpt lat="37.972970" lon="-1.703704"></trkpt>
<trkpt lat="37.973680" lon="-1.703538"></trkpt>
<trkpt lat="37.974309" lon="-1.703285"></trkpt>
<trkpt lat="37.974474" lon="-1.703189"></trkpt>
<trkpt lat="37.974708" lon="-1.702973"></trkpt>
<trkpt lat="37.974947" lon="-1.702645"></trkpt>
<trkpt lat="37.975250" lon="-1.702140"></trkpt>
<trkpt lat="37.975421" lon="-1.702001"></trkpt>
<trkpt lat="37.975891" lon="-1.701797"></trkpt>
<trkpt lat="37.976076" lon="-1.701676"></trkpt>
<trkpt lat="37.977109" lon="-1.700530"></trkpt>
<trkpt lat="37.977374" lon="-1.700316"></trkpt>
<trkpt lat="37.977432" lon="-1.700217"></trkpt>
<trkpt lat="37.978211" lon="-1.698828"></trkpt>
<trkpt lat="37.978808" lon="-1.697536"></trkpt>
<trkpt lat="37.979268" lon="-1.696736"></trkpt>
<trkpt lat="37.979391" lon="-1.696417"></trkpt>
<trkpt lat="37.979689" lon="-1.695333"></trkpt>
<trkpt lat="37.979786" lon="-1.695030"></trkpt>
<trkpt lat="37.979904" lon="-1.694826"></trkpt>
<trkpt lat="37.980141" lon="-1.694574"></trkpt>
<trkpt lat="37.980227" lon="-1.694497"></trkpt>
<trkpt lat="37.980505" lon="-1.694337"></trkpt>
<trkpt lat="37.980900" lon="-1.694201"></trkpt>
<trkpt lat="37.981079" lon="-1.694168"></trkpt>
<trkpt lat="37.981176" lon="-1.694178"></trkpt>
<trkpt lat="37.981512" lon="-1.694239"></trkpt>
<trkpt lat="37.981778" lon="-1.694229"></trkpt>
<trkpt lat="37.983437" lon="-1.693369"></trkpt>
<trkpt lat="37.983763" lon="-1.693228"></trkpt>
<trkpt lat="37.984730" lon="-1.693085"></trkpt>
<trkpt lat="37.985305" lon="-1.692918"></trkpt>
<trkpt lat="37.986762" lon="-1.692235"></trkpt>
<trkpt lat="37.987139" lon="-1.692021"></trkpt>
<trkpt lat="37.987290" lon="-1.691908"></trkpt>
<trkpt lat="37.987750" lon="-1.691326"></trkpt>
<trkpt lat="37.987906" lon="-1.691153"></trkpt>
<trkpt lat="37.988111" lon="-1.690988"></trkpt>
<trkpt lat="37.990936" lon="-1.689005"></trkpt>
<trkpt lat="37.991286" lon="-1.688794"></trkpt>
<trkpt lat="37.991430" lon="-1.688742"></trkpt>
<trkpt lat="37.991915" lon="-1.688713"></trkpt>
<trkpt lat="37.992782" lon="-1.688720"></trkpt>
<trkpt lat="37.993234" lon="-1.688693"></trkpt>
<trkpt lat="37.993635" lon="-1.688536"></trkpt>
<trkpt lat="37.993999" lon="-1.688307"></trkpt>
<trkpt lat="37.994115" lon="-1.688195"></trkpt>
<trkpt lat="37.994759" lon="-1.687276"></trkpt>
<trkpt lat="37.995031" lon="-1.686667"></trkpt>
<trkpt lat="37.995150" lon="-1.686482"></trkpt>
<trkpt lat="37.995455" lon="-1.686122"></trkpt>
<trkpt lat="37.996331" lon="-1.685303"></trkpt>
<trkpt lat="37.996511" lon="-1.685181"></trkpt>
<trkpt lat="37.996693" lon="-1.685127"></trkpt>
<trkpt lat="37.996954" lon="-1.685111"></trkpt>
<trkpt lat="37.997408" lon="-1.685200"></trkpt>
<trkpt lat="37.997560" lon="-1.685155"></trkpt>
<trkpt lat="37.998308" lon="-1.684784"></trkpt>
<trkpt lat="37.998805" lon="-1.684686"></trkpt>
<trkpt lat="37.999798" lon="-1.684551"></trkpt>
<trkpt lat="38.000736" lon="-1.684219"></trkpt>
<trkpt lat="38.001402" lon="-1.684031"></trkpt>
<trkpt lat="38.001635" lon="-1.684024"></trkpt>
<trkpt lat="38.001787" lon="-1.684069"></trkpt>
<trkpt lat="38.002263" lon="-1.684297"></trkpt>
<trkpt lat="38.002510" lon="-1.684384"></trkpt>
<trkpt lat="38.003106" lon="-1.684540"></trkpt>
<trkpt lat="38.005236" lon="-1.685283"></trkpt>
<trkpt lat="38.006139" lon="-1.685782"></trkpt>
<trkpt lat="38.006715" lon="-1.685976"></trkpt>
<trkpt lat="38.007645" lon="-1.686190"></trkpt>
<trkpt lat="38.008523" lon="-1.686262"></trkpt>
<trkpt lat="38.009784" lon="-1.686504"></trkpt>
<trkpt lat="38.010194" lon="-1.686646"></trkpt>
<trkpt lat="38.010598" lon="-1.686824"></trkpt>
<trkpt lat="38.010740" lon="-1.686886"></trkpt>
<trkpt lat="38.011016" lon="-1.686968"></trkpt>
<trkpt lat="38.011584" lon="-1.687009"></trkpt>
<trkpt lat="38.011840" lon="-1.687100"></trkpt>
<trkpt lat="38.012268" lon="-1.687317"></trkpt>
<trkpt lat="38.012420" lon="-1.687370"></trkpt>
<trkpt lat="38.012610" lon="-1.687394"></trkpt>
<trkpt lat="38.013304" lon="-1.687464"></trkpt>
<trkpt lat="38.013821" lon="-1.687522"></trkpt>
<trkpt lat="38.014907" lon="-1.687635"></trkpt>
<trkpt lat="38.015851" lon="-1.687635"></trkpt>
<trkpt lat="38.016318" lon="-1.687590"></trkpt>
<trkpt lat="38.016690" lon="-1.687461"></trkpt>
<trkpt lat="38.016856" lon="-1.687346"></trkpt>
<trkpt lat="38.017362" lon="-1.686849"></trkpt>
<trkpt lat="38.017544" lon="-1.686716"></trkpt>
<trkpt lat="38.017687" lon="-1.686635"></trkpt>
<trkpt lat="38.018369" lon="-1.686384"></trkpt>
<trkpt lat="38.018890" lon="-1.686197"></trkpt>
<trkpt lat="38.020087" lon="-1.685394"></trkpt>
<trkpt lat="38.020457" lon="-1.685197"></trkpt>
<trkpt lat="38.021267" lon="-1.684527"></trkpt>
<trkpt lat="38.021577" lon="-1.684277"></trkpt>
<trkpt lat="38.021767" lon="-1.684222"></trkpt>
<trkpt lat="38.022121" lon="-1.684171"></trkpt>
<trkpt lat="38.022489" lon="-1.684053"></trkpt>
<trkpt lat="38.022830" lon="-1.683864"></trkpt>
<trkpt lat="38.023054" lon="-1.683674"></trkpt>
<trkpt lat="38.023099" lon="-1.683624"></trkpt>
<trkpt lat="38.023139" lon="-1.683491"></trkpt>
<trkpt lat="38.023141" lon="-1.683333"></trkpt>
<trkpt lat="38.023114" lon="-1.683186"></trkpt>
<trkpt lat="38.023099" lon="-1.682823"></trkpt>
<trkpt lat="38.023137" lon="-1.682689"></trkpt>
<trkpt lat="38.023259" lon="-1.682591"></trkpt>
<trkpt lat="38.023971" lon="-1.682299"></trkpt>
<trkpt lat="38.025721" lon="-1.680870"></trkpt>
<trkpt lat="38.025779" lon="-1.680829"></trkpt>
<trkpt lat="38.026262" lon="-1.680662"></trkpt>
<trkpt lat="38.027292" lon="-1.680390"></trkpt>
<trkpt lat="38.027470" lon="-1.680290"></trkpt>
<trkpt lat="38.027673" lon="-1.680092"></trkpt>
<trkpt lat="38.027915" lon="-1.680006"></trkpt>
<trkpt lat="38.028635" lon="-1.679851"></trkpt>
<trkpt lat="38.028845" lon="-1.679762"></trkpt>
<trkpt lat="38.029651" lon="-1.679206"></trkpt>
<trkpt lat="38.029834" lon="-1.679163"></trkpt>
<trkpt lat="38.030572" lon="-1.679097"></trkpt>
<trkpt lat="38.031031" lon="-1.679026"></trkpt>
<trkpt lat="38.032121" lon="-1.678705"></trkpt>
<trkpt lat="38.032340" lon="-1.678564"></trkpt>
<trkpt lat="38.033345" lon="-1.677670"></trkpt>
<trkpt lat="38.034013" lon="-1.677080"></trkpt>
<trkpt lat="38.034771" lon="-1.676340"></trkpt>
<trkpt lat="38.035887" lon="-1.675139"></trkpt>
<trkpt lat="38.036178" lon="-1.674867"></trkpt>
<trkpt lat="38.038456" lon="-1.673131"></trkpt>
<trkpt lat="38.038771" lon="-1.672891"></trkpt>
<trkpt lat="38.039218" lon="-1.672602"></trkpt>
<trkpt lat="38.039569" lon="-1.672470"></trkpt>
<trkpt lat="38.039939" lon="-1.672376"></trkpt>
<trkpt lat="38.040039" lon="-1.672347"></trkpt>
<trkpt lat="38.040364" lon="-1.672826"></trkpt>
<trkpt lat="38.040613" lon="-1.673159"></trkpt>
<trkpt lat="38.040863" lon="-1.673493"></trkpt>
<trkpt lat="38.041061" lon="-1.673779"></trkpt>
<trkpt lat="38.041314" lon="-1.674110"></trkpt>
<trkpt lat="38.041564" lon="-1.674455"></trkpt>
<trkpt lat="38.041849" lon="-1.674847"></trkpt>
<trkpt lat="38.041988" lon="-1.674601"></trkpt>
<trkpt lat="38.042130" lon="-1.674417"></trkpt>
<trkpt lat="38.042465" lon="-1.674031"></trkpt>
<trkpt lat="38.042617" lon="-1.673864"></trkpt>
<trkpt lat="38.042855" lon="-1.673587"></trkpt>
<trkpt lat="38.043285" lon="-1.673112"></trkpt>
<trkpt lat="38.043413" lon="-1.672964"></trkpt>
<trkpt lat="38.043803" lon="-1.672508"></trkpt>
<trkpt lat="38.044018" lon="-1.672767"></trkpt>
<trkpt lat="38.044286" lon="-1.673133"></trkpt>
<trkpt lat="38.044487" lon="-1.673332"></trkpt>
<trkpt lat="38.044685" lon="-1.673486"></trkpt>
<trkpt lat="38.045087" lon="-1.673772"></trkpt>
<trkpt lat="38.045217" lon="-1.673838"></trkpt>
<trkpt lat="38.046059" lon="-1.674276"></trkpt>
<trkpt lat="38.046135" lon="-1.674022"></trkpt>
<trkpt lat="38.046138" lon="-1.673659"></trkpt>
<trkpt lat="38.046138" lon="-1.673608"></trkpt>
<trkpt lat="38.046710" lon="-1.673560"></trkpt>
<trkpt lat="38.047476" lon="-1.673540"></trkpt>
<trkpt lat="38.047241" lon="-1.673920"></trkpt>
<trkpt lat="38.047467" lon="-1.673931"></trkpt>
<trkpt lat="38.047539" lon="-1.673740"></trkpt>
<trkpt lat="38.047781" lon="-1.673728"></trkpt>
<trkpt lat="38.047906" lon="-1.673474"></trkpt>
<trkpt lat="38.048047" lon="-1.673008"></trkpt>
<trkpt lat="38.048039" lon="-1.672428"></trkpt>
<trkpt lat="38.048603" lon="-1.672586"></trkpt>
<trkpt lat="38.048774" lon="-1.672251"></trkpt>
<trkpt lat="38.049023" lon="-1.671900"></trkpt>
<trkpt lat="38.049420" lon="-1.671878"></trkpt>
<trkpt lat="38.049456" lon="-1.671566"></trkpt>
<trkpt lat="38.049482" lon="-1.671094"></trkpt>
<trkpt lat="38.049436" lon="-1.671091"></trkpt>
<trkpt lat="38.049450" lon="-1.670864"></trkpt>
<trkpt lat="38.049271" lon="-1.670834"></trkpt>
<trkpt lat="38.049315" lon="-1.670475"></trkpt>
<trkpt lat="38.049328" lon="-1.670370"></trkpt>
<trkpt lat="38.049644" lon="-1.670398"></trkpt>
<trkpt lat="38.049873" lon="-1.670422"></trkpt>
<trkpt lat="38.049894" lon="-1.670273"></trkpt>
<trkpt lat="38.049947" lon="-1.669886"></trkpt>
<trkpt lat="38.049963" lon="-1.669793"></trkpt>
<trkpt lat="38.050091" lon="-1.669140"></trkpt>
<trkpt lat="38.050118" lon="-1.668962"></trkpt>
<trkpt lat="38.050201" lon="-1.668505"></trkpt>
<trkpt lat="38.050392" lon="-1.667414"></trkpt>
<trkpt lat="38.050419" lon="-1.667264"></trkpt>
<trkpt lat="38.050373" lon="-1.667253"></trkpt>
<trkpt lat="38.050333" lon="-1.667222"></trkpt>
<trkpt lat="38.050288" lon="-1.667125"></trkpt>
<trkpt lat="38.050286" lon="-1.667068"></trkpt>
<trkpt lat="38.050348" lon="-1.666946"></trkpt>
<trkpt lat="38.050398" lon="-1.666919"></trkpt>
<trkpt lat="38.050483" lon="-1.666935"></trkpt>
<trkpt lat="38.050810" lon="-1.665125"></trkpt>
<trkpt lat="38.050840" lon="-1.664955"></trkpt>
<trkpt lat="38.050983" lon="-1.664122"></trkpt>
<trkpt lat="38.051049" lon="-1.663760"></trkpt>
<trkpt lat="38.051094" lon="-1.663490"></trkpt>
<trkpt lat="38.051109" lon="-1.663334"></trkpt>
<trkpt lat="38.051146" lon="-1.663136"></trkpt>
<trkpt lat="38.051125" lon="-1.663060"></trkpt>
<trkpt lat="38.051153" lon="-1.662989"></trkpt>
<trkpt lat="38.051257" lon="-1.662592"></trkpt>
<trkpt lat="38.051278" lon="-1.662477"></trkpt>
<trkpt lat="38.051295" lon="-1.662381"></trkpt>
<trkpt lat="38.051354" lon="-1.662053"></trkpt>
<trkpt lat="38.051373" lon="-1.661949"></trkpt>
<trkpt lat="38.051433" lon="-1.661617"></trkpt>
<trkpt lat="38.051453" lon="-1.661510"></trkpt>
<trkpt lat="38.051508" lon="-1.661201"></trkpt>
<trkpt lat="38.051533" lon="-1.661061"></trkpt>
<trkpt lat="38.051584" lon="-1.660782"></trkpt>
<trkpt lat="38.051653" lon="-1.660399"></trkpt>
<trkpt lat="38.051662" lon="-1.660351"></trkpt>
<trkpt lat="38.051735" lon="-1.659945"></trkpt>
<trkpt lat="38.051814" lon="-1.659506"></trkpt>
<trkpt lat="38.051864" lon="-1.659232"></trkpt>
<trkpt lat="38.051896" lon="-1.659053"></trkpt>
<trkpt lat="38.051910" lon="-1.658974"></trkpt>
<trkpt lat="38.051982" lon="-1.658585"></trkpt>
<trkpt lat="38.051991" lon="-1.658534"></trkpt>
<trkpt lat="38.052067" lon="-1.658123"></trkpt>
<trkpt lat="38.052149" lon="-1.657677"></trkpt>
<trkpt lat="38.052741" lon="-1.654451"></trkpt>
<trkpt lat="38.052869" lon="-1.653752"></trkpt>
<trkpt lat="38.053037" lon="-1.652841"></trkpt>
<trkpt lat="38.053098" lon="-1.652514"></trkpt>
<trkpt lat="38.053140" lon="-1.652270"></trkpt>
<trkpt lat="38.052653" lon="-1.652101"></trkpt>
<trkpt lat="38.052282" lon="-1.652018"></trkpt>
<trkpt lat="38.052113" lon="-1.652008"></trkpt>
<trkpt lat="38.051823" lon="-1.652056"></trkpt>
<trkpt lat="38.051487" lon="-1.652206"></trkpt>
<trkpt lat="38.051372" lon="-1.652213"></trkpt>
<trkpt lat="38.051348" lon="-1.652162"></trkpt>
<trkpt lat="38.051366" lon="-1.652047"></trkpt>
<trkpt lat="38.051851" lon="-1.651396"></trkpt>
<trkpt lat="38.052355" lon="-1.650605"></trkpt>
<trkpt lat="38.052575" lon="-1.650216"></trkpt>
<trkpt lat="38.052712" lon="-1.649843"></trkpt>
<trkpt lat="38.052848" lon="-1.648934"></trkpt>
<trkpt lat="38.052897" lon="-1.647903"></trkpt>
<trkpt lat="38.053050" lon="-1.647525"></trkpt>
<trkpt lat="38.053268" lon="-1.647137"></trkpt>
<trkpt lat="38.053435" lon="-1.647045"></trkpt>
<trkpt lat="38.053642" lon="-1.647064"></trkpt>
<trkpt lat="38.053811" lon="-1.647080"></trkpt>
<trkpt lat="38.053990" lon="-1.646992"></trkpt>
<trkpt lat="38.054500" lon="-1.646358"></trkpt>
<trkpt lat="38.056337" lon="-1.643001"></trkpt>
<trkpt lat="38.057916" lon="-1.640270"></trkpt>
<trkpt lat="38.058966" lon="-1.638387"></trkpt>
<trkpt lat="38.060189" lon="-1.636121"></trkpt>
<trkpt lat="38.061141" lon="-1.634544"></trkpt>
<trkpt lat="38.061577" lon="-1.633763"></trkpt>
<trkpt lat="38.062092" lon="-1.632842"></trkpt>
<trkpt lat="38.062157" lon="-1.632676"></trkpt>
<trkpt lat="38.062215" lon="-1.632530"></trkpt>
<trkpt lat="38.062457" lon="-1.632132"></trkpt>
<trkpt lat="38.062848" lon="-1.631262"></trkpt>
<trkpt lat="38.063075" lon="-1.630593"></trkpt>
<trkpt lat="38.063304" lon="-1.629290"></trkpt>
<trkpt lat="38.063435" lon="-1.628389"></trkpt>
<trkpt lat="38.063477" lon="-1.626605"></trkpt>
<trkpt lat="38.063549" lon="-1.625393"></trkpt>
<trkpt lat="38.063686" lon="-1.621272"></trkpt>
<trkpt lat="38.063856" lon="-1.617698"></trkpt>
<trkpt lat="38.064059" lon="-1.612881"></trkpt>
<trkpt lat="38.064299" lon="-1.605751"></trkpt>
<trkpt lat="38.064438" lon="-1.603041"></trkpt>
<trkpt lat="38.064804" lon="-1.593375"></trkpt>
<trkpt lat="38.064759" lon="-1.593052"></trkpt>
<trkpt lat="38.064435" lon="-1.591737"></trkpt>
<trkpt lat="38.064417" lon="-1.591567"></trkpt>
<trkpt lat="38.064425" lon="-1.591367"></trkpt>
<trkpt lat="38.064470" lon="-1.591012"></trkpt>
<trkpt lat="38.064524" lon="-1.590837"></trkpt>
<trkpt lat="38.064836" lon="-1.590167"></trkpt>
<trkpt lat="38.064957" lon="-1.589565"></trkpt>
<trkpt lat="38.065188" lon="-1.583697"></trkpt>
<trkpt lat="38.065205" lon="-1.578901"></trkpt>
<trkpt lat="38.065172" lon="-1.576904"></trkpt>
<trkpt lat="38.065024" lon="-1.575463"></trkpt>
<trkpt lat="38.064793" lon="-1.574479"></trkpt>
<trkpt lat="38.064756" lon="-1.574156"></trkpt>
<trkpt lat="38.064653" lon="-1.573614"></trkpt>
<trkpt lat="38.064532" lon="-1.573299"></trkpt>
<trkpt lat="38.064364" lon="-1.573027"></trkpt>
<trkpt lat="38.064011" lon="-1.572670"></trkpt>
<trkpt lat="38.063858" lon="-1.572557"></trkpt>
<trkpt lat="38.063562" lon="-1.572488"></trkpt>
<trkpt lat="38.063173" lon="-1.572538"></trkpt>
<trkpt lat="38.063116" lon="-1.572482"></trkpt>
<trkpt lat="38.063131" lon="-1.572419"></trkpt>
<trkpt lat="38.063186" lon="-1.572377"></trkpt>
<trkpt lat="38.063643" lon="-1.572187"></trkpt>
<trkpt lat="38.063640" lon="-1.572070"></trkpt>
<trkpt lat="38.063640" lon="-1.572059"></trkpt>
<trkpt lat="38.063661" lon="-1.572000"></trkpt>
<trkpt lat="38.063738" lon="-1.571918"></trkpt>
<trkpt lat="38.063841" lon="-1.571906"></trkpt>
<trkpt lat="38.063931" lon="-1.571972"></trkpt>
<trkpt lat="38.063960" lon="-1.572029"></trkpt>
<trkpt lat="38.064313" lon="-1.571895"></trkpt>
<trkpt lat="38.064817" lon="-1.571692"></trkpt>
<trkpt lat="38.065276" lon="-1.571500"></trkpt>
<trkpt lat="38.066121" lon="-1.571175"></trkpt>
<trkpt lat="38.066568" lon="-1.571003"></trkpt>
<trkpt lat="38.066876" lon="-1.570817"></trkpt>
<trkpt lat="38.073818" lon="-1.565120"></trkpt>
<trkpt lat="38.084724" lon="-1.556203"></trkpt>
<trkpt lat="38.086173" lon="-1.555008"></trkpt>
<trkpt lat="38.086890" lon="-1.554405"></trkpt>
<trkpt lat="38.099102" lon="-1.544437"></trkpt>
<trkpt lat="38.103354" lon="-1.540932"></trkpt>
<trkpt lat="38.106451" lon="-1.538415"></trkpt>
<trkpt lat="38.106569" lon="-1.538242"></trkpt>
<trkpt lat="38.107143" lon="-1.536949"></trkpt>
<trkpt lat="38.107337" lon="-1.536769"></trkpt>
<trkpt lat="38.110305" lon="-1.536323"></trkpt>
<trkpt lat="38.110576" lon="-1.536250"></trkpt>
<trkpt lat="38.113543" lon="-1.534527"></trkpt>
<trkpt lat="38.115468" lon="-1.533397"></trkpt>
<trkpt lat="38.115478" lon="-1.533391"></trkpt>
<trkpt lat="38.123804" lon="-1.528529"></trkpt>
<trkpt lat="38.125682" lon="-1.527412"></trkpt>
<trkpt lat="38.126128" lon="-1.527245"></trkpt>
<trkpt lat="38.135230" lon="-1.524566"></trkpt>
<trkpt lat="38.146452" lon="-1.521276"></trkpt>
<trkpt lat="38.153002" lon="-1.519337"></trkpt>
<trkpt lat="38.153439" lon="-1.519104"></trkpt>
<trkpt lat="38.153929" lon="-1.518723"></trkpt>
<trkpt lat="38.158792" lon="-1.514429"></trkpt>
<trkpt lat="38.161506" lon="-1.512014"></trkpt>
<trkpt lat="38.161721" lon="-1.511838"></trkpt>
<trkpt lat="38.162644" lon="-1.511038"></trkpt>
<trkpt lat="38.163650" lon="-1.510114"></trkpt>
<trkpt lat="38.163821" lon="-1.510014"></trkpt>
<trkpt lat="38.163986" lon="-1.509983"></trkpt>
<trkpt lat="38.164283" lon="-1.510063"></trkpt>
<trkpt lat="38.164540" lon="-1.510098"></trkpt>
<trkpt lat="38.164756" lon="-1.510042"></trkpt>
<trkpt lat="38.164985" lon="-1.509907"></trkpt>
<trkpt lat="38.165398" lon="-1.509423"></trkpt>
<trkpt lat="38.165905" lon="-1.508717"></trkpt>
<trkpt lat="38.166044" lon="-1.508360"></trkpt>
<trkpt lat="38.166167" lon="-1.508147"></trkpt>
<trkpt lat="38.166620" lon="-1.507778"></trkpt>
<trkpt lat="38.166873" lon="-1.507698"></trkpt>
<trkpt lat="38.171024" lon="-1.507931"></trkpt>
<trkpt lat="38.171339" lon="-1.508020"></trkpt>
<trkpt lat="38.171623" lon="-1.508145"></trkpt>
<trkpt lat="38.172178" lon="-1.508430"></trkpt>
<trkpt lat="38.172290" lon="-1.508471"></trkpt>
<trkpt lat="38.172406" lon="-1.508467"></trkpt>
<trkpt lat="38.173178" lon="-1.508072"></trkpt>
<trkpt lat="38.173340" lon="-1.507946"></trkpt>
<trkpt lat="38.173896" lon="-1.507195"></trkpt>
<trkpt lat="38.174050" lon="-1.507167"></trkpt>
<trkpt lat="38.174621" lon="-1.507372"></trkpt>
<trkpt lat="38.175844" lon="-1.507857"></trkpt>
<trkpt lat="38.176021" lon="-1.507881"></trkpt>
<trkpt lat="38.176203" lon="-1.507872"></trkpt>
<trkpt lat="38.180558" lon="-1.506453"></trkpt>
<trkpt lat="38.181891" lon="-1.506024"></trkpt>
<trkpt lat="38.182214" lon="-1.505950"></trkpt>
<trkpt lat="38.183098" lon="-1.505857"></trkpt>
<trkpt lat="38.183318" lon="-1.505859"></trkpt>
<trkpt lat="38.183448" lon="-1.505927"></trkpt>
<trkpt lat="38.183672" lon="-1.506114"></trkpt>
<trkpt lat="38.183777" lon="-1.506236"></trkpt>
<trkpt lat="38.183882" lon="-1.506508"></trkpt>
<trkpt lat="38.183933" lon="-1.506587"></trkpt>
<trkpt lat="38.184170" lon="-1.506723"></trkpt>
<trkpt lat="38.184367" lon="-1.506872"></trkpt>
<trkpt lat="38.184448" lon="-1.506887"></trkpt>
<trkpt lat="38.184510" lon="-1.506871"></trkpt>
<trkpt lat="38.184712" lon="-1.506711"></trkpt>
<trkpt lat="38.184806" lon="-1.506668"></trkpt>
<trkpt lat="38.185049" lon="-1.506607"></trkpt>
<trkpt lat="38.185270" lon="-1.506587"></trkpt>
<trkpt lat="38.185508" lon="-1.506603"></trkpt>
<trkpt lat="38.185586" lon="-1.506579"></trkpt>
<trkpt lat="38.185653" lon="-1.506517"></trkpt>
<trkpt lat="38.186136" lon="-1.505294"></trkpt>
<trkpt lat="38.186172" lon="-1.505113"></trkpt>
<trkpt lat="38.186132" lon="-1.504967"></trkpt>
<trkpt lat="38.185991" lon="-1.504764"></trkpt>
<trkpt lat="38.185950" lon="-1.504626"></trkpt>
<trkpt lat="38.185901" lon="-1.504199"></trkpt>
<trkpt lat="38.186028" lon="-1.502894"></trkpt>
<trkpt lat="38.186108" lon="-1.502427"></trkpt>
<trkpt lat="38.186160" lon="-1.502295"></trkpt>
<trkpt lat="38.186297" lon="-1.502060"></trkpt>
<trkpt lat="38.186747" lon="-1.501579"></trkpt>
<trkpt lat="38.186911" lon="-1.501561"></trkpt>
<trkpt lat="38.187110" lon="-1.501658"></trkpt>
<trkpt lat="38.187185" lon="-1.501640"></trkpt>
<trkpt lat="38.187781" lon="-1.500981"></trkpt>
<trkpt lat="38.187914" lon="-1.500735"></trkpt>
<trkpt lat="38.187950" lon="-1.500579"></trkpt>
<trkpt lat="38.187958" lon="-1.500419"></trkpt>
<trkpt lat="38.188034" lon="-1.500172"></trkpt>
<trkpt lat="38.188263" lon="-1.499823"></trkpt>
<trkpt lat="38.188312" lon="-1.499699"></trkpt>
<trkpt lat="38.188378" lon="-1.499250"></trkpt>
<trkpt lat="38.188428" lon="-1.499116"></trkpt>
<trkpt lat="38.188485" lon="-1.499050"></trkpt>
<trkpt lat="38.188788" lon="-1.498949"></trkpt>
<trkpt lat="38.188842" lon="-1.498891"></trkpt>
<trkpt lat="38.188925" lon="-1.498704"></trkpt>
<trkpt lat="38.188981" lon="-1.498503"></trkpt>
<trkpt lat="38.189040" lon="-1.498167"></trkpt>
<trkpt lat="38.189083" lon="-1.497562"></trkpt>
<trkpt lat="38.189122" lon="-1.497317"></trkpt>
<trkpt lat="38.189162" lon="-1.497213"></trkpt>
<trkpt lat="38.189647" lon="-1.496572"></trkpt>
<trkpt lat="38.189737" lon="-1.496385"></trkpt>
<trkpt lat="38.189766" lon="-1.496259"></trkpt>
<trkpt lat="38.189776" lon="-1.496172"></trkpt>
<trkpt lat="38.189722" lon="-1.495903"></trkpt>
<trkpt lat="38.189759" lon="-1.495729"></trkpt>
<trkpt lat="38.190360" lon="-1.494812"></trkpt>
<trkpt lat="38.190566" lon="-1.494291"></trkpt>
<trkpt lat="38.190663" lon="-1.494143"></trkpt>
<trkpt lat="38.190912" lon="-1.493879"></trkpt>
<trkpt lat="38.191041" lon="-1.493651"></trkpt>
<trkpt lat="38.191107" lon="-1.493592"></trkpt>
<trkpt lat="38.191432" lon="-1.493406"></trkpt>
<trkpt lat="38.191511" lon="-1.493401"></trkpt>
<trkpt lat="38.191757" lon="-1.493464"></trkpt>
<trkpt lat="38.191855" lon="-1.493414"></trkpt>
<trkpt lat="38.191958" lon="-1.493286"></trkpt>
<trkpt lat="38.192008" lon="-1.493166"></trkpt>
<trkpt lat="38.192037" lon="-1.492998"></trkpt>
<trkpt lat="38.192068" lon="-1.492507"></trkpt>
<trkpt lat="38.192101" lon="-1.492322"></trkpt>
<trkpt lat="38.192170" lon="-1.492164"></trkpt>
<trkpt lat="38.192429" lon="-1.491827"></trkpt>
<trkpt lat="38.192945" lon="-1.491510"></trkpt>
<trkpt lat="38.193122" lon="-1.491330"></trkpt>
<trkpt lat="38.193397" lon="-1.490960"></trkpt>
<trkpt lat="38.193464" lon="-1.490737"></trkpt>
<trkpt lat="38.193451" lon="-1.490406"></trkpt>
<trkpt lat="38.193516" lon="-1.490266"></trkpt>
<trkpt lat="38.193568" lon="-1.490249"></trkpt>
<trkpt lat="38.193832" lon="-1.490322"></trkpt>
<trkpt lat="38.193908" lon="-1.490296"></trkpt>
<trkpt lat="38.194042" lon="-1.490177"></trkpt>
<trkpt lat="38.194146" lon="-1.490147"></trkpt>
<trkpt lat="38.194358" lon="-1.490257"></trkpt>
<trkpt lat="38.194474" lon="-1.490379"></trkpt>
<trkpt lat="38.194551" lon="-1.490531"></trkpt>
<trkpt lat="38.194653" lon="-1.490616"></trkpt>
<trkpt lat="38.194781" lon="-1.490632"></trkpt>
<trkpt lat="38.194893" lon="-1.490588"></trkpt>
<trkpt lat="38.195022" lon="-1.490497"></trkpt>
<trkpt lat="38.195136" lon="-1.490349"></trkpt>
<trkpt lat="38.195184" lon="-1.490200"></trkpt>
<trkpt lat="38.195187" lon="-1.489979"></trkpt>
<trkpt lat="38.195211" lon="-1.489850"></trkpt>
<trkpt lat="38.195252" lon="-1.489766"></trkpt>
<trkpt lat="38.195482" lon="-1.489468"></trkpt>
<trkpt lat="38.195850" lon="-1.489142"></trkpt>
<trkpt lat="38.195915" lon="-1.489052"></trkpt>
<trkpt lat="38.196192" lon="-1.488492"></trkpt>
<trkpt lat="38.196304" lon="-1.488336"></trkpt>
<trkpt lat="38.196420" lon="-1.488233"></trkpt>
<trkpt lat="38.196568" lon="-1.488169"></trkpt>
<trkpt lat="38.196672" lon="-1.488167"></trkpt>
<trkpt lat="38.196734" lon="-1.488199"></trkpt>
<trkpt lat="38.196786" lon="-1.488295"></trkpt>
<trkpt lat="38.196980" lon="-1.488975"></trkpt>
<trkpt lat="38.197107" lon="-1.489211"></trkpt>
<trkpt lat="38.197277" lon="-1.489353"></trkpt>
<trkpt lat="38.197372" lon="-1.489388"></trkpt>
<trkpt lat="38.197693" lon="-1.489403"></trkpt>
<trkpt lat="38.197808" lon="-1.489390"></trkpt>
<trkpt lat="38.199427" lon="-1.489313"></trkpt>
<trkpt lat="38.199593" lon="-1.489256"></trkpt>
<trkpt lat="38.200262" lon="-1.488929"></trkpt>
<trkpt lat="38.201458" lon="-1.488316"></trkpt>
<trkpt lat="38.211565" lon="-1.483272"></trkpt>
<trkpt lat="38.213161" lon="-1.482485"></trkpt>
<trkpt lat="38.214130" lon="-1.482025"></trkpt>
<trkpt lat="38.214368" lon="-1.481872"></trkpt>
<trkpt lat="38.214541" lon="-1.481693"></trkpt>
<trkpt lat="38.214636" lon="-1.481545"></trkpt>
<trkpt lat="38.214951" lon="-1.480665"></trkpt>
<trkpt lat="38.214967" lon="-1.480616"></trkpt>
<trkpt lat="38.215935" lon="-1.477862"></trkpt>
<trkpt lat="38.216031" lon="-1.477097"></trkpt>
<trkpt lat="38.216465" lon="-1.476169"></trkpt>
<trkpt lat="38.216531" lon="-1.475986"></trkpt>
<trkpt lat="38.216682" lon="-1.475170"></trkpt>
<trkpt lat="38.216941" lon="-1.474424"></trkpt>
<trkpt lat="38.217431" lon="-1.473579"></trkpt>
<trkpt lat="38.217478" lon="-1.473470"></trkpt>
<trkpt lat="38.217553" lon="-1.473166"></trkpt>
<trkpt lat="38.217653" lon="-1.472910"></trkpt>
<trkpt lat="38.217950" lon="-1.472354"></trkpt>
<trkpt lat="38.218076" lon="-1.472188"></trkpt>
<trkpt lat="38.218402" lon="-1.471916"></trkpt>
<trkpt lat="38.219460" lon="-1.471255"></trkpt>
<trkpt lat="38.219534" lon="-1.471160"></trkpt>
<trkpt lat="38.219648" lon="-1.470899"></trkpt>
<trkpt lat="38.219771" lon="-1.470745"></trkpt>
<trkpt lat="38.219874" lon="-1.470668"></trkpt>
<trkpt lat="38.219981" lon="-1.470632"></trkpt>
<trkpt lat="38.220093" lon="-1.470635"></trkpt>
<trkpt lat="38.220637" lon="-1.470998"></trkpt>
<trkpt lat="38.220827" lon="-1.471025"></trkpt>
<trkpt lat="38.220913" lon="-1.470990"></trkpt>
<trkpt lat="38.221013" lon="-1.470907"></trkpt>
<trkpt lat="38.221065" lon="-1.470785"></trkpt>
<trkpt lat="38.221166" lon="-1.470277"></trkpt>
<trkpt lat="38.221185" lon="-1.470021"></trkpt>
<trkpt lat="38.221152" lon="-1.469596"></trkpt>
<trkpt lat="38.221161" lon="-1.469188"></trkpt>
<trkpt lat="38.221191" lon="-1.469000"></trkpt>
<trkpt lat="38.221357" lon="-1.468483"></trkpt>
<trkpt lat="38.221562" lon="-1.466881"></trkpt>
<trkpt lat="38.222150" lon="-1.465649"></trkpt>
<trkpt lat="38.222463" lon="-1.464860"></trkpt>
<trkpt lat="38.222525" lon="-1.464582"></trkpt>
<trkpt lat="38.222531" lon="-1.463879"></trkpt>
<trkpt lat="38.222577" lon="-1.463574"></trkpt>
<trkpt lat="38.222930" lon="-1.462947"></trkpt>
<trkpt lat="38.223181" lon="-1.462483"></trkpt>
<trkpt lat="38.223509" lon="-1.461735"></trkpt>
<trkpt lat="38.223929" lon="-1.460676"></trkpt>
<trkpt lat="38.224036" lon="-1.460464"></trkpt>
<trkpt lat="38.224080" lon="-1.460405"></trkpt>
<trkpt lat="38.224381" lon="-1.460225"></trkpt>
<trkpt lat="38.224822" lon="-1.459996"></trkpt>
<trkpt lat="38.224957" lon="-1.459864"></trkpt>
<trkpt lat="38.225071" lon="-1.459629"></trkpt>
<trkpt lat="38.225116" lon="-1.459316"></trkpt>
<trkpt lat="38.225150" lon="-1.458767"></trkpt>
<trkpt lat="38.225203" lon="-1.458131"></trkpt>
<trkpt lat="38.225251" lon="-1.457931"></trkpt>
<trkpt lat="38.225382" lon="-1.457708"></trkpt>
<trkpt lat="38.226414" lon="-1.456465"></trkpt>
<trkpt lat="38.226782" lon="-1.455875"></trkpt>
<trkpt lat="38.226970" lon="-1.455433"></trkpt>
<trkpt lat="38.227533" lon="-1.453848"></trkpt>
<trkpt lat="38.228363" lon="-1.451295"></trkpt>
<trkpt lat="38.228412" lon="-1.451150"></trkpt>
<trkpt lat="38.228641" lon="-1.450473"></trkpt>
<trkpt lat="38.228669" lon="-1.450392"></trkpt>
<trkpt lat="38.229496" lon="-1.447904"></trkpt>
<trkpt lat="38.229565" lon="-1.447763"></trkpt>
<trkpt lat="38.229673" lon="-1.447618"></trkpt>
<trkpt lat="38.230200" lon="-1.446973"></trkpt>
<trkpt lat="38.230962" lon="-1.446047"></trkpt>
<trkpt lat="38.231725" lon="-1.445123"></trkpt>
<trkpt lat="38.232026" lon="-1.444760"></trkpt>
<trkpt lat="38.232119" lon="-1.444609"></trkpt>
<trkpt lat="38.232190" lon="-1.444436"></trkpt>
<trkpt lat="38.232709" lon="-1.442011"></trkpt>
<trkpt lat="38.232776" lon="-1.441830"></trkpt>
<trkpt lat="38.232869" lon="-1.441688"></trkpt>
<trkpt lat="38.232972" lon="-1.441596"></trkpt>
<trkpt lat="38.233150" lon="-1.441526"></trkpt>
<trkpt lat="38.233352" lon="-1.441530"></trkpt>
<trkpt lat="38.233511" lon="-1.441482"></trkpt>
<trkpt lat="38.234198" lon="-1.440941"></trkpt>
<trkpt lat="38.234333" lon="-1.440899"></trkpt>
<trkpt lat="38.234458" lon="-1.440938"></trkpt>
<trkpt lat="38.234690" lon="-1.441092"></trkpt>
<trkpt lat="38.234852" lon="-1.441093"></trkpt>
<trkpt lat="38.236103" lon="-1.440346"></trkpt>
<trkpt lat="38.239147" lon="-1.438501"></trkpt>
<trkpt lat="38.239689" lon="-1.438173"></trkpt>
<trkpt lat="38.239877" lon="-1.438016"></trkpt>
<trkpt lat="38.240490" lon="-1.436755"></trkpt>
<trkpt lat="38.240646" lon="-1.436357"></trkpt>
<trkpt lat="38.240708" lon="-1.435942"></trkpt>
<trkpt lat="38.240789" lon="-1.434451"></trkpt>
<trkpt lat="38.240874" lon="-1.433571"></trkpt>
<trkpt lat="38.240878" lon="-1.433402"></trkpt>
<trkpt lat="38.240844" lon="-1.433161"></trkpt>
<trkpt lat="38.240733" lon="-1.432887"></trkpt>
<trkpt lat="38.240600" lon="-1.432691"></trkpt>
<trkpt lat="38.240145" lon="-1.432217"></trkpt>
<trkpt lat="38.238603" lon="-1.430509"></trkpt>
<trkpt lat="38.238155" lon="-1.430055"></trkpt>
<trkpt lat="38.237958" lon="-1.429913"></trkpt>
<trkpt lat="38.237913" lon="-1.429887"></trkpt>
<trkpt lat="38.237356" lon="-1.429543"></trkpt>
<trkpt lat="38.237299" lon="-1.429495"></trkpt>
<trkpt lat="38.237558" lon="-1.428490"></trkpt>
<trkpt lat="38.237958" lon="-1.427715"></trkpt>
<trkpt lat="38.238062" lon="-1.427446"></trkpt>
<trkpt lat="38.238205" lon="-1.427309"></trkpt>
<trkpt lat="38.238382" lon="-1.426814"></trkpt>
<trkpt lat="38.238705" lon="-1.425881"></trkpt>
<trkpt lat="38.238925" lon="-1.425367"></trkpt>
<trkpt lat="38.239030" lon="-1.425112"></trkpt>
<trkpt lat="38.239041" lon="-1.425024"></trkpt>
<trkpt lat="38.239075" lon="-1.424686"></trkpt>
<trkpt lat="38.239253" lon="-1.424446"></trkpt>
<trkpt lat="38.239480" lon="-1.424223"></trkpt>
<trkpt lat="38.239917" lon="-1.424170"></trkpt>
<trkpt lat="38.240408" lon="-1.424143"></trkpt>
<trkpt lat="38.241227" lon="-1.424113"></trkpt>
<trkpt lat="38.241439" lon="-1.424074"></trkpt>
<trkpt lat="38.242057" lon="-1.423701"></trkpt>
<trkpt lat="38.242494" lon="-1.423372"></trkpt>
<trkpt lat="38.242661" lon="-1.423230"></trkpt>
<trkpt lat="38.242827" lon="-1.423083"></trkpt>
<trkpt lat="38.243186" lon="-1.422763"></trkpt>
<trkpt lat="38.243413" lon="-1.422561"></trkpt>
<trkpt lat="38.243947" lon="-1.422922"></trkpt>
<trkpt lat="38.244514" lon="-1.423305"></trkpt>
<trkpt lat="38.244831" lon="-1.423549"></trkpt>
<trkpt lat="38.245020" lon="-1.423734"></trkpt>
<trkpt lat="38.246457" lon="-1.425533"></trkpt>
<trkpt lat="38.246589" lon="-1.425672"></trkpt>
<trkpt lat="38.247309" lon="-1.426119"></trkpt>
<trkpt lat="38.247340" lon="-1.426137"></trkpt>
<trkpt lat="38.247631" lon="-1.426305"></trkpt>
<trkpt lat="38.248362" lon="-1.426686"></trkpt>
<trkpt lat="38.250301" lon="-1.427622"></trkpt>
<trkpt lat="38.250488" lon="-1.427689"></trkpt>
<trkpt lat="38.250845" lon="-1.427732"></trkpt>
<trkpt lat="38.250992" lon="-1.427676"></trkpt>
<trkpt lat="38.251059" lon="-1.427592"></trkpt>
<trkpt lat="38.251163" lon="-1.427435"></trkpt>
<trkpt lat="38.251383" lon="-1.427205"></trkpt>
<trkpt lat="38.251594" lon="-1.427077"></trkpt>
<trkpt lat="38.251985" lon="-1.426901"></trkpt>
<trkpt lat="38.252077" lon="-1.426868"></trkpt>
<trkpt lat="38.252221" lon="-1.426826"></trkpt>
<trkpt lat="38.252471" lon="-1.426844"></trkpt>
<trkpt lat="38.252648" lon="-1.426896"></trkpt>
<trkpt lat="38.253097" lon="-1.427045"></trkpt>
<trkpt lat="38.253216" lon="-1.427084"></trkpt>
<trkpt lat="38.253643" lon="-1.427232"></trkpt>
<trkpt lat="38.253736" lon="-1.427267"></trkpt>
<trkpt lat="38.253908" lon="-1.427327"></trkpt>
<trkpt lat="38.254462" lon="-1.427521"></trkpt>
<trkpt lat="38.254677" lon="-1.427531"></trkpt>
<trkpt lat="38.255021" lon="-1.427491"></trkpt>
<trkpt lat="38.255238" lon="-1.427561"></trkpt>
<trkpt lat="38.255389" lon="-1.427716"></trkpt>
<trkpt lat="38.255619" lon="-1.428270"></trkpt>
<trkpt lat="38.255825" lon="-1.429493"></trkpt>
<trkpt lat="38.255946" lon="-1.429959"></trkpt>
<trkpt lat="38.256065" lon="-1.430202"></trkpt>
<trkpt lat="38.256526" lon="-1.430735"></trkpt>
<trkpt lat="38.256818" lon="-1.431042"></trkpt>
<trkpt lat="38.257710" lon="-1.432058"></trkpt>
<trkpt lat="38.258060" lon="-1.432405"></trkpt>
<trkpt lat="38.259612" lon="-1.434130"></trkpt>
<trkpt lat="38.259762" lon="-1.434177"></trkpt>
<trkpt lat="38.259846" lon="-1.434262"></trkpt>
<trkpt lat="38.259902" lon="-1.434379"></trkpt>
<trkpt lat="38.259922" lon="-1.434483"></trkpt>
<trkpt lat="38.262531" lon="-1.437434"></trkpt>
<trkpt lat="38.262668" lon="-1.437514"></trkpt>
<trkpt lat="38.262684" lon="-1.437511"></trkpt>
<trkpt lat="38.262766" lon="-1.437532"></trkpt>
<trkpt lat="38.262836" lon="-1.437663"></trkpt>
<trkpt lat="38.262837" lon="-1.437700"></trkpt>
<trkpt lat="38.262902" lon="-1.437879"></trkpt>
<trkpt lat="38.263008" lon="-1.438043"></trkpt>
<trkpt lat="38.263264" lon="-1.438342"></trkpt>
<trkpt lat="38.265222" lon="-1.440540"></trkpt>
<trkpt lat="38.265555" lon="-1.440788"></trkpt>
<trkpt lat="38.265626" lon="-1.440815"></trkpt>
<trkpt lat="38.265721" lon="-1.440841"></trkpt>
<trkpt lat="38.265782" lon="-1.440937"></trkpt>
<trkpt lat="38.265977" lon="-1.441221"></trkpt>
<trkpt lat="38.266506" lon="-1.441999"></trkpt>
<trkpt lat="38.267254" lon="-1.442839"></trkpt>
<trkpt lat="38.267860" lon="-1.443436"></trkpt>
<trkpt lat="38.269048" lon="-1.444343"></trkpt>
<trkpt lat="38.269500" lon="-1.444745"></trkpt>
<trkpt lat="38.269863" lon="-1.445119"></trkpt>
<trkpt lat="38.270162" lon="-1.445528"></trkpt>
<trkpt lat="38.270422" lon="-1.445974"></trkpt>
<trkpt lat="38.270742" lon="-1.446695"></trkpt>
<trkpt lat="38.270778" lon="-1.446797"></trkpt>
<trkpt lat="38.272310" lon="-1.450848"></trkpt>
<trkpt lat="38.272625" lon="-1.451600"></trkpt>
<trkpt lat="38.272939" lon="-1.452135"></trkpt>
<trkpt lat="38.273264" lon="-1.452563"></trkpt>
<trkpt lat="38.273630" lon="-1.452936"></trkpt>
<trkpt lat="38.273914" lon="-1.453183"></trkpt>
<trkpt lat="38.274222" lon="-1.453399"></trkpt>
<trkpt lat="38.274901" lon="-1.453752"></trkpt>
<trkpt lat="38.275678" lon="-1.454091"></trkpt>
<trkpt lat="38.278506" lon="-1.455265"></trkpt>
<trkpt lat="38.282909" lon="-1.457192"></trkpt>
<trkpt lat="38.283319" lon="-1.457367"></trkpt>
<trkpt lat="38.283719" lon="-1.457537"></trkpt>
<trkpt lat="38.290397" lon="-1.460392"></trkpt>
<trkpt lat="38.293775" lon="-1.461827"></trkpt>
<trkpt lat="38.298804" lon="-1.464927"></trkpt>
<trkpt lat="38.301547" lon="-1.466589"></trkpt>
<trkpt lat="38.302007" lon="-1.466934"></trkpt>
<trkpt lat="38.308072" lon="-1.474204"></trkpt>
<trkpt lat="38.308556" lon="-1.474846"></trkpt>
<trkpt lat="38.308890" lon="-1.475156"></trkpt>
<trkpt lat="38.309618" lon="-1.475673"></trkpt>
<trkpt lat="38.310701" lon="-1.476482"></trkpt>
<trkpt lat="38.312046" lon="-1.477469"></trkpt>
<trkpt lat="38.312949" lon="-1.478158"></trkpt>
<trkpt lat="38.314689" lon="-1.479459"></trkpt>
<trkpt lat="38.315140" lon="-1.479778"></trkpt>
<trkpt lat="38.315302" lon="-1.479851"></trkpt>
<trkpt lat="38.315540" lon="-1.480016"></trkpt>
<trkpt lat="38.315816" lon="-1.480067"></trkpt>
<trkpt lat="38.316002" lon="-1.480033"></trkpt>
<trkpt lat="38.316155" lon="-1.479967"></trkpt>
<trkpt lat="38.316311" lon="-1.479801"></trkpt>
<trkpt lat="38.316416" lon="-1.479640"></trkpt>
<trkpt lat="38.316624" lon="-1.479219"></trkpt>
<trkpt lat="38.316879" lon="-1.478643"></trkpt>
<trkpt lat="38.317583" lon="-1.477066"></trkpt>
<trkpt lat="38.317698" lon="-1.476899"></trkpt>
<trkpt lat="38.317849" lon="-1.476720"></trkpt>
<trkpt lat="38.318539" lon="-1.476009"></trkpt>
<trkpt lat="38.318909" lon="-1.475451"></trkpt>
<trkpt lat="38.319065" lon="-1.475169"></trkpt>
<trkpt lat="38.319225" lon="-1.474797"></trkpt>
<trkpt lat="38.319633" lon="-1.473708"></trkpt>
<trkpt lat="38.319825" lon="-1.473380"></trkpt>
<trkpt lat="38.320572" lon="-1.472654"></trkpt>
<trkpt lat="38.320767" lon="-1.472430"></trkpt>
<trkpt lat="38.320957" lon="-1.472176"></trkpt>
<trkpt lat="38.321950" lon="-1.470686"></trkpt>
<trkpt lat="38.322839" lon="-1.469391"></trkpt>
<trkpt lat="38.325262" lon="-1.466329"></trkpt>
<trkpt lat="38.325467" lon="-1.465961"></trkpt>
<trkpt lat="38.326039" lon="-1.464754"></trkpt>
<trkpt lat="38.326209" lon="-1.464471"></trkpt>
<trkpt lat="38.326438" lon="-1.464154"></trkpt>
<trkpt lat="38.326667" lon="-1.463907"></trkpt>
<trkpt lat="38.326851" lon="-1.463748"></trkpt>
<trkpt lat="38.327293" lon="-1.463474"></trkpt>
<trkpt lat="38.330455" lon="-1.461862"></trkpt>
<trkpt lat="38.331252" lon="-1.461456"></trkpt>
<trkpt lat="38.331809" lon="-1.461089"></trkpt>
<trkpt lat="38.331952" lon="-1.460985"></trkpt>
<trkpt lat="38.333350" lon="-1.460006"></trkpt>
<trkpt lat="38.333868" lon="-1.459728"></trkpt>
<trkpt lat="38.334211" lon="-1.459626"></trkpt>
<trkpt lat="38.334661" lon="-1.459586"></trkpt>
<trkpt lat="38.335936" lon="-1.459706"></trkpt>
<trkpt lat="38.336247" lon="-1.459701"></trkpt>
<trkpt lat="38.336756" lon="-1.459593"></trkpt>
<trkpt lat="38.338442" lon="-1.459059"></trkpt>
<trkpt lat="38.338862" lon="-1.458926"></trkpt>
<trkpt lat="38.339571" lon="-1.458735"></trkpt>
<trkpt lat="38.341323" lon="-1.458390"></trkpt>
<trkpt lat="38.341949" lon="-1.458242"></trkpt>
<trkpt lat="38.345019" lon="-1.457404"></trkpt>
<trkpt lat="38.345651" lon="-1.457232"></trkpt>
<trkpt lat="38.346009" lon="-1.457072"></trkpt>
<trkpt lat="38.346543" lon="-1.456680"></trkpt>
<trkpt lat="38.346687" lon="-1.456568"></trkpt>
<trkpt lat="38.350231" lon="-1.453811"></trkpt>
<trkpt lat="38.350708" lon="-1.453484"></trkpt>
<trkpt lat="38.355886" lon="-1.450955"></trkpt>
<trkpt lat="38.356675" lon="-1.450579"></trkpt>
<trkpt lat="38.358020" lon="-1.450030"></trkpt>
<trkpt lat="38.359236" lon="-1.449607"></trkpt>
<trkpt lat="38.359663" lon="-1.449529"></trkpt>
<trkpt lat="38.361097" lon="-1.449474"></trkpt>
<trkpt lat="38.361323" lon="-1.449438"></trkpt>
<trkpt lat="38.361868" lon="-1.449238"></trkpt>
<trkpt lat="38.362833" lon="-1.448814"></trkpt>
<trkpt lat="38.363112" lon="-1.448712"></trkpt>
<trkpt lat="38.363658" lon="-1.448568"></trkpt>
<trkpt lat="38.365462" lon="-1.448286"></trkpt>
<trkpt lat="38.365849" lon="-1.448190"></trkpt>
<trkpt lat="38.366465" lon="-1.447903"></trkpt>
<trkpt lat="38.366875" lon="-1.447681"></trkpt>
<trkpt lat="38.367235" lon="-1.447405"></trkpt>
<trkpt lat="38.368167" lon="-1.446502"></trkpt>
<trkpt lat="38.368775" lon="-1.445851"></trkpt>
<trkpt lat="38.371204" lon="-1.443124"></trkpt>
<trkpt lat="38.372121" lon="-1.442064"></trkpt>
<trkpt lat="38.373380" lon="-1.440270"></trkpt>
<trkpt lat="38.373926" lon="-1.439549"></trkpt>
<trkpt lat="38.374059" lon="-1.439404"></trkpt>
<trkpt lat="38.374687" lon="-1.438882"></trkpt>
<trkpt lat="38.375005" lon="-1.438546"></trkpt>
<trkpt lat="38.375442" lon="-1.437996"></trkpt>
<trkpt lat="38.376044" lon="-1.437061"></trkpt>
<trkpt lat="38.377107" lon="-1.435305"></trkpt>
<trkpt lat="38.377502" lon="-1.434520"></trkpt>
<trkpt lat="38.378936" lon="-1.430798"></trkpt>
<trkpt lat="38.379444" lon="-1.429402"></trkpt>
<trkpt lat="38.380803" lon="-1.425949"></trkpt>
<trkpt lat="38.381964" lon="-1.422869"></trkpt>
<trkpt lat="38.382143" lon="-1.422497"></trkpt>
<trkpt lat="38.382279" lon="-1.422270"></trkpt>
<trkpt lat="38.382435" lon="-1.422090"></trkpt>
<trkpt lat="38.382806" lon="-1.421754"></trkpt>
<trkpt lat="38.383332" lon="-1.421437"></trkpt>
<trkpt lat="38.383986" lon="-1.420987"></trkpt>
<trkpt lat="38.385199" lon="-1.420268"></trkpt>
<trkpt lat="38.385622" lon="-1.420094"></trkpt>
<trkpt lat="38.388224" lon="-1.418893"></trkpt>
<trkpt lat="38.388278" lon="-1.418874"></trkpt>
<trkpt lat="38.389167" lon="-1.418441"></trkpt>
<trkpt lat="38.390588" lon="-1.417295"></trkpt>
<trkpt lat="38.391265" lon="-1.416840"></trkpt>
<trkpt lat="38.392797" lon="-1.416101"></trkpt>
<trkpt lat="38.393918" lon="-1.415485"></trkpt>
<trkpt lat="38.394446" lon="-1.415145"></trkpt>
<trkpt lat="38.395457" lon="-1.414346"></trkpt>
<trkpt lat="38.395800" lon="-1.414019"></trkpt>
<trkpt lat="38.396994" lon="-1.412776"></trkpt>
<trkpt lat="38.398410" lon="-1.411428"></trkpt>
<trkpt lat="38.398972" lon="-1.410959"></trkpt>
<trkpt lat="38.399600" lon="-1.410527"></trkpt>
<trkpt lat="38.400158" lon="-1.409998"></trkpt>
<trkpt lat="38.402144" lon="-1.407687"></trkpt>
<trkpt lat="38.403593" lon="-1.406513"></trkpt>
<trkpt lat="38.403998" lon="-1.405957"></trkpt>
<trkpt lat="38.404790" lon="-1.404622"></trkpt>
<trkpt lat="38.404927" lon="-1.404305"></trkpt>
<trkpt lat="38.405050" lon="-1.403877"></trkpt>
<trkpt lat="38.405060" lon="-1.403755"></trkpt>
<trkpt lat="38.405478" lon="-1.401897"></trkpt>
<trkpt lat="38.406310" lon="-1.398194"></trkpt>
<trkpt lat="38.406655" lon="-1.396642"></trkpt>
<trkpt lat="38.406800" lon="-1.396165"></trkpt>
<trkpt lat="38.406876" lon="-1.396045"></trkpt>
<trkpt lat="38.407910" lon="-1.394105"></trkpt>
<trkpt lat="38.408894" lon="-1.391970"></trkpt>
<trkpt lat="38.410211" lon="-1.389066"></trkpt>
<trkpt lat="38.410454" lon="-1.388627"></trkpt>
<trkpt lat="38.411537" lon="-1.386995"></trkpt>
<trkpt lat="38.411800" lon="-1.386646"></trkpt>
<trkpt lat="38.412116" lon="-1.386293"></trkpt>
<trkpt lat="38.412327" lon="-1.386103"></trkpt>
<trkpt lat="38.413071" lon="-1.385551"></trkpt>
<trkpt lat="38.415508" lon="-1.383834"></trkpt>
<trkpt lat="38.416300" lon="-1.383234"></trkpt>
<trkpt lat="38.417645" lon="-1.382044"></trkpt>
<trkpt lat="38.418295" lon="-1.381601"></trkpt>
<trkpt lat="38.419141" lon="-1.381146"></trkpt>
<trkpt lat="38.419683" lon="-1.380823"></trkpt>
<trkpt lat="38.420003" lon="-1.380572"></trkpt>
<trkpt lat="38.420212" lon="-1.380328"></trkpt>
<trkpt lat="38.424822" lon="-1.372428"></trkpt>
<trkpt lat="38.427427" lon="-1.367893"></trkpt>
<trkpt lat="38.427670" lon="-1.367522"></trkpt>
<trkpt lat="38.428065" lon="-1.367032"></trkpt>
<trkpt lat="38.428563" lon="-1.366355"></trkpt>
<trkpt lat="38.429000" lon="-1.365700"></trkpt>
<trkpt lat="38.430003" lon="-1.363810"></trkpt>
<trkpt lat="38.430139" lon="-1.363510"></trkpt>
<trkpt lat="38.430714" lon="-1.362030"></trkpt>
<trkpt lat="38.431012" lon="-1.361553"></trkpt>
<trkpt lat="38.431749" lon="-1.360582"></trkpt>
<trkpt lat="38.432563" lon="-1.359605"></trkpt>
<trkpt lat="38.433614" lon="-1.358021"></trkpt>
<trkpt lat="38.437568" lon="-1.351043"></trkpt>
<trkpt lat="38.438095" lon="-1.350075"></trkpt>
<trkpt lat="38.438227" lon="-1.349728"></trkpt>
<trkpt lat="38.438311" lon="-1.349368"></trkpt>
<trkpt lat="38.438453" lon="-1.348625"></trkpt>
<trkpt lat="38.438560" lon="-1.348232"></trkpt>
<trkpt lat="38.438673" lon="-1.347934"></trkpt>
<trkpt lat="38.438823" lon="-1.347643"></trkpt>
<trkpt lat="38.439389" lon="-1.346709"></trkpt>
<trkpt lat="38.440639" lon="-1.344652"></trkpt>
<trkpt lat="38.441118" lon="-1.344072"></trkpt>
<trkpt lat="38.441892" lon="-1.343008"></trkpt>
<trkpt lat="38.442431" lon="-1.342013"></trkpt>
<trkpt lat="38.442844" lon="-1.341339"></trkpt>
<trkpt lat="38.443040" lon="-1.341115"></trkpt>
<trkpt lat="38.443483" lon="-1.340707"></trkpt>
<trkpt lat="38.443583" lon="-1.340625"></trkpt>
<trkpt lat="38.443884" lon="-1.340479"></trkpt>
<trkpt lat="38.444046" lon="-1.340455"></trkpt>
<trkpt lat="38.444108" lon="-1.340449"></trkpt>
<trkpt lat="38.444522" lon="-1.340423"></trkpt>
<trkpt lat="38.444645" lon="-1.340390"></trkpt>
<trkpt lat="38.445097" lon="-1.340225"></trkpt>
<trkpt lat="38.445366" lon="-1.340093"></trkpt>
<trkpt lat="38.446025" lon="-1.339655"></trkpt>
<trkpt lat="38.446697" lon="-1.339365"></trkpt>
<trkpt lat="38.447581" lon="-1.339073"></trkpt>
<trkpt lat="38.447705" lon="-1.339014"></trkpt>
<trkpt lat="38.448114" lon="-1.338966"></trkpt>
<trkpt lat="38.448176" lon="-1.338880"></trkpt>
<trkpt lat="38.448259" lon="-1.338830"></trkpt>
<trkpt lat="38.448397" lon="-1.338839"></trkpt>
<trkpt lat="38.448880" lon="-1.338603"></trkpt>
<trkpt lat="38.449584" lon="-1.338096"></trkpt>
<trkpt lat="38.450217" lon="-1.337758"></trkpt>
<trkpt lat="38.452059" lon="-1.336978"></trkpt>
<trkpt lat="38.453258" lon="-1.336460"></trkpt>
<trkpt lat="38.454102" lon="-1.335991"></trkpt>
<trkpt lat="38.456421" lon="-1.334709"></trkpt>
<trkpt lat="38.457450" lon="-1.334240"></trkpt>
<trkpt lat="38.458307" lon="-1.333891"></trkpt>
<trkpt lat="38.459223" lon="-1.333514"></trkpt>
<trkpt lat="38.459438" lon="-1.333425"></trkpt>
<trkpt lat="38.461070" lon="-1.332775"></trkpt>
<trkpt lat="38.462839" lon="-1.332373"></trkpt>
<trkpt lat="38.463096" lon="-1.332314"></trkpt>
<trkpt lat="38.463859" lon="-1.332089"></trkpt>
<trkpt lat="38.464670" lon="-1.331897"></trkpt>
<trkpt lat="38.465062" lon="-1.331810"></trkpt>
<trkpt lat="38.465715" lon="-1.331641"></trkpt>
<trkpt lat="38.466002" lon="-1.331546"></trkpt>
<trkpt lat="38.466088" lon="-1.331498"></trkpt>
<trkpt lat="38.466516" lon="-1.331255"></trkpt>
<trkpt lat="38.466825" lon="-1.331124"></trkpt>
<trkpt lat="38.467052" lon="-1.331125"></trkpt>
<trkpt lat="38.467069" lon="-1.330934"></trkpt>
<trkpt lat="38.467105" lon="-1.330849"></trkpt>
<trkpt lat="38.467237" lon="-1.330712"></trkpt>
<trkpt lat="38.467406" lon="-1.330687"></trkpt>
<trkpt lat="38.467545" lon="-1.330765"></trkpt>
<trkpt lat="38.467599" lon="-1.330834"></trkpt>
<trkpt lat="38.467659" lon="-1.331012"></trkpt>
<trkpt lat="38.467878" lon="-1.330950"></trkpt>
<trkpt lat="38.468386" lon="-1.330806"></trkpt>
<trkpt lat="38.468564" lon="-1.330756"></trkpt>
<trkpt lat="38.469123" lon="-1.330597"></trkpt>
<trkpt lat="38.469416" lon="-1.330514"></trkpt>
<trkpt lat="38.469867" lon="-1.330388"></trkpt>
<trkpt lat="38.469875" lon="-1.330518"></trkpt>
<trkpt lat="38.469746" lon="-1.330946"></trkpt>
<trkpt lat="38.469654" lon="-1.331161"></trkpt>
<trkpt lat="38.469482" lon="-1.331458"></trkpt>
<trkpt lat="38.469284" lon="-1.331949"></trkpt>
<trkpt lat="38.469321" lon="-1.331977"></trkpt>
<trkpt lat="38.469349" lon="-1.332017"></trkpt>
<trkpt lat="38.469340" lon="-1.332116"></trkpt>
<trkpt lat="38.469646" lon="-1.332399"></trkpt>
<trkpt lat="38.469857" lon="-1.332582"></trkpt>
<trkpt lat="38.470331" lon="-1.332977"></trkpt>
<trkpt lat="38.470681" lon="-1.333279"></trkpt>
<trkpt lat="38.471281" lon="-1.333819"></trkpt>
<trkpt lat="38.471385" lon="-1.333908"></trkpt>
<trkpt lat="38.471768" lon="-1.334244"></trkpt>
<trkpt lat="38.473683" lon="-1.335912"></trkpt>
<trkpt lat="38.473937" lon="-1.336126"></trkpt>
<trkpt lat="38.474695" lon="-1.336766"></trkpt>
<trkpt lat="38.474868" lon="-1.336817"></trkpt>
<trkpt lat="38.475059" lon="-1.336819"></trkpt>
<trkpt lat="38.475502" lon="-1.336671"></trkpt>
<trkpt lat="38.475942" lon="-1.336547"></trkpt>
<trkpt lat="38.476136" lon="-1.336526"></trkpt>
<trkpt lat="38.476565" lon="-1.336482"></trkpt>
<trkpt lat="38.476883" lon="-1.336505"></trkpt>
<trkpt lat="38.477377" lon="-1.336684"></trkpt>
<trkpt lat="38.477455" lon="-1.336715"></trkpt>
<trkpt lat="38.477603" lon="-1.336768"></trkpt>
<trkpt lat="38.478292" lon="-1.337116"></trkpt>
<trkpt lat="38.478755" lon="-1.337464"></trkpt>
<trkpt lat="38.481532" lon="-1.339924"></trkpt>
<trkpt lat="38.481655" lon="-1.340002"></trkpt>
<trkpt lat="38.482254" lon="-1.340524"></trkpt>
<trkpt lat="38.482347" lon="-1.340604"></trkpt>
<trkpt lat="38.482592" lon="-1.340821"></trkpt>
<trkpt lat="38.482619" lon="-1.340845"></trkpt>
<trkpt lat="38.482833" lon="-1.341035"></trkpt>
<trkpt lat="38.483151" lon="-1.341312"></trkpt>
<trkpt lat="38.483389" lon="-1.341531"></trkpt>
<trkpt lat="38.483782" lon="-1.341871"></trkpt>
<trkpt lat="38.484029" lon="-1.342091"></trkpt>
<trkpt lat="38.484229" lon="-1.342264"></trkpt>
<trkpt lat="38.484583" lon="-1.342607"></trkpt>
<trkpt lat="38.485038" lon="-1.343265"></trkpt>
<trkpt lat="38.485125" lon="-1.343350"></trkpt>
<trkpt lat="38.485150" lon="-1.343438"></trkpt>
<trkpt lat="38.485219" lon="-1.343664"></trkpt>
<trkpt lat="38.485342" lon="-1.343944"></trkpt>
<trkpt lat="38.486319" lon="-1.345691"></trkpt>
<trkpt lat="38.486755" lon="-1.346201"></trkpt>
<trkpt lat="38.487747" lon="-1.347223"></trkpt>
<trkpt lat="38.487904" lon="-1.347422"></trkpt>
<trkpt lat="38.488343" lon="-1.348102"></trkpt>
<trkpt lat="38.488473" lon="-1.348261"></trkpt>
<trkpt lat="38.488683" lon="-1.348411"></trkpt>
<trkpt lat="38.489240" lon="-1.348615"></trkpt>
<trkpt lat="38.489646" lon="-1.348820"></trkpt>
<trkpt lat="38.490405" lon="-1.349312"></trkpt>
<trkpt lat="38.490611" lon="-1.349495"></trkpt>
<trkpt lat="38.490745" lon="-1.349658"></trkpt>
<trkpt lat="38.491375" lon="-1.350685"></trkpt>
<trkpt lat="38.491608" lon="-1.351007"></trkpt>
<trkpt lat="38.492582" lon="-1.351880"></trkpt>
<trkpt lat="38.493032" lon="-1.352232"></trkpt>
<trkpt lat="38.494983" lon="-1.353233"></trkpt>
<trkpt lat="38.497960" lon="-1.354368"></trkpt>
<trkpt lat="38.498283" lon="-1.354525"></trkpt>
<trkpt lat="38.498462" lon="-1.354664"></trkpt>
<trkpt lat="38.499059" lon="-1.355202"></trkpt>
<trkpt lat="38.499497" lon="-1.355618"></trkpt>
<trkpt lat="38.499849" lon="-1.355913"></trkpt>
<trkpt lat="38.501002" lon="-1.356645"></trkpt>
<trkpt lat="38.501419" lon="-1.356849"></trkpt>
<trkpt lat="38.503476" lon="-1.357697"></trkpt>
<trkpt lat="38.504029" lon="-1.357992"></trkpt>
<trkpt lat="38.505726" lon="-1.359169"></trkpt>
<trkpt lat="38.506371" lon="-1.359711"></trkpt>
<trkpt lat="38.506520" lon="-1.359832"></trkpt>
<trkpt lat="38.506675" lon="-1.359904"></trkpt>
<trkpt lat="38.507706" lon="-1.359987"></trkpt>
<trkpt lat="38.507902" lon="-1.360058"></trkpt>
<trkpt lat="38.508029" lon="-1.360173"></trkpt>
<trkpt lat="38.508308" lon="-1.360522"></trkpt>
<trkpt lat="38.508644" lon="-1.361041"></trkpt>
<trkpt lat="38.509137" lon="-1.362184"></trkpt>
<trkpt lat="38.509272" lon="-1.362444"></trkpt>
<trkpt lat="38.509484" lon="-1.362745"></trkpt>
<trkpt lat="38.509842" lon="-1.363116"></trkpt>
<trkpt lat="38.510495" lon="-1.363769"></trkpt>
<trkpt lat="38.511343" lon="-1.364370"></trkpt>
<trkpt lat="38.511564" lon="-1.364593"></trkpt>
<trkpt lat="38.511755" lon="-1.364881"></trkpt>
<trkpt lat="38.514705" lon="-1.369965"></trkpt>
<trkpt lat="38.515140" lon="-1.370778"></trkpt>
<trkpt lat="38.515754" lon="-1.372028"></trkpt>
<trkpt lat="38.517886" lon="-1.376489"></trkpt>
<trkpt lat="38.518199" lon="-1.377112"></trkpt>
<trkpt lat="38.518378" lon="-1.377398"></trkpt>
<trkpt lat="38.522255" lon="-1.382766"></trkpt>
<trkpt lat="38.524977" lon="-1.386537"></trkpt>
<trkpt lat="38.526018" lon="-1.387987"></trkpt>
<trkpt lat="38.526325" lon="-1.388400"></trkpt>
<trkpt lat="38.526453" lon="-1.388537"></trkpt>
<trkpt lat="38.526707" lon="-1.388677"></trkpt>
<trkpt lat="38.528043" lon="-1.389140"></trkpt>
<trkpt lat="38.528337" lon="-1.389188"></trkpt>
<trkpt lat="38.528845" lon="-1.389137"></trkpt>
<trkpt lat="38.532302" lon="-1.388689"></trkpt>
<trkpt lat="38.535055" lon="-1.388334"></trkpt>
<trkpt lat="38.535437" lon="-1.388285"></trkpt>
<trkpt lat="38.539949" lon="-1.387684"></trkpt>
<trkpt lat="38.540784" lon="-1.387565"></trkpt>
<trkpt lat="38.542153" lon="-1.387182"></trkpt>
<trkpt lat="38.543711" lon="-1.386542"></trkpt>
<trkpt lat="38.543791" lon="-1.386510"></trkpt>
<trkpt lat="38.543906" lon="-1.386441"></trkpt>
<trkpt lat="38.544044" lon="-1.386358"></trkpt>
<trkpt lat="38.544210" lon="-1.386213"></trkpt>
<trkpt lat="38.546637" lon="-1.383976"></trkpt>
<trkpt lat="38.546769" lon="-1.383916"></trkpt>
<trkpt lat="38.546987" lon="-1.383908"></trkpt>
<trkpt lat="38.547162" lon="-1.384000"></trkpt>
<trkpt lat="38.547571" lon="-1.384291"></trkpt>
<trkpt lat="38.549550" lon="-1.385702"></trkpt>
<trkpt lat="38.550767" lon="-1.386447"></trkpt>
<trkpt lat="38.552123" lon="-1.387307"></trkpt>
<trkpt lat="38.556536" lon="-1.390023"></trkpt>
<trkpt lat="38.556689" lon="-1.390118"></trkpt>
<trkpt lat="38.557704" lon="-1.391128"></trkpt>
<trkpt lat="38.559729" lon="-1.393227"></trkpt>
<trkpt lat="38.561289" lon="-1.394860"></trkpt>
<trkpt lat="38.561433" lon="-1.395162"></trkpt>
<trkpt lat="38.564629" lon="-1.404540"></trkpt>
<trkpt lat="38.566216" lon="-1.409190"></trkpt>
<trkpt lat="38.568297" lon="-1.415261"></trkpt>
<trkpt lat="38.570383" lon="-1.421350"></trkpt>
<trkpt lat="38.573698" lon="-1.430992"></trkpt>
<trkpt lat="38.575680" lon="-1.436748"></trkpt>
<trkpt lat="38.576896" lon="-1.440395"></trkpt>
<trkpt lat="38.577098" lon="-1.440905"></trkpt>
<trkpt lat="38.578092" lon="-1.443173"></trkpt>
<trkpt lat="38.580350" lon="-1.448295"></trkpt>
<trkpt lat="38.581942" lon="-1.451942"></trkpt>
<trkpt lat="38.583993" lon="-1.456615"></trkpt>
<trkpt lat="38.584462" lon="-1.457688"></trkpt>
<trkpt lat="38.584879" lon="-1.458644"></trkpt>
<trkpt lat="38.586771" lon="-1.462975"></trkpt>
<trkpt lat="38.586833" lon="-1.463117"></trkpt>
<trkpt lat="38.588079" lon="-1.465970"></trkpt>
<trkpt lat="38.589315" lon="-1.468804"></trkpt>
<trkpt lat="38.590916" lon="-1.472484"></trkpt>
<trkpt lat="38.591411" lon="-1.473572"></trkpt>
<trkpt lat="38.591878" lon="-1.474486"></trkpt>
<trkpt lat="38.596141" lon="-1.482363"></trkpt>
<trkpt lat="38.596338" lon="-1.482681"></trkpt>
<trkpt lat="38.596552" lon="-1.482949"></trkpt>
<trkpt lat="38.602496" lon="-1.489689"></trkpt>
<trkpt lat="38.604140" lon="-1.491536"></trkpt>
<trkpt lat="38.604445" lon="-1.491839"></trkpt>
<trkpt lat="38.605006" lon="-1.492298"></trkpt>
<trkpt lat="38.605409" lon="-1.492666"></trkpt>
<trkpt lat="38.606244" lon="-1.493430"></trkpt>
<trkpt lat="38.606651" lon="-1.493769"></trkpt>
<trkpt lat="38.606867" lon="-1.493837"></trkpt>
<trkpt lat="38.607361" lon="-1.493816"></trkpt>
<trkpt lat="38.607564" lon="-1.493901"></trkpt>
<trkpt lat="38.607911" lon="-1.494241"></trkpt>
<trkpt lat="38.608619" lon="-1.495066"></trkpt>
<trkpt lat="38.609464" lon="-1.495766"></trkpt>
<trkpt lat="38.609583" lon="-1.495901"></trkpt>
<trkpt lat="38.609727" lon="-1.496058"></trkpt>
<trkpt lat="38.610072" lon="-1.496409"></trkpt>
<trkpt lat="38.610238" lon="-1.496537"></trkpt>
<trkpt lat="38.611123" lon="-1.497024"></trkpt>
<trkpt lat="38.611403" lon="-1.497220"></trkpt>
<trkpt lat="38.611851" lon="-1.497604"></trkpt>
<trkpt lat="38.612099" lon="-1.497828"></trkpt>
<trkpt lat="38.612474" lon="-1.498351"></trkpt>
<trkpt lat="38.613209" lon="-1.499479"></trkpt>
<trkpt lat="38.613339" lon="-1.499694"></trkpt>
<trkpt lat="38.613486" lon="-1.499931"></trkpt>
<trkpt lat="38.613641" lon="-1.500103"></trkpt>
<trkpt lat="38.613855" lon="-1.500189"></trkpt>
<trkpt lat="38.614341" lon="-1.500385"></trkpt>
<trkpt lat="38.614834" lon="-1.500536"></trkpt>
<trkpt lat="38.615183" lon="-1.500296"></trkpt>
<trkpt lat="38.615463" lon="-1.500239"></trkpt>
<trkpt lat="38.616084" lon="-1.500247"></trkpt>
<trkpt lat="38.616342" lon="-1.500286"></trkpt>
<trkpt lat="38.616644" lon="-1.500377"></trkpt>
<trkpt lat="38.616808" lon="-1.500294"></trkpt>
<trkpt lat="38.616981" lon="-1.500054"></trkpt>
<trkpt lat="38.617077" lon="-1.499875"></trkpt>
<trkpt lat="38.617126" lon="-1.499711"></trkpt>
<trkpt lat="38.617128" lon="-1.499448"></trkpt>
<trkpt lat="38.617144" lon="-1.499386"></trkpt>
<trkpt lat="38.617222" lon="-1.499322"></trkpt>
<trkpt lat="38.617522" lon="-1.499274"></trkpt>
<trkpt lat="38.617908" lon="-1.499097"></trkpt>
<trkpt lat="38.618069" lon="-1.499025"></trkpt>
<trkpt lat="38.620447" lon="-1.497960"></trkpt>
<trkpt lat="38.620585" lon="-1.497922"></trkpt>
<trkpt lat="38.620942" lon="-1.497970"></trkpt>
<trkpt lat="38.621369" lon="-1.498067"></trkpt>
<trkpt lat="38.621549" lon="-1.498035"></trkpt>
<trkpt lat="38.621696" lon="-1.497976"></trkpt>
<trkpt lat="38.622048" lon="-1.497785"></trkpt>
<trkpt lat="38.623413" lon="-1.497057"></trkpt>
<trkpt lat="38.623618" lon="-1.496999"></trkpt>
<trkpt lat="38.623896" lon="-1.497052"></trkpt>
<trkpt lat="38.623984" lon="-1.497064"></trkpt>
<trkpt lat="38.624224" lon="-1.497088"></trkpt>
<trkpt lat="38.624594" lon="-1.496984"></trkpt>
<trkpt lat="38.625766" lon="-1.496000"></trkpt>
<trkpt lat="38.625932" lon="-1.495896"></trkpt>
<trkpt lat="38.626039" lon="-1.495813"></trkpt>
<trkpt lat="38.626774" lon="-1.495291"></trkpt>
<trkpt lat="38.627454" lon="-1.494862"></trkpt>
<trkpt lat="38.631345" lon="-1.492751"></trkpt>
<trkpt lat="38.631672" lon="-1.492596"></trkpt>
<trkpt lat="38.632017" lon="-1.492469"></trkpt>
<trkpt lat="38.633184" lon="-1.492087"></trkpt>
<trkpt lat="38.633591" lon="-1.491971"></trkpt>
<trkpt lat="38.633878" lon="-1.491928"></trkpt>
<trkpt lat="38.639593" lon="-1.492209"></trkpt>
<trkpt lat="38.640229" lon="-1.492242"></trkpt>
<trkpt lat="38.640829" lon="-1.492287"></trkpt>
<trkpt lat="38.641433" lon="-1.492412"></trkpt>
<trkpt lat="38.642416" lon="-1.492730"></trkpt>
<trkpt lat="38.643648" lon="-1.493168"></trkpt>
<trkpt lat="38.643955" lon="-1.493303"></trkpt>
<trkpt lat="38.644252" lon="-1.493472"></trkpt>
<trkpt lat="38.644667" lon="-1.493647"></trkpt>
<trkpt lat="38.644998" lon="-1.493685"></trkpt>
<trkpt lat="38.645182" lon="-1.493663"></trkpt>
<trkpt lat="38.645337" lon="-1.493626"></trkpt>
<trkpt lat="38.645647" lon="-1.493481"></trkpt>
<trkpt lat="38.645945" lon="-1.493234"></trkpt>
<trkpt lat="38.647407" lon="-1.491727"></trkpt>
<trkpt lat="38.648831" lon="-1.489661"></trkpt>
<trkpt lat="38.650193" lon="-1.488293"></trkpt>
<trkpt lat="38.650469" lon="-1.487923"></trkpt>
<trkpt lat="38.651253" lon="-1.486695"></trkpt>
<trkpt lat="38.651612" lon="-1.486350"></trkpt>
<trkpt lat="38.652397" lon="-1.485681"></trkpt>
<trkpt lat="38.652685" lon="-1.485381"></trkpt>
<trkpt lat="38.658378" lon="-1.477332"></trkpt>
<trkpt lat="38.661978" lon="-1.472229"></trkpt>
<trkpt lat="38.662519" lon="-1.471466"></trkpt>
<trkpt lat="38.667947" lon="-1.463813"></trkpt>
<trkpt lat="38.671580" lon="-1.458655"></trkpt>
<trkpt lat="38.672049" lon="-1.458067"></trkpt>
<trkpt lat="38.672125" lon="-1.458006"></trkpt>
<trkpt lat="38.672863" lon="-1.457451"></trkpt>
<trkpt lat="38.673220" lon="-1.457229"></trkpt>
<trkpt lat="38.673536" lon="-1.457082"></trkpt>
<trkpt lat="38.673868" lon="-1.456970"></trkpt>
<trkpt lat="38.674252" lon="-1.456927"></trkpt>
<trkpt lat="38.674739" lon="-1.456956"></trkpt>
<trkpt lat="38.675828" lon="-1.457021"></trkpt>
<trkpt lat="38.676194" lon="-1.456987"></trkpt>
<trkpt lat="38.676487" lon="-1.456896"></trkpt>
<trkpt lat="38.676921" lon="-1.456681"></trkpt>
<trkpt lat="38.678040" lon="-1.455983"></trkpt>
<trkpt lat="38.678584" lon="-1.455629"></trkpt>
<trkpt lat="38.679089" lon="-1.455259"></trkpt>
<trkpt lat="38.679645" lon="-1.454768"></trkpt>
<trkpt lat="38.680362" lon="-1.454039"></trkpt>
<trkpt lat="38.680520" lon="-1.453838"></trkpt>
<trkpt lat="38.680657" lon="-1.453683"></trkpt>
<trkpt lat="38.680712" lon="-1.453620"></trkpt>
<trkpt lat="38.681174" lon="-1.453000"></trkpt>
<trkpt lat="38.681507" lon="-1.452487"></trkpt>
<trkpt lat="38.681728" lon="-1.452157"></trkpt>
<trkpt lat="38.682083" lon="-1.451693"></trkpt>
<trkpt lat="38.682482" lon="-1.451148"></trkpt>
<trkpt lat="38.682795" lon="-1.450777"></trkpt>
<trkpt lat="38.682912" lon="-1.450649"></trkpt>
<trkpt lat="38.683496" lon="-1.450096"></trkpt>
<trkpt lat="38.684001" lon="-1.449689"></trkpt>
<trkpt lat="38.684984" lon="-1.449031"></trkpt>
<trkpt lat="38.685863" lon="-1.448605"></trkpt>
<trkpt lat="38.686486" lon="-1.448384"></trkpt>
<trkpt lat="38.687061" lon="-1.448236"></trkpt>
<trkpt lat="38.687488" lon="-1.448167"></trkpt>
<trkpt lat="38.688315" lon="-1.448028"></trkpt>
<trkpt lat="38.689257" lon="-1.447808"></trkpt>
<trkpt lat="38.689870" lon="-1.447617"></trkpt>
<trkpt lat="38.690308" lon="-1.447449"></trkpt>
<trkpt lat="38.690931" lon="-1.447134"></trkpt>
<trkpt lat="38.691543" lon="-1.446769"></trkpt>
<trkpt lat="38.692275" lon="-1.446214"></trkpt>
<trkpt lat="38.692678" lon="-1.445857"></trkpt>
<trkpt lat="38.692908" lon="-1.445528"></trkpt>
<trkpt lat="38.693028" lon="-1.445227"></trkpt>
<trkpt lat="38.693040" lon="-1.445173"></trkpt>
<trkpt lat="38.693130" lon="-1.445030"></trkpt>
<trkpt lat="38.693269" lon="-1.444984"></trkpt>
<trkpt lat="38.693306" lon="-1.444991"></trkpt>
<trkpt lat="38.693425" lon="-1.445083"></trkpt>
<trkpt lat="38.693481" lon="-1.445246"></trkpt>
<trkpt lat="38.693477" lon="-1.445344"></trkpt>
<trkpt lat="38.693451" lon="-1.445426"></trkpt>
<trkpt lat="38.693349" lon="-1.445544"></trkpt>
<trkpt lat="38.693282" lon="-1.445569"></trkpt>
<trkpt lat="38.693195" lon="-1.445561"></trkpt>
<trkpt lat="38.693081" lon="-1.445471"></trkpt>
<trkpt lat="38.693045" lon="-1.445398"></trkpt>
<trkpt lat="38.693028" lon="-1.445227"></trkpt>
<trkpt lat="38.693040" lon="-1.445173"></trkpt>
<trkpt lat="38.693130" lon="-1.445030"></trkpt>
<trkpt lat="38.693269" lon="-1.444984"></trkpt>
<trkpt lat="38.693306" lon="-1.444991"></trkpt>
<trkpt lat="38.693498" lon="-1.444914"></trkpt>
<trkpt lat="38.693678" lon="-1.444766"></trkpt>
<trkpt lat="38.694149" lon="-1.444128"></trkpt>
<trkpt lat="38.697490" lon="-1.439073"></trkpt>
<trkpt lat="38.698097" lon="-1.438055"></trkpt>
<trkpt lat="38.698586" lon="-1.437040"></trkpt>
<trkpt lat="38.698808" lon="-1.436471"></trkpt>
<trkpt lat="38.698994" lon="-1.435910"></trkpt>
<trkpt lat="38.699266" lon="-1.434943"></trkpt>
<trkpt lat="38.699398" lon="-1.434348"></trkpt>
<trkpt lat="38.699523" lon="-1.433610"></trkpt>
<trkpt lat="38.699668" lon="-1.432176"></trkpt>
<trkpt lat="38.699812" lon="-1.430159"></trkpt>
<trkpt lat="38.699813" lon="-1.430060"></trkpt>
<trkpt lat="38.699813" lon="-1.430015"></trkpt>
<trkpt lat="38.699789" lon="-1.429757"></trkpt>
<trkpt lat="38.699785" lon="-1.429752"></trkpt>
<trkpt lat="38.699743" lon="-1.429642"></trkpt>
<trkpt lat="38.699758" lon="-1.429557"></trkpt>
<trkpt lat="38.699795" lon="-1.429505"></trkpt>
<trkpt lat="38.699869" lon="-1.429476"></trkpt>
<trkpt lat="38.699941" lon="-1.429509"></trkpt>
<trkpt lat="38.699946" lon="-1.429515"></trkpt>
<trkpt lat="38.700137" lon="-1.429444"></trkpt>
<trkpt lat="38.700159" lon="-1.429434"></trkpt>
<trkpt lat="38.700261" lon="-1.429408"></trkpt>
<trkpt lat="38.700974" lon="-1.429008"></trkpt>
<trkpt lat="38.701754" lon="-1.428571"></trkpt>
<trkpt lat="38.702043" lon="-1.428440"></trkpt>
<trkpt lat="38.703419" lon="-1.427941"></trkpt>
<trkpt lat="38.704255" lon="-1.427869"></trkpt>
<trkpt lat="38.705600" lon="-1.427955"></trkpt>
<trkpt lat="38.706528" lon="-1.427955"></trkpt>
<trkpt lat="38.709686" lon="-1.427746"></trkpt>
<trkpt lat="38.709990" lon="-1.427839"></trkpt>
<trkpt lat="38.710408" lon="-1.428083"></trkpt>
<trkpt lat="38.710596" lon="-1.428229"></trkpt>
<trkpt lat="38.711269" lon="-1.428946"></trkpt>
<trkpt lat="38.711523" lon="-1.429158"></trkpt>
<trkpt lat="38.711855" lon="-1.429332"></trkpt>
<trkpt lat="38.712182" lon="-1.429381"></trkpt>
<trkpt lat="38.712468" lon="-1.429344"></trkpt>
<trkpt lat="38.712771" lon="-1.429277"></trkpt>
<trkpt lat="38.713583" lon="-1.429065"></trkpt>
<trkpt lat="38.715390" lon="-1.428620"></trkpt>
<trkpt lat="38.716331" lon="-1.428364"></trkpt>
<trkpt lat="38.719167" lon="-1.427212"></trkpt>
<trkpt lat="38.719822" lon="-1.426925"></trkpt>
<trkpt lat="38.721976" lon="-1.425723"></trkpt>
<trkpt lat="38.722228" lon="-1.425582"></trkpt>
<trkpt lat="38.722795" lon="-1.425276"></trkpt>
<trkpt lat="38.723151" lon="-1.425182"></trkpt>
<trkpt lat="38.725884" lon="-1.425209"></trkpt>
<trkpt lat="38.726040" lon="-1.425211"></trkpt>
<trkpt lat="38.731514" lon="-1.425320"></trkpt>
<trkpt lat="38.735924" lon="-1.425566"></trkpt>
<trkpt lat="38.739775" lon="-1.425744"></trkpt>
<trkpt lat="38.740618" lon="-1.425760"></trkpt>
<trkpt lat="38.740902" lon="-1.425683"></trkpt>
<trkpt lat="38.741200" lon="-1.425501"></trkpt>
<trkpt lat="38.742796" lon="-1.424423"></trkpt>
<trkpt lat="38.743031" lon="-1.424219"></trkpt>
<trkpt lat="38.744096" lon="-1.422718"></trkpt>
<trkpt lat="38.744313" lon="-1.422327"></trkpt>
<trkpt lat="38.744651" lon="-1.421442"></trkpt>
<trkpt lat="38.744794" lon="-1.421050"></trkpt>
<trkpt lat="38.745070" lon="-1.420463"></trkpt>
<trkpt lat="38.745178" lon="-1.420323"></trkpt>
<trkpt lat="38.745998" lon="-1.419571"></trkpt>
<trkpt lat="38.746103" lon="-1.419442"></trkpt>
<trkpt lat="38.746423" lon="-1.418978"></trkpt>
<trkpt lat="38.747917" lon="-1.416571"></trkpt>
<trkpt lat="38.748348" lon="-1.415808"></trkpt>
<trkpt lat="38.749546" lon="-1.413228"></trkpt>
<trkpt lat="38.749682" lon="-1.413037"></trkpt>
<trkpt lat="38.750559" lon="-1.411988"></trkpt>
<trkpt lat="38.750823" lon="-1.411706"></trkpt>
<trkpt lat="38.750982" lon="-1.411559"></trkpt>
<trkpt lat="38.752385" lon="-1.410489"></trkpt>
<trkpt lat="38.753335" lon="-1.409810"></trkpt>
<trkpt lat="38.753642" lon="-1.409765"></trkpt>
<trkpt lat="38.754001" lon="-1.409822"></trkpt>
<trkpt lat="38.754385" lon="-1.409923"></trkpt>
<trkpt lat="38.754519" lon="-1.409930"></trkpt>
<trkpt lat="38.754627" lon="-1.409918"></trkpt>
<trkpt lat="38.754869" lon="-1.409829"></trkpt>
<trkpt lat="38.757962" lon="-1.407184"></trkpt>
<trkpt lat="38.758110" lon="-1.407082"></trkpt>
<trkpt lat="38.758463" lon="-1.406850"></trkpt>
<trkpt lat="38.758996" lon="-1.406588"></trkpt>
<trkpt lat="38.759338" lon="-1.406347"></trkpt>
<trkpt lat="38.762099" lon="-1.403900"></trkpt>
<trkpt lat="38.762561" lon="-1.403528"></trkpt>
<trkpt lat="38.763002" lon="-1.403343"></trkpt>
<trkpt lat="38.763211" lon="-1.403300"></trkpt>
<trkpt lat="38.765275" lon="-1.403345"></trkpt>
<trkpt lat="38.773145" lon="-1.403592"></trkpt>
<trkpt lat="38.773651" lon="-1.403575"></trkpt>
<trkpt lat="38.777326" lon="-1.402978"></trkpt>
<trkpt lat="38.777741" lon="-1.402989"></trkpt>
<trkpt lat="38.778357" lon="-1.403105"></trkpt>
<trkpt lat="38.779601" lon="-1.403321"></trkpt>
<trkpt lat="38.779844" lon="-1.403307"></trkpt>
<trkpt lat="38.781646" lon="-1.403046"></trkpt>
<trkpt lat="38.781636" lon="-1.402746"></trkpt>
<trkpt lat="38.781660" lon="-1.402521"></trkpt>
<trkpt lat="38.781696" lon="-1.401992"></trkpt>
<trkpt lat="38.781866" lon="-1.400392"></trkpt>
<trkpt lat="38.781845" lon="-1.395226"></trkpt>
<trkpt lat="38.781933" lon="-1.394588"></trkpt>
<trkpt lat="38.781900" lon="-1.394301"></trkpt>
<trkpt lat="38.781849" lon="-1.394141"></trkpt>
<trkpt lat="38.781588" lon="-1.393762"></trkpt>
<trkpt lat="38.781494" lon="-1.393526"></trkpt>
<trkpt lat="38.781468" lon="-1.393341"></trkpt>
<trkpt lat="38.781452" lon="-1.392476"></trkpt>
<trkpt lat="38.781542" lon="-1.392152"></trkpt>
<trkpt lat="38.781615" lon="-1.392005"></trkpt>
<trkpt lat="38.782073" lon="-1.391280"></trkpt>
<trkpt lat="38.782174" lon="-1.391079"></trkpt>
<trkpt lat="38.782276" lon="-1.390714"></trkpt>
<trkpt lat="38.782414" lon="-1.389795"></trkpt>
<trkpt lat="38.783226" lon="-1.387512"></trkpt>
<trkpt lat="38.783370" lon="-1.387110"></trkpt>
<trkpt lat="38.783420" lon="-1.386864"></trkpt>
<trkpt lat="38.783431" lon="-1.386520"></trkpt>
<trkpt lat="38.783325" lon="-1.383896"></trkpt>
<trkpt lat="38.783133" lon="-1.379559"></trkpt>
<trkpt lat="38.783133" lon="-1.378874"></trkpt>
<trkpt lat="38.783147" lon="-1.377156"></trkpt>
<trkpt lat="38.783069" lon="-1.376310"></trkpt>
<trkpt lat="38.783085" lon="-1.376145"></trkpt>
<trkpt lat="38.783356" lon="-1.375101"></trkpt>
<trkpt lat="38.783403" lon="-1.374807"></trkpt>
<trkpt lat="38.783586" lon="-1.372967"></trkpt>
<trkpt lat="38.783532" lon="-1.372526"></trkpt>
<trkpt lat="38.783153" lon="-1.370731"></trkpt>
<trkpt lat="38.783147" lon="-1.370419"></trkpt>
<trkpt lat="38.783235" lon="-1.369432"></trkpt>
<trkpt lat="38.783284" lon="-1.368887"></trkpt>
<trkpt lat="38.783353" lon="-1.368565"></trkpt>
<trkpt lat="38.783443" lon="-1.368355"></trkpt>
<trkpt lat="38.785221" lon="-1.365169"></trkpt>
<trkpt lat="38.786931" lon="-1.360722"></trkpt>
<trkpt lat="38.786983" lon="-1.360266"></trkpt>
<trkpt lat="38.787079" lon="-1.356571"></trkpt>
<trkpt lat="38.787118" lon="-1.356081"></trkpt>
<trkpt lat="38.787188" lon="-1.355695"></trkpt>
<trkpt lat="38.788299" lon="-1.351162"></trkpt>
<trkpt lat="38.788370" lon="-1.350732"></trkpt>
<trkpt lat="38.788347" lon="-1.350332"></trkpt>
<trkpt lat="38.788308" lon="-1.350153"></trkpt>
<trkpt lat="38.788051" lon="-1.349358"></trkpt>
<trkpt lat="38.787278" lon="-1.347054"></trkpt>
<trkpt lat="38.787242" lon="-1.346845"></trkpt>
<trkpt lat="38.787112" lon="-1.345089"></trkpt>
<trkpt lat="38.786382" lon="-1.342138"></trkpt>
<trkpt lat="38.786344" lon="-1.341918"></trkpt>
<trkpt lat="38.786344" lon="-1.341651"></trkpt>
<trkpt lat="38.786737" lon="-1.339710"></trkpt>
<trkpt lat="38.786782" lon="-1.338286"></trkpt>
<trkpt lat="38.786888" lon="-1.337118"></trkpt>
<trkpt lat="38.786905" lon="-1.336186"></trkpt>
<trkpt lat="38.786891" lon="-1.335877"></trkpt>
<trkpt lat="38.786799" lon="-1.335168"></trkpt>
<trkpt lat="38.787006" lon="-1.333668"></trkpt>
<trkpt lat="38.787151" lon="-1.332790"></trkpt>
<trkpt lat="38.787279" lon="-1.331941"></trkpt>
<trkpt lat="38.787295" lon="-1.331671"></trkpt>
<trkpt lat="38.787274" lon="-1.331422"></trkpt>
<trkpt lat="38.787196" lon="-1.331138"></trkpt>
<trkpt lat="38.787159" lon="-1.331034"></trkpt>
<trkpt lat="38.787042" lon="-1.330840"></trkpt>
<trkpt lat="38.786908" lon="-1.330696"></trkpt>
<trkpt lat="38.786389" lon="-1.330406"></trkpt>
<trkpt lat="38.786344" lon="-1.330385"></trkpt>
<trkpt lat="38.786003" lon="-1.330168"></trkpt>
<trkpt lat="38.785952" lon="-1.330092"></trkpt>
<trkpt lat="38.786545" lon="-1.329742"></trkpt>
<trkpt lat="38.786607" lon="-1.329705"></trkpt>
<trkpt lat="38.787034" lon="-1.329436"></trkpt>
<trkpt lat="38.787122" lon="-1.329381"></trkpt>
<trkpt lat="38.788676" lon="-1.328380"></trkpt>
<trkpt lat="38.788798" lon="-1.328305"></trkpt>
<trkpt lat="38.789266" lon="-1.328006"></trkpt>
<trkpt lat="38.789701" lon="-1.327727"></trkpt>
<trkpt lat="38.789742" lon="-1.327702"></trkpt>
<trkpt lat="38.790280" lon="-1.327353"></trkpt>
<trkpt lat="38.790511" lon="-1.327173"></trkpt>
<trkpt lat="38.790591" lon="-1.327018"></trkpt>
<trkpt lat="38.790600" lon="-1.327000"></trkpt>
<trkpt lat="38.790623" lon="-1.326951"></trkpt>
<trkpt lat="38.790675" lon="-1.326783"></trkpt>
<trkpt lat="38.790723" lon="-1.326574"></trkpt>
<trkpt lat="38.791251" lon="-1.324275"></trkpt>
<trkpt lat="38.791265" lon="-1.324232"></trkpt>
<trkpt lat="38.791767" lon="-1.322126"></trkpt>
<trkpt lat="38.791776" lon="-1.322088"></trkpt>
<trkpt lat="38.792011" lon="-1.321081"></trkpt>
<trkpt lat="38.792082" lon="-1.320807"></trkpt>
<trkpt lat="38.792354" lon="-1.319640"></trkpt>
<trkpt lat="38.792575" lon="-1.318691"></trkpt>
<trkpt lat="38.792696" lon="-1.318103"></trkpt>
<trkpt lat="38.792805" lon="-1.317311"></trkpt>
<trkpt lat="38.792821" lon="-1.317171"></trkpt>
<trkpt lat="38.793887" lon="-1.308357"></trkpt>
<trkpt lat="38.794457" lon="-1.303648"></trkpt>
<trkpt lat="38.794511" lon="-1.303205"></trkpt>
<trkpt lat="38.794910" lon="-1.300077"></trkpt>
<trkpt lat="38.797056" lon="-1.282145"></trkpt>
<trkpt lat="38.797134" lon="-1.281623"></trkpt>
<trkpt lat="38.797255" lon="-1.281203"></trkpt>
<trkpt lat="38.797473" lon="-1.280729"></trkpt>
<trkpt lat="38.801852" lon="-1.271628"></trkpt>
<trkpt lat="38.804246" lon="-1.266663"></trkpt>
<trkpt lat="38.804671" lon="-1.265849"></trkpt>
<trkpt lat="38.806321" lon="-1.262867"></trkpt>
<trkpt lat="38.809953" lon="-1.256322"></trkpt>
<trkpt lat="38.810300" lon="-1.255703"></trkpt>
<trkpt lat="38.810740" lon="-1.254835"></trkpt>
<trkpt lat="38.810952" lon="-1.254376"></trkpt>
<trkpt lat="38.811515" lon="-1.252925"></trkpt>
<trkpt lat="38.814461" lon="-1.243971"></trkpt>
<trkpt lat="38.820844" lon="-1.224501"></trkpt>
<trkpt lat="38.825133" lon="-1.211471"></trkpt>
<trkpt lat="38.828004" lon="-1.202692"></trkpt>
<trkpt lat="38.832906" lon="-1.187784"></trkpt>
<trkpt lat="38.834871" lon="-1.181772"></trkpt>
<trkpt lat="38.835462" lon="-1.179966"></trkpt>
<trkpt lat="38.836223" lon="-1.177650"></trkpt>
<trkpt lat="38.836494" lon="-1.177007"></trkpt>
<trkpt lat="38.836672" lon="-1.176692"></trkpt>
<trkpt lat="38.837036" lon="-1.176205"></trkpt>
<trkpt lat="38.837435" lon="-1.175803"></trkpt>
<trkpt lat="38.838058" lon="-1.175249"></trkpt>
<trkpt lat="38.838403" lon="-1.174852"></trkpt>
<trkpt lat="38.838674" lon="-1.174479"></trkpt>
<trkpt lat="38.839059" lon="-1.173674"></trkpt>
<trkpt lat="38.840314" lon="-1.170685"></trkpt>
<trkpt lat="38.840730" lon="-1.169844"></trkpt>
<trkpt lat="38.841175" lon="-1.169187"></trkpt>
<trkpt lat="38.841683" lon="-1.168612"></trkpt>
<trkpt lat="38.842017" lon="-1.168299"></trkpt>
<trkpt lat="38.842424" lon="-1.167970"></trkpt>
<trkpt lat="38.843048" lon="-1.167585"></trkpt>
<trkpt lat="38.845407" lon="-1.166339"></trkpt>
<trkpt lat="38.847678" lon="-1.165156"></trkpt>
<trkpt lat="38.848304" lon="-1.164770"></trkpt>
<trkpt lat="38.848622" lon="-1.164535"></trkpt>
<trkpt lat="38.849019" lon="-1.164155"></trkpt>
<trkpt lat="38.849325" lon="-1.163798"></trkpt>
<trkpt lat="38.849664" lon="-1.163297"></trkpt>
<trkpt lat="38.850338" lon="-1.162120"></trkpt>
<trkpt lat="38.854275" lon="-1.154799"></trkpt>
<trkpt lat="38.857610" lon="-1.148681"></trkpt>
<trkpt lat="38.859870" lon="-1.144927"></trkpt>
<trkpt lat="38.860234" lon="-1.144326"></trkpt>
<trkpt lat="38.862716" lon="-1.140233"></trkpt>
<trkpt lat="38.862990" lon="-1.139731"></trkpt>
<trkpt lat="38.863321" lon="-1.138933"></trkpt>
<trkpt lat="38.863443" lon="-1.138541"></trkpt>
<trkpt lat="38.863600" lon="-1.137881"></trkpt>
<trkpt lat="38.864514" lon="-1.134008"></trkpt>
<trkpt lat="38.864859" lon="-1.132474"></trkpt>
<trkpt lat="38.864917" lon="-1.131976"></trkpt>
<trkpt lat="38.864922" lon="-1.131512"></trkpt>
<trkpt lat="38.864803" lon="-1.129700"></trkpt>
<trkpt lat="38.864791" lon="-1.129232"></trkpt>
<trkpt lat="38.864831" lon="-1.128695"></trkpt>
<trkpt lat="38.864919" lon="-1.128243"></trkpt>
<trkpt lat="38.865066" lon="-1.127795"></trkpt>
<trkpt lat="38.865172" lon="-1.127504"></trkpt>
<trkpt lat="38.865337" lon="-1.127205"></trkpt>
<trkpt lat="38.865534" lon="-1.126911"></trkpt>
<trkpt lat="38.865809" lon="-1.126592"></trkpt>
<trkpt lat="38.866192" lon="-1.126267"></trkpt>
<trkpt lat="38.867324" lon="-1.125718"></trkpt>
<trkpt lat="38.868367" lon="-1.125278"></trkpt>
<trkpt lat="38.868643" lon="-1.125113"></trkpt>
<trkpt lat="38.869125" lon="-1.124701"></trkpt>
<trkpt lat="38.869380" lon="-1.124393"></trkpt>
<trkpt lat="38.869655" lon="-1.123987"></trkpt>
<trkpt lat="38.870438" lon="-1.122659"></trkpt>
<trkpt lat="38.870628" lon="-1.122414"></trkpt>
<trkpt lat="38.871108" lon="-1.121878"></trkpt>
<trkpt lat="38.871310" lon="-1.121625"></trkpt>
<trkpt lat="38.872152" lon="-1.120913"></trkpt>
<trkpt lat="38.872174" lon="-1.120858"></trkpt>
<trkpt lat="38.872149" lon="-1.120767"></trkpt>
<trkpt lat="38.872108" lon="-1.120742"></trkpt>
<trkpt lat="38.871996" lon="-1.120751"></trkpt>
<trkpt lat="38.872232" lon="-1.120551"></trkpt>
<trkpt lat="38.872331" lon="-1.120397"></trkpt>
<trkpt lat="38.872300" lon="-1.120272"></trkpt>
<trkpt lat="38.871302" lon="-1.118678"></trkpt>
<trkpt lat="38.870879" lon="-1.118025"></trkpt>
<trkpt lat="38.870210" lon="-1.116958"></trkpt>
<trkpt lat="38.868868" lon="-1.114745"></trkpt>
<trkpt lat="38.868694" lon="-1.114270"></trkpt>
<trkpt lat="38.868205" lon="-1.112455"></trkpt>
<trkpt lat="38.868174" lon="-1.112170"></trkpt>
<trkpt lat="38.868422" lon="-1.111193"></trkpt>
<trkpt lat="38.868608" lon="-1.110762"></trkpt>
<trkpt lat="38.868763" lon="-1.110581"></trkpt>
<trkpt lat="38.869001" lon="-1.110492"></trkpt>
<trkpt lat="38.869442" lon="-1.110327"></trkpt>
<trkpt lat="38.869625" lon="-1.110184"></trkpt>
<trkpt lat="38.869966" lon="-1.109837"></trkpt>
<trkpt lat="38.870236" lon="-1.109580"></trkpt>
<trkpt lat="38.870432" lon="-1.109341"></trkpt>
<trkpt lat="38.870590" lon="-1.109030"></trkpt>
<trkpt lat="38.870641" lon="-1.108749"></trkpt>
<trkpt lat="38.870684" lon="-1.108194"></trkpt>
<trkpt lat="38.870736" lon="-1.108146"></trkpt>
<trkpt lat="38.871057" lon="-1.108037"></trkpt>
<trkpt lat="38.870974" lon="-1.107734"></trkpt>
<trkpt lat="38.871585" lon="-1.107540"></trkpt>
<trkpt lat="38.871686" lon="-1.107480"></trkpt>
<trkpt lat="38.872780" lon="-1.107123"></trkpt>
<trkpt lat="38.873190" lon="-1.106998"></trkpt>
<trkpt lat="38.873942" lon="-1.106773"></trkpt>
<trkpt lat="38.874068" lon="-1.106707"></trkpt>
<trkpt lat="38.874178" lon="-1.106603"></trkpt>
<trkpt lat="38.874242" lon="-1.106473"></trkpt>
<trkpt lat="38.874261" lon="-1.106457"></trkpt>
<trkpt lat="38.874325" lon="-1.106436"></trkpt>
<trkpt lat="38.874410" lon="-1.106463"></trkpt>
<trkpt lat="38.874438" lon="-1.106488"></trkpt>
<trkpt lat="38.874460" lon="-1.106521"></trkpt>
<trkpt lat="38.874596" lon="-1.106565"></trkpt>
<trkpt lat="38.876458" lon="-1.105970"></trkpt>
<trkpt lat="38.877435" lon="-1.105805"></trkpt>
<trkpt lat="38.878624" lon="-1.105583"></trkpt>
<trkpt lat="38.878725" lon="-1.105573"></trkpt>
<trkpt lat="38.878811" lon="-1.105529"></trkpt>
<trkpt lat="38.878866" lon="-1.105455"></trkpt>
<trkpt lat="38.878909" lon="-1.105312"></trkpt>
<trkpt lat="38.879062" lon="-1.104138"></trkpt>
<trkpt lat="38.879118" lon="-1.103970"></trkpt>
<trkpt lat="38.879177" lon="-1.103616"></trkpt>
<trkpt lat="38.879435" lon="-1.101327"></trkpt>
<trkpt lat="38.879435" lon="-1.101048"></trkpt>
<trkpt lat="38.879387" lon="-1.100578"></trkpt>
<trkpt lat="38.879306" lon="-1.100210"></trkpt>
<trkpt lat="38.879088" lon="-1.099812"></trkpt>
<trkpt lat="38.879013" lon="-1.099717"></trkpt>
<trkpt lat="38.878965" lon="-1.099683"></trkpt>
<trkpt lat="38.878921" lon="-1.099544"></trkpt>
<trkpt lat="38.878952" lon="-1.099451"></trkpt>
<trkpt lat="38.878963" lon="-1.099437"></trkpt>
<trkpt lat="38.879041" lon="-1.099395"></trkpt>
<trkpt lat="38.879107" lon="-1.099413"></trkpt>
<trkpt lat="38.879114" lon="-1.099418"></trkpt>
<trkpt lat="38.879126" lon="-1.099428"></trkpt>
<trkpt lat="38.879616" lon="-1.099395"></trkpt>
<trkpt lat="38.880221" lon="-1.099244"></trkpt>
<trkpt lat="38.882177" lon="-1.098748"></trkpt>
<trkpt lat="38.882319" lon="-1.098654"></trkpt>
<trkpt lat="38.882411" lon="-1.098532"></trkpt>
<trkpt lat="38.882455" lon="-1.098449"></trkpt>
<trkpt lat="38.882565" lon="-1.098380"></trkpt>
<trkpt lat="38.882685" lon="-1.098408"></trkpt>
<trkpt lat="38.882743" lon="-1.098468"></trkpt>
<trkpt lat="38.883007" lon="-1.098548"></trkpt>
<trkpt lat="38.884409" lon="-1.098193"></trkpt>
<trkpt lat="38.884709" lon="-1.097980"></trkpt>
<trkpt lat="38.884779" lon="-1.097871"></trkpt>
<trkpt lat="38.884884" lon="-1.097827"></trkpt>
<trkpt lat="38.884944" lon="-1.097836"></trkpt>
<trkpt lat="38.885045" lon="-1.097922"></trkpt>
<trkpt lat="38.885205" lon="-1.097952"></trkpt>
<trkpt lat="38.885424" lon="-1.097937"></trkpt>
<trkpt lat="38.891002" lon="-1.096564"></trkpt>
<trkpt lat="38.893764" lon="-1.095873"></trkpt>
<trkpt lat="38.899382" lon="-1.094467"></trkpt>
<trkpt lat="38.904505" lon="-1.093186"></trkpt>
<trkpt lat="38.910954" lon="-1.091572"></trkpt>
<trkpt lat="38.923167" lon="-1.088514"></trkpt>
<trkpt lat="38.926597" lon="-1.087658"></trkpt>
<trkpt lat="38.929060" lon="-1.087044"></trkpt>
<trkpt lat="38.938484" lon="-1.084683"></trkpt>
<trkpt lat="38.938598" lon="-1.084652"></trkpt>
<trkpt lat="38.954203" lon="-1.080771"></trkpt>
<trkpt lat="38.962507" lon="-1.078706"></trkpt>
<trkpt lat="38.973329" lon="-1.076013"></trkpt>
<trkpt lat="38.974303" lon="-1.075773"></trkpt>
<trkpt lat="38.975318" lon="-1.075522"></trkpt>
<trkpt lat="38.977081" lon="-1.075082"></trkpt>
<trkpt lat="38.977510" lon="-1.074975"></trkpt>
<trkpt lat="38.987682" lon="-1.072436"></trkpt>
<trkpt lat="38.992136" lon="-1.071324"></trkpt>
<trkpt lat="38.994710" lon="-1.070681"></trkpt>
<trkpt lat="38.995085" lon="-1.070562"></trkpt>
<trkpt lat="38.995419" lon="-1.070458"></trkpt>
<trkpt lat="38.995932" lon="-1.070186"></trkpt>
<trkpt lat="38.998625" lon="-1.068188"></trkpt>
<trkpt lat="38.998992" lon="-1.067915"></trkpt>
<trkpt lat="39.003911" lon="-1.064141"></trkpt>
<trkpt lat="39.007442" lon="-1.061088"></trkpt>
<trkpt lat="39.008976" lon="-1.059761"></trkpt>
<trkpt lat="39.010509" lon="-1.058441"></trkpt>
<trkpt lat="39.011230" lon="-1.057818"></trkpt>
<trkpt lat="39.011383" lon="-1.057686"></trkpt>
<trkpt lat="39.011693" lon="-1.057419"></trkpt>
<trkpt lat="39.012049" lon="-1.057054"></trkpt>
<trkpt lat="39.014277" lon="-1.054774"></trkpt>
<trkpt lat="39.014828" lon="-1.054230"></trkpt>
<trkpt lat="39.015267" lon="-1.053843"></trkpt>
<trkpt lat="39.015943" lon="-1.053297"></trkpt>
<trkpt lat="39.020470" lon="-1.050127"></trkpt>
<trkpt lat="39.021143" lon="-1.049656"></trkpt>
<trkpt lat="39.021755" lon="-1.049227"></trkpt>
<trkpt lat="39.022094" lon="-1.048992"></trkpt>
<trkpt lat="39.022653" lon="-1.048628"></trkpt>
<trkpt lat="39.023210" lon="-1.048339"></trkpt>
<trkpt lat="39.023815" lon="-1.048077"></trkpt>
<trkpt lat="39.024467" lon="-1.047880"></trkpt>
<trkpt lat="39.025244" lon="-1.047732"></trkpt>
<trkpt lat="39.025900" lon="-1.047678"></trkpt>
<trkpt lat="39.026476" lon="-1.047699"></trkpt>
<trkpt lat="39.027079" lon="-1.047760"></trkpt>
<trkpt lat="39.027389" lon="-1.047792"></trkpt>
<trkpt lat="39.028685" lon="-1.047925"></trkpt>
<trkpt lat="39.033488" lon="-1.048167"></trkpt>
<trkpt lat="39.044102" lon="-1.049468"></trkpt>
<trkpt lat="39.044882" lon="-1.049564"></trkpt>
<trkpt lat="39.046811" lon="-1.049800"></trkpt>
<trkpt lat="39.049703" lon="-1.050143"></trkpt>
<trkpt lat="39.053090" lon="-1.050570"></trkpt>
<trkpt lat="39.053202" lon="-1.050583"></trkpt>
<trkpt lat="39.053457" lon="-1.050613"></trkpt>
<trkpt lat="39.054241" lon="-1.050722"></trkpt>
<trkpt lat="39.054479" lon="-1.050835"></trkpt>
<trkpt lat="39.054639" lon="-1.050988"></trkpt>
<trkpt lat="39.055818" lon="-1.052587"></trkpt>
<trkpt lat="39.056044" lon="-1.052859"></trkpt>
<trkpt lat="39.056154" lon="-1.052945"></trkpt>
<trkpt lat="39.056248" lon="-1.052996"></trkpt>
<trkpt lat="39.056421" lon="-1.053031"></trkpt>
<trkpt lat="39.056807" lon="-1.053066"></trkpt>
<trkpt lat="39.057120" lon="-1.053103"></trkpt>
<trkpt lat="39.057867" lon="-1.053165"></trkpt>
<trkpt lat="39.058051" lon="-1.053180"></trkpt>
<trkpt lat="39.058439" lon="-1.053205"></trkpt>
<trkpt lat="39.058567" lon="-1.053187"></trkpt>
<trkpt lat="39.058954" lon="-1.053087"></trkpt>
<trkpt lat="39.059185" lon="-1.053054"></trkpt>
<trkpt lat="39.059359" lon="-1.053066"></trkpt>
<trkpt lat="39.060112" lon="-1.053354"></trkpt>
<trkpt lat="39.060196" lon="-1.053390"></trkpt>
<trkpt lat="39.060675" lon="-1.053599"></trkpt>
<trkpt lat="39.061256" lon="-1.053850"></trkpt>
<trkpt lat="39.062205" lon="-1.053958"></trkpt>
<trkpt lat="39.062863" lon="-1.054029"></trkpt>
<trkpt lat="39.063747" lon="-1.054130"></trkpt>
<trkpt lat="39.064539" lon="-1.054218"></trkpt>
<trkpt lat="39.065040" lon="-1.054264"></trkpt>
<trkpt lat="39.065632" lon="-1.054327"></trkpt>
<trkpt lat="39.066022" lon="-1.054371"></trkpt>
<trkpt lat="39.067316" lon="-1.054511"></trkpt>
<trkpt lat="39.067690" lon="-1.054551"></trkpt>
<trkpt lat="39.069449" lon="-1.054742"></trkpt>
<trkpt lat="39.070248" lon="-1.054783"></trkpt>
<trkpt lat="39.070433" lon="-1.054771"></trkpt>
<trkpt lat="39.071156" lon="-1.054601"></trkpt>
<trkpt lat="39.071426" lon="-1.054586"></trkpt>
<trkpt lat="39.071636" lon="-1.054615"></trkpt>
<trkpt lat="39.072636" lon="-1.054940"></trkpt>
<trkpt lat="39.072994" lon="-1.054967"></trkpt>
<trkpt lat="39.073236" lon="-1.054891"></trkpt>
<trkpt lat="39.073441" lon="-1.054765"></trkpt>
<trkpt lat="39.073626" lon="-1.054587"></trkpt>
<trkpt lat="39.073803" lon="-1.054356"></trkpt>
<trkpt lat="39.074075" lon="-1.054009"></trkpt>
<trkpt lat="39.074220" lon="-1.053865"></trkpt>
<trkpt lat="39.074422" lon="-1.053732"></trkpt>
<trkpt lat="39.074629" lon="-1.053662"></trkpt>
<trkpt lat="39.074963" lon="-1.053655"></trkpt>
<trkpt lat="39.076334" lon="-1.053914"></trkpt>
<trkpt lat="39.076737" lon="-1.053868"></trkpt>
<trkpt lat="39.076976" lon="-1.053785"></trkpt>
<trkpt lat="39.077219" lon="-1.053661"></trkpt>
<trkpt lat="39.079076" lon="-1.052619"></trkpt>
<trkpt lat="39.079671" lon="-1.052190"></trkpt>
<trkpt lat="39.080357" lon="-1.051646"></trkpt>
<trkpt lat="39.080503" lon="-1.051498"></trkpt>
<trkpt lat="39.080670" lon="-1.051256"></trkpt>
<trkpt lat="39.080987" lon="-1.050484"></trkpt>
<trkpt lat="39.081407" lon="-1.049406"></trkpt>
<trkpt lat="39.081600" lon="-1.049109"></trkpt>
<trkpt lat="39.081751" lon="-1.048959"></trkpt>
<trkpt lat="39.081906" lon="-1.048850"></trkpt>
<trkpt lat="39.082961" lon="-1.048455"></trkpt>
<trkpt lat="39.083268" lon="-1.048406"></trkpt>
<trkpt lat="39.083541" lon="-1.048451"></trkpt>
<trkpt lat="39.083792" lon="-1.048582"></trkpt>
<trkpt lat="39.084041" lon="-1.048827"></trkpt>
<trkpt lat="39.084190" lon="-1.049074"></trkpt>
<trkpt lat="39.084298" lon="-1.049382"></trkpt>
<trkpt lat="39.084331" lon="-1.049553"></trkpt>
<trkpt lat="39.084349" lon="-1.049758"></trkpt>
<trkpt lat="39.084364" lon="-1.051314"></trkpt>
<trkpt lat="39.084381" lon="-1.051493"></trkpt>
<trkpt lat="39.084451" lon="-1.051789"></trkpt>
<trkpt lat="39.084565" lon="-1.052048"></trkpt>
<trkpt lat="39.084687" lon="-1.052236"></trkpt>
<trkpt lat="39.084794" lon="-1.052353"></trkpt>
<trkpt lat="39.085123" lon="-1.052603"></trkpt>
<trkpt lat="39.085524" lon="-1.052812"></trkpt>
<trkpt lat="39.085755" lon="-1.052932"></trkpt>
<trkpt lat="39.087161" lon="-1.053697"></trkpt>
<trkpt lat="39.087599" lon="-1.053915"></trkpt>
<trkpt lat="39.087945" lon="-1.054027"></trkpt>
<trkpt lat="39.089135" lon="-1.054267"></trkpt>
<trkpt lat="39.090186" lon="-1.054248"></trkpt>
<trkpt lat="39.090587" lon="-1.054307"></trkpt>
<trkpt lat="39.090706" lon="-1.054354"></trkpt>
<trkpt lat="39.091810" lon="-1.055023"></trkpt>
<trkpt lat="39.091985" lon="-1.055114"></trkpt>
<trkpt lat="39.092331" lon="-1.055174"></trkpt>
<trkpt lat="39.092439" lon="-1.055179"></trkpt>
<trkpt lat="39.094266" lon="-1.054894"></trkpt>
<trkpt lat="39.096649" lon="-1.054521"></trkpt>
<trkpt lat="39.097025" lon="-1.054448"></trkpt>
<trkpt lat="39.097525" lon="-1.054308"></trkpt>
<trkpt lat="39.097951" lon="-1.054120"></trkpt>
<trkpt lat="39.098772" lon="-1.053683"></trkpt>
<trkpt lat="39.099173" lon="-1.053509"></trkpt>
<trkpt lat="39.100149" lon="-1.053295"></trkpt>
<trkpt lat="39.100921" lon="-1.053141"></trkpt>
<trkpt lat="39.101562" lon="-1.053085"></trkpt>
<trkpt lat="39.101855" lon="-1.053077"></trkpt>
<trkpt lat="39.101942" lon="-1.053081"></trkpt>
<trkpt lat="39.102069" lon="-1.053092"></trkpt>
<trkpt lat="39.102202" lon="-1.053104"></trkpt>
<trkpt lat="39.102252" lon="-1.053118"></trkpt>
<trkpt lat="39.102431" lon="-1.053145"></trkpt>
<trkpt lat="39.104744" lon="-1.053564"></trkpt>
<trkpt lat="39.105220" lon="-1.053651"></trkpt>
<trkpt lat="39.106941" lon="-1.054110"></trkpt>
<trkpt lat="39.107231" lon="-1.054148"></trkpt>
<trkpt lat="39.107551" lon="-1.054125"></trkpt>
<trkpt lat="39.108458" lon="-1.053924"></trkpt>
<trkpt lat="39.108730" lon="-1.053908"></trkpt>
<trkpt lat="39.112183" lon="-1.054357"></trkpt>
<trkpt lat="39.112592" lon="-1.054367"></trkpt>
<trkpt lat="39.112916" lon="-1.054282"></trkpt>
<trkpt lat="39.113290" lon="-1.054052"></trkpt>
<trkpt lat="39.113527" lon="-1.053810"></trkpt>
<trkpt lat="39.114207" lon="-1.052851"></trkpt>
<trkpt lat="39.114425" lon="-1.052646"></trkpt>
<trkpt lat="39.114672" lon="-1.052519"></trkpt>
<trkpt lat="39.114885" lon="-1.052477"></trkpt>
<trkpt lat="39.115210" lon="-1.052516"></trkpt>
<trkpt lat="39.116402" lon="-1.053097"></trkpt>
<trkpt lat="39.116739" lon="-1.053204"></trkpt>
<trkpt lat="39.116862" lon="-1.053219"></trkpt>
<trkpt lat="39.117287" lon="-1.053270"></trkpt>
<trkpt lat="39.117541" lon="-1.053340"></trkpt>
<trkpt lat="39.117865" lon="-1.053551"></trkpt>
<trkpt lat="39.119255" lon="-1.054968"></trkpt>
<trkpt lat="39.119712" lon="-1.055435"></trkpt>
<trkpt lat="39.119962" lon="-1.055602"></trkpt>
<trkpt lat="39.120227" lon="-1.055697"></trkpt>
<trkpt lat="39.120826" lon="-1.055746"></trkpt>
<trkpt lat="39.121114" lon="-1.055835"></trkpt>
<trkpt lat="39.121408" lon="-1.056039"></trkpt>
<trkpt lat="39.121637" lon="-1.056358"></trkpt>
<trkpt lat="39.121722" lon="-1.056562"></trkpt>
<trkpt lat="39.121806" lon="-1.056857"></trkpt>
<trkpt lat="39.122028" lon="-1.058027"></trkpt>
<trkpt lat="39.122245" lon="-1.059810"></trkpt>
<trkpt lat="39.122392" lon="-1.060276"></trkpt>
<trkpt lat="39.123010" lon="-1.061725"></trkpt>
<trkpt lat="39.123220" lon="-1.062349"></trkpt>
<trkpt lat="39.123880" lon="-1.065105"></trkpt>
<trkpt lat="39.124046" lon="-1.065498"></trkpt>
<trkpt lat="39.124295" lon="-1.065801"></trkpt>
<trkpt lat="39.125008" lon="-1.066388"></trkpt>
<trkpt lat="39.125226" lon="-1.066705"></trkpt>
<trkpt lat="39.125363" lon="-1.067059"></trkpt>
<trkpt lat="39.125649" lon="-1.068216"></trkpt>
<trkpt lat="39.125833" lon="-1.068680"></trkpt>
<trkpt lat="39.126051" lon="-1.068967"></trkpt>
<trkpt lat="39.127950" lon="-1.070634"></trkpt>
<trkpt lat="39.128577" lon="-1.071185"></trkpt>
<trkpt lat="39.128949" lon="-1.071554"></trkpt>
<trkpt lat="39.129835" lon="-1.072890"></trkpt>
<trkpt lat="39.130110" lon="-1.073217"></trkpt>
<trkpt lat="39.130530" lon="-1.073508"></trkpt>
<trkpt lat="39.132817" lon="-1.074778"></trkpt>
<trkpt lat="39.133541" lon="-1.075179"></trkpt>
<trkpt lat="39.133896" lon="-1.075322"></trkpt>
<trkpt lat="39.135273" lon="-1.075593"></trkpt>
<trkpt lat="39.135514" lon="-1.075670"></trkpt>
<trkpt lat="39.135660" lon="-1.075747"></trkpt>
<trkpt lat="39.136211" lon="-1.076096"></trkpt>
<trkpt lat="39.136562" lon="-1.076264"></trkpt>
<trkpt lat="39.136920" lon="-1.076334"></trkpt>
<trkpt lat="39.137249" lon="-1.076340"></trkpt>
<trkpt lat="39.137597" lon="-1.076267"></trkpt>
<trkpt lat="39.137794" lon="-1.076191"></trkpt>
<trkpt lat="39.138931" lon="-1.075547"></trkpt>
<trkpt lat="39.138956" lon="-1.075536"></trkpt>
<trkpt lat="39.139984" lon="-1.075154"></trkpt>
<trkpt lat="39.140713" lon="-1.074890"></trkpt>
<trkpt lat="39.140846" lon="-1.074842"></trkpt>
<trkpt lat="39.141281" lon="-1.074684"></trkpt>
<trkpt lat="39.142628" lon="-1.074214"></trkpt>
<trkpt lat="39.142689" lon="-1.074191"></trkpt>
<trkpt lat="39.142733" lon="-1.074175"></trkpt>
<trkpt lat="39.143727" lon="-1.073823"></trkpt>
<trkpt lat="39.144502" lon="-1.073580"></trkpt>
<trkpt lat="39.144919" lon="-1.073556"></trkpt>
<trkpt lat="39.145049" lon="-1.073570"></trkpt>
<trkpt lat="39.145367" lon="-1.073671"></trkpt>
<trkpt lat="39.145537" lon="-1.073760"></trkpt>
<trkpt lat="39.145797" lon="-1.073957"></trkpt>
<trkpt lat="39.146140" lon="-1.074319"></trkpt>
<trkpt lat="39.146865" lon="-1.075165"></trkpt>
<trkpt lat="39.147071" lon="-1.075458"></trkpt>
<trkpt lat="39.147274" lon="-1.075858"></trkpt>
<trkpt lat="39.147408" lon="-1.076268"></trkpt>
<trkpt lat="39.147710" lon="-1.077493"></trkpt>
<trkpt lat="39.147828" lon="-1.077753"></trkpt>
<trkpt lat="39.147968" lon="-1.077956"></trkpt>
<trkpt lat="39.148123" lon="-1.078106"></trkpt>
<trkpt lat="39.148316" lon="-1.078225"></trkpt>
<trkpt lat="39.148529" lon="-1.078309"></trkpt>
<trkpt lat="39.148827" lon="-1.078350"></trkpt>
<trkpt lat="39.151121" lon="-1.078677"></trkpt>
<trkpt lat="39.151462" lon="-1.078795"></trkpt>
<trkpt lat="39.151797" lon="-1.079041"></trkpt>
<trkpt lat="39.151986" lon="-1.079281"></trkpt>
<trkpt lat="39.152157" lon="-1.079629"></trkpt>
<trkpt lat="39.152465" lon="-1.080435"></trkpt>
<trkpt lat="39.152650" lon="-1.080789"></trkpt>
<trkpt lat="39.152812" lon="-1.080988"></trkpt>
<trkpt lat="39.152993" lon="-1.081132"></trkpt>
<trkpt lat="39.153193" lon="-1.081230"></trkpt>
<trkpt lat="39.153343" lon="-1.081265"></trkpt>
<trkpt lat="39.153606" lon="-1.081267"></trkpt>
<trkpt lat="39.153844" lon="-1.081198"></trkpt>
<trkpt lat="39.155149" lon="-1.080613"></trkpt>
<trkpt lat="39.155824" lon="-1.080440"></trkpt>
<trkpt lat="39.156237" lon="-1.080300"></trkpt>
<trkpt lat="39.156516" lon="-1.080139"></trkpt>
<trkpt lat="39.157849" lon="-1.079024"></trkpt>
<trkpt lat="39.158119" lon="-1.078842"></trkpt>
<trkpt lat="39.158390" lon="-1.078741"></trkpt>
<trkpt lat="39.158652" lon="-1.078738"></trkpt>
<trkpt lat="39.159793" lon="-1.078893"></trkpt>
<trkpt lat="39.160096" lon="-1.078846"></trkpt>
<trkpt lat="39.160345" lon="-1.078714"></trkpt>
<trkpt lat="39.160586" lon="-1.078460"></trkpt>
<trkpt lat="39.160764" lon="-1.078166"></trkpt>
<trkpt lat="39.161125" lon="-1.077097"></trkpt>
<trkpt lat="39.161325" lon="-1.076729"></trkpt>
<trkpt lat="39.161717" lon="-1.076005"></trkpt>
<trkpt lat="39.162290" lon="-1.074992"></trkpt>
<trkpt lat="39.162560" lon="-1.074703"></trkpt>
<trkpt lat="39.162867" lon="-1.074511"></trkpt>
<trkpt lat="39.163113" lon="-1.074431"></trkpt>
<trkpt lat="39.163360" lon="-1.074401"></trkpt>
<trkpt lat="39.163632" lon="-1.074439"></trkpt>
<trkpt lat="39.163930" lon="-1.074551"></trkpt>
<trkpt lat="39.165029" lon="-1.075196"></trkpt>
<trkpt lat="39.165671" lon="-1.075524"></trkpt>
<trkpt lat="39.168040" lon="-1.076419"></trkpt>
<trkpt lat="39.171418" lon="-1.077581"></trkpt>
<trkpt lat="39.175474" lon="-1.078732"></trkpt>
<trkpt lat="39.176657" lon="-1.079068"></trkpt>
<trkpt lat="39.176958" lon="-1.079117"></trkpt>
<trkpt lat="39.177261" lon="-1.079104"></trkpt>
<trkpt lat="39.178488" lon="-1.078775"></trkpt>
<trkpt lat="39.178697" lon="-1.078684"></trkpt>
<trkpt lat="39.179486" lon="-1.078189"></trkpt>
<trkpt lat="39.179796" lon="-1.078036"></trkpt>
<trkpt lat="39.180120" lon="-1.077941"></trkpt>
<trkpt lat="39.180572" lon="-1.077905"></trkpt>
<trkpt lat="39.181559" lon="-1.077996"></trkpt>
<trkpt lat="39.182047" lon="-1.077999"></trkpt>
<trkpt lat="39.182215" lon="-1.077952"></trkpt>
<trkpt lat="39.182377" lon="-1.077874"></trkpt>
<trkpt lat="39.182668" lon="-1.077554"></trkpt>
<trkpt lat="39.183114" lon="-1.076944"></trkpt>
<trkpt lat="39.183261" lon="-1.076801"></trkpt>
<trkpt lat="39.183542" lon="-1.076639"></trkpt>
<trkpt lat="39.183920" lon="-1.076548"></trkpt>
<trkpt lat="39.185766" lon="-1.076181"></trkpt>
<trkpt lat="39.187430" lon="-1.075878"></trkpt>
<trkpt lat="39.187705" lon="-1.075770"></trkpt>
<trkpt lat="39.187871" lon="-1.075678"></trkpt>
<trkpt lat="39.188053" lon="-1.075531"></trkpt>
<trkpt lat="39.188464" lon="-1.075076"></trkpt>
<trkpt lat="39.188764" lon="-1.074733"></trkpt>
<trkpt lat="39.188857" lon="-1.074625"></trkpt>
<trkpt lat="39.190440" lon="-1.072807"></trkpt>
<trkpt lat="39.190735" lon="-1.072459"></trkpt>
<trkpt lat="39.190815" lon="-1.072337"></trkpt>
<trkpt lat="39.190936" lon="-1.072062"></trkpt>
<trkpt lat="39.191189" lon="-1.071016"></trkpt>
<trkpt lat="39.191286" lon="-1.070768"></trkpt>
<trkpt lat="39.191412" lon="-1.070569"></trkpt>
<trkpt lat="39.191604" lon="-1.070326"></trkpt>
<trkpt lat="39.192052" lon="-1.069811"></trkpt>
<trkpt lat="39.192270" lon="-1.069620"></trkpt>
<trkpt lat="39.192436" lon="-1.069513"></trkpt>
<trkpt lat="39.192709" lon="-1.069386"></trkpt>
<trkpt lat="39.192947" lon="-1.069325"></trkpt>
<trkpt lat="39.194033" lon="-1.069214"></trkpt>
<trkpt lat="39.194399" lon="-1.069115"></trkpt>
<trkpt lat="39.194703" lon="-1.068956"></trkpt>
<trkpt lat="39.195627" lon="-1.068263"></trkpt>
<trkpt lat="39.195930" lon="-1.068124"></trkpt>
<trkpt lat="39.196090" lon="-1.068082"></trkpt>
<trkpt lat="39.196470" lon="-1.068036"></trkpt>
<trkpt lat="39.197149" lon="-1.068089"></trkpt>
<trkpt lat="39.197468" lon="-1.068076"></trkpt>
<trkpt lat="39.197683" lon="-1.068022"></trkpt>
<trkpt lat="39.197969" lon="-1.067892"></trkpt>
<trkpt lat="39.198326" lon="-1.067610"></trkpt>
<trkpt lat="39.198583" lon="-1.067301"></trkpt>
<trkpt lat="39.198769" lon="-1.066968"></trkpt>
<trkpt lat="39.200046" lon="-1.064005"></trkpt>
<trkpt lat="39.200367" lon="-1.063486"></trkpt>
<trkpt lat="39.200621" lon="-1.063185"></trkpt>
<trkpt lat="39.200944" lon="-1.062870"></trkpt>
<trkpt lat="39.201127" lon="-1.062672"></trkpt>
<trkpt lat="39.201425" lon="-1.062356"></trkpt>
<trkpt lat="39.203176" lon="-1.060550"></trkpt>
<trkpt lat="39.203350" lon="-1.060360"></trkpt>
<trkpt lat="39.204695" lon="-1.059070"></trkpt>
<trkpt lat="39.205610" lon="-1.058218"></trkpt>
<trkpt lat="39.206100" lon="-1.057963"></trkpt>
<trkpt lat="39.206623" lon="-1.057902"></trkpt>
<trkpt lat="39.206886" lon="-1.057949"></trkpt>
<trkpt lat="39.207176" lon="-1.058058"></trkpt>
<trkpt lat="39.207465" lon="-1.058245"></trkpt>
<trkpt lat="39.207728" lon="-1.058494"></trkpt>
<trkpt lat="39.207972" lon="-1.058830"></trkpt>
<trkpt lat="39.208149" lon="-1.059220"></trkpt>
<trkpt lat="39.208284" lon="-1.059698"></trkpt>
<trkpt lat="39.208420" lon="-1.061157"></trkpt>
<trkpt lat="39.208499" lon="-1.061709"></trkpt>
<trkpt lat="39.208643" lon="-1.062321"></trkpt>
<trkpt lat="39.208816" lon="-1.062686"></trkpt>
<trkpt lat="39.209228" lon="-1.063363"></trkpt>
<trkpt lat="39.209419" lon="-1.063662"></trkpt>
<trkpt lat="39.209645" lon="-1.063925"></trkpt>
<trkpt lat="39.210535" lon="-1.064588"></trkpt>
<trkpt lat="39.211023" lon="-1.064974"></trkpt>
<trkpt lat="39.211467" lon="-1.065282"></trkpt>
<trkpt lat="39.211713" lon="-1.065475"></trkpt>
<trkpt lat="39.212319" lon="-1.065839"></trkpt>
<trkpt lat="39.212652" lon="-1.065966"></trkpt>
<trkpt lat="39.213012" lon="-1.065998"></trkpt>
<trkpt lat="39.213130" lon="-1.065982"></trkpt>
<trkpt lat="39.213357" lon="-1.065926"></trkpt>
<trkpt lat="39.213588" lon="-1.065832"></trkpt>
<trkpt lat="39.213901" lon="-1.065599"></trkpt>
<trkpt lat="39.214080" lon="-1.065411"></trkpt>
<trkpt lat="39.214292" lon="-1.065089"></trkpt>
<trkpt lat="39.214755" lon="-1.064078"></trkpt>
<trkpt lat="39.214909" lon="-1.063829"></trkpt>
<trkpt lat="39.215811" lon="-1.062581"></trkpt>
<trkpt lat="39.216323" lon="-1.062042"></trkpt>
<trkpt lat="39.216526" lon="-1.061813"></trkpt>
<trkpt lat="39.216761" lon="-1.061649"></trkpt>
<trkpt lat="39.217565" lon="-1.061176"></trkpt>
<trkpt lat="39.218159" lon="-1.060648"></trkpt>
<trkpt lat="39.218459" lon="-1.060431"></trkpt>
<trkpt lat="39.218649" lon="-1.060360"></trkpt>
<trkpt lat="39.218838" lon="-1.060336"></trkpt>
<trkpt lat="39.219025" lon="-1.060337"></trkpt>
<trkpt lat="39.219333" lon="-1.060393"></trkpt>
<trkpt lat="39.219434" lon="-1.060349"></trkpt>
<trkpt lat="39.219529" lon="-1.060202"></trkpt>
<trkpt lat="39.219623" lon="-1.060158"></trkpt>
<trkpt lat="39.219769" lon="-1.060194"></trkpt>
<trkpt lat="39.219869" lon="-1.060335"></trkpt>
<trkpt lat="39.220014" lon="-1.060487"></trkpt>
<trkpt lat="39.220252" lon="-1.060666"></trkpt>
<trkpt lat="39.220574" lon="-1.060872"></trkpt>
<trkpt lat="39.221052" lon="-1.061315"></trkpt>
<trkpt lat="39.221178" lon="-1.061449"></trkpt>
<trkpt lat="39.222180" lon="-1.062436"></trkpt>
<trkpt lat="39.222803" lon="-1.063022"></trkpt>
<trkpt lat="39.223144" lon="-1.063240"></trkpt>
<trkpt lat="39.223525" lon="-1.063433"></trkpt>
<trkpt lat="39.223633" lon="-1.063485"></trkpt>
<trkpt lat="39.223676" lon="-1.063503"></trkpt>
<trkpt lat="39.224230" lon="-1.063808"></trkpt>
<trkpt lat="39.224463" lon="-1.064032"></trkpt>
<trkpt lat="39.224640" lon="-1.064258"></trkpt>
<trkpt lat="39.224953" lon="-1.064472"></trkpt>
<trkpt lat="39.225298" lon="-1.064566"></trkpt>
<trkpt lat="39.225567" lon="-1.064555"></trkpt>
<trkpt lat="39.226186" lon="-1.064451"></trkpt>
<trkpt lat="39.226625" lon="-1.064472"></trkpt>
<trkpt lat="39.226909" lon="-1.064492"></trkpt>
<trkpt lat="39.227296" lon="-1.064511"></trkpt>
<trkpt lat="39.227436" lon="-1.064494"></trkpt>
<trkpt lat="39.227541" lon="-1.064443"></trkpt>
<trkpt lat="39.227785" lon="-1.064242"></trkpt>
<trkpt lat="39.228010" lon="-1.064011"></trkpt>
<trkpt lat="39.228062" lon="-1.063849"></trkpt>
<trkpt lat="39.228156" lon="-1.063864"></trkpt>
<trkpt lat="39.228354" lon="-1.063878"></trkpt>
<trkpt lat="39.228412" lon="-1.063901"></trkpt>
<trkpt lat="39.228494" lon="-1.063900"></trkpt>
<trkpt lat="39.228578" lon="-1.063899"></trkpt>
<trkpt lat="39.228608" lon="-1.063957"></trkpt>
<trkpt lat="39.228559" lon="-1.064087"></trkpt>
<trkpt lat="39.228537" lon="-1.064195"></trkpt>
<trkpt lat="39.228637" lon="-1.064478"></trkpt>
<trkpt lat="39.228732" lon="-1.064642"></trkpt>
<trkpt lat="39.228963" lon="-1.064922"></trkpt>
<trkpt lat="39.229054" lon="-1.065119"></trkpt>
<trkpt lat="39.229123" lon="-1.065759"></trkpt>
<trkpt lat="39.229093" lon="-1.066229"></trkpt>
<trkpt lat="39.229168" lon="-1.066652"></trkpt>
<trkpt lat="39.229173" lon="-1.067106"></trkpt>
<trkpt lat="39.229263" lon="-1.067401"></trkpt>
<trkpt lat="39.229296" lon="-1.067677"></trkpt>
<trkpt lat="39.229311" lon="-1.067929"></trkpt>
<trkpt lat="39.229282" lon="-1.068218"></trkpt>
<trkpt lat="39.229381" lon="-1.068430"></trkpt>
<trkpt lat="39.229600" lon="-1.068639"></trkpt>
<trkpt lat="39.229672" lon="-1.068754"></trkpt>
<trkpt lat="39.229732" lon="-1.068901"></trkpt>
<trkpt lat="39.229825" lon="-1.069282"></trkpt>
<trkpt lat="39.229841" lon="-1.069544"></trkpt>
<trkpt lat="39.229810" lon="-1.070459"></trkpt>
<trkpt lat="39.229859" lon="-1.070799"></trkpt>
<trkpt lat="39.229959" lon="-1.071255"></trkpt>
<trkpt lat="39.229986" lon="-1.071515"></trkpt>
<trkpt lat="39.229981" lon="-1.071707"></trkpt>
<trkpt lat="39.230065" lon="-1.072084"></trkpt>
<trkpt lat="39.230142" lon="-1.072853"></trkpt>
<trkpt lat="39.230084" lon="-1.073360"></trkpt>
<trkpt lat="39.230088" lon="-1.073601"></trkpt>
<trkpt lat="39.230445" lon="-1.074908"></trkpt>
<trkpt lat="39.230492" lon="-1.075215"></trkpt>
<trkpt lat="39.230522" lon="-1.075281"></trkpt>
<trkpt lat="39.231169" lon="-1.076037"></trkpt>
<trkpt lat="39.231266" lon="-1.076278"></trkpt>
<trkpt lat="39.231521" lon="-1.076600"></trkpt>
<trkpt lat="39.231715" lon="-1.076786"></trkpt>
<trkpt lat="39.232070" lon="-1.077020"></trkpt>
<trkpt lat="39.232402" lon="-1.077330"></trkpt>
<trkpt lat="39.233007" lon="-1.078073"></trkpt>
<trkpt lat="39.233483" lon="-1.078610"></trkpt>
<trkpt lat="39.233736" lon="-1.078793"></trkpt>
<trkpt lat="39.233869" lon="-1.078953"></trkpt>
<trkpt lat="39.234150" lon="-1.079183"></trkpt>
<trkpt lat="39.234289" lon="-1.079332"></trkpt>
<trkpt lat="39.234761" lon="-1.079957"></trkpt>
<trkpt lat="39.234967" lon="-1.080178"></trkpt>
<trkpt lat="39.235147" lon="-1.080284"></trkpt>
<trkpt lat="39.235655" lon="-1.080910"></trkpt>
<trkpt lat="39.235876" lon="-1.081389"></trkpt>
<trkpt lat="39.235989" lon="-1.081560"></trkpt>
<trkpt lat="39.236237" lon="-1.081809"></trkpt>
<trkpt lat="39.236459" lon="-1.081938"></trkpt>
<trkpt lat="39.236844" lon="-1.082350"></trkpt>
<trkpt lat="39.237332" lon="-1.082749"></trkpt>
<trkpt lat="39.237837" lon="-1.083386"></trkpt>
<trkpt lat="39.238321" lon="-1.084134"></trkpt>
<trkpt lat="39.238745" lon="-1.084471"></trkpt>
<trkpt lat="39.238860" lon="-1.084597"></trkpt>
<trkpt lat="39.238941" lon="-1.084762"></trkpt>
<trkpt lat="39.238983" lon="-1.085061"></trkpt>
<trkpt lat="39.239042" lon="-1.085149"></trkpt>
<trkpt lat="39.239148" lon="-1.085175"></trkpt>
<trkpt lat="39.239191" lon="-1.085131"></trkpt>
<trkpt lat="39.239248" lon="-1.084988"></trkpt>
<trkpt lat="39.239336" lon="-1.084974"></trkpt>
<trkpt lat="39.239438" lon="-1.085072"></trkpt>
<trkpt lat="39.239584" lon="-1.085153"></trkpt>
<trkpt lat="39.240102" lon="-1.085224"></trkpt>
<trkpt lat="39.240604" lon="-1.085382"></trkpt>
<trkpt lat="39.241151" lon="-1.085667"></trkpt>
<trkpt lat="39.241377" lon="-1.085814"></trkpt>
<trkpt lat="39.241662" lon="-1.085938"></trkpt>
<trkpt lat="39.242001" lon="-1.085989"></trkpt>
<trkpt lat="39.242270" lon="-1.085918"></trkpt>
<trkpt lat="39.242345" lon="-1.085926"></trkpt>
<trkpt lat="39.242688" lon="-1.086219"></trkpt>
<trkpt lat="39.242860" lon="-1.086403"></trkpt>
<trkpt lat="39.242884" lon="-1.086538"></trkpt>
<trkpt lat="39.243006" lon="-1.086744"></trkpt>
<trkpt lat="39.243270" lon="-1.087058"></trkpt>
<trkpt lat="39.243511" lon="-1.087673"></trkpt>
<trkpt lat="39.243558" lon="-1.087936"></trkpt>
<trkpt lat="39.243542" lon="-1.088017"></trkpt>
<trkpt lat="39.243468" lon="-1.088089"></trkpt>
<trkpt lat="39.243388" lon="-1.088128"></trkpt>
<trkpt lat="39.243313" lon="-1.088102"></trkpt>
<trkpt lat="39.242975" lon="-1.087769"></trkpt>
<trkpt lat="39.242744" lon="-1.087608"></trkpt>
<trkpt lat="39.242511" lon="-1.087404"></trkpt>
<trkpt lat="39.242293" lon="-1.087381"></trkpt>
<trkpt lat="39.242235" lon="-1.087201"></trkpt>
<trkpt lat="39.242187" lon="-1.087144"></trkpt>
<trkpt lat="39.242098" lon="-1.087101"></trkpt>
<trkpt lat="39.241818" lon="-1.086994"></trkpt>
<trkpt lat="39.241620" lon="-1.086962"></trkpt>
<trkpt lat="39.241413" lon="-1.086972"></trkpt>
<trkpt lat="39.241232" lon="-1.086919"></trkpt>
<trkpt lat="39.240687" lon="-1.086629"></trkpt>
<trkpt lat="39.240285" lon="-1.086508"></trkpt>
<trkpt lat="39.240191" lon="-1.086503"></trkpt>
<trkpt lat="39.240114" lon="-1.086514"></trkpt>
<trkpt lat="39.240054" lon="-1.086557"></trkpt>
<trkpt lat="39.239767" lon="-1.086846"></trkpt>
<trkpt lat="39.239622" lon="-1.086924"></trkpt>
<trkpt lat="39.239445" lon="-1.086956"></trkpt>
<trkpt lat="39.239333" lon="-1.086937"></trkpt>
<trkpt lat="39.239088" lon="-1.086790"></trkpt>
<trkpt lat="39.238527" lon="-1.086723"></trkpt>
<trkpt lat="39.238352" lon="-1.086739"></trkpt>
<trkpt lat="39.238226" lon="-1.086787"></trkpt>
<trkpt lat="39.238143" lon="-1.086865"></trkpt>
<trkpt lat="39.238133" lon="-1.087244"></trkpt>
<trkpt lat="39.238103" lon="-1.087506"></trkpt>
<trkpt lat="39.238057" lon="-1.087675"></trkpt>
<trkpt lat="39.238008" lon="-1.087766"></trkpt>
<trkpt lat="39.237962" lon="-1.087796"></trkpt>
<trkpt lat="39.237638" lon="-1.087868"></trkpt>
<trkpt lat="39.237131" lon="-1.087879"></trkpt>
<trkpt lat="39.236832" lon="-1.087978"></trkpt>
<trkpt lat="39.236726" lon="-1.087980"></trkpt>
<trkpt lat="39.236339" lon="-1.087895"></trkpt>
<trkpt lat="39.236046" lon="-1.087889"></trkpt>
<trkpt lat="39.235731" lon="-1.087779"></trkpt>
<trkpt lat="39.235531" lon="-1.087863"></trkpt>
<trkpt lat="39.234877" lon="-1.088250"></trkpt>
<trkpt lat="39.234974" lon="-1.088678"></trkpt>
<trkpt lat="39.234979" lon="-1.088894"></trkpt>
<trkpt lat="39.234933" lon="-1.089029"></trkpt>
<trkpt lat="39.234636" lon="-1.089133"></trkpt>
<trkpt lat="39.234685" lon="-1.089359"></trkpt>
<trkpt lat="39.234668" lon="-1.089482"></trkpt>
<trkpt lat="39.234317" lon="-1.090172"></trkpt>
<trkpt lat="39.233924" lon="-1.090610"></trkpt>
<trkpt lat="39.233756" lon="-1.090740"></trkpt>
<trkpt lat="39.233235" lon="-1.091356"></trkpt>
<trkpt lat="39.233188" lon="-1.091463"></trkpt>
<trkpt lat="39.233180" lon="-1.091582"></trkpt>
<trkpt lat="39.233557" lon="-1.091750"></trkpt>
<trkpt lat="39.233824" lon="-1.091973"></trkpt>
<trkpt lat="39.234060" lon="-1.092111"></trkpt>
<trkpt lat="39.234719" lon="-1.092345"></trkpt>
<trkpt lat="39.234791" lon="-1.092457"></trkpt>
<trkpt lat="39.234825" lon="-1.092702"></trkpt>
<trkpt lat="39.234798" lon="-1.092879"></trkpt>
<trkpt lat="39.234653" lon="-1.093070"></trkpt>
<trkpt lat="39.234429" lon="-1.093232"></trkpt>
<trkpt lat="39.234383" lon="-1.093358"></trkpt>
<trkpt lat="39.234409" lon="-1.093471"></trkpt>
<trkpt lat="39.234469" lon="-1.093547"></trkpt>
<trkpt lat="39.234730" lon="-1.093711"></trkpt>
<trkpt lat="39.234843" lon="-1.093887"></trkpt>
<trkpt lat="39.234933" lon="-1.093947"></trkpt>
<trkpt lat="39.235439" lon="-1.093959"></trkpt>
<trkpt lat="39.235573" lon="-1.094050"></trkpt>
<trkpt lat="39.235625" lon="-1.094159"></trkpt>
<trkpt lat="39.235727" lon="-1.094730"></trkpt>
<trkpt lat="39.235930" lon="-1.094988"></trkpt>
<trkpt lat="39.236003" lon="-1.095119"></trkpt>
<trkpt lat="39.236099" lon="-1.095575"></trkpt>
<trkpt lat="39.236175" lon="-1.095626"></trkpt>
<trkpt lat="39.236466" lon="-1.095626"></trkpt>
<trkpt lat="39.236843" lon="-1.095441"></trkpt>
<trkpt lat="39.237056" lon="-1.095377"></trkpt>
<trkpt lat="39.237262" lon="-1.095409"></trkpt>
<trkpt lat="39.237506" lon="-1.095504"></trkpt>
<trkpt lat="39.238176" lon="-1.095792"></trkpt>
<trkpt lat="39.238413" lon="-1.095929"></trkpt>
<trkpt lat="39.238596" lon="-1.096235"></trkpt>
<trkpt lat="39.238822" lon="-1.096412"></trkpt>
<trkpt lat="39.239385" lon="-1.096605"></trkpt>
<trkpt lat="39.239483" lon="-1.096618"></trkpt>
<trkpt lat="39.239900" lon="-1.096573"></trkpt>
<trkpt lat="39.240306" lon="-1.096498"></trkpt>
<trkpt lat="39.240426" lon="-1.096514"></trkpt>
<trkpt lat="39.240646" lon="-1.096645"></trkpt>
<trkpt lat="39.240769" lon="-1.096672"></trkpt>
<trkpt lat="39.240949" lon="-1.096635"></trkpt>
<trkpt lat="39.241292" lon="-1.096495"></trkpt>
<trkpt lat="39.242227" lon="-1.096348"></trkpt>
<trkpt lat="39.242979" lon="-1.096283"></trkpt>
<trkpt lat="39.243083" lon="-1.096165"></trkpt>
<trkpt lat="39.243041" lon="-1.096028"></trkpt>
<trkpt lat="39.243055" lon="-1.095905"></trkpt>
<trkpt lat="39.243355" lon="-1.095394"></trkpt>
<trkpt lat="39.243407" lon="-1.095300"></trkpt>
<trkpt lat="39.243538" lon="-1.095210"></trkpt>
<trkpt lat="39.243690" lon="-1.095216"></trkpt>
<trkpt lat="39.244329" lon="-1.095465"></trkpt>
<trkpt lat="39.244537" lon="-1.095519"></trkpt>
<trkpt lat="39.244656" lon="-1.095523"></trkpt>
<trkpt lat="39.245013" lon="-1.095535"></trkpt>
<trkpt lat="39.245146" lon="-1.095492"></trkpt>
<trkpt lat="39.245396" lon="-1.095323"></trkpt>
<trkpt lat="39.245748" lon="-1.095304"></trkpt>
<trkpt lat="39.245889" lon="-1.095256"></trkpt>
<trkpt lat="39.246004" lon="-1.095176"></trkpt>
<trkpt lat="39.246176" lon="-1.094969"></trkpt>
<trkpt lat="39.246298" lon="-1.094894"></trkpt>
<trkpt lat="39.246429" lon="-1.094872"></trkpt>
<trkpt lat="39.247224" lon="-1.095132"></trkpt>
<trkpt lat="39.247496" lon="-1.095274"></trkpt>
<trkpt lat="39.247652" lon="-1.095516"></trkpt>
<trkpt lat="39.247892" lon="-1.096123"></trkpt>
<trkpt lat="39.248263" lon="-1.096524"></trkpt>
<trkpt lat="39.248577" lon="-1.096696"></trkpt>
<trkpt lat="39.248741" lon="-1.096823"></trkpt>
<trkpt lat="39.248791" lon="-1.096892"></trkpt>
<trkpt lat="39.248946" lon="-1.097291"></trkpt>
<trkpt lat="39.249057" lon="-1.097321"></trkpt>
<trkpt lat="39.249121" lon="-1.097270"></trkpt>
<trkpt lat="39.249146" lon="-1.097208"></trkpt>
<trkpt lat="39.249152" lon="-1.097095"></trkpt>
<trkpt lat="39.249131" lon="-1.097034"></trkpt>
<trkpt lat="39.248589" lon="-1.096312"></trkpt>
<trkpt lat="39.248305" lon="-1.095800"></trkpt>
<trkpt lat="39.248278" lon="-1.095725"></trkpt>
<trkpt lat="39.248282" lon="-1.095642"></trkpt>
<trkpt lat="39.248327" lon="-1.095516"></trkpt>
<trkpt lat="39.248401" lon="-1.095422"></trkpt>
<trkpt lat="39.249111" lon="-1.094637"></trkpt>
<trkpt lat="39.249238" lon="-1.094427"></trkpt>
<trkpt lat="39.249474" lon="-1.094403"></trkpt>
<trkpt lat="39.249632" lon="-1.094433"></trkpt>
<trkpt lat="39.249921" lon="-1.094835"></trkpt>
<trkpt lat="39.250225" lon="-1.095140"></trkpt>
<trkpt lat="39.250378" lon="-1.095355"></trkpt>
<trkpt lat="39.250413" lon="-1.095554"></trkpt>
<trkpt lat="39.250401" lon="-1.095752"></trkpt>
<trkpt lat="39.250333" lon="-1.095936"></trkpt>
<trkpt lat="39.250191" lon="-1.096136"></trkpt>
<trkpt lat="39.250154" lon="-1.096272"></trkpt>
<trkpt lat="39.250252" lon="-1.096823"></trkpt>
<trkpt lat="39.250264" lon="-1.096951"></trkpt>
<trkpt lat="39.250127" lon="-1.097388"></trkpt>
<trkpt lat="39.250116" lon="-1.097581"></trkpt>
<trkpt lat="39.250141" lon="-1.097657"></trkpt>
<trkpt lat="39.250224" lon="-1.097734"></trkpt>
<trkpt lat="39.250650" lon="-1.097936"></trkpt>
<trkpt lat="39.250937" lon="-1.098118"></trkpt>
<trkpt lat="39.251086" lon="-1.098225"></trkpt>
<trkpt lat="39.251369" lon="-1.098335"></trkpt>
<trkpt lat="39.252081" lon="-1.098362"></trkpt>
<trkpt lat="39.252482" lon="-1.098461"></trkpt>
<trkpt lat="39.253122" lon="-1.098558"></trkpt>
<trkpt lat="39.253259" lon="-1.098617"></trkpt>
<trkpt lat="39.253392" lon="-1.098714"></trkpt>
<trkpt lat="39.253525" lon="-1.098762"></trkpt>
<trkpt lat="39.253628" lon="-1.098719"></trkpt>
<trkpt lat="39.253851" lon="-1.098467"></trkpt>
<trkpt lat="39.254009" lon="-1.098427"></trkpt>
<trkpt lat="39.254351" lon="-1.098515"></trkpt>
<trkpt lat="39.254598" lon="-1.098539"></trkpt>
<trkpt lat="39.255500" lon="-1.098523"></trkpt>
<trkpt lat="39.257213" lon="-1.098236"></trkpt>
<trkpt lat="39.257719" lon="-1.098240"></trkpt>
<trkpt lat="39.258839" lon="-1.097726"></trkpt>
<trkpt lat="39.259022" lon="-1.097608"></trkpt>
<trkpt lat="39.259210" lon="-1.097398"></trkpt>
<trkpt lat="39.259495" lon="-1.096949"></trkpt>
<trkpt lat="39.259706" lon="-1.096751"></trkpt>
<trkpt lat="39.259787" lon="-1.096709"></trkpt>
<trkpt lat="39.259973" lon="-1.096670"></trkpt>
<trkpt lat="39.260251" lon="-1.096519"></trkpt>
<trkpt lat="39.260802" lon="-1.096474"></trkpt>
<trkpt lat="39.261140" lon="-1.096474"></trkpt>
<trkpt lat="39.261429" lon="-1.096369"></trkpt>
<trkpt lat="39.261868" lon="-1.096142"></trkpt>
<trkpt lat="39.262420" lon="-1.095864"></trkpt>
<trkpt lat="39.262755" lon="-1.095860"></trkpt>
<trkpt lat="39.262990" lon="-1.095949"></trkpt>
<trkpt lat="39.264266" lon="-1.096675"></trkpt>
<trkpt lat="39.264814" lon="-1.096847"></trkpt>
<trkpt lat="39.265381" lon="-1.096986"></trkpt>
<trkpt lat="39.265823" lon="-1.097249"></trkpt>
<trkpt lat="39.266222" lon="-1.097589"></trkpt>
<trkpt lat="39.266728" lon="-1.098283"></trkpt>
<trkpt lat="39.266934" lon="-1.098501"></trkpt>
<trkpt lat="39.267693" lon="-1.099027"></trkpt>
<trkpt lat="39.268209" lon="-1.099164"></trkpt>
<trkpt lat="39.268691" lon="-1.099411"></trkpt>
<trkpt lat="39.268783" lon="-1.099472"></trkpt>
<trkpt lat="39.269239" lon="-1.099942"></trkpt>
<trkpt lat="39.269508" lon="-1.100165"></trkpt>
<trkpt lat="39.269634" lon="-1.100355"></trkpt>
<trkpt lat="39.270235" lon="-1.101819"></trkpt>
<trkpt lat="39.270382" lon="-1.101993"></trkpt>
<trkpt lat="39.270789" lon="-1.102261"></trkpt>
<trkpt lat="39.271025" lon="-1.102380"></trkpt>
<trkpt lat="39.271372" lon="-1.102476"></trkpt>
<trkpt lat="39.271437" lon="-1.102612"></trkpt>
<trkpt lat="39.271525" lon="-1.102905"></trkpt>
<trkpt lat="39.271667" lon="-1.103069"></trkpt>
<trkpt lat="39.271847" lon="-1.103185"></trkpt>
<trkpt lat="39.272074" lon="-1.103244"></trkpt>
<trkpt lat="39.272173" lon="-1.103236"></trkpt>
<trkpt lat="39.272317" lon="-1.103198"></trkpt>
<trkpt lat="39.274148" lon="-1.102442"></trkpt>
<trkpt lat="39.274393" lon="-1.102377"></trkpt>
<trkpt lat="39.274623" lon="-1.102353"></trkpt>
<trkpt lat="39.274869" lon="-1.102404"></trkpt>
<trkpt lat="39.275280" lon="-1.102573"></trkpt>
<trkpt lat="39.275560" lon="-1.102729"></trkpt>
<trkpt lat="39.276592" lon="-1.103718"></trkpt>
<trkpt lat="39.276663" lon="-1.103844"></trkpt>
<trkpt lat="39.276753" lon="-1.104165"></trkpt>
<trkpt lat="39.276806" lon="-1.104553"></trkpt>
<trkpt lat="39.276818" lon="-1.104955"></trkpt>
<trkpt lat="39.276787" lon="-1.105357"></trkpt>
<trkpt lat="39.276839" lon="-1.105808"></trkpt>
<trkpt lat="39.276943" lon="-1.106097"></trkpt>
<trkpt lat="39.277507" lon="-1.107307"></trkpt>
<trkpt lat="39.277744" lon="-1.107736"></trkpt>
<trkpt lat="39.278022" lon="-1.108420"></trkpt>
<trkpt lat="39.278091" lon="-1.108645"></trkpt>
<trkpt lat="39.278118" lon="-1.108852"></trkpt>
<trkpt lat="39.278087" lon="-1.109389"></trkpt>
<trkpt lat="39.278107" lon="-1.109614"></trkpt>
<trkpt lat="39.278218" lon="-1.110137"></trkpt>
<trkpt lat="39.278272" lon="-1.110577"></trkpt>
<trkpt lat="39.278423" lon="-1.111236"></trkpt>
<trkpt lat="39.278732" lon="-1.111534"></trkpt>
<trkpt lat="39.278803" lon="-1.111561"></trkpt>
<trkpt lat="39.279808" lon="-1.111698"></trkpt>
<trkpt lat="39.280047" lon="-1.111768"></trkpt>
<trkpt lat="39.280528" lon="-1.111977"></trkpt>
<trkpt lat="39.281322" lon="-1.112159"></trkpt>
<trkpt lat="39.281770" lon="-1.112323"></trkpt>
<trkpt lat="39.281976" lon="-1.112446"></trkpt>
<trkpt lat="39.282227" lon="-1.112680"></trkpt>
<trkpt lat="39.282499" lon="-1.112857"></trkpt>
<trkpt lat="39.283306" lon="-1.113305"></trkpt>
<trkpt lat="39.283467" lon="-1.113419"></trkpt>
<trkpt lat="39.283966" lon="-1.113656"></trkpt>
<trkpt lat="39.284045" lon="-1.113728"></trkpt>
<trkpt lat="39.284573" lon="-1.114407"></trkpt>
<trkpt lat="39.284774" lon="-1.114801"></trkpt>
<trkpt lat="39.285003" lon="-1.115484"></trkpt>
<trkpt lat="39.285289" lon="-1.115922"></trkpt>
<trkpt lat="39.285389" lon="-1.116015"></trkpt>
<trkpt lat="39.285717" lon="-1.116231"></trkpt>
<trkpt lat="39.286083" lon="-1.116415"></trkpt>
<trkpt lat="39.286275" lon="-1.116545"></trkpt>
<trkpt lat="39.286543" lon="-1.116834"></trkpt>
<trkpt lat="39.286692" lon="-1.117089"></trkpt>
<trkpt lat="39.286746" lon="-1.117221"></trkpt>
<trkpt lat="39.286852" lon="-1.117709"></trkpt>
<trkpt lat="39.286919" lon="-1.117921"></trkpt>
<trkpt lat="39.287157" lon="-1.118377"></trkpt>
<trkpt lat="39.287265" lon="-1.118723"></trkpt>
<trkpt lat="39.287587" lon="-1.119476"></trkpt>
<trkpt lat="39.287618" lon="-1.119672"></trkpt>
<trkpt lat="39.287595" lon="-1.120544"></trkpt>
<trkpt lat="39.287610" lon="-1.120938"></trkpt>
<trkpt lat="39.287660" lon="-1.121161"></trkpt>
<trkpt lat="39.287734" lon="-1.121357"></trkpt>
<trkpt lat="39.287840" lon="-1.121509"></trkpt>
<trkpt lat="39.288018" lon="-1.121680"></trkpt>
<trkpt lat="39.288866" lon="-1.122343"></trkpt>
<trkpt lat="39.289692" lon="-1.122856"></trkpt>
<trkpt lat="39.290058" lon="-1.123020"></trkpt>
<trkpt lat="39.290161" lon="-1.123111"></trkpt>
<trkpt lat="39.290715" lon="-1.124347"></trkpt>
<trkpt lat="39.290871" lon="-1.124795"></trkpt>
<trkpt lat="39.291100" lon="-1.125172"></trkpt>
<trkpt lat="39.291215" lon="-1.125273"></trkpt>
<trkpt lat="39.291392" lon="-1.125353"></trkpt>
<trkpt lat="39.291700" lon="-1.125407"></trkpt>
<trkpt lat="39.291907" lon="-1.125538"></trkpt>
<trkpt lat="39.292534" lon="-1.126153"></trkpt>
<trkpt lat="39.292858" lon="-1.126476"></trkpt>
<trkpt lat="39.292884" lon="-1.126524"></trkpt>
<trkpt lat="39.292941" lon="-1.126651"></trkpt>
<trkpt lat="39.292947" lon="-1.127180"></trkpt>
<trkpt lat="39.293009" lon="-1.127397"></trkpt>
<trkpt lat="39.293076" lon="-1.127515"></trkpt>
<trkpt lat="39.293728" lon="-1.128248"></trkpt>
<trkpt lat="39.293777" lon="-1.128465"></trkpt>
<trkpt lat="39.293816" lon="-1.128992"></trkpt>
<trkpt lat="39.293852" lon="-1.129131"></trkpt>
<trkpt lat="39.293904" lon="-1.129233"></trkpt>
<trkpt lat="39.294090" lon="-1.129411"></trkpt>
<trkpt lat="39.294178" lon="-1.129457"></trkpt>
<trkpt lat="39.294298" lon="-1.129473"></trkpt>
<trkpt lat="39.294363" lon="-1.129462"></trkpt>
<trkpt lat="39.294551" lon="-1.129355"></trkpt>
<trkpt lat="39.294632" lon="-1.129349"></trkpt>
<trkpt lat="39.294702" lon="-1.129382"></trkpt>
<trkpt lat="39.294891" lon="-1.129572"></trkpt>
<trkpt lat="39.294915" lon="-1.129736"></trkpt>
<trkpt lat="39.294871" lon="-1.130030"></trkpt>
<trkpt lat="39.294913" lon="-1.130259"></trkpt>
<trkpt lat="39.295222" lon="-1.130873"></trkpt>
<trkpt lat="39.295249" lon="-1.130931"></trkpt>
<trkpt lat="39.295422" lon="-1.131313"></trkpt>
<trkpt lat="39.295529" lon="-1.131565"></trkpt>
<trkpt lat="39.295552" lon="-1.131756"></trkpt>
<trkpt lat="39.295609" lon="-1.132248"></trkpt>
<trkpt lat="39.295727" lon="-1.132684"></trkpt>
<trkpt lat="39.295875" lon="-1.133117"></trkpt>
<trkpt lat="39.296051" lon="-1.133605"></trkpt>
<trkpt lat="39.296244" lon="-1.134257"></trkpt>
<trkpt lat="39.296316" lon="-1.134435"></trkpt>
<trkpt lat="39.296537" lon="-1.134313"></trkpt>
<trkpt lat="39.296728" lon="-1.134212"></trkpt>
<trkpt lat="39.296678" lon="-1.134082"></trkpt>
<trkpt lat="39.297003" lon="-1.133850"></trkpt>
<trkpt lat="39.297612" lon="-1.133410"></trkpt>
<trkpt lat="39.297822" lon="-1.133290"></trkpt>
<trkpt lat="39.297927" lon="-1.133276"></trkpt>
<trkpt lat="39.298157" lon="-1.133323"></trkpt>
<trkpt lat="39.298288" lon="-1.133390"></trkpt>
<trkpt lat="39.298414" lon="-1.133393"></trkpt>
<trkpt lat="39.298902" lon="-1.133254"></trkpt>
<trkpt lat="39.299047" lon="-1.133179"></trkpt>
<trkpt lat="39.299194" lon="-1.133070"></trkpt>
<trkpt lat="39.299531" lon="-1.132683"></trkpt>
<trkpt lat="39.300262" lon="-1.131965"></trkpt>
<trkpt lat="39.300365" lon="-1.131938"></trkpt>
<trkpt lat="39.300456" lon="-1.131992"></trkpt>
<trkpt lat="39.300582" lon="-1.132179"></trkpt>
<trkpt lat="39.300704" lon="-1.132428"></trkpt>
<trkpt lat="39.300752" lon="-1.132527"></trkpt>
<trkpt lat="39.300874" lon="-1.132647"></trkpt>
<trkpt lat="39.300981" lon="-1.132696"></trkpt>
<trkpt lat="39.301103" lon="-1.132678"></trkpt>
<trkpt lat="39.301243" lon="-1.132572"></trkpt>
<trkpt lat="39.301957" lon="-1.131588"></trkpt>
<trkpt lat="39.302350" lon="-1.131196"></trkpt>
<trkpt lat="39.302597" lon="-1.130987"></trkpt>
<trkpt lat="39.303674" lon="-1.130477"></trkpt>
<trkpt lat="39.304141" lon="-1.130124"></trkpt>
<trkpt lat="39.304790" lon="-1.129397"></trkpt>
<trkpt lat="39.305440" lon="-1.128893"></trkpt>
<trkpt lat="39.305505" lon="-1.128766"></trkpt>
<trkpt lat="39.305545" lon="-1.128422"></trkpt>
<trkpt lat="39.305631" lon="-1.128063"></trkpt>
<trkpt lat="39.305926" lon="-1.127452"></trkpt>
<trkpt lat="39.306182" lon="-1.126970"></trkpt>
<trkpt lat="39.306290" lon="-1.126883"></trkpt>
<trkpt lat="39.307044" lon="-1.126560"></trkpt>
<trkpt lat="39.307567" lon="-1.126430"></trkpt>
<trkpt lat="39.307647" lon="-1.126400"></trkpt>
<trkpt lat="39.307782" lon="-1.126252"></trkpt>
<trkpt lat="39.309246" lon="-1.123706"></trkpt>
<trkpt lat="39.310225" lon="-1.121970"></trkpt>
<trkpt lat="39.310395" lon="-1.121857"></trkpt>
<trkpt lat="39.310572" lon="-1.121860"></trkpt>
<trkpt lat="39.311719" lon="-1.122519"></trkpt>
<trkpt lat="39.311928" lon="-1.122554"></trkpt>
<trkpt lat="39.312497" lon="-1.122445"></trkpt>
<trkpt lat="39.312658" lon="-1.122462"></trkpt>
<trkpt lat="39.312952" lon="-1.122827"></trkpt>
<trkpt lat="39.313161" lon="-1.122987"></trkpt>
<trkpt lat="39.313377" lon="-1.123057"></trkpt>
<trkpt lat="39.313764" lon="-1.123053"></trkpt>
<trkpt lat="39.313994" lon="-1.123183"></trkpt>
<trkpt lat="39.314164" lon="-1.123413"></trkpt>
<trkpt lat="39.314194" lon="-1.123588"></trkpt>
<trkpt lat="39.314135" lon="-1.123749"></trkpt>
<trkpt lat="39.313971" lon="-1.123864"></trkpt>
<trkpt lat="39.313530" lon="-1.123961"></trkpt>
<trkpt lat="39.312959" lon="-1.124024"></trkpt>
<trkpt lat="39.312779" lon="-1.124148"></trkpt>
<trkpt lat="39.312686" lon="-1.124413"></trkpt>
<trkpt lat="39.312687" lon="-1.124653"></trkpt>
<trkpt lat="39.312739" lon="-1.124845"></trkpt>
<trkpt lat="39.312874" lon="-1.125010"></trkpt>
<trkpt lat="39.313201" lon="-1.125099"></trkpt>
<trkpt lat="39.313324" lon="-1.125273"></trkpt>
<trkpt lat="39.313465" lon="-1.125568"></trkpt>
<trkpt lat="39.313604" lon="-1.125657"></trkpt>
<trkpt lat="39.313784" lon="-1.125672"></trkpt>
<trkpt lat="39.313835" lon="-1.125780"></trkpt>
<trkpt lat="39.313804" lon="-1.126214"></trkpt>
<trkpt lat="39.314034" lon="-1.126667"></trkpt>
<trkpt lat="39.314170" lon="-1.127094"></trkpt>
<trkpt lat="39.314531" lon="-1.127752"></trkpt>
<trkpt lat="39.314615" lon="-1.127805"></trkpt>
<trkpt lat="39.314733" lon="-1.127769"></trkpt>
<trkpt lat="39.314779" lon="-1.127635"></trkpt>
<trkpt lat="39.314695" lon="-1.127423"></trkpt>
<trkpt lat="39.314440" lon="-1.126954"></trkpt>
<trkpt lat="39.314417" lon="-1.126758"></trkpt>
<trkpt lat="39.314467" lon="-1.126567"></trkpt>
<trkpt lat="39.314576" lon="-1.126477"></trkpt>
<trkpt lat="39.315059" lon="-1.126457"></trkpt>
<trkpt lat="39.315294" lon="-1.126370"></trkpt>
<trkpt lat="39.315458" lon="-1.126406"></trkpt>
<trkpt lat="39.315870" lon="-1.126712"></trkpt>
<trkpt lat="39.316138" lon="-1.126813"></trkpt>
<trkpt lat="39.316447" lon="-1.127065"></trkpt>
<trkpt lat="39.316564" lon="-1.127083"></trkpt>
<trkpt lat="39.316770" lon="-1.126755"></trkpt>
<trkpt lat="39.316919" lon="-1.126709"></trkpt>
<trkpt lat="39.317137" lon="-1.126771"></trkpt>
<trkpt lat="39.317313" lon="-1.126898"></trkpt>
<trkpt lat="39.317390" lon="-1.127028"></trkpt>
<trkpt lat="39.317476" lon="-1.127013"></trkpt>
<trkpt lat="39.317563" lon="-1.126877"></trkpt>
<trkpt lat="39.317625" lon="-1.126691"></trkpt>
<trkpt lat="39.317720" lon="-1.126662"></trkpt>
<trkpt lat="39.317912" lon="-1.126738"></trkpt>
<trkpt lat="39.318129" lon="-1.126881"></trkpt>
<trkpt lat="39.318312" lon="-1.127081"></trkpt>
<trkpt lat="39.318471" lon="-1.127089"></trkpt>
<trkpt lat="39.318609" lon="-1.126983"></trkpt>
<trkpt lat="39.318674" lon="-1.126790"></trkpt>
<trkpt lat="39.318727" lon="-1.126357"></trkpt>
<trkpt lat="39.318866" lon="-1.126010"></trkpt>
<trkpt lat="39.318997" lon="-1.125821"></trkpt>
<trkpt lat="39.319197" lon="-1.125759"></trkpt>
<trkpt lat="39.319438" lon="-1.125790"></trkpt>
<trkpt lat="39.319690" lon="-1.125743"></trkpt>
<trkpt lat="39.319958" lon="-1.125816"></trkpt>
<trkpt lat="39.320512" lon="-1.125560"></trkpt>
<trkpt lat="39.320648" lon="-1.125369"></trkpt>
<trkpt lat="39.320738" lon="-1.125050"></trkpt>
<trkpt lat="39.320848" lon="-1.124959"></trkpt>
<trkpt lat="39.321305" lon="-1.124890"></trkpt>
<trkpt lat="39.321411" lon="-1.124796"></trkpt>
<trkpt lat="39.321421" lon="-1.124622"></trkpt>
<trkpt lat="39.321367" lon="-1.124150"></trkpt>
<trkpt lat="39.321402" lon="-1.123731"></trkpt>
<trkpt lat="39.321488" lon="-1.123494"></trkpt>
<trkpt lat="39.321588" lon="-1.123384"></trkpt>
<trkpt lat="39.321718" lon="-1.123368"></trkpt>
<trkpt lat="39.321895" lon="-1.123465"></trkpt>
<trkpt lat="39.322085" lon="-1.123463"></trkpt>
<trkpt lat="39.322397" lon="-1.123302"></trkpt>
<trkpt lat="39.322600" lon="-1.123289"></trkpt>
<trkpt lat="39.322943" lon="-1.123411"></trkpt>
<trkpt lat="39.323161" lon="-1.123419"></trkpt>
<trkpt lat="39.323366" lon="-1.123317"></trkpt>
<trkpt lat="39.323577" lon="-1.122844"></trkpt>
<trkpt lat="39.323667" lon="-1.122691"></trkpt>
<trkpt lat="39.323811" lon="-1.122619"></trkpt>
<trkpt lat="39.323865" lon="-1.122635"></trkpt>
<trkpt lat="39.323950" lon="-1.122659"></trkpt>
<trkpt lat="39.324059" lon="-1.122840"></trkpt>
<trkpt lat="39.324237" lon="-1.123269"></trkpt>
<trkpt lat="39.324360" lon="-1.123409"></trkpt>
<trkpt lat="39.324539" lon="-1.123380"></trkpt>
<trkpt lat="39.324809" lon="-1.123282"></trkpt>
<trkpt lat="39.324917" lon="-1.123345"></trkpt>
<trkpt lat="39.325015" lon="-1.123534"></trkpt>
<trkpt lat="39.325012" lon="-1.123572"></trkpt>
<trkpt lat="39.324971" lon="-1.123989"></trkpt>
<trkpt lat="39.325015" lon="-1.124160"></trkpt>
<trkpt lat="39.325448" lon="-1.124907"></trkpt>
<trkpt lat="39.325483" lon="-1.125083"></trkpt>
<trkpt lat="39.325191" lon="-1.126196"></trkpt>
<trkpt lat="39.325177" lon="-1.126364"></trkpt>
<trkpt lat="39.325221" lon="-1.126489"></trkpt>
<trkpt lat="39.325344" lon="-1.126542"></trkpt>
<trkpt lat="39.325995" lon="-1.125987"></trkpt>
<trkpt lat="39.326302" lon="-1.125771"></trkpt>
<trkpt lat="39.326845" lon="-1.125551"></trkpt>
<trkpt lat="39.327113" lon="-1.125405"></trkpt>
<trkpt lat="39.327420" lon="-1.125143"></trkpt>
<trkpt lat="39.327796" lon="-1.124976"></trkpt>
<trkpt lat="39.328081" lon="-1.124814"></trkpt>
<trkpt lat="39.328384" lon="-1.124821"></trkpt>
<trkpt lat="39.328774" lon="-1.124914"></trkpt>
<trkpt lat="39.329102" lon="-1.125039"></trkpt>
<trkpt lat="39.329282" lon="-1.125036"></trkpt>
<trkpt lat="39.329468" lon="-1.124924"></trkpt>
<trkpt lat="39.329878" lon="-1.124545"></trkpt>
<trkpt lat="39.330220" lon="-1.124126"></trkpt>
<trkpt lat="39.330497" lon="-1.123875"></trkpt>
<trkpt lat="39.330798" lon="-1.123713"></trkpt>
<trkpt lat="39.331204" lon="-1.123669"></trkpt>
<trkpt lat="39.331487" lon="-1.123603"></trkpt>
<trkpt lat="39.331633" lon="-1.123496"></trkpt>
<trkpt lat="39.331962" lon="-1.123151"></trkpt>
<trkpt lat="39.332068" lon="-1.123073"></trkpt>
<trkpt lat="39.332205" lon="-1.123007"></trkpt>
<trkpt lat="39.332498" lon="-1.122943"></trkpt>
<trkpt lat="39.332594" lon="-1.122894"></trkpt>
<trkpt lat="39.332658" lon="-1.122825"></trkpt>
<trkpt lat="39.332852" lon="-1.122389"></trkpt>
<trkpt lat="39.332944" lon="-1.122298"></trkpt>
<trkpt lat="39.333444" lon="-1.122123"></trkpt>
<trkpt lat="39.333763" lon="-1.121824"></trkpt>
<trkpt lat="39.333922" lon="-1.121741"></trkpt>
<trkpt lat="39.334421" lon="-1.121668"></trkpt>
<trkpt lat="39.334575" lon="-1.121595"></trkpt>
<trkpt lat="39.334695" lon="-1.121467"></trkpt>
<trkpt lat="39.334885" lon="-1.121095"></trkpt>
<trkpt lat="39.335102" lon="-1.120905"></trkpt>
<trkpt lat="39.335296" lon="-1.120851"></trkpt>
<trkpt lat="39.335544" lon="-1.120883"></trkpt>
<trkpt lat="39.335811" lon="-1.120847"></trkpt>
<trkpt lat="39.335963" lon="-1.120865"></trkpt>
<trkpt lat="39.336285" lon="-1.120979"></trkpt>
<trkpt lat="39.336655" lon="-1.121333"></trkpt>
<trkpt lat="39.336724" lon="-1.121342"></trkpt>
<trkpt lat="39.336787" lon="-1.121308"></trkpt>
<trkpt lat="39.336873" lon="-1.121164"></trkpt>
<trkpt lat="39.336884" lon="-1.121049"></trkpt>
<trkpt lat="39.336864" lon="-1.120951"></trkpt>
<trkpt lat="39.336764" lon="-1.120756"></trkpt>
<trkpt lat="39.336355" lon="-1.120159"></trkpt>
<trkpt lat="39.336292" lon="-1.119994"></trkpt>
<trkpt lat="39.336278" lon="-1.119818"></trkpt>
<trkpt lat="39.336310" lon="-1.119651"></trkpt>
<trkpt lat="39.336383" lon="-1.119513"></trkpt>
<trkpt lat="39.336690" lon="-1.119185"></trkpt>
<trkpt lat="39.336727" lon="-1.119104"></trkpt>
<trkpt lat="39.336723" lon="-1.118961"></trkpt>
<trkpt lat="39.336580" lon="-1.118652"></trkpt>
<trkpt lat="39.336575" lon="-1.118561"></trkpt>
<trkpt lat="39.336607" lon="-1.118428"></trkpt>
<trkpt lat="39.336674" lon="-1.118310"></trkpt>
<trkpt lat="39.336782" lon="-1.118205"></trkpt>
<trkpt lat="39.337145" lon="-1.117959"></trkpt>
<trkpt lat="39.337243" lon="-1.117969"></trkpt>
<trkpt lat="39.337288" lon="-1.118067"></trkpt>
<trkpt lat="39.337225" lon="-1.118441"></trkpt>
<trkpt lat="39.337223" lon="-1.118780"></trkpt>
<trkpt lat="39.337254" lon="-1.118991"></trkpt>
<trkpt lat="39.337340" lon="-1.119165"></trkpt>
<trkpt lat="39.337440" lon="-1.119250"></trkpt>
<trkpt lat="39.337573" lon="-1.119299"></trkpt>
<trkpt lat="39.337841" lon="-1.119295"></trkpt>
<trkpt lat="39.337998" lon="-1.119184"></trkpt>
<trkpt lat="39.338281" lon="-1.118811"></trkpt>
<trkpt lat="39.338377" lon="-1.118759"></trkpt>
<trkpt lat="39.338508" lon="-1.118734"></trkpt>
<trkpt lat="39.338615" lon="-1.118741"></trkpt>
<trkpt lat="39.338675" lon="-1.118774"></trkpt>
<trkpt lat="39.339046" lon="-1.119134"></trkpt>
<trkpt lat="39.339095" lon="-1.119239"></trkpt>
<trkpt lat="39.339087" lon="-1.119349"></trkpt>
<trkpt lat="39.339001" lon="-1.119566"></trkpt>
<trkpt lat="39.338957" lon="-1.119773"></trkpt>
<trkpt lat="39.339006" lon="-1.120136"></trkpt>
<trkpt lat="39.339095" lon="-1.120324"></trkpt>
<trkpt lat="39.339185" lon="-1.120392"></trkpt>
<trkpt lat="39.339894" lon="-1.120600"></trkpt>
<trkpt lat="39.340132" lon="-1.120712"></trkpt>
<trkpt lat="39.340476" lon="-1.120945"></trkpt>
<trkpt lat="39.340731" lon="-1.121159"></trkpt>
<trkpt lat="39.340848" lon="-1.121315"></trkpt>
<trkpt lat="39.340921" lon="-1.121474"></trkpt>
<trkpt lat="39.341096" lon="-1.122105"></trkpt>
<trkpt lat="39.341143" lon="-1.122272"></trkpt>
<trkpt lat="39.341277" lon="-1.122566"></trkpt>
<trkpt lat="39.341385" lon="-1.122717"></trkpt>
<trkpt lat="39.341619" lon="-1.122969"></trkpt>
<trkpt lat="39.341694" lon="-1.123048"></trkpt>
<trkpt lat="39.342069" lon="-1.123314"></trkpt>
<trkpt lat="39.342488" lon="-1.123520"></trkpt>
<trkpt lat="39.343361" lon="-1.123522"></trkpt>
<trkpt lat="39.343744" lon="-1.123523"></trkpt>
<trkpt lat="39.344821" lon="-1.123420"></trkpt>
<trkpt lat="39.345189" lon="-1.123381"></trkpt>
<trkpt lat="39.345217" lon="-1.123378"></trkpt>
<trkpt lat="39.345707" lon="-1.123307"></trkpt>
<trkpt lat="39.345895" lon="-1.123218"></trkpt>
<trkpt lat="39.346325" lon="-1.122945"></trkpt>
<trkpt lat="39.346536" lon="-1.122884"></trkpt>
<trkpt lat="39.347344" lon="-1.122923"></trkpt>
<trkpt lat="39.347591" lon="-1.122829"></trkpt>
<trkpt lat="39.347991" lon="-1.122535"></trkpt>
<trkpt lat="39.348243" lon="-1.122440"></trkpt>
<trkpt lat="39.349082" lon="-1.122393"></trkpt>
<trkpt lat="39.349405" lon="-1.122275"></trkpt>
<trkpt lat="39.349910" lon="-1.122035"></trkpt>
<trkpt lat="39.350344" lon="-1.121909"></trkpt>
<trkpt lat="39.351431" lon="-1.121570"></trkpt>
<trkpt lat="39.351621" lon="-1.121547"></trkpt>
<trkpt lat="39.352730" lon="-1.121372"></trkpt>
<trkpt lat="39.352919" lon="-1.121274"></trkpt>
<trkpt lat="39.353426" lon="-1.120860"></trkpt>
<trkpt lat="39.353579" lon="-1.120752"></trkpt>
<trkpt lat="39.354057" lon="-1.120561"></trkpt>
<trkpt lat="39.354921" lon="-1.120261"></trkpt>
<trkpt lat="39.355204" lon="-1.120242"></trkpt>
<trkpt lat="39.355319" lon="-1.120234"></trkpt>
<trkpt lat="39.355936" lon="-1.120268"></trkpt>
<trkpt lat="39.356122" lon="-1.120245"></trkpt>
<trkpt lat="39.357241" lon="-1.119803"></trkpt>
<trkpt lat="39.358326" lon="-1.119502"></trkpt>
<trkpt lat="39.358731" lon="-1.119344"></trkpt>
<trkpt lat="39.359220" lon="-1.119091"></trkpt>
<trkpt lat="39.359821" lon="-1.118769"></trkpt>
<trkpt lat="39.360636" lon="-1.118623"></trkpt>
<trkpt lat="39.361195" lon="-1.118613"></trkpt>
<trkpt lat="39.361506" lon="-1.118576"></trkpt>
<trkpt lat="39.362044" lon="-1.118267"></trkpt>
<trkpt lat="39.362517" lon="-1.117945"></trkpt>
<trkpt lat="39.362704" lon="-1.117881"></trkpt>
<trkpt lat="39.363028" lon="-1.117816"></trkpt>
<trkpt lat="39.363340" lon="-1.117680"></trkpt>
<trkpt lat="39.365191" lon="-1.116533"></trkpt>
<trkpt lat="39.367493" lon="-1.115514"></trkpt>
<trkpt lat="39.370041" lon="-1.114414"></trkpt>
<trkpt lat="39.370272" lon="-1.114264"></trkpt>
<trkpt lat="39.371155" lon="-1.113458"></trkpt>
<trkpt lat="39.371572" lon="-1.112894"></trkpt>
<trkpt lat="39.371722" lon="-1.112765"></trkpt>
<trkpt lat="39.372530" lon="-1.112405"></trkpt>
<trkpt lat="39.372749" lon="-1.112266"></trkpt>
<trkpt lat="39.372974" lon="-1.112003"></trkpt>
<trkpt lat="39.374256" lon="-1.112616"></trkpt>
<trkpt lat="39.375838" lon="-1.113372"></trkpt>
<trkpt lat="39.376286" lon="-1.113701"></trkpt>
<trkpt lat="39.376787" lon="-1.114177"></trkpt>
<trkpt lat="39.377160" lon="-1.114473"></trkpt>
<trkpt lat="39.378965" lon="-1.115615"></trkpt>
<trkpt lat="39.379319" lon="-1.115814"></trkpt>
<trkpt lat="39.379593" lon="-1.115920"></trkpt>
<trkpt lat="39.380804" lon="-1.116201"></trkpt>
<trkpt lat="39.381081" lon="-1.116240"></trkpt>
<trkpt lat="39.381301" lon="-1.116213"></trkpt>
<trkpt lat="39.381629" lon="-1.116051"></trkpt>
<trkpt lat="39.382153" lon="-1.115646"></trkpt>
<trkpt lat="39.382485" lon="-1.115440"></trkpt>
<trkpt lat="39.382780" lon="-1.115322"></trkpt>
<trkpt lat="39.385661" lon="-1.114609"></trkpt>
<trkpt lat="39.385933" lon="-1.114503"></trkpt>
<trkpt lat="39.386148" lon="-1.114355"></trkpt>
<trkpt lat="39.386440" lon="-1.114074"></trkpt>
<trkpt lat="39.387172" lon="-1.113374"></trkpt>
<trkpt lat="39.387430" lon="-1.113149"></trkpt>
<trkpt lat="39.387560" lon="-1.113073"></trkpt>
<trkpt lat="39.387909" lon="-1.112913"></trkpt>
<trkpt lat="39.388352" lon="-1.112869"></trkpt>
<trkpt lat="39.388669" lon="-1.112779"></trkpt>
<trkpt lat="39.389153" lon="-1.112513"></trkpt>
<trkpt lat="39.389415" lon="-1.112298"></trkpt>
<trkpt lat="39.389608" lon="-1.112011"></trkpt>
<trkpt lat="39.389781" lon="-1.111606"></trkpt>
<trkpt lat="39.389967" lon="-1.110949"></trkpt>
<trkpt lat="39.390166" lon="-1.110461"></trkpt>
<trkpt lat="39.390386" lon="-1.110060"></trkpt>
<trkpt lat="39.390471" lon="-1.109953"></trkpt>
<trkpt lat="39.391458" lon="-1.108725"></trkpt>
<trkpt lat="39.391594" lon="-1.108573"></trkpt>
<trkpt lat="39.391843" lon="-1.108395"></trkpt>
<trkpt lat="39.392106" lon="-1.108288"></trkpt>
<trkpt lat="39.392333" lon="-1.108247"></trkpt>
<trkpt lat="39.392628" lon="-1.108267"></trkpt>
<trkpt lat="39.393309" lon="-1.108444"></trkpt>
<trkpt lat="39.393618" lon="-1.108444"></trkpt>
<trkpt lat="39.393926" lon="-1.108354"></trkpt>
<trkpt lat="39.394273" lon="-1.108150"></trkpt>
<trkpt lat="39.394671" lon="-1.107824"></trkpt>
<trkpt lat="39.395980" lon="-1.106752"></trkpt>
<trkpt lat="39.396307" lon="-1.106524"></trkpt>
<trkpt lat="39.396566" lon="-1.106382"></trkpt>
<trkpt lat="39.396845" lon="-1.106325"></trkpt>
<trkpt lat="39.397666" lon="-1.106297"></trkpt>
<trkpt lat="39.397952" lon="-1.106288"></trkpt>
<trkpt lat="39.398258" lon="-1.106276"></trkpt>
<trkpt lat="39.398521" lon="-1.106236"></trkpt>
<trkpt lat="39.399118" lon="-1.106075"></trkpt>
<trkpt lat="39.399523" lon="-1.105905"></trkpt>
<trkpt lat="39.400181" lon="-1.105617"></trkpt>
<trkpt lat="39.402337" lon="-1.104557"></trkpt>
<trkpt lat="39.403097" lon="-1.104202"></trkpt>
<trkpt lat="39.403793" lon="-1.103913"></trkpt>
<trkpt lat="39.403857" lon="-1.103884"></trkpt>
<trkpt lat="39.404078" lon="-1.103838"></trkpt>
<trkpt lat="39.404493" lon="-1.103813"></trkpt>
<trkpt lat="39.404701" lon="-1.103844"></trkpt>
<trkpt lat="39.405148" lon="-1.103927"></trkpt>
<trkpt lat="39.405215" lon="-1.103976"></trkpt>
<trkpt lat="39.410391" lon="-1.105795"></trkpt>
<trkpt lat="39.412314" lon="-1.106458"></trkpt>
<trkpt lat="39.412623" lon="-1.106587"></trkpt>
<trkpt lat="39.412953" lon="-1.106825"></trkpt>
<trkpt lat="39.413408" lon="-1.107254"></trkpt>
<trkpt lat="39.413581" lon="-1.107418"></trkpt>
<trkpt lat="39.414773" lon="-1.108541"></trkpt>
<trkpt lat="39.417374" lon="-1.110993"></trkpt>
<trkpt lat="39.419046" lon="-1.112570"></trkpt>
<trkpt lat="39.420511" lon="-1.113951"></trkpt>
<trkpt lat="39.421423" lon="-1.114811"></trkpt>
<trkpt lat="39.423069" lon="-1.116363"></trkpt>
<trkpt lat="39.424125" lon="-1.117358"></trkpt>
<trkpt lat="39.426068" lon="-1.119191"></trkpt>
<trkpt lat="39.427384" lon="-1.120432"></trkpt>
<trkpt lat="39.428170" lon="-1.121173"></trkpt>
<trkpt lat="39.428480" lon="-1.121405"></trkpt>
<trkpt lat="39.428846" lon="-1.121611"></trkpt>
<trkpt lat="39.429048" lon="-1.121695"></trkpt>
<trkpt lat="39.429662" lon="-1.121915"></trkpt>
<trkpt lat="39.430175" lon="-1.122014"></trkpt>
<trkpt lat="39.430614" lon="-1.122050"></trkpt>
<trkpt lat="39.433281" lon="-1.121904"></trkpt>
<trkpt lat="39.433520" lon="-1.121925"></trkpt>
<trkpt lat="39.435791" lon="-1.122417"></trkpt>
<trkpt lat="39.436836" lon="-1.122648"></trkpt>
<trkpt lat="39.437291" lon="-1.122718"></trkpt>
<trkpt lat="39.438265" lon="-1.122631"></trkpt>
<trkpt lat="39.438593" lon="-1.122666"></trkpt>
<trkpt lat="39.439299" lon="-1.122871"></trkpt>
<trkpt lat="39.440300" lon="-1.123255"></trkpt>
<trkpt lat="39.441009" lon="-1.123592"></trkpt>
<trkpt lat="39.441334" lon="-1.123778"></trkpt>
<trkpt lat="39.441678" lon="-1.124128"></trkpt>
<trkpt lat="39.441904" lon="-1.124471"></trkpt>
<trkpt lat="39.442988" lon="-1.126677"></trkpt>
<trkpt lat="39.443336" lon="-1.127740"></trkpt>
<trkpt lat="39.443492" lon="-1.128074"></trkpt>
<trkpt lat="39.443827" lon="-1.128513"></trkpt>
<trkpt lat="39.444695" lon="-1.129461"></trkpt>
<trkpt lat="39.446074" lon="-1.130960"></trkpt>
<trkpt lat="39.446368" lon="-1.131275"></trkpt>
<trkpt lat="39.446585" lon="-1.131453"></trkpt>
<trkpt lat="39.448074" lon="-1.132249"></trkpt>
<trkpt lat="39.448712" lon="-1.132552"></trkpt>
<trkpt lat="39.449119" lon="-1.132697"></trkpt>
<trkpt lat="39.449498" lon="-1.132832"></trkpt>
<trkpt lat="39.450424" lon="-1.133161"></trkpt>
<trkpt lat="39.450869" lon="-1.133320"></trkpt>
<trkpt lat="39.451115" lon="-1.133407"></trkpt>
<trkpt lat="39.452880" lon="-1.134035"></trkpt>
<trkpt lat="39.453031" lon="-1.134088"></trkpt>
<trkpt lat="39.454596" lon="-1.134645"></trkpt>
<trkpt lat="39.454869" lon="-1.134693"></trkpt>
<trkpt lat="39.455178" lon="-1.134657"></trkpt>
<trkpt lat="39.455624" lon="-1.134533"></trkpt>
<trkpt lat="39.455750" lon="-1.134498"></trkpt>
<trkpt lat="39.458952" lon="-1.133609"></trkpt>
<trkpt lat="39.459312" lon="-1.133472"></trkpt>
<trkpt lat="39.460195" lon="-1.132874"></trkpt>
<trkpt lat="39.461136" lon="-1.132236"></trkpt>
<trkpt lat="39.462463" lon="-1.131337"></trkpt>
<trkpt lat="39.463157" lon="-1.130867"></trkpt>
<trkpt lat="39.463488" lon="-1.130647"></trkpt>
<trkpt lat="39.465213" lon="-1.129475"></trkpt>
<trkpt lat="39.465558" lon="-1.129241"></trkpt>
<trkpt lat="39.466353" lon="-1.128478"></trkpt>
<trkpt lat="39.466969" lon="-1.127886"></trkpt>
<trkpt lat="39.467210" lon="-1.127699"></trkpt>
<trkpt lat="39.467572" lon="-1.127553"></trkpt>
<trkpt lat="39.468196" lon="-1.127392"></trkpt>
<trkpt lat="39.471543" lon="-1.126531"></trkpt>
<trkpt lat="39.471932" lon="-1.126431"></trkpt>
<trkpt lat="39.473221" lon="-1.126097"></trkpt>
<trkpt lat="39.473458" lon="-1.125981"></trkpt>
<trkpt lat="39.473695" lon="-1.125703"></trkpt>
<trkpt lat="39.473875" lon="-1.125304"></trkpt>
<trkpt lat="39.474146" lon="-1.124791"></trkpt>
<trkpt lat="39.474217" lon="-1.124605"></trkpt>
<trkpt lat="39.474452" lon="-1.124016"></trkpt>
<trkpt lat="39.474543" lon="-1.123775"></trkpt>
<trkpt lat="39.474626" lon="-1.123557"></trkpt>
<trkpt lat="39.474937" lon="-1.122736"></trkpt>
<trkpt lat="39.475585" lon="-1.121013"></trkpt>
<trkpt lat="39.475935" lon="-1.120082"></trkpt>
<trkpt lat="39.476054" lon="-1.119749"></trkpt>
<trkpt lat="39.476528" lon="-1.118521"></trkpt>
<trkpt lat="39.476571" lon="-1.118432"></trkpt>
<trkpt lat="39.476720" lon="-1.118232"></trkpt>
<trkpt lat="39.477093" lon="-1.117850"></trkpt>
<trkpt lat="39.477290" lon="-1.117653"></trkpt>
<trkpt lat="39.477748" lon="-1.117227"></trkpt>
<trkpt lat="39.478178" lon="-1.116815"></trkpt>
<trkpt lat="39.478533" lon="-1.116474"></trkpt>
<trkpt lat="39.479034" lon="-1.115966"></trkpt>
<trkpt lat="39.479329" lon="-1.115464"></trkpt>
<trkpt lat="39.480415" lon="-1.113319"></trkpt>
<trkpt lat="39.481160" lon="-1.111859"></trkpt>
<trkpt lat="39.482514" lon="-1.109204"></trkpt>
<trkpt lat="39.482810" lon="-1.108625"></trkpt>
<trkpt lat="39.482889" lon="-1.108470"></trkpt>
<trkpt lat="39.483195" lon="-1.107853"></trkpt>
<trkpt lat="39.483334" lon="-1.107498"></trkpt>
<trkpt lat="39.483500" lon="-1.106725"></trkpt>
<trkpt lat="39.483504" lon="-1.106503"></trkpt>
<trkpt lat="39.483597" lon="-1.106333"></trkpt>
<trkpt lat="39.483693" lon="-1.106269"></trkpt>
<trkpt lat="39.483847" lon="-1.106266"></trkpt>
<trkpt lat="39.483918" lon="-1.106305"></trkpt>
<trkpt lat="39.483958" lon="-1.106342"></trkpt>
<trkpt lat="39.484049" lon="-1.106531"></trkpt>
<trkpt lat="39.484039" lon="-1.106753"></trkpt>
<trkpt lat="39.484105" lon="-1.107080"></trkpt>
<trkpt lat="39.484198" lon="-1.107452"></trkpt>
<trkpt lat="39.484387" lon="-1.107921"></trkpt>
<trkpt lat="39.484827" lon="-1.108678"></trkpt>
<trkpt lat="39.485177" lon="-1.109196"></trkpt>
<trkpt lat="39.485547" lon="-1.109666"></trkpt>
<trkpt lat="39.485824" lon="-1.109965"></trkpt>
<trkpt lat="39.486115" lon="-1.110241"></trkpt>
<trkpt lat="39.486491" lon="-1.110546"></trkpt>
<trkpt lat="39.487521" lon="-1.111230"></trkpt>
<trkpt lat="39.487857" lon="-1.111403"></trkpt>
<trkpt lat="39.488641" lon="-1.111661"></trkpt>
<trkpt lat="39.489298" lon="-1.111758"></trkpt>
<trkpt lat="39.490065" lon="-1.111834"></trkpt>
<trkpt lat="39.490529" lon="-1.111911"></trkpt>
<trkpt lat="39.491147" lon="-1.112046"></trkpt>
<trkpt lat="39.491293" lon="-1.112057"></trkpt>
<trkpt lat="39.491422" lon="-1.112028"></trkpt>
<trkpt lat="39.491500" lon="-1.111956"></trkpt>
<trkpt lat="39.491591" lon="-1.111917"></trkpt>
<trkpt lat="39.491771" lon="-1.111943"></trkpt>
<trkpt lat="39.491850" lon="-1.112002"></trkpt>
<trkpt lat="39.491906" lon="-1.112075"></trkpt>
<trkpt lat="39.491969" lon="-1.112259"></trkpt>
<trkpt lat="39.492122" lon="-1.112511"></trkpt>
<trkpt lat="39.492617" lon="-1.113006"></trkpt>
<trkpt lat="39.492838" lon="-1.113325"></trkpt>
<trkpt lat="39.492982" lon="-1.113537"></trkpt>
<trkpt lat="39.493250" lon="-1.113927"></trkpt>
<trkpt lat="39.493576" lon="-1.114396"></trkpt>
<trkpt lat="39.496248" lon="-1.118237"></trkpt>
<trkpt lat="39.496747" lon="-1.118956"></trkpt>
<trkpt lat="39.498712" lon="-1.121803"></trkpt>
<trkpt lat="39.499191" lon="-1.122545"></trkpt>
<trkpt lat="39.502417" lon="-1.127595"></trkpt>
<trkpt lat="39.502482" lon="-1.127696"></trkpt>
<trkpt lat="39.502909" lon="-1.128365"></trkpt>
<trkpt lat="39.504462" lon="-1.130797"></trkpt>
<trkpt lat="39.504708" lon="-1.131107"></trkpt>
<trkpt lat="39.504838" lon="-1.131171"></trkpt>
<trkpt lat="39.504913" lon="-1.131176"></trkpt>
<trkpt lat="39.504992" lon="-1.131115"></trkpt>
<trkpt lat="39.505081" lon="-1.131088"></trkpt>
<trkpt lat="39.505173" lon="-1.131097"></trkpt>
<trkpt lat="39.505258" lon="-1.131140"></trkpt>
<trkpt lat="39.505330" lon="-1.131214"></trkpt>
<trkpt lat="39.505381" lon="-1.131312"></trkpt>
<trkpt lat="39.505408" lon="-1.131426"></trkpt>
<trkpt lat="39.505407" lon="-1.131545"></trkpt>
<trkpt lat="39.505556" lon="-1.131747"></trkpt>
<trkpt lat="39.507213" lon="-1.132772"></trkpt>
<trkpt lat="39.507479" lon="-1.132873"></trkpt>
<trkpt lat="39.507237" lon="-1.132923"></trkpt>
<trkpt lat="39.507081" lon="-1.133029"></trkpt>
<trkpt lat="39.506956" lon="-1.133224"></trkpt>
<trkpt lat="39.506906" lon="-1.133438"></trkpt>
<trkpt lat="39.506908" lon="-1.133616"></trkpt>
<trkpt lat="39.506942" lon="-1.133825"></trkpt>
<trkpt lat="39.507264" lon="-1.134891"></trkpt>
<trkpt lat="39.507431" lon="-1.135296"></trkpt>
<trkpt lat="39.507837" lon="-1.135997"></trkpt>
<trkpt lat="39.507975" lon="-1.136277"></trkpt>
<trkpt lat="39.510955" lon="-1.140929"></trkpt>
<trkpt lat="39.511306" lon="-1.141477"></trkpt>
<trkpt lat="39.512092" lon="-1.142704"></trkpt>
<trkpt lat="39.512760" lon="-1.143747"></trkpt>
<trkpt lat="39.513213" lon="-1.144455"></trkpt>
<trkpt lat="39.513637" lon="-1.145117"></trkpt>
<trkpt lat="39.513659" lon="-1.145152"></trkpt>
<trkpt lat="39.514111" lon="-1.145856"></trkpt>
<trkpt lat="39.514531" lon="-1.146532"></trkpt>
<trkpt lat="39.515370" lon="-1.147903"></trkpt>
<trkpt lat="39.515391" lon="-1.147937"></trkpt>
<trkpt lat="39.516544" lon="-1.149823"></trkpt>
<trkpt lat="39.516710" lon="-1.150094"></trkpt>
<trkpt lat="39.516834" lon="-1.150296"></trkpt>
<trkpt lat="39.517365" lon="-1.151164"></trkpt>
<trkpt lat="39.517629" lon="-1.151594"></trkpt>
<trkpt lat="39.517764" lon="-1.151815"></trkpt>
<trkpt lat="39.518154" lon="-1.152454"></trkpt>
<trkpt lat="39.518347" lon="-1.152774"></trkpt>
<trkpt lat="39.518866" lon="-1.153594"></trkpt>
<trkpt lat="39.519009" lon="-1.153822"></trkpt>
<trkpt lat="39.519135" lon="-1.154022"></trkpt>
<trkpt lat="39.519380" lon="-1.154411"></trkpt>
<trkpt lat="39.519618" lon="-1.154782"></trkpt>
<trkpt lat="39.519743" lon="-1.154947"></trkpt>
<trkpt lat="39.519903" lon="-1.155160"></trkpt>
<trkpt lat="39.520058" lon="-1.155365"></trkpt>
<trkpt lat="39.520129" lon="-1.155457"></trkpt>
<trkpt lat="39.520416" lon="-1.155836"></trkpt>
<trkpt lat="39.520704" lon="-1.156214"></trkpt>
<trkpt lat="39.520764" lon="-1.156298"></trkpt>
<trkpt lat="39.520959" lon="-1.156545"></trkpt>
<trkpt lat="39.520999" lon="-1.156603"></trkpt>
<trkpt lat="39.521233" lon="-1.156912"></trkpt>
<trkpt lat="39.521336" lon="-1.157043"></trkpt>
<trkpt lat="39.521417" lon="-1.157153"></trkpt>
<trkpt lat="39.521552" lon="-1.157332"></trkpt>
<trkpt lat="39.521729" lon="-1.157569"></trkpt>
<trkpt lat="39.522024" lon="-1.157944"></trkpt>
<trkpt lat="39.522051" lon="-1.157990"></trkpt>
<trkpt lat="39.522475" lon="-1.158548"></trkpt>
<trkpt lat="39.522877" lon="-1.159078"></trkpt>
<trkpt lat="39.524725" lon="-1.161512"></trkpt>
<trkpt lat="39.525719" lon="-1.162822"></trkpt>
<trkpt lat="39.525909" lon="-1.163072"></trkpt>
<trkpt lat="39.528871" lon="-1.166974"></trkpt>
<trkpt lat="39.529086" lon="-1.167258"></trkpt>
<trkpt lat="39.529223" lon="-1.167365"></trkpt>
<trkpt lat="39.529345" lon="-1.167396"></trkpt>
<trkpt lat="39.529471" lon="-1.167333"></trkpt>
<trkpt lat="39.529485" lon="-1.167329"></trkpt>
<trkpt lat="39.529650" lon="-1.167331"></trkpt>
<trkpt lat="39.529804" lon="-1.167411"></trkpt>
<trkpt lat="39.529924" lon="-1.167558"></trkpt>
<trkpt lat="39.530070" lon="-1.167597"></trkpt>
<trkpt lat="39.530180" lon="-1.167596"></trkpt>
<trkpt lat="39.530482" lon="-1.167446"></trkpt>
<trkpt lat="39.530606" lon="-1.167299"></trkpt>
<trkpt lat="39.530663" lon="-1.167158"></trkpt>
<trkpt lat="39.530690" lon="-1.166945"></trkpt>
<trkpt lat="39.530777" lon="-1.166760"></trkpt>
<trkpt lat="39.530910" lon="-1.166629"></trkpt>
<trkpt lat="39.531105" lon="-1.166570"></trkpt>
<trkpt lat="39.531281" lon="-1.166617"></trkpt>
<trkpt lat="39.531437" lon="-1.166764"></trkpt>
<trkpt lat="39.531530" lon="-1.166982"></trkpt>
<trkpt lat="39.531543" lon="-1.167230"></trkpt>
<trkpt lat="39.531473" lon="-1.167463"></trkpt>
<trkpt lat="39.531491" lon="-1.167639"></trkpt>
<trkpt lat="39.531555" lon="-1.167817"></trkpt>
<trkpt lat="39.531706" lon="-1.168074"></trkpt>
<trkpt lat="39.531804" lon="-1.168326"></trkpt>
<trkpt lat="39.531859" lon="-1.168616"></trkpt>
<trkpt lat="39.531892" lon="-1.170348"></trkpt>
<trkpt lat="39.531926" lon="-1.170633"></trkpt>
<trkpt lat="39.532046" lon="-1.171053"></trkpt>
<trkpt lat="39.532193" lon="-1.171337"></trkpt>
<trkpt lat="39.535190" lon="-1.175318"></trkpt>
<trkpt lat="39.536661" lon="-1.177270"></trkpt>
<trkpt lat="39.537033" lon="-1.177656"></trkpt>
<trkpt lat="39.537273" lon="-1.177847"></trkpt>
<trkpt lat="39.539563" lon="-1.179379"></trkpt>
<trkpt lat="39.540420" lon="-1.179953"></trkpt>
<trkpt lat="39.540660" lon="-1.180113"></trkpt>
<trkpt lat="39.540906" lon="-1.180280"></trkpt>
<trkpt lat="39.541050" lon="-1.180377"></trkpt>
<trkpt lat="39.541337" lon="-1.180571"></trkpt>
<trkpt lat="39.546779" lon="-1.184209"></trkpt>
<trkpt lat="39.547185" lon="-1.184484"></trkpt>
<trkpt lat="39.551779" lon="-1.187558"></trkpt>
<trkpt lat="39.553289" lon="-1.188571"></trkpt>
<trkpt lat="39.554517" lon="-1.189396"></trkpt>
<trkpt lat="39.554873" lon="-1.189571"></trkpt>
<trkpt lat="39.555204" lon="-1.189690"></trkpt>
<trkpt lat="39.555543" lon="-1.189739"></trkpt>
<trkpt lat="39.555751" lon="-1.189675"></trkpt>
<trkpt lat="39.555823" lon="-1.189585"></trkpt>
<trkpt lat="39.555911" lon="-1.189524"></trkpt>
<trkpt lat="39.556008" lon="-1.189499"></trkpt>
<trkpt lat="39.556126" lon="-1.189517"></trkpt>
<trkpt lat="39.556233" lon="-1.189585"></trkpt>
<trkpt lat="39.556279" lon="-1.189637"></trkpt>
<trkpt lat="39.556362" lon="-1.189827"></trkpt>
<trkpt lat="39.556597" lon="-1.189948"></trkpt>
<trkpt lat="39.559185" lon="-1.189925"></trkpt>
<trkpt lat="39.559804" lon="-1.189929"></trkpt>
<trkpt lat="39.562683" lon="-1.189928"></trkpt>
<trkpt lat="39.563460" lon="-1.189945"></trkpt>
<trkpt lat="39.564062" lon="-1.190004"></trkpt>
<trkpt lat="39.565032" lon="-1.190270"></trkpt>
<trkpt lat="39.565713" lon="-1.190581"></trkpt>
<trkpt lat="39.570827" lon="-1.193348"></trkpt>
<trkpt lat="39.571850" lon="-1.193950"></trkpt>
<trkpt lat="39.572806" lon="-1.194587"></trkpt>
<trkpt lat="39.573662" lon="-1.195210"></trkpt>
<trkpt lat="39.574433" lon="-1.195855"></trkpt>
<trkpt lat="39.575335" lon="-1.196729"></trkpt>
<trkpt lat="39.576190" lon="-1.197691"></trkpt>
<trkpt lat="39.576868" lon="-1.198562"></trkpt>
<trkpt lat="39.577723" lon="-1.199853"></trkpt>
<trkpt lat="39.578183" lon="-1.200633"></trkpt>
<trkpt lat="39.578868" lon="-1.201888"></trkpt>
<trkpt lat="39.579189" lon="-1.202520"></trkpt>
<trkpt lat="39.583822" lon="-1.211897"></trkpt>
<trkpt lat="39.585221" lon="-1.214797"></trkpt>
<trkpt lat="39.585944" lon="-1.216241"></trkpt>
<trkpt lat="39.586370" lon="-1.217108"></trkpt>
<trkpt lat="39.587368" lon="-1.219136"></trkpt>
<trkpt lat="39.587598" lon="-1.219604"></trkpt>
<trkpt lat="39.587745" lon="-1.219899"></trkpt>
<trkpt lat="39.588328" lon="-1.221033"></trkpt>
<trkpt lat="39.588996" lon="-1.222166"></trkpt>
<trkpt lat="39.589219" lon="-1.222487"></trkpt>
<trkpt lat="39.589658" lon="-1.223050"></trkpt>
<trkpt lat="39.590282" lon="-1.223700"></trkpt>
<trkpt lat="39.591194" lon="-1.224405"></trkpt>
<trkpt lat="39.591403" lon="-1.224569"></trkpt>
<trkpt lat="39.592121" lon="-1.225141"></trkpt>
<trkpt lat="39.592973" lon="-1.226262"></trkpt>
<trkpt lat="39.593634" lon="-1.227189"></trkpt>
<trkpt lat="39.594027" lon="-1.227710"></trkpt>
<trkpt lat="39.596052" lon="-1.230468"></trkpt>
<trkpt lat="39.596371" lon="-1.230769"></trkpt>
<trkpt lat="39.597609" lon="-1.231757"></trkpt>
<trkpt lat="39.598077" lon="-1.232161"></trkpt>
<trkpt lat="39.598636" lon="-1.232882"></trkpt>
<trkpt lat="39.599209" lon="-1.233646"></trkpt>
<trkpt lat="39.599360" lon="-1.233972"></trkpt>
<trkpt lat="39.600049" lon="-1.235721"></trkpt>
<trkpt lat="39.600366" lon="-1.236452"></trkpt>
<trkpt lat="39.600596" lon="-1.236804"></trkpt>
<trkpt lat="39.600849" lon="-1.237158"></trkpt>
<trkpt lat="39.601119" lon="-1.237532"></trkpt>
<trkpt lat="39.601372" lon="-1.237880"></trkpt>
<trkpt lat="39.601532" lon="-1.238054"></trkpt>
<trkpt lat="39.601698" lon="-1.238154"></trkpt>
<trkpt lat="39.601892" lon="-1.238232"></trkpt>
<trkpt lat="39.603526" lon="-1.238649"></trkpt>
<trkpt lat="39.603757" lon="-1.238738"></trkpt>
<trkpt lat="39.603916" lon="-1.238833"></trkpt>
<trkpt lat="39.604318" lon="-1.239192"></trkpt>
<trkpt lat="39.605283" lon="-1.240058"></trkpt>
<trkpt lat="39.606110" lon="-1.240605"></trkpt>
<trkpt lat="39.606226" lon="-1.240681"></trkpt>
<trkpt lat="39.607466" lon="-1.241491"></trkpt>
<trkpt lat="39.609060" lon="-1.242527"></trkpt>
<trkpt lat="39.609404" lon="-1.242820"></trkpt>
<trkpt lat="39.611274" lon="-1.244706"></trkpt>
<trkpt lat="39.611774" lon="-1.245204"></trkpt>
<trkpt lat="39.613479" lon="-1.246902"></trkpt>
<trkpt lat="39.614593" lon="-1.247985"></trkpt>
<trkpt lat="39.614841" lon="-1.248257"></trkpt>
<trkpt lat="39.615077" lon="-1.248544"></trkpt>
<trkpt lat="39.615238" lon="-1.248847"></trkpt>
<trkpt lat="39.616042" lon="-1.250547"></trkpt>
<trkpt lat="39.616391" lon="-1.251049"></trkpt>
<trkpt lat="39.616526" lon="-1.251283"></trkpt>
<trkpt lat="39.617196" lon="-1.252671"></trkpt>
<trkpt lat="39.617870" lon="-1.253946"></trkpt>
<trkpt lat="39.618025" lon="-1.254167"></trkpt>
<trkpt lat="39.618115" lon="-1.254295"></trkpt>
<trkpt lat="39.618478" lon="-1.254602"></trkpt>
<trkpt lat="39.618734" lon="-1.254724"></trkpt>
<trkpt lat="39.619507" lon="-1.254941"></trkpt>
<trkpt lat="39.620542" lon="-1.255311"></trkpt>
<trkpt lat="39.620795" lon="-1.255454"></trkpt>
<trkpt lat="39.622389" lon="-1.256691"></trkpt>
<trkpt lat="39.622826" lon="-1.257001"></trkpt>
<trkpt lat="39.622966" lon="-1.257067"></trkpt>
<trkpt lat="39.623322" lon="-1.257178"></trkpt>
<trkpt lat="39.625086" lon="-1.257606"></trkpt>
<trkpt lat="39.625408" lon="-1.257742"></trkpt>
<trkpt lat="39.626145" lon="-1.258402"></trkpt>
<trkpt lat="39.626294" lon="-1.258514"></trkpt>
<trkpt lat="39.626651" lon="-1.258688"></trkpt>
<trkpt lat="39.626978" lon="-1.258837"></trkpt>
<trkpt lat="39.627572" lon="-1.259109"></trkpt>
<trkpt lat="39.627865" lon="-1.259214"></trkpt>
<trkpt lat="39.628205" lon="-1.259264"></trkpt>
<trkpt lat="39.628628" lon="-1.259268"></trkpt>
<trkpt lat="39.629067" lon="-1.259166"></trkpt>
<trkpt lat="39.630498" lon="-1.258613"></trkpt>
<trkpt lat="39.630795" lon="-1.258577"></trkpt>
<trkpt lat="39.631082" lon="-1.258597"></trkpt>
<trkpt lat="39.631373" lon="-1.258687"></trkpt>
<trkpt lat="39.631660" lon="-1.258844"></trkpt>
<trkpt lat="39.632786" lon="-1.259801"></trkpt>
<trkpt lat="39.636754" lon="-1.263220"></trkpt>
<trkpt lat="39.638304" lon="-1.264543"></trkpt>
<trkpt lat="39.639076" lon="-1.265238"></trkpt>
<trkpt lat="39.640288" lon="-1.266639"></trkpt>
<trkpt lat="39.640705" lon="-1.267160"></trkpt>
<trkpt lat="39.641158" lon="-1.267620"></trkpt>
<trkpt lat="39.641344" lon="-1.267755"></trkpt>
<trkpt lat="39.641621" lon="-1.267901"></trkpt>
<trkpt lat="39.641893" lon="-1.267999"></trkpt>
<trkpt lat="39.642215" lon="-1.268047"></trkpt>
<trkpt lat="39.643026" lon="-1.267962"></trkpt>
<trkpt lat="39.644859" lon="-1.267596"></trkpt>
<trkpt lat="39.645545" lon="-1.267490"></trkpt>
<trkpt lat="39.645882" lon="-1.267481"></trkpt>
<trkpt lat="39.646490" lon="-1.267544"></trkpt>
<trkpt lat="39.649811" lon="-1.268124"></trkpt>
<trkpt lat="39.651217" lon="-1.268119"></trkpt>
<trkpt lat="39.652584" lon="-1.268084"></trkpt>
<trkpt lat="39.652825" lon="-1.268052"></trkpt>
<trkpt lat="39.653821" lon="-1.267730"></trkpt>
<trkpt lat="39.655657" lon="-1.267074"></trkpt>
<trkpt lat="39.655886" lon="-1.266982"></trkpt>
<trkpt lat="39.658255" lon="-1.265502"></trkpt>
<trkpt lat="39.660916" lon="-1.263880"></trkpt>
<trkpt lat="39.661201" lon="-1.263688"></trkpt>
<trkpt lat="39.661515" lon="-1.263412"></trkpt>
<trkpt lat="39.662618" lon="-1.262444"></trkpt>
<trkpt lat="39.662986" lon="-1.262174"></trkpt>
<trkpt lat="39.663268" lon="-1.262020"></trkpt>
<trkpt lat="39.663691" lon="-1.261883"></trkpt>
<trkpt lat="39.664651" lon="-1.261573"></trkpt>
<trkpt lat="39.665358" lon="-1.261334"></trkpt>
<trkpt lat="39.666607" lon="-1.260914"></trkpt>
<trkpt lat="39.668619" lon="-1.260265"></trkpt>
<trkpt lat="39.668754" lon="-1.260224"></trkpt>
<trkpt lat="39.669209" lon="-1.260133"></trkpt>
<trkpt lat="39.669586" lon="-1.260111"></trkpt>
<trkpt lat="39.670387" lon="-1.260146"></trkpt>
<trkpt lat="39.671372" lon="-1.260168"></trkpt>
<trkpt lat="39.672192" lon="-1.260186"></trkpt>
<trkpt lat="39.673147" lon="-1.260190"></trkpt>
<trkpt lat="39.673493" lon="-1.260112"></trkpt>
<trkpt lat="39.674937" lon="-1.259448"></trkpt>
<trkpt lat="39.674971" lon="-1.259433"></trkpt>
<trkpt lat="39.678283" lon="-1.257912"></trkpt>
<trkpt lat="39.678577" lon="-1.257728"></trkpt>
<trkpt lat="39.678867" lon="-1.257492"></trkpt>
<trkpt lat="39.683494" lon="-1.253151"></trkpt>
<trkpt lat="39.687349" lon="-1.249521"></trkpt>
<trkpt lat="39.688899" lon="-1.248064"></trkpt>
<trkpt lat="39.689445" lon="-1.247587"></trkpt>
<trkpt lat="39.689802" lon="-1.247414"></trkpt>
<trkpt lat="39.690201" lon="-1.247300"></trkpt>
<trkpt lat="39.690524" lon="-1.247281"></trkpt>
<trkpt lat="39.692009" lon="-1.247477"></trkpt>
<trkpt lat="39.693242" lon="-1.247647"></trkpt>
<trkpt lat="39.693521" lon="-1.247647"></trkpt>
<trkpt lat="39.694555" lon="-1.247410"></trkpt>
<trkpt lat="39.694797" lon="-1.247316"></trkpt>
<trkpt lat="39.695039" lon="-1.247162"></trkpt>
<trkpt lat="39.695294" lon="-1.246900"></trkpt>
<trkpt lat="39.695833" lon="-1.246258"></trkpt>
<trkpt lat="39.695983" lon="-1.246042"></trkpt>
<trkpt lat="39.697426" lon="-1.243983"></trkpt>
<trkpt lat="39.697700" lon="-1.243738"></trkpt>
<trkpt lat="39.698038" lon="-1.243498"></trkpt>
<trkpt lat="39.699998" lon="-1.242294"></trkpt>
<trkpt lat="39.700251" lon="-1.242091"></trkpt>
<trkpt lat="39.701546" lon="-1.240788"></trkpt>
<trkpt lat="39.703808" lon="-1.238556"></trkpt>
<trkpt lat="39.704082" lon="-1.238315"></trkpt>
<trkpt lat="39.704563" lon="-1.238047"></trkpt>
<trkpt lat="39.707908" lon="-1.236371"></trkpt>
<trkpt lat="39.708670" lon="-1.235984"></trkpt>
<trkpt lat="39.709017" lon="-1.235858"></trkpt>
<trkpt lat="39.709336" lon="-1.235841"></trkpt>
<trkpt lat="39.709632" lon="-1.235932"></trkpt>
<trkpt lat="39.712048" lon="-1.236853"></trkpt>
<trkpt lat="39.714287" lon="-1.237705"></trkpt>
<trkpt lat="39.716046" lon="-1.238397"></trkpt>
<trkpt lat="39.716377" lon="-1.238489"></trkpt>
<trkpt lat="39.717100" lon="-1.238420"></trkpt>
<trkpt lat="39.717422" lon="-1.238271"></trkpt>
<trkpt lat="39.717919" lon="-1.237886"></trkpt>
<trkpt lat="39.718256" lon="-1.237676"></trkpt>
<trkpt lat="39.720801" lon="-1.236914"></trkpt>
<trkpt lat="39.721051" lon="-1.236917"></trkpt>
<trkpt lat="39.721985" lon="-1.237167"></trkpt>
<trkpt lat="39.722280" lon="-1.237182"></trkpt>
<trkpt lat="39.722408" lon="-1.237161"></trkpt>
<trkpt lat="39.722581" lon="-1.237133"></trkpt>
<trkpt lat="39.725947" lon="-1.235594"></trkpt>
<trkpt lat="39.726183" lon="-1.235441"></trkpt>
<trkpt lat="39.726392" lon="-1.235259"></trkpt>
<trkpt lat="39.726671" lon="-1.234966"></trkpt>
<trkpt lat="39.727129" lon="-1.234354"></trkpt>
<trkpt lat="39.727573" lon="-1.233776"></trkpt>
<trkpt lat="39.728664" lon="-1.232134"></trkpt>
<trkpt lat="39.728719" lon="-1.232045"></trkpt>
<trkpt lat="39.729060" lon="-1.231558"></trkpt>
<trkpt lat="39.729071" lon="-1.231543"></trkpt>
<trkpt lat="39.729625" lon="-1.230926"></trkpt>
<trkpt lat="39.730075" lon="-1.230447"></trkpt>
<trkpt lat="39.730208" lon="-1.230318"></trkpt>
<trkpt lat="39.730425" lon="-1.230198"></trkpt>
<trkpt lat="39.730927" lon="-1.230113"></trkpt>
<trkpt lat="39.731023" lon="-1.230100"></trkpt>
<trkpt lat="39.731089" lon="-1.230091"></trkpt>
<trkpt lat="39.731462" lon="-1.230051"></trkpt>
<trkpt lat="39.731498" lon="-1.230040"></trkpt>
<trkpt lat="39.731596" lon="-1.229995"></trkpt>
<trkpt lat="39.731808" lon="-1.229898"></trkpt>
<trkpt lat="39.731879" lon="-1.229832"></trkpt>
<trkpt lat="39.732146" lon="-1.229583"></trkpt>
<trkpt lat="39.732487" lon="-1.229265"></trkpt>
<trkpt lat="39.732534" lon="-1.229219"></trkpt>
<trkpt lat="39.732638" lon="-1.229107"></trkpt>
<trkpt lat="39.732653" lon="-1.229091"></trkpt>
<trkpt lat="39.732810" lon="-1.228926"></trkpt>
<trkpt lat="39.732918" lon="-1.228798"></trkpt>
<trkpt lat="39.733077" lon="-1.228614"></trkpt>
<trkpt lat="39.733200" lon="-1.228500"></trkpt>
<trkpt lat="39.733299" lon="-1.228442"></trkpt>
<trkpt lat="39.734138" lon="-1.228190"></trkpt>
<trkpt lat="39.734382" lon="-1.228176"></trkpt>
<trkpt lat="39.735250" lon="-1.228305"></trkpt>
<trkpt lat="39.736131" lon="-1.228437"></trkpt>
<trkpt lat="39.738415" lon="-1.228790"></trkpt>
<trkpt lat="39.738692" lon="-1.228913"></trkpt>
<trkpt lat="39.739009" lon="-1.229185"></trkpt>
<trkpt lat="39.740392" lon="-1.230371"></trkpt>
<trkpt lat="39.741507" lon="-1.231557"></trkpt>
<trkpt lat="39.741828" lon="-1.231791"></trkpt>
<trkpt lat="39.742199" lon="-1.231953"></trkpt>
<trkpt lat="39.742621" lon="-1.232025"></trkpt>
<trkpt lat="39.743691" lon="-1.232139"></trkpt>
<trkpt lat="39.744016" lon="-1.232220"></trkpt>
<trkpt lat="39.744315" lon="-1.232388"></trkpt>
<trkpt lat="39.744588" lon="-1.232684"></trkpt>
<trkpt lat="39.744825" lon="-1.233037"></trkpt>
<trkpt lat="39.745830" lon="-1.234747"></trkpt>
<trkpt lat="39.746010" lon="-1.235009"></trkpt>
<trkpt lat="39.746306" lon="-1.235326"></trkpt>
<trkpt lat="39.750987" lon="-1.238755"></trkpt>
<trkpt lat="39.761631" lon="-1.246570"></trkpt>
<trkpt lat="39.765918" lon="-1.249725"></trkpt>
<trkpt lat="39.766594" lon="-1.250224"></trkpt>
<trkpt lat="39.771317" lon="-1.253704"></trkpt>
<trkpt lat="39.771759" lon="-1.254095"></trkpt>
<trkpt lat="39.772226" lon="-1.254613"></trkpt>
<trkpt lat="39.772607" lon="-1.255111"></trkpt>
<trkpt lat="39.776015" lon="-1.260861"></trkpt>
<trkpt lat="39.778084" lon="-1.264356"></trkpt>
<trkpt lat="39.780463" lon="-1.268295"></trkpt>
<trkpt lat="39.782359" lon="-1.271558"></trkpt>
<trkpt lat="39.782617" lon="-1.271942"></trkpt>
<trkpt lat="39.782906" lon="-1.272274"></trkpt>
<trkpt lat="39.783178" lon="-1.272505"></trkpt>
<trkpt lat="39.783441" lon="-1.272681"></trkpt>
<trkpt lat="39.783805" lon="-1.272843"></trkpt>
<trkpt lat="39.784166" lon="-1.272928"></trkpt>
<trkpt lat="39.784549" lon="-1.272948"></trkpt>
<trkpt lat="39.784914" lon="-1.272904"></trkpt>
<trkpt lat="39.785327" lon="-1.272785"></trkpt>
<trkpt lat="39.786108" lon="-1.272539"></trkpt>
<trkpt lat="39.786414" lon="-1.272495"></trkpt>
<trkpt lat="39.786876" lon="-1.272522"></trkpt>
<trkpt lat="39.790209" lon="-1.272987"></trkpt>
<trkpt lat="39.790496" lon="-1.273027"></trkpt>
<trkpt lat="39.791267" lon="-1.273140"></trkpt>
<trkpt lat="39.795135" lon="-1.273706"></trkpt>
<trkpt lat="39.795689" lon="-1.273725"></trkpt>
<trkpt lat="39.796163" lon="-1.273674"></trkpt>
<trkpt lat="39.796251" lon="-1.273665"></trkpt>
<trkpt lat="39.796578" lon="-1.273579"></trkpt>
<trkpt lat="39.796833" lon="-1.273507"></trkpt>
<trkpt lat="39.797334" lon="-1.273281"></trkpt>
<trkpt lat="39.797762" lon="-1.273024"></trkpt>
<trkpt lat="39.798262" lon="-1.272584"></trkpt>
<trkpt lat="39.798723" lon="-1.272068"></trkpt>
<trkpt lat="39.799147" lon="-1.271497"></trkpt>
<trkpt lat="39.799879" lon="-1.270438"></trkpt>
<trkpt lat="39.801369" lon="-1.268281"></trkpt>
<trkpt lat="39.801674" lon="-1.267903"></trkpt>
<trkpt lat="39.801994" lon="-1.267620"></trkpt>
<trkpt lat="39.802358" lon="-1.267392"></trkpt>
<trkpt lat="39.802813" lon="-1.267216"></trkpt>
<trkpt lat="39.803098" lon="-1.267156"></trkpt>
<trkpt lat="39.804230" lon="-1.267063"></trkpt>
<trkpt lat="39.804786" lon="-1.267099"></trkpt>
<trkpt lat="39.805837" lon="-1.267322"></trkpt>
<trkpt lat="39.806239" lon="-1.267347"></trkpt>
<trkpt lat="39.806652" lon="-1.267317"></trkpt>
<trkpt lat="39.807064" lon="-1.267205"></trkpt>
<trkpt lat="39.807515" lon="-1.266997"></trkpt>
<trkpt lat="39.807958" lon="-1.266686"></trkpt>
<trkpt lat="39.808325" lon="-1.266328"></trkpt>
<trkpt lat="39.808745" lon="-1.265776"></trkpt>
<trkpt lat="39.809575" lon="-1.264587"></trkpt>
<trkpt lat="39.809783" lon="-1.264288"></trkpt>
<trkpt lat="39.811874" lon="-1.261293"></trkpt>
<trkpt lat="39.811903" lon="-1.261253"></trkpt>
<trkpt lat="39.813708" lon="-1.258666"></trkpt>
<trkpt lat="39.813769" lon="-1.258576"></trkpt>
<trkpt lat="39.814707" lon="-1.257207"></trkpt>
<trkpt lat="39.815197" lon="-1.256604"></trkpt>
<trkpt lat="39.815572" lon="-1.256250"></trkpt>
<trkpt lat="39.816026" lon="-1.255909"></trkpt>
<trkpt lat="39.816466" lon="-1.255657"></trkpt>
<trkpt lat="39.817173" lon="-1.255400"></trkpt>
<trkpt lat="39.817456" lon="-1.255338"></trkpt>
<trkpt lat="39.818640" lon="-1.255191"></trkpt>
<trkpt lat="39.821349" lon="-1.254879"></trkpt>
<trkpt lat="39.821802" lon="-1.254873"></trkpt>
<trkpt lat="39.822209" lon="-1.254935"></trkpt>
<trkpt lat="39.822621" lon="-1.255097"></trkpt>
<trkpt lat="39.823106" lon="-1.255381"></trkpt>
<trkpt lat="39.823602" lon="-1.255700"></trkpt>
<trkpt lat="39.824097" lon="-1.255918"></trkpt>
<trkpt lat="39.824727" lon="-1.256036"></trkpt>
<trkpt lat="39.825940" lon="-1.256178"></trkpt>
<trkpt lat="39.826392" lon="-1.256230"></trkpt>
<trkpt lat="39.828863" lon="-1.256515"></trkpt>
<trkpt lat="39.829677" lon="-1.256639"></trkpt>
<trkpt lat="39.830308" lon="-1.256800"></trkpt>
<trkpt lat="39.830994" lon="-1.257045"></trkpt>
<trkpt lat="39.832232" lon="-1.257610"></trkpt>
<trkpt lat="39.833264" lon="-1.258094"></trkpt>
<trkpt lat="39.833643" lon="-1.258342"></trkpt>
<trkpt lat="39.833989" lon="-1.258638"></trkpt>
<trkpt lat="39.834331" lon="-1.259076"></trkpt>
<trkpt lat="39.835957" lon="-1.261746"></trkpt>
<trkpt lat="39.836329" lon="-1.262185"></trkpt>
<trkpt lat="39.837528" lon="-1.263292"></trkpt>
<trkpt lat="39.838113" lon="-1.263832"></trkpt>
<trkpt lat="39.838451" lon="-1.264066"></trkpt>
<trkpt lat="39.840150" lon="-1.264804"></trkpt>
<trkpt lat="39.841351" lon="-1.265327"></trkpt>
<trkpt lat="39.841671" lon="-1.265515"></trkpt>
<trkpt lat="39.843325" lon="-1.266807"></trkpt>
<trkpt lat="39.843641" lon="-1.267064"></trkpt>
<trkpt lat="39.844109" lon="-1.267490"></trkpt>
<trkpt lat="39.844357" lon="-1.267797"></trkpt>
<trkpt lat="39.844558" lon="-1.268129"></trkpt>
<trkpt lat="39.844666" lon="-1.268356"></trkpt>
<trkpt lat="39.844753" lon="-1.268540"></trkpt>
<trkpt lat="39.844991" lon="-1.269255"></trkpt>
<trkpt lat="39.845383" lon="-1.270584"></trkpt>
<trkpt lat="39.845487" lon="-1.270859"></trkpt>
<trkpt lat="39.845785" lon="-1.271521"></trkpt>
<trkpt lat="39.845900" lon="-1.271725"></trkpt>
<trkpt lat="39.846910" lon="-1.273506"></trkpt>
<trkpt lat="39.847504" lon="-1.274552"></trkpt>
<trkpt lat="39.848109" lon="-1.275620"></trkpt>
<trkpt lat="39.848407" lon="-1.276356"></trkpt>
<trkpt lat="39.848822" lon="-1.277737"></trkpt>
<trkpt lat="39.849018" lon="-1.278510"></trkpt>
<trkpt lat="39.849160" lon="-1.279526"></trkpt>
<trkpt lat="39.849242" lon="-1.280381"></trkpt>
<trkpt lat="39.849244" lon="-1.280760"></trkpt>
<trkpt lat="39.849211" lon="-1.281217"></trkpt>
<trkpt lat="39.849298" lon="-1.281196"></trkpt>
<trkpt lat="39.849634" lon="-1.281118"></trkpt>
<trkpt lat="39.850143" lon="-1.280993"></trkpt>
<trkpt lat="39.850597" lon="-1.280884"></trkpt>
<trkpt lat="39.850659" lon="-1.280871"></trkpt>
<trkpt lat="39.851130" lon="-1.280756"></trkpt>
<trkpt lat="39.851250" lon="-1.280706"></trkpt>
<trkpt lat="39.851379" lon="-1.280611"></trkpt>
<trkpt lat="39.851739" lon="-1.280041"></trkpt>
<trkpt lat="39.851899" lon="-1.279883"></trkpt>
<trkpt lat="39.852136" lon="-1.279744"></trkpt>
<trkpt lat="39.852921" lon="-1.279577"></trkpt>
<trkpt lat="39.853514" lon="-1.279450"></trkpt>
<trkpt lat="39.853828" lon="-1.279382"></trkpt>
<trkpt lat="39.854827" lon="-1.278898"></trkpt>
<trkpt lat="39.855222" lon="-1.278707"></trkpt>
<trkpt lat="39.855770" lon="-1.278254"></trkpt>
<trkpt lat="39.857398" lon="-1.275997"></trkpt>
<trkpt lat="39.857407" lon="-1.275984"></trkpt>
<trkpt lat="39.857718" lon="-1.275621"></trkpt>
<trkpt lat="39.858951" lon="-1.274734"></trkpt>
<trkpt lat="39.859291" lon="-1.274455"></trkpt>
<trkpt lat="39.860232" lon="-1.273265"></trkpt>
<trkpt lat="39.860794" lon="-1.272531"></trkpt>
<trkpt lat="39.862049" lon="-1.270260"></trkpt>
<trkpt lat="39.862422" lon="-1.269744"></trkpt>
<trkpt lat="39.864202" lon="-1.267737"></trkpt>
<trkpt lat="39.864481" lon="-1.267422"></trkpt>
<trkpt lat="39.864845" lon="-1.267134"></trkpt>
<trkpt lat="39.867810" lon="-1.265516"></trkpt>
<trkpt lat="39.868151" lon="-1.265406"></trkpt>
<trkpt lat="39.868333" lon="-1.265424"></trkpt>
<trkpt lat="39.868468" lon="-1.265438"></trkpt>
<trkpt lat="39.872097" lon="-1.267433"></trkpt>
<trkpt lat="39.873301" lon="-1.268095"></trkpt>
<trkpt lat="39.873730" lon="-1.268289"></trkpt>
<trkpt lat="39.876112" lon="-1.268778"></trkpt>
<trkpt lat="39.878745" lon="-1.269811"></trkpt>
<trkpt lat="39.879186" lon="-1.269927"></trkpt>
<trkpt lat="39.881509" lon="-1.270296"></trkpt>
<trkpt lat="39.883594" lon="-1.270309"></trkpt>
<trkpt lat="39.883905" lon="-1.270292"></trkpt>
<trkpt lat="39.884971" lon="-1.270233"></trkpt>
<trkpt lat="39.885343" lon="-1.270212"></trkpt>
<trkpt lat="39.886473" lon="-1.270177"></trkpt>
<trkpt lat="39.888123" lon="-1.270334"></trkpt>
<trkpt lat="39.888333" lon="-1.270334"></trkpt>
<trkpt lat="39.888545" lon="-1.270286"></trkpt>
<trkpt lat="39.889542" lon="-1.269944"></trkpt>
<trkpt lat="39.889780" lon="-1.269903"></trkpt>
<trkpt lat="39.890018" lon="-1.269926"></trkpt>
<trkpt lat="39.891060" lon="-1.270126"></trkpt>
<trkpt lat="39.891236" lon="-1.270147"></trkpt>
<trkpt lat="39.891404" lon="-1.270128"></trkpt>
<trkpt lat="39.892308" lon="-1.269796"></trkpt>
<trkpt lat="39.893281" lon="-1.269456"></trkpt>
<trkpt lat="39.895053" lon="-1.269235"></trkpt>
<trkpt lat="39.895422" lon="-1.269140"></trkpt>
<trkpt lat="39.895581" lon="-1.269150"></trkpt>
<trkpt lat="39.895697" lon="-1.269200"></trkpt>
<trkpt lat="39.896562" lon="-1.269751"></trkpt>
<trkpt lat="39.896768" lon="-1.269814"></trkpt>
<trkpt lat="39.897195" lon="-1.269783"></trkpt>
<trkpt lat="39.897504" lon="-1.269698"></trkpt>
<trkpt lat="39.897658" lon="-1.269700"></trkpt>
<trkpt lat="39.897774" lon="-1.269739"></trkpt>
<trkpt lat="39.898419" lon="-1.270350"></trkpt>
<trkpt lat="39.898527" lon="-1.270584"></trkpt>
<trkpt lat="39.898568" lon="-1.270915"></trkpt>
<trkpt lat="39.898530" lon="-1.271108"></trkpt>
<trkpt lat="39.898281" lon="-1.271651"></trkpt>
<trkpt lat="39.898267" lon="-1.271761"></trkpt>
<trkpt lat="39.898298" lon="-1.271874"></trkpt>
<trkpt lat="39.898376" lon="-1.272095"></trkpt>
<trkpt lat="39.898457" lon="-1.272187"></trkpt>
<trkpt lat="39.898677" lon="-1.272321"></trkpt>
<trkpt lat="39.898713" lon="-1.272360"></trkpt>
<trkpt lat="39.898810" lon="-1.272571"></trkpt>
<trkpt lat="39.898864" lon="-1.272617"></trkpt>
<trkpt lat="39.899048" lon="-1.272713"></trkpt>
<trkpt lat="39.899448" lon="-1.272921"></trkpt>
<trkpt lat="39.900104" lon="-1.273260"></trkpt>
<trkpt lat="39.900359" lon="-1.273318"></trkpt>
<trkpt lat="39.900718" lon="-1.273338"></trkpt>
<trkpt lat="39.900998" lon="-1.273360"></trkpt>
<trkpt lat="39.901475" lon="-1.273282"></trkpt>
<trkpt lat="39.901691" lon="-1.273278"></trkpt>
<trkpt lat="39.901924" lon="-1.273325"></trkpt>
<trkpt lat="39.902134" lon="-1.273409"></trkpt>
<trkpt lat="39.902637" lon="-1.273756"></trkpt>
<trkpt lat="39.902863" lon="-1.273956"></trkpt>
<trkpt lat="39.903647" lon="-1.274935"></trkpt>
<trkpt lat="39.904799" lon="-1.276404"></trkpt>
<trkpt lat="39.905766" lon="-1.277536"></trkpt>
<trkpt lat="39.905970" lon="-1.277734"></trkpt>
<trkpt lat="39.908303" lon="-1.279444"></trkpt>
<trkpt lat="39.908769" lon="-1.279701"></trkpt>
<trkpt lat="39.909760" lon="-1.280132"></trkpt>
<trkpt lat="39.910233" lon="-1.280461"></trkpt>
<trkpt lat="39.910490" lon="-1.280745"></trkpt>
<trkpt lat="39.911057" lon="-1.281699"></trkpt>
<trkpt lat="39.911250" lon="-1.281938"></trkpt>
<trkpt lat="39.911367" lon="-1.282050"></trkpt>
<trkpt lat="39.913042" lon="-1.283224"></trkpt>
<trkpt lat="39.913284" lon="-1.283502"></trkpt>
<trkpt lat="39.913955" lon="-1.284395"></trkpt>
<trkpt lat="39.914299" lon="-1.284798"></trkpt>
<trkpt lat="39.918460" lon="-1.288564"></trkpt>
<trkpt lat="39.923432" lon="-1.292360"></trkpt>
<trkpt lat="39.924124" lon="-1.292781"></trkpt>
<trkpt lat="39.924539" lon="-1.293008"></trkpt>
<trkpt lat="39.924844" lon="-1.293175"></trkpt>
<trkpt lat="39.924886" lon="-1.293199"></trkpt>
<trkpt lat="39.925053" lon="-1.293290"></trkpt>
<trkpt lat="39.925114" lon="-1.293354"></trkpt>
<trkpt lat="39.925225" lon="-1.293469"></trkpt>
<trkpt lat="39.925330" lon="-1.293579"></trkpt>
<trkpt lat="39.925457" lon="-1.293712"></trkpt>
<trkpt lat="39.925638" lon="-1.293793"></trkpt>
<trkpt lat="39.925733" lon="-1.293871"></trkpt>
<trkpt lat="39.925902" lon="-1.294010"></trkpt>
<trkpt lat="39.926201" lon="-1.294256"></trkpt>
<trkpt lat="39.926522" lon="-1.294535"></trkpt>
<trkpt lat="39.926668" lon="-1.294750"></trkpt>
<trkpt lat="39.926693" lon="-1.294843"></trkpt>
<trkpt lat="39.926725" lon="-1.294963"></trkpt>
<trkpt lat="39.926661" lon="-1.295324"></trkpt>
<trkpt lat="39.926656" lon="-1.295686"></trkpt>
<trkpt lat="39.926689" lon="-1.295771"></trkpt>
<trkpt lat="39.926721" lon="-1.295856"></trkpt>
<trkpt lat="39.926745" lon="-1.295919"></trkpt>
<trkpt lat="39.926927" lon="-1.296109"></trkpt>
<trkpt lat="39.927584" lon="-1.296539"></trkpt>
<trkpt lat="39.927983" lon="-1.296573"></trkpt>
<trkpt lat="39.928039" lon="-1.296540"></trkpt>
<trkpt lat="39.928157" lon="-1.296555"></trkpt>
<trkpt lat="39.928206" lon="-1.296601"></trkpt>
<trkpt lat="39.928240" lon="-1.296668"></trkpt>
<trkpt lat="39.928390" lon="-1.296726"></trkpt>
<trkpt lat="39.928548" lon="-1.296709"></trkpt>
<trkpt lat="39.928820" lon="-1.296513"></trkpt>
<trkpt lat="39.929036" lon="-1.296302"></trkpt>
<trkpt lat="39.929319" lon="-1.296123"></trkpt>
<trkpt lat="39.929643" lon="-1.295993"></trkpt>
<trkpt lat="39.930457" lon="-1.295994"></trkpt>
<trkpt lat="39.930799" lon="-1.296023"></trkpt>
<trkpt lat="39.931218" lon="-1.296202"></trkpt>
<trkpt lat="39.932553" lon="-1.296766"></trkpt>
<trkpt lat="39.934639" lon="-1.297549"></trkpt>
<trkpt lat="39.938024" lon="-1.298608"></trkpt>
<trkpt lat="39.939100" lon="-1.298992"></trkpt>
<trkpt lat="39.939690" lon="-1.299271"></trkpt>
<trkpt lat="39.940796" lon="-1.299900"></trkpt>
<trkpt lat="39.942398" lon="-1.300944"></trkpt>
<trkpt lat="39.953261" lon="-1.307996"></trkpt>
<trkpt lat="39.963712" lon="-1.314766"></trkpt>
<trkpt lat="39.969637" lon="-1.318615"></trkpt>
<trkpt lat="39.971124" lon="-1.319589"></trkpt>
<trkpt lat="39.972921" lon="-1.320723"></trkpt>
<trkpt lat="39.973361" lon="-1.320951"></trkpt>
<trkpt lat="39.973884" lon="-1.321167"></trkpt>
<trkpt lat="39.974538" lon="-1.321390"></trkpt>
<trkpt lat="39.974879" lon="-1.321470"></trkpt>
<trkpt lat="39.975724" lon="-1.321612"></trkpt>
<trkpt lat="39.976557" lon="-1.321651"></trkpt>
<trkpt lat="39.977294" lon="-1.321602"></trkpt>
<trkpt lat="39.977744" lon="-1.321534"></trkpt>
<trkpt lat="39.978291" lon="-1.321411"></trkpt>
<trkpt lat="39.978693" lon="-1.321321"></trkpt>
<trkpt lat="39.980557" lon="-1.320875"></trkpt>
<trkpt lat="39.981320" lon="-1.320750"></trkpt>
<trkpt lat="39.982096" lon="-1.320690"></trkpt>
<trkpt lat="39.986993" lon="-1.320550"></trkpt>
<trkpt lat="39.987905" lon="-1.320451"></trkpt>
<trkpt lat="39.989123" lon="-1.320218"></trkpt>
<trkpt lat="39.991393" lon="-1.319648"></trkpt>
<trkpt lat="39.992145" lon="-1.319385"></trkpt>
<trkpt lat="39.993014" lon="-1.318960"></trkpt>
<trkpt lat="39.993952" lon="-1.318339"></trkpt>
<trkpt lat="39.996167" lon="-1.316579"></trkpt>
<trkpt lat="39.996775" lon="-1.316269"></trkpt>
<trkpt lat="39.997296" lon="-1.316095"></trkpt>
<trkpt lat="39.997866" lon="-1.316001"></trkpt>
<trkpt lat="39.999856" lon="-1.315993"></trkpt>
<trkpt lat="40.001106" lon="-1.315857"></trkpt>
<trkpt lat="40.001748" lon="-1.315725"></trkpt>
<trkpt lat="40.002920" lon="-1.315389"></trkpt>
<trkpt lat="40.007247" lon="-1.314090"></trkpt>
<trkpt lat="40.017189" lon="-1.311082"></trkpt>
<trkpt lat="40.018501" lon="-1.310686"></trkpt>
<trkpt lat="40.019222" lon="-1.310407"></trkpt>
<trkpt lat="40.020041" lon="-1.310022"></trkpt>
<trkpt lat="40.020762" lon="-1.309610"></trkpt>
<trkpt lat="40.021949" lon="-1.308800"></trkpt>
<trkpt lat="40.022884" lon="-1.307992"></trkpt>
<trkpt lat="40.028204" lon="-1.303051"></trkpt>
<trkpt lat="40.030426" lon="-1.300987"></trkpt>
<trkpt lat="40.032246" lon="-1.299483"></trkpt>
<trkpt lat="40.032529" lon="-1.299185"></trkpt>
<trkpt lat="40.032933" lon="-1.298662"></trkpt>
<trkpt lat="40.033294" lon="-1.298067"></trkpt>
<trkpt lat="40.034231" lon="-1.295917"></trkpt>
<trkpt lat="40.034517" lon="-1.295466"></trkpt>
<trkpt lat="40.034901" lon="-1.295041"></trkpt>
<trkpt lat="40.035224" lon="-1.294765"></trkpt>
<trkpt lat="40.035572" lon="-1.294548"></trkpt>
<trkpt lat="40.035982" lon="-1.294402"></trkpt>
<trkpt lat="40.038794" lon="-1.293791"></trkpt>
<trkpt lat="40.039245" lon="-1.293538"></trkpt>
<trkpt lat="40.039682" lon="-1.293184"></trkpt>
<trkpt lat="40.039995" lon="-1.292751"></trkpt>
<trkpt lat="40.040275" lon="-1.292174"></trkpt>
<trkpt lat="40.040450" lon="-1.291603"></trkpt>
<trkpt lat="40.040584" lon="-1.290954"></trkpt>
<trkpt lat="40.040625" lon="-1.290365"></trkpt>
<trkpt lat="40.040579" lon="-1.289842"></trkpt>
<trkpt lat="40.040414" lon="-1.289157"></trkpt>
<trkpt lat="40.040326" lon="-1.288628"></trkpt>
<trkpt lat="40.040303" lon="-1.287942"></trkpt>
<trkpt lat="40.040368" lon="-1.287383"></trkpt>
<trkpt lat="40.040520" lon="-1.286759"></trkpt>
<trkpt lat="40.040883" lon="-1.285983"></trkpt>
<trkpt lat="40.041941" lon="-1.284534"></trkpt>
<trkpt lat="40.042342" lon="-1.283849"></trkpt>
<trkpt lat="40.042650" lon="-1.282845"></trkpt>
<trkpt lat="40.042738" lon="-1.282033"></trkpt>
<trkpt lat="40.042807" lon="-1.281006"></trkpt>
<trkpt lat="40.042982" lon="-1.280044"></trkpt>
<trkpt lat="40.043217" lon="-1.279225"></trkpt>
<trkpt lat="40.043667" lon="-1.278451"></trkpt>
<trkpt lat="40.044252" lon="-1.277597"></trkpt>
<trkpt lat="40.044800" lon="-1.277087"></trkpt>
<trkpt lat="40.045586" lon="-1.276798"></trkpt>
<trkpt lat="40.046309" lon="-1.276714"></trkpt>
<trkpt lat="40.046852" lon="-1.276569"></trkpt>
<trkpt lat="40.047150" lon="-1.276374"></trkpt>
<trkpt lat="40.047422" lon="-1.276203"></trkpt>
<trkpt lat="40.048706" lon="-1.275085"></trkpt>
<trkpt lat="40.049175" lon="-1.274828"></trkpt>
<trkpt lat="40.049600" lon="-1.274692"></trkpt>
<trkpt lat="40.049978" lon="-1.274579"></trkpt>
<trkpt lat="40.050506" lon="-1.274585"></trkpt>
<trkpt lat="40.051509" lon="-1.274826"></trkpt>
<trkpt lat="40.051972" lon="-1.274890"></trkpt>
<trkpt lat="40.052107" lon="-1.274849"></trkpt>
<trkpt lat="40.052231" lon="-1.274763"></trkpt>
<trkpt lat="40.052461" lon="-1.274441"></trkpt>
<trkpt lat="40.052623" lon="-1.274319"></trkpt>
<trkpt lat="40.052726" lon="-1.274297"></trkpt>
<trkpt lat="40.052835" lon="-1.274305"></trkpt>
<trkpt lat="40.052937" lon="-1.274349"></trkpt>
<trkpt lat="40.053238" lon="-1.274576"></trkpt>
<trkpt lat="40.053315" lon="-1.274685"></trkpt>
<trkpt lat="40.054608" lon="-1.275442"></trkpt>
<trkpt lat="40.054902" lon="-1.275691"></trkpt>
<trkpt lat="40.055076" lon="-1.275936"></trkpt>
<trkpt lat="40.055213" lon="-1.276222"></trkpt>
<trkpt lat="40.055446" lon="-1.277008"></trkpt>
<trkpt lat="40.055503" lon="-1.277420"></trkpt>
<trkpt lat="40.055537" lon="-1.277512"></trkpt>
<trkpt lat="40.055649" lon="-1.277615"></trkpt>
<trkpt lat="40.055823" lon="-1.277591"></trkpt>
<trkpt lat="40.055881" lon="-1.277508"></trkpt>
<trkpt lat="40.056051" lon="-1.277446"></trkpt>
<trkpt lat="40.056181" lon="-1.277669"></trkpt>
<trkpt lat="40.056603" lon="-1.278465"></trkpt>
<trkpt lat="40.057079" lon="-1.278922"></trkpt>
<trkpt lat="40.057282" lon="-1.279162"></trkpt>
<trkpt lat="40.057784" lon="-1.280400"></trkpt>
<trkpt lat="40.057986" lon="-1.280806"></trkpt>
<trkpt lat="40.058203" lon="-1.281154"></trkpt>
<trkpt lat="40.058381" lon="-1.281419"></trkpt>
<trkpt lat="40.058645" lon="-1.281730"></trkpt>
<trkpt lat="40.059246" lon="-1.282296"></trkpt>
<trkpt lat="40.059430" lon="-1.282561"></trkpt>
<trkpt lat="40.059478" lon="-1.282755"></trkpt>
<trkpt lat="40.059458" lon="-1.282877"></trkpt>
<trkpt lat="40.059403" lon="-1.282981"></trkpt>
<trkpt lat="40.059232" lon="-1.283105"></trkpt>
<trkpt lat="40.058649" lon="-1.283472"></trkpt>
<trkpt lat="40.058411" lon="-1.283711"></trkpt>
<trkpt lat="40.058147" lon="-1.284228"></trkpt>
<trkpt lat="40.057815" lon="-1.285100"></trkpt>
<trkpt lat="40.057717" lon="-1.285524"></trkpt>
<trkpt lat="40.057717" lon="-1.285530"></trkpt>
<trkpt lat="40.057708" lon="-1.286280"></trkpt>
<trkpt lat="40.057742" lon="-1.286473"></trkpt>
<trkpt lat="40.057811" lon="-1.286567"></trkpt>
<trkpt lat="40.057893" lon="-1.286609"></trkpt>
<trkpt lat="40.058326" lon="-1.286620"></trkpt>
<trkpt lat="40.058377" lon="-1.286621"></trkpt>
<trkpt lat="40.058520" lon="-1.286622"></trkpt>
<trkpt lat="40.058549" lon="-1.286621"></trkpt>
<trkpt lat="40.058612" lon="-1.286621"></trkpt>
<trkpt lat="40.058759" lon="-1.286623"></trkpt>
<trkpt lat="40.058920" lon="-1.286575"></trkpt>
<trkpt lat="40.059123" lon="-1.286394"></trkpt>
<trkpt lat="40.059259" lon="-1.286191"></trkpt>
<trkpt lat="40.059390" lon="-1.285883"></trkpt>
<trkpt lat="40.059540" lon="-1.285714"></trkpt>
<trkpt lat="40.059950" lon="-1.285437"></trkpt>
<trkpt lat="40.060156" lon="-1.285352"></trkpt>
<trkpt lat="40.060661" lon="-1.285253"></trkpt>
<trkpt lat="40.060923" lon="-1.285249"></trkpt>
<trkpt lat="40.061320" lon="-1.285304"></trkpt>
<trkpt lat="40.061806" lon="-1.285366"></trkpt>
<trkpt lat="40.061928" lon="-1.285386"></trkpt>
<trkpt lat="40.062189" lon="-1.285411"></trkpt>
<trkpt lat="40.062638" lon="-1.285475"></trkpt>
<trkpt lat="40.062781" lon="-1.285472"></trkpt>
<trkpt lat="40.063074" lon="-1.285390"></trkpt>
<trkpt lat="40.063402" lon="-1.285288"></trkpt>
<trkpt lat="40.063524" lon="-1.285250"></trkpt>
<trkpt lat="40.064297" lon="-1.284944"></trkpt>
<trkpt lat="40.064866" lon="-1.284674"></trkpt>
<trkpt lat="40.065262" lon="-1.284368"></trkpt>
<trkpt lat="40.065677" lon="-1.284048"></trkpt>
<trkpt lat="40.065740" lon="-1.283964"></trkpt>
<trkpt lat="40.065864" lon="-1.283486"></trkpt>
<trkpt lat="40.065909" lon="-1.283279"></trkpt>
<trkpt lat="40.065917" lon="-1.283219"></trkpt>
<trkpt lat="40.065930" lon="-1.283144"></trkpt>
<trkpt lat="40.066082" lon="-1.282332"></trkpt>
<trkpt lat="40.066177" lon="-1.282085"></trkpt>
<trkpt lat="40.066668" lon="-1.281329"></trkpt>
<trkpt lat="40.066740" lon="-1.281208"></trkpt>
<trkpt lat="40.066901" lon="-1.280987"></trkpt>
<trkpt lat="40.066925" lon="-1.280920"></trkpt>
<trkpt lat="40.067488" lon="-1.280202"></trkpt>
<trkpt lat="40.067723" lon="-1.279870"></trkpt>
<trkpt lat="40.068037" lon="-1.279288"></trkpt>
<trkpt lat="40.068252" lon="-1.278960"></trkpt>
<trkpt lat="40.068990" lon="-1.277900"></trkpt>
<trkpt lat="40.069718" lon="-1.276967"></trkpt>
<trkpt lat="40.070212" lon="-1.276335"></trkpt>
<trkpt lat="40.072929" lon="-1.273106"></trkpt>
<trkpt lat="40.073357" lon="-1.272739"></trkpt>
<trkpt lat="40.074501" lon="-1.272245"></trkpt>
<trkpt lat="40.074886" lon="-1.272110"></trkpt>
<trkpt lat="40.075180" lon="-1.271967"></trkpt>
<trkpt lat="40.075412" lon="-1.271823"></trkpt>
<trkpt lat="40.075671" lon="-1.271611"></trkpt>
<trkpt lat="40.075900" lon="-1.271358"></trkpt>
<trkpt lat="40.076070" lon="-1.271125"></trkpt>
<trkpt lat="40.076416" lon="-1.270394"></trkpt>
<trkpt lat="40.076488" lon="-1.270228"></trkpt>
<trkpt lat="40.076697" lon="-1.269874"></trkpt>
<trkpt lat="40.076946" lon="-1.269634"></trkpt>
<trkpt lat="40.077158" lon="-1.269516"></trkpt>
<trkpt lat="40.077838" lon="-1.269268"></trkpt>
<trkpt lat="40.078132" lon="-1.269082"></trkpt>
<trkpt lat="40.078323" lon="-1.268867"></trkpt>
<trkpt lat="40.078781" lon="-1.268088"></trkpt>
<trkpt lat="40.079147" lon="-1.267737"></trkpt>
<trkpt lat="40.079473" lon="-1.267419"></trkpt>
<trkpt lat="40.079927" lon="-1.266742"></trkpt>
<trkpt lat="40.080089" lon="-1.266549"></trkpt>
<trkpt lat="40.080331" lon="-1.266335"></trkpt>
<trkpt lat="40.080705" lon="-1.266109"></trkpt>
<trkpt lat="40.082408" lon="-1.265696"></trkpt>
<trkpt lat="40.082873" lon="-1.265629"></trkpt>
<trkpt lat="40.083218" lon="-1.265616"></trkpt>
<trkpt lat="40.083371" lon="-1.265495"></trkpt>
<trkpt lat="40.083695" lon="-1.265383"></trkpt>
<trkpt lat="40.084368" lon="-1.265302"></trkpt>
<trkpt lat="40.084892" lon="-1.265351"></trkpt>
<trkpt lat="40.084955" lon="-1.265297"></trkpt>
<trkpt lat="40.085091" lon="-1.265015"></trkpt>
<trkpt lat="40.085265" lon="-1.264919"></trkpt>
<trkpt lat="40.085657" lon="-1.264776"></trkpt>
<trkpt lat="40.086246" lon="-1.264441"></trkpt>
<trkpt lat="40.086400" lon="-1.264229"></trkpt>
<trkpt lat="40.086679" lon="-1.263932"></trkpt>
<trkpt lat="40.086695" lon="-1.263915"></trkpt>
<trkpt lat="40.086790" lon="-1.263814"></trkpt>
<trkpt lat="40.086964" lon="-1.263548"></trkpt>
<trkpt lat="40.087176" lon="-1.263366"></trkpt>
<trkpt lat="40.087274" lon="-1.263213"></trkpt>
<trkpt lat="40.087299" lon="-1.263001"></trkpt>
<trkpt lat="40.087379" lon="-1.262861"></trkpt>
<trkpt lat="40.087558" lon="-1.262837"></trkpt>
<trkpt lat="40.087656" lon="-1.262762"></trkpt>
<trkpt lat="40.087650" lon="-1.262561"></trkpt>
<trkpt lat="40.087578" lon="-1.262298"></trkpt>
<trkpt lat="40.087582" lon="-1.262118"></trkpt>
<trkpt lat="40.087670" lon="-1.261896"></trkpt>
<trkpt lat="40.087787" lon="-1.261469"></trkpt>
<trkpt lat="40.087857" lon="-1.261370"></trkpt>
<trkpt lat="40.087945" lon="-1.261373"></trkpt>
<trkpt lat="40.088114" lon="-1.261316"></trkpt>
<trkpt lat="40.088183" lon="-1.261172"></trkpt>
<trkpt lat="40.088075" lon="-1.260858"></trkpt>
<trkpt lat="40.088053" lon="-1.260675"></trkpt>
<trkpt lat="40.088087" lon="-1.260493"></trkpt>
<trkpt lat="40.088089" lon="-1.260177"></trkpt>
<trkpt lat="40.088171" lon="-1.259313"></trkpt>
<trkpt lat="40.088282" lon="-1.258945"></trkpt>
<trkpt lat="40.088358" lon="-1.258583"></trkpt>
<trkpt lat="40.088302" lon="-1.257931"></trkpt>
<trkpt lat="40.088403" lon="-1.256413"></trkpt>
<trkpt lat="40.088514" lon="-1.256132"></trkpt>
<trkpt lat="40.088698" lon="-1.255928"></trkpt>
<trkpt lat="40.088893" lon="-1.255791"></trkpt>
<trkpt lat="40.089273" lon="-1.255585"></trkpt>
<trkpt lat="40.089527" lon="-1.255319"></trkpt>
<trkpt lat="40.089788" lon="-1.255132"></trkpt>
<trkpt lat="40.089992" lon="-1.255204"></trkpt>
<trkpt lat="40.090274" lon="-1.255419"></trkpt>
<trkpt lat="40.090367" lon="-1.255447"></trkpt>
<trkpt lat="40.090443" lon="-1.255445"></trkpt>
<trkpt lat="40.090530" lon="-1.255384"></trkpt>
<trkpt lat="40.090623" lon="-1.255320"></trkpt>
<trkpt lat="40.090805" lon="-1.255194"></trkpt>
<trkpt lat="40.091903" lon="-1.254791"></trkpt>
<trkpt lat="40.092109" lon="-1.254771"></trkpt>
<trkpt lat="40.092804" lon="-1.254813"></trkpt>
<trkpt lat="40.092898" lon="-1.254763"></trkpt>
<trkpt lat="40.093023" lon="-1.254642"></trkpt>
<trkpt lat="40.093094" lon="-1.254632"></trkpt>
<trkpt lat="40.093185" lon="-1.254674"></trkpt>
<trkpt lat="40.093345" lon="-1.254827"></trkpt>
<trkpt lat="40.093451" lon="-1.254873"></trkpt>
<trkpt lat="40.093485" lon="-1.254887"></trkpt>
<trkpt lat="40.093669" lon="-1.254968"></trkpt>
<trkpt lat="40.093696" lon="-1.254978"></trkpt>
<trkpt lat="40.095125" lon="-1.255623"></trkpt>
<trkpt lat="40.095184" lon="-1.255648"></trkpt>
<trkpt lat="40.095444" lon="-1.255807"></trkpt>
<trkpt lat="40.095773" lon="-1.256074"></trkpt>
<trkpt lat="40.095850" lon="-1.256147"></trkpt>
<trkpt lat="40.095882" lon="-1.256177"></trkpt>
<trkpt lat="40.096065" lon="-1.256359"></trkpt>
<trkpt lat="40.096118" lon="-1.256277"></trkpt>
<trkpt lat="40.096204" lon="-1.256290"></trkpt>
<trkpt lat="40.096565" lon="-1.256362"></trkpt>
<trkpt lat="40.097791" lon="-1.256729"></trkpt>
<trkpt lat="40.098152" lon="-1.256773"></trkpt>
<trkpt lat="40.099106" lon="-1.256764"></trkpt>
<trkpt lat="40.099109" lon="-1.256816"></trkpt>
<trkpt lat="40.099129" lon="-1.257203"></trkpt>
<trkpt lat="40.099155" lon="-1.257720"></trkpt>
<trkpt lat="40.099656" lon="-1.257751"></trkpt>
<trkpt lat="40.100613" lon="-1.257871"></trkpt>
<trkpt lat="40.100702" lon="-1.257952"></trkpt>
<trkpt lat="40.100733" lon="-1.258014"></trkpt>
<trkpt lat="40.100808" lon="-1.258301"></trkpt>
<trkpt lat="40.101192" lon="-1.258160"></trkpt>
<trkpt lat="40.101587" lon="-1.258074"></trkpt>
<trkpt lat="40.101895" lon="-1.258048"></trkpt>
<trkpt lat="40.102807" lon="-1.257972"></trkpt>
<trkpt lat="40.102957" lon="-1.257889"></trkpt>
<trkpt lat="40.103065" lon="-1.257673"></trkpt>
<trkpt lat="40.103219" lon="-1.257235"></trkpt>
<trkpt lat="40.103279" lon="-1.257136"></trkpt>
<trkpt lat="40.103352" lon="-1.257087"></trkpt>
<trkpt lat="40.103788" lon="-1.257324"></trkpt>
<trkpt lat="40.104204" lon="-1.257457"></trkpt>
<trkpt lat="40.104608" lon="-1.257483"></trkpt>
<trkpt lat="40.105700" lon="-1.257361"></trkpt>
<trkpt lat="40.105852" lon="-1.257333"></trkpt>
<trkpt lat="40.107075" lon="-1.257134"></trkpt>
<trkpt lat="40.107762" lon="-1.257131"></trkpt>
<trkpt lat="40.108180" lon="-1.257139"></trkpt>
<trkpt lat="40.109907" lon="-1.256972"></trkpt>
<trkpt lat="40.111195" lon="-1.256431"></trkpt>
<trkpt lat="40.111956" lon="-1.256169"></trkpt>
<trkpt lat="40.112665" lon="-1.256002"></trkpt>
<trkpt lat="40.112881" lon="-1.256018"></trkpt>
<trkpt lat="40.113071" lon="-1.256090"></trkpt>
<trkpt lat="40.113683" lon="-1.256448"></trkpt>
<trkpt lat="40.113954" lon="-1.256657"></trkpt>
<trkpt lat="40.114603" lon="-1.257412"></trkpt>
<trkpt lat="40.114804" lon="-1.257751"></trkpt>
<trkpt lat="40.115267" lon="-1.258791"></trkpt>
<trkpt lat="40.115430" lon="-1.259089"></trkpt>
<trkpt lat="40.115713" lon="-1.259387"></trkpt>
<trkpt lat="40.117208" lon="-1.260769"></trkpt>
<trkpt lat="40.117408" lon="-1.260910"></trkpt>
<trkpt lat="40.118689" lon="-1.261383"></trkpt>
<trkpt lat="40.119041" lon="-1.261482"></trkpt>
<trkpt lat="40.119623" lon="-1.261521"></trkpt>
<trkpt lat="40.120650" lon="-1.261355"></trkpt>
<trkpt lat="40.121025" lon="-1.261183"></trkpt>
<trkpt lat="40.122042" lon="-1.260531"></trkpt>
<trkpt lat="40.122231" lon="-1.260324"></trkpt>
<trkpt lat="40.122669" lon="-1.259654"></trkpt>
<trkpt lat="40.122833" lon="-1.259454"></trkpt>
<trkpt lat="40.123891" lon="-1.258734"></trkpt>
<trkpt lat="40.124123" lon="-1.258470"></trkpt>
<trkpt lat="40.124489" lon="-1.257909"></trkpt>
<trkpt lat="40.124956" lon="-1.256846"></trkpt>
<trkpt lat="40.125149" lon="-1.256220"></trkpt>
<trkpt lat="40.125216" lon="-1.255879"></trkpt>
<trkpt lat="40.125240" lon="-1.255618"></trkpt>
<trkpt lat="40.125225" lon="-1.254857"></trkpt>
<trkpt lat="40.125316" lon="-1.253547"></trkpt>
<trkpt lat="40.125364" lon="-1.253141"></trkpt>
<trkpt lat="40.125876" lon="-1.250975"></trkpt>
<trkpt lat="40.126026" lon="-1.250646"></trkpt>
<trkpt lat="40.126350" lon="-1.250142"></trkpt>
<trkpt lat="40.126552" lon="-1.249837"></trkpt>
<trkpt lat="40.126671" lon="-1.249651"></trkpt>
<trkpt lat="40.127142" lon="-1.248913"></trkpt>
<trkpt lat="40.127346" lon="-1.248622"></trkpt>
<trkpt lat="40.127524" lon="-1.248468"></trkpt>
<trkpt lat="40.127707" lon="-1.248415"></trkpt>
<trkpt lat="40.128092" lon="-1.248419"></trkpt>
<trkpt lat="40.129678" lon="-1.248619"></trkpt>
<trkpt lat="40.130141" lon="-1.248752"></trkpt>
<trkpt lat="40.130814" lon="-1.249086"></trkpt>
<trkpt lat="40.131452" lon="-1.249426"></trkpt>
<trkpt lat="40.131766" lon="-1.249548"></trkpt>
<trkpt lat="40.132986" lon="-1.249902"></trkpt>
<trkpt lat="40.133927" lon="-1.250257"></trkpt>
<trkpt lat="40.135046" lon="-1.250538"></trkpt>
<trkpt lat="40.135250" lon="-1.250546"></trkpt>
<trkpt lat="40.135737" lon="-1.250505"></trkpt>
<trkpt lat="40.136338" lon="-1.250694"></trkpt>
<trkpt lat="40.136623" lon="-1.250717"></trkpt>
<trkpt lat="40.138414" lon="-1.250543"></trkpt>
<trkpt lat="40.138640" lon="-1.250447"></trkpt>
<trkpt lat="40.138908" lon="-1.250289"></trkpt>
<trkpt lat="40.139120" lon="-1.250114"></trkpt>
<trkpt lat="40.139270" lon="-1.249877"></trkpt>
<trkpt lat="40.139676" lon="-1.249039"></trkpt>
<trkpt lat="40.139836" lon="-1.248839"></trkpt>
<trkpt lat="40.140057" lon="-1.248697"></trkpt>
<trkpt lat="40.141019" lon="-1.248283"></trkpt>
<trkpt lat="40.141132" lon="-1.248203"></trkpt>
<trkpt lat="40.142848" lon="-1.246511"></trkpt>
<trkpt lat="40.143095" lon="-1.246309"></trkpt>
<trkpt lat="40.143332" lon="-1.246202"></trkpt>
<trkpt lat="40.143772" lon="-1.246118"></trkpt>
<trkpt lat="40.144010" lon="-1.246107"></trkpt>
<trkpt lat="40.144389" lon="-1.246143"></trkpt>
<trkpt lat="40.145204" lon="-1.246083"></trkpt>
<trkpt lat="40.145792" lon="-1.245907"></trkpt>
<trkpt lat="40.146698" lon="-1.245504"></trkpt>
<trkpt lat="40.146805" lon="-1.245449"></trkpt>
<trkpt lat="40.146986" lon="-1.245256"></trkpt>
<trkpt lat="40.147651" lon="-1.244208"></trkpt>
<trkpt lat="40.148125" lon="-1.243113"></trkpt>
<trkpt lat="40.148685" lon="-1.241572"></trkpt>
<trkpt lat="40.150067" lon="-1.238782"></trkpt>
<trkpt lat="40.150208" lon="-1.238385"></trkpt>
<trkpt lat="40.150377" lon="-1.237447"></trkpt>
<trkpt lat="40.150607" lon="-1.236664"></trkpt>
<trkpt lat="40.151229" lon="-1.235586"></trkpt>
<trkpt lat="40.151415" lon="-1.235085"></trkpt>
<trkpt lat="40.151587" lon="-1.234736"></trkpt>
<trkpt lat="40.152419" lon="-1.233828"></trkpt>
<trkpt lat="40.152792" lon="-1.233246"></trkpt>
<trkpt lat="40.153172" lon="-1.232725"></trkpt>
<trkpt lat="40.154405" lon="-1.231253"></trkpt>
<trkpt lat="40.154576" lon="-1.231118"></trkpt>
<trkpt lat="40.154876" lon="-1.230997"></trkpt>
<trkpt lat="40.155343" lon="-1.230872"></trkpt>
<trkpt lat="40.155671" lon="-1.230892"></trkpt>
<trkpt lat="40.157598" lon="-1.231539"></trkpt>
<trkpt lat="40.157951" lon="-1.231629"></trkpt>
<trkpt lat="40.158505" lon="-1.231756"></trkpt>
<trkpt lat="40.158834" lon="-1.231929"></trkpt>
<trkpt lat="40.158996" lon="-1.232043"></trkpt>
<trkpt lat="40.159519" lon="-1.232507"></trkpt>
<trkpt lat="40.159989" lon="-1.233101"></trkpt>
<trkpt lat="40.160138" lon="-1.233258"></trkpt>
<trkpt lat="40.160730" lon="-1.233728"></trkpt>
<trkpt lat="40.161121" lon="-1.234017"></trkpt>
<trkpt lat="40.161208" lon="-1.234052"></trkpt>
<trkpt lat="40.161374" lon="-1.234074"></trkpt>
<trkpt lat="40.161591" lon="-1.233995"></trkpt>
<trkpt lat="40.161943" lon="-1.233808"></trkpt>
<trkpt lat="40.162256" lon="-1.233648"></trkpt>
<trkpt lat="40.162325" lon="-1.233612"></trkpt>
<trkpt lat="40.162934" lon="-1.233212"></trkpt>
<trkpt lat="40.163053" lon="-1.233049"></trkpt>
<trkpt lat="40.163069" lon="-1.232883"></trkpt>
<trkpt lat="40.163029" lon="-1.232781"></trkpt>
<trkpt lat="40.162743" lon="-1.232362"></trkpt>
<trkpt lat="40.162590" lon="-1.232097"></trkpt>
<trkpt lat="40.162473" lon="-1.231652"></trkpt>
<trkpt lat="40.162278" lon="-1.230651"></trkpt>
<trkpt lat="40.162281" lon="-1.230211"></trkpt>
<trkpt lat="40.162389" lon="-1.229848"></trkpt>
<trkpt lat="40.162894" lon="-1.228734"></trkpt>
<trkpt lat="40.162993" lon="-1.228442"></trkpt>
<trkpt lat="40.163352" lon="-1.226672"></trkpt>
<trkpt lat="40.163463" lon="-1.226231"></trkpt>
<trkpt lat="40.163594" lon="-1.225862"></trkpt>
<trkpt lat="40.163801" lon="-1.225411"></trkpt>
<trkpt lat="40.163976" lon="-1.225170"></trkpt>
<trkpt lat="40.164173" lon="-1.224999"></trkpt>
<trkpt lat="40.164376" lon="-1.224893"></trkpt>
<trkpt lat="40.165279" lon="-1.224628"></trkpt>
<trkpt lat="40.165494" lon="-1.224633"></trkpt>
<trkpt lat="40.165749" lon="-1.224716"></trkpt>
<trkpt lat="40.166093" lon="-1.224912"></trkpt>
<trkpt lat="40.166555" lon="-1.225274"></trkpt>
<trkpt lat="40.166826" lon="-1.225550"></trkpt>
<trkpt lat="40.167148" lon="-1.226002"></trkpt>
<trkpt lat="40.167446" lon="-1.226627"></trkpt>
<trkpt lat="40.167925" lon="-1.227343"></trkpt>
<trkpt lat="40.168086" lon="-1.227509"></trkpt>
<trkpt lat="40.168332" lon="-1.227667"></trkpt>
<trkpt lat="40.168679" lon="-1.227779"></trkpt>
<trkpt lat="40.169026" lon="-1.227847"></trkpt>
<trkpt lat="40.170425" lon="-1.228299"></trkpt>
<trkpt lat="40.170607" lon="-1.228290"></trkpt>
<trkpt lat="40.170726" lon="-1.228204"></trkpt>
<trkpt lat="40.170871" lon="-1.228029"></trkpt>
<trkpt lat="40.172562" lon="-1.224160"></trkpt>
<trkpt lat="40.172663" lon="-1.223826"></trkpt>
<trkpt lat="40.172726" lon="-1.223306"></trkpt>
<trkpt lat="40.172681" lon="-1.222883"></trkpt>
<trkpt lat="40.172589" lon="-1.222593"></trkpt>
<trkpt lat="40.172412" lon="-1.222335"></trkpt>
<trkpt lat="40.172082" lon="-1.222016"></trkpt>
<trkpt lat="40.171863" lon="-1.221888"></trkpt>
<trkpt lat="40.171640" lon="-1.221836"></trkpt>
<trkpt lat="40.171070" lon="-1.221796"></trkpt>
<trkpt lat="40.170980" lon="-1.221754"></trkpt>
<trkpt lat="40.170887" lon="-1.221660"></trkpt>
<trkpt lat="40.170793" lon="-1.221459"></trkpt>
<trkpt lat="40.170709" lon="-1.221174"></trkpt>
<trkpt lat="40.170656" lon="-1.220850"></trkpt>
<trkpt lat="40.170661" lon="-1.220630"></trkpt>
<trkpt lat="40.170702" lon="-1.220360"></trkpt>
<trkpt lat="40.170789" lon="-1.220069"></trkpt>
<trkpt lat="40.170980" lon="-1.219694"></trkpt>
<trkpt lat="40.172133" lon="-1.217929"></trkpt>
<trkpt lat="40.172266" lon="-1.217760"></trkpt>
<trkpt lat="40.173260" lon="-1.217077"></trkpt>
<trkpt lat="40.173400" lon="-1.216914"></trkpt>
<trkpt lat="40.173749" lon="-1.216187"></trkpt>
<trkpt lat="40.174883" lon="-1.214606"></trkpt>
<trkpt lat="40.175221" lon="-1.214250"></trkpt>
<trkpt lat="40.175652" lon="-1.213867"></trkpt>
<trkpt lat="40.175969" lon="-1.213672"></trkpt>
<trkpt lat="40.176185" lon="-1.213620"></trkpt>
<trkpt lat="40.176537" lon="-1.213609"></trkpt>
<trkpt lat="40.177211" lon="-1.213697"></trkpt>
<trkpt lat="40.178703" lon="-1.214271"></trkpt>
<trkpt lat="40.178992" lon="-1.214325"></trkpt>
<trkpt lat="40.181080" lon="-1.214245"></trkpt>
<trkpt lat="40.182466" lon="-1.213795"></trkpt>
<trkpt lat="40.182699" lon="-1.213648"></trkpt>
<trkpt lat="40.182877" lon="-1.213463"></trkpt>
<trkpt lat="40.183062" lon="-1.213184"></trkpt>
<trkpt lat="40.183258" lon="-1.212793"></trkpt>
<trkpt lat="40.183537" lon="-1.211984"></trkpt>
<trkpt lat="40.183714" lon="-1.211751"></trkpt>
<trkpt lat="40.184372" lon="-1.211258"></trkpt>
<trkpt lat="40.184679" lon="-1.211068"></trkpt>
<trkpt lat="40.184981" lon="-1.210958"></trkpt>
<trkpt lat="40.185190" lon="-1.210955"></trkpt>
<trkpt lat="40.186407" lon="-1.211111"></trkpt>
<trkpt lat="40.186651" lon="-1.211208"></trkpt>
<trkpt lat="40.186837" lon="-1.211369"></trkpt>
<trkpt lat="40.186912" lon="-1.211486"></trkpt>
<trkpt lat="40.186955" lon="-1.211665"></trkpt>
<trkpt lat="40.186838" lon="-1.213002"></trkpt>
<trkpt lat="40.186847" lon="-1.213272"></trkpt>
<trkpt lat="40.186928" lon="-1.213540"></trkpt>
<trkpt lat="40.187064" lon="-1.213750"></trkpt>
<trkpt lat="40.187202" lon="-1.213883"></trkpt>
<trkpt lat="40.187472" lon="-1.214065"></trkpt>
<trkpt lat="40.187734" lon="-1.214196"></trkpt>
<trkpt lat="40.188181" lon="-1.214330"></trkpt>
<trkpt lat="40.188403" lon="-1.214350"></trkpt>
<trkpt lat="40.191176" lon="-1.214268"></trkpt>
<trkpt lat="40.194358" lon="-1.213738"></trkpt>
<trkpt lat="40.194578" lon="-1.213650"></trkpt>
<trkpt lat="40.196290" lon="-1.212611"></trkpt>
<trkpt lat="40.197055" lon="-1.212147"></trkpt>
<trkpt lat="40.198497" lon="-1.210819"></trkpt>
<trkpt lat="40.199008" lon="-1.210404"></trkpt>
<trkpt lat="40.199336" lon="-1.210216"></trkpt>
<trkpt lat="40.199596" lon="-1.210121"></trkpt>
<trkpt lat="40.199940" lon="-1.210080"></trkpt>
<trkpt lat="40.200482" lon="-1.210125"></trkpt>
<trkpt lat="40.203168" lon="-1.210605"></trkpt>
<trkpt lat="40.203444" lon="-1.210589"></trkpt>
<trkpt lat="40.205330" lon="-1.209958"></trkpt>
<trkpt lat="40.205755" lon="-1.209707"></trkpt>
<trkpt lat="40.206411" lon="-1.209261"></trkpt>
<trkpt lat="40.207161" lon="-1.208680"></trkpt>
<trkpt lat="40.207374" lon="-1.208445"></trkpt>
<trkpt lat="40.209023" lon="-1.206315"></trkpt>
<trkpt lat="40.209455" lon="-1.205899"></trkpt>
<trkpt lat="40.209901" lon="-1.205519"></trkpt>
<trkpt lat="40.210844" lon="-1.204865"></trkpt>
<trkpt lat="40.210988" lon="-1.204658"></trkpt>
<trkpt lat="40.211464" lon="-1.203635"></trkpt>
<trkpt lat="40.211676" lon="-1.203361"></trkpt>
<trkpt lat="40.211909" lon="-1.203172"></trkpt>
<trkpt lat="40.212207" lon="-1.203054"></trkpt>
<trkpt lat="40.213025" lon="-1.202829"></trkpt>
<trkpt lat="40.213323" lon="-1.202898"></trkpt>
<trkpt lat="40.213664" lon="-1.203110"></trkpt>
<trkpt lat="40.213998" lon="-1.203448"></trkpt>
<trkpt lat="40.214144" lon="-1.203709"></trkpt>
<trkpt lat="40.214278" lon="-1.203850"></trkpt>
<trkpt lat="40.214509" lon="-1.203867"></trkpt>
<trkpt lat="40.215528" lon="-1.203727"></trkpt>
<trkpt lat="40.215700" lon="-1.203626"></trkpt>
<trkpt lat="40.216725" lon="-1.202228"></trkpt>
<trkpt lat="40.217023" lon="-1.201660"></trkpt>
<trkpt lat="40.217133" lon="-1.201267"></trkpt>
<trkpt lat="40.217483" lon="-1.199106"></trkpt>
<trkpt lat="40.217603" lon="-1.198883"></trkpt>
<trkpt lat="40.217780" lon="-1.198685"></trkpt>
<trkpt lat="40.218215" lon="-1.198330"></trkpt>
<trkpt lat="40.218614" lon="-1.197898"></trkpt>
<trkpt lat="40.218979" lon="-1.197450"></trkpt>
<trkpt lat="40.219406" lon="-1.196540"></trkpt>
<trkpt lat="40.219921" lon="-1.195742"></trkpt>
<trkpt lat="40.220441" lon="-1.194615"></trkpt>
<trkpt lat="40.220806" lon="-1.193785"></trkpt>
<trkpt lat="40.221573" lon="-1.192729"></trkpt>
<trkpt lat="40.221869" lon="-1.192523"></trkpt>
<trkpt lat="40.223223" lon="-1.191733"></trkpt>
<trkpt lat="40.223660" lon="-1.191408"></trkpt>
<trkpt lat="40.224716" lon="-1.190749"></trkpt>
<trkpt lat="40.224867" lon="-1.190603"></trkpt>
<trkpt lat="40.225019" lon="-1.190377"></trkpt>
<trkpt lat="40.225199" lon="-1.190279"></trkpt>
<trkpt lat="40.226514" lon="-1.190267"></trkpt>
<trkpt lat="40.227304" lon="-1.190732"></trkpt>
<trkpt lat="40.227486" lon="-1.190764"></trkpt>
<trkpt lat="40.227703" lon="-1.190733"></trkpt>
<trkpt lat="40.227928" lon="-1.190597"></trkpt>
<trkpt lat="40.228290" lon="-1.190317"></trkpt>
<trkpt lat="40.230115" lon="-1.188131"></trkpt>
<trkpt lat="40.230564" lon="-1.187626"></trkpt>
<trkpt lat="40.230845" lon="-1.187131"></trkpt>
<trkpt lat="40.230969" lon="-1.186760"></trkpt>
<trkpt lat="40.231063" lon="-1.186312"></trkpt>
<trkpt lat="40.231117" lon="-1.186080"></trkpt>
<trkpt lat="40.231377" lon="-1.185995"></trkpt>
<trkpt lat="40.231553" lon="-1.185973"></trkpt>
<trkpt lat="40.231614" lon="-1.185812"></trkpt>
<trkpt lat="40.231574" lon="-1.185609"></trkpt>
<trkpt lat="40.231882" lon="-1.185469"></trkpt>
<trkpt lat="40.232269" lon="-1.185382"></trkpt>
<trkpt lat="40.232506" lon="-1.185426"></trkpt>
<trkpt lat="40.232876" lon="-1.185604"></trkpt>
<trkpt lat="40.232962" lon="-1.185615"></trkpt>
<trkpt lat="40.233202" lon="-1.185648"></trkpt>
<trkpt lat="40.233485" lon="-1.185868"></trkpt>
<trkpt lat="40.233573" lon="-1.185929"></trkpt>
<trkpt lat="40.233997" lon="-1.186269"></trkpt>
<trkpt lat="40.234176" lon="-1.186370"></trkpt>
<trkpt lat="40.234316" lon="-1.186407"></trkpt>
<trkpt lat="40.234685" lon="-1.186439"></trkpt>
<trkpt lat="40.234795" lon="-1.186476"></trkpt>
<trkpt lat="40.234866" lon="-1.186552"></trkpt>
<trkpt lat="40.234964" lon="-1.186735"></trkpt>
<trkpt lat="40.235222" lon="-1.187322"></trkpt>
<trkpt lat="40.235458" lon="-1.187937"></trkpt>
<trkpt lat="40.235570" lon="-1.188050"></trkpt>
<trkpt lat="40.235713" lon="-1.188073"></trkpt>
<trkpt lat="40.235793" lon="-1.188056"></trkpt>
<trkpt lat="40.236130" lon="-1.187974"></trkpt>
<trkpt lat="40.236218" lon="-1.187950"></trkpt>
<trkpt lat="40.236711" lon="-1.187774"></trkpt>
<trkpt lat="40.238068" lon="-1.187366"></trkpt>
<trkpt lat="40.238297" lon="-1.187226"></trkpt>
<trkpt lat="40.238447" lon="-1.187071"></trkpt>
<trkpt lat="40.238611" lon="-1.186813"></trkpt>
<trkpt lat="40.240042" lon="-1.183933"></trkpt>
<trkpt lat="40.240136" lon="-1.183687"></trkpt>
<trkpt lat="40.240202" lon="-1.183419"></trkpt>
<trkpt lat="40.240313" lon="-1.182626"></trkpt>
<trkpt lat="40.240427" lon="-1.181392"></trkpt>
<trkpt lat="40.240445" lon="-1.180893"></trkpt>
<trkpt lat="40.240352" lon="-1.180255"></trkpt>
<trkpt lat="40.240187" lon="-1.179661"></trkpt>
<trkpt lat="40.240012" lon="-1.179195"></trkpt>
<trkpt lat="40.239893" lon="-1.178766"></trkpt>
<trkpt lat="40.239859" lon="-1.178554"></trkpt>
<trkpt lat="40.239859" lon="-1.178035"></trkpt>
<trkpt lat="40.239892" lon="-1.177777"></trkpt>
<trkpt lat="40.240009" lon="-1.177301"></trkpt>
<trkpt lat="40.240519" lon="-1.176207"></trkpt>
<trkpt lat="40.240596" lon="-1.175960"></trkpt>
<trkpt lat="40.240708" lon="-1.175470"></trkpt>
<trkpt lat="40.240825" lon="-1.174607"></trkpt>
<trkpt lat="40.240939" lon="-1.174138"></trkpt>
<trkpt lat="40.241040" lon="-1.173915"></trkpt>
<trkpt lat="40.241262" lon="-1.173536"></trkpt>
<trkpt lat="40.241580" lon="-1.173193"></trkpt>
<trkpt lat="40.242000" lon="-1.172925"></trkpt>
<trkpt lat="40.242410" lon="-1.172827"></trkpt>
<trkpt lat="40.243105" lon="-1.172779"></trkpt>
<trkpt lat="40.243415" lon="-1.172646"></trkpt>
<trkpt lat="40.244197" lon="-1.172243"></trkpt>
<trkpt lat="40.245551" lon="-1.172066"></trkpt>
<trkpt lat="40.245945" lon="-1.172143"></trkpt>
<trkpt lat="40.246192" lon="-1.172156"></trkpt>
<trkpt lat="40.246961" lon="-1.172050"></trkpt>
<trkpt lat="40.247229" lon="-1.171907"></trkpt>
<trkpt lat="40.247514" lon="-1.171689"></trkpt>
<trkpt lat="40.248312" lon="-1.170846"></trkpt>
<trkpt lat="40.248543" lon="-1.170713"></trkpt>
<trkpt lat="40.248851" lon="-1.170617"></trkpt>
<trkpt lat="40.249327" lon="-1.170355"></trkpt>
<trkpt lat="40.249883" lon="-1.169939"></trkpt>
<trkpt lat="40.250414" lon="-1.169618"></trkpt>
<trkpt lat="40.250783" lon="-1.169220"></trkpt>
<trkpt lat="40.251603" lon="-1.167559"></trkpt>
<trkpt lat="40.251986" lon="-1.167133"></trkpt>
<trkpt lat="40.252379" lon="-1.166844"></trkpt>
<trkpt lat="40.252963" lon="-1.166183"></trkpt>
<trkpt lat="40.253140" lon="-1.166094"></trkpt>
<trkpt lat="40.253236" lon="-1.166087"></trkpt>
<trkpt lat="40.254468" lon="-1.166000"></trkpt>
<trkpt lat="40.256825" lon="-1.165926"></trkpt>
<trkpt lat="40.258066" lon="-1.165349"></trkpt>
<trkpt lat="40.259345" lon="-1.164879"></trkpt>
<trkpt lat="40.261273" lon="-1.164122"></trkpt>
<trkpt lat="40.263189" lon="-1.163739"></trkpt>
<trkpt lat="40.266285" lon="-1.162459"></trkpt>
<trkpt lat="40.268352" lon="-1.161478"></trkpt>
<trkpt lat="40.268758" lon="-1.161244"></trkpt>
<trkpt lat="40.269280" lon="-1.160802"></trkpt>
<trkpt lat="40.270388" lon="-1.159822"></trkpt>
<trkpt lat="40.270712" lon="-1.159580"></trkpt>
<trkpt lat="40.271487" lon="-1.159191"></trkpt>
<trkpt lat="40.272524" lon="-1.158363"></trkpt>
<trkpt lat="40.273683" lon="-1.157736"></trkpt>
<trkpt lat="40.275036" lon="-1.157049"></trkpt>
<trkpt lat="40.276071" lon="-1.156668"></trkpt>
<trkpt lat="40.276149" lon="-1.156621"></trkpt>
<trkpt lat="40.276344" lon="-1.156461"></trkpt>
<trkpt lat="40.276806" lon="-1.155825"></trkpt>
<trkpt lat="40.277009" lon="-1.155491"></trkpt>
<trkpt lat="40.277396" lon="-1.155131"></trkpt>
<trkpt lat="40.277605" lon="-1.154805"></trkpt>
<trkpt lat="40.277694" lon="-1.154527"></trkpt>
<trkpt lat="40.277740" lon="-1.154384"></trkpt>
<trkpt lat="40.277851" lon="-1.154219"></trkpt>
<trkpt lat="40.277934" lon="-1.154096"></trkpt>
<trkpt lat="40.278178" lon="-1.153845"></trkpt>
<trkpt lat="40.278275" lon="-1.153745"></trkpt>
<trkpt lat="40.278956" lon="-1.152606"></trkpt>
<trkpt lat="40.279099" lon="-1.152448"></trkpt>
<trkpt lat="40.279801" lon="-1.151670"></trkpt>
<trkpt lat="40.280289" lon="-1.151129"></trkpt>
<trkpt lat="40.281120" lon="-1.150210"></trkpt>
<trkpt lat="40.282517" lon="-1.148736"></trkpt>
<trkpt lat="40.283085" lon="-1.148137"></trkpt>
<trkpt lat="40.284979" lon="-1.146581"></trkpt>
<trkpt lat="40.285193" lon="-1.146471"></trkpt>
<trkpt lat="40.285471" lon="-1.146397"></trkpt>
<trkpt lat="40.285969" lon="-1.146354"></trkpt>
<trkpt lat="40.286251" lon="-1.146312"></trkpt>
<trkpt lat="40.286443" lon="-1.146252"></trkpt>
<trkpt lat="40.286578" lon="-1.146166"></trkpt>
<trkpt lat="40.286753" lon="-1.146030"></trkpt>
<trkpt lat="40.286900" lon="-1.145869"></trkpt>
<trkpt lat="40.286934" lon="-1.145829"></trkpt>
<trkpt lat="40.287304" lon="-1.145402"></trkpt>
<trkpt lat="40.287717" lon="-1.144925"></trkpt>
<trkpt lat="40.288825" lon="-1.143645"></trkpt>
<trkpt lat="40.289062" lon="-1.143371"></trkpt>
<trkpt lat="40.289907" lon="-1.142402"></trkpt>
<trkpt lat="40.290168" lon="-1.142180"></trkpt>
<trkpt lat="40.290974" lon="-1.141812"></trkpt>
<trkpt lat="40.291298" lon="-1.141714"></trkpt>
<trkpt lat="40.291939" lon="-1.141738"></trkpt>
<trkpt lat="40.292227" lon="-1.141619"></trkpt>
<trkpt lat="40.295693" lon="-1.139483"></trkpt>
<trkpt lat="40.295883" lon="-1.139384"></trkpt>
<trkpt lat="40.296291" lon="-1.139135"></trkpt>
<trkpt lat="40.298293" lon="-1.138116"></trkpt>
<trkpt lat="40.298368" lon="-1.138052"></trkpt>
<trkpt lat="40.298437" lon="-1.137915"></trkpt>
<trkpt lat="40.298436" lon="-1.137703"></trkpt>
<trkpt lat="40.298395" lon="-1.137614"></trkpt>
<trkpt lat="40.298387" lon="-1.137534"></trkpt>
<trkpt lat="40.298415" lon="-1.137414"></trkpt>
<trkpt lat="40.298470" lon="-1.137345"></trkpt>
<trkpt lat="40.298540" lon="-1.137313"></trkpt>
<trkpt lat="40.298614" lon="-1.137322"></trkpt>
<trkpt lat="40.298856" lon="-1.137220"></trkpt>
<trkpt lat="40.299582" lon="-1.136449"></trkpt>
<trkpt lat="40.299816" lon="-1.136335"></trkpt>
<trkpt lat="40.300152" lon="-1.136250"></trkpt>
<trkpt lat="40.301045" lon="-1.136202"></trkpt>
<trkpt lat="40.302592" lon="-1.135550"></trkpt>
<trkpt lat="40.302894" lon="-1.135474"></trkpt>
<trkpt lat="40.303373" lon="-1.135463"></trkpt>
<trkpt lat="40.303637" lon="-1.135521"></trkpt>
<trkpt lat="40.303980" lon="-1.135673"></trkpt>
<trkpt lat="40.304167" lon="-1.135798"></trkpt>
<trkpt lat="40.304285" lon="-1.135918"></trkpt>
<trkpt lat="40.304362" lon="-1.136021"></trkpt>
<trkpt lat="40.304597" lon="-1.136490"></trkpt>
<trkpt lat="40.304793" lon="-1.137018"></trkpt>
<trkpt lat="40.304946" lon="-1.137346"></trkpt>
<trkpt lat="40.305038" lon="-1.137492"></trkpt>
<trkpt lat="40.305109" lon="-1.137552"></trkpt>
<trkpt lat="40.305450" lon="-1.137717"></trkpt>
<trkpt lat="40.305590" lon="-1.137717"></trkpt>
<trkpt lat="40.305755" lon="-1.137647"></trkpt>
<trkpt lat="40.306286" lon="-1.137295"></trkpt>
<trkpt lat="40.306400" lon="-1.137219"></trkpt>
<trkpt lat="40.306692" lon="-1.137100"></trkpt>
<trkpt lat="40.307386" lon="-1.137130"></trkpt>
<trkpt lat="40.307773" lon="-1.137098"></trkpt>
<trkpt lat="40.308006" lon="-1.137018"></trkpt>
<trkpt lat="40.308236" lon="-1.136860"></trkpt>
<trkpt lat="40.308557" lon="-1.136551"></trkpt>
<trkpt lat="40.309283" lon="-1.135997"></trkpt>
<trkpt lat="40.309656" lon="-1.135655"></trkpt>
<trkpt lat="40.310463" lon="-1.134842"></trkpt>
<trkpt lat="40.310684" lon="-1.134667"></trkpt>
<trkpt lat="40.310774" lon="-1.134486"></trkpt>
<trkpt lat="40.310853" lon="-1.133928"></trkpt>
<trkpt lat="40.310965" lon="-1.133733"></trkpt>
<trkpt lat="40.311056" lon="-1.133655"></trkpt>
<trkpt lat="40.311652" lon="-1.133254"></trkpt>
<trkpt lat="40.312430" lon="-1.132857"></trkpt>
<trkpt lat="40.312838" lon="-1.132719"></trkpt>
<trkpt lat="40.313922" lon="-1.132497"></trkpt>
<trkpt lat="40.314242" lon="-1.132345"></trkpt>
<trkpt lat="40.315332" lon="-1.131405"></trkpt>
<trkpt lat="40.318314" lon="-1.128840"></trkpt>
<trkpt lat="40.318365" lon="-1.128796"></trkpt>
<trkpt lat="40.318572" lon="-1.128613"></trkpt>
<trkpt lat="40.318934" lon="-1.128271"></trkpt>
<trkpt lat="40.319727" lon="-1.127418"></trkpt>
<trkpt lat="40.320914" lon="-1.126034"></trkpt>
<trkpt lat="40.321201" lon="-1.125635"></trkpt>
<trkpt lat="40.322472" lon="-1.123582"></trkpt>
<trkpt lat="40.322668" lon="-1.123340"></trkpt>
<trkpt lat="40.323234" lon="-1.122825"></trkpt>
<trkpt lat="40.324340" lon="-1.121526"></trkpt>
<trkpt lat="40.324984" lon="-1.120315"></trkpt>
<trkpt lat="40.325195" lon="-1.120022"></trkpt>
<trkpt lat="40.325327" lon="-1.119882"></trkpt>
<trkpt lat="40.325492" lon="-1.119735"></trkpt>
<trkpt lat="40.325673" lon="-1.119621"></trkpt>
<trkpt lat="40.325891" lon="-1.119510"></trkpt>
<trkpt lat="40.326057" lon="-1.119460"></trkpt>
<trkpt lat="40.326273" lon="-1.119415"></trkpt>
<trkpt lat="40.326507" lon="-1.119411"></trkpt>
<trkpt lat="40.326743" lon="-1.119440"></trkpt>
<trkpt lat="40.327641" lon="-1.119809"></trkpt>
<trkpt lat="40.327932" lon="-1.119875"></trkpt>
<trkpt lat="40.328361" lon="-1.119867"></trkpt>
<trkpt lat="40.328599" lon="-1.119795"></trkpt>
<trkpt lat="40.328974" lon="-1.119576"></trkpt>
<trkpt lat="40.329169" lon="-1.119394"></trkpt>
<trkpt lat="40.329332" lon="-1.119194"></trkpt>
<trkpt lat="40.329469" lon="-1.118973"></trkpt>
<trkpt lat="40.329733" lon="-1.118345"></trkpt>
<trkpt lat="40.329699" lon="-1.118095"></trkpt>
<trkpt lat="40.329668" lon="-1.118042"></trkpt>
<trkpt lat="40.329629" lon="-1.117874"></trkpt>
<trkpt lat="40.329650" lon="-1.117719"></trkpt>
<trkpt lat="40.329750" lon="-1.117567"></trkpt>
<trkpt lat="40.329846" lon="-1.117519"></trkpt>
<trkpt lat="40.329948" lon="-1.117522"></trkpt>
<trkpt lat="40.330081" lon="-1.117622"></trkpt>
<trkpt lat="40.330284" lon="-1.117705"></trkpt>
<trkpt lat="40.330463" lon="-1.117822"></trkpt>
<trkpt lat="40.330838" lon="-1.117857"></trkpt>
<trkpt lat="40.331275" lon="-1.117905"></trkpt>
<trkpt lat="40.331680" lon="-1.117894"></trkpt>
<trkpt lat="40.332100" lon="-1.117827"></trkpt>
<trkpt lat="40.332348" lon="-1.117755"></trkpt>
<trkpt lat="40.332655" lon="-1.117643"></trkpt>
<trkpt lat="40.332926" lon="-1.117507"></trkpt>
<trkpt lat="40.333334" lon="-1.117258"></trkpt>
<trkpt lat="40.333912" lon="-1.116751"></trkpt>
<trkpt lat="40.334217" lon="-1.116402"></trkpt>
<trkpt lat="40.334661" lon="-1.115770"></trkpt>
<trkpt lat="40.335784" lon="-1.113901"></trkpt>
<trkpt lat="40.335957" lon="-1.113642"></trkpt>
<trkpt lat="40.336511" lon="-1.112983"></trkpt>
<trkpt lat="40.337022" lon="-1.112560"></trkpt>
<trkpt lat="40.337517" lon="-1.112247"></trkpt>
<trkpt lat="40.337831" lon="-1.112099"></trkpt>
<trkpt lat="40.338184" lon="-1.111990"></trkpt>
<trkpt lat="40.338506" lon="-1.111937"></trkpt>
<trkpt lat="40.339080" lon="-1.111951"></trkpt>
<trkpt lat="40.339089" lon="-1.111951"></trkpt>
<trkpt lat="40.339624" lon="-1.112093"></trkpt>
<trkpt lat="40.339974" lon="-1.112255"></trkpt>
<trkpt lat="40.340331" lon="-1.112481"></trkpt>
<trkpt lat="40.340871" lon="-1.112983"></trkpt>
<trkpt lat="40.341111" lon="-1.113237"></trkpt>
<trkpt lat="40.341239" lon="-1.113378"></trkpt>
<trkpt lat="40.341946" lon="-1.114089"></trkpt>
<trkpt lat="40.342472" lon="-1.114463"></trkpt>
<trkpt lat="40.343231" lon="-1.114909"></trkpt>
<trkpt lat="40.343434" lon="-1.115041"></trkpt>
<trkpt lat="40.343494" lon="-1.115081"></trkpt>
<trkpt lat="40.344013" lon="-1.115517"></trkpt>
<trkpt lat="40.344430" lon="-1.115965"></trkpt>
<trkpt lat="40.344634" lon="-1.116260"></trkpt>
<trkpt lat="40.345011" lon="-1.116924"></trkpt>
<trkpt lat="40.345226" lon="-1.117434"></trkpt>
<trkpt lat="40.345383" lon="-1.117914"></trkpt>
<trkpt lat="40.345520" lon="-1.118497"></trkpt>
<trkpt lat="40.345799" lon="-1.120302"></trkpt>
<trkpt lat="40.346038" lon="-1.121379"></trkpt>
<trkpt lat="40.346184" lon="-1.121856"></trkpt>
<trkpt lat="40.346356" lon="-1.122313"></trkpt>
<trkpt lat="40.346634" lon="-1.122918"></trkpt>
<trkpt lat="40.346687" lon="-1.122880"></trkpt>
<trkpt lat="40.346726" lon="-1.122891"></trkpt>
<trkpt lat="40.346869" lon="-1.123049"></trkpt>
<trkpt lat="40.346941" lon="-1.123054"></trkpt>
<trkpt lat="40.347329" lon="-1.123081"></trkpt>
<trkpt lat="40.347468" lon="-1.123052"></trkpt>
<trkpt lat="40.348222" lon="-1.122614"></trkpt>
<trkpt lat="40.348570" lon="-1.122596"></trkpt>
<trkpt lat="40.349026" lon="-1.122674"></trkpt>
<trkpt lat="40.349153" lon="-1.122660"></trkpt>
<trkpt lat="40.349232" lon="-1.122617"></trkpt>
<trkpt lat="40.349257" lon="-1.122564"></trkpt>
<trkpt lat="40.349222" lon="-1.122306"></trkpt>
<trkpt lat="40.349253" lon="-1.122178"></trkpt>
<trkpt lat="40.349297" lon="-1.122305"></trkpt>
<trkpt lat="40.349358" lon="-1.122495"></trkpt>
<trkpt lat="40.349458" lon="-1.122808"></trkpt>
<trkpt lat="40.349516" lon="-1.122991"></trkpt>
<trkpt lat="40.349704" lon="-1.123574"></trkpt>
<trkpt lat="40.350107" lon="-1.124812"></trkpt>
<trkpt lat="40.350293" lon="-1.125101"></trkpt>
<trkpt lat="40.350731" lon="-1.125967"></trkpt>
<trkpt lat="40.351762" lon="-1.127551"></trkpt>
<trkpt lat="40.351767" lon="-1.127678"></trkpt>
<trkpt lat="40.351964" lon="-1.127915"></trkpt>
<trkpt lat="40.352390" lon="-1.128500"></trkpt>
<trkpt lat="40.353627" lon="-1.130467"></trkpt>
<trkpt lat="40.353860" lon="-1.130879"></trkpt>
<trkpt lat="40.355104" lon="-1.132742"></trkpt>
<trkpt lat="40.355356" lon="-1.133137"></trkpt>
<trkpt lat="40.356037" lon="-1.134183"></trkpt>
<trkpt lat="40.356198" lon="-1.134317"></trkpt>
<trkpt lat="40.356276" lon="-1.134328"></trkpt>
<trkpt lat="40.356368" lon="-1.134439"></trkpt>
<trkpt lat="40.356375" lon="-1.134603"></trkpt>
<trkpt lat="40.356524" lon="-1.134980"></trkpt>
<trkpt lat="40.357032" lon="-1.135734"></trkpt>
<trkpt lat="40.358164" lon="-1.137469"></trkpt>
<trkpt lat="40.358610" lon="-1.138145"></trkpt>
<trkpt lat="40.358871" lon="-1.138541"></trkpt>
<trkpt lat="40.359045" lon="-1.138804"></trkpt>
<trkpt lat="40.359395" lon="-1.139336"></trkpt>
<trkpt lat="40.359595" lon="-1.139705"></trkpt>
<trkpt lat="40.359898" lon="-1.140171"></trkpt>
<trkpt lat="40.359910" lon="-1.140254"></trkpt>
<trkpt lat="40.360017" lon="-1.140362"></trkpt>
<trkpt lat="40.360050" lon="-1.140396"></trkpt>
<trkpt lat="40.360289" lon="-1.140754"></trkpt>
<trkpt lat="40.360423" lon="-1.140905"></trkpt>
<trkpt lat="40.362911" lon="-1.144673"></trkpt>
<trkpt lat="40.363295" lon="-1.145255"></trkpt>
<trkpt lat="40.364258" lon="-1.146715"></trkpt>
<trkpt lat="40.364730" lon="-1.147433"></trkpt>
<trkpt lat="40.365398" lon="-1.148471"></trkpt>
<trkpt lat="40.367667" lon="-1.151921"></trkpt>
<trkpt lat="40.368424" lon="-1.153073"></trkpt>
<trkpt lat="40.373531" lon="-1.160438"></trkpt>
<trkpt lat="40.374667" lon="-1.162077"></trkpt>
<trkpt lat="40.374885" lon="-1.162182"></trkpt>
<trkpt lat="40.375067" lon="-1.162123"></trkpt>
<trkpt lat="40.375192" lon="-1.162146"></trkpt>
<trkpt lat="40.375306" lon="-1.162216"></trkpt>
<trkpt lat="40.375441" lon="-1.162418"></trkpt>
<trkpt lat="40.375481" lon="-1.162574"></trkpt>
<trkpt lat="40.375483" lon="-1.162738"></trkpt>
<trkpt lat="40.375417" lon="-1.162967"></trkpt>
<trkpt lat="40.375444" lon="-1.163144"></trkpt>
<trkpt lat="40.375500" lon="-1.163279"></trkpt>
<trkpt lat="40.381119" lon="-1.171396"></trkpt>
<trkpt lat="40.385395" lon="-1.177572"></trkpt>
<trkpt lat="40.386224" lon="-1.178773"></trkpt>
<trkpt lat="40.387215" lon="-1.180220"></trkpt>
<trkpt lat="40.387394" lon="-1.180559"></trkpt>
<trkpt lat="40.387542" lon="-1.180985"></trkpt>
<trkpt lat="40.387638" lon="-1.181220"></trkpt>
<trkpt lat="40.387994" lon="-1.181696"></trkpt>
<trkpt lat="40.388238" lon="-1.181887"></trkpt>
<trkpt lat="40.388327" lon="-1.181894"></trkpt>
<trkpt lat="40.388431" lon="-1.181992"></trkpt>
<trkpt lat="40.388457" lon="-1.182070"></trkpt>
<trkpt lat="40.388447" lon="-1.182232"></trkpt>
<trkpt lat="40.388499" lon="-1.182350"></trkpt>
<trkpt lat="40.388726" lon="-1.182667"></trkpt>
<trkpt lat="40.389078" lon="-1.182928"></trkpt>
<trkpt lat="40.389619" lon="-1.183567"></trkpt>
<trkpt lat="40.390042" lon="-1.183958"></trkpt>
<trkpt lat="40.392376" lon="-1.185874"></trkpt>
<trkpt lat="40.393506" lon="-1.186811"></trkpt>
<trkpt lat="40.394775" lon="-1.187840"></trkpt>
<trkpt lat="40.395371" lon="-1.188339"></trkpt>
<trkpt lat="40.395635" lon="-1.188557"></trkpt>
<trkpt lat="40.396313" lon="-1.189128"></trkpt>
<trkpt lat="40.396735" lon="-1.189480"></trkpt>
<trkpt lat="40.396979" lon="-1.189684"></trkpt>
<trkpt lat="40.397040" lon="-1.189736"></trkpt>
<trkpt lat="40.398259" lon="-1.190756"></trkpt>
<trkpt lat="40.399396" lon="-1.191729"></trkpt>
<trkpt lat="40.401761" lon="-1.193693"></trkpt>
<trkpt lat="40.406962" lon="-1.198043"></trkpt>
<trkpt lat="40.407161" lon="-1.198213"></trkpt>
<trkpt lat="40.407451" lon="-1.198458"></trkpt>
<trkpt lat="40.407605" lon="-1.198586"></trkpt>
<trkpt lat="40.411347" lon="-1.201719"></trkpt>
<trkpt lat="40.413394" lon="-1.203448"></trkpt>
<trkpt lat="40.416208" lon="-1.205800"></trkpt>
<trkpt lat="40.416447" lon="-1.206001"></trkpt>
<trkpt lat="40.421543" lon="-1.210266"></trkpt>
<trkpt lat="40.428100" lon="-1.215780"></trkpt>
<trkpt lat="40.429569" lon="-1.217404"></trkpt>
<trkpt lat="40.430318" lon="-1.218306"></trkpt>
<trkpt lat="40.431168" lon="-1.219172"></trkpt>
<trkpt lat="40.445095" lon="-1.232498"></trkpt>
<trkpt lat="40.450167" lon="-1.237351"></trkpt>
<trkpt lat="40.451025" lon="-1.238145"></trkpt>
<trkpt lat="40.453239" lon="-1.240138"></trkpt>
<trkpt lat="40.454337" lon="-1.241056"></trkpt>
<trkpt lat="40.454810" lon="-1.241386"></trkpt>
<trkpt lat="40.455133" lon="-1.241639"></trkpt>
<trkpt lat="40.455504" lon="-1.241925"></trkpt>
<trkpt lat="40.456800" lon="-1.242924"></trkpt>
<trkpt lat="40.457007" lon="-1.242965"></trkpt>
<trkpt lat="40.457178" lon="-1.242878"></trkpt>
<trkpt lat="40.457211" lon="-1.242751"></trkpt>
<trkpt lat="40.457272" lon="-1.242638"></trkpt>
<trkpt lat="40.457402" lon="-1.242522"></trkpt>
<trkpt lat="40.457509" lon="-1.242489"></trkpt>
<trkpt lat="40.457683" lon="-1.242526"></trkpt>
<trkpt lat="40.457824" lon="-1.242665"></trkpt>
<trkpt lat="40.457905" lon="-1.242906"></trkpt>
<trkpt lat="40.457878" lon="-1.243167"></trkpt>
<trkpt lat="40.457938" lon="-1.243529"></trkpt>
<trkpt lat="40.458028" lon="-1.243717"></trkpt>
<trkpt lat="40.458170" lon="-1.243903"></trkpt>
<trkpt lat="40.458402" lon="-1.244142"></trkpt>
<trkpt lat="40.458931" lon="-1.244544"></trkpt>
<trkpt lat="40.459285" lon="-1.244855"></trkpt>
<trkpt lat="40.460678" lon="-1.245822"></trkpt>
<trkpt lat="40.460775" lon="-1.245885"></trkpt>
<trkpt lat="40.460884" lon="-1.245956"></trkpt>
<trkpt lat="40.462077" lon="-1.246706"></trkpt>
<trkpt lat="40.462983" lon="-1.247217"></trkpt>
<trkpt lat="40.464472" lon="-1.247950"></trkpt>
<trkpt lat="40.465784" lon="-1.248542"></trkpt>
<trkpt lat="40.466474" lon="-1.248830"></trkpt>
<trkpt lat="40.469440" lon="-1.249992"></trkpt>
<trkpt lat="40.472057" lon="-1.250878"></trkpt>
<trkpt lat="40.475030" lon="-1.251741"></trkpt>
<trkpt lat="40.475710" lon="-1.251911"></trkpt>
<trkpt lat="40.477997" lon="-1.252492"></trkpt>
<trkpt lat="40.481744" lon="-1.253443"></trkpt>
<trkpt lat="40.483404" lon="-1.253864"></trkpt>
<trkpt lat="40.484967" lon="-1.254261"></trkpt>
<trkpt lat="40.491050" lon="-1.255806"></trkpt>
<trkpt lat="40.495858" lon="-1.257027"></trkpt>
<trkpt lat="40.502336" lon="-1.258671"></trkpt>
<trkpt lat="40.502815" lon="-1.258768"></trkpt>
<trkpt lat="40.503171" lon="-1.258844"></trkpt>
<trkpt lat="40.503919" lon="-1.259032"></trkpt>
<trkpt lat="40.504450" lon="-1.259186"></trkpt>
<trkpt lat="40.505055" lon="-1.259329"></trkpt>
<trkpt lat="40.505553" lon="-1.259457"></trkpt>
<trkpt lat="40.506670" lon="-1.259755"></trkpt>
<trkpt lat="40.507874" lon="-1.260076"></trkpt>
<trkpt lat="40.508431" lon="-1.260220"></trkpt>
<trkpt lat="40.511503" lon="-1.261006"></trkpt>
<trkpt lat="40.513902" lon="-1.261629"></trkpt>
<trkpt lat="40.514311" lon="-1.261794"></trkpt>
<trkpt lat="40.514528" lon="-1.261905"></trkpt>
<trkpt lat="40.514874" lon="-1.262051"></trkpt>
<trkpt lat="40.515256" lon="-1.262222"></trkpt>
<trkpt lat="40.515420" lon="-1.262295"></trkpt>
<trkpt lat="40.515604" lon="-1.262382"></trkpt>
<trkpt lat="40.515930" lon="-1.262526"></trkpt>
<trkpt lat="40.516035" lon="-1.262573"></trkpt>
<trkpt lat="40.516353" lon="-1.262720"></trkpt>
<trkpt lat="40.516423" lon="-1.262747"></trkpt>
<trkpt lat="40.516701" lon="-1.262876"></trkpt>
<trkpt lat="40.516769" lon="-1.262905"></trkpt>
<trkpt lat="40.517056" lon="-1.263040"></trkpt>
<trkpt lat="40.517151" lon="-1.263083"></trkpt>
<trkpt lat="40.517847" lon="-1.263406"></trkpt>
<trkpt lat="40.517981" lon="-1.263466"></trkpt>
<trkpt lat="40.518163" lon="-1.263546"></trkpt>
<trkpt lat="40.518765" lon="-1.263821"></trkpt>
<trkpt lat="40.518822" lon="-1.263848"></trkpt>
<trkpt lat="40.519486" lon="-1.264171"></trkpt>
<trkpt lat="40.520007" lon="-1.264384"></trkpt>
<trkpt lat="40.520893" lon="-1.264803"></trkpt>
<trkpt lat="40.522321" lon="-1.265455"></trkpt>
<trkpt lat="40.528013" lon="-1.268084"></trkpt>
<trkpt lat="40.535579" lon="-1.271582"></trkpt>
<trkpt lat="40.543167" lon="-1.275096"></trkpt>
<trkpt lat="40.543508" lon="-1.275254"></trkpt>
<trkpt lat="40.551360" lon="-1.278894"></trkpt>
<trkpt lat="40.551648" lon="-1.279027"></trkpt>
<trkpt lat="40.557580" lon="-1.281777"></trkpt>
<trkpt lat="40.562701" lon="-1.284158"></trkpt>
<trkpt lat="40.562750" lon="-1.284180"></trkpt>
<trkpt lat="40.563674" lon="-1.284616"></trkpt>
<trkpt lat="40.564979" lon="-1.285207"></trkpt>
<trkpt lat="40.565246" lon="-1.285293"></trkpt>
<trkpt lat="40.565468" lon="-1.285279"></trkpt>
<trkpt lat="40.565545" lon="-1.285206"></trkpt>
<trkpt lat="40.565681" lon="-1.285128"></trkpt>
<trkpt lat="40.565772" lon="-1.285103"></trkpt>
<trkpt lat="40.565899" lon="-1.285101"></trkpt>
<trkpt lat="40.566024" lon="-1.285136"></trkpt>
<trkpt lat="40.566192" lon="-1.285253"></trkpt>
<trkpt lat="40.566287" lon="-1.285373"></trkpt>
<trkpt lat="40.566359" lon="-1.285520"></trkpt>
<trkpt lat="40.566570" lon="-1.285775"></trkpt>
<trkpt lat="40.566705" lon="-1.285892"></trkpt>
<trkpt lat="40.567690" lon="-1.286370"></trkpt>
<trkpt lat="40.568334" lon="-1.286727"></trkpt>
<trkpt lat="40.568521" lon="-1.286857"></trkpt>
<trkpt lat="40.572350" lon="-1.288644"></trkpt>
<trkpt lat="40.583077" lon="-1.293662"></trkpt>
<trkpt lat="40.585369" lon="-1.294767"></trkpt>
<trkpt lat="40.586097" lon="-1.295077"></trkpt>
<trkpt lat="40.586828" lon="-1.295303"></trkpt>
<trkpt lat="40.588023" lon="-1.295576"></trkpt>
<trkpt lat="40.589122" lon="-1.295781"></trkpt>
<trkpt lat="40.589469" lon="-1.295845"></trkpt>
<trkpt lat="40.591018" lon="-1.296175"></trkpt>
<trkpt lat="40.591667" lon="-1.296411"></trkpt>
<trkpt lat="40.595544" lon="-1.298150"></trkpt>
<trkpt lat="40.604537" lon="-1.302175"></trkpt>
<trkpt lat="40.610228" lon="-1.304723"></trkpt>
<trkpt lat="40.611511" lon="-1.305236"></trkpt>
<trkpt lat="40.612520" lon="-1.305688"></trkpt>
<trkpt lat="40.612764" lon="-1.305798"></trkpt>
<trkpt lat="40.612949" lon="-1.305881"></trkpt>
<trkpt lat="40.614276" lon="-1.306476"></trkpt>
<trkpt lat="40.615082" lon="-1.306838"></trkpt>
<trkpt lat="40.615766" lon="-1.307145"></trkpt>
<trkpt lat="40.616399" lon="-1.307429"></trkpt>
<trkpt lat="40.617777" lon="-1.308110"></trkpt>
<trkpt lat="40.618710" lon="-1.308528"></trkpt>
<trkpt lat="40.628032" lon="-1.312706"></trkpt>
<trkpt lat="40.635478" lon="-1.316042"></trkpt>
<trkpt lat="40.640334" lon="-1.318213"></trkpt>
<trkpt lat="40.640982" lon="-1.318450"></trkpt>
<trkpt lat="40.641620" lon="-1.318609"></trkpt>
<trkpt lat="40.646819" lon="-1.319646"></trkpt>
<trkpt lat="40.650259" lon="-1.320349"></trkpt>
<trkpt lat="40.651701" lon="-1.320626"></trkpt>
<trkpt lat="40.651992" lon="-1.320685"></trkpt>
<trkpt lat="40.652472" lon="-1.320785"></trkpt>
<trkpt lat="40.653714" lon="-1.321055"></trkpt>
<trkpt lat="40.659041" lon="-1.322130"></trkpt>
<trkpt lat="40.662063" lon="-1.322730"></trkpt>
<trkpt lat="40.664353" lon="-1.323185"></trkpt>
<trkpt lat="40.664415" lon="-1.323198"></trkpt>
<trkpt lat="40.669506" lon="-1.324217"></trkpt>
<trkpt lat="40.676284" lon="-1.325574"></trkpt>
<trkpt lat="40.678074" lon="-1.325932"></trkpt>
<trkpt lat="40.678518" lon="-1.326021"></trkpt>
<trkpt lat="40.690471" lon="-1.328415"></trkpt>
<trkpt lat="40.690764" lon="-1.328474"></trkpt>
<trkpt lat="40.691819" lon="-1.328685"></trkpt>
<trkpt lat="40.692492" lon="-1.328820"></trkpt>
<trkpt lat="40.695454" lon="-1.329413"></trkpt>
<trkpt lat="40.698772" lon="-1.330078"></trkpt>
<trkpt lat="40.699514" lon="-1.330173"></trkpt>
<trkpt lat="40.699977" lon="-1.330263"></trkpt>
<trkpt lat="40.701270" lon="-1.330515"></trkpt>
<trkpt lat="40.701347" lon="-1.330531"></trkpt>
<trkpt lat="40.702559" lon="-1.330774"></trkpt>
<trkpt lat="40.703593" lon="-1.331038"></trkpt>
<trkpt lat="40.717767" lon="-1.333906"></trkpt>
<trkpt lat="40.718914" lon="-1.334138"></trkpt>
<trkpt lat="40.727803" lon="-1.335937"></trkpt>
<trkpt lat="40.730499" lon="-1.336482"></trkpt>
<trkpt lat="40.736207" lon="-1.337638"></trkpt>
<trkpt lat="40.741102" lon="-1.338629"></trkpt>
<trkpt lat="40.744956" lon="-1.339409"></trkpt>
<trkpt lat="40.745543" lon="-1.339528"></trkpt>
<trkpt lat="40.750912" lon="-1.340615"></trkpt>
<trkpt lat="40.752036" lon="-1.340842"></trkpt>
<trkpt lat="40.753146" lon="-1.340991"></trkpt>
<trkpt lat="40.755089" lon="-1.341386"></trkpt>
<trkpt lat="40.756816" lon="-1.341738"></trkpt>
<trkpt lat="40.758395" lon="-1.342118"></trkpt>
<trkpt lat="40.764758" lon="-1.343414"></trkpt>
<trkpt lat="40.766292" lon="-1.343726"></trkpt>
<trkpt lat="40.767340" lon="-1.343939"></trkpt>
<trkpt lat="40.772833" lon="-1.345058"></trkpt>
<trkpt lat="40.773739" lon="-1.345218"></trkpt>
<trkpt lat="40.774453" lon="-1.345363"></trkpt>
<trkpt lat="40.774996" lon="-1.345473"></trkpt>
<trkpt lat="40.775913" lon="-1.345666"></trkpt>
<trkpt lat="40.779462" lon="-1.346399"></trkpt>
<trkpt lat="40.782204" lon="-1.346956"></trkpt>
<trkpt lat="40.782488" lon="-1.347014"></trkpt>
<trkpt lat="40.782965" lon="-1.347111"></trkpt>
<trkpt lat="40.783414" lon="-1.347203"></trkpt>
<trkpt lat="40.783585" lon="-1.347240"></trkpt>
<trkpt lat="40.783756" lon="-1.347276"></trkpt>
<trkpt lat="40.784177" lon="-1.347387"></trkpt>
<trkpt lat="40.784483" lon="-1.347438"></trkpt>
<trkpt lat="40.784583" lon="-1.347374"></trkpt>
<trkpt lat="40.784693" lon="-1.347401"></trkpt>
<trkpt lat="40.785092" lon="-1.347263"></trkpt>
<trkpt lat="40.785179" lon="-1.347234"></trkpt>
<trkpt lat="40.785846" lon="-1.347015"></trkpt>
<trkpt lat="40.789566" lon="-1.345759"></trkpt>
<trkpt lat="40.789856" lon="-1.345660"></trkpt>
<trkpt lat="40.790101" lon="-1.345580"></trkpt>
<trkpt lat="40.790459" lon="-1.345457"></trkpt>
<trkpt lat="40.794198" lon="-1.344194"></trkpt>
<trkpt lat="40.794631" lon="-1.343985"></trkpt>
<trkpt lat="40.796577" lon="-1.342787"></trkpt>
<trkpt lat="40.802713" lon="-1.339010"></trkpt>
<trkpt lat="40.803256" lon="-1.338611"></trkpt>
<trkpt lat="40.803538" lon="-1.338354"></trkpt>
<trkpt lat="40.807657" lon="-1.333955"></trkpt>
<trkpt lat="40.808406" lon="-1.333185"></trkpt>
<trkpt lat="40.808791" lon="-1.332894"></trkpt>
<trkpt lat="40.809117" lon="-1.332702"></trkpt>
<trkpt lat="40.809584" lon="-1.332531"></trkpt>
<trkpt lat="40.817410" lon="-1.330502"></trkpt>
<trkpt lat="40.817725" lon="-1.330420"></trkpt>
<trkpt lat="40.820099" lon="-1.329806"></trkpt>
<trkpt lat="40.821760" lon="-1.329369"></trkpt>
<trkpt lat="40.822012" lon="-1.329266"></trkpt>
<trkpt lat="40.822627" lon="-1.329079"></trkpt>
<trkpt lat="40.823390" lon="-1.328884"></trkpt>
<trkpt lat="40.824168" lon="-1.328685"></trkpt>
<trkpt lat="40.824841" lon="-1.328580"></trkpt>
<trkpt lat="40.827715" lon="-1.327831"></trkpt>
<trkpt lat="40.828412" lon="-1.327596"></trkpt>
<trkpt lat="40.828969" lon="-1.327362"></trkpt>
<trkpt lat="40.829327" lon="-1.327157"></trkpt>
<trkpt lat="40.829700" lon="-1.326875"></trkpt>
<trkpt lat="40.830158" lon="-1.326427"></trkpt>
<trkpt lat="40.830162" lon="-1.326423"></trkpt>
<trkpt lat="40.830474" lon="-1.326037"></trkpt>
<trkpt lat="40.831116" lon="-1.325027"></trkpt>
<trkpt lat="40.834636" lon="-1.318226"></trkpt>
<trkpt lat="40.835060" lon="-1.317406"></trkpt>
<trkpt lat="40.835464" lon="-1.316758"></trkpt>
<trkpt lat="40.835868" lon="-1.316259"></trkpt>
<trkpt lat="40.836335" lon="-1.315803"></trkpt>
<trkpt lat="40.836749" lon="-1.315485"></trkpt>
<trkpt lat="40.837033" lon="-1.315295"></trkpt>
<trkpt lat="40.837498" lon="-1.315053"></trkpt>
<trkpt lat="40.837980" lon="-1.314828"></trkpt>
<trkpt lat="40.838172" lon="-1.314773"></trkpt>
<trkpt lat="40.838750" lon="-1.314666"></trkpt>
<trkpt lat="40.839013" lon="-1.314658"></trkpt>
<trkpt lat="40.839547" lon="-1.314696"></trkpt>
<trkpt lat="40.839912" lon="-1.314771"></trkpt>
<trkpt lat="40.840206" lon="-1.314860"></trkpt>
<trkpt lat="40.840418" lon="-1.314967"></trkpt>
<trkpt lat="40.840987" lon="-1.315231"></trkpt>
<trkpt lat="40.841353" lon="-1.315458"></trkpt>
<trkpt lat="40.841663" lon="-1.315682"></trkpt>
<trkpt lat="40.841665" lon="-1.315684"></trkpt>
<trkpt lat="40.842063" lon="-1.316042"></trkpt>
<trkpt lat="40.842393" lon="-1.316406"></trkpt>
<trkpt lat="40.842756" lon="-1.316876"></trkpt>
<trkpt lat="40.843082" lon="-1.317414"></trkpt>
<trkpt lat="40.843616" lon="-1.318393"></trkpt>
<trkpt lat="40.843830" lon="-1.318724"></trkpt>
<trkpt lat="40.844061" lon="-1.319020"></trkpt>
<trkpt lat="40.844357" lon="-1.319322"></trkpt>
<trkpt lat="40.844673" lon="-1.319572"></trkpt>
<trkpt lat="40.844944" lon="-1.319747"></trkpt>
<trkpt lat="40.845223" lon="-1.319880"></trkpt>
<trkpt lat="40.845507" lon="-1.319983"></trkpt>
<trkpt lat="40.845814" lon="-1.320037"></trkpt>
<trkpt lat="40.846160" lon="-1.320060"></trkpt>
<trkpt lat="40.846561" lon="-1.320016"></trkpt>
<trkpt lat="40.846606" lon="-1.320008"></trkpt>
<trkpt lat="40.847308" lon="-1.319788"></trkpt>
<trkpt lat="40.849846" lon="-1.318817"></trkpt>
<trkpt lat="40.859168" lon="-1.315844"></trkpt>
<trkpt lat="40.859983" lon="-1.315584"></trkpt>
<trkpt lat="40.860044" lon="-1.315565"></trkpt>
<trkpt lat="40.860062" lon="-1.315560"></trkpt>
<trkpt lat="40.860121" lon="-1.315541"></trkpt>
<trkpt lat="40.861003" lon="-1.315260"></trkpt>
<trkpt lat="40.861236" lon="-1.315054"></trkpt>
<trkpt lat="40.861292" lon="-1.314841"></trkpt>
<trkpt lat="40.861350" lon="-1.314758"></trkpt>
<trkpt lat="40.861423" lon="-1.314699"></trkpt>
<trkpt lat="40.861592" lon="-1.314669"></trkpt>
<trkpt lat="40.861674" lon="-1.314700"></trkpt>
<trkpt lat="40.861804" lon="-1.314839"></trkpt>
<trkpt lat="40.862073" lon="-1.314917"></trkpt>
<trkpt lat="40.862972" lon="-1.314631"></trkpt>
<trkpt lat="40.864218" lon="-1.314233"></trkpt>
<trkpt lat="40.865437" lon="-1.313844"></trkpt>
<trkpt lat="40.865547" lon="-1.313809"></trkpt>
<trkpt lat="40.875013" lon="-1.310786"></trkpt>
<trkpt lat="40.880138" lon="-1.309151"></trkpt>
<trkpt lat="40.880190" lon="-1.309134"></trkpt>
<trkpt lat="40.881146" lon="-1.308829"></trkpt>
<trkpt lat="40.882062" lon="-1.308478"></trkpt>
<trkpt lat="40.882791" lon="-1.308235"></trkpt>
<trkpt lat="40.883152" lon="-1.308131"></trkpt>
<trkpt lat="40.883745" lon="-1.307954"></trkpt>
<trkpt lat="40.884133" lon="-1.307875"></trkpt>
<trkpt lat="40.885522" lon="-1.307433"></trkpt>
<trkpt lat="40.887477" lon="-1.306813"></trkpt>
<trkpt lat="40.887711" lon="-1.306765"></trkpt>
<trkpt lat="40.888278" lon="-1.306770"></trkpt>
<trkpt lat="40.888812" lon="-1.306858"></trkpt>
<trkpt lat="40.888928" lon="-1.306793"></trkpt>
<trkpt lat="40.888987" lon="-1.306717"></trkpt>
<trkpt lat="40.888962" lon="-1.306537"></trkpt>
<trkpt lat="40.889014" lon="-1.306286"></trkpt>
<trkpt lat="40.889076" lon="-1.306184"></trkpt>
<trkpt lat="40.889133" lon="-1.306126"></trkpt>
<trkpt lat="40.889268" lon="-1.306059"></trkpt>
<trkpt lat="40.889339" lon="-1.306053"></trkpt>
<trkpt lat="40.889479" lon="-1.306097"></trkpt>
<trkpt lat="40.889712" lon="-1.306073"></trkpt>
<trkpt lat="40.890161" lon="-1.305955"></trkpt>
<trkpt lat="40.896660" lon="-1.303888"></trkpt>
<trkpt lat="40.896764" lon="-1.303855"></trkpt>
<trkpt lat="40.901634" lon="-1.302308"></trkpt>
<trkpt lat="40.904357" lon="-1.301443"></trkpt>
<trkpt lat="40.904499" lon="-1.301400"></trkpt>
<trkpt lat="40.904793" lon="-1.301316"></trkpt>
<trkpt lat="40.904896" lon="-1.301278"></trkpt>
<trkpt lat="40.905087" lon="-1.301221"></trkpt>
<trkpt lat="40.905150" lon="-1.301202"></trkpt>
<trkpt lat="40.905986" lon="-1.300931"></trkpt>
<trkpt lat="40.906090" lon="-1.300898"></trkpt>
<trkpt lat="40.906570" lon="-1.300742"></trkpt>
<trkpt lat="40.906888" lon="-1.300639"></trkpt>
<trkpt lat="40.907030" lon="-1.300599"></trkpt>
<trkpt lat="40.907467" lon="-1.300476"></trkpt>
<trkpt lat="40.907704" lon="-1.300409"></trkpt>
<trkpt lat="40.908243" lon="-1.300258"></trkpt>
<trkpt lat="40.908530" lon="-1.300177"></trkpt>
<trkpt lat="40.908726" lon="-1.300121"></trkpt>
<trkpt lat="40.908879" lon="-1.300079"></trkpt>
<trkpt lat="40.909022" lon="-1.300047"></trkpt>
<trkpt lat="40.909203" lon="-1.300000"></trkpt>
<trkpt lat="40.909319" lon="-1.299975"></trkpt>
<trkpt lat="40.909346" lon="-1.299969"></trkpt>
<trkpt lat="40.910116" lon="-1.299781"></trkpt>
<trkpt lat="40.911260" lon="-1.299564"></trkpt>
<trkpt lat="40.912020" lon="-1.299432"></trkpt>
<trkpt lat="40.912144" lon="-1.299381"></trkpt>
<trkpt lat="40.912188" lon="-1.299362"></trkpt>
<trkpt lat="40.912511" lon="-1.299141"></trkpt>
<trkpt lat="40.912922" lon="-1.298766"></trkpt>
<trkpt lat="40.913168" lon="-1.298539"></trkpt>
<trkpt lat="40.914396" lon="-1.297427"></trkpt>
<trkpt lat="40.914510" lon="-1.297317"></trkpt>
<trkpt lat="40.914687" lon="-1.297161"></trkpt>
<trkpt lat="40.914830" lon="-1.297030"></trkpt>
<trkpt lat="40.915456" lon="-1.296475"></trkpt>
<trkpt lat="40.915793" lon="-1.296240"></trkpt>
<trkpt lat="40.916375" lon="-1.295926"></trkpt>
<trkpt lat="40.916651" lon="-1.295777"></trkpt>
<trkpt lat="40.917489" lon="-1.295324"></trkpt>
<trkpt lat="40.917582" lon="-1.295274"></trkpt>
<trkpt lat="40.918007" lon="-1.295046"></trkpt>
<trkpt lat="40.918199" lon="-1.294941"></trkpt>
<trkpt lat="40.918415" lon="-1.294825"></trkpt>
<trkpt lat="40.918588" lon="-1.294734"></trkpt>
<trkpt lat="40.919025" lon="-1.294517"></trkpt>
<trkpt lat="40.919051" lon="-1.294507"></trkpt>
<trkpt lat="40.919396" lon="-1.294369"></trkpt>
<trkpt lat="40.919495" lon="-1.294337"></trkpt>
<trkpt lat="40.919866" lon="-1.294225"></trkpt>
<trkpt lat="40.920235" lon="-1.294068"></trkpt>
<trkpt lat="40.920243" lon="-1.294045"></trkpt>
<trkpt lat="40.920288" lon="-1.293974"></trkpt>
<trkpt lat="40.920353" lon="-1.293941"></trkpt>
<trkpt lat="40.920460" lon="-1.293990"></trkpt>
<trkpt lat="40.920586" lon="-1.293965"></trkpt>
<trkpt lat="40.920794" lon="-1.293921"></trkpt>
<trkpt lat="40.921015" lon="-1.293851"></trkpt>
<trkpt lat="40.921197" lon="-1.293793"></trkpt>
<trkpt lat="40.921492" lon="-1.293697"></trkpt>
<trkpt lat="40.921742" lon="-1.293678"></trkpt>
<trkpt lat="40.921905" lon="-1.293720"></trkpt>
<trkpt lat="40.922197" lon="-1.293898"></trkpt>
<trkpt lat="40.922369" lon="-1.294026"></trkpt>
<trkpt lat="40.922500" lon="-1.294123"></trkpt>
<trkpt lat="40.922797" lon="-1.294345"></trkpt>
<trkpt lat="40.923010" lon="-1.294448"></trkpt>
<trkpt lat="40.923210" lon="-1.294492"></trkpt>
<trkpt lat="40.923448" lon="-1.294488"></trkpt>
<trkpt lat="40.923648" lon="-1.294408"></trkpt>
<trkpt lat="40.924168" lon="-1.294088"></trkpt>
<trkpt lat="40.924779" lon="-1.293617"></trkpt>
<trkpt lat="40.925392" lon="-1.293188"></trkpt>
<trkpt lat="40.925520" lon="-1.293116"></trkpt>
<trkpt lat="40.925920" lon="-1.292923"></trkpt>
<trkpt lat="40.926278" lon="-1.292827"></trkpt>
<trkpt lat="40.926400" lon="-1.292816"></trkpt>
<trkpt lat="40.928712" lon="-1.292548"></trkpt>
<trkpt lat="40.931316" lon="-1.292245"></trkpt>
<trkpt lat="40.931658" lon="-1.292233"></trkpt>
<trkpt lat="40.932198" lon="-1.292297"></trkpt>
<trkpt lat="40.934760" lon="-1.293098"></trkpt>
<trkpt lat="40.935437" lon="-1.293394"></trkpt>
<trkpt lat="40.935986" lon="-1.293691"></trkpt>
<trkpt lat="40.937779" lon="-1.294659"></trkpt>
<trkpt lat="40.939165" lon="-1.295407"></trkpt>
<trkpt lat="40.939534" lon="-1.295635"></trkpt>
<trkpt lat="40.939949" lon="-1.296002"></trkpt>
<trkpt lat="40.940818" lon="-1.296905"></trkpt>
<trkpt lat="40.940889" lon="-1.296979"></trkpt>
<trkpt lat="40.940958" lon="-1.297051"></trkpt>
<trkpt lat="40.942515" lon="-1.298671"></trkpt>
<trkpt lat="40.946425" lon="-1.302738"></trkpt>
<trkpt lat="40.947998" lon="-1.304348"></trkpt>
<trkpt lat="40.948443" lon="-1.304726"></trkpt>
<trkpt lat="40.950831" lon="-1.306554"></trkpt>
<trkpt lat="40.951220" lon="-1.306790"></trkpt>
<trkpt lat="40.951490" lon="-1.306887"></trkpt>
<trkpt lat="40.951818" lon="-1.306948"></trkpt>
<trkpt lat="40.952226" lon="-1.306939"></trkpt>
<trkpt lat="40.952555" lon="-1.306890"></trkpt>
<trkpt lat="40.959556" lon="-1.305684"></trkpt>
<trkpt lat="40.959972" lon="-1.305654"></trkpt>
<trkpt lat="40.960271" lon="-1.305677"></trkpt>
<trkpt lat="40.960465" lon="-1.305725"></trkpt>
<trkpt lat="40.960871" lon="-1.305882"></trkpt>
<trkpt lat="40.962621" lon="-1.306962"></trkpt>
<trkpt lat="40.966466" lon="-1.309335"></trkpt>
<trkpt lat="40.966810" lon="-1.309600"></trkpt>
<trkpt lat="40.967044" lon="-1.309845"></trkpt>
<trkpt lat="40.967961" lon="-1.310946"></trkpt>
<trkpt lat="40.968846" lon="-1.311762"></trkpt>
<trkpt lat="40.969002" lon="-1.311912"></trkpt>
<trkpt lat="40.969109" lon="-1.312017"></trkpt>
<trkpt lat="40.969789" lon="-1.312687"></trkpt>
<trkpt lat="40.970167" lon="-1.313059"></trkpt>
<trkpt lat="40.970397" lon="-1.313309"></trkpt>
<trkpt lat="40.970457" lon="-1.313360"></trkpt>
<trkpt lat="40.970893" lon="-1.313709"></trkpt>
<trkpt lat="40.971383" lon="-1.313931"></trkpt>
<trkpt lat="40.971697" lon="-1.314001"></trkpt>
<trkpt lat="40.971988" lon="-1.314012"></trkpt>
<trkpt lat="40.972358" lon="-1.313961"></trkpt>
<trkpt lat="40.972682" lon="-1.313854"></trkpt>
<trkpt lat="40.973095" lon="-1.313627"></trkpt>
<trkpt lat="40.973437" lon="-1.313337"></trkpt>
<trkpt lat="40.973771" lon="-1.312974"></trkpt>
<trkpt lat="40.974055" lon="-1.312513"></trkpt>
<trkpt lat="40.974269" lon="-1.312015"></trkpt>
<trkpt lat="40.974410" lon="-1.311539"></trkpt>
<trkpt lat="40.974592" lon="-1.310670"></trkpt>
<trkpt lat="40.974734" lon="-1.310124"></trkpt>
<trkpt lat="40.974915" lon="-1.309690"></trkpt>
<trkpt lat="40.975451" lon="-1.308678"></trkpt>
<trkpt lat="40.975750" lon="-1.308209"></trkpt>
<trkpt lat="40.976023" lon="-1.307901"></trkpt>
<trkpt lat="40.976297" lon="-1.307651"></trkpt>
<trkpt lat="40.976666" lon="-1.307429"></trkpt>
<trkpt lat="40.977070" lon="-1.307241"></trkpt>
<trkpt lat="40.977472" lon="-1.307084"></trkpt>
<trkpt lat="40.977825" lon="-1.306998"></trkpt>
<trkpt lat="40.978162" lon="-1.306971"></trkpt>
<trkpt lat="40.978547" lon="-1.306990"></trkpt>
<trkpt lat="40.978938" lon="-1.307054"></trkpt>
<trkpt lat="40.979764" lon="-1.307256"></trkpt>
<trkpt lat="40.980113" lon="-1.307287"></trkpt>
<trkpt lat="40.980530" lon="-1.307256"></trkpt>
<trkpt lat="40.980724" lon="-1.307208"></trkpt>
<trkpt lat="40.981121" lon="-1.307043"></trkpt>
<trkpt lat="40.982141" lon="-1.306351"></trkpt>
<trkpt lat="40.982516" lon="-1.306022"></trkpt>
<trkpt lat="40.982527" lon="-1.306012"></trkpt>
<trkpt lat="40.982815" lon="-1.305698"></trkpt>
<trkpt lat="40.983202" lon="-1.305184"></trkpt>
<trkpt lat="40.983365" lon="-1.304960"></trkpt>
<trkpt lat="40.983601" lon="-1.304675"></trkpt>
<trkpt lat="40.983827" lon="-1.304444"></trkpt>
<trkpt lat="40.984060" lon="-1.304256"></trkpt>
<trkpt lat="40.984339" lon="-1.304093"></trkpt>
<trkpt lat="40.984641" lon="-1.303979"></trkpt>
<trkpt lat="40.984935" lon="-1.303922"></trkpt>
<trkpt lat="40.986408" lon="-1.303870"></trkpt>
<trkpt lat="40.986777" lon="-1.303905"></trkpt>
<trkpt lat="40.987118" lon="-1.303994"></trkpt>
<trkpt lat="40.987460" lon="-1.304163"></trkpt>
<trkpt lat="40.987851" lon="-1.304463"></trkpt>
<trkpt lat="40.988175" lon="-1.304846"></trkpt>
<trkpt lat="40.988617" lon="-1.305587"></trkpt>
<trkpt lat="40.989614" lon="-1.307410"></trkpt>
<trkpt lat="40.991103" lon="-1.310133"></trkpt>
<trkpt lat="40.991620" lon="-1.311170"></trkpt>
<trkpt lat="40.991735" lon="-1.311468"></trkpt>
<trkpt lat="40.991875" lon="-1.311878"></trkpt>
<trkpt lat="40.991986" lon="-1.312213"></trkpt>
<trkpt lat="40.993937" lon="-1.317929"></trkpt>
<trkpt lat="40.994147" lon="-1.318370"></trkpt>
<trkpt lat="40.994331" lon="-1.318662"></trkpt>
<trkpt lat="40.995125" lon="-1.319640"></trkpt>
<trkpt lat="40.995363" lon="-1.319976"></trkpt>
<trkpt lat="40.995863" lon="-1.320825"></trkpt>
<trkpt lat="40.996108" lon="-1.321226"></trkpt>
<trkpt lat="40.996294" lon="-1.321464"></trkpt>
<trkpt lat="40.996722" lon="-1.321859"></trkpt>
<trkpt lat="40.997019" lon="-1.322035"></trkpt>
<trkpt lat="40.997291" lon="-1.322141"></trkpt>
<trkpt lat="40.997620" lon="-1.322212"></trkpt>
<trkpt lat="40.997894" lon="-1.322222"></trkpt>
<trkpt lat="40.999034" lon="-1.322155"></trkpt>
<trkpt lat="40.999299" lon="-1.322167"></trkpt>
<trkpt lat="40.999749" lon="-1.322252"></trkpt>
<trkpt lat="41.000565" lon="-1.322461"></trkpt>
<trkpt lat="41.001913" lon="-1.322893"></trkpt>
<trkpt lat="41.002350" lon="-1.323062"></trkpt>
<trkpt lat="41.003424" lon="-1.323478"></trkpt>
<trkpt lat="41.004066" lon="-1.323811"></trkpt>
<trkpt lat="41.004788" lon="-1.324272"></trkpt>
<trkpt lat="41.005763" lon="-1.325035"></trkpt>
<trkpt lat="41.006381" lon="-1.325543"></trkpt>
<trkpt lat="41.006680" lon="-1.325918"></trkpt>
<trkpt lat="41.007009" lon="-1.326507"></trkpt>
<trkpt lat="41.007759" lon="-1.327985"></trkpt>
<trkpt lat="41.008592" lon="-1.329631"></trkpt>
<trkpt lat="41.008936" lon="-1.330246"></trkpt>
<trkpt lat="41.009258" lon="-1.330667"></trkpt>
<trkpt lat="41.012698" lon="-1.334660"></trkpt>
<trkpt lat="41.013042" lon="-1.334999"></trkpt>
<trkpt lat="41.014772" lon="-1.336514"></trkpt>
<trkpt lat="41.015507" lon="-1.337183"></trkpt>
<trkpt lat="41.015709" lon="-1.337429"></trkpt>
<trkpt lat="41.015925" lon="-1.337760"></trkpt>
<trkpt lat="41.016045" lon="-1.337993"></trkpt>
<trkpt lat="41.016452" lon="-1.338717"></trkpt>
<trkpt lat="41.016792" lon="-1.339124"></trkpt>
<trkpt lat="41.016989" lon="-1.339309"></trkpt>
<trkpt lat="41.017295" lon="-1.339573"></trkpt>
<trkpt lat="41.017384" lon="-1.339650"></trkpt>
<trkpt lat="41.017737" lon="-1.340089"></trkpt>
<trkpt lat="41.018174" lon="-1.340805"></trkpt>
<trkpt lat="41.018481" lon="-1.341176"></trkpt>
<trkpt lat="41.018922" lon="-1.341531"></trkpt>
<trkpt lat="41.019453" lon="-1.341825"></trkpt>
<trkpt lat="41.019905" lon="-1.341949"></trkpt>
<trkpt lat="41.020157" lon="-1.341970"></trkpt>
<trkpt lat="41.020691" lon="-1.341815"></trkpt>
<trkpt lat="41.021014" lon="-1.341675"></trkpt>
<trkpt lat="41.021281" lon="-1.341559"></trkpt>
<trkpt lat="41.021709" lon="-1.341373"></trkpt>
<trkpt lat="41.022236" lon="-1.341298"></trkpt>
<trkpt lat="41.022664" lon="-1.341298"></trkpt>
<trkpt lat="41.022817" lon="-1.341320"></trkpt>
<trkpt lat="41.023316" lon="-1.341439"></trkpt>
<trkpt lat="41.024198" lon="-1.341674"></trkpt>
<trkpt lat="41.024623" lon="-1.341838"></trkpt>
<trkpt lat="41.025108" lon="-1.342123"></trkpt>
<trkpt lat="41.025841" lon="-1.342587"></trkpt>
<trkpt lat="41.026871" lon="-1.343363"></trkpt>
<trkpt lat="41.026936" lon="-1.343413"></trkpt>
<trkpt lat="41.027004" lon="-1.343464"></trkpt>
<trkpt lat="41.027656" lon="-1.343954"></trkpt>
<trkpt lat="41.028409" lon="-1.344577"></trkpt>
<trkpt lat="41.031573" lon="-1.346949"></trkpt>
<trkpt lat="41.032117" lon="-1.347461"></trkpt>
<trkpt lat="41.034220" lon="-1.349877"></trkpt>
<trkpt lat="41.034573" lon="-1.350201"></trkpt>
<trkpt lat="41.034866" lon="-1.350414"></trkpt>
<trkpt lat="41.036324" lon="-1.351395"></trkpt>
<trkpt lat="41.036712" lon="-1.351651"></trkpt>
<trkpt lat="41.036832" lon="-1.351732"></trkpt>
<trkpt lat="41.039722" lon="-1.353672"></trkpt>
<trkpt lat="41.040867" lon="-1.354444"></trkpt>
<trkpt lat="41.041172" lon="-1.354694"></trkpt>
<trkpt lat="41.041590" lon="-1.355179"></trkpt>
<trkpt lat="41.041958" lon="-1.355719"></trkpt>
<trkpt lat="41.042172" lon="-1.356132"></trkpt>
<trkpt lat="41.042318" lon="-1.356511"></trkpt>
<trkpt lat="41.042474" lon="-1.356987"></trkpt>
<trkpt lat="41.042763" lon="-1.358058"></trkpt>
<trkpt lat="41.042932" lon="-1.358591"></trkpt>
<trkpt lat="41.043111" lon="-1.358990"></trkpt>
<trkpt lat="41.045153" lon="-1.362095"></trkpt>
<trkpt lat="41.045234" lon="-1.362064"></trkpt>
<trkpt lat="41.045304" lon="-1.362073"></trkpt>
<trkpt lat="41.045406" lon="-1.362146"></trkpt>
<trkpt lat="41.045465" lon="-1.362358"></trkpt>
<trkpt lat="41.045437" lon="-1.362511"></trkpt>
<trkpt lat="41.046190" lon="-1.363667"></trkpt>
<trkpt lat="41.046542" lon="-1.364108"></trkpt>
<trkpt lat="41.046835" lon="-1.364407"></trkpt>
<trkpt lat="41.050639" lon="-1.367636"></trkpt>
<trkpt lat="41.055637" lon="-1.371880"></trkpt>
<trkpt lat="41.063321" lon="-1.378405"></trkpt>
<trkpt lat="41.063791" lon="-1.378751"></trkpt>
<trkpt lat="41.064152" lon="-1.378958"></trkpt>
<trkpt lat="41.064902" lon="-1.379222"></trkpt>
<trkpt lat="41.065354" lon="-1.379364"></trkpt>
<trkpt lat="41.066201" lon="-1.379567"></trkpt>
<trkpt lat="41.066900" lon="-1.379740"></trkpt>
<trkpt lat="41.067240" lon="-1.379784"></trkpt>
<trkpt lat="41.067247" lon="-1.379785"></trkpt>
<trkpt lat="41.068418" lon="-1.379853"></trkpt>
<trkpt lat="41.068802" lon="-1.379942"></trkpt>
<trkpt lat="41.069022" lon="-1.380038"></trkpt>
<trkpt lat="41.069229" lon="-1.380169"></trkpt>
<trkpt lat="41.069560" lon="-1.380462"></trkpt>
<trkpt lat="41.071280" lon="-1.381925"></trkpt>
<trkpt lat="41.071398" lon="-1.382024"></trkpt>
<trkpt lat="41.072347" lon="-1.382831"></trkpt>
<trkpt lat="41.072674" lon="-1.383163"></trkpt>
<trkpt lat="41.073243" lon="-1.383850"></trkpt>
<trkpt lat="41.073861" lon="-1.384597"></trkpt>
<trkpt lat="41.074483" lon="-1.385349"></trkpt>
<trkpt lat="41.076332" lon="-1.387582"></trkpt>
<trkpt lat="41.076569" lon="-1.387869"></trkpt>
<trkpt lat="41.076634" lon="-1.387947"></trkpt>
<trkpt lat="41.076959" lon="-1.388272"></trkpt>
<trkpt lat="41.077238" lon="-1.388486"></trkpt>
<trkpt lat="41.077686" lon="-1.388743"></trkpt>
<trkpt lat="41.078349" lon="-1.388994"></trkpt>
<trkpt lat="41.078544" lon="-1.389067"></trkpt>
<trkpt lat="41.078905" lon="-1.389237"></trkpt>
<trkpt lat="41.079179" lon="-1.389451"></trkpt>
<trkpt lat="41.079457" lon="-1.389730"></trkpt>
<trkpt lat="41.079700" lon="-1.390041"></trkpt>
<trkpt lat="41.081037" lon="-1.391943"></trkpt>
<trkpt lat="41.081259" lon="-1.392330"></trkpt>
<trkpt lat="41.081416" lon="-1.392700"></trkpt>
<trkpt lat="41.081550" lon="-1.393145"></trkpt>
<trkpt lat="41.081767" lon="-1.394385"></trkpt>
<trkpt lat="41.081881" lon="-1.394774"></trkpt>
<trkpt lat="41.082032" lon="-1.395142"></trkpt>
<trkpt lat="41.082219" lon="-1.395498"></trkpt>
<trkpt lat="41.082755" lon="-1.396348"></trkpt>
<trkpt lat="41.083050" lon="-1.396743"></trkpt>
<trkpt lat="41.083389" lon="-1.397115"></trkpt>
<trkpt lat="41.083689" lon="-1.397379"></trkpt>
<trkpt lat="41.086315" lon="-1.399217"></trkpt>
<trkpt lat="41.090758" lon="-1.402138"></trkpt>
<trkpt lat="41.091242" lon="-1.402406"></trkpt>
<trkpt lat="41.092112" lon="-1.402768"></trkpt>
<trkpt lat="41.092755" lon="-1.403020"></trkpt>
<trkpt lat="41.098127" lon="-1.405130"></trkpt>
<trkpt lat="41.098685" lon="-1.405387"></trkpt>
<trkpt lat="41.099215" lon="-1.405671"></trkpt>
<trkpt lat="41.102372" lon="-1.407423"></trkpt>
<trkpt lat="41.103206" lon="-1.407838"></trkpt>
<trkpt lat="41.104235" lon="-1.408410"></trkpt>
<trkpt lat="41.105185" lon="-1.408971"></trkpt>
<trkpt lat="41.105674" lon="-1.409151"></trkpt>
<trkpt lat="41.106294" lon="-1.409304"></trkpt>
<trkpt lat="41.106769" lon="-1.409467"></trkpt>
<trkpt lat="41.107007" lon="-1.409622"></trkpt>
<trkpt lat="41.108567" lon="-1.410830"></trkpt>
<trkpt lat="41.108798" lon="-1.411051"></trkpt>
<trkpt lat="41.108993" lon="-1.411278"></trkpt>
<trkpt lat="41.109231" lon="-1.411654"></trkpt>
<trkpt lat="41.109233" lon="-1.411657"></trkpt>
<trkpt lat="41.109393" lon="-1.411973"></trkpt>
<trkpt lat="41.109843" lon="-1.413314"></trkpt>
<trkpt lat="41.110244" lon="-1.414506"></trkpt>
<trkpt lat="41.110420" lon="-1.414902"></trkpt>
<trkpt lat="41.111127" lon="-1.415798"></trkpt>
<trkpt lat="41.111282" lon="-1.415946"></trkpt>
<trkpt lat="41.111402" lon="-1.416022"></trkpt>
<trkpt lat="41.111596" lon="-1.416080"></trkpt>
<trkpt lat="41.111913" lon="-1.416055"></trkpt>
<trkpt lat="41.112348" lon="-1.415876"></trkpt>
<trkpt lat="41.112552" lon="-1.415764"></trkpt>
<trkpt lat="41.112720" lon="-1.415604"></trkpt>
<trkpt lat="41.112871" lon="-1.415355"></trkpt>
<trkpt lat="41.113073" lon="-1.414846"></trkpt>
<trkpt lat="41.113275" lon="-1.414055"></trkpt>
<trkpt lat="41.113362" lon="-1.413589"></trkpt>
<trkpt lat="41.113373" lon="-1.413286"></trkpt>
<trkpt lat="41.113305" lon="-1.412089"></trkpt>
<trkpt lat="41.113300" lon="-1.411996"></trkpt>
<trkpt lat="41.113296" lon="-1.411611"></trkpt>
<trkpt lat="41.113351" lon="-1.411229"></trkpt>
<trkpt lat="41.113435" lon="-1.410890"></trkpt>
<trkpt lat="41.113850" lon="-1.409749"></trkpt>
<trkpt lat="41.114159" lon="-1.408977"></trkpt>
<trkpt lat="41.114289" lon="-1.408740"></trkpt>
<trkpt lat="41.114471" lon="-1.408533"></trkpt>
<trkpt lat="41.114613" lon="-1.408405"></trkpt>
<trkpt lat="41.114991" lon="-1.408115"></trkpt>
<trkpt lat="41.115194" lon="-1.407959"></trkpt>
<trkpt lat="41.115789" lon="-1.407503"></trkpt>
<trkpt lat="41.116141" lon="-1.407211"></trkpt>
<trkpt lat="41.116496" lon="-1.406932"></trkpt>
<trkpt lat="41.116717" lon="-1.406689"></trkpt>
<trkpt lat="41.116831" lon="-1.406511"></trkpt>
<trkpt lat="41.117009" lon="-1.406235"></trkpt>
<trkpt lat="41.117257" lon="-1.405848"></trkpt>
<trkpt lat="41.117457" lon="-1.405537"></trkpt>
<trkpt lat="41.117745" lon="-1.405090"></trkpt>
<trkpt lat="41.118062" lon="-1.404596"></trkpt>
<trkpt lat="41.118708" lon="-1.403591"></trkpt>
<trkpt lat="41.119012" lon="-1.403118"></trkpt>
<trkpt lat="41.119534" lon="-1.402306"></trkpt>
<trkpt lat="41.120138" lon="-1.401366"></trkpt>
<trkpt lat="41.121190" lon="-1.399730"></trkpt>
<trkpt lat="41.121541" lon="-1.399185"></trkpt>
<trkpt lat="41.121896" lon="-1.398622"></trkpt>
<trkpt lat="41.121935" lon="-1.398375"></trkpt>
<trkpt lat="41.121912" lon="-1.398215"></trkpt>
<trkpt lat="41.121777" lon="-1.398029"></trkpt>
<trkpt lat="41.121721" lon="-1.397768"></trkpt>
<trkpt lat="41.121764" lon="-1.397507"></trkpt>
<trkpt lat="41.121852" lon="-1.397352"></trkpt>
<trkpt lat="41.122033" lon="-1.397221"></trkpt>
<trkpt lat="41.122273" lon="-1.397237"></trkpt>
<trkpt lat="41.122432" lon="-1.397375"></trkpt>
<trkpt lat="41.122597" lon="-1.397409"></trkpt>
<trkpt lat="41.122896" lon="-1.397327"></trkpt>
<trkpt lat="41.123179" lon="-1.397105"></trkpt>
<trkpt lat="41.123584" lon="-1.396719"></trkpt>
<trkpt lat="41.124060" lon="-1.396350"></trkpt>
<trkpt lat="41.124645" lon="-1.395982"></trkpt>
<trkpt lat="41.125289" lon="-1.395624"></trkpt>
<trkpt lat="41.126484" lon="-1.395160"></trkpt>
<trkpt lat="41.127860" lon="-1.394620"></trkpt>
<trkpt lat="41.128294" lon="-1.394545"></trkpt>
<trkpt lat="41.128735" lon="-1.394547"></trkpt>
<trkpt lat="41.129215" lon="-1.394641"></trkpt>
<trkpt lat="41.129592" lon="-1.394789"></trkpt>
<trkpt lat="41.130030" lon="-1.395046"></trkpt>
<trkpt lat="41.131206" lon="-1.395909"></trkpt>
<trkpt lat="41.131515" lon="-1.396227"></trkpt>
<trkpt lat="41.131832" lon="-1.396701"></trkpt>
<trkpt lat="41.132315" lon="-1.397478"></trkpt>
<trkpt lat="41.132493" lon="-1.397710"></trkpt>
<trkpt lat="41.132576" lon="-1.397818"></trkpt>
<trkpt lat="41.133711" lon="-1.398945"></trkpt>
<trkpt lat="41.133909" lon="-1.399141"></trkpt>
<trkpt lat="41.134908" lon="-1.400132"></trkpt>
<trkpt lat="41.135285" lon="-1.400389"></trkpt>
<trkpt lat="41.135646" lon="-1.400564"></trkpt>
<trkpt lat="41.135913" lon="-1.400620"></trkpt>
<trkpt lat="41.136207" lon="-1.400631"></trkpt>
<trkpt lat="41.136528" lon="-1.400566"></trkpt>
<trkpt lat="41.136898" lon="-1.400412"></trkpt>
<trkpt lat="41.137010" lon="-1.400336"></trkpt>
<trkpt lat="41.137060" lon="-1.400375"></trkpt>
<trkpt lat="41.137184" lon="-1.400689"></trkpt>
<trkpt lat="41.137204" lon="-1.400782"></trkpt>
<trkpt lat="41.137222" lon="-1.400893"></trkpt>
<trkpt lat="41.137285" lon="-1.401052"></trkpt>
<trkpt lat="41.137515" lon="-1.401631"></trkpt>
<trkpt lat="41.137962" lon="-1.402755"></trkpt>
<trkpt lat="41.139638" lon="-1.405280"></trkpt>
<trkpt lat="41.140392" lon="-1.407283"></trkpt>
<trkpt lat="41.140820" lon="-1.407922"></trkpt>
<trkpt lat="41.142952" lon="-1.410497"></trkpt>
<trkpt lat="41.144761" lon="-1.412384"></trkpt>
<trkpt lat="41.149077" lon="-1.416887"></trkpt>
<trkpt lat="41.150993" lon="-1.417750"></trkpt>
<trkpt lat="41.151387" lon="-1.418068"></trkpt>
<trkpt lat="41.152277" lon="-1.419346"></trkpt>
<trkpt lat="41.152886" lon="-1.420220"></trkpt>
<trkpt lat="41.153411" lon="-1.420973"></trkpt>
<trkpt lat="41.153807" lon="-1.421316"></trkpt>
<trkpt lat="41.154057" lon="-1.421532"></trkpt>
<trkpt lat="41.156112" lon="-1.422626"></trkpt>
<trkpt lat="41.158062" lon="-1.423665"></trkpt>
<trkpt lat="41.159618" lon="-1.424768"></trkpt>
<trkpt lat="41.164807" lon="-1.429368"></trkpt>
<trkpt lat="41.164960" lon="-1.429503"></trkpt>
<trkpt lat="41.169308" lon="-1.434980"></trkpt>
<trkpt lat="41.169833" lon="-1.435367"></trkpt>
<trkpt lat="41.170529" lon="-1.435725"></trkpt>
<trkpt lat="41.172087" lon="-1.436552"></trkpt>
<trkpt lat="41.172848" lon="-1.437207"></trkpt>
<trkpt lat="41.175827" lon="-1.440230"></trkpt>
<trkpt lat="41.176500" lon="-1.440939"></trkpt>
<trkpt lat="41.176706" lon="-1.441213"></trkpt>
<trkpt lat="41.176973" lon="-1.441704"></trkpt>
<trkpt lat="41.177167" lon="-1.442315"></trkpt>
<trkpt lat="41.177221" lon="-1.442611"></trkpt>
<trkpt lat="41.177320" lon="-1.444055"></trkpt>
<trkpt lat="41.177445" lon="-1.444713"></trkpt>
<trkpt lat="41.177540" lon="-1.445027"></trkpt>
<trkpt lat="41.177919" lon="-1.446030"></trkpt>
<trkpt lat="41.178514" lon="-1.447585"></trkpt>
<trkpt lat="41.179043" lon="-1.448967"></trkpt>
<trkpt lat="41.180374" lon="-1.451540"></trkpt>
<trkpt lat="41.180568" lon="-1.452106"></trkpt>
<trkpt lat="41.180893" lon="-1.453473"></trkpt>
<trkpt lat="41.181068" lon="-1.454262"></trkpt>
<trkpt lat="41.181124" lon="-1.454619"></trkpt>
<trkpt lat="41.181136" lon="-1.455266"></trkpt>
<trkpt lat="41.181022" lon="-1.456495"></trkpt>
<trkpt lat="41.181045" lon="-1.457182"></trkpt>
<trkpt lat="41.181101" lon="-1.457660"></trkpt>
<trkpt lat="41.181194" lon="-1.458421"></trkpt>
<trkpt lat="41.181312" lon="-1.459090"></trkpt>
<trkpt lat="41.181489" lon="-1.459693"></trkpt>
<trkpt lat="41.182435" lon="-1.461377"></trkpt>
<trkpt lat="41.183236" lon="-1.463269"></trkpt>
<trkpt lat="41.183405" lon="-1.463571"></trkpt>
<trkpt lat="41.183590" lon="-1.463826"></trkpt>
<trkpt lat="41.184992" lon="-1.465464"></trkpt>
<trkpt lat="41.185218" lon="-1.465907"></trkpt>
<trkpt lat="41.185399" lon="-1.466367"></trkpt>
<trkpt lat="41.185959" lon="-1.468700"></trkpt>
<trkpt lat="41.186109" lon="-1.469151"></trkpt>
<trkpt lat="41.186298" lon="-1.469540"></trkpt>
<trkpt lat="41.186614" lon="-1.470037"></trkpt>
<trkpt lat="41.187908" lon="-1.471733"></trkpt>
<trkpt lat="41.190233" lon="-1.474325"></trkpt>
<trkpt lat="41.191168" lon="-1.475659"></trkpt>
<trkpt lat="41.192166" lon="-1.477522"></trkpt>
<trkpt lat="41.192363" lon="-1.478215"></trkpt>
<trkpt lat="41.192590" lon="-1.479923"></trkpt>
<trkpt lat="41.192785" lon="-1.481393"></trkpt>
<trkpt lat="41.193226" lon="-1.482851"></trkpt>
<trkpt lat="41.193660" lon="-1.484182"></trkpt>
<trkpt lat="41.193807" lon="-1.485110"></trkpt>
<trkpt lat="41.193922" lon="-1.486601"></trkpt>
<trkpt lat="41.194253" lon="-1.490884"></trkpt>
<trkpt lat="41.194334" lon="-1.491393"></trkpt>
<trkpt lat="41.194527" lon="-1.492641"></trkpt>
<trkpt lat="41.195181" lon="-1.495250"></trkpt>
<trkpt lat="41.195997" lon="-1.497387"></trkpt>
<trkpt lat="41.196379" lon="-1.498276"></trkpt>
<trkpt lat="41.197293" lon="-1.500370"></trkpt>
<trkpt lat="41.197944" lon="-1.501798"></trkpt>
<trkpt lat="41.198312" lon="-1.502488"></trkpt>
<trkpt lat="41.199061" lon="-1.503807"></trkpt>
<trkpt lat="41.199345" lon="-1.504376"></trkpt>
<trkpt lat="41.200119" lon="-1.506707"></trkpt>
<trkpt lat="41.201047" lon="-1.509107"></trkpt>
<trkpt lat="41.201329" lon="-1.509797"></trkpt>
<trkpt lat="41.201491" lon="-1.510108"></trkpt>
<trkpt lat="41.203000" lon="-1.512229"></trkpt>
<trkpt lat="41.203004" lon="-1.512234"></trkpt>
<trkpt lat="41.203343" lon="-1.512661"></trkpt>
<trkpt lat="41.203622" lon="-1.513010"></trkpt>
<trkpt lat="41.203725" lon="-1.513168"></trkpt>
<trkpt lat="41.203945" lon="-1.513506"></trkpt>
<trkpt lat="41.204113" lon="-1.513734"></trkpt>
<trkpt lat="41.205138" lon="-1.515238"></trkpt>
<trkpt lat="41.205542" lon="-1.515863"></trkpt>
<trkpt lat="41.205680" lon="-1.516006"></trkpt>
<trkpt lat="41.205818" lon="-1.516076"></trkpt>
<trkpt lat="41.205986" lon="-1.516113"></trkpt>
<trkpt lat="41.206436" lon="-1.516124"></trkpt>
<trkpt lat="41.206789" lon="-1.516093"></trkpt>
<trkpt lat="41.207097" lon="-1.516020"></trkpt>
<trkpt lat="41.207227" lon="-1.515958"></trkpt>
<trkpt lat="41.207608" lon="-1.515846"></trkpt>
<trkpt lat="41.207824" lon="-1.515873"></trkpt>
<trkpt lat="41.208026" lon="-1.515969"></trkpt>
<trkpt lat="41.208324" lon="-1.516172"></trkpt>
<trkpt lat="41.208566" lon="-1.516333"></trkpt>
<trkpt lat="41.208803" lon="-1.516485"></trkpt>
<trkpt lat="41.208907" lon="-1.516552"></trkpt>
<trkpt lat="41.209236" lon="-1.516855"></trkpt>
<trkpt lat="41.209317" lon="-1.516998"></trkpt>
<trkpt lat="41.209728" lon="-1.517860"></trkpt>
<trkpt lat="41.209903" lon="-1.518170"></trkpt>
<trkpt lat="41.212983" lon="-1.521493"></trkpt>
<trkpt lat="41.213857" lon="-1.522509"></trkpt>
<trkpt lat="41.214460" lon="-1.523291"></trkpt>
<trkpt lat="41.214708" lon="-1.523782"></trkpt>
<trkpt lat="41.215427" lon="-1.525438"></trkpt>
<trkpt lat="41.215530" lon="-1.525677"></trkpt>
<trkpt lat="41.215835" lon="-1.526214"></trkpt>
<trkpt lat="41.216251" lon="-1.526715"></trkpt>
<trkpt lat="41.218044" lon="-1.528034"></trkpt>
<trkpt lat="41.218352" lon="-1.528291"></trkpt>
<trkpt lat="41.218711" lon="-1.528670"></trkpt>
<trkpt lat="41.218972" lon="-1.529096"></trkpt>
<trkpt lat="41.219686" lon="-1.530412"></trkpt>
<trkpt lat="41.220050" lon="-1.530992"></trkpt>
<trkpt lat="41.220395" lon="-1.531467"></trkpt>
<trkpt lat="41.221271" lon="-1.532505"></trkpt>
<trkpt lat="41.223824" lon="-1.535215"></trkpt>
<trkpt lat="41.225610" lon="-1.537116"></trkpt>
<trkpt lat="41.225857" lon="-1.537431"></trkpt>
<trkpt lat="41.227384" lon="-1.540050"></trkpt>
<trkpt lat="41.227538" lon="-1.540246"></trkpt>
<trkpt lat="41.227769" lon="-1.540423"></trkpt>
<trkpt lat="41.228629" lon="-1.540816"></trkpt>
<trkpt lat="41.229061" lon="-1.541095"></trkpt>
<trkpt lat="41.230709" lon="-1.542165"></trkpt>
<trkpt lat="41.231927" lon="-1.542680"></trkpt>
<trkpt lat="41.232611" lon="-1.542992"></trkpt>
<trkpt lat="41.235142" lon="-1.544246"></trkpt>
<trkpt lat="41.235582" lon="-1.544507"></trkpt>
<trkpt lat="41.236041" lon="-1.544966"></trkpt>
<trkpt lat="41.237575" lon="-1.547019"></trkpt>
<trkpt lat="41.237815" lon="-1.547441"></trkpt>
<trkpt lat="41.237996" lon="-1.547932"></trkpt>
<trkpt lat="41.238115" lon="-1.548462"></trkpt>
<trkpt lat="41.238275" lon="-1.550457"></trkpt>
<trkpt lat="41.238538" lon="-1.551626"></trkpt>
<trkpt lat="41.238875" lon="-1.552630"></trkpt>
<trkpt lat="41.239041" lon="-1.552956"></trkpt>
<trkpt lat="41.239282" lon="-1.553326"></trkpt>
<trkpt lat="41.240428" lon="-1.554984"></trkpt>
<trkpt lat="41.240742" lon="-1.555671"></trkpt>
<trkpt lat="41.240976" lon="-1.556281"></trkpt>
<trkpt lat="41.241306" lon="-1.557499"></trkpt>
<trkpt lat="41.241665" lon="-1.558605"></trkpt>
<trkpt lat="41.242291" lon="-1.560083"></trkpt>
<trkpt lat="41.247180" lon="-1.571625"></trkpt>
<trkpt lat="41.247775" lon="-1.572823"></trkpt>
<trkpt lat="41.248348" lon="-1.573730"></trkpt>
<trkpt lat="41.248443" lon="-1.573846"></trkpt>
<trkpt lat="41.249622" lon="-1.575230"></trkpt>
<trkpt lat="41.252832" lon="-1.577870"></trkpt>
<trkpt lat="41.253288" lon="-1.578286"></trkpt>
<trkpt lat="41.254070" lon="-1.579096"></trkpt>
<trkpt lat="41.254330" lon="-1.579438"></trkpt>
<trkpt lat="41.254519" lon="-1.579685"></trkpt>
<trkpt lat="41.254776" lon="-1.580090"></trkpt>
<trkpt lat="41.254969" lon="-1.580396"></trkpt>
<trkpt lat="41.255189" lon="-1.580811"></trkpt>
<trkpt lat="41.255686" lon="-1.581739"></trkpt>
<trkpt lat="41.256197" lon="-1.582623"></trkpt>
<trkpt lat="41.257515" lon="-1.584632"></trkpt>
<trkpt lat="41.258589" lon="-1.586237"></trkpt>
<trkpt lat="41.265750" lon="-1.596080"></trkpt>
<trkpt lat="41.266027" lon="-1.596425"></trkpt>
<trkpt lat="41.266303" lon="-1.596717"></trkpt>
<trkpt lat="41.266814" lon="-1.597196"></trkpt>
<trkpt lat="41.267334" lon="-1.597632"></trkpt>
<trkpt lat="41.267426" lon="-1.597714"></trkpt>
<trkpt lat="41.267648" lon="-1.597910"></trkpt>
<trkpt lat="41.268227" lon="-1.598534"></trkpt>
<trkpt lat="41.270423" lon="-1.601177"></trkpt>
<trkpt lat="41.270888" lon="-1.601639"></trkpt>
<trkpt lat="41.271595" lon="-1.602144"></trkpt>
<trkpt lat="41.271909" lon="-1.602376"></trkpt>
<trkpt lat="41.272129" lon="-1.602553"></trkpt>
<trkpt lat="41.272580" lon="-1.603018"></trkpt>
<trkpt lat="41.273075" lon="-1.603656"></trkpt>
<trkpt lat="41.274201" lon="-1.605101"></trkpt>
<trkpt lat="41.274398" lon="-1.605338"></trkpt>
<trkpt lat="41.275477" lon="-1.606636"></trkpt>
<trkpt lat="41.275923" lon="-1.607100"></trkpt>
<trkpt lat="41.276348" lon="-1.607384"></trkpt>
<trkpt lat="41.276599" lon="-1.607494"></trkpt>
<trkpt lat="41.276992" lon="-1.607606"></trkpt>
<trkpt lat="41.277879" lon="-1.607671"></trkpt>
<trkpt lat="41.278291" lon="-1.607754"></trkpt>
<trkpt lat="41.278723" lon="-1.607944"></trkpt>
<trkpt lat="41.279043" lon="-1.608172"></trkpt>
<trkpt lat="41.281772" lon="-1.610370"></trkpt>
<trkpt lat="41.282256" lon="-1.610879"></trkpt>
<trkpt lat="41.283146" lon="-1.612042"></trkpt>
<trkpt lat="41.283345" lon="-1.612236"></trkpt>
<trkpt lat="41.284714" lon="-1.613394"></trkpt>
<trkpt lat="41.285376" lon="-1.614099"></trkpt>
<trkpt lat="41.286032" lon="-1.614882"></trkpt>
<trkpt lat="41.286282" lon="-1.615335"></trkpt>
<trkpt lat="41.286303" lon="-1.615380"></trkpt>
<trkpt lat="41.286390" lon="-1.615548"></trkpt>
<trkpt lat="41.286598" lon="-1.615736"></trkpt>
<trkpt lat="41.287119" lon="-1.616037"></trkpt>
<trkpt lat="41.287286" lon="-1.616165"></trkpt>
<trkpt lat="41.287540" lon="-1.616285"></trkpt>
<trkpt lat="41.287679" lon="-1.616413"></trkpt>
<trkpt lat="41.287975" lon="-1.616598"></trkpt>
<trkpt lat="41.288539" lon="-1.617162"></trkpt>
<trkpt lat="41.289132" lon="-1.617723"></trkpt>
<trkpt lat="41.289310" lon="-1.617940"></trkpt>
<trkpt lat="41.289447" lon="-1.618055"></trkpt>
<trkpt lat="41.289549" lon="-1.618142"></trkpt>
<trkpt lat="41.289673" lon="-1.618246"></trkpt>
<trkpt lat="41.289744" lon="-1.618317"></trkpt>
<trkpt lat="41.289912" lon="-1.618493"></trkpt>
<trkpt lat="41.290077" lon="-1.618724"></trkpt>
<trkpt lat="41.290203" lon="-1.618885"></trkpt>
<trkpt lat="41.290315" lon="-1.619035"></trkpt>
<trkpt lat="41.290971" lon="-1.619746"></trkpt>
<trkpt lat="41.290901" lon="-1.619903"></trkpt>
<trkpt lat="41.290994" lon="-1.619942"></trkpt>
<trkpt lat="41.291423" lon="-1.620222"></trkpt>
<trkpt lat="41.291923" lon="-1.620662"></trkpt>
<trkpt lat="41.294322" lon="-1.622985"></trkpt>
<trkpt lat="41.296484" lon="-1.625049"></trkpt>
<trkpt lat="41.297762" lon="-1.626269"></trkpt>
<trkpt lat="41.297960" lon="-1.626458"></trkpt>
<trkpt lat="41.298106" lon="-1.626554"></trkpt>
<trkpt lat="41.298693" lon="-1.627083"></trkpt>
<trkpt lat="41.299750" lon="-1.628107"></trkpt>
<trkpt lat="41.300491" lon="-1.628754"></trkpt>
<trkpt lat="41.300896" lon="-1.629058"></trkpt>
<trkpt lat="41.301826" lon="-1.629743"></trkpt>
<trkpt lat="41.302903" lon="-1.630433"></trkpt>
<trkpt lat="41.303341" lon="-1.630786"></trkpt>
<trkpt lat="41.303646" lon="-1.631209"></trkpt>
<trkpt lat="41.304276" lon="-1.632528"></trkpt>
<trkpt lat="41.304430" lon="-1.632776"></trkpt>
<trkpt lat="41.304594" lon="-1.632979"></trkpt>
<trkpt lat="41.307516" lon="-1.635620"></trkpt>
<trkpt lat="41.308711" lon="-1.636681"></trkpt>
<trkpt lat="41.309046" lon="-1.636949"></trkpt>
<trkpt lat="41.309691" lon="-1.637318"></trkpt>
<trkpt lat="41.310067" lon="-1.637569"></trkpt>
<trkpt lat="41.310724" lon="-1.638087"></trkpt>
<trkpt lat="41.311089" lon="-1.638430"></trkpt>
<trkpt lat="41.311603" lon="-1.638982"></trkpt>
<trkpt lat="41.312566" lon="-1.640052"></trkpt>
<trkpt lat="41.313046" lon="-1.640583"></trkpt>
<trkpt lat="41.314364" lon="-1.641959"></trkpt>
<trkpt lat="41.314463" lon="-1.642046"></trkpt>
<trkpt lat="41.315098" lon="-1.642406"></trkpt>
<trkpt lat="41.315208" lon="-1.642443"></trkpt>
<trkpt lat="41.315443" lon="-1.642439"></trkpt>
<trkpt lat="41.316088" lon="-1.642309"></trkpt>
<trkpt lat="41.316221" lon="-1.642306"></trkpt>
<trkpt lat="41.316378" lon="-1.642340"></trkpt>
<trkpt lat="41.316648" lon="-1.642465"></trkpt>
<trkpt lat="41.317404" lon="-1.642842"></trkpt>
<trkpt lat="41.318317" lon="-1.643085"></trkpt>
<trkpt lat="41.319421" lon="-1.643402"></trkpt>
<trkpt lat="41.319784" lon="-1.643508"></trkpt>
<trkpt lat="41.320498" lon="-1.643721"></trkpt>
<trkpt lat="41.321763" lon="-1.644087"></trkpt>
<trkpt lat="41.322828" lon="-1.644233"></trkpt>
<trkpt lat="41.323055" lon="-1.644240"></trkpt>
<trkpt lat="41.323364" lon="-1.644186"></trkpt>
<trkpt lat="41.325758" lon="-1.643338"></trkpt>
<trkpt lat="41.326008" lon="-1.643277"></trkpt>
<trkpt lat="41.326200" lon="-1.643261"></trkpt>
<trkpt lat="41.326410" lon="-1.643282"></trkpt>
<trkpt lat="41.326833" lon="-1.643437"></trkpt>
<trkpt lat="41.326992" lon="-1.643443"></trkpt>
<trkpt lat="41.327174" lon="-1.643398"></trkpt>
<trkpt lat="41.327288" lon="-1.643288"></trkpt>
<trkpt lat="41.327420" lon="-1.643284"></trkpt>
<trkpt lat="41.327543" lon="-1.643397"></trkpt>
<trkpt lat="41.327846" lon="-1.643490"></trkpt>
<trkpt lat="41.328595" lon="-1.643470"></trkpt>
<trkpt lat="41.329947" lon="-1.643603"></trkpt>
<trkpt lat="41.330098" lon="-1.643594"></trkpt>
<trkpt lat="41.330903" lon="-1.643534"></trkpt>
<trkpt lat="41.332408" lon="-1.643449"></trkpt>
<trkpt lat="41.332714" lon="-1.643455"></trkpt>
<trkpt lat="41.333047" lon="-1.643422"></trkpt>
<trkpt lat="41.333130" lon="-1.643389"></trkpt>
<trkpt lat="41.333194" lon="-1.643352"></trkpt>
<trkpt lat="41.333297" lon="-1.643370"></trkpt>
<trkpt lat="41.333815" lon="-1.643340"></trkpt>
<trkpt lat="41.333994" lon="-1.643315"></trkpt>
<trkpt lat="41.334358" lon="-1.643206"></trkpt>
<trkpt lat="41.335026" lon="-1.643037"></trkpt>
<trkpt lat="41.335549" lon="-1.642891"></trkpt>
<trkpt lat="41.335744" lon="-1.642838"></trkpt>
<trkpt lat="41.336340" lon="-1.642675"></trkpt>
<trkpt lat="41.336574" lon="-1.642620"></trkpt>
<trkpt lat="41.336842" lon="-1.642566"></trkpt>
<trkpt lat="41.336989" lon="-1.642545"></trkpt>
<trkpt lat="41.337217" lon="-1.642506"></trkpt>
<trkpt lat="41.337235" lon="-1.642485"></trkpt>
<trkpt lat="41.337333" lon="-1.642449"></trkpt>
<trkpt lat="41.337428" lon="-1.642506"></trkpt>
<trkpt lat="41.337661" lon="-1.642600"></trkpt>
<trkpt lat="41.337903" lon="-1.642677"></trkpt>
<trkpt lat="41.338212" lon="-1.642771"></trkpt>
<trkpt lat="41.338469" lon="-1.642777"></trkpt>
<trkpt lat="41.338677" lon="-1.642730"></trkpt>
<trkpt lat="41.339535" lon="-1.642430"></trkpt>
<trkpt lat="41.340419" lon="-1.642116"></trkpt>
<trkpt lat="41.341059" lon="-1.641894"></trkpt>
<trkpt lat="41.341176" lon="-1.641852"></trkpt>
<trkpt lat="41.341624" lon="-1.641701"></trkpt>
<trkpt lat="41.341653" lon="-1.641691"></trkpt>
<trkpt lat="41.342644" lon="-1.641348"></trkpt>
<trkpt lat="41.343060" lon="-1.641197"></trkpt>
<trkpt lat="41.343172" lon="-1.641107"></trkpt>
<trkpt lat="41.343184" lon="-1.641067"></trkpt>
<trkpt lat="41.343220" lon="-1.641026"></trkpt>
<trkpt lat="41.343268" lon="-1.641019"></trkpt>
<trkpt lat="41.343319" lon="-1.641067"></trkpt>
<trkpt lat="41.343437" lon="-1.641063"></trkpt>
<trkpt lat="41.344236" lon="-1.640781"></trkpt>
<trkpt lat="41.344582" lon="-1.640672"></trkpt>
<trkpt lat="41.344902" lon="-1.640624"></trkpt>
<trkpt lat="41.345053" lon="-1.640643"></trkpt>
<trkpt lat="41.345352" lon="-1.640752"></trkpt>
<trkpt lat="41.345575" lon="-1.640910"></trkpt>
<trkpt lat="41.346704" lon="-1.641916"></trkpt>
<trkpt lat="41.346911" lon="-1.642093"></trkpt>
<trkpt lat="41.347047" lon="-1.642085"></trkpt>
<trkpt lat="41.347081" lon="-1.642057"></trkpt>
<trkpt lat="41.347147" lon="-1.642066"></trkpt>
<trkpt lat="41.347185" lon="-1.642109"></trkpt>
<trkpt lat="41.347197" lon="-1.642169"></trkpt>
<trkpt lat="41.347198" lon="-1.642179"></trkpt>
<trkpt lat="41.347185" lon="-1.642236"></trkpt>
<trkpt lat="41.347265" lon="-1.642424"></trkpt>
<trkpt lat="41.347491" lon="-1.642629"></trkpt>
<trkpt lat="41.348166" lon="-1.643238"></trkpt>
<trkpt lat="41.348661" lon="-1.643710"></trkpt>
<trkpt lat="41.348675" lon="-1.643720"></trkpt>
<trkpt lat="41.348810" lon="-1.643781"></trkpt>
<trkpt lat="41.348860" lon="-1.643756"></trkpt>
<trkpt lat="41.348887" lon="-1.643754"></trkpt>
<trkpt lat="41.348991" lon="-1.643822"></trkpt>
<trkpt lat="41.349018" lon="-1.643898"></trkpt>
<trkpt lat="41.349019" lon="-1.643972"></trkpt>
<trkpt lat="41.349174" lon="-1.644151"></trkpt>
<trkpt lat="41.349745" lon="-1.644637"></trkpt>
<trkpt lat="41.349791" lon="-1.644677"></trkpt>
<trkpt lat="41.350087" lon="-1.644942"></trkpt>
<trkpt lat="41.350157" lon="-1.644874"></trkpt>
<trkpt lat="41.350219" lon="-1.644874"></trkpt>
<trkpt lat="41.350278" lon="-1.644914"></trkpt>
<trkpt lat="41.350304" lon="-1.644979"></trkpt>
<trkpt lat="41.350309" lon="-1.645016"></trkpt>
<trkpt lat="41.350265" lon="-1.645155"></trkpt>
<trkpt lat="41.350192" lon="-1.645191"></trkpt>
<trkpt lat="41.350182" lon="-1.645191"></trkpt>
<trkpt lat="41.350183" lon="-1.645737"></trkpt>
<trkpt lat="41.350298" lon="-1.645897"></trkpt>
<trkpt lat="41.350440" lon="-1.646046"></trkpt>
<trkpt lat="41.350574" lon="-1.646193"></trkpt>
<trkpt lat="41.350709" lon="-1.646346"></trkpt>
<trkpt lat="41.350836" lon="-1.646492"></trkpt>
<trkpt lat="41.350090" lon="-1.647657"></trkpt>
<trkpt lat="41.350104" lon="-1.647723"></trkpt>
<trkpt lat="41.350585" lon="-1.648216"></trkpt>
<trkpt lat="41.350834" lon="-1.647946"></trkpt>
<trkpt lat="41.350868" lon="-1.647895"></trkpt>
<trkpt lat="41.350948" lon="-1.647773"></trkpt>
<trkpt lat="41.351037" lon="-1.647637"></trkpt>
<trkpt lat="41.351074" lon="-1.647581"></trkpt>
<trkpt lat="41.351978" lon="-1.648032"></trkpt>
<trkpt lat="41.352170" lon="-1.648095"></trkpt>
<trkpt lat="41.352313" lon="-1.648208"></trkpt>
<trkpt lat="41.352359" lon="-1.648394"></trkpt>
<trkpt lat="41.352332" lon="-1.648597"></trkpt>
<trkpt lat="41.352367" lon="-1.648627"></trkpt>
<trkpt lat="41.352163" lon="-1.649231"></trkpt>
<trkpt lat="41.353039" lon="-1.649512"></trkpt>
<trkpt lat="41.353161" lon="-1.649666"></trkpt>
<trkpt lat="41.353331" lon="-1.649659"></trkpt>
<trkpt lat="41.353387" lon="-1.649611"></trkpt>
<trkpt lat="41.353429" lon="-1.649558"></trkpt>
<trkpt lat="41.353539" lon="-1.649316"></trkpt>
<trkpt lat="41.353676" lon="-1.648878"></trkpt>
<trkpt lat="41.353896" lon="-1.648001"></trkpt>
<trkpt lat="41.354018" lon="-1.647747"></trkpt>
<trkpt lat="41.354165" lon="-1.647456"></trkpt>
<trkpt lat="41.354422" lon="-1.647112"></trkpt>
<trkpt lat="41.354309" lon="-1.647009"></trkpt>
<trkpt lat="41.354433" lon="-1.646985"></trkpt>
<trkpt lat="41.354299" lon="-1.646506"></trkpt>
<trkpt lat="41.354319" lon="-1.646496"></trkpt>
<trkpt lat="41.354306" lon="-1.646275"></trkpt>
<trkpt lat="41.354380" lon="-1.646269"></trkpt>
<trkpt lat="41.354453" lon="-1.646013"></trkpt>
<trkpt lat="41.354445" lon="-1.645970"></trkpt>
<trkpt lat="41.354598" lon="-1.645861"></trkpt>
<trkpt lat="41.354423" lon="-1.645578"></trkpt>
<trkpt lat="41.354484" lon="-1.645501"></trkpt>
<trkpt lat="41.354572" lon="-1.645304"></trkpt>
<trkpt lat="41.354616" lon="-1.645111"></trkpt>
<trkpt lat="41.354676" lon="-1.644964"></trkpt>
<trkpt lat="41.354850" lon="-1.644788"></trkpt>
<trkpt lat="41.355008" lon="-1.644326"></trkpt>
<trkpt lat="41.355016" lon="-1.644183"></trkpt>
<trkpt lat="41.355152" lon="-1.643714"></trkpt>
<trkpt lat="41.355188" lon="-1.643576"></trkpt>
<trkpt lat="41.355270" lon="-1.643311"></trkpt>
<trkpt lat="41.355272" lon="-1.643247"></trkpt>
<trkpt lat="41.355288" lon="-1.643110"></trkpt>
<trkpt lat="41.355300" lon="-1.643054"></trkpt>
<trkpt lat="41.355308" lon="-1.643009"></trkpt>
<trkpt lat="41.355362" lon="-1.642734"></trkpt>
<trkpt lat="41.355378" lon="-1.642570"></trkpt>
<trkpt lat="41.355401" lon="-1.642287"></trkpt>
<trkpt lat="41.355503" lon="-1.641884"></trkpt>
<trkpt lat="41.355516" lon="-1.641737"></trkpt>
<trkpt lat="41.355483" lon="-1.641572"></trkpt>
<trkpt lat="41.355335" lon="-1.641179"></trkpt>
<trkpt lat="41.355401" lon="-1.641132"></trkpt>
<trkpt lat="41.355477" lon="-1.641080"></trkpt>
<trkpt lat="41.355691" lon="-1.640907"></trkpt>
<trkpt lat="41.355789" lon="-1.640849"></trkpt>
<trkpt lat="41.356951" lon="-1.639952"></trkpt>
<trkpt lat="41.357721" lon="-1.639387"></trkpt>
<trkpt lat="41.358419" lon="-1.638744"></trkpt>
<trkpt lat="41.359039" lon="-1.638029"></trkpt>
<trkpt lat="41.359527" lon="-1.637297"></trkpt>
<trkpt lat="41.359602" lon="-1.637141"></trkpt>
<trkpt lat="41.359704" lon="-1.636929"></trkpt>
<trkpt lat="41.360158" lon="-1.636200"></trkpt>
<trkpt lat="41.360265" lon="-1.636038"></trkpt>
<trkpt lat="41.361469" lon="-1.634390"></trkpt>
<trkpt lat="41.361799" lon="-1.633893"></trkpt>
<trkpt lat="41.362092" lon="-1.633317"></trkpt>
<trkpt lat="41.365348" lon="-1.628638"></trkpt>
<trkpt lat="41.365358" lon="-1.628624"></trkpt>
<trkpt lat="41.365561" lon="-1.628018"></trkpt>
<trkpt lat="41.365747" lon="-1.627141"></trkpt>
<trkpt lat="41.365736" lon="-1.626941"></trkpt>
<trkpt lat="41.365690" lon="-1.626817"></trkpt>
<trkpt lat="41.365618" lon="-1.626734"></trkpt>
<trkpt lat="41.365558" lon="-1.626599"></trkpt>
<trkpt lat="41.365541" lon="-1.626498"></trkpt>
<trkpt lat="41.365546" lon="-1.626368"></trkpt>
<trkpt lat="41.365593" lon="-1.626217"></trkpt>
<trkpt lat="41.365699" lon="-1.626083"></trkpt>
<trkpt lat="41.365802" lon="-1.626028"></trkpt>
<trkpt lat="41.365913" lon="-1.626029"></trkpt>
<trkpt lat="41.366054" lon="-1.626113"></trkpt>
<trkpt lat="41.366113" lon="-1.626192"></trkpt>
<trkpt lat="41.367201" lon="-1.626471"></trkpt>
<trkpt lat="41.367475" lon="-1.626587"></trkpt>
<trkpt lat="41.367606" lon="-1.626621"></trkpt>
<trkpt lat="41.367930" lon="-1.626734"></trkpt>
<trkpt lat="41.368393" lon="-1.626999"></trkpt>
<trkpt lat="41.368693" lon="-1.627259"></trkpt>
<trkpt lat="41.369092" lon="-1.627752"></trkpt>
<trkpt lat="41.369355" lon="-1.628219"></trkpt>
<trkpt lat="41.369506" lon="-1.628554"></trkpt>
<trkpt lat="41.369699" lon="-1.629206"></trkpt>
<trkpt lat="41.370010" lon="-1.630438"></trkpt>
<trkpt lat="41.371630" lon="-1.636037"></trkpt>
<trkpt lat="41.371793" lon="-1.636536"></trkpt>
<trkpt lat="41.372016" lon="-1.637102"></trkpt>
<trkpt lat="41.372326" lon="-1.637714"></trkpt>
<trkpt lat="41.372516" lon="-1.638023"></trkpt>
<trkpt lat="41.374460" lon="-1.640766"></trkpt>
<trkpt lat="41.374875" lon="-1.641515"></trkpt>
<trkpt lat="41.376242" lon="-1.644219"></trkpt>
<trkpt lat="41.376285" lon="-1.644298"></trkpt>
<trkpt lat="41.378123" lon="-1.647908"></trkpt>
<trkpt lat="41.378555" lon="-1.648763"></trkpt>
<trkpt lat="41.378656" lon="-1.648959"></trkpt>
<trkpt lat="41.380517" lon="-1.652619"></trkpt>
<trkpt lat="41.381733" lon="-1.654966"></trkpt>
<trkpt lat="41.382105" lon="-1.655588"></trkpt>
<trkpt lat="41.382398" lon="-1.655933"></trkpt>
<trkpt lat="41.382904" lon="-1.656308"></trkpt>
<trkpt lat="41.384686" lon="-1.657301"></trkpt>
<trkpt lat="41.384955" lon="-1.657428"></trkpt>
<trkpt lat="41.385169" lon="-1.657493"></trkpt>
<trkpt lat="41.385638" lon="-1.657554"></trkpt>
<trkpt lat="41.386197" lon="-1.657465"></trkpt>
<trkpt lat="41.386863" lon="-1.657254"></trkpt>
<trkpt lat="41.389586" lon="-1.656453"></trkpt>
<trkpt lat="41.389964" lon="-1.656358"></trkpt>
<trkpt lat="41.390339" lon="-1.656317"></trkpt>
<trkpt lat="41.390349" lon="-1.656316"></trkpt>
<trkpt lat="41.390928" lon="-1.656388"></trkpt>
<trkpt lat="41.391710" lon="-1.656635"></trkpt>
<trkpt lat="41.392679" lon="-1.656999"></trkpt>
<trkpt lat="41.393343" lon="-1.657303"></trkpt>
<trkpt lat="41.393794" lon="-1.657510"></trkpt>
<trkpt lat="41.394248" lon="-1.657634"></trkpt>
<trkpt lat="41.394868" lon="-1.657643"></trkpt>
<trkpt lat="41.395426" lon="-1.657665"></trkpt>
<trkpt lat="41.395506" lon="-1.657691"></trkpt>
<trkpt lat="41.395920" lon="-1.657807"></trkpt>
<trkpt lat="41.396326" lon="-1.658048"></trkpt>
<trkpt lat="41.396877" lon="-1.658619"></trkpt>
<trkpt lat="41.397158" lon="-1.659057"></trkpt>
<trkpt lat="41.397731" lon="-1.659947"></trkpt>
<trkpt lat="41.399186" lon="-1.661431"></trkpt>
<trkpt lat="41.399561" lon="-1.661901"></trkpt>
<trkpt lat="41.399728" lon="-1.662190"></trkpt>
<trkpt lat="41.399939" lon="-1.662658"></trkpt>
<trkpt lat="41.400674" lon="-1.664928"></trkpt>
<trkpt lat="41.400891" lon="-1.665890"></trkpt>
<trkpt lat="41.401089" lon="-1.667445"></trkpt>
<trkpt lat="41.401223" lon="-1.668208"></trkpt>
<trkpt lat="41.401399" lon="-1.668896"></trkpt>
<trkpt lat="41.401861" lon="-1.670329"></trkpt>
<trkpt lat="41.402014" lon="-1.670932"></trkpt>
<trkpt lat="41.402428" lon="-1.673418"></trkpt>
<trkpt lat="41.402428" lon="-1.673420"></trkpt>
<trkpt lat="41.402523" lon="-1.674238"></trkpt>
<trkpt lat="41.402693" lon="-1.676263"></trkpt>
<trkpt lat="41.402834" lon="-1.676816"></trkpt>
<trkpt lat="41.403071" lon="-1.677398"></trkpt>
<trkpt lat="41.403474" lon="-1.678309"></trkpt>
<trkpt lat="41.403784" lon="-1.679123"></trkpt>
<trkpt lat="41.404054" lon="-1.679942"></trkpt>
<trkpt lat="41.404818" lon="-1.682695"></trkpt>
<trkpt lat="41.406914" lon="-1.690411"></trkpt>
<trkpt lat="41.407171" lon="-1.691199"></trkpt>
<trkpt lat="41.407510" lon="-1.691843"></trkpt>
<trkpt lat="41.407690" lon="-1.692154"></trkpt>
<trkpt lat="41.407969" lon="-1.692551"></trkpt>
<trkpt lat="41.408744" lon="-1.693413"></trkpt>
<trkpt lat="41.410193" lon="-1.695178"></trkpt>
<trkpt lat="41.410588" lon="-1.695723"></trkpt>
<trkpt lat="41.410801" lon="-1.696150"></trkpt>
<trkpt lat="41.410968" lon="-1.696612"></trkpt>
<trkpt lat="41.411091" lon="-1.697113"></trkpt>
<trkpt lat="41.411210" lon="-1.697766"></trkpt>
<trkpt lat="41.411240" lon="-1.697932"></trkpt>
<trkpt lat="41.411262" lon="-1.698052"></trkpt>
<trkpt lat="41.411428" lon="-1.698961"></trkpt>
<trkpt lat="41.411665" lon="-1.699676"></trkpt>
<trkpt lat="41.412224" lon="-1.700773"></trkpt>
<trkpt lat="41.414280" lon="-1.704490"></trkpt>
<trkpt lat="41.414923" lon="-1.705586"></trkpt>
<trkpt lat="41.415217" lon="-1.705965"></trkpt>
<trkpt lat="41.415723" lon="-1.706450"></trkpt>
<trkpt lat="41.416296" lon="-1.706779"></trkpt>
<trkpt lat="41.419847" lon="-1.708539"></trkpt>
<trkpt lat="41.420411" lon="-1.708664"></trkpt>
<trkpt lat="41.421536" lon="-1.708620"></trkpt>
<trkpt lat="41.421920" lon="-1.708659"></trkpt>
<trkpt lat="41.422171" lon="-1.708731"></trkpt>
<trkpt lat="41.422421" lon="-1.708840"></trkpt>
<trkpt lat="41.422679" lon="-1.708997"></trkpt>
<trkpt lat="41.422955" lon="-1.709242"></trkpt>
<trkpt lat="41.423192" lon="-1.709510"></trkpt>
<trkpt lat="41.423373" lon="-1.709799"></trkpt>
<trkpt lat="41.423825" lon="-1.710749"></trkpt>
<trkpt lat="41.424717" lon="-1.712751"></trkpt>
<trkpt lat="41.427130" lon="-1.718248"></trkpt>
<trkpt lat="41.431456" lon="-1.728033"></trkpt>
<trkpt lat="41.433263" lon="-1.732129"></trkpt>
<trkpt lat="41.433705" lon="-1.733172"></trkpt>
<trkpt lat="41.433743" lon="-1.733256"></trkpt>
<trkpt lat="41.434325" lon="-1.734541"></trkpt>
<trkpt lat="41.434543" lon="-1.734965"></trkpt>
<trkpt lat="41.434728" lon="-1.735225"></trkpt>
<trkpt lat="41.435038" lon="-1.735655"></trkpt>
<trkpt lat="41.436378" lon="-1.737206"></trkpt>
<trkpt lat="41.436732" lon="-1.737716"></trkpt>
<trkpt lat="41.436811" lon="-1.737842"></trkpt>
<trkpt lat="41.436964" lon="-1.738158"></trkpt>
<trkpt lat="41.437450" lon="-1.739556"></trkpt>
<trkpt lat="41.437634" lon="-1.739992"></trkpt>
<trkpt lat="41.437892" lon="-1.740330"></trkpt>
<trkpt lat="41.438819" lon="-1.741383"></trkpt>
<trkpt lat="41.442708" lon="-1.745596"></trkpt>
<trkpt lat="41.443044" lon="-1.745996"></trkpt>
<trkpt lat="41.443316" lon="-1.746440"></trkpt>
<trkpt lat="41.443519" lon="-1.746947"></trkpt>
<trkpt lat="41.443669" lon="-1.747500"></trkpt>
<trkpt lat="41.444826" lon="-1.753041"></trkpt>
<trkpt lat="41.445189" lon="-1.754647"></trkpt>
<trkpt lat="41.445393" lon="-1.755385"></trkpt>
<trkpt lat="41.445669" lon="-1.756137"></trkpt>
<trkpt lat="41.446123" lon="-1.757098"></trkpt>
<trkpt lat="41.446386" lon="-1.757555"></trkpt>
<trkpt lat="41.446821" lon="-1.758197"></trkpt>
<trkpt lat="41.447486" lon="-1.758970"></trkpt>
<trkpt lat="41.448221" lon="-1.759631"></trkpt>
<trkpt lat="41.448911" lon="-1.760185"></trkpt>
<trkpt lat="41.449536" lon="-1.760688"></trkpt>
<trkpt lat="41.449636" lon="-1.760768"></trkpt>
<trkpt lat="41.450192" lon="-1.761215"></trkpt>
<trkpt lat="41.450774" lon="-1.761683"></trkpt>
<trkpt lat="41.452161" lon="-1.762798"></trkpt>
<trkpt lat="41.452490" lon="-1.763133"></trkpt>
<trkpt lat="41.452786" lon="-1.763508"></trkpt>
<trkpt lat="41.452989" lon="-1.763853"></trkpt>
<trkpt lat="41.453277" lon="-1.764499"></trkpt>
<trkpt lat="41.453394" lon="-1.764853"></trkpt>
<trkpt lat="41.453511" lon="-1.765328"></trkpt>
<trkpt lat="41.453678" lon="-1.766163"></trkpt>
<trkpt lat="41.453881" lon="-1.767602"></trkpt>
<trkpt lat="41.454062" lon="-1.768631"></trkpt>
<trkpt lat="41.454156" lon="-1.769042"></trkpt>
<trkpt lat="41.454192" lon="-1.769172"></trkpt>
<trkpt lat="41.454403" lon="-1.769660"></trkpt>
<trkpt lat="41.454950" lon="-1.770777"></trkpt>
<trkpt lat="41.455115" lon="-1.771202"></trkpt>
<trkpt lat="41.455211" lon="-1.771524"></trkpt>
<trkpt lat="41.455298" lon="-1.771906"></trkpt>
<trkpt lat="41.455471" lon="-1.773623"></trkpt>
<trkpt lat="41.455585" lon="-1.774190"></trkpt>
<trkpt lat="41.455832" lon="-1.774861"></trkpt>
<trkpt lat="41.456075" lon="-1.775299"></trkpt>
<trkpt lat="41.457158" lon="-1.776766"></trkpt>
<trkpt lat="41.457372" lon="-1.777001"></trkpt>
<trkpt lat="41.457608" lon="-1.777192"></trkpt>
<trkpt lat="41.457810" lon="-1.777311"></trkpt>
<trkpt lat="41.458120" lon="-1.777445"></trkpt>
<trkpt lat="41.459027" lon="-1.777722"></trkpt>
<trkpt lat="41.459286" lon="-1.777896"></trkpt>
<trkpt lat="41.459431" lon="-1.778028"></trkpt>
<trkpt lat="41.459576" lon="-1.778207"></trkpt>
<trkpt lat="41.459787" lon="-1.778578"></trkpt>
<trkpt lat="41.460208" lon="-1.779698"></trkpt>
<trkpt lat="41.460397" lon="-1.780088"></trkpt>
<trkpt lat="41.460527" lon="-1.780291"></trkpt>
<trkpt lat="41.460645" lon="-1.780453"></trkpt>
<trkpt lat="41.460979" lon="-1.780806"></trkpt>
<trkpt lat="41.461594" lon="-1.781229"></trkpt>
<trkpt lat="41.461671" lon="-1.781282"></trkpt>
<trkpt lat="41.461846" lon="-1.781514"></trkpt>
<trkpt lat="41.461916" lon="-1.781694"></trkpt>
<trkpt lat="41.461973" lon="-1.782018"></trkpt>
<trkpt lat="41.462040" lon="-1.782401"></trkpt>
<trkpt lat="41.462140" lon="-1.782975"></trkpt>
<trkpt lat="41.462212" lon="-1.783401"></trkpt>
<trkpt lat="41.462321" lon="-1.783788"></trkpt>
<trkpt lat="41.462464" lon="-1.784030"></trkpt>
<trkpt lat="41.462983" lon="-1.784598"></trkpt>
<trkpt lat="41.463066" lon="-1.784702"></trkpt>
<trkpt lat="41.463455" lon="-1.785298"></trkpt>
<trkpt lat="41.463481" lon="-1.785328"></trkpt>
<trkpt lat="41.464335" lon="-1.786270"></trkpt>
<trkpt lat="41.464639" lon="-1.786476"></trkpt>
<trkpt lat="41.465638" lon="-1.787009"></trkpt>
<trkpt lat="41.465890" lon="-1.787224"></trkpt>
<trkpt lat="41.466048" lon="-1.787359"></trkpt>
<trkpt lat="41.466478" lon="-1.787808"></trkpt>
<trkpt lat="41.469517" lon="-1.790981"></trkpt>
<trkpt lat="41.470956" lon="-1.792514"></trkpt>
<trkpt lat="41.474498" lon="-1.796321"></trkpt>
<trkpt lat="41.475081" lon="-1.796898"></trkpt>
<trkpt lat="41.475696" lon="-1.797421"></trkpt>
<trkpt lat="41.476368" lon="-1.797890"></trkpt>
<trkpt lat="41.476926" lon="-1.798208"></trkpt>
<trkpt lat="41.477420" lon="-1.798417"></trkpt>
<trkpt lat="41.479040" lon="-1.799102"></trkpt>
<trkpt lat="41.482660" lon="-1.800553"></trkpt>
<trkpt lat="41.484137" lon="-1.801145"></trkpt>
<trkpt lat="41.484489" lon="-1.801253"></trkpt>
<trkpt lat="41.485701" lon="-1.801458"></trkpt>
<trkpt lat="41.486893" lon="-1.801945"></trkpt>
<trkpt lat="41.487246" lon="-1.801995"></trkpt>
<trkpt lat="41.487613" lon="-1.801973"></trkpt>
<trkpt lat="41.488296" lon="-1.801838"></trkpt>
<trkpt lat="41.489764" lon="-1.801550"></trkpt>
<trkpt lat="41.490317" lon="-1.801566"></trkpt>
<trkpt lat="41.490668" lon="-1.801664"></trkpt>
<trkpt lat="41.499566" lon="-1.806233"></trkpt>
<trkpt lat="41.500264" lon="-1.806657"></trkpt>
<trkpt lat="41.500939" lon="-1.807181"></trkpt>
<trkpt lat="41.505877" lon="-1.811608"></trkpt>
<trkpt lat="41.506891" lon="-1.812646"></trkpt>
<trkpt lat="41.509426" lon="-1.815528"></trkpt>
<trkpt lat="41.509616" lon="-1.815782"></trkpt>
<trkpt lat="41.509685" lon="-1.815873"></trkpt>
<trkpt lat="41.509860" lon="-1.816108"></trkpt>
<trkpt lat="41.510029" lon="-1.816441"></trkpt>
<trkpt lat="41.510171" lon="-1.816811"></trkpt>
<trkpt lat="41.510312" lon="-1.817500"></trkpt>
<trkpt lat="41.510373" lon="-1.818510"></trkpt>
<trkpt lat="41.510483" lon="-1.819193"></trkpt>
<trkpt lat="41.511097" lon="-1.821160"></trkpt>
<trkpt lat="41.511633" lon="-1.822689"></trkpt>
<trkpt lat="41.511803" lon="-1.823384"></trkpt>
<trkpt lat="41.511938" lon="-1.824286"></trkpt>
<trkpt lat="41.512003" lon="-1.824808"></trkpt>
<trkpt lat="41.512065" lon="-1.825305"></trkpt>
<trkpt lat="41.512663" lon="-1.830149"></trkpt>
<trkpt lat="41.512727" lon="-1.830580"></trkpt>
<trkpt lat="41.512862" lon="-1.831120"></trkpt>
<trkpt lat="41.514374" lon="-1.835068"></trkpt>
<trkpt lat="41.514926" lon="-1.836825"></trkpt>
<trkpt lat="41.515235" lon="-1.837668"></trkpt>
<trkpt lat="41.515636" lon="-1.838561"></trkpt>
<trkpt lat="41.518109" lon="-1.843333"></trkpt>
<trkpt lat="41.518332" lon="-1.843663"></trkpt>
<trkpt lat="41.518480" lon="-1.843882"></trkpt>
<trkpt lat="41.519517" lon="-1.845201"></trkpt>
<trkpt lat="41.519894" lon="-1.845789"></trkpt>
<trkpt lat="41.520844" lon="-1.848076"></trkpt>
<trkpt lat="41.521298" lon="-1.848887"></trkpt>
<trkpt lat="41.521911" lon="-1.849618"></trkpt>
<trkpt lat="41.522999" lon="-1.850786"></trkpt>
<trkpt lat="41.523390" lon="-1.851134"></trkpt>
<trkpt lat="41.523712" lon="-1.851420"></trkpt>
<trkpt lat="41.525791" lon="-1.853238"></trkpt>
<trkpt lat="41.526474" lon="-1.853835"></trkpt>
<trkpt lat="41.527776" lon="-1.855109"></trkpt>
<trkpt lat="41.529146" lon="-1.856590"></trkpt>
<trkpt lat="41.533628" lon="-1.861983"></trkpt>
<trkpt lat="41.534376" lon="-1.863000"></trkpt>
<trkpt lat="41.535382" lon="-1.864546"></trkpt>
<trkpt lat="41.535992" lon="-1.865376"></trkpt>
<trkpt lat="41.539453" lon="-1.869835"></trkpt>
<trkpt lat="41.542129" lon="-1.873548"></trkpt>
<trkpt lat="41.542453" lon="-1.873836"></trkpt>
<trkpt lat="41.542565" lon="-1.873937"></trkpt>
<trkpt lat="41.543466" lon="-1.874338"></trkpt>
<trkpt lat="41.543756" lon="-1.874506"></trkpt>
<trkpt lat="41.544036" lon="-1.874740"></trkpt>
<trkpt lat="41.544297" lon="-1.875046"></trkpt>
<trkpt lat="41.544597" lon="-1.875490"></trkpt>
<trkpt lat="41.545143" lon="-1.876408"></trkpt>
<trkpt lat="41.545583" lon="-1.877274"></trkpt>
<trkpt lat="41.546105" lon="-1.878430"></trkpt>
<trkpt lat="41.546561" lon="-1.879214"></trkpt>
<trkpt lat="41.546772" lon="-1.879510"></trkpt>
<trkpt lat="41.547768" lon="-1.880618"></trkpt>
<trkpt lat="41.548036" lon="-1.880978"></trkpt>
<trkpt lat="41.548712" lon="-1.882262"></trkpt>
<trkpt lat="41.549134" lon="-1.882918"></trkpt>
<trkpt lat="41.549726" lon="-1.883733"></trkpt>
<trkpt lat="41.550183" lon="-1.884256"></trkpt>
<trkpt lat="41.550368" lon="-1.884432"></trkpt>
<trkpt lat="41.550625" lon="-1.884736"></trkpt>
<trkpt lat="41.550773" lon="-1.884973"></trkpt>
<trkpt lat="41.551112" lon="-1.885659"></trkpt>
<trkpt lat="41.551259" lon="-1.885998"></trkpt>
<trkpt lat="41.551388" lon="-1.886221"></trkpt>
<trkpt lat="41.551712" lon="-1.886660"></trkpt>
<trkpt lat="41.552523" lon="-1.887301"></trkpt>
<trkpt lat="41.552808" lon="-1.887564"></trkpt>
<trkpt lat="41.553238" lon="-1.888147"></trkpt>
<trkpt lat="41.553379" lon="-1.888373"></trkpt>
<trkpt lat="41.554137" lon="-1.890126"></trkpt>
<trkpt lat="41.554521" lon="-1.890821"></trkpt>
<trkpt lat="41.554944" lon="-1.891520"></trkpt>
<trkpt lat="41.555288" lon="-1.892309"></trkpt>
<trkpt lat="41.555469" lon="-1.892775"></trkpt>
<trkpt lat="41.555635" lon="-1.893284"></trkpt>
<trkpt lat="41.555988" lon="-1.894740"></trkpt>
<trkpt lat="41.556135" lon="-1.895221"></trkpt>
<trkpt lat="41.556603" lon="-1.896343"></trkpt>
<trkpt lat="41.556936" lon="-1.896993"></trkpt>
<trkpt lat="41.557141" lon="-1.897315"></trkpt>
<trkpt lat="41.557435" lon="-1.897698"></trkpt>
<trkpt lat="41.558549" lon="-1.898978"></trkpt>
<trkpt lat="41.558856" lon="-1.899385"></trkpt>
<trkpt lat="41.559211" lon="-1.899922"></trkpt>
<trkpt lat="41.559555" lon="-1.900543"></trkpt>
<trkpt lat="41.559819" lon="-1.900885"></trkpt>
<trkpt lat="41.560013" lon="-1.901102"></trkpt>
<trkpt lat="41.560268" lon="-1.901295"></trkpt>
<trkpt lat="41.561474" lon="-1.901995"></trkpt>
<trkpt lat="41.561710" lon="-1.902171"></trkpt>
<trkpt lat="41.561954" lon="-1.902397"></trkpt>
<trkpt lat="41.563586" lon="-1.904520"></trkpt>
<trkpt lat="41.564014" lon="-1.905003"></trkpt>
<trkpt lat="41.569780" lon="-1.910508"></trkpt>
<trkpt lat="41.572292" lon="-1.912739"></trkpt>
<trkpt lat="41.572773" lon="-1.913191"></trkpt>
<trkpt lat="41.573431" lon="-1.914034"></trkpt>
<trkpt lat="41.573712" lon="-1.914477"></trkpt>
<trkpt lat="41.573997" lon="-1.915007"></trkpt>
<trkpt lat="41.574195" lon="-1.915440"></trkpt>
<trkpt lat="41.574632" lon="-1.916590"></trkpt>
<trkpt lat="41.575026" lon="-1.917677"></trkpt>
<trkpt lat="41.575250" lon="-1.918501"></trkpt>
<trkpt lat="41.575424" lon="-1.919223"></trkpt>
<trkpt lat="41.575524" lon="-1.919755"></trkpt>
<trkpt lat="41.575697" lon="-1.920948"></trkpt>
<trkpt lat="41.576516" lon="-1.932506"></trkpt>
<trkpt lat="41.576667" lon="-1.934318"></trkpt>
<trkpt lat="41.576740" lon="-1.934697"></trkpt>
<trkpt lat="41.576873" lon="-1.935150"></trkpt>
<trkpt lat="41.576982" lon="-1.935440"></trkpt>
<trkpt lat="41.577566" lon="-1.936740"></trkpt>
<trkpt lat="41.580464" lon="-1.943136"></trkpt>
<trkpt lat="41.580762" lon="-1.943924"></trkpt>
<trkpt lat="41.580846" lon="-1.944257"></trkpt>
<trkpt lat="41.580962" lon="-1.944932"></trkpt>
<trkpt lat="41.581178" lon="-1.947314"></trkpt>
<trkpt lat="41.581312" lon="-1.948378"></trkpt>
<trkpt lat="41.581412" lon="-1.948768"></trkpt>
<trkpt lat="41.581843" lon="-1.949898"></trkpt>
<trkpt lat="41.581860" lon="-1.949933"></trkpt>
<trkpt lat="41.582005" lon="-1.950230"></trkpt>
<trkpt lat="41.582186" lon="-1.950513"></trkpt>
<trkpt lat="41.582521" lon="-1.950881"></trkpt>
<trkpt lat="41.582830" lon="-1.951158"></trkpt>
<trkpt lat="41.583719" lon="-1.951974"></trkpt>
<trkpt lat="41.584760" lon="-1.952839"></trkpt>
<trkpt lat="41.585461" lon="-1.953361"></trkpt>
<trkpt lat="41.585662" lon="-1.953500"></trkpt>
<trkpt lat="41.590100" lon="-1.956513"></trkpt>
<trkpt lat="41.592880" lon="-1.958393"></trkpt>
<trkpt lat="41.593215" lon="-1.958658"></trkpt>
<trkpt lat="41.593542" lon="-1.958968"></trkpt>
<trkpt lat="41.593803" lon="-1.959281"></trkpt>
<trkpt lat="41.593988" lon="-1.959551"></trkpt>
<trkpt lat="41.594140" lon="-1.959902"></trkpt>
<trkpt lat="41.594284" lon="-1.960206"></trkpt>
<trkpt lat="41.594798" lon="-1.961241"></trkpt>
<trkpt lat="41.594979" lon="-1.961564"></trkpt>
<trkpt lat="41.595218" lon="-1.961891"></trkpt>
<trkpt lat="41.595630" lon="-1.962297"></trkpt>
<trkpt lat="41.596506" lon="-1.962969"></trkpt>
<trkpt lat="41.596713" lon="-1.963177"></trkpt>
<trkpt lat="41.596905" lon="-1.963425"></trkpt>
<trkpt lat="41.598308" lon="-1.965473"></trkpt>
<trkpt lat="41.598638" lon="-1.965868"></trkpt>
<trkpt lat="41.599890" lon="-1.966978"></trkpt>
<trkpt lat="41.600616" lon="-1.967583"></trkpt>
<trkpt lat="41.601162" lon="-1.967931"></trkpt>
<trkpt lat="41.601902" lon="-1.968301"></trkpt>
<trkpt lat="41.602245" lon="-1.968536"></trkpt>
<trkpt lat="41.603107" lon="-1.969392"></trkpt>
<trkpt lat="41.603554" lon="-1.969749"></trkpt>
<trkpt lat="41.603946" lon="-1.969928"></trkpt>
<trkpt lat="41.604837" lon="-1.970230"></trkpt>
<trkpt lat="41.605238" lon="-1.970481"></trkpt>
<trkpt lat="41.605608" lon="-1.970885"></trkpt>
<trkpt lat="41.605825" lon="-1.971206"></trkpt>
<trkpt lat="41.606002" lon="-1.971548"></trkpt>
<trkpt lat="41.606141" lon="-1.971964"></trkpt>
<trkpt lat="41.606423" lon="-1.973023"></trkpt>
<trkpt lat="41.606727" lon="-1.973734"></trkpt>
<trkpt lat="41.606990" lon="-1.974123"></trkpt>
<trkpt lat="41.607678" lon="-1.974870"></trkpt>
<trkpt lat="41.607951" lon="-1.975223"></trkpt>
<trkpt lat="41.608140" lon="-1.975533"></trkpt>
<trkpt lat="41.609270" lon="-1.978221"></trkpt>
<trkpt lat="41.610232" lon="-1.980408"></trkpt>
<trkpt lat="41.610361" lon="-1.980652"></trkpt>
<trkpt lat="41.610509" lon="-1.980878"></trkpt>
<trkpt lat="41.610827" lon="-1.981256"></trkpt>
<trkpt lat="41.611733" lon="-1.981991"></trkpt>
<trkpt lat="41.612090" lon="-1.982365"></trkpt>
<trkpt lat="41.612188" lon="-1.982524"></trkpt>
<trkpt lat="41.612391" lon="-1.982832"></trkpt>
<trkpt lat="41.613436" lon="-1.984683"></trkpt>
<trkpt lat="41.615715" lon="-1.988721"></trkpt>
<trkpt lat="41.615951" lon="-1.989291"></trkpt>
<trkpt lat="41.619913" lon="-2.000681"></trkpt>
<trkpt lat="41.622965" lon="-2.009415"></trkpt>
<trkpt lat="41.623095" lon="-2.009781"></trkpt>
<trkpt lat="41.623205" lon="-2.010276"></trkpt>
<trkpt lat="41.623286" lon="-2.010755"></trkpt>
<trkpt lat="41.623332" lon="-2.011229"></trkpt>
<trkpt lat="41.623340" lon="-2.011970"></trkpt>
<trkpt lat="41.623316" lon="-2.012434"></trkpt>
<trkpt lat="41.623241" lon="-2.013003"></trkpt>
<trkpt lat="41.623121" lon="-2.013578"></trkpt>
<trkpt lat="41.622932" lon="-2.014221"></trkpt>
<trkpt lat="41.622674" lon="-2.014942"></trkpt>
<trkpt lat="41.622601" lon="-2.015144"></trkpt>
<trkpt lat="41.622423" lon="-2.015769"></trkpt>
<trkpt lat="41.622244" lon="-2.016636"></trkpt>
<trkpt lat="41.622197" lon="-2.017619"></trkpt>
<trkpt lat="41.622215" lon="-2.018712"></trkpt>
<trkpt lat="41.622264" lon="-2.019237"></trkpt>
<trkpt lat="41.622376" lon="-2.019876"></trkpt>
<trkpt lat="41.622547" lon="-2.020552"></trkpt>
<trkpt lat="41.622740" lon="-2.021173"></trkpt>
<trkpt lat="41.623187" lon="-2.022274"></trkpt>
<trkpt lat="41.624010" lon="-2.024295"></trkpt>
<trkpt lat="41.624227" lon="-2.024951"></trkpt>
<trkpt lat="41.627593" lon="-2.033109"></trkpt>
<trkpt lat="41.628721" lon="-2.035842"></trkpt>
<trkpt lat="41.631887" lon="-2.043534"></trkpt>
<trkpt lat="41.631920" lon="-2.043614"></trkpt>
<trkpt lat="41.632776" lon="-2.045696"></trkpt>
<trkpt lat="41.635261" lon="-2.051725"></trkpt>
<trkpt lat="41.638033" lon="-2.058468"></trkpt>
<trkpt lat="41.640192" lon="-2.063726"></trkpt>
<trkpt lat="41.644157" lon="-2.073377"></trkpt>
<trkpt lat="41.644469" lon="-2.074136"></trkpt>
<trkpt lat="41.645152" lon="-2.075800"></trkpt>
<trkpt lat="41.645470" lon="-2.076575"></trkpt>
<trkpt lat="41.651910" lon="-2.092249"></trkpt>
<trkpt lat="41.652356" lon="-2.093074"></trkpt>
<trkpt lat="41.652713" lon="-2.093570"></trkpt>
<trkpt lat="41.652952" lon="-2.093848"></trkpt>
<trkpt lat="41.655872" lon="-2.096671"></trkpt>
<trkpt lat="41.656208" lon="-2.097014"></trkpt>
<trkpt lat="41.656479" lon="-2.097350"></trkpt>
<trkpt lat="41.656667" lon="-2.097628"></trkpt>
<trkpt lat="41.657056" lon="-2.098356"></trkpt>
<trkpt lat="41.658397" lon="-2.101230"></trkpt>
<trkpt lat="41.662517" lon="-2.109909"></trkpt>
<trkpt lat="41.662671" lon="-2.110307"></trkpt>
<trkpt lat="41.662780" lon="-2.110685"></trkpt>
<trkpt lat="41.664389" lon="-2.117324"></trkpt>
<trkpt lat="41.664573" lon="-2.118083"></trkpt>
<trkpt lat="41.664619" lon="-2.118289"></trkpt>
<trkpt lat="41.664662" lon="-2.118530"></trkpt>
<trkpt lat="41.664702" lon="-2.118749"></trkpt>
<trkpt lat="41.664885" lon="-2.119831"></trkpt>
<trkpt lat="41.664947" lon="-2.120719"></trkpt>
<trkpt lat="41.665079" lon="-2.121734"></trkpt>
<trkpt lat="41.665161" lon="-2.122304"></trkpt>
<trkpt lat="41.665326" lon="-2.122992"></trkpt>
<trkpt lat="41.665332" lon="-2.123013"></trkpt>
<trkpt lat="41.665982" lon="-2.124998"></trkpt>
<trkpt lat="41.668257" lon="-2.131902"></trkpt>
<trkpt lat="41.669732" lon="-2.136285"></trkpt>
<trkpt lat="41.669942" lon="-2.136769"></trkpt>
<trkpt lat="41.670890" lon="-2.139432"></trkpt>
<trkpt lat="41.671148" lon="-2.140212"></trkpt>
<trkpt lat="41.671346" lon="-2.141005"></trkpt>
<trkpt lat="41.671447" lon="-2.141559"></trkpt>
<trkpt lat="41.671700" lon="-2.143143"></trkpt>
<trkpt lat="41.671956" lon="-2.144666"></trkpt>
<trkpt lat="41.672296" lon="-2.146962"></trkpt>
<trkpt lat="41.672463" lon="-2.148093"></trkpt>
<trkpt lat="41.672604" lon="-2.149266"></trkpt>
<trkpt lat="41.672665" lon="-2.149618"></trkpt>
<trkpt lat="41.673208" lon="-2.152925"></trkpt>
<trkpt lat="41.677819" lon="-2.180978"></trkpt>
<trkpt lat="41.678001" lon="-2.181983"></trkpt>
<trkpt lat="41.679865" lon="-2.187334"></trkpt>
<trkpt lat="41.681491" lon="-2.192000"></trkpt>
<trkpt lat="41.681582" lon="-2.192318"></trkpt>
<trkpt lat="41.681663" lon="-2.193054"></trkpt>
<trkpt lat="41.681800" lon="-2.194969"></trkpt>
<trkpt lat="41.681893" lon="-2.195689"></trkpt>
<trkpt lat="41.681937" lon="-2.196228"></trkpt>
<trkpt lat="41.682024" lon="-2.197490"></trkpt>
<trkpt lat="41.682029" lon="-2.198068"></trkpt>
<trkpt lat="41.682051" lon="-2.198343"></trkpt>
<trkpt lat="41.682060" lon="-2.198498"></trkpt>
<trkpt lat="41.682087" lon="-2.199065"></trkpt>
<trkpt lat="41.682076" lon="-2.199645"></trkpt>
<trkpt lat="41.682216" lon="-2.200095"></trkpt>
<trkpt lat="41.682236" lon="-2.200147"></trkpt>
<trkpt lat="41.682343" lon="-2.200451"></trkpt>
<trkpt lat="41.682361" lon="-2.200502"></trkpt>
<trkpt lat="41.682454" lon="-2.200760"></trkpt>
<trkpt lat="41.682908" lon="-2.201821"></trkpt>
<trkpt lat="41.682995" lon="-2.201989"></trkpt>
<trkpt lat="41.683436" lon="-2.203017"></trkpt>
<trkpt lat="41.684067" lon="-2.204487"></trkpt>
<trkpt lat="41.693111" lon="-2.225429"></trkpt>
<trkpt lat="41.695867" lon="-2.231778"></trkpt>
<trkpt lat="41.696513" lon="-2.233266"></trkpt>
<trkpt lat="41.702796" lon="-2.247801"></trkpt>
<trkpt lat="41.706782" lon="-2.257013"></trkpt>
<trkpt lat="41.707825" lon="-2.259418"></trkpt>
<trkpt lat="41.708334" lon="-2.260593"></trkpt>
<trkpt lat="41.708932" lon="-2.261977"></trkpt>
<trkpt lat="41.710107" lon="-2.264687"></trkpt>
<trkpt lat="41.710374" lon="-2.265298"></trkpt>
<trkpt lat="41.710554" lon="-2.265702"></trkpt>
<trkpt lat="41.714709" lon="-2.274149"></trkpt>
<trkpt lat="41.715147" lon="-2.275104"></trkpt>
<trkpt lat="41.715558" lon="-2.276118"></trkpt>
<trkpt lat="41.715627" lon="-2.276250"></trkpt>
<trkpt lat="41.715814" lon="-2.276590"></trkpt>
<trkpt lat="41.715931" lon="-2.276777"></trkpt>
<trkpt lat="41.715974" lon="-2.276845"></trkpt>
<trkpt lat="41.716096" lon="-2.277041"></trkpt>
<trkpt lat="41.716189" lon="-2.277251"></trkpt>
<trkpt lat="41.720859" lon="-2.288668"></trkpt>
<trkpt lat="41.721231" lon="-2.289578"></trkpt>
<trkpt lat="41.722175" lon="-2.292146"></trkpt>
<trkpt lat="41.726326" lon="-2.303495"></trkpt>
<trkpt lat="41.730145" lon="-2.313959"></trkpt>
<trkpt lat="41.730685" lon="-2.315434"></trkpt>
<trkpt lat="41.734802" lon="-2.326663"></trkpt>
<trkpt lat="41.737314" lon="-2.333552"></trkpt>
<trkpt lat="41.738170" lon="-2.335889"></trkpt>
<trkpt lat="41.740122" lon="-2.341217"></trkpt>
<trkpt lat="41.743471" lon="-2.350383"></trkpt>
<trkpt lat="41.743861" lon="-2.351450"></trkpt>
<trkpt lat="41.745416" lon="-2.355543"></trkpt>
<trkpt lat="41.745981" lon="-2.357013"></trkpt>
<trkpt lat="41.749170" lon="-2.365270"></trkpt>
<trkpt lat="41.750829" lon="-2.369540"></trkpt>
<trkpt lat="41.752040" lon="-2.372658"></trkpt>
<trkpt lat="41.752451" lon="-2.374029"></trkpt>
<trkpt lat="41.752518" lon="-2.374261"></trkpt>
<trkpt lat="41.757427" lon="-2.391164"></trkpt>
<trkpt lat="41.757723" lon="-2.392184"></trkpt>
<trkpt lat="41.758278" lon="-2.394098"></trkpt>
<trkpt lat="41.760346" lon="-2.401273"></trkpt>
<trkpt lat="41.760249" lon="-2.401357"></trkpt>
<trkpt lat="41.760085" lon="-2.401378"></trkpt>
<trkpt lat="41.759350" lon="-2.401724"></trkpt>
<trkpt lat="41.758317" lon="-2.402306"></trkpt>
<trkpt lat="41.757805" lon="-2.402643"></trkpt>
<trkpt lat="41.757737" lon="-2.402748"></trkpt>
<trkpt lat="41.757637" lon="-2.403140"></trkpt>
<trkpt lat="41.757495" lon="-2.403486"></trkpt>
<trkpt lat="41.757513" lon="-2.403593"></trkpt>
<trkpt lat="41.757709" lon="-2.404175"></trkpt>
<trkpt lat="41.757765" lon="-2.404553"></trkpt>
<trkpt lat="41.757783" lon="-2.404818"></trkpt>
<trkpt lat="41.757763" lon="-2.404965"></trkpt>
<trkpt lat="41.757577" lon="-2.405094"></trkpt>
<trkpt lat="41.757528" lon="-2.405048"></trkpt>
<trkpt lat="41.757469" lon="-2.404833"></trkpt>
<trkpt lat="41.757363" lon="-2.404592"></trkpt>
<trkpt lat="41.757247" lon="-2.404549"></trkpt>
<trkpt lat="41.757026" lon="-2.404535"></trkpt>
<trkpt lat="41.756535" lon="-2.404655"></trkpt>
<trkpt lat="41.756306" lon="-2.404694"></trkpt>
<trkpt lat="41.755790" lon="-2.404776"></trkpt>
<trkpt lat="41.755440" lon="-2.404788"></trkpt>
<trkpt lat="41.755367" lon="-2.404790"></trkpt>
<trkpt lat="41.755121" lon="-2.404703"></trkpt>
<trkpt lat="41.755311" lon="-2.405003"></trkpt>
<trkpt lat="41.755842" lon="-2.405896"></trkpt>
<trkpt lat="41.756281" lon="-2.406876"></trkpt>
<trkpt lat="41.756433" lon="-2.407319"></trkpt>
<trkpt lat="41.756732" lon="-2.408472"></trkpt>
<trkpt lat="41.756823" lon="-2.408476"></trkpt>
<trkpt lat="41.756926" lon="-2.408595"></trkpt>
<trkpt lat="41.756942" lon="-2.408659"></trkpt>
<trkpt lat="41.756943" lon="-2.408727"></trkpt>
<trkpt lat="41.756902" lon="-2.408848"></trkpt>
<trkpt lat="41.756817" lon="-2.408919"></trkpt>
<trkpt lat="41.756940" lon="-2.409454"></trkpt>
<trkpt lat="41.756993" lon="-2.409685"></trkpt>
<trkpt lat="41.757170" lon="-2.410453"></trkpt>
<trkpt lat="41.757796" lon="-2.412661"></trkpt>
<trkpt lat="41.758290" lon="-2.414129"></trkpt>
<trkpt lat="41.758912" lon="-2.415772"></trkpt>
<trkpt lat="41.759172" lon="-2.416537"></trkpt>
<trkpt lat="41.759272" lon="-2.416498"></trkpt>
<trkpt lat="41.759370" lon="-2.416545"></trkpt>
<trkpt lat="41.759428" lon="-2.416660"></trkpt>
<trkpt lat="41.759435" lon="-2.416730"></trkpt>
<trkpt lat="41.759608" lon="-2.416743"></trkpt>
<trkpt lat="41.759854" lon="-2.416745"></trkpt>
<trkpt lat="41.760107" lon="-2.416747"></trkpt>
<trkpt lat="41.760139" lon="-2.416748"></trkpt>
<trkpt lat="41.760209" lon="-2.416748"></trkpt>
<trkpt lat="41.761229" lon="-2.416748"></trkpt>
<trkpt lat="41.761254" lon="-2.416580"></trkpt>
<trkpt lat="41.761326" lon="-2.416497"></trkpt>
<trkpt lat="41.761390" lon="-2.416478"></trkpt>
<trkpt lat="41.761414" lon="-2.416477"></trkpt>
<trkpt lat="41.761510" lon="-2.416530"></trkpt>
<trkpt lat="41.761566" lon="-2.416648"></trkpt>
<trkpt lat="41.761571" lon="-2.416718"></trkpt>
<trkpt lat="41.761535" lon="-2.416849"></trkpt>
<trkpt lat="41.761600" lon="-2.416871"></trkpt>
<trkpt lat="41.762196" lon="-2.417362"></trkpt>
<trkpt lat="41.762310" lon="-2.417493"></trkpt>
<trkpt lat="41.762368" lon="-2.417406"></trkpt>
<trkpt lat="41.762444" lon="-2.417347"></trkpt>
<trkpt lat="41.762529" lon="-2.417323"></trkpt>
<trkpt lat="41.762616" lon="-2.417336"></trkpt>
<trkpt lat="41.762696" lon="-2.417384"></trkpt>
<trkpt lat="41.762802" lon="-2.417559"></trkpt>
<trkpt lat="41.762820" lon="-2.417671"></trkpt>
<trkpt lat="41.762784" lon="-2.417880"></trkpt>
<trkpt lat="41.762668" lon="-2.418027"></trkpt>
<trkpt lat="41.762521" lon="-2.418143"></trkpt>
<trkpt lat="41.762410" lon="-2.418486"></trkpt>
<trkpt lat="41.762329" lon="-2.418973"></trkpt>
<trkpt lat="41.762287" lon="-2.419233"></trkpt>
<trkpt lat="41.762232" lon="-2.419922"></trkpt>
<trkpt lat="41.762277" lon="-2.420734"></trkpt>
<trkpt lat="41.762256" lon="-2.422145"></trkpt>
<trkpt lat="41.762181" lon="-2.422804"></trkpt>
<trkpt lat="41.762085" lon="-2.423363"></trkpt>
<trkpt lat="41.761983" lon="-2.423886"></trkpt>
<trkpt lat="41.761897" lon="-2.424596"></trkpt>
<trkpt lat="41.761890" lon="-2.425457"></trkpt>
<trkpt lat="41.762107" lon="-2.427178"></trkpt>
<trkpt lat="41.762128" lon="-2.427832"></trkpt>
<trkpt lat="41.761991" lon="-2.429128"></trkpt>
<trkpt lat="41.761507" lon="-2.432270"></trkpt>
<trkpt lat="41.761456" lon="-2.432933"></trkpt>
<trkpt lat="41.761465" lon="-2.433511"></trkpt>
<trkpt lat="41.761497" lon="-2.433986"></trkpt>
<trkpt lat="41.761756" lon="-2.435706"></trkpt>
<trkpt lat="41.761812" lon="-2.436607"></trkpt>
<trkpt lat="41.761772" lon="-2.437355"></trkpt>
<trkpt lat="41.761514" lon="-2.440408"></trkpt>
<trkpt lat="41.761518" lon="-2.441030"></trkpt>
<trkpt lat="41.761552" lon="-2.441464"></trkpt>
<trkpt lat="41.761556" lon="-2.441488"></trkpt>
<trkpt lat="41.761629" lon="-2.441967"></trkpt>
<trkpt lat="41.761925" lon="-2.443393"></trkpt>
<trkpt lat="41.762027" lon="-2.444084"></trkpt>
<trkpt lat="41.762071" lon="-2.444957"></trkpt>
<trkpt lat="41.762079" lon="-2.446062"></trkpt>
<trkpt lat="41.762036" lon="-2.446933"></trkpt>
<trkpt lat="41.762058" lon="-2.447688"></trkpt>
<trkpt lat="41.762121" lon="-2.448275"></trkpt>
<trkpt lat="41.762293" lon="-2.449380"></trkpt>
<trkpt lat="41.762446" lon="-2.449954"></trkpt>
<trkpt lat="41.762704" lon="-2.450540"></trkpt>
<trkpt lat="41.763024" lon="-2.451144"></trkpt>
<trkpt lat="41.763260" lon="-2.451850"></trkpt>
<trkpt lat="41.763423" lon="-2.452267"></trkpt>
<trkpt lat="41.763617" lon="-2.452607"></trkpt>
<trkpt lat="41.763778" lon="-2.452780"></trkpt>
<trkpt lat="41.763892" lon="-2.452851"></trkpt>
<trkpt lat="41.764264" lon="-2.452984"></trkpt>
<trkpt lat="41.764969" lon="-2.453052"></trkpt>
<trkpt lat="41.765780" lon="-2.452965"></trkpt>
<trkpt lat="41.766075" lon="-2.452933"></trkpt>
<trkpt lat="41.766669" lon="-2.452966"></trkpt>
<trkpt lat="41.766770" lon="-2.453033"></trkpt>
<trkpt lat="41.766843" lon="-2.453163"></trkpt>
<trkpt lat="41.766956" lon="-2.453872"></trkpt>
<trkpt lat="41.766983" lon="-2.454095"></trkpt>
<trkpt lat="41.767006" lon="-2.454295"></trkpt>
<trkpt lat="41.767003" lon="-2.454336"></trkpt>
<trkpt lat="41.766842" lon="-2.455659"></trkpt>
<trkpt lat="41.766833" lon="-2.455716"></trkpt>
<trkpt lat="41.766799" lon="-2.455939"></trkpt>
<trkpt lat="41.766674" lon="-2.456602"></trkpt>
<trkpt lat="41.766426" lon="-2.457461"></trkpt>
<trkpt lat="41.766405" lon="-2.457510"></trkpt>
<trkpt lat="41.766244" lon="-2.457908"></trkpt>
<trkpt lat="41.766075" lon="-2.458298"></trkpt>
<trkpt lat="41.765746" lon="-2.459067"></trkpt>
<trkpt lat="41.765721" lon="-2.459130"></trkpt>
<trkpt lat="41.765666" lon="-2.459262"></trkpt>
<trkpt lat="41.765642" lon="-2.459332"></trkpt>
<trkpt lat="41.765555" lon="-2.459589"></trkpt>
<trkpt lat="41.765373" lon="-2.460111"></trkpt>
<trkpt lat="41.765098" lon="-2.460824"></trkpt>
<trkpt lat="41.764910" lon="-2.461384"></trkpt>
<trkpt lat="41.764884" lon="-2.461777"></trkpt>
<trkpt lat="41.764898" lon="-2.461996"></trkpt>
<trkpt lat="41.764924" lon="-2.462073"></trkpt>
<trkpt lat="41.765062" lon="-2.462294"></trkpt>
<trkpt lat="41.765274" lon="-2.462414"></trkpt>
<trkpt lat="41.765406" lon="-2.462440"></trkpt>
<trkpt lat="41.765485" lon="-2.462417"></trkpt>
<trkpt lat="41.765616" lon="-2.462201"></trkpt>
<trkpt lat="41.765763" lon="-2.461959"></trkpt>
<trkpt lat="41.765934" lon="-2.461798"></trkpt>
<trkpt lat="41.766005" lon="-2.461765"></trkpt>
<trkpt lat="41.766130" lon="-2.461756"></trkpt>
<trkpt lat="41.766192" lon="-2.461774"></trkpt>
<trkpt lat="41.766285" lon="-2.461881"></trkpt>
<trkpt lat="41.766312" lon="-2.461959"></trkpt>
<trkpt lat="41.766324" lon="-2.462223"></trkpt>
<trkpt lat="41.766310" lon="-2.462394"></trkpt>
<trkpt lat="41.766275" lon="-2.462759"></trkpt>
<trkpt lat="41.766265" lon="-2.462954"></trkpt>
<trkpt lat="41.766297" lon="-2.463220"></trkpt>
<trkpt lat="41.766447" lon="-2.463609"></trkpt>
<trkpt lat="41.766480" lon="-2.463673"></trkpt>
<trkpt lat="41.766576" lon="-2.463852"></trkpt>
<trkpt lat="41.766802" lon="-2.464345"></trkpt>
<trkpt lat="41.766828" lon="-2.464412"></trkpt>
<trkpt lat="41.766922" lon="-2.464507"></trkpt>
<trkpt lat="41.766982" lon="-2.464559"></trkpt>
<trkpt lat="41.767047" lon="-2.464559"></trkpt>
<trkpt lat="41.767099" lon="-2.464610"></trkpt>
<trkpt lat="41.767119" lon="-2.464682"></trkpt>
<trkpt lat="41.767107" lon="-2.464758"></trkpt>
<trkpt lat="41.767060" lon="-2.464818"></trkpt>
<trkpt lat="41.767006" lon="-2.465261"></trkpt>
<trkpt lat="41.766996" lon="-2.465328"></trkpt>
<trkpt lat="41.766855" lon="-2.466273"></trkpt>
<trkpt lat="41.766776" lon="-2.466803"></trkpt>
<trkpt lat="41.766762" lon="-2.466886"></trkpt>
<trkpt lat="41.766698" lon="-2.467268"></trkpt>
<trkpt lat="41.766673" lon="-2.467452"></trkpt>
<trkpt lat="41.766677" lon="-2.467712"></trkpt>
<trkpt lat="41.766742" lon="-2.467742"></trkpt>
<trkpt lat="41.766756" lon="-2.467820"></trkpt>
<trkpt lat="41.766725" lon="-2.467881"></trkpt>
<trkpt lat="41.766656" lon="-2.467882"></trkpt>
<trkpt lat="41.766588" lon="-2.468050"></trkpt>
<trkpt lat="41.766548" lon="-2.468223"></trkpt>
<trkpt lat="41.766480" lon="-2.468539"></trkpt>
<trkpt lat="41.766450" lon="-2.468678"></trkpt>
<trkpt lat="41.766321" lon="-2.469268"></trkpt>
<trkpt lat="41.766088" lon="-2.470029"></trkpt>
<trkpt lat="41.766066" lon="-2.470102"></trkpt>
<trkpt lat="41.765986" lon="-2.470366"></trkpt>
<trkpt lat="41.765968" lon="-2.470425"></trkpt>
<trkpt lat="41.765831" lon="-2.470880"></trkpt>
<trkpt lat="41.765640" lon="-2.471423"></trkpt>
<trkpt lat="41.765466" lon="-2.471916"></trkpt>
<trkpt lat="41.765412" lon="-2.472241"></trkpt>
<trkpt lat="41.765328" lon="-2.472746"></trkpt>
<trkpt lat="41.765269" lon="-2.473435"></trkpt>
<trkpt lat="41.765262" lon="-2.473511"></trkpt>
<trkpt lat="41.765315" lon="-2.473522"></trkpt>
<trkpt lat="41.765309" lon="-2.473710"></trkpt>
<trkpt lat="41.765266" lon="-2.474166"></trkpt>
<trkpt lat="41.765221" lon="-2.474187"></trkpt>
<trkpt lat="41.765474" lon="-2.475129"></trkpt>
<trkpt lat="41.765677" lon="-2.475860"></trkpt>
<trkpt lat="41.765773" lon="-2.476185"></trkpt>
<trkpt lat="41.765848" lon="-2.476443"></trkpt>
<trkpt lat="41.766055" lon="-2.477192"></trkpt>
<trkpt lat="41.766166" lon="-2.477557"></trkpt>
<trkpt lat="41.766214" lon="-2.477531"></trkpt>
<trkpt lat="41.766432" lon="-2.478288"></trkpt>
<trkpt lat="41.766381" lon="-2.478307"></trkpt>
<trkpt lat="41.766609" lon="-2.478779"></trkpt>
<trkpt lat="41.766702" lon="-2.478799"></trkpt>
<trkpt lat="41.766778" lon="-2.478873"></trkpt>
<trkpt lat="41.766818" lon="-2.478967"></trkpt>
<trkpt lat="41.766827" lon="-2.479075"></trkpt>
<trkpt lat="41.766771" lon="-2.479249"></trkpt>
<trkpt lat="41.766786" lon="-2.479443"></trkpt>
<trkpt lat="41.766855" lon="-2.479723"></trkpt>
<trkpt lat="41.766934" lon="-2.480033"></trkpt>
<trkpt lat="41.767300" lon="-2.481411"></trkpt>
<trkpt lat="41.767399" lon="-2.481787"></trkpt>
<trkpt lat="41.767430" lon="-2.481905"></trkpt>
<trkpt lat="41.767739" lon="-2.482920"></trkpt>
<trkpt lat="41.767787" lon="-2.483080"></trkpt>
<trkpt lat="41.767893" lon="-2.483449"></trkpt>
<trkpt lat="41.767986" lon="-2.483764"></trkpt>
<trkpt lat="41.768066" lon="-2.484051"></trkpt>
<trkpt lat="41.768140" lon="-2.484360"></trkpt>
<trkpt lat="41.768204" lon="-2.484590"></trkpt>
<trkpt lat="41.768730" lon="-2.486394"></trkpt>
<trkpt lat="41.768859" lon="-2.486859"></trkpt>
<trkpt lat="41.768989" lon="-2.487309"></trkpt>
<trkpt lat="41.769056" lon="-2.487414"></trkpt>
<trkpt lat="41.769117" lon="-2.487447"></trkpt>
<trkpt lat="41.769159" lon="-2.487516"></trkpt>
<trkpt lat="41.769170" lon="-2.487609"></trkpt>
<trkpt lat="41.769143" lon="-2.487697"></trkpt>
<trkpt lat="41.769173" lon="-2.487809"></trkpt>
<trkpt lat="41.770353" lon="-2.492203"></trkpt>
<trkpt lat="41.770410" lon="-2.492414"></trkpt>
<trkpt lat="41.770653" lon="-2.493255"></trkpt>
<trkpt lat="41.770970" lon="-2.494037"></trkpt>
<trkpt lat="41.771027" lon="-2.494115"></trkpt>
<trkpt lat="41.771159" lon="-2.494203"></trkpt>
<trkpt lat="41.771388" lon="-2.494162"></trkpt>
<trkpt lat="41.771502" lon="-2.494197"></trkpt>
<trkpt lat="41.771591" lon="-2.494253"></trkpt>
<trkpt lat="41.771702" lon="-2.494374"></trkpt>
<trkpt lat="41.771797" lon="-2.494573"></trkpt>
<trkpt lat="41.771831" lon="-2.494757"></trkpt>
<trkpt lat="41.771831" lon="-2.494894"></trkpt>
<trkpt lat="41.771787" lon="-2.495110"></trkpt>
<trkpt lat="41.771802" lon="-2.495399"></trkpt>
<trkpt lat="41.771823" lon="-2.495482"></trkpt>
<trkpt lat="41.771931" lon="-2.495680"></trkpt>
<trkpt lat="41.772351" lon="-2.496104"></trkpt>
<trkpt lat="41.772783" lon="-2.496436"></trkpt>
<trkpt lat="41.773441" lon="-2.496923"></trkpt>
<trkpt lat="41.773908" lon="-2.497272"></trkpt>
<trkpt lat="41.774589" lon="-2.497737"></trkpt>
<trkpt lat="41.775467" lon="-2.498390"></trkpt>
<trkpt lat="41.775917" lon="-2.498720"></trkpt>
<trkpt lat="41.776030" lon="-2.498815"></trkpt>
<trkpt lat="41.776426" lon="-2.499123"></trkpt>
<trkpt lat="41.776742" lon="-2.499373"></trkpt>
<trkpt lat="41.777655" lon="-2.500208"></trkpt>
<trkpt lat="41.777929" lon="-2.500437"></trkpt>
<trkpt lat="41.779382" lon="-2.501767"></trkpt>
<trkpt lat="41.779384" lon="-2.501769"></trkpt>
<trkpt lat="41.779823" lon="-2.502302"></trkpt>
<trkpt lat="41.780178" lon="-2.502865"></trkpt>
<trkpt lat="41.780289" lon="-2.503110"></trkpt>
<trkpt lat="41.780454" lon="-2.503538"></trkpt>
<trkpt lat="41.780610" lon="-2.504047"></trkpt>
<trkpt lat="41.780762" lon="-2.504663"></trkpt>
<trkpt lat="41.780895" lon="-2.505147"></trkpt>
<trkpt lat="41.781558" lon="-2.507959"></trkpt>
<trkpt lat="41.781751" lon="-2.508789"></trkpt>
<trkpt lat="41.781955" lon="-2.509678"></trkpt>
<trkpt lat="41.782106" lon="-2.510536"></trkpt>
<trkpt lat="41.782170" lon="-2.511501"></trkpt>
<trkpt lat="41.782147" lon="-2.511830"></trkpt>
<trkpt lat="41.782118" lon="-2.512259"></trkpt>
<trkpt lat="41.782103" lon="-2.512392"></trkpt>
<trkpt lat="41.782096" lon="-2.512446"></trkpt>
<trkpt lat="41.782009" lon="-2.513045"></trkpt>
<trkpt lat="41.781607" lon="-2.515027"></trkpt>
<trkpt lat="41.781462" lon="-2.515909"></trkpt>
<trkpt lat="41.781439" lon="-2.516211"></trkpt>
<trkpt lat="41.781435" lon="-2.516847"></trkpt>
<trkpt lat="41.781509" lon="-2.517538"></trkpt>
<trkpt lat="41.781587" lon="-2.517941"></trkpt>
<trkpt lat="41.781665" lon="-2.518251"></trkpt>
<trkpt lat="41.781843" lon="-2.518782"></trkpt>
<trkpt lat="41.782359" lon="-2.519960"></trkpt>
<trkpt lat="41.782876" lon="-2.521005"></trkpt>
<trkpt lat="41.782879" lon="-2.521010"></trkpt>
<trkpt lat="41.783206" lon="-2.521528"></trkpt>
<trkpt lat="41.784366" lon="-2.522957"></trkpt>
<trkpt lat="41.784594" lon="-2.523301"></trkpt>
<trkpt lat="41.784758" lon="-2.523592"></trkpt>
<trkpt lat="41.784859" lon="-2.523798"></trkpt>
<trkpt lat="41.784993" lon="-2.524122"></trkpt>
<trkpt lat="41.785128" lon="-2.524437"></trkpt>
<trkpt lat="41.785281" lon="-2.524896"></trkpt>
<trkpt lat="41.785618" lon="-2.526196"></trkpt>
<trkpt lat="41.785761" lon="-2.526629"></trkpt>
<trkpt lat="41.785936" lon="-2.527038"></trkpt>
<trkpt lat="41.786327" lon="-2.527720"></trkpt>
<trkpt lat="41.786516" lon="-2.527965"></trkpt>
<trkpt lat="41.786916" lon="-2.528400"></trkpt>
<trkpt lat="41.787524" lon="-2.528971"></trkpt>
<trkpt lat="41.791910" lon="-2.532408"></trkpt>
<trkpt lat="41.792122" lon="-2.532557"></trkpt>
<trkpt lat="41.792530" lon="-2.532953"></trkpt>
<trkpt lat="41.792989" lon="-2.533550"></trkpt>
<trkpt lat="41.793195" lon="-2.533894"></trkpt>
<trkpt lat="41.793390" lon="-2.534241"></trkpt>
<trkpt lat="41.793567" lon="-2.534641"></trkpt>
<trkpt lat="41.793723" lon="-2.535096"></trkpt>
<trkpt lat="41.798034" lon="-2.546567"></trkpt>
<trkpt lat="41.799415" lon="-2.550307"></trkpt>
<trkpt lat="41.800060" lon="-2.552056"></trkpt>
<trkpt lat="41.800483" lon="-2.553120"></trkpt>
<trkpt lat="41.800677" lon="-2.553734"></trkpt>
<trkpt lat="41.800876" lon="-2.554423"></trkpt>
<trkpt lat="41.801041" lon="-2.555049"></trkpt>
<trkpt lat="41.801250" lon="-2.556123"></trkpt>
<trkpt lat="41.801462" lon="-2.557502"></trkpt>
<trkpt lat="41.802146" lon="-2.561507"></trkpt>
<trkpt lat="41.803067" lon="-2.567140"></trkpt>
<trkpt lat="41.803504" lon="-2.569807"></trkpt>
<trkpt lat="41.803679" lon="-2.570672"></trkpt>
<trkpt lat="41.803982" lon="-2.572488"></trkpt>
<trkpt lat="41.804026" lon="-2.572752"></trkpt>
<trkpt lat="41.804063" lon="-2.572979"></trkpt>
<trkpt lat="41.804336" lon="-2.574650"></trkpt>
<trkpt lat="41.804445" lon="-2.575540"></trkpt>
<trkpt lat="41.804708" lon="-2.577137"></trkpt>
<trkpt lat="41.804853" lon="-2.578013"></trkpt>
<trkpt lat="41.805275" lon="-2.580555"></trkpt>
<trkpt lat="41.805404" lon="-2.581347"></trkpt>
<trkpt lat="41.805526" lon="-2.582219"></trkpt>
<trkpt lat="41.805531" lon="-2.582420"></trkpt>
<trkpt lat="41.805465" lon="-2.583379"></trkpt>
<trkpt lat="41.805388" lon="-2.584347"></trkpt>
<trkpt lat="41.805335" lon="-2.585017"></trkpt>
<trkpt lat="41.805254" lon="-2.586104"></trkpt>
<trkpt lat="41.805239" lon="-2.586602"></trkpt>
<trkpt lat="41.805259" lon="-2.587070"></trkpt>
<trkpt lat="41.805312" lon="-2.587514"></trkpt>
<trkpt lat="41.806402" lon="-2.592967"></trkpt>
<trkpt lat="41.806422" lon="-2.593069"></trkpt>
<trkpt lat="41.806912" lon="-2.595712"></trkpt>
<trkpt lat="41.807615" lon="-2.600154"></trkpt>
<trkpt lat="41.807629" lon="-2.600237"></trkpt>
<trkpt lat="41.808672" lon="-2.606810"></trkpt>
<trkpt lat="41.808707" lon="-2.607035"></trkpt>
<trkpt lat="41.810329" lon="-2.617171"></trkpt>
<trkpt lat="41.810504" lon="-2.618102"></trkpt>
<trkpt lat="41.810662" lon="-2.619098"></trkpt>
<trkpt lat="41.810844" lon="-2.620243"></trkpt>
<trkpt lat="41.810987" lon="-2.621129"></trkpt>
<trkpt lat="41.811389" lon="-2.623778"></trkpt>
<trkpt lat="41.812865" lon="-2.633090"></trkpt>
<trkpt lat="41.813274" lon="-2.635666"></trkpt>
<trkpt lat="41.813507" lon="-2.637259"></trkpt>
<trkpt lat="41.813600" lon="-2.638100"></trkpt>
<trkpt lat="41.813608" lon="-2.638513"></trkpt>
<trkpt lat="41.813603" lon="-2.639499"></trkpt>
<trkpt lat="41.813579" lon="-2.640184"></trkpt>
<trkpt lat="41.813575" lon="-2.640297"></trkpt>
<trkpt lat="41.813539" lon="-2.641486"></trkpt>
<trkpt lat="41.813526" lon="-2.641894"></trkpt>
<trkpt lat="41.813513" lon="-2.642197"></trkpt>
<trkpt lat="41.813573" lon="-2.642152"></trkpt>
<trkpt lat="41.813634" lon="-2.642151"></trkpt>
<trkpt lat="41.813731" lon="-2.642216"></trkpt>
<trkpt lat="41.813864" lon="-2.642381"></trkpt>
<trkpt lat="41.814115" lon="-2.642698"></trkpt>
<trkpt lat="41.814205" lon="-2.642811"></trkpt>
<trkpt lat="41.814712" lon="-2.643438"></trkpt>
<trkpt lat="41.814953" lon="-2.643686"></trkpt>
<trkpt lat="41.816214" lon="-2.644718"></trkpt>
<trkpt lat="41.816417" lon="-2.644915"></trkpt>
<trkpt lat="41.816621" lon="-2.645222"></trkpt>
<trkpt lat="41.816957" lon="-2.646001"></trkpt>
<trkpt lat="41.818215" lon="-2.649203"></trkpt>
<trkpt lat="41.818520" lon="-2.649924"></trkpt>
<trkpt lat="41.818869" lon="-2.650579"></trkpt>
<trkpt lat="41.819750" lon="-2.651852"></trkpt>
<trkpt lat="41.822416" lon="-2.655624"></trkpt>
<trkpt lat="41.823961" lon="-2.658254"></trkpt>
<trkpt lat="41.824162" lon="-2.658777"></trkpt>
<trkpt lat="41.824717" lon="-2.660850"></trkpt>
<trkpt lat="41.824833" lon="-2.661162"></trkpt>
<trkpt lat="41.824922" lon="-2.661399"></trkpt>
<trkpt lat="41.825090" lon="-2.661739"></trkpt>
<trkpt lat="41.825349" lon="-2.662151"></trkpt>
<trkpt lat="41.825641" lon="-2.662532"></trkpt>
<trkpt lat="41.826876" lon="-2.663922"></trkpt>
<trkpt lat="41.827078" lon="-2.664149"></trkpt>
<trkpt lat="41.827323" lon="-2.664495"></trkpt>
<trkpt lat="41.827585" lon="-2.664975"></trkpt>
<trkpt lat="41.827922" lon="-2.665742"></trkpt>
<trkpt lat="41.828189" lon="-2.666256"></trkpt>
<trkpt lat="41.828486" lon="-2.666705"></trkpt>
<trkpt lat="41.828770" lon="-2.667026"></trkpt>
<trkpt lat="41.833440" lon="-2.671704"></trkpt>
<trkpt lat="41.838408" lon="-2.676741"></trkpt>
<trkpt lat="41.840452" lon="-2.678841"></trkpt>
<trkpt lat="41.841864" lon="-2.680355"></trkpt>
<trkpt lat="41.843271" lon="-2.681871"></trkpt>
<trkpt lat="41.843589" lon="-2.682291"></trkpt>
<trkpt lat="41.843837" lon="-2.682763"></trkpt>
<trkpt lat="41.846658" lon="-2.689469"></trkpt>
<trkpt lat="41.846977" lon="-2.690037"></trkpt>
<trkpt lat="41.847209" lon="-2.690349"></trkpt>
<trkpt lat="41.847993" lon="-2.691208"></trkpt>
<trkpt lat="41.848246" lon="-2.691530"></trkpt>
<trkpt lat="41.848476" lon="-2.691925"></trkpt>
<trkpt lat="41.848645" lon="-2.692301"></trkpt>
<trkpt lat="41.848904" lon="-2.693130"></trkpt>
<trkpt lat="41.849930" lon="-2.698097"></trkpt>
<trkpt lat="41.850415" lon="-2.700416"></trkpt>
<trkpt lat="41.850634" lon="-2.701010"></trkpt>
<trkpt lat="41.850789" lon="-2.701284"></trkpt>
<trkpt lat="41.850979" lon="-2.701519"></trkpt>
<trkpt lat="41.851574" lon="-2.702153"></trkpt>
<trkpt lat="41.852077" lon="-2.702657"></trkpt>
<trkpt lat="41.852478" lon="-2.702973"></trkpt>
<trkpt lat="41.852692" lon="-2.703095"></trkpt>
<trkpt lat="41.853005" lon="-2.703190"></trkpt>
<trkpt lat="41.853735" lon="-2.703332"></trkpt>
<trkpt lat="41.854043" lon="-2.703479"></trkpt>
<trkpt lat="41.854309" lon="-2.703699"></trkpt>
<trkpt lat="41.854561" lon="-2.703991"></trkpt>
<trkpt lat="41.854946" lon="-2.704554"></trkpt>
<trkpt lat="41.855186" lon="-2.704864"></trkpt>
<trkpt lat="41.855449" lon="-2.705141"></trkpt>
<trkpt lat="41.855677" lon="-2.705332"></trkpt>
<trkpt lat="41.855887" lon="-2.705464"></trkpt>
<trkpt lat="41.856129" lon="-2.705544"></trkpt>
<trkpt lat="41.856351" lon="-2.705560"></trkpt>
<trkpt lat="41.856611" lon="-2.705515"></trkpt>
<trkpt lat="41.856897" lon="-2.705377"></trkpt>
<trkpt lat="41.857824" lon="-2.704651"></trkpt>
<trkpt lat="41.858191" lon="-2.704312"></trkpt>
<trkpt lat="41.858441" lon="-2.704016"></trkpt>
<trkpt lat="41.858670" lon="-2.703652"></trkpt>
<trkpt lat="41.859401" lon="-2.702137"></trkpt>
<trkpt lat="41.859674" lon="-2.701552"></trkpt>
<trkpt lat="41.859865" lon="-2.701228"></trkpt>
<trkpt lat="41.860052" lon="-2.701035"></trkpt>
<trkpt lat="41.860250" lon="-2.700942"></trkpt>
<trkpt lat="41.860491" lon="-2.700887"></trkpt>
<trkpt lat="41.860825" lon="-2.700938"></trkpt>
<trkpt lat="41.861013" lon="-2.701081"></trkpt>
<trkpt lat="41.861150" lon="-2.701265"></trkpt>
<trkpt lat="41.861268" lon="-2.701500"></trkpt>
<trkpt lat="41.861362" lon="-2.701782"></trkpt>
<trkpt lat="41.861520" lon="-2.702415"></trkpt>
<trkpt lat="41.861630" lon="-2.702692"></trkpt>
<trkpt lat="41.861759" lon="-2.702852"></trkpt>
<trkpt lat="41.861928" lon="-2.702997"></trkpt>
<trkpt lat="41.862112" lon="-2.703060"></trkpt>
<trkpt lat="41.862477" lon="-2.703106"></trkpt>
<trkpt lat="41.862659" lon="-2.703235"></trkpt>
<trkpt lat="41.862801" lon="-2.703435"></trkpt>
<trkpt lat="41.862894" lon="-2.703632"></trkpt>
<trkpt lat="41.862952" lon="-2.703841"></trkpt>
<trkpt lat="41.862966" lon="-2.704157"></trkpt>
<trkpt lat="41.862951" lon="-2.704844"></trkpt>
<trkpt lat="41.862968" lon="-2.705264"></trkpt>
<trkpt lat="41.863017" lon="-2.705625"></trkpt>
<trkpt lat="41.863438" lon="-2.707247"></trkpt>
<trkpt lat="41.863538" lon="-2.707470"></trkpt>
<trkpt lat="41.863653" lon="-2.707621"></trkpt>
<trkpt lat="41.863839" lon="-2.707731"></trkpt>
<trkpt lat="41.864021" lon="-2.707751"></trkpt>
<trkpt lat="41.864172" lon="-2.707724"></trkpt>
<trkpt lat="41.864333" lon="-2.707624"></trkpt>
<trkpt lat="41.864464" lon="-2.707409"></trkpt>
<trkpt lat="41.864867" lon="-2.706300"></trkpt>
<trkpt lat="41.865039" lon="-2.705961"></trkpt>
<trkpt lat="41.865192" lon="-2.705765"></trkpt>
<trkpt lat="41.865361" lon="-2.705652"></trkpt>
<trkpt lat="41.865520" lon="-2.705609"></trkpt>
<trkpt lat="41.865679" lon="-2.705617"></trkpt>
<trkpt lat="41.865863" lon="-2.705689"></trkpt>
<trkpt lat="41.866039" lon="-2.705860"></trkpt>
<trkpt lat="41.866121" lon="-2.706012"></trkpt>
<trkpt lat="41.866238" lon="-2.706389"></trkpt>
<trkpt lat="41.866328" lon="-2.706596"></trkpt>
<trkpt lat="41.866442" lon="-2.706785"></trkpt>
<trkpt lat="41.866603" lon="-2.706915"></trkpt>
<trkpt lat="41.866792" lon="-2.707000"></trkpt>
<trkpt lat="41.867001" lon="-2.706999"></trkpt>
<trkpt lat="41.867274" lon="-2.706926"></trkpt>
<trkpt lat="41.867970" lon="-2.706656"></trkpt>
<trkpt lat="41.868893" lon="-2.706234"></trkpt>
<trkpt lat="41.869104" lon="-2.706236"></trkpt>
<trkpt lat="41.869546" lon="-2.706348"></trkpt>
<trkpt lat="41.869777" lon="-2.706346"></trkpt>
<trkpt lat="41.869980" lon="-2.706268"></trkpt>
<trkpt lat="41.870206" lon="-2.706077"></trkpt>
<trkpt lat="41.870907" lon="-2.705192"></trkpt>
<trkpt lat="41.871314" lon="-2.704766"></trkpt>
<trkpt lat="41.871759" lon="-2.704372"></trkpt>
<trkpt lat="41.872060" lon="-2.704005"></trkpt>
<trkpt lat="41.872282" lon="-2.703627"></trkpt>
<trkpt lat="41.872714" lon="-2.702696"></trkpt>
<trkpt lat="41.872903" lon="-2.702418"></trkpt>
<trkpt lat="41.873256" lon="-2.701987"></trkpt>
<trkpt lat="41.873440" lon="-2.701659"></trkpt>
<trkpt lat="41.873796" lon="-2.700862"></trkpt>
<trkpt lat="41.873999" lon="-2.700559"></trkpt>
<trkpt lat="41.874460" lon="-2.700105"></trkpt>
<trkpt lat="41.875819" lon="-2.699146"></trkpt>
<trkpt lat="41.875869" lon="-2.699112"></trkpt>
<trkpt lat="41.876174" lon="-2.699062"></trkpt>
<trkpt lat="41.876387" lon="-2.699107"></trkpt>
<trkpt lat="41.876596" lon="-2.699219"></trkpt>
<trkpt lat="41.876714" lon="-2.699331"></trkpt>
<trkpt lat="41.876768" lon="-2.699387"></trkpt>
<trkpt lat="41.876929" lon="-2.699642"></trkpt>
<trkpt lat="41.877047" lon="-2.700007"></trkpt>
<trkpt lat="41.877068" lon="-2.700173"></trkpt>
<trkpt lat="41.877071" lon="-2.700552"></trkpt>
<trkpt lat="41.877031" lon="-2.700793"></trkpt>
<trkpt lat="41.876972" lon="-2.700981"></trkpt>
<trkpt lat="41.876874" lon="-2.701161"></trkpt>
<trkpt lat="41.876679" lon="-2.701408"></trkpt>
<trkpt lat="41.876396" lon="-2.701795"></trkpt>
<trkpt lat="41.876157" lon="-2.702246"></trkpt>
<trkpt lat="41.875963" lon="-2.702821"></trkpt>
<trkpt lat="41.875904" lon="-2.703056"></trkpt>
<trkpt lat="41.875858" lon="-2.703381"></trkpt>
<trkpt lat="41.875810" lon="-2.703975"></trkpt>
<trkpt lat="41.875827" lon="-2.704476"></trkpt>
<trkpt lat="41.875880" lon="-2.704871"></trkpt>
<trkpt lat="41.876112" lon="-2.705657"></trkpt>
<trkpt lat="41.876390" lon="-2.706331"></trkpt>
<trkpt lat="41.876833" lon="-2.707406"></trkpt>
<trkpt lat="41.877417" lon="-2.708534"></trkpt>
<trkpt lat="41.877771" lon="-2.709226"></trkpt>
<trkpt lat="41.878128" lon="-2.709978"></trkpt>
<trkpt lat="41.878474" lon="-2.711184"></trkpt>
<trkpt lat="41.878542" lon="-2.711321"></trkpt>
<trkpt lat="41.878783" lon="-2.711623"></trkpt>
<trkpt lat="41.878969" lon="-2.711777"></trkpt>
<trkpt lat="41.879184" lon="-2.711906"></trkpt>
<trkpt lat="41.879347" lon="-2.711967"></trkpt>
<trkpt lat="41.879539" lon="-2.711987"></trkpt>
<trkpt lat="41.880306" lon="-2.711975"></trkpt>
<trkpt lat="41.880514" lon="-2.711892"></trkpt>
<trkpt lat="41.880739" lon="-2.711724"></trkpt>
<trkpt lat="41.880664" lon="-2.712031"></trkpt>
<trkpt lat="41.880523" lon="-2.712628"></trkpt>
<trkpt lat="41.880472" lon="-2.712912"></trkpt>
<trkpt lat="41.880437" lon="-2.713332"></trkpt>
<trkpt lat="41.880475" lon="-2.714369"></trkpt>
<trkpt lat="41.880514" lon="-2.714749"></trkpt>
<trkpt lat="41.880531" lon="-2.716340"></trkpt>
<trkpt lat="41.880585" lon="-2.716694"></trkpt>
<trkpt lat="41.880705" lon="-2.717096"></trkpt>
<trkpt lat="41.880997" lon="-2.717729"></trkpt>
<trkpt lat="41.881526" lon="-2.718644"></trkpt>
<trkpt lat="41.882025" lon="-2.719448"></trkpt>
<trkpt lat="41.882254" lon="-2.719736"></trkpt>
<trkpt lat="41.883233" lon="-2.720715"></trkpt>
<trkpt lat="41.883999" lon="-2.721680"></trkpt>
<trkpt lat="41.884150" lon="-2.721808"></trkpt>
<trkpt lat="41.884889" lon="-2.722209"></trkpt>
<trkpt lat="41.885064" lon="-2.722388"></trkpt>
<trkpt lat="41.885141" lon="-2.722531"></trkpt>
<trkpt lat="41.885228" lon="-2.722810"></trkpt>
<trkpt lat="41.885380" lon="-2.724142"></trkpt>
<trkpt lat="41.885483" lon="-2.724620"></trkpt>
<trkpt lat="41.885588" lon="-2.724960"></trkpt>
<trkpt lat="41.885731" lon="-2.725280"></trkpt>
<trkpt lat="41.885979" lon="-2.725682"></trkpt>
<trkpt lat="41.886416" lon="-2.726182"></trkpt>
<trkpt lat="41.887061" lon="-2.726710"></trkpt>
<trkpt lat="41.887395" lon="-2.726895"></trkpt>
<trkpt lat="41.888183" lon="-2.727251"></trkpt>
<trkpt lat="41.888397" lon="-2.727410"></trkpt>
<trkpt lat="41.888522" lon="-2.727585"></trkpt>
<trkpt lat="41.889040" lon="-2.728576"></trkpt>
<trkpt lat="41.889269" lon="-2.728865"></trkpt>
<trkpt lat="41.889472" lon="-2.729019"></trkpt>
<trkpt lat="41.890397" lon="-2.729430"></trkpt>
<trkpt lat="41.890887" lon="-2.729608"></trkpt>
<trkpt lat="41.891161" lon="-2.729632"></trkpt>
<trkpt lat="41.891696" lon="-2.729555"></trkpt>
<trkpt lat="41.892111" lon="-2.729546"></trkpt>
<trkpt lat="41.892421" lon="-2.729640"></trkpt>
<trkpt lat="41.892693" lon="-2.729808"></trkpt>
<trkpt lat="41.892949" lon="-2.730075"></trkpt>
<trkpt lat="41.893173" lon="-2.730415"></trkpt>
<trkpt lat="41.894046" lon="-2.732116"></trkpt>
<trkpt lat="41.894205" lon="-2.732348"></trkpt>
<trkpt lat="41.894620" lon="-2.732830"></trkpt>
<trkpt lat="41.895124" lon="-2.733201"></trkpt>
<trkpt lat="41.897290" lon="-2.734196"></trkpt>
<trkpt lat="41.897691" lon="-2.734422"></trkpt>
<trkpt lat="41.897835" lon="-2.734540"></trkpt>
<trkpt lat="41.898202" lon="-2.734863"></trkpt>
<trkpt lat="41.899320" lon="-2.735969"></trkpt>
<trkpt lat="41.899844" lon="-2.736420"></trkpt>
<trkpt lat="41.899953" lon="-2.736549"></trkpt>
<trkpt lat="41.900112" lon="-2.736751"></trkpt>
<trkpt lat="41.900379" lon="-2.737229"></trkpt>
<trkpt lat="41.900612" lon="-2.737878"></trkpt>
<trkpt lat="41.900905" lon="-2.738698"></trkpt>
<trkpt lat="41.901147" lon="-2.739211"></trkpt>
<trkpt lat="41.901292" lon="-2.739461"></trkpt>
<trkpt lat="41.901584" lon="-2.739885"></trkpt>
<trkpt lat="41.902506" lon="-2.741005"></trkpt>
<trkpt lat="41.903208" lon="-2.741846"></trkpt>
<trkpt lat="41.906423" lon="-2.745717"></trkpt>
<trkpt lat="41.907238" lon="-2.746742"></trkpt>
<trkpt lat="41.907974" lon="-2.747536"></trkpt>
<trkpt lat="41.908260" lon="-2.747811"></trkpt>
<trkpt lat="41.908713" lon="-2.748303"></trkpt>
<trkpt lat="41.908871" lon="-2.748603"></trkpt>
<trkpt lat="41.909005" lon="-2.748913"></trkpt>
<trkpt lat="41.909318" lon="-2.750051"></trkpt>
<trkpt lat="41.909617" lon="-2.750611"></trkpt>
<trkpt lat="41.909861" lon="-2.751005"></trkpt>
<trkpt lat="41.910475" lon="-2.751951"></trkpt>
<trkpt lat="41.910601" lon="-2.752212"></trkpt>
<trkpt lat="41.911331" lon="-2.753997"></trkpt>
<trkpt lat="41.911747" lon="-2.754996"></trkpt>
<trkpt lat="41.911869" lon="-2.755168"></trkpt>
<trkpt lat="41.912015" lon="-2.755269"></trkpt>
<trkpt lat="41.912236" lon="-2.755315"></trkpt>
<trkpt lat="41.913237" lon="-2.755409"></trkpt>
<trkpt lat="41.913523" lon="-2.755412"></trkpt>
<trkpt lat="41.913773" lon="-2.755352"></trkpt>
<trkpt lat="41.914103" lon="-2.755107"></trkpt>
<trkpt lat="41.914609" lon="-2.754645"></trkpt>
<trkpt lat="41.914784" lon="-2.754516"></trkpt>
<trkpt lat="41.915073" lon="-2.754457"></trkpt>
<trkpt lat="41.915571" lon="-2.754529"></trkpt>
<trkpt lat="41.915884" lon="-2.754627"></trkpt>
<trkpt lat="41.916148" lon="-2.754814"></trkpt>
<trkpt lat="41.917100" lon="-2.755647"></trkpt>
<trkpt lat="41.919343" lon="-2.757675"></trkpt>
<trkpt lat="41.919523" lon="-2.757904"></trkpt>
<trkpt lat="41.920062" lon="-2.758711"></trkpt>
<trkpt lat="41.920844" lon="-2.760030"></trkpt>
<trkpt lat="41.921122" lon="-2.760378"></trkpt>
<trkpt lat="41.922493" lon="-2.761404"></trkpt>
<trkpt lat="41.923041" lon="-2.761882"></trkpt>
<trkpt lat="41.923762" lon="-2.762571"></trkpt>
<trkpt lat="41.924029" lon="-2.762774"></trkpt>
<trkpt lat="41.925900" lon="-2.763555"></trkpt>
<trkpt lat="41.926069" lon="-2.763601"></trkpt>
<trkpt lat="41.928226" lon="-2.763937"></trkpt>
<trkpt lat="41.928874" lon="-2.764038"></trkpt>
<trkpt lat="41.929301" lon="-2.764133"></trkpt>
<trkpt lat="41.930375" lon="-2.764846"></trkpt>
<trkpt lat="41.931323" lon="-2.765410"></trkpt>
<trkpt lat="41.931565" lon="-2.765522"></trkpt>
<trkpt lat="41.933076" lon="-2.766027"></trkpt>
<trkpt lat="41.934219" lon="-2.766525"></trkpt>
<trkpt lat="41.934860" lon="-2.766696"></trkpt>
<trkpt lat="41.935402" lon="-2.766717"></trkpt>
<trkpt lat="41.936510" lon="-2.767170"></trkpt>
<trkpt lat="41.938947" lon="-2.767845"></trkpt>
<trkpt lat="41.939896" lon="-2.767953"></trkpt>
<trkpt lat="41.940429" lon="-2.768045"></trkpt>
<trkpt lat="41.941246" lon="-2.768422"></trkpt>
<trkpt lat="41.941489" lon="-2.768583"></trkpt>
<trkpt lat="41.941651" lon="-2.768740"></trkpt>
<trkpt lat="41.941775" lon="-2.768878"></trkpt>
<trkpt lat="41.941930" lon="-2.769119"></trkpt>
<trkpt lat="41.942675" lon="-2.770947"></trkpt>
<trkpt lat="41.942822" lon="-2.771233"></trkpt>
<trkpt lat="41.942935" lon="-2.771399"></trkpt>
<trkpt lat="41.943073" lon="-2.771573"></trkpt>
<trkpt lat="41.943270" lon="-2.771759"></trkpt>
<trkpt lat="41.944493" lon="-2.772773"></trkpt>
<trkpt lat="41.944757" lon="-2.772944"></trkpt>
<trkpt lat="41.945045" lon="-2.773076"></trkpt>
<trkpt lat="41.945464" lon="-2.773202"></trkpt>
<trkpt lat="41.945755" lon="-2.773238"></trkpt>
<trkpt lat="41.946863" lon="-2.773226"></trkpt>
<trkpt lat="41.947684" lon="-2.773424"></trkpt>
<trkpt lat="41.948861" lon="-2.773760"></trkpt>
<trkpt lat="41.949139" lon="-2.773827"></trkpt>
<trkpt lat="41.949512" lon="-2.773821"></trkpt>
<trkpt lat="41.949702" lon="-2.773759"></trkpt>
<trkpt lat="41.950391" lon="-2.773434"></trkpt>
<trkpt lat="41.950611" lon="-2.773423"></trkpt>
<trkpt lat="41.950741" lon="-2.773449"></trkpt>
<trkpt lat="41.951021" lon="-2.773614"></trkpt>
<trkpt lat="41.951821" lon="-2.774231"></trkpt>
<trkpt lat="41.953301" lon="-2.774981"></trkpt>
<trkpt lat="41.954729" lon="-2.775965"></trkpt>
<trkpt lat="41.955454" lon="-2.776324"></trkpt>
<trkpt lat="41.956540" lon="-2.776847"></trkpt>
<trkpt lat="41.956795" lon="-2.776914"></trkpt>
<trkpt lat="41.957211" lon="-2.776949"></trkpt>
<trkpt lat="41.957810" lon="-2.776881"></trkpt>
<trkpt lat="41.959041" lon="-2.776667"></trkpt>
<trkpt lat="41.959229" lon="-2.776675"></trkpt>
<trkpt lat="41.960075" lon="-2.776884"></trkpt>
<trkpt lat="41.960249" lon="-2.776951"></trkpt>
<trkpt lat="41.960557" lon="-2.777176"></trkpt>
<trkpt lat="41.962639" lon="-2.779444"></trkpt>
<trkpt lat="41.962838" lon="-2.779615"></trkpt>
<trkpt lat="41.962974" lon="-2.779707"></trkpt>
<trkpt lat="41.963863" lon="-2.780050"></trkpt>
<trkpt lat="41.965302" lon="-2.780879"></trkpt>
<trkpt lat="41.966744" lon="-2.781709"></trkpt>
<trkpt lat="41.966991" lon="-2.781959"></trkpt>
<trkpt lat="41.967601" lon="-2.782762"></trkpt>
<trkpt lat="41.968133" lon="-2.783398"></trkpt>
<trkpt lat="41.970209" lon="-2.785271"></trkpt>
<trkpt lat="41.970566" lon="-2.785538"></trkpt>
<trkpt lat="41.971512" lon="-2.786137"></trkpt>
<trkpt lat="41.972053" lon="-2.786426"></trkpt>
<trkpt lat="41.972660" lon="-2.786555"></trkpt>
<trkpt lat="41.972834" lon="-2.786573"></trkpt>
<trkpt lat="41.973040" lon="-2.786530"></trkpt>
<trkpt lat="41.974920" lon="-2.785486"></trkpt>
<trkpt lat="41.975174" lon="-2.785351"></trkpt>
<trkpt lat="41.975532" lon="-2.785245"></trkpt>
<trkpt lat="41.975588" lon="-2.785239"></trkpt>
<trkpt lat="41.975947" lon="-2.785260"></trkpt>
<trkpt lat="41.976132" lon="-2.785308"></trkpt>
<trkpt lat="41.976276" lon="-2.785373"></trkpt>
<trkpt lat="41.976612" lon="-2.785612"></trkpt>
<trkpt lat="41.978535" lon="-2.787565"></trkpt>
<trkpt lat="41.978703" lon="-2.787756"></trkpt>
<trkpt lat="41.979503" lon="-2.788866"></trkpt>
<trkpt lat="41.979793" lon="-2.789128"></trkpt>
<trkpt lat="41.981565" lon="-2.790417"></trkpt>
<trkpt lat="41.982111" lon="-2.790778"></trkpt>
<trkpt lat="41.982657" lon="-2.791061"></trkpt>
<trkpt lat="41.984141" lon="-2.791724"></trkpt>
<trkpt lat="41.985583" lon="-2.792404"></trkpt>
<trkpt lat="41.985874" lon="-2.792457"></trkpt>
<trkpt lat="41.986207" lon="-2.792395"></trkpt>
<trkpt lat="41.986489" lon="-2.792251"></trkpt>
<trkpt lat="41.986605" lon="-2.792157"></trkpt>
<trkpt lat="41.986881" lon="-2.791828"></trkpt>
<trkpt lat="41.987480" lon="-2.790971"></trkpt>
<trkpt lat="41.988426" lon="-2.790148"></trkpt>
<trkpt lat="41.988787" lon="-2.789967"></trkpt>
<trkpt lat="41.989942" lon="-2.789642"></trkpt>
<trkpt lat="41.990278" lon="-2.789501"></trkpt>
<trkpt lat="41.990651" lon="-2.789237"></trkpt>
<trkpt lat="41.991138" lon="-2.788829"></trkpt>
<trkpt lat="41.991420" lon="-2.788668"></trkpt>
<trkpt lat="41.991696" lon="-2.788607"></trkpt>
<trkpt lat="41.992195" lon="-2.788626"></trkpt>
<trkpt lat="41.996558" lon="-2.788897"></trkpt>
<trkpt lat="41.998120" lon="-2.788992"></trkpt>
<trkpt lat="41.998602" lon="-2.788983"></trkpt>
<trkpt lat="42.000800" lon="-2.788578"></trkpt>
<trkpt lat="42.001350" lon="-2.788419"></trkpt>
<trkpt lat="42.001914" lon="-2.788169"></trkpt>
<trkpt lat="42.002409" lon="-2.787885"></trkpt>
<trkpt lat="42.002970" lon="-2.787611"></trkpt>
<trkpt lat="42.003696" lon="-2.786989"></trkpt>
<trkpt lat="42.004189" lon="-2.786686"></trkpt>
<trkpt lat="42.004604" lon="-2.786306"></trkpt>
<trkpt lat="42.004888" lon="-2.786147"></trkpt>
<trkpt lat="42.005131" lon="-2.786138"></trkpt>
<trkpt lat="42.005383" lon="-2.786259"></trkpt>
<trkpt lat="42.005608" lon="-2.786533"></trkpt>
<trkpt lat="42.005873" lon="-2.787021"></trkpt>
<trkpt lat="42.006069" lon="-2.787345"></trkpt>
<trkpt lat="42.006260" lon="-2.787583"></trkpt>
<trkpt lat="42.006467" lon="-2.787783"></trkpt>
<trkpt lat="42.006753" lon="-2.787971"></trkpt>
<trkpt lat="42.009771" lon="-2.789300"></trkpt>
<trkpt lat="42.012080" lon="-2.790306"></trkpt>
<trkpt lat="42.012636" lon="-2.790430"></trkpt>
<trkpt lat="42.012907" lon="-2.790447"></trkpt>
<trkpt lat="42.013157" lon="-2.790423"></trkpt>
<trkpt lat="42.014924" lon="-2.789955"></trkpt>
<trkpt lat="42.016129" lon="-2.789516"></trkpt>
<trkpt lat="42.016502" lon="-2.789337"></trkpt>
<trkpt lat="42.017720" lon="-2.788304"></trkpt>
<trkpt lat="42.019639" lon="-2.786399"></trkpt>
<trkpt lat="42.019880" lon="-2.786065"></trkpt>
<trkpt lat="42.020069" lon="-2.785652"></trkpt>
<trkpt lat="42.020137" lon="-2.785411"></trkpt>
<trkpt lat="42.020211" lon="-2.784953"></trkpt>
<trkpt lat="42.020236" lon="-2.784178"></trkpt>
<trkpt lat="42.020313" lon="-2.783788"></trkpt>
<trkpt lat="42.020391" lon="-2.783534"></trkpt>
<trkpt lat="42.020508" lon="-2.783278"></trkpt>
<trkpt lat="42.021212" lon="-2.782011"></trkpt>
<trkpt lat="42.021307" lon="-2.781877"></trkpt>
<trkpt lat="42.021705" lon="-2.781468"></trkpt>
<trkpt lat="42.021992" lon="-2.781069"></trkpt>
<trkpt lat="42.022161" lon="-2.780754"></trkpt>
<trkpt lat="42.022301" lon="-2.780387"></trkpt>
<trkpt lat="42.022336" lon="-2.779925"></trkpt>
<trkpt lat="42.022273" lon="-2.778916"></trkpt>
<trkpt lat="42.022275" lon="-2.778389"></trkpt>
<trkpt lat="42.022821" lon="-2.774916"></trkpt>
<trkpt lat="42.022907" lon="-2.774567"></trkpt>
<trkpt lat="42.023014" lon="-2.774372"></trkpt>
<trkpt lat="42.023166" lon="-2.774220"></trkpt>
<trkpt lat="42.023348" lon="-2.774135"></trkpt>
<trkpt lat="42.023520" lon="-2.774130"></trkpt>
<trkpt lat="42.023691" lon="-2.774182"></trkpt>
<trkpt lat="42.023875" lon="-2.774346"></trkpt>
<trkpt lat="42.024011" lon="-2.774576"></trkpt>
<trkpt lat="42.024703" lon="-2.776415"></trkpt>
<trkpt lat="42.025057" lon="-2.777087"></trkpt>
<trkpt lat="42.025235" lon="-2.777275"></trkpt>
<trkpt lat="42.025469" lon="-2.777376"></trkpt>
<trkpt lat="42.025722" lon="-2.777435"></trkpt>
<trkpt lat="42.026158" lon="-2.777448"></trkpt>
<trkpt lat="42.026425" lon="-2.777411"></trkpt>
<trkpt lat="42.028168" lon="-2.776903"></trkpt>
<trkpt lat="42.028434" lon="-2.776945"></trkpt>
<trkpt lat="42.028616" lon="-2.777066"></trkpt>
<trkpt lat="42.028777" lon="-2.777294"></trkpt>
<trkpt lat="42.028872" lon="-2.777572"></trkpt>
<trkpt lat="42.028898" lon="-2.777887"></trkpt>
<trkpt lat="42.028797" lon="-2.779245"></trkpt>
<trkpt lat="42.028813" lon="-2.780708"></trkpt>
<trkpt lat="42.028859" lon="-2.780964"></trkpt>
<trkpt lat="42.028911" lon="-2.781099"></trkpt>
<trkpt lat="42.029177" lon="-2.781510"></trkpt>
<trkpt lat="42.029425" lon="-2.781829"></trkpt>
<trkpt lat="42.029737" lon="-2.782171"></trkpt>
<trkpt lat="42.030010" lon="-2.782384"></trkpt>
<trkpt lat="42.030540" lon="-2.782682"></trkpt>
<trkpt lat="42.030802" lon="-2.782790"></trkpt>
<trkpt lat="42.030902" lon="-2.782807"></trkpt>
<trkpt lat="42.031115" lon="-2.782773"></trkpt>
<trkpt lat="42.031359" lon="-2.782623"></trkpt>
<trkpt lat="42.031672" lon="-2.782361"></trkpt>
<trkpt lat="42.031856" lon="-2.782285"></trkpt>
<trkpt lat="42.032125" lon="-2.782290"></trkpt>
<trkpt lat="42.032397" lon="-2.782414"></trkpt>
<trkpt lat="42.032912" lon="-2.782740"></trkpt>
<trkpt lat="42.033069" lon="-2.782868"></trkpt>
<trkpt lat="42.033265" lon="-2.783055"></trkpt>
<trkpt lat="42.034095" lon="-2.783987"></trkpt>
<trkpt lat="42.034461" lon="-2.784194"></trkpt>
<trkpt lat="42.034702" lon="-2.784406"></trkpt>
<trkpt lat="42.035186" lon="-2.784999"></trkpt>
<trkpt lat="42.035999" lon="-2.786021"></trkpt>
<trkpt lat="42.036181" lon="-2.786201"></trkpt>
<trkpt lat="42.036281" lon="-2.786253"></trkpt>
<trkpt lat="42.036498" lon="-2.786270"></trkpt>
<trkpt lat="42.036706" lon="-2.786169"></trkpt>
<trkpt lat="42.036808" lon="-2.786059"></trkpt>
<trkpt lat="42.036928" lon="-2.785779"></trkpt>
<trkpt lat="42.036947" lon="-2.785533"></trkpt>
<trkpt lat="42.036905" lon="-2.785129"></trkpt>
<trkpt lat="42.036761" lon="-2.784408"></trkpt>
<trkpt lat="42.036782" lon="-2.784156"></trkpt>
<trkpt lat="42.036794" lon="-2.784100"></trkpt>
<trkpt lat="42.036866" lon="-2.783961"></trkpt>
<trkpt lat="42.037087" lon="-2.783887"></trkpt>
<trkpt lat="42.037177" lon="-2.783905"></trkpt>
<trkpt lat="42.037583" lon="-2.784124"></trkpt>
<trkpt lat="42.037721" lon="-2.784274"></trkpt>
<trkpt lat="42.037922" lon="-2.784608"></trkpt>
<trkpt lat="42.038071" lon="-2.784768"></trkpt>
<trkpt lat="42.038167" lon="-2.784818"></trkpt>
<trkpt lat="42.038393" lon="-2.784867"></trkpt>
<trkpt lat="42.038441" lon="-2.784869"></trkpt>
<trkpt lat="42.038549" lon="-2.784877"></trkpt>
<trkpt lat="42.038915" lon="-2.784919"></trkpt>
<trkpt lat="42.039517" lon="-2.785258"></trkpt>
<trkpt lat="42.039927" lon="-2.785451"></trkpt>
<trkpt lat="42.040619" lon="-2.785717"></trkpt>
<trkpt lat="42.041775" lon="-2.786570"></trkpt>
<trkpt lat="42.041940" lon="-2.786693"></trkpt>
<trkpt lat="42.042218" lon="-2.786738"></trkpt>
<trkpt lat="42.043310" lon="-2.786587"></trkpt>
<trkpt lat="42.043431" lon="-2.786594"></trkpt>
<trkpt lat="42.043566" lon="-2.786645"></trkpt>
<trkpt lat="42.043675" lon="-2.786730"></trkpt>
<trkpt lat="42.043901" lon="-2.787054"></trkpt>
<trkpt lat="42.044093" lon="-2.787263"></trkpt>
<trkpt lat="42.044712" lon="-2.787837"></trkpt>
<trkpt lat="42.045406" lon="-2.788533"></trkpt>
<trkpt lat="42.045755" lon="-2.788795"></trkpt>
<trkpt lat="42.045926" lon="-2.788866"></trkpt>
<trkpt lat="42.046096" lon="-2.788853"></trkpt>
<trkpt lat="42.046233" lon="-2.788783"></trkpt>
<trkpt lat="42.046382" lon="-2.788630"></trkpt>
<trkpt lat="42.046575" lon="-2.788362"></trkpt>
<trkpt lat="42.046726" lon="-2.788067"></trkpt>
<trkpt lat="42.046823" lon="-2.787772"></trkpt>
<trkpt lat="42.046918" lon="-2.787413"></trkpt>
<trkpt lat="42.047070" lon="-2.786645"></trkpt>
<trkpt lat="42.047115" lon="-2.785884"></trkpt>
<trkpt lat="42.047171" lon="-2.785499"></trkpt>
<trkpt lat="42.047251" lon="-2.785152"></trkpt>
<trkpt lat="42.047410" lon="-2.784801"></trkpt>
<trkpt lat="42.047621" lon="-2.784477"></trkpt>
<trkpt lat="42.047784" lon="-2.784335"></trkpt>
<trkpt lat="42.048042" lon="-2.784193"></trkpt>
<trkpt lat="42.048421" lon="-2.784156"></trkpt>
<trkpt lat="42.048676" lon="-2.784234"></trkpt>
<trkpt lat="42.049806" lon="-2.784903"></trkpt>
<trkpt lat="42.050009" lon="-2.784939"></trkpt>
<trkpt lat="42.050511" lon="-2.784920"></trkpt>
<trkpt lat="42.050764" lon="-2.784958"></trkpt>
<trkpt lat="42.050866" lon="-2.784995"></trkpt>
<trkpt lat="42.051331" lon="-2.785289"></trkpt>
<trkpt lat="42.051646" lon="-2.785408"></trkpt>
<trkpt lat="42.051907" lon="-2.785400"></trkpt>
<trkpt lat="42.052569" lon="-2.785085"></trkpt>
<trkpt lat="42.052691" lon="-2.785063"></trkpt>
<trkpt lat="42.052863" lon="-2.785094"></trkpt>
<trkpt lat="42.053029" lon="-2.785226"></trkpt>
<trkpt lat="42.053092" lon="-2.785319"></trkpt>
<trkpt lat="42.053215" lon="-2.785629"></trkpt>
<trkpt lat="42.053252" lon="-2.785819"></trkpt>
<trkpt lat="42.053256" lon="-2.785978"></trkpt>
<trkpt lat="42.053124" lon="-2.787483"></trkpt>
<trkpt lat="42.052893" lon="-2.788601"></trkpt>
<trkpt lat="42.052557" lon="-2.789425"></trkpt>
<trkpt lat="42.052485" lon="-2.789746"></trkpt>
<trkpt lat="42.052478" lon="-2.789967"></trkpt>
<trkpt lat="42.052640" lon="-2.791054"></trkpt>
<trkpt lat="42.052705" lon="-2.791179"></trkpt>
<trkpt lat="42.052885" lon="-2.791361"></trkpt>
<trkpt lat="42.053113" lon="-2.791382"></trkpt>
<trkpt lat="42.053241" lon="-2.791337"></trkpt>
<trkpt lat="42.053396" lon="-2.791232"></trkpt>
<trkpt lat="42.053717" lon="-2.790938"></trkpt>
<trkpt lat="42.053892" lon="-2.790845"></trkpt>
<trkpt lat="42.054100" lon="-2.790814"></trkpt>
<trkpt lat="42.054734" lon="-2.790797"></trkpt>
<trkpt lat="42.055119" lon="-2.790665"></trkpt>
<trkpt lat="42.055920" lon="-2.790215"></trkpt>
<trkpt lat="42.056018" lon="-2.790137"></trkpt>
<trkpt lat="42.056164" lon="-2.789954"></trkpt>
<trkpt lat="42.056389" lon="-2.789397"></trkpt>
<trkpt lat="42.056522" lon="-2.789112"></trkpt>
<trkpt lat="42.056599" lon="-2.789013"></trkpt>
<trkpt lat="42.056844" lon="-2.788848"></trkpt>
<trkpt lat="42.057023" lon="-2.788820"></trkpt>
<trkpt lat="42.057689" lon="-2.788896"></trkpt>
<trkpt lat="42.058528" lon="-2.789040"></trkpt>
<trkpt lat="42.058623" lon="-2.789018"></trkpt>
<trkpt lat="42.058773" lon="-2.788926"></trkpt>
<trkpt lat="42.058896" lon="-2.788744"></trkpt>
<trkpt lat="42.058934" lon="-2.788642"></trkpt>
<trkpt lat="42.058958" lon="-2.788399"></trkpt>
<trkpt lat="42.058794" lon="-2.787573"></trkpt>
<trkpt lat="42.058769" lon="-2.787252"></trkpt>
<trkpt lat="42.058835" lon="-2.786869"></trkpt>
<trkpt lat="42.058968" lon="-2.786333"></trkpt>
<trkpt lat="42.058983" lon="-2.785998"></trkpt>
<trkpt lat="42.058751" lon="-2.784525"></trkpt>
<trkpt lat="42.058746" lon="-2.784266"></trkpt>
<trkpt lat="42.058768" lon="-2.784161"></trkpt>
<trkpt lat="42.058858" lon="-2.783983"></trkpt>
<trkpt lat="42.058980" lon="-2.783883"></trkpt>
<trkpt lat="42.059221" lon="-2.783861"></trkpt>
<trkpt lat="42.059800" lon="-2.783981"></trkpt>
<trkpt lat="42.060001" lon="-2.783920"></trkpt>
<trkpt lat="42.060147" lon="-2.783759"></trkpt>
<trkpt lat="42.060213" lon="-2.783570"></trkpt>
<trkpt lat="42.060221" lon="-2.783379"></trkpt>
<trkpt lat="42.060107" lon="-2.782774"></trkpt>
<trkpt lat="42.060095" lon="-2.782427"></trkpt>
<trkpt lat="42.060241" lon="-2.781310"></trkpt>
<trkpt lat="42.060283" lon="-2.781206"></trkpt>
<trkpt lat="42.060388" lon="-2.781064"></trkpt>
<trkpt lat="42.060557" lon="-2.780972"></trkpt>
<trkpt lat="42.060689" lon="-2.780947"></trkpt>
<trkpt lat="42.061363" lon="-2.780830"></trkpt>
<trkpt lat="42.061568" lon="-2.780860"></trkpt>
<trkpt lat="42.061785" lon="-2.781012"></trkpt>
<trkpt lat="42.062907" lon="-2.782021"></trkpt>
<trkpt lat="42.063072" lon="-2.782140"></trkpt>
<trkpt lat="42.063233" lon="-2.782207"></trkpt>
<trkpt lat="42.063518" lon="-2.782258"></trkpt>
<trkpt lat="42.063719" lon="-2.782253"></trkpt>
<trkpt lat="42.064011" lon="-2.782175"></trkpt>
<trkpt lat="42.064205" lon="-2.782066"></trkpt>
<trkpt lat="42.064439" lon="-2.781875"></trkpt>
<trkpt lat="42.064722" lon="-2.781465"></trkpt>
<trkpt lat="42.065746" lon="-2.779338"></trkpt>
<trkpt lat="42.065895" lon="-2.779155"></trkpt>
<trkpt lat="42.065996" lon="-2.779094"></trkpt>
<trkpt lat="42.067612" lon="-2.778538"></trkpt>
<trkpt lat="42.067950" lon="-2.778537"></trkpt>
<trkpt lat="42.068308" lon="-2.778662"></trkpt>
<trkpt lat="42.069390" lon="-2.779473"></trkpt>
<trkpt lat="42.069395" lon="-2.779477"></trkpt>
<trkpt lat="42.069820" lon="-2.779763"></trkpt>
<trkpt lat="42.070285" lon="-2.780024"></trkpt>
<trkpt lat="42.070619" lon="-2.780149"></trkpt>
<trkpt lat="42.071495" lon="-2.780306"></trkpt>
<trkpt lat="42.071776" lon="-2.780487"></trkpt>
<trkpt lat="42.072059" lon="-2.780753"></trkpt>
<trkpt lat="42.072239" lon="-2.780737"></trkpt>
<trkpt lat="42.072340" lon="-2.780682"></trkpt>
<trkpt lat="42.072422" lon="-2.780577"></trkpt>
<trkpt lat="42.072491" lon="-2.780343"></trkpt>
<trkpt lat="42.072476" lon="-2.780134"></trkpt>
<trkpt lat="42.072027" lon="-2.779284"></trkpt>
<trkpt lat="42.071527" lon="-2.778594"></trkpt>
<trkpt lat="42.070658" lon="-2.776922"></trkpt>
<trkpt lat="42.070495" lon="-2.776683"></trkpt>
<trkpt lat="42.070306" lon="-2.776473"></trkpt>
<trkpt lat="42.070232" lon="-2.776251"></trkpt>
<trkpt lat="42.070228" lon="-2.776027"></trkpt>
<trkpt lat="42.070307" lon="-2.775583"></trkpt>
<trkpt lat="42.070312" lon="-2.775432"></trkpt>
<trkpt lat="42.070285" lon="-2.775050"></trkpt>
<trkpt lat="42.070186" lon="-2.774491"></trkpt>
<trkpt lat="42.070173" lon="-2.774181"></trkpt>
<trkpt lat="42.070312" lon="-2.772682"></trkpt>
<trkpt lat="42.070385" lon="-2.772451"></trkpt>
<trkpt lat="42.070667" lon="-2.771905"></trkpt>
<trkpt lat="42.070710" lon="-2.771734"></trkpt>
<trkpt lat="42.070708" lon="-2.771633"></trkpt>
<trkpt lat="42.070652" lon="-2.771325"></trkpt>
<trkpt lat="42.069968" lon="-2.770199"></trkpt>
<trkpt lat="42.069862" lon="-2.769969"></trkpt>
<trkpt lat="42.069563" lon="-2.768392"></trkpt>
<trkpt lat="42.069534" lon="-2.767927"></trkpt>
<trkpt lat="42.069554" lon="-2.767731"></trkpt>
<trkpt lat="42.069652" lon="-2.767287"></trkpt>
<trkpt lat="42.069734" lon="-2.767056"></trkpt>
<trkpt lat="42.069930" lon="-2.766738"></trkpt>
<trkpt lat="42.070095" lon="-2.766390"></trkpt>
<trkpt lat="42.070152" lon="-2.765985"></trkpt>
<trkpt lat="42.070142" lon="-2.764796"></trkpt>
<trkpt lat="42.070194" lon="-2.764569"></trkpt>
<trkpt lat="42.070779" lon="-2.763179"></trkpt>
<trkpt lat="42.071495" lon="-2.762326"></trkpt>
<trkpt lat="42.071830" lon="-2.761685"></trkpt>
<trkpt lat="42.072279" lon="-2.761192"></trkpt>
<trkpt lat="42.072438" lon="-2.761066"></trkpt>
<trkpt lat="42.072665" lon="-2.760993"></trkpt>
<trkpt lat="42.072832" lon="-2.760974"></trkpt>
<trkpt lat="42.073077" lon="-2.761001"></trkpt>
<trkpt lat="42.073166" lon="-2.761045"></trkpt>
<trkpt lat="42.073298" lon="-2.761204"></trkpt>
<trkpt lat="42.073452" lon="-2.761608"></trkpt>
<trkpt lat="42.073563" lon="-2.761732"></trkpt>
<trkpt lat="42.073634" lon="-2.761780"></trkpt>
<trkpt lat="42.073723" lon="-2.761786"></trkpt>
<trkpt lat="42.073829" lon="-2.761752"></trkpt>
<trkpt lat="42.073937" lon="-2.761655"></trkpt>
<trkpt lat="42.074275" lon="-2.760660"></trkpt>
<trkpt lat="42.074359" lon="-2.760549"></trkpt>
<trkpt lat="42.074479" lon="-2.760474"></trkpt>
<trkpt lat="42.074941" lon="-2.760320"></trkpt>
<trkpt lat="42.075059" lon="-2.760207"></trkpt>
<trkpt lat="42.075117" lon="-2.760104"></trkpt>
<trkpt lat="42.075530" lon="-2.759165"></trkpt>
<trkpt lat="42.075608" lon="-2.758532"></trkpt>
<trkpt lat="42.075680" lon="-2.758258"></trkpt>
<trkpt lat="42.075745" lon="-2.758123"></trkpt>
<trkpt lat="42.075840" lon="-2.757999"></trkpt>
<trkpt lat="42.075974" lon="-2.757903"></trkpt>
<trkpt lat="42.076123" lon="-2.757872"></trkpt>
<trkpt lat="42.076329" lon="-2.757907"></trkpt>
<trkpt lat="42.076431" lon="-2.757954"></trkpt>
<trkpt lat="42.077131" lon="-2.758796"></trkpt>
<trkpt lat="42.077248" lon="-2.758827"></trkpt>
<trkpt lat="42.077383" lon="-2.758798"></trkpt>
<trkpt lat="42.077495" lon="-2.758729"></trkpt>
<trkpt lat="42.077624" lon="-2.758495"></trkpt>
<trkpt lat="42.077640" lon="-2.758285"></trkpt>
<trkpt lat="42.077346" lon="-2.757364"></trkpt>
<trkpt lat="42.077355" lon="-2.757164"></trkpt>
<trkpt lat="42.077477" lon="-2.756825"></trkpt>
<trkpt lat="42.077550" lon="-2.756712"></trkpt>
<trkpt lat="42.077774" lon="-2.756512"></trkpt>
<trkpt lat="42.078460" lon="-2.756245"></trkpt>
<trkpt lat="42.078840" lon="-2.755838"></trkpt>
<trkpt lat="42.079209" lon="-2.755329"></trkpt>
<trkpt lat="42.079473" lon="-2.754895"></trkpt>
<trkpt lat="42.079758" lon="-2.754198"></trkpt>
<trkpt lat="42.079982" lon="-2.753236"></trkpt>
<trkpt lat="42.080040" lon="-2.753081"></trkpt>
<trkpt lat="42.080189" lon="-2.752891"></trkpt>
<trkpt lat="42.080468" lon="-2.752647"></trkpt>
<trkpt lat="42.081374" lon="-2.752073"></trkpt>
<trkpt lat="42.081549" lon="-2.751993"></trkpt>
<trkpt lat="42.081952" lon="-2.751918"></trkpt>
<trkpt lat="42.082597" lon="-2.751903"></trkpt>
<trkpt lat="42.083269" lon="-2.752026"></trkpt>
<trkpt lat="42.083424" lon="-2.752009"></trkpt>
<trkpt lat="42.083873" lon="-2.751875"></trkpt>
<trkpt lat="42.084188" lon="-2.751840"></trkpt>
<trkpt lat="42.086135" lon="-2.752187"></trkpt>
<trkpt lat="42.086381" lon="-2.752146"></trkpt>
<trkpt lat="42.086715" lon="-2.751944"></trkpt>
<trkpt lat="42.087842" lon="-2.751043"></trkpt>
<trkpt lat="42.087982" lon="-2.750993"></trkpt>
<trkpt lat="42.088335" lon="-2.751020"></trkpt>
<trkpt lat="42.088373" lon="-2.751046"></trkpt>
<trkpt lat="42.088576" lon="-2.751278"></trkpt>
<trkpt lat="42.088654" lon="-2.751327"></trkpt>
<trkpt lat="42.088729" lon="-2.751334"></trkpt>
<trkpt lat="42.088868" lon="-2.751188"></trkpt>
<trkpt lat="42.088943" lon="-2.750988"></trkpt>
<trkpt lat="42.089124" lon="-2.750465"></trkpt>
<trkpt lat="42.089568" lon="-2.749590"></trkpt>
<trkpt lat="42.089674" lon="-2.749411"></trkpt>
<trkpt lat="42.089787" lon="-2.749277"></trkpt>
<trkpt lat="42.089870" lon="-2.749119"></trkpt>
<trkpt lat="42.089961" lon="-2.748781"></trkpt>
<trkpt lat="42.089988" lon="-2.748523"></trkpt>
<trkpt lat="42.089965" lon="-2.747700"></trkpt>
<trkpt lat="42.089870" lon="-2.747114"></trkpt>
<trkpt lat="42.089860" lon="-2.746934"></trkpt>
<trkpt lat="42.089886" lon="-2.746719"></trkpt>
<trkpt lat="42.090017" lon="-2.746423"></trkpt>
<trkpt lat="42.090536" lon="-2.745655"></trkpt>
<trkpt lat="42.090618" lon="-2.745446"></trkpt>
<trkpt lat="42.090722" lon="-2.744913"></trkpt>
<trkpt lat="42.090832" lon="-2.744569"></trkpt>
<trkpt lat="42.090987" lon="-2.744161"></trkpt>
<trkpt lat="42.091070" lon="-2.743888"></trkpt>
<trkpt lat="42.091091" lon="-2.744090"></trkpt>
<trkpt lat="42.091130" lon="-2.744204"></trkpt>
<trkpt lat="42.091131" lon="-2.744370"></trkpt>
<trkpt lat="42.091027" lon="-2.744503"></trkpt>
<trkpt lat="42.090928" lon="-2.744687"></trkpt>
<trkpt lat="42.090856" lon="-2.744910"></trkpt>
<trkpt lat="42.090723" lon="-2.745625"></trkpt>
<trkpt lat="42.090371" lon="-2.746468"></trkpt>
<trkpt lat="42.090302" lon="-2.746760"></trkpt>
<trkpt lat="42.090286" lon="-2.747140"></trkpt>
<trkpt lat="42.090468" lon="-2.748576"></trkpt>
<trkpt lat="42.090476" lon="-2.748795"></trkpt>
<trkpt lat="42.090320" lon="-2.749442"></trkpt>
<trkpt lat="42.090318" lon="-2.749460"></trkpt>
<trkpt lat="42.090212" lon="-2.750373"></trkpt>
<trkpt lat="42.090318" lon="-2.749460"></trkpt>
<trkpt lat="42.090320" lon="-2.749442"></trkpt>
<trkpt lat="42.090476" lon="-2.748795"></trkpt>
<trkpt lat="42.090468" lon="-2.748576"></trkpt>
<trkpt lat="42.090286" lon="-2.747140"></trkpt>
<trkpt lat="42.090302" lon="-2.746760"></trkpt>
<trkpt lat="42.090371" lon="-2.746468"></trkpt>
<trkpt lat="42.090723" lon="-2.745625"></trkpt>
<trkpt lat="42.090856" lon="-2.744910"></trkpt>
<trkpt lat="42.090928" lon="-2.744687"></trkpt>
<trkpt lat="42.091027" lon="-2.744503"></trkpt>
<trkpt lat="42.091074" lon="-2.744404"></trkpt>
<trkpt lat="42.091066" lon="-2.744308"></trkpt>
<trkpt lat="42.090987" lon="-2.744161"></trkpt>
<trkpt lat="42.091070" lon="-2.743888"></trkpt>
<trkpt lat="42.091524" lon="-2.742551"></trkpt>
<trkpt lat="42.091861" lon="-2.741899"></trkpt>
<trkpt lat="42.091989" lon="-2.741722"></trkpt>
<trkpt lat="42.092084" lon="-2.741646"></trkpt>
<trkpt lat="42.092211" lon="-2.741603"></trkpt>
<trkpt lat="42.092500" lon="-2.741583"></trkpt>
<trkpt lat="42.092599" lon="-2.741529"></trkpt>
<trkpt lat="42.092725" lon="-2.741367"></trkpt>
<trkpt lat="42.092808" lon="-2.741099"></trkpt>
<trkpt lat="42.092855" lon="-2.740679"></trkpt>
<trkpt lat="42.093097" lon="-2.739708"></trkpt>
<trkpt lat="42.093419" lon="-2.737753"></trkpt>
<trkpt lat="42.093461" lon="-2.737598"></trkpt>
<trkpt lat="42.093640" lon="-2.737163"></trkpt>
<trkpt lat="42.093658" lon="-2.736981"></trkpt>
<trkpt lat="42.093612" lon="-2.736765"></trkpt>
<trkpt lat="42.093354" lon="-2.736131"></trkpt>
<trkpt lat="42.093243" lon="-2.735770"></trkpt>
<trkpt lat="42.093177" lon="-2.735373"></trkpt>
<trkpt lat="42.093171" lon="-2.734529"></trkpt>
<trkpt lat="42.093141" lon="-2.734333"></trkpt>
<trkpt lat="42.093038" lon="-2.733949"></trkpt>
<trkpt lat="42.092978" lon="-2.733698"></trkpt>
<trkpt lat="42.092979" lon="-2.733415"></trkpt>
<trkpt lat="42.093035" lon="-2.733106"></trkpt>
<trkpt lat="42.093115" lon="-2.732814"></trkpt>
<trkpt lat="42.093216" lon="-2.732622"></trkpt>
<trkpt lat="42.093598" lon="-2.732331"></trkpt>
<trkpt lat="42.093784" lon="-2.732131"></trkpt>
<trkpt lat="42.094805" lon="-2.730705"></trkpt>
<trkpt lat="42.095140" lon="-2.730189"></trkpt>
<trkpt lat="42.095629" lon="-2.729233"></trkpt>
<trkpt lat="42.095678" lon="-2.729014"></trkpt>
<trkpt lat="42.095641" lon="-2.728408"></trkpt>
<trkpt lat="42.095563" lon="-2.727828"></trkpt>
<trkpt lat="42.095360" lon="-2.726628"></trkpt>
<trkpt lat="42.095385" lon="-2.726300"></trkpt>
<trkpt lat="42.095473" lon="-2.725824"></trkpt>
<trkpt lat="42.095484" lon="-2.725476"></trkpt>
<trkpt lat="42.095461" lon="-2.725083"></trkpt>
<trkpt lat="42.095481" lon="-2.724859"></trkpt>
<trkpt lat="42.095772" lon="-2.723888"></trkpt>
<trkpt lat="42.096121" lon="-2.723351"></trkpt>
<trkpt lat="42.096382" lon="-2.722745"></trkpt>
<trkpt lat="42.096631" lon="-2.722109"></trkpt>
<trkpt lat="42.096843" lon="-2.721650"></trkpt>
<trkpt lat="42.097108" lon="-2.721284"></trkpt>
<trkpt lat="42.098176" lon="-2.720026"></trkpt>
<trkpt lat="42.098917" lon="-2.718953"></trkpt>
<trkpt lat="42.099035" lon="-2.718762"></trkpt>
<trkpt lat="42.099115" lon="-2.718565"></trkpt>
<trkpt lat="42.099180" lon="-2.718140"></trkpt>
<trkpt lat="42.099347" lon="-2.716279"></trkpt>
<trkpt lat="42.099483" lon="-2.713996"></trkpt>
<trkpt lat="42.099543" lon="-2.713725"></trkpt>
<trkpt lat="42.099641" lon="-2.713429"></trkpt>
<trkpt lat="42.100001" lon="-2.712593"></trkpt>
<trkpt lat="42.100415" lon="-2.711988"></trkpt>
<trkpt lat="42.100587" lon="-2.711667"></trkpt>
<trkpt lat="42.100832" lon="-2.711119"></trkpt>
<trkpt lat="42.101437" lon="-2.709886"></trkpt>
<trkpt lat="42.101508" lon="-2.709699"></trkpt>
<trkpt lat="42.101560" lon="-2.709213"></trkpt>
<trkpt lat="42.101838" lon="-2.708741"></trkpt>
<trkpt lat="42.101966" lon="-2.708277"></trkpt>
<trkpt lat="42.102012" lon="-2.708007"></trkpt>
<trkpt lat="42.101966" lon="-2.706869"></trkpt>
<trkpt lat="42.101824" lon="-2.706132"></trkpt>
<trkpt lat="42.101810" lon="-2.705737"></trkpt>
<trkpt lat="42.101765" lon="-2.704538"></trkpt>
<trkpt lat="42.101865" lon="-2.703806"></trkpt>
<trkpt lat="42.101922" lon="-2.702446"></trkpt>
<trkpt lat="42.102329" lon="-2.701492"></trkpt>
<trkpt lat="42.102907" lon="-2.699320"></trkpt>
<trkpt lat="42.102956" lon="-2.698542"></trkpt>
<trkpt lat="42.102996" lon="-2.697039"></trkpt>
<trkpt lat="42.103078" lon="-2.696041"></trkpt>
<trkpt lat="42.103598" lon="-2.694133"></trkpt>
<trkpt lat="42.103647" lon="-2.693025"></trkpt>
<trkpt lat="42.103867" lon="-2.691018"></trkpt>
<trkpt lat="42.103867" lon="-2.690020"></trkpt>
<trkpt lat="42.103831" lon="-2.689449"></trkpt>
<trkpt lat="42.103753" lon="-2.688199"></trkpt>
<trkpt lat="42.103834" lon="-2.687442"></trkpt>
<trkpt lat="42.104160" lon="-2.686444"></trkpt>
<trkpt lat="42.104138" lon="-2.686245"></trkpt>
<trkpt lat="42.104080" lon="-2.686063"></trkpt>
<trkpt lat="42.104075" lon="-2.685930"></trkpt>
<trkpt lat="42.104286" lon="-2.685567"></trkpt>
<trkpt lat="42.104502" lon="-2.685029"></trkpt>
<trkpt lat="42.104595" lon="-2.684715"></trkpt>
<trkpt lat="42.104838" lon="-2.683516"></trkpt>
<trkpt lat="42.104880" lon="-2.683204"></trkpt>
<trkpt lat="42.104994" lon="-2.681530"></trkpt>
<trkpt lat="42.105072" lon="-2.681261"></trkpt>
<trkpt lat="42.105609" lon="-2.680364"></trkpt>
<trkpt lat="42.106555" lon="-2.679241"></trkpt>
<trkpt lat="42.107697" lon="-2.677046"></trkpt>
<trkpt lat="42.108022" lon="-2.676376"></trkpt>
<trkpt lat="42.108314" lon="-2.675673"></trkpt>
<trkpt lat="42.108573" lon="-2.675198"></trkpt>
<trkpt lat="42.108932" lon="-2.674833"></trkpt>
<trkpt lat="42.109639" lon="-2.674252"></trkpt>
<trkpt lat="42.109773" lon="-2.674187"></trkpt>
<trkpt lat="42.110065" lon="-2.674141"></trkpt>
<trkpt lat="42.110408" lon="-2.674095"></trkpt>
<trkpt lat="42.110586" lon="-2.674011"></trkpt>
<trkpt lat="42.110676" lon="-2.673938"></trkpt>
<trkpt lat="42.111145" lon="-2.673525"></trkpt>
<trkpt lat="42.111411" lon="-2.673203"></trkpt>
<trkpt lat="42.111455" lon="-2.673139"></trkpt>
<trkpt lat="42.111782" lon="-2.672696"></trkpt>
<trkpt lat="42.111929" lon="-2.672293"></trkpt>
<trkpt lat="42.111972" lon="-2.672137"></trkpt>
<trkpt lat="42.112732" lon="-2.669304"></trkpt>
<trkpt lat="42.112813" lon="-2.669001"></trkpt>
<trkpt lat="42.113003" lon="-2.668397"></trkpt>
<trkpt lat="42.113315" lon="-2.667687"></trkpt>
<trkpt lat="42.114915" lon="-2.666014"></trkpt>
<trkpt lat="42.116401" lon="-2.663351"></trkpt>
<trkpt lat="42.117201" lon="-2.662515"></trkpt>
<trkpt lat="42.118234" lon="-2.662122"></trkpt>
<trkpt lat="42.118433" lon="-2.662123"></trkpt>
<trkpt lat="42.118779" lon="-2.662244"></trkpt>
<trkpt lat="42.118964" lon="-2.662242"></trkpt>
<trkpt lat="42.119440" lon="-2.661742"></trkpt>
<trkpt lat="42.119832" lon="-2.660920"></trkpt>
<trkpt lat="42.119982" lon="-2.660547"></trkpt>
<trkpt lat="42.119965" lon="-2.660118"></trkpt>
<trkpt lat="42.120081" lon="-2.659712"></trkpt>
<trkpt lat="42.120360" lon="-2.659396"></trkpt>
<trkpt lat="42.120768" lon="-2.659093"></trkpt>
<trkpt lat="42.120988" lon="-2.658929"></trkpt>
<trkpt lat="42.121259" lon="-2.658573"></trkpt>
<trkpt lat="42.121365" lon="-2.658247"></trkpt>
<trkpt lat="42.121604" lon="-2.657120"></trkpt>
<trkpt lat="42.121643" lon="-2.656274"></trkpt>
<trkpt lat="42.121671" lon="-2.656120"></trkpt>
<trkpt lat="42.121747" lon="-2.655965"></trkpt>
<trkpt lat="42.121864" lon="-2.655821"></trkpt>
<trkpt lat="42.122031" lon="-2.655725"></trkpt>
<trkpt lat="42.122180" lon="-2.655725"></trkpt>
<trkpt lat="42.122476" lon="-2.655873"></trkpt>
<trkpt lat="42.122787" lon="-2.655962"></trkpt>
<trkpt lat="42.123008" lon="-2.655989"></trkpt>
<trkpt lat="42.123415" lon="-2.655979"></trkpt>
<trkpt lat="42.123632" lon="-2.655906"></trkpt>
<trkpt lat="42.123863" lon="-2.655693"></trkpt>
<trkpt lat="42.123990" lon="-2.655530"></trkpt>
<trkpt lat="42.124123" lon="-2.655210"></trkpt>
<trkpt lat="42.124316" lon="-2.654639"></trkpt>
<trkpt lat="42.124368" lon="-2.654392"></trkpt>
<trkpt lat="42.124345" lon="-2.653638"></trkpt>
<trkpt lat="42.124361" lon="-2.653493"></trkpt>
<trkpt lat="42.124434" lon="-2.653322"></trkpt>
<trkpt lat="42.124543" lon="-2.653205"></trkpt>
<trkpt lat="42.124676" lon="-2.653141"></trkpt>
<trkpt lat="42.124801" lon="-2.653144"></trkpt>
<trkpt lat="42.125130" lon="-2.653389"></trkpt>
<trkpt lat="42.125360" lon="-2.653524"></trkpt>
<trkpt lat="42.125560" lon="-2.653572"></trkpt>
<trkpt lat="42.125822" lon="-2.653535"></trkpt>
<trkpt lat="42.125903" lon="-2.653542"></trkpt>
<trkpt lat="42.126409" lon="-2.653751"></trkpt>
<trkpt lat="42.126697" lon="-2.653820"></trkpt>
<trkpt lat="42.126890" lon="-2.653788"></trkpt>
<trkpt lat="42.127249" lon="-2.653817"></trkpt>
<trkpt lat="42.127711" lon="-2.653798"></trkpt>
<trkpt lat="42.127936" lon="-2.653765"></trkpt>
<trkpt lat="42.128604" lon="-2.653590"></trkpt>
<trkpt lat="42.128976" lon="-2.653573"></trkpt>
<trkpt lat="42.129173" lon="-2.653624"></trkpt>
<trkpt lat="42.129733" lon="-2.653879"></trkpt>
<trkpt lat="42.130433" lon="-2.654341"></trkpt>
<trkpt lat="42.130660" lon="-2.654424"></trkpt>
<trkpt lat="42.130864" lon="-2.654458"></trkpt>
<trkpt lat="42.131037" lon="-2.654461"></trkpt>
<trkpt lat="42.131329" lon="-2.654412"></trkpt>
<trkpt lat="42.132092" lon="-2.654041"></trkpt>
<trkpt lat="42.132261" lon="-2.653995"></trkpt>
<trkpt lat="42.132440" lon="-2.653975"></trkpt>
<trkpt lat="42.132711" lon="-2.654027"></trkpt>
<trkpt lat="42.132826" lon="-2.654080"></trkpt>
<trkpt lat="42.133054" lon="-2.654291"></trkpt>
<trkpt lat="42.133249" lon="-2.654574"></trkpt>
<trkpt lat="42.133559" lon="-2.655116"></trkpt>
<trkpt lat="42.134763" lon="-2.656665"></trkpt>
<trkpt lat="42.135008" lon="-2.656889"></trkpt>
<trkpt lat="42.135435" lon="-2.657136"></trkpt>
<trkpt lat="42.136202" lon="-2.657827"></trkpt>
<trkpt lat="42.136426" lon="-2.657975"></trkpt>
<trkpt lat="42.136654" lon="-2.658067"></trkpt>
<trkpt lat="42.137178" lon="-2.658162"></trkpt>
<trkpt lat="42.137620" lon="-2.658069"></trkpt>
<trkpt lat="42.137761" lon="-2.657996"></trkpt>
<trkpt lat="42.137986" lon="-2.657769"></trkpt>
<trkpt lat="42.138070" lon="-2.657632"></trkpt>
<trkpt lat="42.138186" lon="-2.657279"></trkpt>
<trkpt lat="42.138256" lon="-2.656299"></trkpt>
<trkpt lat="42.138367" lon="-2.655965"></trkpt>
<trkpt lat="42.138459" lon="-2.655820"></trkpt>
<trkpt lat="42.138812" lon="-2.655463"></trkpt>
<trkpt lat="42.139111" lon="-2.655184"></trkpt>
<trkpt lat="42.139322" lon="-2.655056"></trkpt>
<trkpt lat="42.139498" lon="-2.654997"></trkpt>
<trkpt lat="42.139663" lon="-2.654984"></trkpt>
<trkpt lat="42.139999" lon="-2.655037"></trkpt>
<trkpt lat="42.140259" lon="-2.655145"></trkpt>
<trkpt lat="42.141236" lon="-2.655706"></trkpt>
<trkpt lat="42.141803" lon="-2.655843"></trkpt>
<trkpt lat="42.142334" lon="-2.655911"></trkpt>
<trkpt lat="42.142613" lon="-2.655893"></trkpt>
<trkpt lat="42.142817" lon="-2.655841"></trkpt>
<trkpt lat="42.143010" lon="-2.655747"></trkpt>
<trkpt lat="42.143309" lon="-2.655507"></trkpt>
<trkpt lat="42.143607" lon="-2.655122"></trkpt>
<trkpt lat="42.144119" lon="-2.654264"></trkpt>
<trkpt lat="42.144258" lon="-2.654091"></trkpt>
<trkpt lat="42.144392" lon="-2.653956"></trkpt>
<trkpt lat="42.144622" lon="-2.653825"></trkpt>
<trkpt lat="42.144767" lon="-2.653783"></trkpt>
<trkpt lat="42.144953" lon="-2.653756"></trkpt>
<trkpt lat="42.145512" lon="-2.653779"></trkpt>
<trkpt lat="42.146116" lon="-2.653812"></trkpt>
<trkpt lat="42.146425" lon="-2.653819"></trkpt>
<trkpt lat="42.146906" lon="-2.653755"></trkpt>
<trkpt lat="42.147307" lon="-2.653645"></trkpt>
<trkpt lat="42.147435" lon="-2.653583"></trkpt>
<trkpt lat="42.147614" lon="-2.653464"></trkpt>
<trkpt lat="42.148188" lon="-2.652969"></trkpt>
<trkpt lat="42.148329" lon="-2.652826"></trkpt>
<trkpt lat="42.148460" lon="-2.652595"></trkpt>
<trkpt lat="42.148702" lon="-2.651883"></trkpt>
<trkpt lat="42.148798" lon="-2.651668"></trkpt>
<trkpt lat="42.148916" lon="-2.651477"></trkpt>
<trkpt lat="42.149203" lon="-2.651172"></trkpt>
<trkpt lat="42.149379" lon="-2.651061"></trkpt>
<trkpt lat="42.149603" lon="-2.650971"></trkpt>
<trkpt lat="42.149783" lon="-2.650934"></trkpt>
<trkpt lat="42.150144" lon="-2.650964"></trkpt>
<trkpt lat="42.150597" lon="-2.651123"></trkpt>
<trkpt lat="42.151103" lon="-2.651300"></trkpt>
<trkpt lat="42.151346" lon="-2.651300"></trkpt>
<trkpt lat="42.151624" lon="-2.651147"></trkpt>
<trkpt lat="42.152614" lon="-2.650297"></trkpt>
<trkpt lat="42.152728" lon="-2.650224"></trkpt>
<trkpt lat="42.152867" lon="-2.650188"></trkpt>
<trkpt lat="42.153068" lon="-2.650207"></trkpt>
<trkpt lat="42.153160" lon="-2.650259"></trkpt>
<trkpt lat="42.153785" lon="-2.650718"></trkpt>
<trkpt lat="42.153944" lon="-2.650884"></trkpt>
<trkpt lat="42.154223" lon="-2.651225"></trkpt>
<trkpt lat="42.154408" lon="-2.651376"></trkpt>
<trkpt lat="42.154508" lon="-2.651418"></trkpt>
<trkpt lat="42.154904" lon="-2.651437"></trkpt>
<trkpt lat="42.155264" lon="-2.651394"></trkpt>
<trkpt lat="42.155390" lon="-2.651354"></trkpt>
<trkpt lat="42.155662" lon="-2.651187"></trkpt>
<trkpt lat="42.157214" lon="-2.649918"></trkpt>
<trkpt lat="42.157622" lon="-2.649802"></trkpt>
<trkpt lat="42.157893" lon="-2.649831"></trkpt>
<trkpt lat="42.158650" lon="-2.650119"></trkpt>
<trkpt lat="42.159667" lon="-2.650744"></trkpt>
<trkpt lat="42.160246" lon="-2.650930"></trkpt>
<trkpt lat="42.160622" lon="-2.650990"></trkpt>
<trkpt lat="42.160915" lon="-2.650934"></trkpt>
<trkpt lat="42.161093" lon="-2.650842"></trkpt>
<trkpt lat="42.161690" lon="-2.650369"></trkpt>
<trkpt lat="42.162183" lon="-2.650097"></trkpt>
<trkpt lat="42.162402" lon="-2.650027"></trkpt>
<trkpt lat="42.162851" lon="-2.649956"></trkpt>
<trkpt lat="42.163734" lon="-2.649907"></trkpt>
<trkpt lat="42.164050" lon="-2.649943"></trkpt>
<trkpt lat="42.164323" lon="-2.650061"></trkpt>
<trkpt lat="42.164833" lon="-2.650378"></trkpt>
<trkpt lat="42.165440" lon="-2.650540"></trkpt>
<trkpt lat="42.165794" lon="-2.650546"></trkpt>
<trkpt lat="42.166023" lon="-2.650450"></trkpt>
<trkpt lat="42.166084" lon="-2.650416"></trkpt>
<trkpt lat="42.166281" lon="-2.650280"></trkpt>
<trkpt lat="42.166456" lon="-2.650080"></trkpt>
<trkpt lat="42.166507" lon="-2.649976"></trkpt>
<trkpt lat="42.166634" lon="-2.649661"></trkpt>
<trkpt lat="42.166721" lon="-2.649515"></trkpt>
<trkpt lat="42.166803" lon="-2.649407"></trkpt>
<trkpt lat="42.167361" lon="-2.649434"></trkpt>
<trkpt lat="42.167522" lon="-2.649279"></trkpt>
<trkpt lat="42.167648" lon="-2.649221"></trkpt>
<trkpt lat="42.167789" lon="-2.649198"></trkpt>
<trkpt lat="42.168318" lon="-2.649252"></trkpt>
<trkpt lat="42.168547" lon="-2.649264"></trkpt>
<trkpt lat="42.169017" lon="-2.649185"></trkpt>
<trkpt lat="42.169313" lon="-2.649079"></trkpt>
<trkpt lat="42.169423" lon="-2.648987"></trkpt>
<trkpt lat="42.169500" lon="-2.648871"></trkpt>
<trkpt lat="42.169573" lon="-2.648717"></trkpt>
<trkpt lat="42.169630" lon="-2.648520"></trkpt>
<trkpt lat="42.169717" lon="-2.647953"></trkpt>
<trkpt lat="42.169843" lon="-2.647611"></trkpt>
<trkpt lat="42.170601" lon="-2.646232"></trkpt>
<trkpt lat="42.170726" lon="-2.646064"></trkpt>
<trkpt lat="42.170896" lon="-2.645907"></trkpt>
<trkpt lat="42.173555" lon="-2.644284"></trkpt>
<trkpt lat="42.173799" lon="-2.644094"></trkpt>
<trkpt lat="42.175260" lon="-2.642173"></trkpt>
<trkpt lat="42.175803" lon="-2.641431"></trkpt>
<trkpt lat="42.175923" lon="-2.641294"></trkpt>
<trkpt lat="42.176051" lon="-2.641195"></trkpt>
<trkpt lat="42.176163" lon="-2.641148"></trkpt>
<trkpt lat="42.176845" lon="-2.641019"></trkpt>
<trkpt lat="42.176974" lon="-2.640996"></trkpt>
<trkpt lat="42.177023" lon="-2.640984"></trkpt>
<trkpt lat="42.177074" lon="-2.640972"></trkpt>
<trkpt lat="42.177300" lon="-2.640874"></trkpt>
<trkpt lat="42.177524" lon="-2.640672"></trkpt>
<trkpt lat="42.177566" lon="-2.640615"></trkpt>
<trkpt lat="42.177681" lon="-2.640459"></trkpt>
<trkpt lat="42.177860" lon="-2.640315"></trkpt>
<trkpt lat="42.177967" lon="-2.640252"></trkpt>
<trkpt lat="42.178146" lon="-2.640198"></trkpt>
<trkpt lat="42.178318" lon="-2.640190"></trkpt>
<trkpt lat="42.178517" lon="-2.640254"></trkpt>
<trkpt lat="42.179163" lon="-2.640425"></trkpt>
<trkpt lat="42.179545" lon="-2.640484"></trkpt>
<trkpt lat="42.179818" lon="-2.640477"></trkpt>
<trkpt lat="42.180583" lon="-2.640338"></trkpt>
<trkpt lat="42.180849" lon="-2.640253"></trkpt>
<trkpt lat="42.181026" lon="-2.640151"></trkpt>
<trkpt lat="42.181238" lon="-2.639987"></trkpt>
<trkpt lat="42.182045" lon="-2.639242"></trkpt>
<trkpt lat="42.182189" lon="-2.639080"></trkpt>
<trkpt lat="42.182303" lon="-2.638898"></trkpt>
<trkpt lat="42.182512" lon="-2.638466"></trkpt>
<trkpt lat="42.182606" lon="-2.638338"></trkpt>
<trkpt lat="42.182741" lon="-2.638219"></trkpt>
<trkpt lat="42.182907" lon="-2.638119"></trkpt>
<trkpt lat="42.183258" lon="-2.638025"></trkpt>
<trkpt lat="42.183511" lon="-2.638004"></trkpt>
<trkpt lat="42.185908" lon="-2.638106"></trkpt>
<trkpt lat="42.186218" lon="-2.638086"></trkpt>
<trkpt lat="42.186652" lon="-2.637967"></trkpt>
<trkpt lat="42.187011" lon="-2.637805"></trkpt>
<trkpt lat="42.190992" lon="-2.635589"></trkpt>
<trkpt lat="42.192903" lon="-2.634438"></trkpt>
<trkpt lat="42.193373" lon="-2.634156"></trkpt>
<trkpt lat="42.193647" lon="-2.634047"></trkpt>
<trkpt lat="42.193820" lon="-2.634028"></trkpt>
<trkpt lat="42.194103" lon="-2.634052"></trkpt>
<trkpt lat="42.194691" lon="-2.634156"></trkpt>
<trkpt lat="42.194840" lon="-2.634150"></trkpt>
<trkpt lat="42.195082" lon="-2.634065"></trkpt>
<trkpt lat="42.195438" lon="-2.633856"></trkpt>
<trkpt lat="42.195635" lon="-2.633787"></trkpt>
<trkpt lat="42.196872" lon="-2.633655"></trkpt>
<trkpt lat="42.197051" lon="-2.633663"></trkpt>
<trkpt lat="42.197390" lon="-2.633737"></trkpt>
<trkpt lat="42.197569" lon="-2.633735"></trkpt>
<trkpt lat="42.197769" lon="-2.633627"></trkpt>
<trkpt lat="42.198061" lon="-2.633308"></trkpt>
<trkpt lat="42.198462" lon="-2.632960"></trkpt>
<trkpt lat="42.199093" lon="-2.632543"></trkpt>
<trkpt lat="42.199917" lon="-2.632050"></trkpt>
<trkpt lat="42.200305" lon="-2.631654"></trkpt>
<trkpt lat="42.200596" lon="-2.631427"></trkpt>
<trkpt lat="42.202042" lon="-2.630708"></trkpt>
<trkpt lat="42.202505" lon="-2.630553"></trkpt>
<trkpt lat="42.202895" lon="-2.630527"></trkpt>
<trkpt lat="42.203346" lon="-2.630613"></trkpt>
<trkpt lat="42.204236" lon="-2.630857"></trkpt>
<trkpt lat="42.204527" lon="-2.630985"></trkpt>
<trkpt lat="42.204778" lon="-2.631206"></trkpt>
<trkpt lat="42.204892" lon="-2.631370"></trkpt>
<trkpt lat="42.205263" lon="-2.632076"></trkpt>
<trkpt lat="42.205370" lon="-2.632240"></trkpt>
<trkpt lat="42.205538" lon="-2.632399"></trkpt>
<trkpt lat="42.205702" lon="-2.632503"></trkpt>
<trkpt lat="42.205893" lon="-2.632583"></trkpt>
<trkpt lat="42.206699" lon="-2.632790"></trkpt>
<trkpt lat="42.206844" lon="-2.632806"></trkpt>
<trkpt lat="42.206946" lon="-2.632789"></trkpt>
<trkpt lat="42.207156" lon="-2.632664"></trkpt>
<trkpt lat="42.207265" lon="-2.632541"></trkpt>
<trkpt lat="42.207573" lon="-2.632037"></trkpt>
<trkpt lat="42.207848" lon="-2.631752"></trkpt>
<trkpt lat="42.208617" lon="-2.631289"></trkpt>
<trkpt lat="42.209130" lon="-2.631024"></trkpt>
<trkpt lat="42.209642" lon="-2.630777"></trkpt>
<trkpt lat="42.210160" lon="-2.630591"></trkpt>
<trkpt lat="42.210400" lon="-2.630550"></trkpt>
<trkpt lat="42.210888" lon="-2.630551"></trkpt>
<trkpt lat="42.211363" lon="-2.630655"></trkpt>
<trkpt lat="42.212455" lon="-2.630984"></trkpt>
<trkpt lat="42.212771" lon="-2.631020"></trkpt>
<trkpt lat="42.212982" lon="-2.631004"></trkpt>
<trkpt lat="42.213963" lon="-2.630836"></trkpt>
<trkpt lat="42.214178" lon="-2.630770"></trkpt>
<trkpt lat="42.214559" lon="-2.630549"></trkpt>
<trkpt lat="42.215061" lon="-2.630158"></trkpt>
<trkpt lat="42.215580" lon="-2.629846"></trkpt>
<trkpt lat="42.215774" lon="-2.629761"></trkpt>
<trkpt lat="42.216020" lon="-2.629691"></trkpt>
<trkpt lat="42.216253" lon="-2.629672"></trkpt>
<trkpt lat="42.217217" lon="-2.629741"></trkpt>
<trkpt lat="42.217492" lon="-2.629813"></trkpt>
<trkpt lat="42.217885" lon="-2.629988"></trkpt>
<trkpt lat="42.218822" lon="-2.630578"></trkpt>
<trkpt lat="42.219148" lon="-2.630797"></trkpt>
<trkpt lat="42.221011" lon="-2.632020"></trkpt>
<trkpt lat="42.221247" lon="-2.632127"></trkpt>
<trkpt lat="42.221655" lon="-2.632187"></trkpt>
<trkpt lat="42.221874" lon="-2.632167"></trkpt>
<trkpt lat="42.222110" lon="-2.632083"></trkpt>
<trkpt lat="42.222445" lon="-2.631897"></trkpt>
<trkpt lat="42.222750" lon="-2.631590"></trkpt>
<trkpt lat="42.224742" lon="-2.628678"></trkpt>
<trkpt lat="42.225010" lon="-2.628335"></trkpt>
<trkpt lat="42.225236" lon="-2.628113"></trkpt>
<trkpt lat="42.225559" lon="-2.627929"></trkpt>
<trkpt lat="42.225915" lon="-2.627830"></trkpt>
<trkpt lat="42.226265" lon="-2.627843"></trkpt>
<trkpt lat="42.226441" lon="-2.627886"></trkpt>
<trkpt lat="42.226750" lon="-2.628046"></trkpt>
<trkpt lat="42.227538" lon="-2.628699"></trkpt>
<trkpt lat="42.227691" lon="-2.628798"></trkpt>
<trkpt lat="42.227989" lon="-2.628927"></trkpt>
<trkpt lat="42.228195" lon="-2.628931"></trkpt>
<trkpt lat="42.228479" lon="-2.628743"></trkpt>
<trkpt lat="42.229059" lon="-2.628111"></trkpt>
<trkpt lat="42.229511" lon="-2.627804"></trkpt>
<trkpt lat="42.230100" lon="-2.627474"></trkpt>
<trkpt lat="42.230218" lon="-2.627373"></trkpt>
<trkpt lat="42.230766" lon="-2.626695"></trkpt>
<trkpt lat="42.230939" lon="-2.626514"></trkpt>
<trkpt lat="42.231273" lon="-2.626292"></trkpt>
<trkpt lat="42.231552" lon="-2.626243"></trkpt>
<trkpt lat="42.231733" lon="-2.626263"></trkpt>
<trkpt lat="42.232073" lon="-2.626376"></trkpt>
<trkpt lat="42.232701" lon="-2.626658"></trkpt>
<trkpt lat="42.232870" lon="-2.626607"></trkpt>
<trkpt lat="42.233067" lon="-2.626690"></trkpt>
<trkpt lat="42.233342" lon="-2.626747"></trkpt>
<trkpt lat="42.233594" lon="-2.626675"></trkpt>
<trkpt lat="42.233890" lon="-2.626425"></trkpt>
<trkpt lat="42.234051" lon="-2.626090"></trkpt>
<trkpt lat="42.234198" lon="-2.625637"></trkpt>
<trkpt lat="42.234293" lon="-2.625603"></trkpt>
<trkpt lat="42.234372" lon="-2.625657"></trkpt>
<trkpt lat="42.234692" lon="-2.626374"></trkpt>
<trkpt lat="42.234949" lon="-2.627146"></trkpt>
<trkpt lat="42.235040" lon="-2.627623"></trkpt>
<trkpt lat="42.235151" lon="-2.627846"></trkpt>
<trkpt lat="42.235310" lon="-2.628035"></trkpt>
<trkpt lat="42.235741" lon="-2.628363"></trkpt>
<trkpt lat="42.235926" lon="-2.628548"></trkpt>
<trkpt lat="42.235989" lon="-2.628734"></trkpt>
<trkpt lat="42.236015" lon="-2.628977"></trkpt>
<trkpt lat="42.235968" lon="-2.629729"></trkpt>
<trkpt lat="42.236016" lon="-2.630211"></trkpt>
<trkpt lat="42.236077" lon="-2.630495"></trkpt>
<trkpt lat="42.236569" lon="-2.631437"></trkpt>
<trkpt lat="42.237108" lon="-2.632321"></trkpt>
<trkpt lat="42.238348" lon="-2.635367"></trkpt>
<trkpt lat="42.238568" lon="-2.635585"></trkpt>
<trkpt lat="42.239128" lon="-2.635890"></trkpt>
<trkpt lat="42.239305" lon="-2.635909"></trkpt>
<trkpt lat="42.239571" lon="-2.635867"></trkpt>
<trkpt lat="42.239936" lon="-2.635759"></trkpt>
<trkpt lat="42.240093" lon="-2.635576"></trkpt>
<trkpt lat="42.241361" lon="-2.633741"></trkpt>
<trkpt lat="42.241819" lon="-2.633357"></trkpt>
<trkpt lat="42.242404" lon="-2.632935"></trkpt>
<trkpt lat="42.242527" lon="-2.632900"></trkpt>
<trkpt lat="42.242704" lon="-2.632921"></trkpt>
<trkpt lat="42.243175" lon="-2.633055"></trkpt>
<trkpt lat="42.243361" lon="-2.633065"></trkpt>
<trkpt lat="42.243527" lon="-2.632999"></trkpt>
<trkpt lat="42.243711" lon="-2.632807"></trkpt>
<trkpt lat="42.243972" lon="-2.632245"></trkpt>
<trkpt lat="42.244007" lon="-2.632061"></trkpt>
<trkpt lat="42.243993" lon="-2.631820"></trkpt>
<trkpt lat="42.244022" lon="-2.631645"></trkpt>
<trkpt lat="42.244316" lon="-2.631056"></trkpt>
<trkpt lat="42.244442" lon="-2.630673"></trkpt>
<trkpt lat="42.244506" lon="-2.630585"></trkpt>
<trkpt lat="42.244596" lon="-2.630569"></trkpt>
<trkpt lat="42.244929" lon="-2.630712"></trkpt>
<trkpt lat="42.245142" lon="-2.630746"></trkpt>
<trkpt lat="42.245667" lon="-2.631058"></trkpt>
<trkpt lat="42.245800" lon="-2.631077"></trkpt>
<trkpt lat="42.245879" lon="-2.631048"></trkpt>
<trkpt lat="42.246085" lon="-2.630909"></trkpt>
<trkpt lat="42.246279" lon="-2.630719"></trkpt>
<trkpt lat="42.246555" lon="-2.630329"></trkpt>
<trkpt lat="42.246679" lon="-2.629927"></trkpt>
<trkpt lat="42.246716" lon="-2.629867"></trkpt>
<trkpt lat="42.246921" lon="-2.629661"></trkpt>
<trkpt lat="42.246978" lon="-2.629636"></trkpt>
<trkpt lat="42.247298" lon="-2.629656"></trkpt>
<trkpt lat="42.247493" lon="-2.629632"></trkpt>
<trkpt lat="42.247787" lon="-2.629778"></trkpt>
<trkpt lat="42.247975" lon="-2.629815"></trkpt>
<trkpt lat="42.248272" lon="-2.629723"></trkpt>
<trkpt lat="42.248476" lon="-2.629694"></trkpt>
<trkpt lat="42.248761" lon="-2.629802"></trkpt>
<trkpt lat="42.250109" lon="-2.630485"></trkpt>
<trkpt lat="42.250307" lon="-2.630571"></trkpt>
<trkpt lat="42.250692" lon="-2.630672"></trkpt>
<trkpt lat="42.250999" lon="-2.630668"></trkpt>
<trkpt lat="42.251243" lon="-2.630586"></trkpt>
<trkpt lat="42.251616" lon="-2.630361"></trkpt>
<trkpt lat="42.251894" lon="-2.630205"></trkpt>
<trkpt lat="42.252117" lon="-2.630130"></trkpt>
<trkpt lat="42.252211" lon="-2.630129"></trkpt>
<trkpt lat="42.252482" lon="-2.630240"></trkpt>
<trkpt lat="42.252678" lon="-2.630381"></trkpt>
<trkpt lat="42.252730" lon="-2.630414"></trkpt>
<trkpt lat="42.252891" lon="-2.630516"></trkpt>
<trkpt lat="42.253729" lon="-2.631002"></trkpt>
<trkpt lat="42.253976" lon="-2.631035"></trkpt>
<trkpt lat="42.254385" lon="-2.631001"></trkpt>
<trkpt lat="42.254647" lon="-2.630965"></trkpt>
<trkpt lat="42.254810" lon="-2.630855"></trkpt>
<trkpt lat="42.254930" lon="-2.630742"></trkpt>
<trkpt lat="42.255003" lon="-2.630676"></trkpt>
<trkpt lat="42.255110" lon="-2.630576"></trkpt>
<trkpt lat="42.255342" lon="-2.630168"></trkpt>
<trkpt lat="42.255430" lon="-2.629983"></trkpt>
<trkpt lat="42.255495" lon="-2.629740"></trkpt>
<trkpt lat="42.255431" lon="-2.629735"></trkpt>
<trkpt lat="42.254984" lon="-2.629536"></trkpt>
<trkpt lat="42.254934" lon="-2.629523"></trkpt>
<trkpt lat="42.254915" lon="-2.629517"></trkpt>
<trkpt lat="42.254897" lon="-2.629368"></trkpt>
<trkpt lat="42.254689" lon="-2.629410"></trkpt>
<trkpt lat="42.254674" lon="-2.629209"></trkpt>
<trkpt lat="42.254563" lon="-2.629211"></trkpt>
<trkpt lat="42.254452" lon="-2.629212"></trkpt>
<trkpt lat="42.254458" lon="-2.629143"></trkpt>
<trkpt lat="42.254470" lon="-2.629007"></trkpt>
<trkpt lat="42.254474" lon="-2.628918"></trkpt>
<trkpt lat="42.254625" lon="-2.628785"></trkpt>
<trkpt lat="42.254548" lon="-2.628691"></trkpt>
<trkpt lat="42.254454" lon="-2.628576"></trkpt>
<trkpt lat="42.254455" lon="-2.628558"></trkpt>
<trkpt lat="42.254468" lon="-2.628124"></trkpt>
<trkpt lat="42.254376" lon="-2.627889"></trkpt>
<trkpt lat="42.254375" lon="-2.627750"></trkpt>
<trkpt lat="42.254410" lon="-2.627552"></trkpt>
<trkpt lat="42.254369" lon="-2.626762"></trkpt>
<trkpt lat="42.254291" lon="-2.626036"></trkpt>
<trkpt lat="42.254276" lon="-2.625262"></trkpt>
<trkpt lat="42.254206" lon="-2.624976"></trkpt>
<trkpt lat="42.254055" lon="-2.624682"></trkpt>
<trkpt lat="42.254040" lon="-2.624466"></trkpt>
<trkpt lat="42.254155" lon="-2.624139"></trkpt>
<trkpt lat="42.254131" lon="-2.624023"></trkpt>
<trkpt lat="42.254534" lon="-2.623055"></trkpt>
<trkpt lat="42.254738" lon="-2.622490"></trkpt>
<trkpt lat="42.255051" lon="-2.621412"></trkpt>
<trkpt lat="42.255401" lon="-2.619920"></trkpt>
<trkpt lat="42.255473" lon="-2.619707"></trkpt>
<trkpt lat="42.255746" lon="-2.619096"></trkpt>
<trkpt lat="42.255926" lon="-2.618737"></trkpt>
<trkpt lat="42.255936" lon="-2.618716"></trkpt>
<trkpt lat="42.256084" lon="-2.618478"></trkpt>
<trkpt lat="42.256215" lon="-2.618301"></trkpt>
<trkpt lat="42.256439" lon="-2.618063"></trkpt>
<trkpt lat="42.256702" lon="-2.617829"></trkpt>
<trkpt lat="42.256897" lon="-2.617781"></trkpt>
<trkpt lat="42.257095" lon="-2.617809"></trkpt>
<trkpt lat="42.257544" lon="-2.617947"></trkpt>
<trkpt lat="42.257757" lon="-2.617925"></trkpt>
<trkpt lat="42.257821" lon="-2.617896"></trkpt>
<trkpt lat="42.257980" lon="-2.617757"></trkpt>
<trkpt lat="42.258061" lon="-2.617607"></trkpt>
<trkpt lat="42.259519" lon="-2.613398"></trkpt>
<trkpt lat="42.260002" lon="-2.612026"></trkpt>
<trkpt lat="42.260092" lon="-2.611865"></trkpt>
<trkpt lat="42.260241" lon="-2.611690"></trkpt>
<trkpt lat="42.260398" lon="-2.611568"></trkpt>
<trkpt lat="42.260567" lon="-2.611487"></trkpt>
<trkpt lat="42.260747" lon="-2.611450"></trkpt>
<trkpt lat="42.262084" lon="-2.611294"></trkpt>
<trkpt lat="42.262588" lon="-2.611137"></trkpt>
<trkpt lat="42.263042" lon="-2.610869"></trkpt>
<trkpt lat="42.263245" lon="-2.610696"></trkpt>
<trkpt lat="42.263879" lon="-2.610037"></trkpt>
<trkpt lat="42.264275" lon="-2.609549"></trkpt>
<trkpt lat="42.264421" lon="-2.609277"></trkpt>
<trkpt lat="42.266084" lon="-2.605865"></trkpt>
<trkpt lat="42.266649" lon="-2.604735"></trkpt>
<trkpt lat="42.266850" lon="-2.604386"></trkpt>
<trkpt lat="42.267796" lon="-2.602853"></trkpt>
<trkpt lat="42.268105" lon="-2.602406"></trkpt>
<trkpt lat="42.268254" lon="-2.602239"></trkpt>
<trkpt lat="42.268597" lon="-2.601974"></trkpt>
<trkpt lat="42.268804" lon="-2.601869"></trkpt>
<trkpt lat="42.270149" lon="-2.601488"></trkpt>
<trkpt lat="42.270462" lon="-2.601329"></trkpt>
<trkpt lat="42.270653" lon="-2.601203"></trkpt>
<trkpt lat="42.270826" lon="-2.601033"></trkpt>
<trkpt lat="42.270997" lon="-2.600830"></trkpt>
<trkpt lat="42.271258" lon="-2.600444"></trkpt>
<trkpt lat="42.271493" lon="-2.599852"></trkpt>
<trkpt lat="42.271574" lon="-2.599460"></trkpt>
<trkpt lat="42.272272" lon="-2.595196"></trkpt>
<trkpt lat="42.272374" lon="-2.594450"></trkpt>
<trkpt lat="42.272390" lon="-2.593285"></trkpt>
<trkpt lat="42.272432" lon="-2.592757"></trkpt>
<trkpt lat="42.272567" lon="-2.592239"></trkpt>
<trkpt lat="42.272660" lon="-2.591995"></trkpt>
<trkpt lat="42.272776" lon="-2.591770"></trkpt>
<trkpt lat="42.273504" lon="-2.590831"></trkpt>
<trkpt lat="42.273718" lon="-2.590598"></trkpt>
<trkpt lat="42.274044" lon="-2.590304"></trkpt>
<trkpt lat="42.274326" lon="-2.589890"></trkpt>
<trkpt lat="42.274533" lon="-2.589515"></trkpt>
<trkpt lat="42.274804" lon="-2.589233"></trkpt>
<trkpt lat="42.275117" lon="-2.589066"></trkpt>
<trkpt lat="42.278644" lon="-2.587622"></trkpt>
<trkpt lat="42.278934" lon="-2.587348"></trkpt>
<trkpt lat="42.279511" lon="-2.586562"></trkpt>
<trkpt lat="42.279856" lon="-2.586154"></trkpt>
<trkpt lat="42.280012" lon="-2.585885"></trkpt>
<trkpt lat="42.280379" lon="-2.585106"></trkpt>
<trkpt lat="42.280584" lon="-2.584430"></trkpt>
<trkpt lat="42.280704" lon="-2.583684"></trkpt>
<trkpt lat="42.280821" lon="-2.582595"></trkpt>
<trkpt lat="42.280922" lon="-2.581999"></trkpt>
<trkpt lat="42.281053" lon="-2.581429"></trkpt>
<trkpt lat="42.281377" lon="-2.580638"></trkpt>
<trkpt lat="42.281734" lon="-2.579877"></trkpt>
<trkpt lat="42.282571" lon="-2.578307"></trkpt>
<trkpt lat="42.282680" lon="-2.578020"></trkpt>
<trkpt lat="42.282742" lon="-2.577789"></trkpt>
<trkpt lat="42.282822" lon="-2.577023"></trkpt>
<trkpt lat="42.282821" lon="-2.576729"></trkpt>
<trkpt lat="42.282721" lon="-2.575875"></trkpt>
<trkpt lat="42.282708" lon="-2.575583"></trkpt>
<trkpt lat="42.282755" lon="-2.575103"></trkpt>
<trkpt lat="42.282811" lon="-2.574853"></trkpt>
<trkpt lat="42.282998" lon="-2.574390"></trkpt>
<trkpt lat="42.283246" lon="-2.574038"></trkpt>
<trkpt lat="42.283529" lon="-2.573789"></trkpt>
<trkpt lat="42.283885" lon="-2.573645"></trkpt>
<trkpt lat="42.284949" lon="-2.573420"></trkpt>
<trkpt lat="42.285324" lon="-2.573218"></trkpt>
<trkpt lat="42.285626" lon="-2.572954"></trkpt>
<trkpt lat="42.286319" lon="-2.572181"></trkpt>
<trkpt lat="42.287640" lon="-2.570839"></trkpt>
<trkpt lat="42.287841" lon="-2.570607"></trkpt>
<trkpt lat="42.288414" lon="-2.569759"></trkpt>
<trkpt lat="42.288855" lon="-2.569241"></trkpt>
<trkpt lat="42.288958" lon="-2.569080"></trkpt>
<trkpt lat="42.289171" lon="-2.568608"></trkpt>
<trkpt lat="42.289431" lon="-2.568237"></trkpt>
<trkpt lat="42.289644" lon="-2.567987"></trkpt>
<trkpt lat="42.290221" lon="-2.567327"></trkpt>
<trkpt lat="42.290371" lon="-2.567064"></trkpt>
<trkpt lat="42.290801" lon="-2.566124"></trkpt>
<trkpt lat="42.290963" lon="-2.565869"></trkpt>
<trkpt lat="42.291152" lon="-2.565678"></trkpt>
<trkpt lat="42.291907" lon="-2.565167"></trkpt>
<trkpt lat="42.292028" lon="-2.565053"></trkpt>
<trkpt lat="42.292689" lon="-2.564270"></trkpt>
<trkpt lat="42.293510" lon="-2.563365"></trkpt>
<trkpt lat="42.293863" lon="-2.562992"></trkpt>
<trkpt lat="42.294019" lon="-2.562867"></trkpt>
<trkpt lat="42.294299" lon="-2.562756"></trkpt>
<trkpt lat="42.294747" lon="-2.562672"></trkpt>
<trkpt lat="42.296473" lon="-2.562352"></trkpt>
<trkpt lat="42.297030" lon="-2.562247"></trkpt>
<trkpt lat="42.297185" lon="-2.562218"></trkpt>
<trkpt lat="42.298205" lon="-2.562029"></trkpt>
<trkpt lat="42.298531" lon="-2.562028"></trkpt>
<trkpt lat="42.298851" lon="-2.562071"></trkpt>
<trkpt lat="42.299127" lon="-2.562149"></trkpt>
<trkpt lat="42.299358" lon="-2.562267"></trkpt>
<trkpt lat="42.300334" lon="-2.562986"></trkpt>
<trkpt lat="42.300754" lon="-2.563222"></trkpt>
<trkpt lat="42.301002" lon="-2.563308"></trkpt>
<trkpt lat="42.301288" lon="-2.563367"></trkpt>
<trkpt lat="42.301629" lon="-2.563362"></trkpt>
<trkpt lat="42.302085" lon="-2.563249"></trkpt>
<trkpt lat="42.302399" lon="-2.563093"></trkpt>
<trkpt lat="42.302657" lon="-2.562916"></trkpt>
<trkpt lat="42.302851" lon="-2.562734"></trkpt>
<trkpt lat="42.303196" lon="-2.562343"></trkpt>
<trkpt lat="42.303502" lon="-2.561763"></trkpt>
<trkpt lat="42.303668" lon="-2.561296"></trkpt>
<trkpt lat="42.303781" lon="-2.560803"></trkpt>
<trkpt lat="42.303900" lon="-2.559792"></trkpt>
<trkpt lat="42.304048" lon="-2.559092"></trkpt>
<trkpt lat="42.304177" lon="-2.558697"></trkpt>
<trkpt lat="42.304449" lon="-2.558196"></trkpt>
<trkpt lat="42.304753" lon="-2.557794"></trkpt>
<trkpt lat="42.305025" lon="-2.557541"></trkpt>
<trkpt lat="42.305234" lon="-2.557387"></trkpt>
<trkpt lat="42.305672" lon="-2.557172"></trkpt>
<trkpt lat="42.306001" lon="-2.557091"></trkpt>
<trkpt lat="42.307020" lon="-2.556996"></trkpt>
<trkpt lat="42.307360" lon="-2.556890"></trkpt>
<trkpt lat="42.307574" lon="-2.556789"></trkpt>
<trkpt lat="42.307672" lon="-2.556736"></trkpt>
<trkpt lat="42.308043" lon="-2.556456"></trkpt>
<trkpt lat="42.308569" lon="-2.555950"></trkpt>
<trkpt lat="42.309720" lon="-2.554814"></trkpt>
<trkpt lat="42.309895" lon="-2.554614"></trkpt>
<trkpt lat="42.310065" lon="-2.554406"></trkpt>
<trkpt lat="42.310744" lon="-2.553428"></trkpt>
<trkpt lat="42.310872" lon="-2.553171"></trkpt>
<trkpt lat="42.310942" lon="-2.552894"></trkpt>
<trkpt lat="42.311248" lon="-2.551234"></trkpt>
<trkpt lat="42.311713" lon="-2.547946"></trkpt>
<trkpt lat="42.311903" lon="-2.546642"></trkpt>
<trkpt lat="42.311998" lon="-2.545893"></trkpt>
<trkpt lat="42.312026" lon="-2.545649"></trkpt>
<trkpt lat="42.312273" lon="-2.543267"></trkpt>
<trkpt lat="42.312316" lon="-2.543042"></trkpt>
<trkpt lat="42.312913" lon="-2.540919"></trkpt>
<trkpt lat="42.312995" lon="-2.540547"></trkpt>
<trkpt lat="42.313206" lon="-2.538642"></trkpt>
<trkpt lat="42.313325" lon="-2.537911"></trkpt>
<trkpt lat="42.313503" lon="-2.537347"></trkpt>
<trkpt lat="42.313795" lon="-2.536696"></trkpt>
<trkpt lat="42.314335" lon="-2.535633"></trkpt>
<trkpt lat="42.314364" lon="-2.535567"></trkpt>
<trkpt lat="42.314566" lon="-2.535036"></trkpt>
<trkpt lat="42.314652" lon="-2.534637"></trkpt>
<trkpt lat="42.314690" lon="-2.534295"></trkpt>
<trkpt lat="42.314722" lon="-2.533372"></trkpt>
<trkpt lat="42.314712" lon="-2.533027"></trkpt>
<trkpt lat="42.314619" lon="-2.532321"></trkpt>
<trkpt lat="42.314365" lon="-2.530959"></trkpt>
<trkpt lat="42.314330" lon="-2.530609"></trkpt>
<trkpt lat="42.314354" lon="-2.530087"></trkpt>
<trkpt lat="42.314475" lon="-2.529577"></trkpt>
<trkpt lat="42.314567" lon="-2.529350"></trkpt>
<trkpt lat="42.314816" lon="-2.528924"></trkpt>
<trkpt lat="42.314976" lon="-2.528760"></trkpt>
<trkpt lat="42.315134" lon="-2.528597"></trkpt>
<trkpt lat="42.316001" lon="-2.528085"></trkpt>
<trkpt lat="42.316978" lon="-2.527133"></trkpt>
<trkpt lat="42.317588" lon="-2.526265"></trkpt>
<trkpt lat="42.318717" lon="-2.524967"></trkpt>
<trkpt lat="42.319051" lon="-2.524495"></trkpt>
<trkpt lat="42.319207" lon="-2.524156"></trkpt>
<trkpt lat="42.319245" lon="-2.524047"></trkpt>
<trkpt lat="42.320016" lon="-2.521852"></trkpt>
<trkpt lat="42.320109" lon="-2.521501"></trkpt>
<trkpt lat="42.320222" lon="-2.520926"></trkpt>
<trkpt lat="42.320340" lon="-2.519913"></trkpt>
<trkpt lat="42.320397" lon="-2.519620"></trkpt>
<trkpt lat="42.320793" lon="-2.518119"></trkpt>
<trkpt lat="42.320967" lon="-2.517834"></trkpt>
<trkpt lat="42.321701" lon="-2.517161"></trkpt>
<trkpt lat="42.322567" lon="-2.516259"></trkpt>
<trkpt lat="42.322762" lon="-2.516094"></trkpt>
<trkpt lat="42.322928" lon="-2.515980"></trkpt>
<trkpt lat="42.323765" lon="-2.515589"></trkpt>
<trkpt lat="42.323852" lon="-2.515524"></trkpt>
<trkpt lat="42.324088" lon="-2.515230"></trkpt>
<trkpt lat="42.324225" lon="-2.515111"></trkpt>
<trkpt lat="42.325181" lon="-2.514451"></trkpt>
<trkpt lat="42.325247" lon="-2.514414"></trkpt>
<trkpt lat="42.325451" lon="-2.514299"></trkpt>
<trkpt lat="42.325946" lon="-2.513990"></trkpt>
<trkpt lat="42.327056" lon="-2.513114"></trkpt>
<trkpt lat="42.327270" lon="-2.512833"></trkpt>
<trkpt lat="42.327626" lon="-2.512180"></trkpt>
<trkpt lat="42.328016" lon="-2.511621"></trkpt>
<trkpt lat="42.328225" lon="-2.511371"></trkpt>
<trkpt lat="42.328622" lon="-2.510970"></trkpt>
<trkpt lat="42.329265" lon="-2.510148"></trkpt>
<trkpt lat="42.330086" lon="-2.509405"></trkpt>
<trkpt lat="42.330944" lon="-2.508714"></trkpt>
<trkpt lat="42.331672" lon="-2.508200"></trkpt>
<trkpt lat="42.336969" lon="-2.504780"></trkpt>
<trkpt lat="42.337231" lon="-2.504552"></trkpt>
<trkpt lat="42.337810" lon="-2.504144"></trkpt>
<trkpt lat="42.339248" lon="-2.502877"></trkpt>
<trkpt lat="42.339852" lon="-2.502433"></trkpt>
<trkpt lat="42.339988" lon="-2.502259"></trkpt>
<trkpt lat="42.340025" lon="-2.502084"></trkpt>
<trkpt lat="42.340141" lon="-2.501926"></trkpt>
<trkpt lat="42.340301" lon="-2.501874"></trkpt>
<trkpt lat="42.340367" lon="-2.501888"></trkpt>
<trkpt lat="42.340488" lon="-2.501978"></trkpt>
<trkpt lat="42.340538" lon="-2.502057"></trkpt>
<trkpt lat="42.340587" lon="-2.502251"></trkpt>
<trkpt lat="42.340559" lon="-2.502452"></trkpt>
<trkpt lat="42.340480" lon="-2.502599"></trkpt>
<trkpt lat="42.340415" lon="-2.502646"></trkpt>
<trkpt lat="42.340328" lon="-2.502848"></trkpt>
<trkpt lat="42.340331" lon="-2.502982"></trkpt>
<trkpt lat="42.340365" lon="-2.503103"></trkpt>
<trkpt lat="42.340619" lon="-2.503667"></trkpt>
<trkpt lat="42.340687" lon="-2.503793"></trkpt>
<trkpt lat="42.340848" lon="-2.503951"></trkpt>
<trkpt lat="42.341070" lon="-2.503996"></trkpt>
<trkpt lat="42.342306" lon="-2.503794"></trkpt>
<trkpt lat="42.343851" lon="-2.503700"></trkpt>
<trkpt lat="42.344130" lon="-2.503607"></trkpt>
<trkpt lat="42.344748" lon="-2.503352"></trkpt>
<trkpt lat="42.344912" lon="-2.503241"></trkpt>
<trkpt lat="42.345044" lon="-2.503214"></trkpt>
<trkpt lat="42.345187" lon="-2.503160"></trkpt>
<trkpt lat="42.345317" lon="-2.503229"></trkpt>
<trkpt lat="42.345373" lon="-2.503321"></trkpt>
<trkpt lat="42.345705" lon="-2.503599"></trkpt>
<trkpt lat="42.345758" lon="-2.503675"></trkpt>
<trkpt lat="42.346959" lon="-2.504924"></trkpt>
<trkpt lat="42.347203" lon="-2.505075"></trkpt>
<trkpt lat="42.347740" lon="-2.505315"></trkpt>
<trkpt lat="42.349923" lon="-2.505436"></trkpt>
<trkpt lat="42.351001" lon="-2.505436"></trkpt>
<trkpt lat="42.351699" lon="-2.505608"></trkpt>
<trkpt lat="42.356104" lon="-2.508485"></trkpt>
<trkpt lat="42.359610" lon="-2.510775"></trkpt>
<trkpt lat="42.361020" lon="-2.511696"></trkpt>
<trkpt lat="42.366862" lon="-2.515512"></trkpt>
<trkpt lat="42.370917" lon="-2.518211"></trkpt>
<trkpt lat="42.371499" lon="-2.518594"></trkpt>
<trkpt lat="42.372239" lon="-2.519082"></trkpt>
<trkpt lat="42.373091" lon="-2.519644"></trkpt>
<trkpt lat="42.373298" lon="-2.519779"></trkpt>
<trkpt lat="42.373684" lon="-2.520032"></trkpt>
<trkpt lat="42.373724" lon="-2.520059"></trkpt>
<trkpt lat="42.375992" lon="-2.521564"></trkpt>
<trkpt lat="42.375998" lon="-2.521568"></trkpt>
<trkpt lat="42.376459" lon="-2.522017"></trkpt>
<trkpt lat="42.376853" lon="-2.522568"></trkpt>
<trkpt lat="42.377011" lon="-2.522805"></trkpt>
<trkpt lat="42.377348" lon="-2.523499"></trkpt>
<trkpt lat="42.377365" lon="-2.523538"></trkpt>
<trkpt lat="42.378120" lon="-2.525144"></trkpt>
<trkpt lat="42.378433" lon="-2.525937"></trkpt>
<trkpt lat="42.380093" lon="-2.529449"></trkpt>
<trkpt lat="42.380238" lon="-2.529638"></trkpt>
<trkpt lat="42.380359" lon="-2.529856"></trkpt>
<trkpt lat="42.380433" lon="-2.529936"></trkpt>
<trkpt lat="42.380551" lon="-2.529999"></trkpt>
<trkpt lat="42.380620" lon="-2.529992"></trkpt>
<trkpt lat="42.380682" lon="-2.530007"></trkpt>
<trkpt lat="42.380761" lon="-2.530062"></trkpt>
<trkpt lat="42.380831" lon="-2.530166"></trkpt>
<trkpt lat="42.380864" lon="-2.530282"></trkpt>
<trkpt lat="42.380865" lon="-2.530364"></trkpt>
<trkpt lat="42.380865" lon="-2.530410"></trkpt>
<trkpt lat="42.380864" lon="-2.530598"></trkpt>
<trkpt lat="42.380904" lon="-2.530759"></trkpt>
<trkpt lat="42.381201" lon="-2.531258"></trkpt>
<trkpt lat="42.381586" lon="-2.531838"></trkpt>
<trkpt lat="42.382346" lon="-2.532830"></trkpt>
<trkpt lat="42.383385" lon="-2.533994"></trkpt>
<trkpt lat="42.383991" lon="-2.534595"></trkpt>
<trkpt lat="42.384839" lon="-2.535330"></trkpt>
<trkpt lat="42.385734" lon="-2.536000"></trkpt>
<trkpt lat="42.386764" lon="-2.536655"></trkpt>
<trkpt lat="42.387450" lon="-2.537025"></trkpt>
<trkpt lat="42.388662" lon="-2.537572"></trkpt>
<trkpt lat="42.389154" lon="-2.537765"></trkpt>
<trkpt lat="42.390342" lon="-2.538098"></trkpt>
<trkpt lat="42.390925" lon="-2.538221"></trkpt>
<trkpt lat="42.392291" lon="-2.538328"></trkpt>
<trkpt lat="42.393417" lon="-2.538355"></trkpt>
<trkpt lat="42.394134" lon="-2.538414"></trkpt>
<trkpt lat="42.394592" lon="-2.538492"></trkpt>
<trkpt lat="42.395014" lon="-2.538591"></trkpt>
<trkpt lat="42.395017" lon="-2.538591"></trkpt>
<trkpt lat="42.395853" lon="-2.538870"></trkpt>
<trkpt lat="42.396689" lon="-2.539251"></trkpt>
<trkpt lat="42.396990" lon="-2.539428"></trkpt>
<trkpt lat="42.397141" lon="-2.539471"></trkpt>
<trkpt lat="42.397398" lon="-2.539643"></trkpt>
<trkpt lat="42.397575" lon="-2.539643"></trkpt>
<trkpt lat="42.397628" lon="-2.539600"></trkpt>
<trkpt lat="42.397826" lon="-2.539599"></trkpt>
<trkpt lat="42.397941" lon="-2.539712"></trkpt>
<trkpt lat="42.398000" lon="-2.539857"></trkpt>
<trkpt lat="42.398048" lon="-2.540061"></trkpt>
<trkpt lat="42.398091" lon="-2.540126"></trkpt>
<trkpt lat="42.398270" lon="-2.540324"></trkpt>
<trkpt lat="42.398561" lon="-2.540586"></trkpt>
<trkpt lat="42.398868" lon="-2.540812"></trkpt>
<trkpt lat="42.399327" lon="-2.541091"></trkpt>
<trkpt lat="42.399818" lon="-2.541266"></trkpt>
<trkpt lat="42.400150" lon="-2.541327"></trkpt>
<trkpt lat="42.400460" lon="-2.541342"></trkpt>
<trkpt lat="42.401650" lon="-2.541277"></trkpt>
<trkpt lat="42.402143" lon="-2.541357"></trkpt>
<trkpt lat="42.402628" lon="-2.541495"></trkpt>
<trkpt lat="42.403167" lon="-2.541682"></trkpt>
<trkpt lat="42.404245" lon="-2.542055"></trkpt>
<trkpt lat="42.404502" lon="-2.542173"></trkpt>
<trkpt lat="42.405413" lon="-2.542879"></trkpt>
<trkpt lat="42.411041" lon="-2.547431"></trkpt>
<trkpt lat="42.422427" lon="-2.556624"></trkpt>
<trkpt lat="42.423140" lon="-2.557224"></trkpt>
<trkpt lat="42.423993" lon="-2.558004"></trkpt>
<trkpt lat="42.424480" lon="-2.558454"></trkpt>
<trkpt lat="42.425894" lon="-2.559894"></trkpt>
<trkpt lat="42.426694" lon="-2.560713"></trkpt>
<trkpt lat="42.427234" lon="-2.561287"></trkpt>
<trkpt lat="42.427453" lon="-2.561488"></trkpt>
<trkpt lat="42.427590" lon="-2.561578"></trkpt>
<trkpt lat="42.427773" lon="-2.561641"></trkpt>
<trkpt lat="42.427900" lon="-2.561645"></trkpt>
<trkpt lat="42.428131" lon="-2.562376"></trkpt>
<trkpt lat="42.428677" lon="-2.562316"></trkpt>
<trkpt lat="42.428957" lon="-2.562277"></trkpt>
<trkpt lat="42.429047" lon="-2.562232"></trkpt>
<trkpt lat="42.429130" lon="-2.562342"></trkpt>
<trkpt lat="42.429298" lon="-2.562727"></trkpt>
<trkpt lat="42.429660" lon="-2.563160"></trkpt>
<trkpt lat="42.429690" lon="-2.563194"></trkpt>
<trkpt lat="42.429847" lon="-2.563321"></trkpt>
<trkpt lat="42.430145" lon="-2.563502"></trkpt>
<trkpt lat="42.430178" lon="-2.563486"></trkpt>
<trkpt lat="42.430406" lon="-2.563562"></trkpt>
<trkpt lat="42.430522" lon="-2.563629"></trkpt>
<trkpt lat="42.430782" lon="-2.563683"></trkpt>
<trkpt lat="42.431032" lon="-2.563715"></trkpt>
<trkpt lat="42.431504" lon="-2.563788"></trkpt>
<trkpt lat="42.431504" lon="-2.563997"></trkpt>
<trkpt lat="42.431711" lon="-2.564377"></trkpt>
<trkpt lat="42.431810" lon="-2.564498"></trkpt>
<trkpt lat="42.431842" lon="-2.564537"></trkpt>
<trkpt lat="42.431910" lon="-2.564619"></trkpt>
<trkpt lat="42.431300" lon="-2.565791"></trkpt>
<trkpt lat="42.431271" lon="-2.566004"></trkpt>
<trkpt lat="42.431285" lon="-2.566145"></trkpt>
<trkpt lat="42.431349" lon="-2.566352"></trkpt>
<trkpt lat="42.431604" lon="-2.566647"></trkpt>
<trkpt lat="42.431828" lon="-2.566906"></trkpt>
<trkpt lat="42.432493" lon="-2.567507"></trkpt>
<trkpt lat="42.432986" lon="-2.567865"></trkpt>
<trkpt lat="42.433604" lon="-2.568315"></trkpt>
<trkpt lat="42.434740" lon="-2.568914"></trkpt>
<trkpt lat="42.436059" lon="-2.569612"></trkpt>
<trkpt lat="42.436273" lon="-2.569629"></trkpt>
<trkpt lat="42.436424" lon="-2.569524"></trkpt>
<trkpt lat="42.436519" lon="-2.569384"></trkpt>
<trkpt lat="42.436706" lon="-2.569227"></trkpt>
<trkpt lat="42.436909" lon="-2.569162"></trkpt>
<trkpt lat="42.437138" lon="-2.569193"></trkpt>
<trkpt lat="42.437325" lon="-2.569307"></trkpt>
<trkpt lat="42.437471" lon="-2.569484"></trkpt>
<trkpt lat="42.437567" lon="-2.569689"></trkpt>
<trkpt lat="42.437619" lon="-2.569926"></trkpt>
<trkpt lat="42.437625" lon="-2.570137"></trkpt>
<trkpt lat="42.437749" lon="-2.570347"></trkpt>
<trkpt lat="42.437897" lon="-2.570521"></trkpt>
<trkpt lat="42.438217" lon="-2.570698"></trkpt>
<trkpt lat="42.438418" lon="-2.570779"></trkpt>
<trkpt lat="42.441135" lon="-2.571948"></trkpt>
<trkpt lat="42.441139" lon="-2.571949"></trkpt>
<trkpt lat="42.441464" lon="-2.572055"></trkpt>
<trkpt lat="42.441582" lon="-2.572063"></trkpt>
<trkpt lat="42.441732" lon="-2.572007"></trkpt>
<trkpt lat="42.441822" lon="-2.571919"></trkpt>
<trkpt lat="42.441939" lon="-2.571899"></trkpt>
<trkpt lat="42.442015" lon="-2.571932"></trkpt>
<trkpt lat="42.442109" lon="-2.572057"></trkpt>
<trkpt lat="42.442299" lon="-2.572204"></trkpt>
<trkpt lat="42.442439" lon="-2.572229"></trkpt>
<trkpt lat="42.443109" lon="-2.572213"></trkpt>
<trkpt lat="42.443337" lon="-2.572165"></trkpt>
<trkpt lat="42.443618" lon="-2.572037"></trkpt>
<trkpt lat="42.443767" lon="-2.571969"></trkpt>
<trkpt lat="42.444227" lon="-2.571640"></trkpt>
<trkpt lat="42.444517" lon="-2.571316"></trkpt>
<trkpt lat="42.444686" lon="-2.571076"></trkpt>
<trkpt lat="42.446156" lon="-2.568270"></trkpt>
<trkpt lat="42.446299" lon="-2.567997"></trkpt>
<trkpt lat="42.446335" lon="-2.567928"></trkpt>
<trkpt lat="42.446437" lon="-2.567733"></trkpt>
<trkpt lat="42.446623" lon="-2.567384"></trkpt>
<trkpt lat="42.446686" lon="-2.567266"></trkpt>
<trkpt lat="42.446927" lon="-2.566873"></trkpt>
<trkpt lat="42.447286" lon="-2.566470"></trkpt>
<trkpt lat="42.447999" lon="-2.565774"></trkpt>
<trkpt lat="42.448388" lon="-2.565474"></trkpt>
<trkpt lat="42.448977" lon="-2.565178"></trkpt>
<trkpt lat="42.449966" lon="-2.564780"></trkpt>
<trkpt lat="42.450493" lon="-2.564661"></trkpt>
<trkpt lat="42.450795" lon="-2.564594"></trkpt>
<trkpt lat="42.451484" lon="-2.564538"></trkpt>
<trkpt lat="42.457397" lon="-2.564063"></trkpt>
<trkpt lat="42.461157" lon="-2.563761"></trkpt>
<trkpt lat="42.462210" lon="-2.563676"></trkpt>
<trkpt lat="42.463822" lon="-2.563547"></trkpt>
<trkpt lat="42.464040" lon="-2.563523"></trkpt>
<trkpt lat="42.465222" lon="-2.563444"></trkpt>
<trkpt lat="42.465392" lon="-2.563432"></trkpt>
<trkpt lat="42.465970" lon="-2.563385"></trkpt>
<trkpt lat="42.466180" lon="-2.563369"></trkpt>
<trkpt lat="42.466276" lon="-2.563348"></trkpt>
<trkpt lat="42.466390" lon="-2.563323"></trkpt>
<trkpt lat="42.466567" lon="-2.562795"></trkpt>
<trkpt lat="42.466727" lon="-2.562317"></trkpt>
<trkpt lat="42.466774" lon="-2.562173"></trkpt>
<trkpt lat="42.466883" lon="-2.561784"></trkpt>
<trkpt lat="42.466948" lon="-2.561562"></trkpt>
<trkpt lat="42.467036" lon="-2.561421"></trkpt>
<trkpt lat="42.467113" lon="-2.561385"></trkpt>
<trkpt lat="42.467500" lon="-2.561376"></trkpt>
<trkpt lat="42.467655" lon="-2.561371"></trkpt>
<trkpt lat="42.467965" lon="-2.561331"></trkpt>
<trkpt lat="42.468134" lon="-2.561270"></trkpt>
<trkpt lat="42.468201" lon="-2.561215"></trkpt>
<trkpt lat="42.468446" lon="-2.560957"></trkpt>
<trkpt lat="42.468799" lon="-2.561409"></trkpt>
<trkpt lat="42.469208" lon="-2.561934"></trkpt>
<trkpt lat="42.469482" lon="-2.561370"></trkpt>
<trkpt lat="42.470861" lon="-2.562103"></trkpt>
<trkpt lat="42.471411" lon="-2.562385"></trkpt>
<trkpt lat="42.472436" lon="-2.562830"></trkpt>
<trkpt lat="42.475552" lon="-2.563946"></trkpt>
<trkpt lat="42.475878" lon="-2.564087"></trkpt>
<trkpt lat="42.476409" lon="-2.564410"></trkpt>
<trkpt lat="42.477856" lon="-2.565586"></trkpt>
<trkpt lat="42.479171" lon="-2.566629"></trkpt>
<trkpt lat="42.480275" lon="-2.567386"></trkpt>
<trkpt lat="42.480936" lon="-2.567759"></trkpt>
<trkpt lat="42.481783" lon="-2.568178"></trkpt>
<trkpt lat="42.482616" lon="-2.568502"></trkpt>
<trkpt lat="42.482992" lon="-2.568640"></trkpt>
<trkpt lat="42.483430" lon="-2.568749"></trkpt>
<trkpt lat="42.484956" lon="-2.568946"></trkpt>
<trkpt lat="42.485521" lon="-2.568928"></trkpt>
<trkpt lat="42.485688" lon="-2.568837"></trkpt>
<trkpt lat="42.485830" lon="-2.568755"></trkpt>
<trkpt lat="42.485906" lon="-2.568766"></trkpt>
<trkpt lat="42.485996" lon="-2.568832"></trkpt>
<trkpt lat="42.486048" lon="-2.568923"></trkpt>
<trkpt lat="42.486072" lon="-2.569034"></trkpt>
<trkpt lat="42.486200" lon="-2.569157"></trkpt>
<trkpt lat="42.486541" lon="-2.569367"></trkpt>
<trkpt lat="42.487418" lon="-2.569784"></trkpt>
<trkpt lat="42.487466" lon="-2.569807"></trkpt>
<trkpt lat="42.487693" lon="-2.569916"></trkpt>
<trkpt lat="42.487948" lon="-2.569989"></trkpt>
<trkpt lat="42.488019" lon="-2.570006"></trkpt>
<trkpt lat="42.488105" lon="-2.570018"></trkpt>
<trkpt lat="42.488282" lon="-2.570045"></trkpt>
<trkpt lat="42.488354" lon="-2.570061"></trkpt>
<trkpt lat="42.488625" lon="-2.570151"></trkpt>
<trkpt lat="42.488793" lon="-2.570276"></trkpt>
<trkpt lat="42.489229" lon="-2.570800"></trkpt>
<trkpt lat="42.489409" lon="-2.570949"></trkpt>
<trkpt lat="42.489620" lon="-2.571033"></trkpt>
<trkpt lat="42.490018" lon="-2.571070"></trkpt>
<trkpt lat="42.490763" lon="-2.571110"></trkpt>
<trkpt lat="42.490974" lon="-2.571168"></trkpt>
<trkpt lat="42.491199" lon="-2.571276"></trkpt>
<trkpt lat="42.491430" lon="-2.571466"></trkpt>
<trkpt lat="42.491636" lon="-2.571715"></trkpt>
<trkpt lat="42.492071" lon="-2.572444"></trkpt>
<trkpt lat="42.492444" lon="-2.573095"></trkpt>
<trkpt lat="42.492646" lon="-2.573448"></trkpt>
<trkpt lat="42.492693" lon="-2.573574"></trkpt>
<trkpt lat="42.492661" lon="-2.573711"></trkpt>
<trkpt lat="42.492301" lon="-2.574195"></trkpt>
<trkpt lat="42.491765" lon="-2.574623"></trkpt>
<trkpt lat="42.491555" lon="-2.574832"></trkpt>
<trkpt lat="42.491481" lon="-2.575039"></trkpt>
<trkpt lat="42.491480" lon="-2.575128"></trkpt>
<trkpt lat="42.491515" lon="-2.575272"></trkpt>
<trkpt lat="42.491577" lon="-2.575365"></trkpt>
<trkpt lat="42.491666" lon="-2.575431"></trkpt>
<trkpt lat="42.491734" lon="-2.575442"></trkpt>
<trkpt lat="42.492229" lon="-2.575326"></trkpt>
<trkpt lat="42.492383" lon="-2.575232"></trkpt>
<trkpt lat="42.492411" lon="-2.575163"></trkpt>
<trkpt lat="42.492460" lon="-2.575123"></trkpt>
<trkpt lat="42.492552" lon="-2.575141"></trkpt>
<trkpt lat="42.492732" lon="-2.575141"></trkpt>
<trkpt lat="42.493183" lon="-2.574576"></trkpt>
<trkpt lat="42.493323" lon="-2.574386"></trkpt>
<trkpt lat="42.493466" lon="-2.574006"></trkpt>
<trkpt lat="42.493558" lon="-2.573696"></trkpt>
<trkpt lat="42.493675" lon="-2.573438"></trkpt>
<trkpt lat="42.493743" lon="-2.573392"></trkpt>
<trkpt lat="42.494182" lon="-2.573287"></trkpt>
<trkpt lat="42.494710" lon="-2.573144"></trkpt>
<trkpt lat="42.495017" lon="-2.573018"></trkpt>
<trkpt lat="42.495581" lon="-2.573064"></trkpt>
<trkpt lat="42.495583" lon="-2.573064"></trkpt>
<trkpt lat="42.495709" lon="-2.573041"></trkpt>
<trkpt lat="42.495803" lon="-2.572936"></trkpt>
<trkpt lat="42.495873" lon="-2.572719"></trkpt>
<trkpt lat="42.495925" lon="-2.572519"></trkpt>
<trkpt lat="42.495965" lon="-2.572363"></trkpt>
<trkpt lat="42.496041" lon="-2.572198"></trkpt>
<trkpt lat="42.496252" lon="-2.572006"></trkpt>
<trkpt lat="42.496564" lon="-2.571737"></trkpt>
<trkpt lat="42.496876" lon="-2.571469"></trkpt>
<trkpt lat="42.497188" lon="-2.571236"></trkpt>
<trkpt lat="42.497479" lon="-2.571098"></trkpt>
<trkpt lat="42.497836" lon="-2.571074"></trkpt>
<trkpt lat="42.498119" lon="-2.571146"></trkpt>
<trkpt lat="42.498401" lon="-2.571305"></trkpt>
<trkpt lat="42.499195" lon="-2.571997"></trkpt>
<trkpt lat="42.499477" lon="-2.572123"></trkpt>
<trkpt lat="42.499761" lon="-2.572169"></trkpt>
<trkpt lat="42.501322" lon="-2.572259"></trkpt>
<trkpt lat="42.501664" lon="-2.572294"></trkpt>
<trkpt lat="42.502373" lon="-2.572348"></trkpt>
<trkpt lat="42.502690" lon="-2.572436"></trkpt>
<trkpt lat="42.503096" lon="-2.572727"></trkpt>
<trkpt lat="42.503318" lon="-2.572968"></trkpt>
<trkpt lat="42.503808" lon="-2.573299"></trkpt>
<trkpt lat="42.504036" lon="-2.573384"></trkpt>
<trkpt lat="42.504497" lon="-2.573433"></trkpt>
<trkpt lat="42.505274" lon="-2.573462"></trkpt>
<trkpt lat="42.506573" lon="-2.573497"></trkpt>
<trkpt lat="42.507011" lon="-2.573428"></trkpt>
<trkpt lat="42.507288" lon="-2.573327"></trkpt>
<trkpt lat="42.507491" lon="-2.573212"></trkpt>
<trkpt lat="42.507828" lon="-2.572935"></trkpt>
<trkpt lat="42.507947" lon="-2.572821"></trkpt>
<trkpt lat="42.508670" lon="-2.571883"></trkpt>
<trkpt lat="42.508948" lon="-2.571614"></trkpt>
<trkpt lat="42.509150" lon="-2.571490"></trkpt>
<trkpt lat="42.509329" lon="-2.571402"></trkpt>
<trkpt lat="42.509693" lon="-2.571327"></trkpt>
<trkpt lat="42.510078" lon="-2.571352"></trkpt>
<trkpt lat="42.510324" lon="-2.571420"></trkpt>
<trkpt lat="42.510846" lon="-2.571574"></trkpt>
<trkpt lat="42.511170" lon="-2.571588"></trkpt>
<trkpt lat="42.511976" lon="-2.571328"></trkpt>
<trkpt lat="42.512175" lon="-2.571284"></trkpt>
<trkpt lat="42.512389" lon="-2.571279"></trkpt>
<trkpt lat="42.512565" lon="-2.571297"></trkpt>
<trkpt lat="42.512799" lon="-2.571378"></trkpt>
<trkpt lat="42.514904" lon="-2.572526"></trkpt>
<trkpt lat="42.515363" lon="-2.572833"></trkpt>
<trkpt lat="42.515597" lon="-2.573080"></trkpt>
<trkpt lat="42.516215" lon="-2.573832"></trkpt>
<trkpt lat="42.516375" lon="-2.573971"></trkpt>
<trkpt lat="42.516630" lon="-2.574093"></trkpt>
<trkpt lat="42.517264" lon="-2.574220"></trkpt>
<trkpt lat="42.517495" lon="-2.574272"></trkpt>
<trkpt lat="42.517836" lon="-2.574463"></trkpt>
<trkpt lat="42.517984" lon="-2.574597"></trkpt>
<trkpt lat="42.518569" lon="-2.575468"></trkpt>
<trkpt lat="42.518728" lon="-2.575653"></trkpt>
<trkpt lat="42.518866" lon="-2.575783"></trkpt>
<trkpt lat="42.519165" lon="-2.575935"></trkpt>
<trkpt lat="42.519445" lon="-2.575996"></trkpt>
<trkpt lat="42.519692" lon="-2.575972"></trkpt>
<trkpt lat="42.519821" lon="-2.575924"></trkpt>
<trkpt lat="42.520064" lon="-2.575827"></trkpt>
<trkpt lat="42.521450" lon="-2.575089"></trkpt>
<trkpt lat="42.521780" lon="-2.574984"></trkpt>
<trkpt lat="42.522030" lon="-2.574988"></trkpt>
<trkpt lat="42.522307" lon="-2.575076"></trkpt>
<trkpt lat="42.523784" lon="-2.575797"></trkpt>
<trkpt lat="42.524274" lon="-2.576038"></trkpt>
<trkpt lat="42.524705" lon="-2.576154"></trkpt>
<trkpt lat="42.525171" lon="-2.576126"></trkpt>
<trkpt lat="42.525529" lon="-2.576000"></trkpt>
<trkpt lat="42.526144" lon="-2.575723"></trkpt>
<trkpt lat="42.526413" lon="-2.575679"></trkpt>
<trkpt lat="42.526670" lon="-2.575719"></trkpt>
<trkpt lat="42.526905" lon="-2.575822"></trkpt>
<trkpt lat="42.527303" lon="-2.576132"></trkpt>
<trkpt lat="42.527704" lon="-2.576421"></trkpt>
<trkpt lat="42.528027" lon="-2.576562"></trkpt>
<trkpt lat="42.529393" lon="-2.576853"></trkpt>
<trkpt lat="42.530741" lon="-2.577144"></trkpt>
<trkpt lat="42.531105" lon="-2.577353"></trkpt>
<trkpt lat="42.531266" lon="-2.577477"></trkpt>
<trkpt lat="42.531835" lon="-2.578067"></trkpt>
<trkpt lat="42.532201" lon="-2.578284"></trkpt>
<trkpt lat="42.532369" lon="-2.578324"></trkpt>
<trkpt lat="42.532690" lon="-2.578336"></trkpt>
<trkpt lat="42.532888" lon="-2.578300"></trkpt>
<trkpt lat="42.534282" lon="-2.577849"></trkpt>
<trkpt lat="42.534807" lon="-2.577694"></trkpt>
<trkpt lat="42.535424" lon="-2.577618"></trkpt>
<trkpt lat="42.535906" lon="-2.577646"></trkpt>
<trkpt lat="42.537214" lon="-2.577811"></trkpt>
<trkpt lat="42.541623" lon="-2.578376"></trkpt>
<trkpt lat="42.541870" lon="-2.578413"></trkpt>
<trkpt lat="42.542294" lon="-2.578557"></trkpt>
<trkpt lat="42.542939" lon="-2.578936"></trkpt>
<trkpt lat="42.543224" lon="-2.579065"></trkpt>
<trkpt lat="42.543406" lon="-2.579127"></trkpt>
<trkpt lat="42.543739" lon="-2.579153"></trkpt>
<trkpt lat="42.544166" lon="-2.579069"></trkpt>
<trkpt lat="42.545411" lon="-2.578742"></trkpt>
<trkpt lat="42.545611" lon="-2.578693"></trkpt>
<trkpt lat="42.545978" lon="-2.578695"></trkpt>
<trkpt lat="42.546136" lon="-2.578736"></trkpt>
<trkpt lat="42.546460" lon="-2.578922"></trkpt>
<trkpt lat="42.547013" lon="-2.579502"></trkpt>
<trkpt lat="42.547252" lon="-2.579791"></trkpt>
<trkpt lat="42.547430" lon="-2.580070"></trkpt>
<trkpt lat="42.547643" lon="-2.580572"></trkpt>
<trkpt lat="42.547742" lon="-2.580660"></trkpt>
<trkpt lat="42.547846" lon="-2.580665"></trkpt>
<trkpt lat="42.547927" lon="-2.580588"></trkpt>
<trkpt lat="42.547997" lon="-2.580548"></trkpt>
<trkpt lat="42.548071" lon="-2.580546"></trkpt>
<trkpt lat="42.548133" lon="-2.580555"></trkpt>
<trkpt lat="42.548386" lon="-2.580877"></trkpt>
<trkpt lat="42.548587" lon="-2.581076"></trkpt>
<trkpt lat="42.549979" lon="-2.582280"></trkpt>
<trkpt lat="42.550212" lon="-2.582438"></trkpt>
<trkpt lat="42.550368" lon="-2.582489"></trkpt>
<trkpt lat="42.550442" lon="-2.582497"></trkpt>
<trkpt lat="42.550515" lon="-2.582505"></trkpt>
<trkpt lat="42.550554" lon="-2.582511"></trkpt>
<trkpt lat="42.550702" lon="-2.582531"></trkpt>
<trkpt lat="42.551920" lon="-2.582663"></trkpt>
<trkpt lat="42.552684" lon="-2.582853"></trkpt>
<trkpt lat="42.552819" lon="-2.582895"></trkpt>
<trkpt lat="42.553320" lon="-2.583048"></trkpt>
<trkpt lat="42.554323" lon="-2.583339"></trkpt>
<trkpt lat="42.554929" lon="-2.583521"></trkpt>
<trkpt lat="42.555358" lon="-2.583728"></trkpt>
<trkpt lat="42.557242" lon="-2.584872"></trkpt>
<trkpt lat="42.557243" lon="-2.584873"></trkpt>
<trkpt lat="42.557623" lon="-2.585170"></trkpt>
<trkpt lat="42.557738" lon="-2.585287"></trkpt>
<trkpt lat="42.557898" lon="-2.585556"></trkpt>
<trkpt lat="42.558074" lon="-2.585954"></trkpt>
<trkpt lat="42.558118" lon="-2.586053"></trkpt>
<trkpt lat="42.558185" lon="-2.586212"></trkpt>
<trkpt lat="42.558331" lon="-2.586564"></trkpt>
<trkpt lat="42.558407" lon="-2.586751"></trkpt>
<trkpt lat="42.558504" lon="-2.586977"></trkpt>
<trkpt lat="42.558934" lon="-2.587982"></trkpt>
<trkpt lat="42.559225" lon="-2.588659"></trkpt>
<trkpt lat="42.559795" lon="-2.589996"></trkpt>
<trkpt lat="42.561355" lon="-2.593620"></trkpt>
<trkpt lat="42.561945" lon="-2.595004"></trkpt>
<trkpt lat="42.562865" lon="-2.597148"></trkpt>
<trkpt lat="42.562920" lon="-2.597287"></trkpt>
<trkpt lat="42.563344" lon="-2.598273"></trkpt>
<trkpt lat="42.564025" lon="-2.599858"></trkpt>
<trkpt lat="42.564497" lon="-2.600955"></trkpt>
<trkpt lat="42.566256" lon="-2.605062"></trkpt>
<trkpt lat="42.566729" lon="-2.606165"></trkpt>
<trkpt lat="42.566852" lon="-2.606456"></trkpt>
<trkpt lat="42.567079" lon="-2.606987"></trkpt>
<trkpt lat="42.567812" lon="-2.608698"></trkpt>
<trkpt lat="42.568767" lon="-2.610966"></trkpt>
<trkpt lat="42.569193" lon="-2.612058"></trkpt>
<trkpt lat="42.569351" lon="-2.612581"></trkpt>
<trkpt lat="42.569616" lon="-2.613627"></trkpt>
<trkpt lat="42.569783" lon="-2.614159"></trkpt>
<trkpt lat="42.570078" lon="-2.614864"></trkpt>
<trkpt lat="42.571454" lon="-2.617301"></trkpt>
<trkpt lat="42.571960" lon="-2.618162"></trkpt>
<trkpt lat="42.572139" lon="-2.618426"></trkpt>
<trkpt lat="42.572533" lon="-2.618944"></trkpt>
<trkpt lat="42.573308" lon="-2.619875"></trkpt>
<trkpt lat="42.573607" lon="-2.620353"></trkpt>
<trkpt lat="42.573742" lon="-2.620625"></trkpt>
<trkpt lat="42.573938" lon="-2.621140"></trkpt>
<trkpt lat="42.574081" lon="-2.621651"></trkpt>
<trkpt lat="42.574193" lon="-2.622370"></trkpt>
<trkpt lat="42.574209" lon="-2.622671"></trkpt>
<trkpt lat="42.574176" lon="-2.623496"></trkpt>
<trkpt lat="42.573945" lon="-2.624975"></trkpt>
<trkpt lat="42.573901" lon="-2.625490"></trkpt>
<trkpt lat="42.573919" lon="-2.625916"></trkpt>
<trkpt lat="42.573963" lon="-2.626285"></trkpt>
<trkpt lat="42.573984" lon="-2.626399"></trkpt>
<trkpt lat="42.574019" lon="-2.626590"></trkpt>
<trkpt lat="42.574179" lon="-2.627287"></trkpt>
<trkpt lat="42.574344" lon="-2.628028"></trkpt>
<trkpt lat="42.574461" lon="-2.628554"></trkpt>
<trkpt lat="42.574806" lon="-2.630054"></trkpt>
<trkpt lat="42.575566" lon="-2.633493"></trkpt>
<trkpt lat="42.576487" lon="-2.637612"></trkpt>
<trkpt lat="42.576649" lon="-2.638336"></trkpt>
<trkpt lat="42.576765" lon="-2.638860"></trkpt>
<trkpt lat="42.576874" lon="-2.639347"></trkpt>
<trkpt lat="42.576994" lon="-2.639912"></trkpt>
<trkpt lat="42.577086" lon="-2.640325"></trkpt>
<trkpt lat="42.577265" lon="-2.641129"></trkpt>
<trkpt lat="42.577424" lon="-2.641858"></trkpt>
<trkpt lat="42.577579" lon="-2.642747"></trkpt>
<trkpt lat="42.577629" lon="-2.643533"></trkpt>
<trkpt lat="42.577608" lon="-2.644326"></trkpt>
<trkpt lat="42.577557" lon="-2.644816"></trkpt>
<trkpt lat="42.577432" lon="-2.645490"></trkpt>
<trkpt lat="42.577416" lon="-2.645553"></trkpt>
<trkpt lat="42.577292" lon="-2.646034"></trkpt>
<trkpt lat="42.576558" lon="-2.648415"></trkpt>
<trkpt lat="42.576218" lon="-2.649494"></trkpt>
<trkpt lat="42.576128" lon="-2.649689"></trkpt>
<trkpt lat="42.575300" lon="-2.651104"></trkpt>
<trkpt lat="42.573441" lon="-2.654275"></trkpt>
<trkpt lat="42.573278" lon="-2.654553"></trkpt>
<trkpt lat="42.572263" lon="-2.656303"></trkpt>
<trkpt lat="42.571868" lon="-2.657125"></trkpt>
<trkpt lat="42.571696" lon="-2.657516"></trkpt>
<trkpt lat="42.571546" lon="-2.657957"></trkpt>
<trkpt lat="42.571484" lon="-2.658225"></trkpt>
<trkpt lat="42.571419" lon="-2.658727"></trkpt>
<trkpt lat="42.571408" lon="-2.659195"></trkpt>
<trkpt lat="42.571457" lon="-2.659758"></trkpt>
<trkpt lat="42.571553" lon="-2.660324"></trkpt>
<trkpt lat="42.571596" lon="-2.660530"></trkpt>
<trkpt lat="42.571723" lon="-2.661291"></trkpt>
<trkpt lat="42.571815" lon="-2.662168"></trkpt>
<trkpt lat="42.571799" lon="-2.663052"></trkpt>
<trkpt lat="42.571715" lon="-2.663788"></trkpt>
<trkpt lat="42.571504" lon="-2.664730"></trkpt>
<trkpt lat="42.571350" lon="-2.665201"></trkpt>
<trkpt lat="42.571094" lon="-2.665945"></trkpt>
<trkpt lat="42.570819" lon="-2.666907"></trkpt>
<trkpt lat="42.570138" lon="-2.670270"></trkpt>
<trkpt lat="42.569988" lon="-2.671036"></trkpt>
<trkpt lat="42.569814" lon="-2.671921"></trkpt>
<trkpt lat="42.569580" lon="-2.673093"></trkpt>
<trkpt lat="42.569390" lon="-2.674183"></trkpt>
<trkpt lat="42.569299" lon="-2.674869"></trkpt>
<trkpt lat="42.569289" lon="-2.675023"></trkpt>
<trkpt lat="42.569331" lon="-2.675659"></trkpt>
<trkpt lat="42.569665" lon="-2.677344"></trkpt>
<trkpt lat="42.569810" lon="-2.678052"></trkpt>
<trkpt lat="42.569838" lon="-2.678193"></trkpt>
<trkpt lat="42.570017" lon="-2.679082"></trkpt>
<trkpt lat="42.570036" lon="-2.679284"></trkpt>
<trkpt lat="42.570014" lon="-2.679741"></trkpt>
<trkpt lat="42.569950" lon="-2.680043"></trkpt>
<trkpt lat="42.569926" lon="-2.680112"></trkpt>
<trkpt lat="42.569800" lon="-2.680400"></trkpt>
<trkpt lat="42.569681" lon="-2.680579"></trkpt>
<trkpt lat="42.569417" lon="-2.680835"></trkpt>
<trkpt lat="42.569297" lon="-2.680924"></trkpt>
<trkpt lat="42.568491" lon="-2.681515"></trkpt>
<trkpt lat="42.568293" lon="-2.681699"></trkpt>
<trkpt lat="42.568036" lon="-2.682087"></trkpt>
<trkpt lat="42.567116" lon="-2.683899"></trkpt>
<trkpt lat="42.566965" lon="-2.684434"></trkpt>
<trkpt lat="42.566790" lon="-2.685155"></trkpt>
<trkpt lat="42.566508" lon="-2.686324"></trkpt>
<trkpt lat="42.566496" lon="-2.686387"></trkpt>
<trkpt lat="42.566456" lon="-2.686596"></trkpt>
<trkpt lat="42.566451" lon="-2.686691"></trkpt>
<trkpt lat="42.566446" lon="-2.686880"></trkpt>
<trkpt lat="42.566480" lon="-2.687209"></trkpt>
<trkpt lat="42.566568" lon="-2.687718"></trkpt>
<trkpt lat="42.566711" lon="-2.688537"></trkpt>
<trkpt lat="42.566976" lon="-2.690060"></trkpt>
<trkpt lat="42.567061" lon="-2.690668"></trkpt>
<trkpt lat="42.567107" lon="-2.691479"></trkpt>
<trkpt lat="42.567091" lon="-2.692013"></trkpt>
<trkpt lat="42.567087" lon="-2.692148"></trkpt>
<trkpt lat="42.567031" lon="-2.692667"></trkpt>
<trkpt lat="42.566919" lon="-2.693275"></trkpt>
<trkpt lat="42.566330" lon="-2.695655"></trkpt>
<trkpt lat="42.566188" lon="-2.696307"></trkpt>
<trkpt lat="42.566151" lon="-2.696631"></trkpt>
<trkpt lat="42.566141" lon="-2.697095"></trkpt>
<trkpt lat="42.566171" lon="-2.697440"></trkpt>
<trkpt lat="42.566234" lon="-2.697782"></trkpt>
<trkpt lat="42.566409" lon="-2.698342"></trkpt>
<trkpt lat="42.566510" lon="-2.698566"></trkpt>
<trkpt lat="42.566732" lon="-2.698937"></trkpt>
<trkpt lat="42.566868" lon="-2.699118"></trkpt>
<trkpt lat="42.567202" lon="-2.699452"></trkpt>
<trkpt lat="42.568146" lon="-2.700185"></trkpt>
<trkpt lat="42.568749" lon="-2.700703"></trkpt>
<trkpt lat="42.569020" lon="-2.700985"></trkpt>
<trkpt lat="42.569348" lon="-2.701395"></trkpt>
<trkpt lat="42.569723" lon="-2.701986"></trkpt>
<trkpt lat="42.570906" lon="-2.704197"></trkpt>
<trkpt lat="42.570958" lon="-2.704300"></trkpt>
<trkpt lat="42.571299" lon="-2.704939"></trkpt>
<trkpt lat="42.571550" lon="-2.705542"></trkpt>
<trkpt lat="42.571694" lon="-2.706112"></trkpt>
<trkpt lat="42.571763" lon="-2.706719"></trkpt>
<trkpt lat="42.571765" lon="-2.706948"></trkpt>
<trkpt lat="42.571721" lon="-2.707588"></trkpt>
<trkpt lat="42.571652" lon="-2.707958"></trkpt>
<trkpt lat="42.571337" lon="-2.709148"></trkpt>
<trkpt lat="42.571313" lon="-2.709227"></trkpt>
<trkpt lat="42.571092" lon="-2.710062"></trkpt>
<trkpt lat="42.570818" lon="-2.711065"></trkpt>
<trkpt lat="42.570754" lon="-2.711270"></trkpt>
<trkpt lat="42.570539" lon="-2.712008"></trkpt>
<trkpt lat="42.570512" lon="-2.712173"></trkpt>
<trkpt lat="42.570525" lon="-2.712508"></trkpt>
<trkpt lat="42.570575" lon="-2.712730"></trkpt>
<trkpt lat="42.570792" lon="-2.713318"></trkpt>
<trkpt lat="42.570870" lon="-2.713544"></trkpt>
<trkpt lat="42.570893" lon="-2.713738"></trkpt>
<trkpt lat="42.570877" lon="-2.713933"></trkpt>
<trkpt lat="42.570824" lon="-2.714137"></trkpt>
<trkpt lat="42.570757" lon="-2.714267"></trkpt>
<trkpt lat="42.570708" lon="-2.714362"></trkpt>
<trkpt lat="42.570397" lon="-2.714775"></trkpt>
<trkpt lat="42.570135" lon="-2.715215"></trkpt>
<trkpt lat="42.569961" lon="-2.715638"></trkpt>
<trkpt lat="42.569809" lon="-2.716286"></trkpt>
<trkpt lat="42.569571" lon="-2.719226"></trkpt>
<trkpt lat="42.569468" lon="-2.720069"></trkpt>
<trkpt lat="42.568829" lon="-2.724124"></trkpt>
<trkpt lat="42.568452" lon="-2.726457"></trkpt>
<trkpt lat="42.568263" lon="-2.727136"></trkpt>
<trkpt lat="42.568047" lon="-2.727632"></trkpt>
<trkpt lat="42.567892" lon="-2.727900"></trkpt>
<trkpt lat="42.567200" lon="-2.728896"></trkpt>
<trkpt lat="42.567019" lon="-2.729192"></trkpt>
<trkpt lat="42.566757" lon="-2.729781"></trkpt>
<trkpt lat="42.566659" lon="-2.730093"></trkpt>
<trkpt lat="42.566522" lon="-2.730779"></trkpt>
<trkpt lat="42.566307" lon="-2.732667"></trkpt>
<trkpt lat="42.566274" lon="-2.733278"></trkpt>
<trkpt lat="42.566335" lon="-2.733903"></trkpt>
<trkpt lat="42.566509" lon="-2.734813"></trkpt>
<trkpt lat="42.566602" lon="-2.735435"></trkpt>
<trkpt lat="42.566602" lon="-2.736154"></trkpt>
<trkpt lat="42.566558" lon="-2.736779"></trkpt>
<trkpt lat="42.566376" lon="-2.739868"></trkpt>
<trkpt lat="42.566255" lon="-2.741624"></trkpt>
<trkpt lat="42.566252" lon="-2.741679"></trkpt>
<trkpt lat="42.566207" lon="-2.742493"></trkpt>
<trkpt lat="42.566207" lon="-2.743183"></trkpt>
<trkpt lat="42.566277" lon="-2.743985"></trkpt>
<trkpt lat="42.566315" lon="-2.744194"></trkpt>
<trkpt lat="42.566388" lon="-2.744593"></trkpt>
<trkpt lat="42.566580" lon="-2.745276"></trkpt>
<trkpt lat="42.566733" lon="-2.745695"></trkpt>
<trkpt lat="42.567205" lon="-2.746669"></trkpt>
<trkpt lat="42.567921" lon="-2.747941"></trkpt>
<trkpt lat="42.568257" lon="-2.748564"></trkpt>
<trkpt lat="42.569579" lon="-2.750945"></trkpt>
<trkpt lat="42.570685" lon="-2.752914"></trkpt>
<trkpt lat="42.571003" lon="-2.753589"></trkpt>
<trkpt lat="42.571290" lon="-2.754497"></trkpt>
<trkpt lat="42.571388" lon="-2.754980"></trkpt>
<trkpt lat="42.571444" lon="-2.755396"></trkpt>
<trkpt lat="42.571472" lon="-2.755781"></trkpt>
<trkpt lat="42.571471" lon="-2.756551"></trkpt>
<trkpt lat="42.571469" lon="-2.756580"></trkpt>
<trkpt lat="42.571390" lon="-2.757599"></trkpt>
<trkpt lat="42.571472" lon="-2.757923"></trkpt>
<trkpt lat="42.571517" lon="-2.757980"></trkpt>
<trkpt lat="42.571561" lon="-2.758117"></trkpt>
<trkpt lat="42.571563" lon="-2.758192"></trkpt>
<trkpt lat="42.571501" lon="-2.758368"></trkpt>
<trkpt lat="42.571422" lon="-2.758436"></trkpt>
<trkpt lat="42.571287" lon="-2.758783"></trkpt>
<trkpt lat="42.571183" lon="-2.760121"></trkpt>
<trkpt lat="42.571192" lon="-2.760238"></trkpt>
<trkpt lat="42.571178" lon="-2.761106"></trkpt>
<trkpt lat="42.571187" lon="-2.761407"></trkpt>
<trkpt lat="42.571242" lon="-2.761903"></trkpt>
<trkpt lat="42.571350" lon="-2.762480"></trkpt>
<trkpt lat="42.571415" lon="-2.762721"></trkpt>
<trkpt lat="42.571546" lon="-2.763183"></trkpt>
<trkpt lat="42.572010" lon="-2.764503"></trkpt>
<trkpt lat="42.573444" lon="-2.768504"></trkpt>
<trkpt lat="42.575100" lon="-2.773079"></trkpt>
<trkpt lat="42.575620" lon="-2.774570"></trkpt>
<trkpt lat="42.575941" lon="-2.775384"></trkpt>
<trkpt lat="42.576053" lon="-2.775616"></trkpt>
<trkpt lat="42.576201" lon="-2.775888"></trkpt>
<trkpt lat="42.576529" lon="-2.776376"></trkpt>
<trkpt lat="42.577030" lon="-2.776918"></trkpt>
<trkpt lat="42.577408" lon="-2.777220"></trkpt>
<trkpt lat="42.578704" lon="-2.778001"></trkpt>
<trkpt lat="42.579279" lon="-2.778478"></trkpt>
<trkpt lat="42.579679" lon="-2.778938"></trkpt>
<trkpt lat="42.580091" lon="-2.779530"></trkpt>
<trkpt lat="42.581902" lon="-2.782203"></trkpt>
<trkpt lat="42.583224" lon="-2.784084"></trkpt>
<trkpt lat="42.584029" lon="-2.785165"></trkpt>
<trkpt lat="42.584404" lon="-2.785611"></trkpt>
<trkpt lat="42.584864" lon="-2.786085"></trkpt>
<trkpt lat="42.585582" lon="-2.786758"></trkpt>
<trkpt lat="42.586326" lon="-2.787464"></trkpt>
<trkpt lat="42.588041" lon="-2.789156"></trkpt>
<trkpt lat="42.588563" lon="-2.789750"></trkpt>
<trkpt lat="42.588757" lon="-2.790016"></trkpt>
<trkpt lat="42.588834" lon="-2.790178"></trkpt>
<trkpt lat="42.588892" lon="-2.790417"></trkpt>
<trkpt lat="42.588915" lon="-2.790731"></trkpt>
<trkpt lat="42.588932" lon="-2.790963"></trkpt>
<trkpt lat="42.588936" lon="-2.791199"></trkpt>
<trkpt lat="42.588913" lon="-2.791335"></trkpt>
<trkpt lat="42.588759" lon="-2.791907"></trkpt>
<trkpt lat="42.588669" lon="-2.792295"></trkpt>
<trkpt lat="42.588659" lon="-2.792468"></trkpt>
<trkpt lat="42.588693" lon="-2.792679"></trkpt>
<trkpt lat="42.588778" lon="-2.792896"></trkpt>
<trkpt lat="42.588999" lon="-2.793422"></trkpt>
<trkpt lat="42.589140" lon="-2.793848"></trkpt>
<trkpt lat="42.589252" lon="-2.794071"></trkpt>
<trkpt lat="42.589453" lon="-2.794490"></trkpt>
<trkpt lat="42.589482" lon="-2.794559"></trkpt>
<trkpt lat="42.589759" lon="-2.795214"></trkpt>
<trkpt lat="42.589915" lon="-2.795581"></trkpt>
<trkpt lat="42.590001" lon="-2.795800"></trkpt>
<trkpt lat="42.590228" lon="-2.796346"></trkpt>
<trkpt lat="42.590348" lon="-2.796651"></trkpt>
<trkpt lat="42.590585" lon="-2.797201"></trkpt>
<trkpt lat="42.590618" lon="-2.797282"></trkpt>
<trkpt lat="42.591026" lon="-2.798261"></trkpt>
<trkpt lat="42.591127" lon="-2.798509"></trkpt>
<trkpt lat="42.591267" lon="-2.798815"></trkpt>
<trkpt lat="42.591392" lon="-2.799072"></trkpt>
<trkpt lat="42.592063" lon="-2.800044"></trkpt>
<trkpt lat="42.592219" lon="-2.800281"></trkpt>
<trkpt lat="42.592273" lon="-2.800309"></trkpt>
<trkpt lat="42.592301" lon="-2.800377"></trkpt>
<trkpt lat="42.592555" lon="-2.800720"></trkpt>
<trkpt lat="42.593245" lon="-2.801601"></trkpt>
<trkpt lat="42.594079" lon="-2.802488"></trkpt>
<trkpt lat="42.594400" lon="-2.802822"></trkpt>
<trkpt lat="42.594431" lon="-2.802854"></trkpt>
<trkpt lat="42.595413" lon="-2.803888"></trkpt>
<trkpt lat="42.595885" lon="-2.804533"></trkpt>
<trkpt lat="42.596086" lon="-2.804916"></trkpt>
<trkpt lat="42.596865" lon="-2.806696"></trkpt>
<trkpt lat="42.597685" lon="-2.808607"></trkpt>
<trkpt lat="42.597895" lon="-2.809172"></trkpt>
<trkpt lat="42.598080" lon="-2.809854"></trkpt>
<trkpt lat="42.598361" lon="-2.811427"></trkpt>
<trkpt lat="42.598395" lon="-2.812026"></trkpt>
<trkpt lat="42.598280" lon="-2.813952"></trkpt>
<trkpt lat="42.598284" lon="-2.814462"></trkpt>
<trkpt lat="42.598356" lon="-2.815026"></trkpt>
<trkpt lat="42.598428" lon="-2.815334"></trkpt>
<trkpt lat="42.598536" lon="-2.815662"></trkpt>
<trkpt lat="42.598812" lon="-2.816239"></trkpt>
<trkpt lat="42.599085" lon="-2.816646"></trkpt>
<trkpt lat="42.599756" lon="-2.817479"></trkpt>
<trkpt lat="42.600445" lon="-2.818432"></trkpt>
<trkpt lat="42.601127" lon="-2.819463"></trkpt>
<trkpt lat="42.601405" lon="-2.819953"></trkpt>
<trkpt lat="42.601567" lon="-2.820335"></trkpt>
<trkpt lat="42.601694" lon="-2.820707"></trkpt>
<trkpt lat="42.601839" lon="-2.821396"></trkpt>
<trkpt lat="42.601878" lon="-2.821728"></trkpt>
<trkpt lat="42.601995" lon="-2.823424"></trkpt>
<trkpt lat="42.602017" lon="-2.824466"></trkpt>
<trkpt lat="42.601913" lon="-2.828958"></trkpt>
<trkpt lat="42.601909" lon="-2.829158"></trkpt>
<trkpt lat="42.601898" lon="-2.829626"></trkpt>
<trkpt lat="42.601886" lon="-2.830134"></trkpt>
<trkpt lat="42.601883" lon="-2.830326"></trkpt>
<trkpt lat="42.601882" lon="-2.830415"></trkpt>
<trkpt lat="42.601867" lon="-2.831899"></trkpt>
<trkpt lat="42.601850" lon="-2.832790"></trkpt>
<trkpt lat="42.601847" lon="-2.832872"></trkpt>
<trkpt lat="42.601850" lon="-2.833238"></trkpt>
<trkpt lat="42.601903" lon="-2.833616"></trkpt>
<trkpt lat="42.601974" lon="-2.833865"></trkpt>
<trkpt lat="42.602076" lon="-2.834118"></trkpt>
<trkpt lat="42.602264" lon="-2.834419"></trkpt>
<trkpt lat="42.604035" lon="-2.836762"></trkpt>
<trkpt lat="42.604283" lon="-2.837082"></trkpt>
<trkpt lat="42.604508" lon="-2.837377"></trkpt>
<trkpt lat="42.605068" lon="-2.838106"></trkpt>
<trkpt lat="42.605380" lon="-2.838467"></trkpt>
<trkpt lat="42.605405" lon="-2.838474"></trkpt>
<trkpt lat="42.605437" lon="-2.838487"></trkpt>
<trkpt lat="42.605592" lon="-2.838636"></trkpt>
<trkpt lat="42.605665" lon="-2.838874"></trkpt>
<trkpt lat="42.605634" lon="-2.839128"></trkpt>
<trkpt lat="42.605559" lon="-2.839268"></trkpt>
<trkpt lat="42.605451" lon="-2.839361"></trkpt>
<trkpt lat="42.605391" lon="-2.839385"></trkpt>
<trkpt lat="42.605249" lon="-2.839382"></trkpt>
<trkpt lat="42.605006" lon="-2.839396"></trkpt>
<trkpt lat="42.604700" lon="-2.839460"></trkpt>
<trkpt lat="42.604091" lon="-2.839663"></trkpt>
<trkpt lat="42.603303" lon="-2.840043"></trkpt>
<trkpt lat="42.602235" lon="-2.840758"></trkpt>
<trkpt lat="42.602029" lon="-2.840821"></trkpt>
<trkpt lat="42.601623" lon="-2.841063"></trkpt>
<trkpt lat="42.601121" lon="-2.841271"></trkpt>
<trkpt lat="42.600627" lon="-2.841402"></trkpt>
<trkpt lat="42.600268" lon="-2.841445"></trkpt>
<trkpt lat="42.600069" lon="-2.841458"></trkpt>
<trkpt lat="42.599487" lon="-2.841415"></trkpt>
<trkpt lat="42.598110" lon="-2.841061"></trkpt>
<trkpt lat="42.597806" lon="-2.841012"></trkpt>
<trkpt lat="42.597279" lon="-2.840991"></trkpt>
<trkpt lat="42.596735" lon="-2.841053"></trkpt>
<trkpt lat="42.596446" lon="-2.841127"></trkpt>
<trkpt lat="42.595806" lon="-2.841365"></trkpt>
<trkpt lat="42.593566" lon="-2.842368"></trkpt>
<trkpt lat="42.592082" lon="-2.843031"></trkpt>
<trkpt lat="42.591293" lon="-2.843366"></trkpt>
<trkpt lat="42.590228" lon="-2.843720"></trkpt>
<trkpt lat="42.589629" lon="-2.843919"></trkpt>
<trkpt lat="42.589495" lon="-2.843961"></trkpt>
<trkpt lat="42.588138" lon="-2.844422"></trkpt>
<trkpt lat="42.586479" lon="-2.844982"></trkpt>
<trkpt lat="42.586450" lon="-2.844991"></trkpt>
<trkpt lat="42.586302" lon="-2.845105"></trkpt>
<trkpt lat="42.585771" lon="-2.845372"></trkpt>
<trkpt lat="42.585606" lon="-2.845523"></trkpt>
<trkpt lat="42.585443" lon="-2.845775"></trkpt>
<trkpt lat="42.585166" lon="-2.846452"></trkpt>
<trkpt lat="42.584978" lon="-2.846762"></trkpt>
<trkpt lat="42.584947" lon="-2.846841"></trkpt>
<trkpt lat="42.584868" lon="-2.847023"></trkpt>
<trkpt lat="42.584799" lon="-2.847181"></trkpt>
<trkpt lat="42.584713" lon="-2.847324"></trkpt>
<trkpt lat="42.584589" lon="-2.847456"></trkpt>
<trkpt lat="42.584089" lon="-2.847648"></trkpt>
<trkpt lat="42.583858" lon="-2.847726"></trkpt>
<trkpt lat="42.583391" lon="-2.847884"></trkpt>
<trkpt lat="42.583281" lon="-2.847888"></trkpt>
<trkpt lat="42.582636" lon="-2.847598"></trkpt>
<trkpt lat="42.582372" lon="-2.847340"></trkpt>
<trkpt lat="42.582254" lon="-2.847189"></trkpt>
<trkpt lat="42.582155" lon="-2.846958"></trkpt>
<trkpt lat="42.582106" lon="-2.846823"></trkpt>
<trkpt lat="42.581991" lon="-2.846661"></trkpt>
<trkpt lat="42.581914" lon="-2.846632"></trkpt>
<trkpt lat="42.581790" lon="-2.846718"></trkpt>
<trkpt lat="42.581715" lon="-2.846812"></trkpt>
<trkpt lat="42.581541" lon="-2.847098"></trkpt>
<trkpt lat="42.581350" lon="-2.847394"></trkpt>
<trkpt lat="42.581010" lon="-2.847932"></trkpt>
<trkpt lat="42.580801" lon="-2.848255"></trkpt>
<trkpt lat="42.580587" lon="-2.848704"></trkpt>
<trkpt lat="42.580335" lon="-2.849383"></trkpt>
<trkpt lat="42.580315" lon="-2.849435"></trkpt>
<trkpt lat="42.580148" lon="-2.849849"></trkpt>
<trkpt lat="42.580081" lon="-2.849935"></trkpt>
<trkpt lat="42.579927" lon="-2.850056"></trkpt>
<trkpt lat="42.579662" lon="-2.850264"></trkpt>
<trkpt lat="42.579202" lon="-2.850622"></trkpt>
<trkpt lat="42.579133" lon="-2.850659"></trkpt>
<trkpt lat="42.579019" lon="-2.850664"></trkpt>
<trkpt lat="42.578985" lon="-2.851022"></trkpt>
<trkpt lat="42.578910" lon="-2.852201"></trkpt>
<trkpt lat="42.578928" lon="-2.852426"></trkpt>
<trkpt lat="42.579150" lon="-2.852923"></trkpt>
<trkpt lat="42.579381" lon="-2.853396"></trkpt>
<trkpt lat="42.579567" lon="-2.853697"></trkpt>
<trkpt lat="42.580326" lon="-2.855210"></trkpt>
<trkpt lat="42.580670" lon="-2.855708"></trkpt>
<trkpt lat="42.580908" lon="-2.856176"></trkpt>
<trkpt lat="42.581007" lon="-2.856510"></trkpt>
<trkpt lat="42.581062" lon="-2.856848"></trkpt>
<trkpt lat="42.581022" lon="-2.857299"></trkpt>
<trkpt lat="42.581061" lon="-2.857644"></trkpt>
<trkpt lat="42.581115" lon="-2.857876"></trkpt>
<trkpt lat="42.581280" lon="-2.858239"></trkpt>
<trkpt lat="42.581390" lon="-2.858383"></trkpt>
<trkpt lat="42.581493" lon="-2.858459"></trkpt>
<trkpt lat="42.581626" lon="-2.858516"></trkpt>
<trkpt lat="42.581795" lon="-2.858533"></trkpt>
<trkpt lat="42.582042" lon="-2.858497"></trkpt>
<trkpt lat="42.582213" lon="-2.858544"></trkpt>
<trkpt lat="42.583923" lon="-2.859597"></trkpt>
<trkpt lat="42.584672" lon="-2.860097"></trkpt>
<trkpt lat="42.585016" lon="-2.860330"></trkpt>
<trkpt lat="42.585366" lon="-2.860515"></trkpt>
<trkpt lat="42.585511" lon="-2.860553"></trkpt>
<trkpt lat="42.585690" lon="-2.860558"></trkpt>
<trkpt lat="42.585966" lon="-2.860502"></trkpt>
<trkpt lat="42.587442" lon="-2.859854"></trkpt>
<trkpt lat="42.587858" lon="-2.859654"></trkpt>
<trkpt lat="42.588212" lon="-2.859396"></trkpt>
<trkpt lat="42.588387" lon="-2.859344"></trkpt>
<trkpt lat="42.588532" lon="-2.859364"></trkpt>
<trkpt lat="42.588877" lon="-2.859525"></trkpt>
<trkpt lat="42.589001" lon="-2.859617"></trkpt>
<trkpt lat="42.589089" lon="-2.859748"></trkpt>
<trkpt lat="42.589171" lon="-2.860092"></trkpt>
<trkpt lat="42.589230" lon="-2.860948"></trkpt>
<trkpt lat="42.589278" lon="-2.861263"></trkpt>
<trkpt lat="42.589362" lon="-2.861407"></trkpt>
<trkpt lat="42.589515" lon="-2.861524"></trkpt>
<trkpt lat="42.589881" lon="-2.861696"></trkpt>
<trkpt lat="42.590545" lon="-2.861689"></trkpt>
<trkpt lat="42.590627" lon="-2.861698"></trkpt>
<trkpt lat="42.590810" lon="-2.861780"></trkpt>
<trkpt lat="42.590980" lon="-2.861953"></trkpt>
<trkpt lat="42.591315" lon="-2.862419"></trkpt>
<trkpt lat="42.591412" lon="-2.862503"></trkpt>
<trkpt lat="42.591659" lon="-2.862559"></trkpt>
<trkpt lat="42.591763" lon="-2.862533"></trkpt>
<trkpt lat="42.591859" lon="-2.862446"></trkpt>
<trkpt lat="42.591954" lon="-2.862254"></trkpt>
<trkpt lat="42.591984" lon="-2.862039"></trkpt>
<trkpt lat="42.591949" lon="-2.861678"></trkpt>
<trkpt lat="42.591889" lon="-2.861410"></trkpt>
<trkpt lat="42.591882" lon="-2.861123"></trkpt>
<trkpt lat="42.591905" lon="-2.860899"></trkpt>
<trkpt lat="42.591991" lon="-2.860605"></trkpt>
<trkpt lat="42.592168" lon="-2.860311"></trkpt>
<trkpt lat="42.592247" lon="-2.860237"></trkpt>
<trkpt lat="42.592403" lon="-2.860158"></trkpt>
<trkpt lat="42.593083" lon="-2.859985"></trkpt>
<trkpt lat="42.593510" lon="-2.859834"></trkpt>
<trkpt lat="42.593947" lon="-2.859559"></trkpt>
<trkpt lat="42.594158" lon="-2.859370"></trkpt>
<trkpt lat="42.594563" lon="-2.858970"></trkpt>
<trkpt lat="42.594734" lon="-2.858742"></trkpt>
<trkpt lat="42.595034" lon="-2.858297"></trkpt>
<trkpt lat="42.595382" lon="-2.857617"></trkpt>
<trkpt lat="42.595953" lon="-2.856848"></trkpt>
<trkpt lat="42.596048" lon="-2.856724"></trkpt>
<trkpt lat="42.596776" lon="-2.855755"></trkpt>
<trkpt lat="42.597052" lon="-2.855499"></trkpt>
<trkpt lat="42.597544" lon="-2.855205"></trkpt>
<trkpt lat="42.597908" lon="-2.855037"></trkpt>
<trkpt lat="42.598420" lon="-2.854927"></trkpt>
<trkpt lat="42.599228" lon="-2.854845"></trkpt>
<trkpt lat="42.600084" lon="-2.854869"></trkpt>
<trkpt lat="42.600412" lon="-2.854886"></trkpt>
<trkpt lat="42.600932" lon="-2.854802"></trkpt>
<trkpt lat="42.602013" lon="-2.854598"></trkpt>
<trkpt lat="42.602299" lon="-2.854503"></trkpt>
<trkpt lat="42.602422" lon="-2.854434"></trkpt>
<trkpt lat="42.602511" lon="-2.854351"></trkpt>
<trkpt lat="42.602899" lon="-2.853819"></trkpt>
<trkpt lat="42.603143" lon="-2.853108"></trkpt>
<trkpt lat="42.603538" lon="-2.852225"></trkpt>
<trkpt lat="42.603919" lon="-2.851060"></trkpt>
<trkpt lat="42.604067" lon="-2.850744"></trkpt>
<trkpt lat="42.604224" lon="-2.850526"></trkpt>
<trkpt lat="42.605451" lon="-2.849064"></trkpt>
<trkpt lat="42.606362" lon="-2.847553"></trkpt>
<trkpt lat="42.607142" lon="-2.846585"></trkpt>
<trkpt lat="42.607416" lon="-2.846308"></trkpt>
<trkpt lat="42.608325" lon="-2.845701"></trkpt>
<trkpt lat="42.608725" lon="-2.845479"></trkpt>
<trkpt lat="42.608999" lon="-2.845367"></trkpt>
<trkpt lat="42.609702" lon="-2.845192"></trkpt>
<trkpt lat="42.610041" lon="-2.845176"></trkpt>
<trkpt lat="42.610160" lon="-2.845245"></trkpt>
<trkpt lat="42.610254" lon="-2.845354"></trkpt>
<trkpt lat="42.610291" lon="-2.845469"></trkpt>
<trkpt lat="42.610245" lon="-2.846055"></trkpt>
<trkpt lat="42.610295" lon="-2.846341"></trkpt>
<trkpt lat="42.610383" lon="-2.846463"></trkpt>
<trkpt lat="42.610487" lon="-2.846523"></trkpt>
<trkpt lat="42.610591" lon="-2.846542"></trkpt>
<trkpt lat="42.610686" lon="-2.846503"></trkpt>
<trkpt lat="42.610906" lon="-2.846223"></trkpt>
<trkpt lat="42.610996" lon="-2.846180"></trkpt>
<trkpt lat="42.611090" lon="-2.846174"></trkpt>
<trkpt lat="42.611190" lon="-2.846210"></trkpt>
<trkpt lat="42.611444" lon="-2.846417"></trkpt>
<trkpt lat="42.612262" lon="-2.847433"></trkpt>
<trkpt lat="42.612655" lon="-2.847905"></trkpt>
<trkpt lat="42.612851" lon="-2.848084"></trkpt>
<trkpt lat="42.612974" lon="-2.848175"></trkpt>
<trkpt lat="42.613457" lon="-2.848431"></trkpt>
<trkpt lat="42.613947" lon="-2.848816"></trkpt>
<trkpt lat="42.614103" lon="-2.848899"></trkpt>
<trkpt lat="42.614336" lon="-2.848937"></trkpt>
<trkpt lat="42.615335" lon="-2.848794"></trkpt>
<trkpt lat="42.615667" lon="-2.848774"></trkpt>
<trkpt lat="42.616470" lon="-2.848843"></trkpt>
<trkpt lat="42.616786" lon="-2.848869"></trkpt>
<trkpt lat="42.617298" lon="-2.849332"></trkpt>
<trkpt lat="42.617382" lon="-2.849377"></trkpt>
<trkpt lat="42.617625" lon="-2.849428"></trkpt>
<trkpt lat="42.617903" lon="-2.849568"></trkpt>
<trkpt lat="42.618021" lon="-2.849598"></trkpt>
<trkpt lat="42.618146" lon="-2.849584"></trkpt>
<trkpt lat="42.619633" lon="-2.849067"></trkpt>
<trkpt lat="42.619741" lon="-2.849002"></trkpt>
<trkpt lat="42.619872" lon="-2.848874"></trkpt>
<trkpt lat="42.620452" lon="-2.848068"></trkpt>
<trkpt lat="42.621014" lon="-2.847407"></trkpt>
<trkpt lat="42.621817" lon="-2.846643"></trkpt>
<trkpt lat="42.622046" lon="-2.846466"></trkpt>
<trkpt lat="42.622447" lon="-2.846073"></trkpt>
<trkpt lat="42.622738" lon="-2.845623"></trkpt>
<trkpt lat="42.622944" lon="-2.845390"></trkpt>
<trkpt lat="42.623045" lon="-2.845293"></trkpt>
<trkpt lat="42.623382" lon="-2.845095"></trkpt>
<trkpt lat="42.623504" lon="-2.844990"></trkpt>
<trkpt lat="42.623746" lon="-2.844703"></trkpt>
<trkpt lat="42.624010" lon="-2.844531"></trkpt>
<trkpt lat="42.625135" lon="-2.844107"></trkpt>
<trkpt lat="42.625497" lon="-2.844011"></trkpt>
<trkpt lat="42.626002" lon="-2.843982"></trkpt>
<trkpt lat="42.626175" lon="-2.843984"></trkpt>
<trkpt lat="42.626464" lon="-2.844121"></trkpt>
<trkpt lat="42.628008" lon="-2.845302"></trkpt>
<trkpt lat="42.628412" lon="-2.845728"></trkpt>
<trkpt lat="42.628792" lon="-2.846208"></trkpt>
<trkpt lat="42.629327" lon="-2.847004"></trkpt>
<trkpt lat="42.629827" lon="-2.847866"></trkpt>
<trkpt lat="42.630124" lon="-2.848539"></trkpt>
<trkpt lat="42.630247" lon="-2.849124"></trkpt>
<trkpt lat="42.630382" lon="-2.849512"></trkpt>
<trkpt lat="42.630527" lon="-2.850110"></trkpt>
<trkpt lat="42.630799" lon="-2.851015"></trkpt>
<trkpt lat="42.630929" lon="-2.851307"></trkpt>
<trkpt lat="42.631068" lon="-2.851537"></trkpt>
<trkpt lat="42.631571" lon="-2.852268"></trkpt>
<trkpt lat="42.632572" lon="-2.853305"></trkpt>
<trkpt lat="42.633357" lon="-2.854389"></trkpt>
<trkpt lat="42.633480" lon="-2.854507"></trkpt>
<trkpt lat="42.633721" lon="-2.854608"></trkpt>
<trkpt lat="42.634188" lon="-2.854758"></trkpt>
<trkpt lat="42.634420" lon="-2.854909"></trkpt>
<trkpt lat="42.634605" lon="-2.855100"></trkpt>
<trkpt lat="42.635128" lon="-2.855819"></trkpt>
<trkpt lat="42.635781" lon="-2.856637"></trkpt>
<trkpt lat="42.636871" lon="-2.857933"></trkpt>
<trkpt lat="42.636916" lon="-2.858026"></trkpt>
<trkpt lat="42.637012" lon="-2.858265"></trkpt>
<trkpt lat="42.637164" lon="-2.858623"></trkpt>
<trkpt lat="42.637365" lon="-2.858852"></trkpt>
<trkpt lat="42.637686" lon="-2.859164"></trkpt>
<trkpt lat="42.637849" lon="-2.859376"></trkpt>
<trkpt lat="42.637987" lon="-2.859657"></trkpt>
<trkpt lat="42.638086" lon="-2.859945"></trkpt>
<trkpt lat="42.638169" lon="-2.860295"></trkpt>
<trkpt lat="42.638247" lon="-2.861423"></trkpt>
<trkpt lat="42.638361" lon="-2.861822"></trkpt>
<trkpt lat="42.638349" lon="-2.861989"></trkpt>
<trkpt lat="42.638292" lon="-2.862188"></trkpt>
<trkpt lat="42.638163" lon="-2.862499"></trkpt>
<trkpt lat="42.638158" lon="-2.862638"></trkpt>
<trkpt lat="42.638187" lon="-2.862802"></trkpt>
<trkpt lat="42.638163" lon="-2.862998"></trkpt>
<trkpt lat="42.637964" lon="-2.863250"></trkpt>
<trkpt lat="42.637914" lon="-2.863373"></trkpt>
<trkpt lat="42.637913" lon="-2.863588"></trkpt>
<trkpt lat="42.638010" lon="-2.864045"></trkpt>
<trkpt lat="42.638029" lon="-2.864230"></trkpt>
<trkpt lat="42.638003" lon="-2.864517"></trkpt>
<trkpt lat="42.637937" lon="-2.864789"></trkpt>
<trkpt lat="42.637864" lon="-2.864952"></trkpt>
<trkpt lat="42.637569" lon="-2.865289"></trkpt>
<trkpt lat="42.637472" lon="-2.865437"></trkpt>
<trkpt lat="42.637279" lon="-2.865916"></trkpt>
<trkpt lat="42.637259" lon="-2.866064"></trkpt>
<trkpt lat="42.637271" lon="-2.866219"></trkpt>
<trkpt lat="42.637316" lon="-2.866396"></trkpt>
<trkpt lat="42.637479" lon="-2.866794"></trkpt>
<trkpt lat="42.637522" lon="-2.867229"></trkpt>
<trkpt lat="42.637512" lon="-2.867400"></trkpt>
<trkpt lat="42.637379" lon="-2.868234"></trkpt>
<trkpt lat="42.637391" lon="-2.868390"></trkpt>
<trkpt lat="42.637454" lon="-2.868665"></trkpt>
<trkpt lat="42.637474" lon="-2.869089"></trkpt>
<trkpt lat="42.637558" lon="-2.869513"></trkpt>
<trkpt lat="42.637719" lon="-2.869836"></trkpt>
<trkpt lat="42.637756" lon="-2.870007"></trkpt>
<trkpt lat="42.637824" lon="-2.871328"></trkpt>
<trkpt lat="42.637929" lon="-2.871612"></trkpt>
<trkpt lat="42.637962" lon="-2.871947"></trkpt>
<trkpt lat="42.638003" lon="-2.872097"></trkpt>
<trkpt lat="42.638302" lon="-2.872591"></trkpt>
<trkpt lat="42.638462" lon="-2.873222"></trkpt>
<trkpt lat="42.638458" lon="-2.873549"></trkpt>
<trkpt lat="42.638479" lon="-2.873611"></trkpt>
<trkpt lat="42.638554" lon="-2.873731"></trkpt>
<trkpt lat="42.638884" lon="-2.874072"></trkpt>
<trkpt lat="42.638989" lon="-2.874308"></trkpt>
<trkpt lat="42.639262" lon="-2.874753"></trkpt>
<trkpt lat="42.639626" lon="-2.875927"></trkpt>
<trkpt lat="42.640179" lon="-2.877461"></trkpt>
<trkpt lat="42.640612" lon="-2.878208"></trkpt>
<trkpt lat="42.640963" lon="-2.879266"></trkpt>
<trkpt lat="42.641832" lon="-2.880764"></trkpt>
<trkpt lat="42.642309" lon="-2.881299"></trkpt>
<trkpt lat="42.642358" lon="-2.881464"></trkpt>
<trkpt lat="42.642441" lon="-2.882133"></trkpt>
<trkpt lat="42.642511" lon="-2.882494"></trkpt>
<trkpt lat="42.642888" lon="-2.883146"></trkpt>
<trkpt lat="42.642961" lon="-2.883288"></trkpt>
<trkpt lat="42.643007" lon="-2.883450"></trkpt>
<trkpt lat="42.643025" lon="-2.883675"></trkpt>
<trkpt lat="42.642987" lon="-2.884086"></trkpt>
<trkpt lat="42.643008" lon="-2.884249"></trkpt>
<trkpt lat="42.643105" lon="-2.884366"></trkpt>
<trkpt lat="42.643762" lon="-2.884952"></trkpt>
<trkpt lat="42.644047" lon="-2.885376"></trkpt>
<trkpt lat="42.644079" lon="-2.885552"></trkpt>
<trkpt lat="42.643986" lon="-2.885939"></trkpt>
<trkpt lat="42.643990" lon="-2.886010"></trkpt>
<trkpt lat="42.644079" lon="-2.886128"></trkpt>
<trkpt lat="42.644280" lon="-2.886275"></trkpt>
<trkpt lat="42.644309" lon="-2.886323"></trkpt>
<trkpt lat="42.645388" lon="-2.888560"></trkpt>
<trkpt lat="42.645402" lon="-2.888832"></trkpt>
<trkpt lat="42.645319" lon="-2.889245"></trkpt>
<trkpt lat="42.645348" lon="-2.889380"></trkpt>
<trkpt lat="42.645457" lon="-2.889510"></trkpt>
<trkpt lat="42.646110" lon="-2.889824"></trkpt>
<trkpt lat="42.646235" lon="-2.889951"></trkpt>
<trkpt lat="42.647279" lon="-2.892186"></trkpt>
<trkpt lat="42.647301" lon="-2.892364"></trkpt>
<trkpt lat="42.647297" lon="-2.893003"></trkpt>
<trkpt lat="42.647333" lon="-2.893132"></trkpt>
<trkpt lat="42.647409" lon="-2.893231"></trkpt>
<trkpt lat="42.647664" lon="-2.893305"></trkpt>
<trkpt lat="42.647817" lon="-2.893285"></trkpt>
<trkpt lat="42.648063" lon="-2.893201"></trkpt>
<trkpt lat="42.648314" lon="-2.893246"></trkpt>
<trkpt lat="42.648992" lon="-2.893811"></trkpt>
<trkpt lat="42.649110" lon="-2.893950"></trkpt>
<trkpt lat="42.649149" lon="-2.894076"></trkpt>
<trkpt lat="42.649164" lon="-2.894334"></trkpt>
<trkpt lat="42.649224" lon="-2.894497"></trkpt>
<trkpt lat="42.649260" lon="-2.894537"></trkpt>
<trkpt lat="42.649381" lon="-2.894573"></trkpt>
<trkpt lat="42.649594" lon="-2.894550"></trkpt>
<trkpt lat="42.649689" lon="-2.894650"></trkpt>
<trkpt lat="42.649692" lon="-2.894828"></trkpt>
<trkpt lat="42.649635" lon="-2.895255"></trkpt>
<trkpt lat="42.649551" lon="-2.895534"></trkpt>
<trkpt lat="42.649570" lon="-2.895690"></trkpt>
<trkpt lat="42.649682" lon="-2.895811"></trkpt>
<trkpt lat="42.649814" lon="-2.895807"></trkpt>
<trkpt lat="42.650323" lon="-2.895274"></trkpt>
<trkpt lat="42.650396" lon="-2.895259"></trkpt>
<trkpt lat="42.650487" lon="-2.895299"></trkpt>
<trkpt lat="42.650588" lon="-2.895463"></trkpt>
<trkpt lat="42.651158" lon="-2.897042"></trkpt>
<trkpt lat="42.651657" lon="-2.898521"></trkpt>
<trkpt lat="42.651719" lon="-2.898641"></trkpt>
<trkpt lat="42.651892" lon="-2.898844"></trkpt>
<trkpt lat="42.652430" lon="-2.899284"></trkpt>
<trkpt lat="42.652704" lon="-2.899507"></trkpt>
<trkpt lat="42.652963" lon="-2.899717"></trkpt>
<trkpt lat="42.653026" lon="-2.899773"></trkpt>
<trkpt lat="42.653624" lon="-2.900273"></trkpt>
<trkpt lat="42.653628" lon="-2.900276"></trkpt>
<trkpt lat="42.653843" lon="-2.900500"></trkpt>
<trkpt lat="42.653920" lon="-2.900577"></trkpt>
<trkpt lat="42.653983" lon="-2.900663"></trkpt>
<trkpt lat="42.654232" lon="-2.900985"></trkpt>
<trkpt lat="42.654432" lon="-2.901140"></trkpt>
<trkpt lat="42.654817" lon="-2.901349"></trkpt>
<trkpt lat="42.654942" lon="-2.901516"></trkpt>
<trkpt lat="42.655073" lon="-2.901844"></trkpt>
<trkpt lat="42.655230" lon="-2.902183"></trkpt>
<trkpt lat="42.655488" lon="-2.902458"></trkpt>
<trkpt lat="42.655575" lon="-2.902607"></trkpt>
<trkpt lat="42.655753" lon="-2.903109"></trkpt>
<trkpt lat="42.655965" lon="-2.903940"></trkpt>
<trkpt lat="42.655992" lon="-2.904049"></trkpt>
<trkpt lat="42.656030" lon="-2.904206"></trkpt>
<trkpt lat="42.656299" lon="-2.905391"></trkpt>
<trkpt lat="42.656300" lon="-2.905393"></trkpt>
<trkpt lat="42.656724" lon="-2.906541"></trkpt>
<trkpt lat="42.656892" lon="-2.906730"></trkpt>
<trkpt lat="42.657005" lon="-2.906775"></trkpt>
<trkpt lat="42.657052" lon="-2.906826"></trkpt>
<trkpt lat="42.657108" lon="-2.906967"></trkpt>
<trkpt lat="42.657113" lon="-2.907047"></trkpt>
<trkpt lat="42.657224" lon="-2.907376"></trkpt>
<trkpt lat="42.657241" lon="-2.907418"></trkpt>
<trkpt lat="42.659628" lon="-2.913451"></trkpt>
<trkpt lat="42.660005" lon="-2.914405"></trkpt>
<trkpt lat="42.660026" lon="-2.914460"></trkpt>
<trkpt lat="42.660071" lon="-2.914454"></trkpt>
<trkpt lat="42.660178" lon="-2.914696"></trkpt>
<trkpt lat="42.660305" lon="-2.914776"></trkpt>
<trkpt lat="42.660361" lon="-2.914917"></trkpt>
<trkpt lat="42.660346" lon="-2.914952"></trkpt>
<trkpt lat="42.660359" lon="-2.915109"></trkpt>
<trkpt lat="42.660483" lon="-2.915345"></trkpt>
<trkpt lat="42.660454" lon="-2.915381"></trkpt>
<trkpt lat="42.660476" lon="-2.915424"></trkpt>
<trkpt lat="42.660861" lon="-2.916154"></trkpt>
<trkpt lat="42.663172" lon="-2.920519"></trkpt>
<trkpt lat="42.663601" lon="-2.921330"></trkpt>
<trkpt lat="42.663627" lon="-2.921378"></trkpt>
<trkpt lat="42.663553" lon="-2.921448"></trkpt>
<trkpt lat="42.663511" lon="-2.921418"></trkpt>
<trkpt lat="42.663474" lon="-2.921455"></trkpt>
<trkpt lat="42.663681" lon="-2.921610"></trkpt>
<trkpt lat="42.663736" lon="-2.921614"></trkpt>
<trkpt lat="42.663772" lon="-2.921629"></trkpt>
<trkpt lat="42.663857" lon="-2.921719"></trkpt>
<trkpt lat="42.663896" lon="-2.921857"></trkpt>
<trkpt lat="42.663887" lon="-2.921961"></trkpt>
<trkpt lat="42.663909" lon="-2.922247"></trkpt>
<trkpt lat="42.664042" lon="-2.922695"></trkpt>
<trkpt lat="42.664222" lon="-2.924454"></trkpt>
<trkpt lat="42.664294" lon="-2.924800"></trkpt>
<trkpt lat="42.664723" lon="-2.926239"></trkpt>
<trkpt lat="42.664882" lon="-2.927218"></trkpt>
<trkpt lat="42.665051" lon="-2.928622"></trkpt>
<trkpt lat="42.665124" lon="-2.929150"></trkpt>
<trkpt lat="42.665428" lon="-2.930282"></trkpt>
<trkpt lat="42.665635" lon="-2.930849"></trkpt>
<trkpt lat="42.665884" lon="-2.931374"></trkpt>
<trkpt lat="42.666100" lon="-2.931791"></trkpt>
<trkpt lat="42.666137" lon="-2.931860"></trkpt>
<trkpt lat="42.666638" lon="-2.932800"></trkpt>
<trkpt lat="42.666710" lon="-2.932922"></trkpt>
<trkpt lat="42.668253" lon="-2.935377"></trkpt>
<trkpt lat="42.668385" lon="-2.935581"></trkpt>
<trkpt lat="42.668465" lon="-2.935641"></trkpt>
<trkpt lat="42.668505" lon="-2.935753"></trkpt>
<trkpt lat="42.668669" lon="-2.936128"></trkpt>
<trkpt lat="42.668802" lon="-2.936314"></trkpt>
<trkpt lat="42.669313" lon="-2.936987"></trkpt>
<trkpt lat="42.669937" lon="-2.937561"></trkpt>
<trkpt lat="42.671074" lon="-2.938584"></trkpt>
<trkpt lat="42.672085" lon="-2.939546"></trkpt>
<trkpt lat="42.672599" lon="-2.940086"></trkpt>
<trkpt lat="42.673197" lon="-2.940673"></trkpt>
<trkpt lat="42.673995" lon="-2.941480"></trkpt>
<trkpt lat="42.674259" lon="-2.941803"></trkpt>
<trkpt lat="42.674465" lon="-2.942102"></trkpt>
<trkpt lat="42.674746" lon="-2.942552"></trkpt>
<trkpt lat="42.674775" lon="-2.942598"></trkpt>
<trkpt lat="42.675166" lon="-2.943275"></trkpt>
<trkpt lat="42.676148" lon="-2.945447"></trkpt>
<trkpt lat="42.676165" lon="-2.945476"></trkpt>
<trkpt lat="42.676348" lon="-2.945765"></trkpt>
<trkpt lat="42.677113" lon="-2.946755"></trkpt>
<trkpt lat="42.677251" lon="-2.946854"></trkpt>
<trkpt lat="42.677418" lon="-2.946887"></trkpt>
<trkpt lat="42.677521" lon="-2.946853"></trkpt>
<trkpt lat="42.677589" lon="-2.946887"></trkpt>
<trkpt lat="42.677636" lon="-2.946960"></trkpt>
<trkpt lat="42.677654" lon="-2.947071"></trkpt>
<trkpt lat="42.677625" lon="-2.947177"></trkpt>
<trkpt lat="42.677570" lon="-2.947241"></trkpt>
<trkpt lat="42.677546" lon="-2.947375"></trkpt>
<trkpt lat="42.677582" lon="-2.947513"></trkpt>
<trkpt lat="42.677673" lon="-2.947623"></trkpt>
<trkpt lat="42.677939" lon="-2.947943"></trkpt>
<trkpt lat="42.678262" lon="-2.948332"></trkpt>
<trkpt lat="42.678347" lon="-2.948433"></trkpt>
<trkpt lat="42.678413" lon="-2.948512"></trkpt>
<trkpt lat="42.678521" lon="-2.948647"></trkpt>
<trkpt lat="42.678973" lon="-2.949191"></trkpt>
<trkpt lat="42.679181" lon="-2.949518"></trkpt>
<trkpt lat="42.679352" lon="-2.949730"></trkpt>
<trkpt lat="42.679717" lon="-2.950157"></trkpt>
<trkpt lat="42.679942" lon="-2.950378"></trkpt>
<trkpt lat="42.680318" lon="-2.950746"></trkpt>
<trkpt lat="42.680780" lon="-2.951092"></trkpt>
<trkpt lat="42.681116" lon="-2.951426"></trkpt>
<trkpt lat="42.681309" lon="-2.951615"></trkpt>
<trkpt lat="42.681378" lon="-2.951678"></trkpt>
<trkpt lat="42.681550" lon="-2.951795"></trkpt>
<trkpt lat="42.681577" lon="-2.951829"></trkpt>
<trkpt lat="42.681706" lon="-2.951869"></trkpt>
<trkpt lat="42.681878" lon="-2.951866"></trkpt>
<trkpt lat="42.681980" lon="-2.951773"></trkpt>
<trkpt lat="42.682323" lon="-2.951444"></trkpt>
<trkpt lat="42.682503" lon="-2.951339"></trkpt>
<trkpt lat="42.682576" lon="-2.951341"></trkpt>
<trkpt lat="42.682760" lon="-2.951374"></trkpt>
<trkpt lat="42.682876" lon="-2.951404"></trkpt>
<trkpt lat="42.683596" lon="-2.951802"></trkpt>
<trkpt lat="42.683637" lon="-2.951824"></trkpt>
<trkpt lat="42.683528" lon="-2.952139"></trkpt>
<trkpt lat="42.683414" lon="-2.952402"></trkpt>
<trkpt lat="42.683262" lon="-2.952722"></trkpt>
<trkpt lat="42.683241" lon="-2.952770"></trkpt>
<trkpt lat="42.683144" lon="-2.952983"></trkpt>
<trkpt lat="42.683183" lon="-2.953222"></trkpt>
<trkpt lat="42.683175" lon="-2.953699"></trkpt>
<trkpt lat="42.683222" lon="-2.953706"></trkpt>
<trkpt lat="42.684068" lon="-2.953889"></trkpt>
<trkpt lat="42.684120" lon="-2.953891"></trkpt>
<trkpt lat="42.684257" lon="-2.953891"></trkpt>
<trkpt lat="42.684383" lon="-2.953888"></trkpt>
<trkpt lat="42.684640" lon="-2.953868"></trkpt>
<trkpt lat="42.684793" lon="-2.953782"></trkpt>
<trkpt lat="42.684922" lon="-2.953663"></trkpt>
<trkpt lat="42.685017" lon="-2.953591"></trkpt>
<trkpt lat="42.685452" lon="-2.954115"></trkpt>
<trkpt lat="42.685467" lon="-2.954133"></trkpt>
<trkpt lat="42.685830" lon="-2.954404"></trkpt>
<trkpt lat="42.685890" lon="-2.954464"></trkpt>
<trkpt lat="42.685951" lon="-2.954481"></trkpt>
<trkpt lat="42.686445" lon="-2.954813"></trkpt>
<trkpt lat="42.686533" lon="-2.954884"></trkpt>
<trkpt lat="42.686654" lon="-2.954975"></trkpt>
<trkpt lat="42.686610" lon="-2.955100"></trkpt>
<trkpt lat="42.686569" lon="-2.955208"></trkpt>
<trkpt lat="42.686608" lon="-2.955261"></trkpt>
<trkpt lat="42.686609" lon="-2.955371"></trkpt>
<trkpt lat="42.686544" lon="-2.955438"></trkpt>
<trkpt lat="42.686466" lon="-2.955407"></trkpt>
<trkpt lat="42.686413" lon="-2.955458"></trkpt>
<trkpt lat="42.686312" lon="-2.955573"></trkpt>
<trkpt lat="42.686526" lon="-2.956050"></trkpt>
<trkpt lat="42.686584" lon="-2.956180"></trkpt>
<trkpt lat="42.686795" lon="-2.956657"></trkpt>
<trkpt lat="42.686815" lon="-2.956706"></trkpt>
<trkpt lat="42.686917" lon="-2.956906"></trkpt>
<trkpt lat="42.686935" lon="-2.956939"></trkpt>
<trkpt lat="42.686977" lon="-2.957021"></trkpt>
<trkpt lat="42.686990" lon="-2.957052"></trkpt>
<trkpt lat="42.687139" lon="-2.957426"></trkpt>
<trkpt lat="42.687266" lon="-2.957845"></trkpt>
<trkpt lat="42.687698" lon="-2.959284"></trkpt>
<trkpt lat="42.687840" lon="-2.959903"></trkpt>
<trkpt lat="42.687890" lon="-2.960152"></trkpt>
<trkpt lat="42.687929" lon="-2.960353"></trkpt>
<trkpt lat="42.688020" lon="-2.960772"></trkpt>
<trkpt lat="42.688184" lon="-2.961349"></trkpt>
<trkpt lat="42.688779" lon="-2.963212"></trkpt>
<trkpt lat="42.689098" lon="-2.964210"></trkpt>
<trkpt lat="42.689474" lon="-2.965409"></trkpt>
<trkpt lat="42.689693" lon="-2.966109"></trkpt>
<trkpt lat="42.690416" lon="-2.968397"></trkpt>
<trkpt lat="42.690601" lon="-2.968897"></trkpt>
<trkpt lat="42.690809" lon="-2.969338"></trkpt>
<trkpt lat="42.690838" lon="-2.969400"></trkpt>
<trkpt lat="42.690898" lon="-2.969528"></trkpt>
<trkpt lat="42.691128" lon="-2.969842"></trkpt>
<trkpt lat="42.692001" lon="-2.970802"></trkpt>
<trkpt lat="42.693130" lon="-2.972103"></trkpt>
<trkpt lat="42.693380" lon="-2.972392"></trkpt>
<trkpt lat="42.694024" lon="-2.973144"></trkpt>
<trkpt lat="42.695639" lon="-2.975679"></trkpt>
<trkpt lat="42.695833" lon="-2.975911"></trkpt>
<trkpt lat="42.696819" lon="-2.976905"></trkpt>
<trkpt lat="42.697689" lon="-2.977583"></trkpt>
<trkpt lat="42.697944" lon="-2.977809"></trkpt>
<trkpt lat="42.698232" lon="-2.978124"></trkpt>
<trkpt lat="42.698567" lon="-2.978580"></trkpt>
<trkpt lat="42.698852" lon="-2.979035"></trkpt>
<trkpt lat="42.699205" lon="-2.979676"></trkpt>
<trkpt lat="42.699610" lon="-2.980183"></trkpt>
<trkpt lat="42.700034" lon="-2.980646"></trkpt>
<trkpt lat="42.700769" lon="-2.981348"></trkpt>
<trkpt lat="42.700856" lon="-2.981428"></trkpt>
<trkpt lat="42.702349" lon="-2.982869"></trkpt>
<trkpt lat="42.705331" lon="-2.985972"></trkpt>
<trkpt lat="42.707875" lon="-2.988527"></trkpt>
<trkpt lat="42.708422" lon="-2.989085"></trkpt>
<trkpt lat="42.708529" lon="-2.989184"></trkpt>
<trkpt lat="42.708936" lon="-2.989574"></trkpt>
<trkpt lat="42.709147" lon="-2.989699"></trkpt>
<trkpt lat="42.709426" lon="-2.989813"></trkpt>
<trkpt lat="42.709607" lon="-2.989927"></trkpt>
<trkpt lat="42.709801" lon="-2.990072"></trkpt>
<trkpt lat="42.710032" lon="-2.990295"></trkpt>
<trkpt lat="42.710320" lon="-2.990595"></trkpt>
<trkpt lat="42.710696" lon="-2.990891"></trkpt>
<trkpt lat="42.711244" lon="-2.991140"></trkpt>
<trkpt lat="42.711494" lon="-2.991295"></trkpt>
<trkpt lat="42.712217" lon="-2.991902"></trkpt>
<trkpt lat="42.714071" lon="-2.993579"></trkpt>
<trkpt lat="42.717333" lon="-2.996553"></trkpt>
<trkpt lat="42.717614" lon="-2.996818"></trkpt>
<trkpt lat="42.717852" lon="-2.997121"></trkpt>
<trkpt lat="42.718056" lon="-2.997514"></trkpt>
<trkpt lat="42.718229" lon="-2.998004"></trkpt>
<trkpt lat="42.718853" lon="-3.000164"></trkpt>
<trkpt lat="42.719218" lon="-3.001640"></trkpt>
<trkpt lat="42.719522" lon="-3.002984"></trkpt>
<trkpt lat="42.719809" lon="-3.004059"></trkpt>
<trkpt lat="42.720338" lon="-3.005616"></trkpt>
<trkpt lat="42.720568" lon="-3.006324"></trkpt>
<trkpt lat="42.720672" lon="-3.006856"></trkpt>
<trkpt lat="42.720678" lon="-3.007303"></trkpt>
<trkpt lat="42.720566" lon="-3.009054"></trkpt>
<trkpt lat="42.720312" lon="-3.012811"></trkpt>
<trkpt lat="42.720309" lon="-3.013061"></trkpt>
<trkpt lat="42.720343" lon="-3.013406"></trkpt>
<trkpt lat="42.720537" lon="-3.014463"></trkpt>
<trkpt lat="42.720627" lon="-3.014717"></trkpt>
<trkpt lat="42.720742" lon="-3.014852"></trkpt>
<trkpt lat="42.721452" lon="-3.015489"></trkpt>
<trkpt lat="42.721644" lon="-3.015629"></trkpt>
<trkpt lat="42.721854" lon="-3.015672"></trkpt>
<trkpt lat="42.722501" lon="-3.015524"></trkpt>
<trkpt lat="42.722677" lon="-3.015527"></trkpt>
<trkpt lat="42.722782" lon="-3.015560"></trkpt>
<trkpt lat="42.723207" lon="-3.015751"></trkpt>
<trkpt lat="42.723741" lon="-3.016254"></trkpt>
<trkpt lat="42.723928" lon="-3.016371"></trkpt>
<trkpt lat="42.724819" lon="-3.016595"></trkpt>
<trkpt lat="42.725387" lon="-3.016768"></trkpt>
<trkpt lat="42.725749" lon="-3.016951"></trkpt>
<trkpt lat="42.726060" lon="-3.017233"></trkpt>
<trkpt lat="42.726219" lon="-3.017377"></trkpt>
<trkpt lat="42.726605" lon="-3.017586"></trkpt>
<trkpt lat="42.726701" lon="-3.017630"></trkpt>
<trkpt lat="42.726902" lon="-3.017772"></trkpt>
<trkpt lat="42.727020" lon="-3.017962"></trkpt>
<trkpt lat="42.727065" lon="-3.018063"></trkpt>
<trkpt lat="42.727259" lon="-3.018501"></trkpt>
<trkpt lat="42.727437" lon="-3.018749"></trkpt>
<trkpt lat="42.727659" lon="-3.018994"></trkpt>
<trkpt lat="42.728025" lon="-3.019117"></trkpt>
<trkpt lat="42.728077" lon="-3.019161"></trkpt>
<trkpt lat="42.728171" lon="-3.019308"></trkpt>
<trkpt lat="42.728317" lon="-3.019682"></trkpt>
<trkpt lat="42.728423" lon="-3.019853"></trkpt>
<trkpt lat="42.728611" lon="-3.020021"></trkpt>
<trkpt lat="42.729254" lon="-3.020445"></trkpt>
<trkpt lat="42.729407" lon="-3.020578"></trkpt>
<trkpt lat="42.729633" lon="-3.020881"></trkpt>
<trkpt lat="42.729787" lon="-3.021137"></trkpt>
<trkpt lat="42.730152" lon="-3.021901"></trkpt>
<trkpt lat="42.730263" lon="-3.022047"></trkpt>
<trkpt lat="42.730770" lon="-3.022547"></trkpt>
<trkpt lat="42.731178" lon="-3.023143"></trkpt>
<trkpt lat="42.731234" lon="-3.023315"></trkpt>
<trkpt lat="42.731242" lon="-3.023470"></trkpt>
<trkpt lat="42.731144" lon="-3.023982"></trkpt>
<trkpt lat="42.731143" lon="-3.024187"></trkpt>
<trkpt lat="42.731232" lon="-3.024581"></trkpt>
<trkpt lat="42.731349" lon="-3.024828"></trkpt>
<trkpt lat="42.731545" lon="-3.025034"></trkpt>
<trkpt lat="42.731856" lon="-3.025204"></trkpt>
<trkpt lat="42.731971" lon="-3.025298"></trkpt>
<trkpt lat="42.732029" lon="-3.025383"></trkpt>
<trkpt lat="42.732083" lon="-3.025526"></trkpt>
<trkpt lat="42.732128" lon="-3.026064"></trkpt>
<trkpt lat="42.732117" lon="-3.026547"></trkpt>
<trkpt lat="42.732062" lon="-3.027010"></trkpt>
<trkpt lat="42.731920" lon="-3.027361"></trkpt>
<trkpt lat="42.731639" lon="-3.027877"></trkpt>
<trkpt lat="42.731242" lon="-3.028826"></trkpt>
<trkpt lat="42.731156" lon="-3.028978"></trkpt>
<trkpt lat="42.731017" lon="-3.029146"></trkpt>
<trkpt lat="42.730522" lon="-3.029585"></trkpt>
<trkpt lat="42.730388" lon="-3.029725"></trkpt>
<trkpt lat="42.730248" lon="-3.029872"></trkpt>
<trkpt lat="42.729807" lon="-3.030467"></trkpt>
<trkpt lat="42.729717" lon="-3.030611"></trkpt>
<trkpt lat="42.729664" lon="-3.030765"></trkpt>
<trkpt lat="42.729605" lon="-3.031287"></trkpt>
<trkpt lat="42.729567" lon="-3.031911"></trkpt>
<trkpt lat="42.729668" lon="-3.033151"></trkpt>
<trkpt lat="42.729734" lon="-3.034161"></trkpt>
<trkpt lat="42.729707" lon="-3.034453"></trkpt>
<trkpt lat="42.729531" lon="-3.035474"></trkpt>
<trkpt lat="42.729340" lon="-3.036330"></trkpt>
<trkpt lat="42.728832" lon="-3.037982"></trkpt>
<trkpt lat="42.728766" lon="-3.038348"></trkpt>
<trkpt lat="42.728779" lon="-3.038669"></trkpt>
<trkpt lat="42.729006" lon="-3.040013"></trkpt>
<trkpt lat="42.729086" lon="-3.040254"></trkpt>
<trkpt lat="42.729392" lon="-3.040851"></trkpt>
<trkpt lat="42.729449" lon="-3.041044"></trkpt>
<trkpt lat="42.729468" lon="-3.041199"></trkpt>
<trkpt lat="42.729471" lon="-3.041388"></trkpt>
<trkpt lat="42.729450" lon="-3.041509"></trkpt>
<trkpt lat="42.729025" lon="-3.043484"></trkpt>
<trkpt lat="42.728968" lon="-3.043865"></trkpt>
<trkpt lat="42.728978" lon="-3.044020"></trkpt>
<trkpt lat="42.729023" lon="-3.044281"></trkpt>
<trkpt lat="42.729201" lon="-3.044228"></trkpt>
<trkpt lat="42.729663" lon="-3.044177"></trkpt>
<trkpt lat="42.729942" lon="-3.044190"></trkpt>
<trkpt lat="42.730446" lon="-3.044317"></trkpt>
<trkpt lat="42.731428" lon="-3.044683"></trkpt>
<trkpt lat="42.731803" lon="-3.044825"></trkpt>
<trkpt lat="42.732522" lon="-3.045098"></trkpt>
<trkpt lat="42.732886" lon="-3.045236"></trkpt>
<trkpt lat="42.733740" lon="-3.045533"></trkpt>
<trkpt lat="42.734201" lon="-3.045629"></trkpt>
<trkpt lat="42.734662" lon="-3.045660"></trkpt>
<trkpt lat="42.735792" lon="-3.045608"></trkpt>
<trkpt lat="42.735946" lon="-3.045599"></trkpt>
<trkpt lat="42.737196" lon="-3.045527"></trkpt>
<trkpt lat="42.737901" lon="-3.045487"></trkpt>
<trkpt lat="42.737974" lon="-3.045483"></trkpt>
<trkpt lat="42.740370" lon="-3.045354"></trkpt>
<trkpt lat="42.740380" lon="-3.045353"></trkpt>
<trkpt lat="42.740690" lon="-3.045354"></trkpt>
<trkpt lat="42.741213" lon="-3.045407"></trkpt>
<trkpt lat="42.741688" lon="-3.045512"></trkpt>
<trkpt lat="42.742094" lon="-3.045648"></trkpt>
<trkpt lat="42.743146" lon="-3.046130"></trkpt>
<trkpt lat="42.744653" lon="-3.046859"></trkpt>
<trkpt lat="42.745149" lon="-3.047102"></trkpt>
<trkpt lat="42.745539" lon="-3.047323"></trkpt>
<trkpt lat="42.746001" lon="-3.047723"></trkpt>
<trkpt lat="42.746051" lon="-3.047780"></trkpt>
<trkpt lat="42.746327" lon="-3.048129"></trkpt>
<trkpt lat="42.746817" lon="-3.048928"></trkpt>
<trkpt lat="42.747022" lon="-3.049219"></trkpt>
<trkpt lat="42.747286" lon="-3.049484"></trkpt>
<trkpt lat="42.747745" lon="-3.049865"></trkpt>
<trkpt lat="42.748022" lon="-3.050002"></trkpt>
<trkpt lat="42.748150" lon="-3.050030"></trkpt>
<trkpt lat="42.748454" lon="-3.050025"></trkpt>
<trkpt lat="42.748731" lon="-3.049947"></trkpt>
<trkpt lat="42.749002" lon="-3.049758"></trkpt>
<trkpt lat="42.749242" lon="-3.049391"></trkpt>
<trkpt lat="42.749477" lon="-3.048764"></trkpt>
<trkpt lat="42.749624" lon="-3.048376"></trkpt>
<trkpt lat="42.749739" lon="-3.048121"></trkpt>
<trkpt lat="42.749801" lon="-3.048024"></trkpt>
<trkpt lat="42.749894" lon="-3.048104"></trkpt>
<trkpt lat="42.750102" lon="-3.048150"></trkpt>
<trkpt lat="42.750359" lon="-3.048100"></trkpt>
<trkpt lat="42.750472" lon="-3.048190"></trkpt>
<trkpt lat="42.750506" lon="-3.048230"></trkpt>
<trkpt lat="42.750539" lon="-3.048255"></trkpt>
<trkpt lat="42.750701" lon="-3.048266"></trkpt>
<trkpt lat="42.750735" lon="-3.048268"></trkpt>
<trkpt lat="42.750743" lon="-3.048069"></trkpt>
<trkpt lat="42.750786" lon="-3.048042"></trkpt>
<trkpt lat="42.751789" lon="-3.048208"></trkpt>
<trkpt lat="42.751893" lon="-3.048179"></trkpt>
<trkpt lat="42.752063" lon="-3.048062"></trkpt>
<trkpt lat="42.752505" lon="-3.048043"></trkpt>
<trkpt lat="42.752660" lon="-3.048019"></trkpt>
<trkpt lat="42.753445" lon="-3.047909"></trkpt>
<trkpt lat="42.754196" lon="-3.047906"></trkpt>
<trkpt lat="42.754462" lon="-3.047861"></trkpt>
<trkpt lat="42.755110" lon="-3.047650"></trkpt>
<trkpt lat="42.755988" lon="-3.047370"></trkpt>
<trkpt lat="42.756574" lon="-3.047183"></trkpt>
<trkpt lat="42.756650" lon="-3.047104"></trkpt>
<trkpt lat="42.756724" lon="-3.046966"></trkpt>
<trkpt lat="42.756836" lon="-3.046875"></trkpt>
<trkpt lat="42.756855" lon="-3.046894"></trkpt>
<trkpt lat="42.756998" lon="-3.046976"></trkpt>
<trkpt lat="42.757191" lon="-3.046978"></trkpt>
<trkpt lat="42.758589" lon="-3.046542"></trkpt>
<trkpt lat="42.758922" lon="-3.046438"></trkpt>
<trkpt lat="42.759673" lon="-3.046207"></trkpt>
<trkpt lat="42.760536" lon="-3.045951"></trkpt>
<trkpt lat="42.761232" lon="-3.045827"></trkpt>
<trkpt lat="42.761827" lon="-3.045799"></trkpt>
<trkpt lat="42.762409" lon="-3.045833"></trkpt>
<trkpt lat="42.762920" lon="-3.045919"></trkpt>
<trkpt lat="42.764179" lon="-3.046294"></trkpt>
<trkpt lat="42.764487" lon="-3.046418"></trkpt>
<trkpt lat="42.765214" lon="-3.046805"></trkpt>
<trkpt lat="42.765659" lon="-3.046960"></trkpt>
<trkpt lat="42.766093" lon="-3.047031"></trkpt>
<trkpt lat="42.766475" lon="-3.047019"></trkpt>
<trkpt lat="42.766486" lon="-3.047246"></trkpt>
<trkpt lat="42.766454" lon="-3.047499"></trkpt>
<trkpt lat="42.766376" lon="-3.047971"></trkpt>
<trkpt lat="42.766344" lon="-3.048165"></trkpt>
<trkpt lat="42.765919" lon="-3.050833"></trkpt>
<trkpt lat="42.765695" lon="-3.052075"></trkpt>
<trkpt lat="42.763365" lon="-3.063609"></trkpt>
<trkpt lat="42.763201" lon="-3.064946"></trkpt>
<trkpt lat="42.763048" lon="-3.068017"></trkpt>
<trkpt lat="42.763063" lon="-3.068452"></trkpt>
<trkpt lat="42.763256" lon="-3.069654"></trkpt>
<trkpt lat="42.763366" lon="-3.070133"></trkpt>
<trkpt lat="42.763453" lon="-3.070386"></trkpt>
<trkpt lat="42.763560" lon="-3.070625"></trkpt>
<trkpt lat="42.763772" lon="-3.070992"></trkpt>
<trkpt lat="42.764768" lon="-3.072477"></trkpt>
<trkpt lat="42.766625" lon="-3.075231"></trkpt>
<trkpt lat="42.767130" lon="-3.075981"></trkpt>
<trkpt lat="42.767269" lon="-3.076252"></trkpt>
<trkpt lat="42.767622" lon="-3.077452"></trkpt>
<trkpt lat="42.767670" lon="-3.077718"></trkpt>
<trkpt lat="42.767653" lon="-3.078092"></trkpt>
<trkpt lat="42.767669" lon="-3.078765"></trkpt>
<trkpt lat="42.767651" lon="-3.080301"></trkpt>
<trkpt lat="42.767591" lon="-3.080612"></trkpt>
<trkpt lat="42.767432" lon="-3.081040"></trkpt>
<trkpt lat="42.767276" lon="-3.081322"></trkpt>
<trkpt lat="42.767149" lon="-3.081459"></trkpt>
<trkpt lat="42.766635" lon="-3.081848"></trkpt>
<trkpt lat="42.766379" lon="-3.081963"></trkpt>
<trkpt lat="42.765859" lon="-3.082081"></trkpt>
<trkpt lat="42.765616" lon="-3.082125"></trkpt>
<trkpt lat="42.764869" lon="-3.082261"></trkpt>
<trkpt lat="42.763665" lon="-3.082265"></trkpt>
<trkpt lat="42.761901" lon="-3.082449"></trkpt>
<trkpt lat="42.761443" lon="-3.082546"></trkpt>
<trkpt lat="42.761140" lon="-3.082722"></trkpt>
<trkpt lat="42.760926" lon="-3.082943"></trkpt>
<trkpt lat="42.760632" lon="-3.083369"></trkpt>
<trkpt lat="42.760469" lon="-3.083601"></trkpt>
<trkpt lat="42.760216" lon="-3.083821"></trkpt>
<trkpt lat="42.759846" lon="-3.083978"></trkpt>
<trkpt lat="42.759426" lon="-3.084089"></trkpt>
<trkpt lat="42.759260" lon="-3.084182"></trkpt>
<trkpt lat="42.759094" lon="-3.084334"></trkpt>
<trkpt lat="42.759015" lon="-3.084443"></trkpt>
<trkpt lat="42.758883" lon="-3.084717"></trkpt>
<trkpt lat="42.758842" lon="-3.084860"></trkpt>
<trkpt lat="42.758814" lon="-3.084987"></trkpt>
<trkpt lat="42.758796" lon="-3.085339"></trkpt>
<trkpt lat="42.758828" lon="-3.085585"></trkpt>
<trkpt lat="42.758901" lon="-3.085810"></trkpt>
<trkpt lat="42.759040" lon="-3.086082"></trkpt>
<trkpt lat="42.759788" lon="-3.087210"></trkpt>
<trkpt lat="42.759980" lon="-3.087430"></trkpt>
<trkpt lat="42.760154" lon="-3.087560"></trkpt>
<trkpt lat="42.761136" lon="-3.088031"></trkpt>
<trkpt lat="42.761343" lon="-3.088212"></trkpt>
<trkpt lat="42.761557" lon="-3.088528"></trkpt>
<trkpt lat="42.761681" lon="-3.088745"></trkpt>
<trkpt lat="42.761860" lon="-3.088960"></trkpt>
<trkpt lat="42.762007" lon="-3.089063"></trkpt>
<trkpt lat="42.762248" lon="-3.089146"></trkpt>
<trkpt lat="42.762596" lon="-3.089234"></trkpt>
<trkpt lat="42.763183" lon="-3.089388"></trkpt>
<trkpt lat="42.763700" lon="-3.089534"></trkpt>
<trkpt lat="42.763843" lon="-3.089608"></trkpt>
<trkpt lat="42.764157" lon="-3.089845"></trkpt>
<trkpt lat="42.764809" lon="-3.090105"></trkpt>
<trkpt lat="42.764941" lon="-3.090164"></trkpt>
<trkpt lat="42.765013" lon="-3.090206"></trkpt>
<trkpt lat="42.765224" lon="-3.090406"></trkpt>
<trkpt lat="42.765302" lon="-3.090546"></trkpt>
<trkpt lat="42.765473" lon="-3.090949"></trkpt>
<trkpt lat="42.765614" lon="-3.091404"></trkpt>
<trkpt lat="42.765647" lon="-3.091505"></trkpt>
<trkpt lat="42.765878" lon="-3.092240"></trkpt>
<trkpt lat="42.766005" lon="-3.092674"></trkpt>
<trkpt lat="42.766420" lon="-3.094133"></trkpt>
<trkpt lat="42.766533" lon="-3.094670"></trkpt>
<trkpt lat="42.766629" lon="-3.094933"></trkpt>
<trkpt lat="42.766773" lon="-3.095109"></trkpt>
<trkpt lat="42.767186" lon="-3.095362"></trkpt>
<trkpt lat="42.767361" lon="-3.095468"></trkpt>
<trkpt lat="42.767540" lon="-3.095654"></trkpt>
<trkpt lat="42.767649" lon="-3.095865"></trkpt>
<trkpt lat="42.767705" lon="-3.096115"></trkpt>
<trkpt lat="42.767711" lon="-3.096235"></trkpt>
<trkpt lat="42.767608" lon="-3.097144"></trkpt>
<trkpt lat="42.767631" lon="-3.097507"></trkpt>
<trkpt lat="42.767758" lon="-3.097945"></trkpt>
<trkpt lat="42.768004" lon="-3.098879"></trkpt>
<trkpt lat="42.768018" lon="-3.099508"></trkpt>
<trkpt lat="42.768063" lon="-3.099812"></trkpt>
<trkpt lat="42.768133" lon="-3.100187"></trkpt>
<trkpt lat="42.768136" lon="-3.100336"></trkpt>
<trkpt lat="42.768017" lon="-3.101465"></trkpt>
<trkpt lat="42.767923" lon="-3.102314"></trkpt>
<trkpt lat="42.767892" lon="-3.102452"></trkpt>
<trkpt lat="42.767812" lon="-3.102618"></trkpt>
<trkpt lat="42.767398" lon="-3.102976"></trkpt>
<trkpt lat="42.767281" lon="-3.103107"></trkpt>
<trkpt lat="42.767038" lon="-3.103540"></trkpt>
<trkpt lat="42.766824" lon="-3.104085"></trkpt>
<trkpt lat="42.766742" lon="-3.104221"></trkpt>
<trkpt lat="42.766625" lon="-3.104345"></trkpt>
<trkpt lat="42.765679" lon="-3.105138"></trkpt>
<trkpt lat="42.765442" lon="-3.105456"></trkpt>
<trkpt lat="42.765320" lon="-3.105773"></trkpt>
<trkpt lat="42.765295" lon="-3.106029"></trkpt>
<trkpt lat="42.765388" lon="-3.106453"></trkpt>
<trkpt lat="42.765409" lon="-3.106641"></trkpt>
<trkpt lat="42.765408" lon="-3.107794"></trkpt>
<trkpt lat="42.765400" lon="-3.108226"></trkpt>
<trkpt lat="42.765348" lon="-3.108430"></trkpt>
<trkpt lat="42.765084" lon="-3.109138"></trkpt>
<trkpt lat="42.764893" lon="-3.109571"></trkpt>
<trkpt lat="42.764833" lon="-3.109951"></trkpt>
<trkpt lat="42.764809" lon="-3.110150"></trkpt>
<trkpt lat="42.764736" lon="-3.110359"></trkpt>
<trkpt lat="42.764549" lon="-3.110572"></trkpt>
<trkpt lat="42.764273" lon="-3.110803"></trkpt>
<trkpt lat="42.763817" lon="-3.111341"></trkpt>
<trkpt lat="42.763417" lon="-3.111877"></trkpt>
<trkpt lat="42.763190" lon="-3.112196"></trkpt>
<trkpt lat="42.763106" lon="-3.112376"></trkpt>
<trkpt lat="42.762955" lon="-3.112810"></trkpt>
<trkpt lat="42.762512" lon="-3.113462"></trkpt>
<trkpt lat="42.762288" lon="-3.113837"></trkpt>
<trkpt lat="42.762004" lon="-3.114037"></trkpt>
<trkpt lat="42.761771" lon="-3.114262"></trkpt>
<trkpt lat="42.761275" lon="-3.114443"></trkpt>
<trkpt lat="42.760682" lon="-3.114820"></trkpt>
<trkpt lat="42.760567" lon="-3.114935"></trkpt>
<trkpt lat="42.760351" lon="-3.115231"></trkpt>
<trkpt lat="42.760261" lon="-3.115407"></trkpt>
<trkpt lat="42.760139" lon="-3.115772"></trkpt>
<trkpt lat="42.760086" lon="-3.115985"></trkpt>
<trkpt lat="42.759910" lon="-3.117035"></trkpt>
<trkpt lat="42.759851" lon="-3.117534"></trkpt>
<trkpt lat="42.759830" lon="-3.118208"></trkpt>
<trkpt lat="42.759849" lon="-3.118535"></trkpt>
<trkpt lat="42.759969" lon="-3.119358"></trkpt>
<trkpt lat="42.760061" lon="-3.119684"></trkpt>
<trkpt lat="42.760206" lon="-3.119905"></trkpt>
<trkpt lat="42.760586" lon="-3.120180"></trkpt>
<trkpt lat="42.760672" lon="-3.120344"></trkpt>
<trkpt lat="42.760693" lon="-3.120541"></trkpt>
<trkpt lat="42.760660" lon="-3.120700"></trkpt>
<trkpt lat="42.760447" lon="-3.121083"></trkpt>
<trkpt lat="42.760315" lon="-3.121574"></trkpt>
<trkpt lat="42.760026" lon="-3.122068"></trkpt>
<trkpt lat="42.759981" lon="-3.122208"></trkpt>
<trkpt lat="42.759895" lon="-3.122736"></trkpt>
<trkpt lat="42.759622" lon="-3.123308"></trkpt>
<trkpt lat="42.759551" lon="-3.123535"></trkpt>
<trkpt lat="42.759541" lon="-3.123822"></trkpt>
<trkpt lat="42.759568" lon="-3.124439"></trkpt>
<trkpt lat="42.759510" lon="-3.124818"></trkpt>
<trkpt lat="42.759516" lon="-3.125085"></trkpt>
<trkpt lat="42.759605" lon="-3.125434"></trkpt>
<trkpt lat="42.759734" lon="-3.125792"></trkpt>
<trkpt lat="42.760115" lon="-3.126559"></trkpt>
<trkpt lat="42.760144" lon="-3.126691"></trkpt>
<trkpt lat="42.760151" lon="-3.126918"></trkpt>
<trkpt lat="42.759912" lon="-3.128052"></trkpt>
<trkpt lat="42.759628" lon="-3.128811"></trkpt>
<trkpt lat="42.759496" lon="-3.129561"></trkpt>
<trkpt lat="42.759407" lon="-3.129735"></trkpt>
<trkpt lat="42.759075" lon="-3.130063"></trkpt>
<trkpt lat="42.759003" lon="-3.130165"></trkpt>
<trkpt lat="42.758948" lon="-3.130260"></trkpt>
<trkpt lat="42.758869" lon="-3.130505"></trkpt>
<trkpt lat="42.758857" lon="-3.130664"></trkpt>
<trkpt lat="42.758892" lon="-3.130923"></trkpt>
<trkpt lat="42.759008" lon="-3.131164"></trkpt>
<trkpt lat="42.759228" lon="-3.131498"></trkpt>
<trkpt lat="42.759289" lon="-3.131632"></trkpt>
<trkpt lat="42.759336" lon="-3.131875"></trkpt>
<trkpt lat="42.759336" lon="-3.132036"></trkpt>
<trkpt lat="42.759197" lon="-3.134410"></trkpt>
<trkpt lat="42.758958" lon="-3.136085"></trkpt>
<trkpt lat="42.758821" lon="-3.137420"></trkpt>
<trkpt lat="42.758770" lon="-3.137733"></trkpt>
<trkpt lat="42.758649" lon="-3.138096"></trkpt>
<trkpt lat="42.758231" lon="-3.139024"></trkpt>
<trkpt lat="42.758030" lon="-3.139477"></trkpt>
<trkpt lat="42.757952" lon="-3.139820"></trkpt>
<trkpt lat="42.757906" lon="-3.140232"></trkpt>
<trkpt lat="42.757809" lon="-3.141195"></trkpt>
<trkpt lat="42.757748" lon="-3.141400"></trkpt>
<trkpt lat="42.757658" lon="-3.141600"></trkpt>
<trkpt lat="42.757599" lon="-3.142019"></trkpt>
<trkpt lat="42.757649" lon="-3.143929"></trkpt>
<trkpt lat="42.757638" lon="-3.144491"></trkpt>
<trkpt lat="42.757599" lon="-3.144724"></trkpt>
<trkpt lat="42.757428" lon="-3.145372"></trkpt>
<trkpt lat="42.757312" lon="-3.146267"></trkpt>
<trkpt lat="42.757132" lon="-3.147356"></trkpt>
<trkpt lat="42.757121" lon="-3.147445"></trkpt>
<trkpt lat="42.757073" lon="-3.147792"></trkpt>
<trkpt lat="42.757064" lon="-3.148105"></trkpt>
<trkpt lat="42.757106" lon="-3.148328"></trkpt>
<trkpt lat="42.757168" lon="-3.149086"></trkpt>
<trkpt lat="42.757198" lon="-3.149334"></trkpt>
<trkpt lat="42.757403" lon="-3.150071"></trkpt>
<trkpt lat="42.757571" lon="-3.150826"></trkpt>
<trkpt lat="42.758308" lon="-3.152391"></trkpt>
<trkpt lat="42.758594" lon="-3.152997"></trkpt>
<trkpt lat="42.758733" lon="-3.153347"></trkpt>
<trkpt lat="42.759126" lon="-3.154568"></trkpt>
<trkpt lat="42.759209" lon="-3.154702"></trkpt>
<trkpt lat="42.759512" lon="-3.154954"></trkpt>
<trkpt lat="42.759702" lon="-3.155133"></trkpt>
<trkpt lat="42.759845" lon="-3.155335"></trkpt>
<trkpt lat="42.759910" lon="-3.155463"></trkpt>
<trkpt lat="42.760241" lon="-3.156353"></trkpt>
<trkpt lat="42.760507" lon="-3.156897"></trkpt>
<trkpt lat="42.760730" lon="-3.157338"></trkpt>
<trkpt lat="42.760918" lon="-3.157522"></trkpt>
<trkpt lat="42.761112" lon="-3.157596"></trkpt>
<trkpt lat="42.761476" lon="-3.157621"></trkpt>
<trkpt lat="42.761623" lon="-3.157677"></trkpt>
<trkpt lat="42.761866" lon="-3.157834"></trkpt>
<trkpt lat="42.762017" lon="-3.158004"></trkpt>
<trkpt lat="42.762220" lon="-3.158416"></trkpt>
<trkpt lat="42.762843" lon="-3.160317"></trkpt>
<trkpt lat="42.763060" lon="-3.160935"></trkpt>
<trkpt lat="42.763256" lon="-3.161247"></trkpt>
<trkpt lat="42.764106" lon="-3.162384"></trkpt>
<trkpt lat="42.764605" lon="-3.162960"></trkpt>
<trkpt lat="42.764796" lon="-3.163269"></trkpt>
<trkpt lat="42.765245" lon="-3.164560"></trkpt>
<trkpt lat="42.765443" lon="-3.165151"></trkpt>
<trkpt lat="42.765473" lon="-3.165335"></trkpt>
<trkpt lat="42.765483" lon="-3.165627"></trkpt>
<trkpt lat="42.765428" lon="-3.165944"></trkpt>
<trkpt lat="42.765368" lon="-3.166126"></trkpt>
<trkpt lat="42.765277" lon="-3.166299"></trkpt>
<trkpt lat="42.765042" lon="-3.166665"></trkpt>
<trkpt lat="42.764802" lon="-3.167051"></trkpt>
<trkpt lat="42.764684" lon="-3.167325"></trkpt>
<trkpt lat="42.764595" lon="-3.167763"></trkpt>
<trkpt lat="42.764622" lon="-3.168330"></trkpt>
<trkpt lat="42.764766" lon="-3.168856"></trkpt>
<trkpt lat="42.764912" lon="-3.169279"></trkpt>
<trkpt lat="42.765080" lon="-3.169502"></trkpt>
<trkpt lat="42.765547" lon="-3.169871"></trkpt>
<trkpt lat="42.765830" lon="-3.170207"></trkpt>
<trkpt lat="42.766120" lon="-3.170732"></trkpt>
<trkpt lat="42.766300" lon="-3.171288"></trkpt>
<trkpt lat="42.766422" lon="-3.171864"></trkpt>
<trkpt lat="42.766432" lon="-3.172121"></trkpt>
<trkpt lat="42.766160" lon="-3.174671"></trkpt>
<trkpt lat="42.766029" lon="-3.175979"></trkpt>
<trkpt lat="42.765952" lon="-3.176399"></trkpt>
<trkpt lat="42.765867" lon="-3.176853"></trkpt>
<trkpt lat="42.765814" lon="-3.177133"></trkpt>
<trkpt lat="42.765812" lon="-3.177142"></trkpt>
<trkpt lat="42.765770" lon="-3.177372"></trkpt>
<trkpt lat="42.765666" lon="-3.177739"></trkpt>
<trkpt lat="42.765629" lon="-3.177844"></trkpt>
<trkpt lat="42.765507" lon="-3.178256"></trkpt>
<trkpt lat="42.765463" lon="-3.178579"></trkpt>
<trkpt lat="42.765422" lon="-3.181363"></trkpt>
<trkpt lat="42.765453" lon="-3.182033"></trkpt>
<trkpt lat="42.765559" lon="-3.182557"></trkpt>
<trkpt lat="42.765759" lon="-3.183278"></trkpt>
<trkpt lat="42.766610" lon="-3.185291"></trkpt>
<trkpt lat="42.766711" lon="-3.185776"></trkpt>
<trkpt lat="42.766955" lon="-3.187385"></trkpt>
<trkpt lat="42.767030" lon="-3.187704"></trkpt>
<trkpt lat="42.767352" lon="-3.188676"></trkpt>
<trkpt lat="42.767813" lon="-3.190174"></trkpt>
<trkpt lat="42.767861" lon="-3.190605"></trkpt>
<trkpt lat="42.767935" lon="-3.191970"></trkpt>
<trkpt lat="42.767994" lon="-3.192300"></trkpt>
<trkpt lat="42.768127" lon="-3.192580"></trkpt>
<trkpt lat="42.768510" lon="-3.192995"></trkpt>
<trkpt lat="42.768637" lon="-3.193260"></trkpt>
<trkpt lat="42.768694" lon="-3.193473"></trkpt>
<trkpt lat="42.768712" lon="-3.193643"></trkpt>
<trkpt lat="42.768720" lon="-3.193839"></trkpt>
<trkpt lat="42.768774" lon="-3.194192"></trkpt>
<trkpt lat="42.768855" lon="-3.194400"></trkpt>
<trkpt lat="42.769127" lon="-3.194871"></trkpt>
<trkpt lat="42.770145" lon="-3.197925"></trkpt>
<trkpt lat="42.770271" lon="-3.198150"></trkpt>
<trkpt lat="42.770445" lon="-3.198313"></trkpt>
<trkpt lat="42.770555" lon="-3.198359"></trkpt>
<trkpt lat="42.770793" lon="-3.198390"></trkpt>
<trkpt lat="42.770965" lon="-3.198312"></trkpt>
<trkpt lat="42.771174" lon="-3.198164"></trkpt>
<trkpt lat="42.771427" lon="-3.198038"></trkpt>
<trkpt lat="42.771653" lon="-3.198010"></trkpt>
<trkpt lat="42.772472" lon="-3.197996"></trkpt>
<trkpt lat="42.772704" lon="-3.198033"></trkpt>
<trkpt lat="42.772923" lon="-3.198119"></trkpt>
<trkpt lat="42.773388" lon="-3.198432"></trkpt>
<trkpt lat="42.773642" lon="-3.198533"></trkpt>
<trkpt lat="42.773788" lon="-3.198546"></trkpt>
<trkpt lat="42.774173" lon="-3.198499"></trkpt>
<trkpt lat="42.775175" lon="-3.198028"></trkpt>
<trkpt lat="42.775451" lon="-3.197956"></trkpt>
<trkpt lat="42.775894" lon="-3.197957"></trkpt>
<trkpt lat="42.776156" lon="-3.198019"></trkpt>
<trkpt lat="42.776431" lon="-3.198132"></trkpt>
<trkpt lat="42.776790" lon="-3.198385"></trkpt>
<trkpt lat="42.777056" lon="-3.198662"></trkpt>
<trkpt lat="42.777198" lon="-3.198863"></trkpt>
<trkpt lat="42.777381" lon="-3.199181"></trkpt>
<trkpt lat="42.778108" lon="-3.200671"></trkpt>
<trkpt lat="42.778676" lon="-3.201803"></trkpt>
<trkpt lat="42.778770" lon="-3.202050"></trkpt>
<trkpt lat="42.778850" lon="-3.202366"></trkpt>
<trkpt lat="42.779248" lon="-3.203994"></trkpt>
<trkpt lat="42.779624" lon="-3.205566"></trkpt>
<trkpt lat="42.779895" lon="-3.206181"></trkpt>
<trkpt lat="42.779997" lon="-3.206495"></trkpt>
<trkpt lat="42.780384" lon="-3.208129"></trkpt>
<trkpt lat="42.780424" lon="-3.208457"></trkpt>
<trkpt lat="42.780410" lon="-3.208648"></trkpt>
<trkpt lat="42.780307" lon="-3.208982"></trkpt>
<trkpt lat="42.780215" lon="-3.209123"></trkpt>
<trkpt lat="42.779980" lon="-3.209388"></trkpt>
<trkpt lat="42.779842" lon="-3.209667"></trkpt>
<trkpt lat="42.779740" lon="-3.210095"></trkpt>
<trkpt lat="42.779581" lon="-3.211097"></trkpt>
<trkpt lat="42.779372" lon="-3.212345"></trkpt>
<trkpt lat="42.779311" lon="-3.212728"></trkpt>
<trkpt lat="42.779237" lon="-3.213231"></trkpt>
<trkpt lat="42.779143" lon="-3.213835"></trkpt>
<trkpt lat="42.779004" lon="-3.215314"></trkpt>
<trkpt lat="42.778985" lon="-3.215521"></trkpt>
<trkpt lat="42.778907" lon="-3.216359"></trkpt>
<trkpt lat="42.778873" lon="-3.216773"></trkpt>
<trkpt lat="42.778732" lon="-3.218478"></trkpt>
<trkpt lat="42.778696" lon="-3.218879"></trkpt>
<trkpt lat="42.778596" lon="-3.220080"></trkpt>
<trkpt lat="42.778589" lon="-3.220206"></trkpt>
<trkpt lat="42.778588" lon="-3.220305"></trkpt>
<trkpt lat="42.778588" lon="-3.220396"></trkpt>
<trkpt lat="42.778606" lon="-3.220596"></trkpt>
<trkpt lat="42.778723" lon="-3.220983"></trkpt>
<trkpt lat="42.779130" lon="-3.222048"></trkpt>
<trkpt lat="42.779524" lon="-3.223103"></trkpt>
<trkpt lat="42.779544" lon="-3.223161"></trkpt>
<trkpt lat="42.780174" lon="-3.224849"></trkpt>
<trkpt lat="42.781096" lon="-3.227273"></trkpt>
<trkpt lat="42.781448" lon="-3.228197"></trkpt>
<trkpt lat="42.781542" lon="-3.228465"></trkpt>
<trkpt lat="42.781826" lon="-3.229253"></trkpt>
<trkpt lat="42.783138" lon="-3.232671"></trkpt>
<trkpt lat="42.783198" lon="-3.232809"></trkpt>
<trkpt lat="42.784178" lon="-3.235396"></trkpt>
<trkpt lat="42.785208" lon="-3.238127"></trkpt>
<trkpt lat="42.785253" lon="-3.238245"></trkpt>
<trkpt lat="42.787670" lon="-3.244638"></trkpt>
<trkpt lat="42.788648" lon="-3.247284"></trkpt>
<trkpt lat="42.788712" lon="-3.247615"></trkpt>
<trkpt lat="42.788714" lon="-3.248035"></trkpt>
<trkpt lat="42.788648" lon="-3.248439"></trkpt>
<trkpt lat="42.788574" lon="-3.248635"></trkpt>
<trkpt lat="42.788213" lon="-3.249353"></trkpt>
<trkpt lat="42.787639" lon="-3.250409"></trkpt>
<trkpt lat="42.787149" lon="-3.251349"></trkpt>
<trkpt lat="42.786971" lon="-3.251847"></trkpt>
<trkpt lat="42.786905" lon="-3.252198"></trkpt>
<trkpt lat="42.786892" lon="-3.252482"></trkpt>
<trkpt lat="42.786919" lon="-3.252866"></trkpt>
<trkpt lat="42.786974" lon="-3.253182"></trkpt>
<trkpt lat="42.787268" lon="-3.254488"></trkpt>
<trkpt lat="42.787530" lon="-3.255809"></trkpt>
<trkpt lat="42.787848" lon="-3.258170"></trkpt>
<trkpt lat="42.787856" lon="-3.258256"></trkpt>
<trkpt lat="42.787891" lon="-3.258601"></trkpt>
<trkpt lat="42.787898" lon="-3.260219"></trkpt>
<trkpt lat="42.787917" lon="-3.260382"></trkpt>
<trkpt lat="42.788063" lon="-3.261227"></trkpt>
<trkpt lat="42.788122" lon="-3.261456"></trkpt>
<trkpt lat="42.788221" lon="-3.261685"></trkpt>
<trkpt lat="42.788388" lon="-3.261949"></trkpt>
<trkpt lat="42.789990" lon="-3.264211"></trkpt>
<trkpt lat="42.790085" lon="-3.264344"></trkpt>
<trkpt lat="42.790635" lon="-3.265117"></trkpt>
<trkpt lat="42.790700" lon="-3.265206"></trkpt>
<trkpt lat="42.790846" lon="-3.265404"></trkpt>
<trkpt lat="42.791297" lon="-3.266022"></trkpt>
<trkpt lat="42.791584" lon="-3.266280"></trkpt>
<trkpt lat="42.791606" lon="-3.266299"></trkpt>
<trkpt lat="42.791673" lon="-3.266356"></trkpt>
<trkpt lat="42.791891" lon="-3.266596"></trkpt>
<trkpt lat="42.792056" lon="-3.266985"></trkpt>
<trkpt lat="42.792327" lon="-3.267778"></trkpt>
<trkpt lat="42.792434" lon="-3.268091"></trkpt>
<trkpt lat="42.792457" lon="-3.268168"></trkpt>
<trkpt lat="42.792529" lon="-3.268617"></trkpt>
<trkpt lat="42.792558" lon="-3.269106"></trkpt>
<trkpt lat="42.792612" lon="-3.269955"></trkpt>
<trkpt lat="42.792638" lon="-3.270299"></trkpt>
<trkpt lat="42.792692" lon="-3.271152"></trkpt>
<trkpt lat="42.792698" lon="-3.271299"></trkpt>
<trkpt lat="42.792689" lon="-3.271646"></trkpt>
<trkpt lat="42.792612" lon="-3.272083"></trkpt>
<trkpt lat="42.792428" lon="-3.272632"></trkpt>
<trkpt lat="42.792250" lon="-3.273111"></trkpt>
<trkpt lat="42.791977" lon="-3.273770"></trkpt>
<trkpt lat="42.791758" lon="-3.274312"></trkpt>
<trkpt lat="42.791670" lon="-3.274509"></trkpt>
<trkpt lat="42.790937" lon="-3.275530"></trkpt>
<trkpt lat="42.790792" lon="-3.275809"></trkpt>
<trkpt lat="42.790712" lon="-3.276184"></trkpt>
<trkpt lat="42.790672" lon="-3.276977"></trkpt>
<trkpt lat="42.790683" lon="-3.277243"></trkpt>
<trkpt lat="42.790725" lon="-3.277705"></trkpt>
<trkpt lat="42.790939" lon="-3.278811"></trkpt>
<trkpt lat="42.790969" lon="-3.279065"></trkpt>
<trkpt lat="42.791142" lon="-3.281256"></trkpt>
<trkpt lat="42.791139" lon="-3.281516"></trkpt>
<trkpt lat="42.791109" lon="-3.281652"></trkpt>
<trkpt lat="42.790989" lon="-3.282017"></trkpt>
<trkpt lat="42.790863" lon="-3.282303"></trkpt>
<trkpt lat="42.789900" lon="-3.284524"></trkpt>
<trkpt lat="42.789813" lon="-3.284742"></trkpt>
<trkpt lat="42.789744" lon="-3.285078"></trkpt>
<trkpt lat="42.789450" lon="-3.288519"></trkpt>
<trkpt lat="42.788890" lon="-3.294530"></trkpt>
<trkpt lat="42.788529" lon="-3.298450"></trkpt>
<trkpt lat="42.788522" lon="-3.298523"></trkpt>
<trkpt lat="42.788399" lon="-3.299909"></trkpt>
<trkpt lat="42.788390" lon="-3.300467"></trkpt>
<trkpt lat="42.788393" lon="-3.300518"></trkpt>
<trkpt lat="42.788426" lon="-3.300691"></trkpt>
<trkpt lat="42.788739" lon="-3.301742"></trkpt>
<trkpt lat="42.788793" lon="-3.301923"></trkpt>
<trkpt lat="42.788804" lon="-3.301962"></trkpt>
<trkpt lat="42.788966" lon="-3.302507"></trkpt>
<trkpt lat="42.789160" lon="-3.303165"></trkpt>
<trkpt lat="42.789446" lon="-3.304144"></trkpt>
<trkpt lat="42.790063" lon="-3.306246"></trkpt>
<trkpt lat="42.790817" lon="-3.308812"></trkpt>
<trkpt lat="42.790935" lon="-3.309344"></trkpt>
<trkpt lat="42.790924" lon="-3.309676"></trkpt>
<trkpt lat="42.790771" lon="-3.310166"></trkpt>
<trkpt lat="42.789606" lon="-3.312971"></trkpt>
<trkpt lat="42.788749" lon="-3.315020"></trkpt>
<trkpt lat="42.788492" lon="-3.315643"></trkpt>
<trkpt lat="42.788181" lon="-3.316393"></trkpt>
<trkpt lat="42.787244" lon="-3.318671"></trkpt>
<trkpt lat="42.786792" lon="-3.319730"></trkpt>
<trkpt lat="42.786549" lon="-3.320384"></trkpt>
<trkpt lat="42.786461" lon="-3.320704"></trkpt>
<trkpt lat="42.786418" lon="-3.321013"></trkpt>
<trkpt lat="42.786389" lon="-3.321532"></trkpt>
<trkpt lat="42.786347" lon="-3.322286"></trkpt>
<trkpt lat="42.786278" lon="-3.324144"></trkpt>
<trkpt lat="42.786290" lon="-3.324983"></trkpt>
<trkpt lat="42.786338" lon="-3.325643"></trkpt>
<trkpt lat="42.786479" lon="-3.326719"></trkpt>
<trkpt lat="42.786573" lon="-3.327301"></trkpt>
<trkpt lat="42.786686" lon="-3.327837"></trkpt>
<trkpt lat="42.786876" lon="-3.328573"></trkpt>
<trkpt lat="42.789633" lon="-3.338056"></trkpt>
<trkpt lat="42.789809" lon="-3.338390"></trkpt>
<trkpt lat="42.790434" lon="-3.339148"></trkpt>
<trkpt lat="42.791264" lon="-3.340443"></trkpt>
<trkpt lat="42.791444" lon="-3.340777"></trkpt>
<trkpt lat="42.791994" lon="-3.342067"></trkpt>
<trkpt lat="42.792141" lon="-3.342465"></trkpt>
<trkpt lat="42.792296" lon="-3.342978"></trkpt>
<trkpt lat="42.792679" lon="-3.344428"></trkpt>
<trkpt lat="42.792730" lon="-3.344694"></trkpt>
<trkpt lat="42.792757" lon="-3.345177"></trkpt>
<trkpt lat="42.792725" lon="-3.345806"></trkpt>
<trkpt lat="42.792636" lon="-3.346343"></trkpt>
<trkpt lat="42.792568" lon="-3.346611"></trkpt>
<trkpt lat="42.792349" lon="-3.347220"></trkpt>
<trkpt lat="42.792162" lon="-3.347592"></trkpt>
<trkpt lat="42.791548" lon="-3.348522"></trkpt>
<trkpt lat="42.789543" lon="-3.351418"></trkpt>
<trkpt lat="42.789311" lon="-3.351834"></trkpt>
<trkpt lat="42.788836" lon="-3.352993"></trkpt>
<trkpt lat="42.788762" lon="-3.353244"></trkpt>
<trkpt lat="42.788681" lon="-3.353661"></trkpt>
<trkpt lat="42.788646" lon="-3.354180"></trkpt>
<trkpt lat="42.788683" lon="-3.355304"></trkpt>
<trkpt lat="42.788626" lon="-3.357749"></trkpt>
<trkpt lat="42.788545" lon="-3.360700"></trkpt>
<trkpt lat="42.788505" lon="-3.361337"></trkpt>
<trkpt lat="42.788372" lon="-3.361858"></trkpt>
<trkpt lat="42.788364" lon="-3.361882"></trkpt>
<trkpt lat="42.788172" lon="-3.362496"></trkpt>
<trkpt lat="42.788049" lon="-3.362904"></trkpt>
<trkpt lat="42.788019" lon="-3.363253"></trkpt>
<trkpt lat="42.788065" lon="-3.363453"></trkpt>
<trkpt lat="42.788142" lon="-3.363629"></trkpt>
<trkpt lat="42.788320" lon="-3.363888"></trkpt>
<trkpt lat="42.788476" lon="-3.364062"></trkpt>
<trkpt lat="42.788765" lon="-3.364304"></trkpt>
<trkpt lat="42.788935" lon="-3.364436"></trkpt>
<trkpt lat="42.789114" lon="-3.364650"></trkpt>
<trkpt lat="42.789170" lon="-3.364777"></trkpt>
<trkpt lat="42.789205" lon="-3.364987"></trkpt>
<trkpt lat="42.789191" lon="-3.365159"></trkpt>
<trkpt lat="42.788915" lon="-3.365912"></trkpt>
<trkpt lat="42.788644" lon="-3.366630"></trkpt>
<trkpt lat="42.788564" lon="-3.366882"></trkpt>
<trkpt lat="42.788538" lon="-3.367046"></trkpt>
<trkpt lat="42.788529" lon="-3.367184"></trkpt>
<trkpt lat="42.788556" lon="-3.367427"></trkpt>
<trkpt lat="42.788632" lon="-3.367691"></trkpt>
<trkpt lat="42.789164" lon="-3.369025"></trkpt>
<trkpt lat="42.789779" lon="-3.370536"></trkpt>
<trkpt lat="42.789871" lon="-3.370671"></trkpt>
<trkpt lat="42.790101" lon="-3.370886"></trkpt>
<trkpt lat="42.791652" lon="-3.372237"></trkpt>
<trkpt lat="42.791867" lon="-3.372453"></trkpt>
<trkpt lat="42.791956" lon="-3.372573"></trkpt>
<trkpt lat="42.792144" lon="-3.372915"></trkpt>
<trkpt lat="42.792467" lon="-3.373636"></trkpt>
<trkpt lat="42.792509" lon="-3.373733"></trkpt>
<trkpt lat="42.792704" lon="-3.374102"></trkpt>
<trkpt lat="42.792908" lon="-3.374322"></trkpt>
<trkpt lat="42.793807" lon="-3.375066"></trkpt>
<trkpt lat="42.794854" lon="-3.375871"></trkpt>
<trkpt lat="42.795713" lon="-3.376359"></trkpt>
<trkpt lat="42.796167" lon="-3.376659"></trkpt>
<trkpt lat="42.796693" lon="-3.377219"></trkpt>
<trkpt lat="42.796949" lon="-3.377585"></trkpt>
<trkpt lat="42.797220" lon="-3.378164"></trkpt>
<trkpt lat="42.798056" lon="-3.380034"></trkpt>
<trkpt lat="42.798284" lon="-3.380680"></trkpt>
<trkpt lat="42.798600" lon="-3.381736"></trkpt>
<trkpt lat="42.799144" lon="-3.382958"></trkpt>
<trkpt lat="42.799664" lon="-3.384452"></trkpt>
<trkpt lat="42.800050" lon="-3.385213"></trkpt>
<trkpt lat="42.800543" lon="-3.386022"></trkpt>
<trkpt lat="42.800794" lon="-3.386270"></trkpt>
<trkpt lat="42.801297" lon="-3.386549"></trkpt>
<trkpt lat="42.801486" lon="-3.386746"></trkpt>
<trkpt lat="42.801572" lon="-3.386932"></trkpt>
<trkpt lat="42.801631" lon="-3.387242"></trkpt>
<trkpt lat="42.801680" lon="-3.387544"></trkpt>
<trkpt lat="42.801740" lon="-3.387903"></trkpt>
<trkpt lat="42.801762" lon="-3.388038"></trkpt>
<trkpt lat="42.801798" lon="-3.388260"></trkpt>
<trkpt lat="42.801947" lon="-3.389184"></trkpt>
<trkpt lat="42.802155" lon="-3.390290"></trkpt>
<trkpt lat="42.802175" lon="-3.390393"></trkpt>
<trkpt lat="42.802311" lon="-3.390328"></trkpt>
<trkpt lat="42.802660" lon="-3.390250"></trkpt>
<trkpt lat="42.803533" lon="-3.390204"></trkpt>
<trkpt lat="42.804170" lon="-3.390172"></trkpt>
<trkpt lat="42.804657" lon="-3.390145"></trkpt>
<trkpt lat="42.805281" lon="-3.390115"></trkpt>
<trkpt lat="42.805568" lon="-3.390111"></trkpt>
<trkpt lat="42.805680" lon="-3.390120"></trkpt>
<trkpt lat="42.805741" lon="-3.390127"></trkpt>
<trkpt lat="42.805813" lon="-3.390136"></trkpt>
<trkpt lat="42.806073" lon="-3.390220"></trkpt>
<trkpt lat="42.806482" lon="-3.390526"></trkpt>
<trkpt lat="42.806537" lon="-3.390579"></trkpt>
<trkpt lat="42.806628" lon="-3.390664"></trkpt>
<trkpt lat="42.806757" lon="-3.390787"></trkpt>
<trkpt lat="42.806825" lon="-3.390853"></trkpt>
<trkpt lat="42.806894" lon="-3.390921"></trkpt>
<trkpt lat="42.806978" lon="-3.391005"></trkpt>
<trkpt lat="42.807181" lon="-3.391160"></trkpt>
<trkpt lat="42.807643" lon="-3.391605"></trkpt>
<trkpt lat="42.808071" lon="-3.392004"></trkpt>
<trkpt lat="42.808539" lon="-3.392479"></trkpt>
<trkpt lat="42.809316" lon="-3.393180"></trkpt>
<trkpt lat="42.811541" lon="-3.394773"></trkpt>
<trkpt lat="42.813582" lon="-3.396202"></trkpt>
<trkpt lat="42.820363" lon="-3.400991"></trkpt>
<trkpt lat="42.820885" lon="-3.401470"></trkpt>
<trkpt lat="42.821506" lon="-3.402253"></trkpt>
<trkpt lat="42.822308" lon="-3.403302"></trkpt>
<trkpt lat="42.822568" lon="-3.403599"></trkpt>
<trkpt lat="42.822689" lon="-3.403711"></trkpt>
<trkpt lat="42.823316" lon="-3.404199"></trkpt>
<trkpt lat="42.829437" lon="-3.408639"></trkpt>
<trkpt lat="42.829855" lon="-3.408942"></trkpt>
<trkpt lat="42.830204" lon="-3.409194"></trkpt>
<trkpt lat="42.830343" lon="-3.409310"></trkpt>
<trkpt lat="42.830577" lon="-3.409465"></trkpt>
<trkpt lat="42.831033" lon="-3.409800"></trkpt>
<trkpt lat="42.832111" lon="-3.410595"></trkpt>
<trkpt lat="42.835727" lon="-3.413412"></trkpt>
<trkpt lat="42.836979" lon="-3.414382"></trkpt>
<trkpt lat="42.837367" lon="-3.414653"></trkpt>
<trkpt lat="42.837704" lon="-3.414818"></trkpt>
<trkpt lat="42.837880" lon="-3.414872"></trkpt>
<trkpt lat="42.838990" lon="-3.415126"></trkpt>
<trkpt lat="42.839234" lon="-3.415199"></trkpt>
<trkpt lat="42.839531" lon="-3.415329"></trkpt>
<trkpt lat="42.839905" lon="-3.415529"></trkpt>
<trkpt lat="42.840135" lon="-3.415667"></trkpt>
<trkpt lat="42.840424" lon="-3.415895"></trkpt>
<trkpt lat="42.840954" lon="-3.416439"></trkpt>
<trkpt lat="42.841395" lon="-3.417013"></trkpt>
<trkpt lat="42.841623" lon="-3.417387"></trkpt>
<trkpt lat="42.841624" lon="-3.417389"></trkpt>
<trkpt lat="42.841726" lon="-3.417500"></trkpt>
<trkpt lat="42.841822" lon="-3.417566"></trkpt>
<trkpt lat="42.842034" lon="-3.417656"></trkpt>
<trkpt lat="42.842262" lon="-3.417745"></trkpt>
<trkpt lat="42.842523" lon="-3.417888"></trkpt>
<trkpt lat="42.842714" lon="-3.418009"></trkpt>
<trkpt lat="42.842757" lon="-3.418040"></trkpt>
<trkpt lat="42.843296" lon="-3.418480"></trkpt>
<trkpt lat="42.843444" lon="-3.418600"></trkpt>
<trkpt lat="42.843562" lon="-3.418699"></trkpt>
<trkpt lat="42.843975" lon="-3.419045"></trkpt>
<trkpt lat="42.844121" lon="-3.419164"></trkpt>
<trkpt lat="42.844426" lon="-3.419421"></trkpt>
<trkpt lat="42.844871" lon="-3.419794"></trkpt>
<trkpt lat="42.845238" lon="-3.420101"></trkpt>
<trkpt lat="42.845862" lon="-3.420626"></trkpt>
<trkpt lat="42.847296" lon="-3.421825"></trkpt>
<trkpt lat="42.847493" lon="-3.421988"></trkpt>
<trkpt lat="42.847694" lon="-3.422157"></trkpt>
<trkpt lat="42.848616" lon="-3.422932"></trkpt>
<trkpt lat="42.849816" lon="-3.423939"></trkpt>
<trkpt lat="42.850245" lon="-3.424366"></trkpt>
<trkpt lat="42.850507" lon="-3.424714"></trkpt>
<trkpt lat="42.850674" lon="-3.424936"></trkpt>
<trkpt lat="42.851321" lon="-3.425957"></trkpt>
<trkpt lat="42.851755" lon="-3.426653"></trkpt>
<trkpt lat="42.855107" lon="-3.431989"></trkpt>
<trkpt lat="42.855556" lon="-3.432704"></trkpt>
<trkpt lat="42.855679" lon="-3.432906"></trkpt>
<trkpt lat="42.855923" lon="-3.433289"></trkpt>
<trkpt lat="42.856099" lon="-3.433550"></trkpt>
<trkpt lat="42.856305" lon="-3.433792"></trkpt>
<trkpt lat="42.856690" lon="-3.434123"></trkpt>
<trkpt lat="42.857173" lon="-3.434367"></trkpt>
<trkpt lat="42.859837" lon="-3.435130"></trkpt>
<trkpt lat="42.860216" lon="-3.435278"></trkpt>
<trkpt lat="42.860698" lon="-3.435594"></trkpt>
<trkpt lat="42.861666" lon="-3.436611"></trkpt>
<trkpt lat="42.862268" lon="-3.437254"></trkpt>
<trkpt lat="42.863745" lon="-3.438816"></trkpt>
<trkpt lat="42.864233" lon="-3.439278"></trkpt>
<trkpt lat="42.878359" lon="-3.451016"></trkpt>
<trkpt lat="42.879103" lon="-3.451634"></trkpt>
<trkpt lat="42.879679" lon="-3.452110"></trkpt>
<trkpt lat="42.880015" lon="-3.452387"></trkpt>
<trkpt lat="42.880155" lon="-3.452509"></trkpt>
<trkpt lat="42.880604" lon="-3.452877"></trkpt>
<trkpt lat="42.888211" lon="-3.459168"></trkpt>
<trkpt lat="42.888433" lon="-3.459208"></trkpt>
<trkpt lat="42.888500" lon="-3.459223"></trkpt>
<trkpt lat="42.888547" lon="-3.459272"></trkpt>
<trkpt lat="42.888551" lon="-3.459313"></trkpt>
<trkpt lat="42.888516" lon="-3.459418"></trkpt>
<trkpt lat="42.888767" lon="-3.459627"></trkpt>
<trkpt lat="42.888933" lon="-3.459761"></trkpt>
<trkpt lat="42.889627" lon="-3.460330"></trkpt>
<trkpt lat="42.890442" lon="-3.461012"></trkpt>
<trkpt lat="42.891833" lon="-3.462155"></trkpt>
<trkpt lat="42.892546" lon="-3.462748"></trkpt>
<trkpt lat="42.892575" lon="-3.462773"></trkpt>
<trkpt lat="42.893875" lon="-3.463846"></trkpt>
<trkpt lat="42.893922" lon="-3.463885"></trkpt>
<trkpt lat="42.894495" lon="-3.464412"></trkpt>
<trkpt lat="42.895289" lon="-3.465231"></trkpt>
<trkpt lat="42.896509" lon="-3.466484"></trkpt>
<trkpt lat="42.897235" lon="-3.467234"></trkpt>
<trkpt lat="42.897343" lon="-3.467343"></trkpt>
<trkpt lat="42.897406" lon="-3.467407"></trkpt>
<trkpt lat="42.897681" lon="-3.467693"></trkpt>
<trkpt lat="42.899703" lon="-3.469772"></trkpt>
<trkpt lat="42.900070" lon="-3.470117"></trkpt>
<trkpt lat="42.900434" lon="-3.470385"></trkpt>
<trkpt lat="42.901043" lon="-3.470712"></trkpt>
<trkpt lat="42.905859" lon="-3.472989"></trkpt>
<trkpt lat="42.906283" lon="-3.473190"></trkpt>
<trkpt lat="42.906621" lon="-3.473348"></trkpt>
<trkpt lat="42.906779" lon="-3.473419"></trkpt>
<trkpt lat="42.906842" lon="-3.473451"></trkpt>
<trkpt lat="42.907095" lon="-3.473570"></trkpt>
<trkpt lat="42.907892" lon="-3.473952"></trkpt>
<trkpt lat="42.909872" lon="-3.474880"></trkpt>
<trkpt lat="42.910815" lon="-3.475329"></trkpt>
<trkpt lat="42.911479" lon="-3.475646"></trkpt>
<trkpt lat="42.912538" lon="-3.476117"></trkpt>
<trkpt lat="42.913290" lon="-3.476363"></trkpt>
<trkpt lat="42.913875" lon="-3.476517"></trkpt>
<trkpt lat="42.914805" lon="-3.476699"></trkpt>
<trkpt lat="42.917117" lon="-3.477111"></trkpt>
<trkpt lat="42.917250" lon="-3.477136"></trkpt>
<trkpt lat="42.918930" lon="-3.477423"></trkpt>
<trkpt lat="42.919818" lon="-3.477562"></trkpt>
<trkpt lat="42.921226" lon="-3.477781"></trkpt>
<trkpt lat="42.921990" lon="-3.477902"></trkpt>
<trkpt lat="42.922381" lon="-3.477964"></trkpt>
<trkpt lat="42.923978" lon="-3.478219"></trkpt>
<trkpt lat="42.924570" lon="-3.478313"></trkpt>
<trkpt lat="42.926555" lon="-3.478632"></trkpt>
<trkpt lat="42.926921" lon="-3.478692"></trkpt>
<trkpt lat="42.927461" lon="-3.478777"></trkpt>
<trkpt lat="42.927630" lon="-3.478804"></trkpt>
<trkpt lat="42.928326" lon="-3.478921"></trkpt>
<trkpt lat="42.928399" lon="-3.478937"></trkpt>
<trkpt lat="42.928593" lon="-3.478973"></trkpt>
<trkpt lat="42.928733" lon="-3.479074"></trkpt>
<trkpt lat="42.928861" lon="-3.479265"></trkpt>
<trkpt lat="42.928918" lon="-3.479453"></trkpt>
<trkpt lat="42.928926" lon="-3.479555"></trkpt>
<trkpt lat="42.928994" lon="-3.480128"></trkpt>
<trkpt lat="42.929059" lon="-3.480932"></trkpt>
<trkpt lat="42.929089" lon="-3.481232"></trkpt>
<trkpt lat="42.929137" lon="-3.481453"></trkpt>
<trkpt lat="42.929168" lon="-3.481555"></trkpt>
<trkpt lat="42.929228" lon="-3.481718"></trkpt>
<trkpt lat="42.929370" lon="-3.482015"></trkpt>
<trkpt lat="42.929546" lon="-3.482378"></trkpt>
<trkpt lat="42.929673" lon="-3.482643"></trkpt>
<trkpt lat="42.929718" lon="-3.482735"></trkpt>
<trkpt lat="42.929775" lon="-3.482855"></trkpt>
<trkpt lat="42.929909" lon="-3.483128"></trkpt>
<trkpt lat="42.930047" lon="-3.483413"></trkpt>
<trkpt lat="42.930333" lon="-3.484017"></trkpt>
<trkpt lat="42.930363" lon="-3.484079"></trkpt>
<trkpt lat="42.930433" lon="-3.484225"></trkpt>
<trkpt lat="42.930519" lon="-3.484403"></trkpt>
<trkpt lat="42.930702" lon="-3.484695"></trkpt>
<trkpt lat="42.930751" lon="-3.484761"></trkpt>
<trkpt lat="42.930850" lon="-3.484863"></trkpt>
<trkpt lat="42.931128" lon="-3.485160"></trkpt>
<trkpt lat="42.931135" lon="-3.485170"></trkpt>
<trkpt lat="42.931203" lon="-3.485253"></trkpt>
<trkpt lat="42.931399" lon="-3.485526"></trkpt>
<trkpt lat="42.931520" lon="-3.485689"></trkpt>
<trkpt lat="42.931555" lon="-3.485732"></trkpt>
<trkpt lat="42.931617" lon="-3.485812"></trkpt>
<trkpt lat="42.931711" lon="-3.485924"></trkpt>
<trkpt lat="42.931847" lon="-3.486016"></trkpt>
<trkpt lat="42.932042" lon="-3.486089"></trkpt>
<trkpt lat="42.932094" lon="-3.486099"></trkpt>
<trkpt lat="42.932244" lon="-3.486083"></trkpt>
<trkpt lat="42.932365" lon="-3.486058"></trkpt>
<trkpt lat="42.932501" lon="-3.486031"></trkpt>
<trkpt lat="42.932493" lon="-3.485962"></trkpt>
<trkpt lat="42.932471" lon="-3.485748"></trkpt>
<trkpt lat="42.932457" lon="-3.485637"></trkpt>
<trkpt lat="42.932714" lon="-3.485583"></trkpt>
<trkpt lat="42.932982" lon="-3.485533"></trkpt>
<trkpt lat="42.933372" lon="-3.485389"></trkpt>
<trkpt lat="42.933795" lon="-3.485266"></trkpt>
<trkpt lat="42.933846" lon="-3.485252"></trkpt>
<trkpt lat="42.934403" lon="-3.485134"></trkpt>
<trkpt lat="42.934457" lon="-3.485123"></trkpt>
<trkpt lat="42.934462" lon="-3.485177"></trkpt>
<trkpt lat="42.934520" lon="-3.485165"></trkpt>
<trkpt lat="42.934535" lon="-3.485299"></trkpt>
<trkpt lat="42.934554" lon="-3.485479"></trkpt>
<trkpt lat="42.934592" lon="-3.485471"></trkpt>
<trkpt lat="42.934609" lon="-3.485598"></trkpt>
<trkpt lat="42.935009" lon="-3.485517"></trkpt>
<trkpt lat="42.935376" lon="-3.485438"></trkpt>
<trkpt lat="42.935552" lon="-3.485400"></trkpt>
<trkpt lat="42.935642" lon="-3.485385"></trkpt>
<trkpt lat="42.935842" lon="-3.485339"></trkpt>
<trkpt lat="42.935882" lon="-3.485330"></trkpt>
<trkpt lat="42.936179" lon="-3.485266"></trkpt>
<trkpt lat="42.936283" lon="-3.485246"></trkpt>
<trkpt lat="42.936317" lon="-3.485239"></trkpt>
<trkpt lat="42.936969" lon="-3.485105"></trkpt>
<trkpt lat="42.937226" lon="-3.485053"></trkpt>
<trkpt lat="42.937502" lon="-3.484993"></trkpt>
<trkpt lat="42.937525" lon="-3.484989"></trkpt>
<trkpt lat="42.937702" lon="-3.484952"></trkpt>
<trkpt lat="42.937792" lon="-3.484934"></trkpt>
<trkpt lat="42.938093" lon="-3.484873"></trkpt>
<trkpt lat="42.938226" lon="-3.484846"></trkpt>
<trkpt lat="42.938924" lon="-3.484697"></trkpt>
<trkpt lat="42.939954" lon="-3.484479"></trkpt>
<trkpt lat="42.940056" lon="-3.484459"></trkpt>
<trkpt lat="42.941212" lon="-3.484229"></trkpt>
<trkpt lat="42.941353" lon="-3.484205"></trkpt>
<trkpt lat="42.941577" lon="-3.484156"></trkpt>
<trkpt lat="42.941623" lon="-3.484147"></trkpt>
<trkpt lat="42.942097" lon="-3.484056"></trkpt>
<trkpt lat="42.942642" lon="-3.483947"></trkpt>
<trkpt lat="42.942733" lon="-3.483930"></trkpt>
<trkpt lat="42.942873" lon="-3.483900"></trkpt>
<trkpt lat="42.943067" lon="-3.483862"></trkpt>
<trkpt lat="42.943089" lon="-3.483856"></trkpt>
<trkpt lat="42.943253" lon="-3.483833"></trkpt>
<trkpt lat="42.943290" lon="-3.483826"></trkpt>
<trkpt lat="42.943866" lon="-3.483697"></trkpt>
<trkpt lat="42.945011" lon="-3.483476"></trkpt>
<trkpt lat="42.945195" lon="-3.483450"></trkpt>
<trkpt lat="42.947221" lon="-3.483049"></trkpt>
<trkpt lat="42.949601" lon="-3.482562"></trkpt>
<trkpt lat="42.950079" lon="-3.482464"></trkpt>
<trkpt lat="42.951982" lon="-3.482092"></trkpt>
<trkpt lat="42.952631" lon="-3.481962"></trkpt>
<trkpt lat="42.954053" lon="-3.481674"></trkpt>
<trkpt lat="42.954800" lon="-3.481529"></trkpt>
<trkpt lat="42.956167" lon="-3.481279"></trkpt>
<trkpt lat="42.959876" lon="-3.480473"></trkpt>
<trkpt lat="42.960609" lon="-3.480191"></trkpt>
<trkpt lat="42.963622" lon="-3.479112"></trkpt>
<trkpt lat="42.963908" lon="-3.479039"></trkpt>
<trkpt lat="42.964056" lon="-3.479032"></trkpt>
<trkpt lat="42.964261" lon="-3.479033"></trkpt>
<trkpt lat="42.964623" lon="-3.479135"></trkpt>
<trkpt lat="42.966646" lon="-3.479903"></trkpt>
<trkpt lat="42.967065" lon="-3.480084"></trkpt>
<trkpt lat="42.967442" lon="-3.480221"></trkpt>
<trkpt lat="42.967900" lon="-3.480424"></trkpt>
<trkpt lat="42.969527" lon="-3.480928"></trkpt>
<trkpt lat="42.970876" lon="-3.481196"></trkpt>
<trkpt lat="42.971154" lon="-3.481221"></trkpt>
<trkpt lat="42.971549" lon="-3.481175"></trkpt>
<trkpt lat="42.971821" lon="-3.481095"></trkpt>
<trkpt lat="42.972347" lon="-3.480715"></trkpt>
<trkpt lat="42.972601" lon="-3.480624"></trkpt>
<trkpt lat="42.972818" lon="-3.480593"></trkpt>
<trkpt lat="42.973055" lon="-3.480614"></trkpt>
<trkpt lat="42.973364" lon="-3.480689"></trkpt>
<trkpt lat="42.974133" lon="-3.480882"></trkpt>
<trkpt lat="42.975561" lon="-3.481039"></trkpt>
<trkpt lat="42.975751" lon="-3.481125"></trkpt>
<trkpt lat="42.975915" lon="-3.481243"></trkpt>
<trkpt lat="42.976082" lon="-3.481425"></trkpt>
<trkpt lat="42.976432" lon="-3.481908"></trkpt>
<trkpt lat="42.976585" lon="-3.482037"></trkpt>
<trkpt lat="42.976664" lon="-3.482103"></trkpt>
<trkpt lat="42.977007" lon="-3.482245"></trkpt>
<trkpt lat="42.977480" lon="-3.482405"></trkpt>
<trkpt lat="42.977977" lon="-3.482644"></trkpt>
<trkpt lat="42.978454" lon="-3.482898"></trkpt>
<trkpt lat="42.978872" lon="-3.483171"></trkpt>
<trkpt lat="42.979630" lon="-3.483749"></trkpt>
<trkpt lat="42.979698" lon="-3.483809"></trkpt>
<trkpt lat="42.979894" lon="-3.483980"></trkpt>
<trkpt lat="42.980485" lon="-3.484590"></trkpt>
<trkpt lat="42.981315" lon="-3.485546"></trkpt>
<trkpt lat="42.981443" lon="-3.485780"></trkpt>
<trkpt lat="42.981541" lon="-3.486049"></trkpt>
<trkpt lat="42.981633" lon="-3.486436"></trkpt>
<trkpt lat="42.981724" lon="-3.486714"></trkpt>
<trkpt lat="42.981851" lon="-3.486957"></trkpt>
<trkpt lat="42.982135" lon="-3.487296"></trkpt>
<trkpt lat="42.982302" lon="-3.487442"></trkpt>
<trkpt lat="42.982467" lon="-3.487538"></trkpt>
<trkpt lat="42.982686" lon="-3.487599"></trkpt>
<trkpt lat="42.982958" lon="-3.487608"></trkpt>
<trkpt lat="42.983403" lon="-3.487547"></trkpt>
<trkpt lat="42.983751" lon="-3.487457"></trkpt>
<trkpt lat="42.984029" lon="-3.487337"></trkpt>
<trkpt lat="42.984240" lon="-3.487198"></trkpt>
<trkpt lat="42.984777" lon="-3.486741"></trkpt>
<trkpt lat="42.985006" lon="-3.486602"></trkpt>
<trkpt lat="42.985345" lon="-3.486500"></trkpt>
<trkpt lat="42.987149" lon="-3.486517"></trkpt>
<trkpt lat="42.988809" lon="-3.486549"></trkpt>
<trkpt lat="42.989200" lon="-3.486525"></trkpt>
<trkpt lat="42.990178" lon="-3.486282"></trkpt>
<trkpt lat="42.991253" lon="-3.485992"></trkpt>
<trkpt lat="42.991315" lon="-3.485975"></trkpt>
<trkpt lat="42.992291" lon="-3.485715"></trkpt>
<trkpt lat="42.992542" lon="-3.485641"></trkpt>
<trkpt lat="42.993395" lon="-3.485407"></trkpt>
<trkpt lat="42.994068" lon="-3.485219"></trkpt>
<trkpt lat="42.994732" lon="-3.484994"></trkpt>
<trkpt lat="42.995147" lon="-3.484789"></trkpt>
<trkpt lat="42.995901" lon="-3.484351"></trkpt>
<trkpt lat="42.996019" lon="-3.484282"></trkpt>
<trkpt lat="42.996405" lon="-3.484095"></trkpt>
<trkpt lat="42.996848" lon="-3.483931"></trkpt>
<trkpt lat="42.997297" lon="-3.483839"></trkpt>
<trkpt lat="42.999248" lon="-3.483579"></trkpt>
<trkpt lat="43.000345" lon="-3.483439"></trkpt>
<trkpt lat="43.001278" lon="-3.483318"></trkpt>
<trkpt lat="43.001449" lon="-3.483294"></trkpt>
<trkpt lat="43.002850" lon="-3.483100"></trkpt>
<trkpt lat="43.003231" lon="-3.483047"></trkpt>
<trkpt lat="43.003614" lon="-3.482993"></trkpt>
<trkpt lat="43.004300" lon="-3.482900"></trkpt>
<trkpt lat="43.004983" lon="-3.482806"></trkpt>
<trkpt lat="43.006271" lon="-3.482626"></trkpt>
<trkpt lat="43.006898" lon="-3.482537"></trkpt>
<trkpt lat="43.007134" lon="-3.482504"></trkpt>
<trkpt lat="43.007176" lon="-3.482498"></trkpt>
<trkpt lat="43.007247" lon="-3.482488"></trkpt>
<trkpt lat="43.007765" lon="-3.482414"></trkpt>
<trkpt lat="43.009240" lon="-3.482217"></trkpt>
<trkpt lat="43.009692" lon="-3.482213"></trkpt>
<trkpt lat="43.009934" lon="-3.482250"></trkpt>
<trkpt lat="43.010508" lon="-3.482381"></trkpt>
<trkpt lat="43.013047" lon="-3.482932"></trkpt>
<trkpt lat="43.013103" lon="-3.482944"></trkpt>
<trkpt lat="43.013725" lon="-3.483081"></trkpt>
<trkpt lat="43.013931" lon="-3.483128"></trkpt>
<trkpt lat="43.014550" lon="-3.483259"></trkpt>
<trkpt lat="43.014778" lon="-3.483311"></trkpt>
<trkpt lat="43.014933" lon="-3.483339"></trkpt>
<trkpt lat="43.015394" lon="-3.483416"></trkpt>
<trkpt lat="43.016220" lon="-3.483432"></trkpt>
<trkpt lat="43.016535" lon="-3.483432"></trkpt>
<trkpt lat="43.018488" lon="-3.483454"></trkpt>
<trkpt lat="43.019009" lon="-3.483379"></trkpt>
<trkpt lat="43.019518" lon="-3.483259"></trkpt>
<trkpt lat="43.019635" lon="-3.483272"></trkpt>
<trkpt lat="43.020286" lon="-3.483473"></trkpt>
<trkpt lat="43.020408" lon="-3.483485"></trkpt>
<trkpt lat="43.021028" lon="-3.483411"></trkpt>
<trkpt lat="43.021204" lon="-3.483414"></trkpt>
<trkpt lat="43.021380" lon="-3.483463"></trkpt>
<trkpt lat="43.022818" lon="-3.484064"></trkpt>
<trkpt lat="43.023190" lon="-3.484183"></trkpt>
<trkpt lat="43.023698" lon="-3.484269"></trkpt>
<trkpt lat="43.024259" lon="-3.484333"></trkpt>
<trkpt lat="43.024543" lon="-3.484366"></trkpt>
<trkpt lat="43.025089" lon="-3.484381"></trkpt>
<trkpt lat="43.025654" lon="-3.484296"></trkpt>
<trkpt lat="43.027289" lon="-3.484007"></trkpt>
<trkpt lat="43.027422" lon="-3.483984"></trkpt>
<trkpt lat="43.028195" lon="-3.483840"></trkpt>
<trkpt lat="43.029696" lon="-3.483587"></trkpt>
<trkpt lat="43.030757" lon="-3.483397"></trkpt>
<trkpt lat="43.030957" lon="-3.483361"></trkpt>
<trkpt lat="43.031092" lon="-3.483336"></trkpt>
<trkpt lat="43.033417" lon="-3.482919"></trkpt>
<trkpt lat="43.035452" lon="-3.482557"></trkpt>
<trkpt lat="43.035526" lon="-3.482539"></trkpt>
<trkpt lat="43.035736" lon="-3.482498"></trkpt>
<trkpt lat="43.036267" lon="-3.482341"></trkpt>
<trkpt lat="43.036875" lon="-3.482139"></trkpt>
<trkpt lat="43.037007" lon="-3.482095"></trkpt>
<trkpt lat="43.037410" lon="-3.481984"></trkpt>
<trkpt lat="43.037861" lon="-3.481980"></trkpt>
<trkpt lat="43.038201" lon="-3.482065"></trkpt>
<trkpt lat="43.038491" lon="-3.482227"></trkpt>
<trkpt lat="43.038858" lon="-3.482533"></trkpt>
<trkpt lat="43.039689" lon="-3.483284"></trkpt>
<trkpt lat="43.040141" lon="-3.483649"></trkpt>
<trkpt lat="43.040498" lon="-3.483803"></trkpt>
<trkpt lat="43.040521" lon="-3.483812"></trkpt>
<trkpt lat="43.040753" lon="-3.483900"></trkpt>
<trkpt lat="43.045458" lon="-3.485381"></trkpt>
<trkpt lat="43.046676" lon="-3.485767"></trkpt>
<trkpt lat="43.047190" lon="-3.485935"></trkpt>
<trkpt lat="43.047733" lon="-3.486103"></trkpt>
<trkpt lat="43.047995" lon="-3.485988"></trkpt>
<trkpt lat="43.048094" lon="-3.485826"></trkpt>
<trkpt lat="43.048195" lon="-3.485784"></trkpt>
<trkpt lat="43.048297" lon="-3.485809"></trkpt>
<trkpt lat="43.048323" lon="-3.485827"></trkpt>
<trkpt lat="43.048406" lon="-3.485944"></trkpt>
<trkpt lat="43.048434" lon="-3.486102"></trkpt>
<trkpt lat="43.048418" lon="-3.486207"></trkpt>
<trkpt lat="43.048490" lon="-3.486333"></trkpt>
<trkpt lat="43.048622" lon="-3.486435"></trkpt>
<trkpt lat="43.049354" lon="-3.486837"></trkpt>
<trkpt lat="43.050060" lon="-3.487372"></trkpt>
<trkpt lat="43.050299" lon="-3.487572"></trkpt>
<trkpt lat="43.050595" lon="-3.487825"></trkpt>
<trkpt lat="43.051201" lon="-3.488344"></trkpt>
<trkpt lat="43.054226" lon="-3.490915"></trkpt>
<trkpt lat="43.054805" lon="-3.491346"></trkpt>
<trkpt lat="43.055286" lon="-3.491620"></trkpt>
<trkpt lat="43.056035" lon="-3.491991"></trkpt>
<trkpt lat="43.056241" lon="-3.492061"></trkpt>
<trkpt lat="43.056521" lon="-3.492108"></trkpt>
<trkpt lat="43.056926" lon="-3.492098"></trkpt>
<trkpt lat="43.058175" lon="-3.491834"></trkpt>
<trkpt lat="43.058402" lon="-3.491824"></trkpt>
<trkpt lat="43.058771" lon="-3.491916"></trkpt>
<trkpt lat="43.058971" lon="-3.492025"></trkpt>
<trkpt lat="43.058978" lon="-3.492029"></trkpt>
<trkpt lat="43.059143" lon="-3.492163"></trkpt>
<trkpt lat="43.059288" lon="-3.492328"></trkpt>
<trkpt lat="43.059590" lon="-3.492812"></trkpt>
<trkpt lat="43.059764" lon="-3.493120"></trkpt>
<trkpt lat="43.059875" lon="-3.493320"></trkpt>
<trkpt lat="43.059911" lon="-3.493384"></trkpt>
<trkpt lat="43.060315" lon="-3.494111"></trkpt>
<trkpt lat="43.060950" lon="-3.495254"></trkpt>
<trkpt lat="43.061718" lon="-3.496641"></trkpt>
<trkpt lat="43.061845" lon="-3.496870"></trkpt>
<trkpt lat="43.062417" lon="-3.497888"></trkpt>
<trkpt lat="43.062678" lon="-3.498277"></trkpt>
<trkpt lat="43.063030" lon="-3.498685"></trkpt>
<trkpt lat="43.064070" lon="-3.499908"></trkpt>
<trkpt lat="43.064491" lon="-3.500403"></trkpt>
<trkpt lat="43.065300" lon="-3.501418"></trkpt>
<trkpt lat="43.065832" lon="-3.502125"></trkpt>
<trkpt lat="43.065922" lon="-3.502259"></trkpt>
<trkpt lat="43.066057" lon="-3.502526"></trkpt>
<trkpt lat="43.066124" lon="-3.502750"></trkpt>
<trkpt lat="43.066192" lon="-3.503121"></trkpt>
<trkpt lat="43.066360" lon="-3.504955"></trkpt>
<trkpt lat="43.066387" lon="-3.505230"></trkpt>
<trkpt lat="43.066512" lon="-3.506311"></trkpt>
<trkpt lat="43.066734" lon="-3.507640"></trkpt>
<trkpt lat="43.067064" lon="-3.509046"></trkpt>
<trkpt lat="43.067244" lon="-3.509460"></trkpt>
<trkpt lat="43.067361" lon="-3.509654"></trkpt>
<trkpt lat="43.068857" lon="-3.511475"></trkpt>
<trkpt lat="43.069164" lon="-3.511976"></trkpt>
<trkpt lat="43.069286" lon="-3.512280"></trkpt>
<trkpt lat="43.069450" lon="-3.512841"></trkpt>
<trkpt lat="43.069693" lon="-3.514931"></trkpt>
<trkpt lat="43.069716" lon="-3.515169"></trkpt>
<trkpt lat="43.069794" lon="-3.516171"></trkpt>
<trkpt lat="43.069845" lon="-3.518441"></trkpt>
<trkpt lat="43.069923" lon="-3.520831"></trkpt>
<trkpt lat="43.070086" lon="-3.522712"></trkpt>
<trkpt lat="43.070176" lon="-3.523650"></trkpt>
<trkpt lat="43.070270" lon="-3.524168"></trkpt>
<trkpt lat="43.070474" lon="-3.524766"></trkpt>
<trkpt lat="43.070747" lon="-3.525329"></trkpt>
<trkpt lat="43.070970" lon="-3.525923"></trkpt>
<trkpt lat="43.071125" lon="-3.526501"></trkpt>
<trkpt lat="43.071321" lon="-3.527383"></trkpt>
<trkpt lat="43.072613" lon="-3.533199"></trkpt>
<trkpt lat="43.072763" lon="-3.533885"></trkpt>
<trkpt lat="43.072802" lon="-3.534061"></trkpt>
<trkpt lat="43.072820" lon="-3.534143"></trkpt>
<trkpt lat="43.072888" lon="-3.534469"></trkpt>
<trkpt lat="43.073297" lon="-3.536357"></trkpt>
<trkpt lat="43.073400" lon="-3.536853"></trkpt>
<trkpt lat="43.073500" lon="-3.537338"></trkpt>
<trkpt lat="43.073768" lon="-3.538633"></trkpt>
<trkpt lat="43.073786" lon="-3.538721"></trkpt>
<trkpt lat="43.073820" lon="-3.538880"></trkpt>
<trkpt lat="43.073830" lon="-3.538928"></trkpt>
<trkpt lat="43.073934" lon="-3.539433"></trkpt>
<trkpt lat="43.073990" lon="-3.539671"></trkpt>
<trkpt lat="43.074093" lon="-3.540037"></trkpt>
<trkpt lat="43.074244" lon="-3.540402"></trkpt>
<trkpt lat="43.074627" lon="-3.541245"></trkpt>
<trkpt lat="43.074681" lon="-3.541361"></trkpt>
<trkpt lat="43.074879" lon="-3.541802"></trkpt>
<trkpt lat="43.075130" lon="-3.542353"></trkpt>
<trkpt lat="43.075315" lon="-3.542887"></trkpt>
<trkpt lat="43.075834" lon="-3.544530"></trkpt>
<trkpt lat="43.075884" lon="-3.544716"></trkpt>
<trkpt lat="43.075911" lon="-3.544966"></trkpt>
<trkpt lat="43.075899" lon="-3.545317"></trkpt>
<trkpt lat="43.075857" lon="-3.545641"></trkpt>
<trkpt lat="43.075674" lon="-3.546165"></trkpt>
<trkpt lat="43.075645" lon="-3.546357"></trkpt>
<trkpt lat="43.075585" lon="-3.547008"></trkpt>
<trkpt lat="43.075568" lon="-3.547147"></trkpt>
<trkpt lat="43.075426" lon="-3.547835"></trkpt>
<trkpt lat="43.075387" lon="-3.548214"></trkpt>
<trkpt lat="43.075426" lon="-3.548570"></trkpt>
<trkpt lat="43.075515" lon="-3.548916"></trkpt>
<trkpt lat="43.075558" lon="-3.549068"></trkpt>
<trkpt lat="43.075590" lon="-3.549184"></trkpt>
<trkpt lat="43.075615" lon="-3.549270"></trkpt>
<trkpt lat="43.075674" lon="-3.549482"></trkpt>
<trkpt lat="43.075690" lon="-3.549537"></trkpt>
<trkpt lat="43.075716" lon="-3.549630"></trkpt>
<trkpt lat="43.075779" lon="-3.549854"></trkpt>
<trkpt lat="43.075822" lon="-3.549991"></trkpt>
<trkpt lat="43.075985" lon="-3.550573"></trkpt>
<trkpt lat="43.076162" lon="-3.551203"></trkpt>
<trkpt lat="43.076226" lon="-3.551585"></trkpt>
<trkpt lat="43.076285" lon="-3.551855"></trkpt>
<trkpt lat="43.076341" lon="-3.551937"></trkpt>
<trkpt lat="43.076432" lon="-3.551992"></trkpt>
<trkpt lat="43.076684" lon="-3.552058"></trkpt>
<trkpt lat="43.076884" lon="-3.552100"></trkpt>
<trkpt lat="43.076955" lon="-3.552114"></trkpt>
<trkpt lat="43.077025" lon="-3.552128"></trkpt>
<trkpt lat="43.077479" lon="-3.552229"></trkpt>
<trkpt lat="43.077554" lon="-3.552248"></trkpt>
<trkpt lat="43.077939" lon="-3.552339"></trkpt>
<trkpt lat="43.078158" lon="-3.552401"></trkpt>
<trkpt lat="43.078327" lon="-3.552511"></trkpt>
<trkpt lat="43.078440" lon="-3.552651"></trkpt>
<trkpt lat="43.078564" lon="-3.552869"></trkpt>
<trkpt lat="43.078966" lon="-3.553553"></trkpt>
<trkpt lat="43.079133" lon="-3.553795"></trkpt>
<trkpt lat="43.079304" lon="-3.554145"></trkpt>
<trkpt lat="43.079342" lon="-3.554232"></trkpt>
<trkpt lat="43.079547" lon="-3.554679"></trkpt>
<trkpt lat="43.079664" lon="-3.554886"></trkpt>
<trkpt lat="43.080267" lon="-3.555492"></trkpt>
<trkpt lat="43.080300" lon="-3.555525"></trkpt>
<trkpt lat="43.080429" lon="-3.555661"></trkpt>
<trkpt lat="43.081042" lon="-3.556263"></trkpt>
<trkpt lat="43.081248" lon="-3.556401"></trkpt>
<trkpt lat="43.081557" lon="-3.556530"></trkpt>
<trkpt lat="43.082334" lon="-3.556805"></trkpt>
<trkpt lat="43.084105" lon="-3.557434"></trkpt>
<trkpt lat="43.084301" lon="-3.557451"></trkpt>
<trkpt lat="43.084484" lon="-3.557414"></trkpt>
<trkpt lat="43.085017" lon="-3.557225"></trkpt>
<trkpt lat="43.085355" lon="-3.557157"></trkpt>
<trkpt lat="43.085504" lon="-3.557162"></trkpt>
<trkpt lat="43.085864" lon="-3.557150"></trkpt>
<trkpt lat="43.086188" lon="-3.557028"></trkpt>
<trkpt lat="43.087367" lon="-3.556463"></trkpt>
<trkpt lat="43.087567" lon="-3.556444"></trkpt>
<trkpt lat="43.087724" lon="-3.556473"></trkpt>
<trkpt lat="43.087960" lon="-3.556612"></trkpt>
<trkpt lat="43.088550" lon="-3.557063"></trkpt>
<trkpt lat="43.088794" lon="-3.557197"></trkpt>
<trkpt lat="43.089202" lon="-3.557357"></trkpt>
<trkpt lat="43.089333" lon="-3.557451"></trkpt>
<trkpt lat="43.089480" lon="-3.557588"></trkpt>
<trkpt lat="43.090292" lon="-3.558546"></trkpt>
<trkpt lat="43.092476" lon="-3.560858"></trkpt>
<trkpt lat="43.094451" lon="-3.562956"></trkpt>
<trkpt lat="43.094651" lon="-3.563133"></trkpt>
<trkpt lat="43.096237" lon="-3.564000"></trkpt>
<trkpt lat="43.096597" lon="-3.564171"></trkpt>
<trkpt lat="43.096885" lon="-3.564237"></trkpt>
<trkpt lat="43.096990" lon="-3.564265"></trkpt>
<trkpt lat="43.097085" lon="-3.564332"></trkpt>
<trkpt lat="43.097184" lon="-3.564448"></trkpt>
<trkpt lat="43.097288" lon="-3.564615"></trkpt>
<trkpt lat="43.097365" lon="-3.564771"></trkpt>
<trkpt lat="43.097662" lon="-3.565589"></trkpt>
<trkpt lat="43.097866" lon="-3.566082"></trkpt>
<trkpt lat="43.097981" lon="-3.566257"></trkpt>
<trkpt lat="43.098824" lon="-3.567471"></trkpt>
<trkpt lat="43.099081" lon="-3.567837"></trkpt>
<trkpt lat="43.099500" lon="-3.568373"></trkpt>
<trkpt lat="43.099844" lon="-3.568741"></trkpt>
<trkpt lat="43.101166" lon="-3.569956"></trkpt>
<trkpt lat="43.101602" lon="-3.570508"></trkpt>
<trkpt lat="43.101773" lon="-3.570665"></trkpt>
<trkpt lat="43.102153" lon="-3.570909"></trkpt>
<trkpt lat="43.102878" lon="-3.571527"></trkpt>
<trkpt lat="43.103285" lon="-3.571694"></trkpt>
<trkpt lat="43.103758" lon="-3.571761"></trkpt>
<trkpt lat="43.103958" lon="-3.571864"></trkpt>
<trkpt lat="43.106994" lon="-3.574604"></trkpt>
<trkpt lat="43.111062" lon="-3.578293"></trkpt>
<trkpt lat="43.113238" lon="-3.580261"></trkpt>
<trkpt lat="43.113707" lon="-3.580688"></trkpt>
<trkpt lat="43.115027" lon="-3.581879"></trkpt>
<trkpt lat="43.115353" lon="-3.582041"></trkpt>
<trkpt lat="43.116340" lon="-3.582319"></trkpt>
<trkpt lat="43.116432" lon="-3.582373"></trkpt>
<trkpt lat="43.116563" lon="-3.582536"></trkpt>
<trkpt lat="43.116657" lon="-3.582699"></trkpt>
<trkpt lat="43.116904" lon="-3.583052"></trkpt>
<trkpt lat="43.117172" lon="-3.583355"></trkpt>
<trkpt lat="43.117537" lon="-3.583768"></trkpt>
<trkpt lat="43.117730" lon="-3.584084"></trkpt>
<trkpt lat="43.117875" lon="-3.584386"></trkpt>
<trkpt lat="43.118015" lon="-3.584693"></trkpt>
<trkpt lat="43.118039" lon="-3.584844"></trkpt>
<trkpt lat="43.118013" lon="-3.584934"></trkpt>
<trkpt lat="43.117697" lon="-3.585297"></trkpt>
<trkpt lat="43.117625" lon="-3.585449"></trkpt>
<trkpt lat="43.117611" lon="-3.585638"></trkpt>
<trkpt lat="43.117709" lon="-3.586805"></trkpt>
<trkpt lat="43.117740" lon="-3.587367"></trkpt>
<trkpt lat="43.117642" lon="-3.588001"></trkpt>
<trkpt lat="43.117506" lon="-3.588812"></trkpt>
<trkpt lat="43.117492" lon="-3.588970"></trkpt>
<trkpt lat="43.117522" lon="-3.589233"></trkpt>
<trkpt lat="43.117578" lon="-3.589441"></trkpt>
<trkpt lat="43.117705" lon="-3.589842"></trkpt>
<trkpt lat="43.117738" lon="-3.589949"></trkpt>
<trkpt lat="43.117822" lon="-3.590311"></trkpt>
<trkpt lat="43.117804" lon="-3.591210"></trkpt>
<trkpt lat="43.117820" lon="-3.591874"></trkpt>
<trkpt lat="43.117852" lon="-3.592164"></trkpt>
<trkpt lat="43.117919" lon="-3.592753"></trkpt>
<trkpt lat="43.118082" lon="-3.593943"></trkpt>
<trkpt lat="43.118104" lon="-3.594080"></trkpt>
<trkpt lat="43.118145" lon="-3.594329"></trkpt>
<trkpt lat="43.118167" lon="-3.594705"></trkpt>
<trkpt lat="43.118157" lon="-3.594873"></trkpt>
<trkpt lat="43.118120" lon="-3.595302"></trkpt>
<trkpt lat="43.117972" lon="-3.596787"></trkpt>
<trkpt lat="43.117983" lon="-3.597248"></trkpt>
<trkpt lat="43.118124" lon="-3.598212"></trkpt>
<trkpt lat="43.118180" lon="-3.598468"></trkpt>
<trkpt lat="43.118239" lon="-3.598574"></trkpt>
<trkpt lat="43.118313" lon="-3.598634"></trkpt>
<trkpt lat="43.119868" lon="-3.598879"></trkpt>
<trkpt lat="43.120078" lon="-3.598953"></trkpt>
<trkpt lat="43.120232" lon="-3.599079"></trkpt>
<trkpt lat="43.120358" lon="-3.599350"></trkpt>
<trkpt lat="43.120790" lon="-3.600709"></trkpt>
<trkpt lat="43.121248" lon="-3.601469"></trkpt>
<trkpt lat="43.121309" lon="-3.601651"></trkpt>
<trkpt lat="43.121370" lon="-3.601955"></trkpt>
<trkpt lat="43.121565" lon="-3.602572"></trkpt>
<trkpt lat="43.121652" lon="-3.602943"></trkpt>
<trkpt lat="43.121737" lon="-3.603438"></trkpt>
<trkpt lat="43.121805" lon="-3.604185"></trkpt>
<trkpt lat="43.121869" lon="-3.604628"></trkpt>
<trkpt lat="43.122039" lon="-3.605203"></trkpt>
<trkpt lat="43.122176" lon="-3.605472"></trkpt>
<trkpt lat="43.122349" lon="-3.605677"></trkpt>
<trkpt lat="43.122881" lon="-3.606167"></trkpt>
<trkpt lat="43.123199" lon="-3.606418"></trkpt>
<trkpt lat="43.123888" lon="-3.606796"></trkpt>
<trkpt lat="43.123973" lon="-3.606842"></trkpt>
<trkpt lat="43.124158" lon="-3.607099"></trkpt>
<trkpt lat="43.124797" lon="-3.608847"></trkpt>
<trkpt lat="43.124929" lon="-3.609560"></trkpt>
<trkpt lat="43.124968" lon="-3.609828"></trkpt>
<trkpt lat="43.125050" lon="-3.610948"></trkpt>
<trkpt lat="43.125080" lon="-3.612106"></trkpt>
<trkpt lat="43.124882" lon="-3.613093"></trkpt>
<trkpt lat="43.124816" lon="-3.613732"></trkpt>
<trkpt lat="43.124866" lon="-3.614188"></trkpt>
<trkpt lat="43.125116" lon="-3.615378"></trkpt>
<trkpt lat="43.125151" lon="-3.616206"></trkpt>
<trkpt lat="43.125144" lon="-3.616581"></trkpt>
<trkpt lat="43.125090" lon="-3.616900"></trkpt>
<trkpt lat="43.125029" lon="-3.617095"></trkpt>
<trkpt lat="43.124950" lon="-3.617689"></trkpt>
<trkpt lat="43.124683" lon="-3.619122"></trkpt>
<trkpt lat="43.124583" lon="-3.619384"></trkpt>
<trkpt lat="43.124473" lon="-3.619861"></trkpt>
<trkpt lat="43.124357" lon="-3.620676"></trkpt>
<trkpt lat="43.124366" lon="-3.621320"></trkpt>
<trkpt lat="43.124271" lon="-3.621478"></trkpt>
<trkpt lat="43.123949" lon="-3.621699"></trkpt>
<trkpt lat="43.123851" lon="-3.621737"></trkpt>
<trkpt lat="43.123203" lon="-3.621795"></trkpt>
<trkpt lat="43.123149" lon="-3.621819"></trkpt>
<trkpt lat="43.123077" lon="-3.621998"></trkpt>
<trkpt lat="43.123097" lon="-3.622184"></trkpt>
<trkpt lat="43.123257" lon="-3.622549"></trkpt>
<trkpt lat="43.123634" lon="-3.623952"></trkpt>
<trkpt lat="43.124220" lon="-3.625907"></trkpt>
<trkpt lat="43.124252" lon="-3.626068"></trkpt>
<trkpt lat="43.124159" lon="-3.627890"></trkpt>
<trkpt lat="43.124320" lon="-3.628462"></trkpt>
<trkpt lat="43.124454" lon="-3.629343"></trkpt>
<trkpt lat="43.124412" lon="-3.630392"></trkpt>
<trkpt lat="43.124488" lon="-3.631058"></trkpt>
<trkpt lat="43.124489" lon="-3.631886"></trkpt>
<trkpt lat="43.124522" lon="-3.632233"></trkpt>
<trkpt lat="43.124751" lon="-3.633686"></trkpt>
<trkpt lat="43.124796" lon="-3.634377"></trkpt>
<trkpt lat="43.124865" lon="-3.634569"></trkpt>
<trkpt lat="43.125102" lon="-3.635050"></trkpt>
<trkpt lat="43.125188" lon="-3.635288"></trkpt>
<trkpt lat="43.125308" lon="-3.635827"></trkpt>
<trkpt lat="43.125336" lon="-3.636284"></trkpt>
<trkpt lat="43.125158" lon="-3.636633"></trkpt>
<trkpt lat="43.124487" lon="-3.637243"></trkpt>
<trkpt lat="43.124373" lon="-3.637439"></trkpt>
<trkpt lat="43.124205" lon="-3.637955"></trkpt>
<trkpt lat="43.123947" lon="-3.638553"></trkpt>
<trkpt lat="43.123177" lon="-3.640148"></trkpt>
<trkpt lat="43.122929" lon="-3.640872"></trkpt>
<trkpt lat="43.122780" lon="-3.641209"></trkpt>
<trkpt lat="43.121831" lon="-3.642658"></trkpt>
<trkpt lat="43.121211" lon="-3.643523"></trkpt>
<trkpt lat="43.121011" lon="-3.643848"></trkpt>
<trkpt lat="43.120879" lon="-3.644176"></trkpt>
<trkpt lat="43.120378" lon="-3.646026"></trkpt>
<trkpt lat="43.119904" lon="-3.647893"></trkpt>
<trkpt lat="43.119823" lon="-3.648094"></trkpt>
<trkpt lat="43.119632" lon="-3.648427"></trkpt>
<trkpt lat="43.119622" lon="-3.648495"></trkpt>
<trkpt lat="43.119611" lon="-3.648571"></trkpt>
<trkpt lat="43.119634" lon="-3.648683"></trkpt>
<trkpt lat="43.119711" lon="-3.648883"></trkpt>
<trkpt lat="43.120001" lon="-3.649681"></trkpt>
<trkpt lat="43.120103" lon="-3.649977"></trkpt>
<trkpt lat="43.120383" lon="-3.652869"></trkpt>
<trkpt lat="43.120386" lon="-3.653151"></trkpt>
<trkpt lat="43.120318" lon="-3.653598"></trkpt>
<trkpt lat="43.119825" lon="-3.656233"></trkpt>
<trkpt lat="43.119348" lon="-3.659341"></trkpt>
<trkpt lat="43.119076" lon="-3.662435"></trkpt>
<trkpt lat="43.118901" lon="-3.663222"></trkpt>
<trkpt lat="43.118871" lon="-3.663354"></trkpt>
<trkpt lat="43.117978" lon="-3.667351"></trkpt>
<trkpt lat="43.117510" lon="-3.669454"></trkpt>
<trkpt lat="43.117087" lon="-3.671343"></trkpt>
<trkpt lat="43.116974" lon="-3.671663"></trkpt>
<trkpt lat="43.116753" lon="-3.672003"></trkpt>
<trkpt lat="43.115384" lon="-3.673754"></trkpt>
<trkpt lat="43.115295" lon="-3.673866"></trkpt>
<trkpt lat="43.115220" lon="-3.673962"></trkpt>
<trkpt lat="43.115080" lon="-3.674142"></trkpt>
<trkpt lat="43.112942" lon="-3.676876"></trkpt>
<trkpt lat="43.112505" lon="-3.677627"></trkpt>
<trkpt lat="43.112345" lon="-3.677901"></trkpt>
<trkpt lat="43.112253" lon="-3.678059"></trkpt>
<trkpt lat="43.111672" lon="-3.679084"></trkpt>
<trkpt lat="43.111350" lon="-3.679641"></trkpt>
<trkpt lat="43.111142" lon="-3.679944"></trkpt>
<trkpt lat="43.110908" lon="-3.680202"></trkpt>
<trkpt lat="43.110851" lon="-3.680283"></trkpt>
<trkpt lat="43.110802" lon="-3.680385"></trkpt>
<trkpt lat="43.110318" lon="-3.681386"></trkpt>
<trkpt lat="43.110130" lon="-3.681838"></trkpt>
<trkpt lat="43.109888" lon="-3.682640"></trkpt>
<trkpt lat="43.109600" lon="-3.683597"></trkpt>
<trkpt lat="43.109395" lon="-3.684274"></trkpt>
<trkpt lat="43.109390" lon="-3.684449"></trkpt>
<trkpt lat="43.109684" lon="-3.686516"></trkpt>
<trkpt lat="43.109713" lon="-3.687550"></trkpt>
<trkpt lat="43.109686" lon="-3.688340"></trkpt>
<trkpt lat="43.109646" lon="-3.688594"></trkpt>
<trkpt lat="43.109560" lon="-3.688930"></trkpt>
<trkpt lat="43.109217" lon="-3.690101"></trkpt>
<trkpt lat="43.109113" lon="-3.690223"></trkpt>
<trkpt lat="43.109026" lon="-3.690256"></trkpt>
<trkpt lat="43.108654" lon="-3.690124"></trkpt>
<trkpt lat="43.108015" lon="-3.689865"></trkpt>
<trkpt lat="43.107877" lon="-3.689865"></trkpt>
<trkpt lat="43.107801" lon="-3.689957"></trkpt>
<trkpt lat="43.107783" lon="-3.690016"></trkpt>
<trkpt lat="43.107749" lon="-3.690156"></trkpt>
<trkpt lat="43.107748" lon="-3.690456"></trkpt>
<trkpt lat="43.107947" lon="-3.691366"></trkpt>
<trkpt lat="43.108015" lon="-3.691542"></trkpt>
<trkpt lat="43.108103" lon="-3.691644"></trkpt>
<trkpt lat="43.108265" lon="-3.691784"></trkpt>
<trkpt lat="43.108529" lon="-3.692029"></trkpt>
<trkpt lat="43.108662" lon="-3.692144"></trkpt>
<trkpt lat="43.109013" lon="-3.692471"></trkpt>
<trkpt lat="43.109812" lon="-3.693316"></trkpt>
<trkpt lat="43.109923" lon="-3.693336"></trkpt>
<trkpt lat="43.110049" lon="-3.693225"></trkpt>
<trkpt lat="43.110180" lon="-3.693176"></trkpt>
<trkpt lat="43.110992" lon="-3.693003"></trkpt>
<trkpt lat="43.111454" lon="-3.693151"></trkpt>
<trkpt lat="43.111834" lon="-3.693356"></trkpt>
<trkpt lat="43.111990" lon="-3.693512"></trkpt>
<trkpt lat="43.112263" lon="-3.693889"></trkpt>
<trkpt lat="43.112388" lon="-3.694225"></trkpt>
<trkpt lat="43.112803" lon="-3.696315"></trkpt>
<trkpt lat="43.113345" lon="-3.699031"></trkpt>
<trkpt lat="43.113385" lon="-3.699398"></trkpt>
<trkpt lat="43.113310" lon="-3.700273"></trkpt>
<trkpt lat="43.113332" lon="-3.700451"></trkpt>
<trkpt lat="43.113381" lon="-3.700552"></trkpt>
<trkpt lat="43.113515" lon="-3.700686"></trkpt>
<trkpt lat="43.113857" lon="-3.700997"></trkpt>
<trkpt lat="43.114418" lon="-3.701504"></trkpt>
<trkpt lat="43.114927" lon="-3.701875"></trkpt>
<trkpt lat="43.115884" lon="-3.702542"></trkpt>
<trkpt lat="43.116090" lon="-3.702586"></trkpt>
<trkpt lat="43.116824" lon="-3.702628"></trkpt>
<trkpt lat="43.117432" lon="-3.702668"></trkpt>
<trkpt lat="43.117758" lon="-3.702697"></trkpt>
<trkpt lat="43.117793" lon="-3.702706"></trkpt>
<trkpt lat="43.117912" lon="-3.702801"></trkpt>
<trkpt lat="43.118007" lon="-3.703019"></trkpt>
<trkpt lat="43.118025" lon="-3.703186"></trkpt>
<trkpt lat="43.117995" lon="-3.703403"></trkpt>
<trkpt lat="43.117746" lon="-3.704036"></trkpt>
<trkpt lat="43.117364" lon="-3.705027"></trkpt>
<trkpt lat="43.117204" lon="-3.705346"></trkpt>
<trkpt lat="43.117039" lon="-3.705553"></trkpt>
<trkpt lat="43.116753" lon="-3.705814"></trkpt>
<trkpt lat="43.116711" lon="-3.705902"></trkpt>
<trkpt lat="43.116706" lon="-3.706035"></trkpt>
<trkpt lat="43.116901" lon="-3.706691"></trkpt>
<trkpt lat="43.116988" lon="-3.707124"></trkpt>
<trkpt lat="43.116995" lon="-3.707594"></trkpt>
<trkpt lat="43.116948" lon="-3.708985"></trkpt>
<trkpt lat="43.117036" lon="-3.710577"></trkpt>
<trkpt lat="43.117528" lon="-3.713748"></trkpt>
<trkpt lat="43.117594" lon="-3.714120"></trkpt>
<trkpt lat="43.117651" lon="-3.714188"></trkpt>
<trkpt lat="43.117749" lon="-3.714188"></trkpt>
<trkpt lat="43.117802" lon="-3.714111"></trkpt>
<trkpt lat="43.117814" lon="-3.713957"></trkpt>
<trkpt lat="43.117687" lon="-3.712648"></trkpt>
<trkpt lat="43.117523" lon="-3.710799"></trkpt>
<trkpt lat="43.117501" lon="-3.710238"></trkpt>
<trkpt lat="43.117515" lon="-3.709934"></trkpt>
<trkpt lat="43.117601" lon="-3.709471"></trkpt>
<trkpt lat="43.118084" lon="-3.707898"></trkpt>
<trkpt lat="43.118126" lon="-3.707713"></trkpt>
<trkpt lat="43.118154" lon="-3.707336"></trkpt>
<trkpt lat="43.118209" lon="-3.707202"></trkpt>
<trkpt lat="43.118260" lon="-3.707146"></trkpt>
<trkpt lat="43.118329" lon="-3.707127"></trkpt>
<trkpt lat="43.118499" lon="-3.707175"></trkpt>
<trkpt lat="43.119171" lon="-3.707517"></trkpt>
<trkpt lat="43.119484" lon="-3.707758"></trkpt>
<trkpt lat="43.120545" lon="-3.708763"></trkpt>
<trkpt lat="43.120734" lon="-3.708909"></trkpt>
<trkpt lat="43.122245" lon="-3.709809"></trkpt>
<trkpt lat="43.122794" lon="-3.709951"></trkpt>
<trkpt lat="43.122887" lon="-3.710008"></trkpt>
<trkpt lat="43.122981" lon="-3.710173"></trkpt>
<trkpt lat="43.123187" lon="-3.710974"></trkpt>
<trkpt lat="43.123380" lon="-3.711746"></trkpt>
<trkpt lat="43.123687" lon="-3.712535"></trkpt>
<trkpt lat="43.123882" lon="-3.712864"></trkpt>
<trkpt lat="43.124072" lon="-3.713099"></trkpt>
<trkpt lat="43.124215" lon="-3.713189"></trkpt>
<trkpt lat="43.124676" lon="-3.713282"></trkpt>
<trkpt lat="43.125022" lon="-3.713430"></trkpt>
<trkpt lat="43.125207" lon="-3.713544"></trkpt>
<trkpt lat="43.125630" lon="-3.713879"></trkpt>
<trkpt lat="43.125889" lon="-3.714127"></trkpt>
<trkpt lat="43.126049" lon="-3.714392"></trkpt>
<trkpt lat="43.126179" lon="-3.714692"></trkpt>
<trkpt lat="43.126340" lon="-3.715791"></trkpt>
<trkpt lat="43.126438" lon="-3.716147"></trkpt>
<trkpt lat="43.126569" lon="-3.716476"></trkpt>
<trkpt lat="43.126916" lon="-3.717002"></trkpt>
<trkpt lat="43.127120" lon="-3.717245"></trkpt>
<trkpt lat="43.127543" lon="-3.717692"></trkpt>
<trkpt lat="43.127989" lon="-3.718062"></trkpt>
<trkpt lat="43.128329" lon="-3.718585"></trkpt>
<trkpt lat="43.128557" lon="-3.718883"></trkpt>
<trkpt lat="43.128970" lon="-3.719317"></trkpt>
<trkpt lat="43.129397" lon="-3.719538"></trkpt>
<trkpt lat="43.129435" lon="-3.719658"></trkpt>
<trkpt lat="43.129402" lon="-3.719776"></trkpt>
<trkpt lat="43.129342" lon="-3.719817"></trkpt>
<trkpt lat="43.129277" lon="-3.719810"></trkpt>
<trkpt lat="43.129029" lon="-3.719646"></trkpt>
<trkpt lat="43.128732" lon="-3.719406"></trkpt>
<trkpt lat="43.128397" lon="-3.719051"></trkpt>
<trkpt lat="43.127937" lon="-3.718442"></trkpt>
<trkpt lat="43.127841" lon="-3.718349"></trkpt>
<trkpt lat="43.127743" lon="-3.718310"></trkpt>
<trkpt lat="43.127282" lon="-3.718293"></trkpt>
<trkpt lat="43.127147" lon="-3.718248"></trkpt>
<trkpt lat="43.127013" lon="-3.718155"></trkpt>
<trkpt lat="43.126179" lon="-3.717392"></trkpt>
<trkpt lat="43.125949" lon="-3.717081"></trkpt>
<trkpt lat="43.125822" lon="-3.716864"></trkpt>
<trkpt lat="43.125172" lon="-3.715522"></trkpt>
<trkpt lat="43.125081" lon="-3.715377"></trkpt>
<trkpt lat="43.124898" lon="-3.715198"></trkpt>
<trkpt lat="43.123986" lon="-3.714783"></trkpt>
<trkpt lat="43.123832" lon="-3.714763"></trkpt>
<trkpt lat="43.123632" lon="-3.714795"></trkpt>
<trkpt lat="43.123581" lon="-3.714811"></trkpt>
<trkpt lat="43.123047" lon="-3.714950"></trkpt>
<trkpt lat="43.122576" lon="-3.715008"></trkpt>
<trkpt lat="43.122372" lon="-3.714970"></trkpt>
<trkpt lat="43.122233" lon="-3.714878"></trkpt>
<trkpt lat="43.121848" lon="-3.714314"></trkpt>
<trkpt lat="43.121140" lon="-3.713628"></trkpt>
<trkpt lat="43.121028" lon="-3.713557"></trkpt>
<trkpt lat="43.120860" lon="-3.713567"></trkpt>
<trkpt lat="43.120804" lon="-3.713582"></trkpt>
<trkpt lat="43.120700" lon="-3.713633"></trkpt>
<trkpt lat="43.120635" lon="-3.713708"></trkpt>
<trkpt lat="43.120592" lon="-3.713843"></trkpt>
<trkpt lat="43.120592" lon="-3.713969"></trkpt>
<trkpt lat="43.120648" lon="-3.714151"></trkpt>
<trkpt lat="43.121018" lon="-3.714972"></trkpt>
<trkpt lat="43.121483" lon="-3.716014"></trkpt>
<trkpt lat="43.121548" lon="-3.716093"></trkpt>
<trkpt lat="43.121830" lon="-3.716312"></trkpt>
<trkpt lat="43.121942" lon="-3.716439"></trkpt>
<trkpt lat="43.122267" lon="-3.717011"></trkpt>
<trkpt lat="43.122294" lon="-3.717169"></trkpt>
<trkpt lat="43.122286" lon="-3.717291"></trkpt>
<trkpt lat="43.122113" lon="-3.717954"></trkpt>
<trkpt lat="43.122099" lon="-3.718157"></trkpt>
<trkpt lat="43.122167" lon="-3.718446"></trkpt>
<trkpt lat="43.122544" lon="-3.719610"></trkpt>
<trkpt lat="43.122588" lon="-3.719823"></trkpt>
<trkpt lat="43.122620" lon="-3.720224"></trkpt>
<trkpt lat="43.122668" lon="-3.720324"></trkpt>
<trkpt lat="43.122864" lon="-3.720472"></trkpt>
<trkpt lat="43.123081" lon="-3.720710"></trkpt>
<trkpt lat="43.123203" lon="-3.720901"></trkpt>
<trkpt lat="43.123362" lon="-3.721245"></trkpt>
<trkpt lat="43.123465" lon="-3.721611"></trkpt>
<trkpt lat="43.123581" lon="-3.722265"></trkpt>
<trkpt lat="43.124389" lon="-3.724334"></trkpt>
<trkpt lat="43.124779" lon="-3.725057"></trkpt>
<trkpt lat="43.124874" lon="-3.725300"></trkpt>
<trkpt lat="43.125105" lon="-3.726368"></trkpt>
<trkpt lat="43.125207" lon="-3.726518"></trkpt>
<trkpt lat="43.125298" lon="-3.726584"></trkpt>
<trkpt lat="43.126165" lon="-3.726873"></trkpt>
<trkpt lat="43.126373" lon="-3.726940"></trkpt>
<trkpt lat="43.126746" lon="-3.727058"></trkpt>
<trkpt lat="43.126859" lon="-3.727129"></trkpt>
<trkpt lat="43.127117" lon="-3.727468"></trkpt>
<trkpt lat="43.127267" lon="-3.727625"></trkpt>
<trkpt lat="43.127634" lon="-3.727922"></trkpt>
<trkpt lat="43.127807" lon="-3.728018"></trkpt>
<trkpt lat="43.128454" lon="-3.728032"></trkpt>
<trkpt lat="43.128916" lon="-3.727913"></trkpt>
<trkpt lat="43.129301" lon="-3.728056"></trkpt>
<trkpt lat="43.129590" lon="-3.728102"></trkpt>
<trkpt lat="43.129800" lon="-3.728223"></trkpt>
<trkpt lat="43.129846" lon="-3.728218"></trkpt>
<trkpt lat="43.129883" lon="-3.728151"></trkpt>
<trkpt lat="43.129861" lon="-3.728048"></trkpt>
<trkpt lat="43.129807" lon="-3.728007"></trkpt>
<trkpt lat="43.129129" lon="-3.727731"></trkpt>
<trkpt lat="43.128189" lon="-3.727085"></trkpt>
<trkpt lat="43.127935" lon="-3.726833"></trkpt>
<trkpt lat="43.127386" lon="-3.726205"></trkpt>
<trkpt lat="43.127252" lon="-3.725996"></trkpt>
<trkpt lat="43.126742" lon="-3.725001"></trkpt>
<trkpt lat="43.126694" lon="-3.724810"></trkpt>
<trkpt lat="43.126680" lon="-3.724591"></trkpt>
<trkpt lat="43.126626" lon="-3.723266"></trkpt>
<trkpt lat="43.126578" lon="-3.723024"></trkpt>
<trkpt lat="43.126506" lon="-3.722861"></trkpt>
<trkpt lat="43.126259" lon="-3.722482"></trkpt>
<trkpt lat="43.126126" lon="-3.722342"></trkpt>
<trkpt lat="43.125495" lon="-3.722081"></trkpt>
<trkpt lat="43.125400" lon="-3.721946"></trkpt>
<trkpt lat="43.125370" lon="-3.721648"></trkpt>
<trkpt lat="43.125386" lon="-3.721503"></trkpt>
<trkpt lat="43.125461" lon="-3.721390"></trkpt>
<trkpt lat="43.125628" lon="-3.721320"></trkpt>
<trkpt lat="43.125781" lon="-3.721310"></trkpt>
<trkpt lat="43.126014" lon="-3.721368"></trkpt>
<trkpt lat="43.126261" lon="-3.721545"></trkpt>
<trkpt lat="43.126809" lon="-3.722106"></trkpt>
<trkpt lat="43.127267" lon="-3.722484"></trkpt>
<trkpt lat="43.127711" lon="-3.722731"></trkpt>
<trkpt lat="43.128324" lon="-3.722885"></trkpt>
<trkpt lat="43.128513" lon="-3.723015"></trkpt>
<trkpt lat="43.128859" lon="-3.723321"></trkpt>
<trkpt lat="43.128977" lon="-3.723381"></trkpt>
<trkpt lat="43.129263" lon="-3.723433"></trkpt>
<trkpt lat="43.129554" lon="-3.723432"></trkpt>
<trkpt lat="43.130577" lon="-3.723125"></trkpt>
<trkpt lat="43.130847" lon="-3.722924"></trkpt>
<trkpt lat="43.130937" lon="-3.722898"></trkpt>
<trkpt lat="43.131238" lon="-3.723021"></trkpt>
<trkpt lat="43.132822" lon="-3.723512"></trkpt>
<trkpt lat="43.133116" lon="-3.723698"></trkpt>
<trkpt lat="43.133704" lon="-3.724215"></trkpt>
<trkpt lat="43.133899" lon="-3.724439"></trkpt>
<trkpt lat="43.134710" lon="-3.725532"></trkpt>
<trkpt lat="43.135311" lon="-3.726515"></trkpt>
<trkpt lat="43.135957" lon="-3.727475"></trkpt>
<trkpt lat="43.136198" lon="-3.727960"></trkpt>
<trkpt lat="43.136899" lon="-3.729522"></trkpt>
<trkpt lat="43.136996" lon="-3.729777"></trkpt>
<trkpt lat="43.137025" lon="-3.729921"></trkpt>
<trkpt lat="43.137059" lon="-3.730953"></trkpt>
<trkpt lat="43.137069" lon="-3.732493"></trkpt>
<trkpt lat="43.137062" lon="-3.733255"></trkpt>
<trkpt lat="43.136858" lon="-3.735060"></trkpt>
<trkpt lat="43.136791" lon="-3.736321"></trkpt>
<trkpt lat="43.136824" lon="-3.738633"></trkpt>
<trkpt lat="43.136844" lon="-3.738945"></trkpt>
<trkpt lat="43.136923" lon="-3.739539"></trkpt>
<trkpt lat="43.137127" lon="-3.740187"></trkpt>
<trkpt lat="43.137124" lon="-3.740321"></trkpt>
<trkpt lat="43.137020" lon="-3.740764"></trkpt>
<trkpt lat="43.136993" lon="-3.741114"></trkpt>
<trkpt lat="43.137009" lon="-3.741526"></trkpt>
<trkpt lat="43.137139" lon="-3.742895"></trkpt>
<trkpt lat="43.137321" lon="-3.744152"></trkpt>
<trkpt lat="43.137654" lon="-3.745876"></trkpt>
<trkpt lat="43.137654" lon="-3.746115"></trkpt>
<trkpt lat="43.137276" lon="-3.747001"></trkpt>
<trkpt lat="43.137207" lon="-3.747255"></trkpt>
<trkpt lat="43.136858" lon="-3.749032"></trkpt>
<trkpt lat="43.136768" lon="-3.749171"></trkpt>
<trkpt lat="43.136590" lon="-3.749321"></trkpt>
<trkpt lat="43.136460" lon="-3.749522"></trkpt>
<trkpt lat="43.136300" lon="-3.749894"></trkpt>
<trkpt lat="43.136042" lon="-3.750833"></trkpt>
<trkpt lat="43.135975" lon="-3.751443"></trkpt>
<trkpt lat="43.135992" lon="-3.751876"></trkpt>
<trkpt lat="43.136040" lon="-3.752273"></trkpt>
<trkpt lat="43.136156" lon="-3.752835"></trkpt>
<trkpt lat="43.136291" lon="-3.753222"></trkpt>
<trkpt lat="43.136457" lon="-3.753830"></trkpt>
<trkpt lat="43.136801" lon="-3.754852"></trkpt>
<trkpt lat="43.136879" lon="-3.755002"></trkpt>
<trkpt lat="43.137139" lon="-3.755283"></trkpt>
<trkpt lat="43.137454" lon="-3.755708"></trkpt>
<trkpt lat="43.137510" lon="-3.755856"></trkpt>
<trkpt lat="43.137592" lon="-3.756233"></trkpt>
<trkpt lat="43.137909" lon="-3.756656"></trkpt>
<trkpt lat="43.138151" lon="-3.757629"></trkpt>
<trkpt lat="43.138303" lon="-3.758079"></trkpt>
<trkpt lat="43.138674" lon="-3.759022"></trkpt>
<trkpt lat="43.138700" lon="-3.759072"></trkpt>
<trkpt lat="43.139362" lon="-3.760076"></trkpt>
<trkpt lat="43.139490" lon="-3.760303"></trkpt>
<trkpt lat="43.139945" lon="-3.761362"></trkpt>
<trkpt lat="43.140663" lon="-3.762916"></trkpt>
<trkpt lat="43.141453" lon="-3.764054"></trkpt>
<trkpt lat="43.141651" lon="-3.764698"></trkpt>
<trkpt lat="43.142037" lon="-3.765527"></trkpt>
<trkpt lat="43.142195" lon="-3.765861"></trkpt>
<trkpt lat="43.142418" lon="-3.766349"></trkpt>
<trkpt lat="43.142664" lon="-3.767079"></trkpt>
<trkpt lat="43.142932" lon="-3.767874"></trkpt>
<trkpt lat="43.143266" lon="-3.768350"></trkpt>
<trkpt lat="43.143433" lon="-3.768728"></trkpt>
<trkpt lat="43.143696" lon="-3.769424"></trkpt>
<trkpt lat="43.143852" lon="-3.769805"></trkpt>
<trkpt lat="43.144383" lon="-3.770901"></trkpt>
<trkpt lat="43.144572" lon="-3.771231"></trkpt>
<trkpt lat="43.144649" lon="-3.771315"></trkpt>
<trkpt lat="43.144822" lon="-3.771433"></trkpt>
<trkpt lat="43.145315" lon="-3.771536"></trkpt>
<trkpt lat="43.145567" lon="-3.771681"></trkpt>
<trkpt lat="43.147434" lon="-3.773408"></trkpt>
<trkpt lat="43.147614" lon="-3.773546"></trkpt>
<trkpt lat="43.147683" lon="-3.773581"></trkpt>
<trkpt lat="43.147813" lon="-3.773586"></trkpt>
<trkpt lat="43.148024" lon="-3.773488"></trkpt>
<trkpt lat="43.148095" lon="-3.773450"></trkpt>
<trkpt lat="43.148119" lon="-3.773441"></trkpt>
<trkpt lat="43.148314" lon="-3.773404"></trkpt>
<trkpt lat="43.148472" lon="-3.773449"></trkpt>
<trkpt lat="43.149298" lon="-3.774037"></trkpt>
<trkpt lat="43.149600" lon="-3.774241"></trkpt>
<trkpt lat="43.149741" lon="-3.774336"></trkpt>
<trkpt lat="43.150152" lon="-3.774603"></trkpt>
<trkpt lat="43.150298" lon="-3.774748"></trkpt>
<trkpt lat="43.150445" lon="-3.774987"></trkpt>
<trkpt lat="43.151252" lon="-3.776629"></trkpt>
<trkpt lat="43.151800" lon="-3.777706"></trkpt>
<trkpt lat="43.152309" lon="-3.778441"></trkpt>
<trkpt lat="43.152537" lon="-3.778752"></trkpt>
<trkpt lat="43.152685" lon="-3.778962"></trkpt>
<trkpt lat="43.154329" lon="-3.781239"></trkpt>
<trkpt lat="43.154531" lon="-3.781515"></trkpt>
<trkpt lat="43.154569" lon="-3.781568"></trkpt>
<trkpt lat="43.154846" lon="-3.781959"></trkpt>
<trkpt lat="43.155472" lon="-3.782817"></trkpt>
<trkpt lat="43.155753" lon="-3.783199"></trkpt>
<trkpt lat="43.155865" lon="-3.783285"></trkpt>
<trkpt lat="43.155996" lon="-3.783308"></trkpt>
<trkpt lat="43.156030" lon="-3.783307"></trkpt>
<trkpt lat="43.156127" lon="-3.783304"></trkpt>
<trkpt lat="43.156464" lon="-3.783276"></trkpt>
<trkpt lat="43.157010" lon="-3.783115"></trkpt>
<trkpt lat="43.157209" lon="-3.783117"></trkpt>
<trkpt lat="43.157380" lon="-3.783209"></trkpt>
<trkpt lat="43.157528" lon="-3.783250"></trkpt>
<trkpt lat="43.157992" lon="-3.783278"></trkpt>
<trkpt lat="43.158084" lon="-3.783257"></trkpt>
<trkpt lat="43.158184" lon="-3.783173"></trkpt>
<trkpt lat="43.158281" lon="-3.783035"></trkpt>
<trkpt lat="43.158430" lon="-3.782640"></trkpt>
<trkpt lat="43.158559" lon="-3.782329"></trkpt>
<trkpt lat="43.158644" lon="-3.782251"></trkpt>
<trkpt lat="43.158794" lon="-3.782256"></trkpt>
<trkpt lat="43.159343" lon="-3.782399"></trkpt>
<trkpt lat="43.159346" lon="-3.782399"></trkpt>
<trkpt lat="43.159459" lon="-3.782460"></trkpt>
<trkpt lat="43.159544" lon="-3.782592"></trkpt>
<trkpt lat="43.159596" lon="-3.782823"></trkpt>
<trkpt lat="43.159604" lon="-3.783253"></trkpt>
<trkpt lat="43.159589" lon="-3.783463"></trkpt>
<trkpt lat="43.159499" lon="-3.783941"></trkpt>
<trkpt lat="43.159491" lon="-3.784308"></trkpt>
<trkpt lat="43.159514" lon="-3.784467"></trkpt>
<trkpt lat="43.159826" lon="-3.785098"></trkpt>
<trkpt lat="43.159933" lon="-3.785337"></trkpt>
<trkpt lat="43.159973" lon="-3.785423"></trkpt>
<trkpt lat="43.160042" lon="-3.785490"></trkpt>
<trkpt lat="43.160169" lon="-3.785525"></trkpt>
<trkpt lat="43.160337" lon="-3.785461"></trkpt>
<trkpt lat="43.160496" lon="-3.785320"></trkpt>
<trkpt lat="43.160995" lon="-3.784670"></trkpt>
<trkpt lat="43.161081" lon="-3.784680"></trkpt>
<trkpt lat="43.161128" lon="-3.784793"></trkpt>
<trkpt lat="43.161038" lon="-3.785439"></trkpt>
<trkpt lat="43.160830" lon="-3.786010"></trkpt>
<trkpt lat="43.160757" lon="-3.786434"></trkpt>
<trkpt lat="43.160725" lon="-3.787177"></trkpt>
<trkpt lat="43.160868" lon="-3.787907"></trkpt>
<trkpt lat="43.160913" lon="-3.788614"></trkpt>
<trkpt lat="43.161045" lon="-3.789340"></trkpt>
<trkpt lat="43.161059" lon="-3.790013"></trkpt>
<trkpt lat="43.161092" lon="-3.790270"></trkpt>
<trkpt lat="43.161201" lon="-3.790683"></trkpt>
<trkpt lat="43.161385" lon="-3.791129"></trkpt>
<trkpt lat="43.161563" lon="-3.791458"></trkpt>
<trkpt lat="43.161708" lon="-3.791628"></trkpt>
<trkpt lat="43.162424" lon="-3.791980"></trkpt>
<trkpt lat="43.162561" lon="-3.792113"></trkpt>
<trkpt lat="43.162756" lon="-3.792378"></trkpt>
<trkpt lat="43.163226" lon="-3.793078"></trkpt>
<trkpt lat="43.163333" lon="-3.793284"></trkpt>
<trkpt lat="43.163364" lon="-3.793467"></trkpt>
<trkpt lat="43.163362" lon="-3.794228"></trkpt>
<trkpt lat="43.163382" lon="-3.794324"></trkpt>
<trkpt lat="43.163439" lon="-3.794394"></trkpt>
<trkpt lat="43.163493" lon="-3.794406"></trkpt>
<trkpt lat="43.163554" lon="-3.794389"></trkpt>
<trkpt lat="43.163609" lon="-3.794319"></trkpt>
<trkpt lat="43.163645" lon="-3.793762"></trkpt>
<trkpt lat="43.163746" lon="-3.793123"></trkpt>
<trkpt lat="43.163754" lon="-3.792842"></trkpt>
<trkpt lat="43.163749" lon="-3.792013"></trkpt>
<trkpt lat="43.163628" lon="-3.791101"></trkpt>
<trkpt lat="43.163638" lon="-3.790209"></trkpt>
<trkpt lat="43.163605" lon="-3.789912"></trkpt>
<trkpt lat="43.163433" lon="-3.789344"></trkpt>
<trkpt lat="43.163286" lon="-3.788676"></trkpt>
<trkpt lat="43.163163" lon="-3.787633"></trkpt>
<trkpt lat="43.163157" lon="-3.787348"></trkpt>
<trkpt lat="43.163201" lon="-3.787212"></trkpt>
<trkpt lat="43.163269" lon="-3.787116"></trkpt>
<trkpt lat="43.163605" lon="-3.786788"></trkpt>
<trkpt lat="43.164070" lon="-3.786253"></trkpt>
<trkpt lat="43.164201" lon="-3.786140"></trkpt>
<trkpt lat="43.164757" lon="-3.785775"></trkpt>
<trkpt lat="43.165100" lon="-3.785585"></trkpt>
<trkpt lat="43.165255" lon="-3.785450"></trkpt>
<trkpt lat="43.165559" lon="-3.784694"></trkpt>
<trkpt lat="43.165946" lon="-3.783834"></trkpt>
<trkpt lat="43.166210" lon="-3.783342"></trkpt>
<trkpt lat="43.166342" lon="-3.783152"></trkpt>
<trkpt lat="43.166518" lon="-3.782987"></trkpt>
<trkpt lat="43.166686" lon="-3.782883"></trkpt>
<trkpt lat="43.166981" lon="-3.782806"></trkpt>
<trkpt lat="43.167130" lon="-3.782792"></trkpt>
<trkpt lat="43.167214" lon="-3.782710"></trkpt>
<trkpt lat="43.167243" lon="-3.782525"></trkpt>
<trkpt lat="43.167219" lon="-3.782159"></trkpt>
<trkpt lat="43.167253" lon="-3.781985"></trkpt>
<trkpt lat="43.167328" lon="-3.781863"></trkpt>
<trkpt lat="43.167543" lon="-3.781716"></trkpt>
<trkpt lat="43.167606" lon="-3.781628"></trkpt>
<trkpt lat="43.167754" lon="-3.781194"></trkpt>
<trkpt lat="43.167876" lon="-3.780926"></trkpt>
<trkpt lat="43.167901" lon="-3.780829"></trkpt>
<trkpt lat="43.167901" lon="-3.780699"></trkpt>
<trkpt lat="43.167865" lon="-3.780622"></trkpt>
<trkpt lat="43.167765" lon="-3.780560"></trkpt>
<trkpt lat="43.167387" lon="-3.780644"></trkpt>
<trkpt lat="43.167141" lon="-3.780606"></trkpt>
<trkpt lat="43.166945" lon="-3.780509"></trkpt>
<trkpt lat="43.166336" lon="-3.780107"></trkpt>
<trkpt lat="43.166236" lon="-3.780013"></trkpt>
<trkpt lat="43.166178" lon="-3.779893"></trkpt>
<trkpt lat="43.166155" lon="-3.779771"></trkpt>
<trkpt lat="43.166156" lon="-3.779441"></trkpt>
<trkpt lat="43.166111" lon="-3.779256"></trkpt>
<trkpt lat="43.165818" lon="-3.778710"></trkpt>
<trkpt lat="43.165612" lon="-3.778528"></trkpt>
<trkpt lat="43.165425" lon="-3.778412"></trkpt>
<trkpt lat="43.165279" lon="-3.778395"></trkpt>
<trkpt lat="43.164990" lon="-3.778451"></trkpt>
<trkpt lat="43.164908" lon="-3.778414"></trkpt>
<trkpt lat="43.164856" lon="-3.778357"></trkpt>
<trkpt lat="43.164818" lon="-3.778274"></trkpt>
<trkpt lat="43.164797" lon="-3.778120"></trkpt>
<trkpt lat="43.164840" lon="-3.777920"></trkpt>
<trkpt lat="43.165519" lon="-3.776602"></trkpt>
<trkpt lat="43.165634" lon="-3.776311"></trkpt>
<trkpt lat="43.165999" lon="-3.775054"></trkpt>
<trkpt lat="43.166124" lon="-3.774781"></trkpt>
<trkpt lat="43.166248" lon="-3.774624"></trkpt>
<trkpt lat="43.166398" lon="-3.774506"></trkpt>
<trkpt lat="43.166929" lon="-3.774193"></trkpt>
<trkpt lat="43.167166" lon="-3.774102"></trkpt>
<trkpt lat="43.167234" lon="-3.774115"></trkpt>
<trkpt lat="43.167309" lon="-3.774172"></trkpt>
<trkpt lat="43.167372" lon="-3.774316"></trkpt>
<trkpt lat="43.167391" lon="-3.774500"></trkpt>
<trkpt lat="43.167363" lon="-3.774672"></trkpt>
<trkpt lat="43.167036" lon="-3.775734"></trkpt>
<trkpt lat="43.166838" lon="-3.776483"></trkpt>
<trkpt lat="43.166821" lon="-3.776742"></trkpt>
<trkpt lat="43.166889" lon="-3.777316"></trkpt>
<trkpt lat="43.166803" lon="-3.777871"></trkpt>
<trkpt lat="43.166834" lon="-3.778012"></trkpt>
<trkpt lat="43.166929" lon="-3.778137"></trkpt>
<trkpt lat="43.167452" lon="-3.778462"></trkpt>
<trkpt lat="43.168620" lon="-3.779204"></trkpt>
<trkpt lat="43.169106" lon="-3.779434"></trkpt>
<trkpt lat="43.169225" lon="-3.779545"></trkpt>
<trkpt lat="43.169658" lon="-3.780070"></trkpt>
<trkpt lat="43.169774" lon="-3.780294"></trkpt>
<trkpt lat="43.169841" lon="-3.780524"></trkpt>
<trkpt lat="43.170036" lon="-3.781748"></trkpt>
<trkpt lat="43.170386" lon="-3.782551"></trkpt>
<trkpt lat="43.170409" lon="-3.782814"></trkpt>
<trkpt lat="43.170317" lon="-3.783588"></trkpt>
<trkpt lat="43.170310" lon="-3.783813"></trkpt>
<trkpt lat="43.170494" lon="-3.784938"></trkpt>
<trkpt lat="43.170507" lon="-3.785293"></trkpt>
<trkpt lat="43.170407" lon="-3.786813"></trkpt>
<trkpt lat="43.170180" lon="-3.787917"></trkpt>
<trkpt lat="43.170143" lon="-3.788810"></trkpt>
<trkpt lat="43.170145" lon="-3.789355"></trkpt>
<trkpt lat="43.170178" lon="-3.789512"></trkpt>
<trkpt lat="43.170229" lon="-3.789631"></trkpt>
<trkpt lat="43.170375" lon="-3.789763"></trkpt>
<trkpt lat="43.170410" lon="-3.789772"></trkpt>
<trkpt lat="43.170544" lon="-3.789756"></trkpt>
<trkpt lat="43.170722" lon="-3.789660"></trkpt>
<trkpt lat="43.172109" lon="-3.788897"></trkpt>
<trkpt lat="43.172227" lon="-3.788873"></trkpt>
<trkpt lat="43.172316" lon="-3.788890"></trkpt>
<trkpt lat="43.172412" lon="-3.788939"></trkpt>
<trkpt lat="43.172538" lon="-3.789054"></trkpt>
<trkpt lat="43.172639" lon="-3.789209"></trkpt>
<trkpt lat="43.172891" lon="-3.789789"></trkpt>
<trkpt lat="43.173051" lon="-3.789988"></trkpt>
<trkpt lat="43.173388" lon="-3.790327"></trkpt>
<trkpt lat="43.173507" lon="-3.790487"></trkpt>
<trkpt lat="43.173631" lon="-3.790718"></trkpt>
<trkpt lat="43.173764" lon="-3.791049"></trkpt>
<trkpt lat="43.173882" lon="-3.791242"></trkpt>
<trkpt lat="43.174061" lon="-3.791390"></trkpt>
<trkpt lat="43.174466" lon="-3.791501"></trkpt>
<trkpt lat="43.174598" lon="-3.791655"></trkpt>
<trkpt lat="43.174667" lon="-3.791872"></trkpt>
<trkpt lat="43.174707" lon="-3.792150"></trkpt>
<trkpt lat="43.174709" lon="-3.792921"></trkpt>
<trkpt lat="43.174743" lon="-3.793088"></trkpt>
<trkpt lat="43.174801" lon="-3.793235"></trkpt>
<trkpt lat="43.174965" lon="-3.793536"></trkpt>
<trkpt lat="43.175328" lon="-3.794101"></trkpt>
<trkpt lat="43.175730" lon="-3.794935"></trkpt>
<trkpt lat="43.176017" lon="-3.795459"></trkpt>
<trkpt lat="43.176523" lon="-3.796265"></trkpt>
<trkpt lat="43.176879" lon="-3.796775"></trkpt>
<trkpt lat="43.177321" lon="-3.797131"></trkpt>
<trkpt lat="43.177385" lon="-3.797181"></trkpt>
<trkpt lat="43.177739" lon="-3.797466"></trkpt>
<trkpt lat="43.178326" lon="-3.798117"></trkpt>
<trkpt lat="43.178776" lon="-3.798384"></trkpt>
<trkpt lat="43.178911" lon="-3.798517"></trkpt>
<trkpt lat="43.178970" lon="-3.798622"></trkpt>
<trkpt lat="43.179017" lon="-3.798802"></trkpt>
<trkpt lat="43.179014" lon="-3.799501"></trkpt>
<trkpt lat="43.179081" lon="-3.799730"></trkpt>
<trkpt lat="43.179191" lon="-3.799834"></trkpt>
<trkpt lat="43.179758" lon="-3.800019"></trkpt>
<trkpt lat="43.179990" lon="-3.800194"></trkpt>
<trkpt lat="43.180094" lon="-3.800378"></trkpt>
<trkpt lat="43.180170" lon="-3.800814"></trkpt>
<trkpt lat="43.180278" lon="-3.801084"></trkpt>
<trkpt lat="43.180377" lon="-3.801195"></trkpt>
<trkpt lat="43.180602" lon="-3.801347"></trkpt>
<trkpt lat="43.180904" lon="-3.801696"></trkpt>
<trkpt lat="43.181094" lon="-3.801728"></trkpt>
<trkpt lat="43.181483" lon="-3.801737"></trkpt>
<trkpt lat="43.181660" lon="-3.801716"></trkpt>
<trkpt lat="43.181823" lon="-3.801644"></trkpt>
<trkpt lat="43.182040" lon="-3.801427"></trkpt>
<trkpt lat="43.182359" lon="-3.800819"></trkpt>
<trkpt lat="43.182499" lon="-3.800627"></trkpt>
<trkpt lat="43.183021" lon="-3.800264"></trkpt>
<trkpt lat="43.183234" lon="-3.800191"></trkpt>
<trkpt lat="43.183467" lon="-3.800211"></trkpt>
<trkpt lat="43.184288" lon="-3.800443"></trkpt>
<trkpt lat="43.184612" lon="-3.800562"></trkpt>
<trkpt lat="43.185002" lon="-3.800756"></trkpt>
<trkpt lat="43.185261" lon="-3.800920"></trkpt>
<trkpt lat="43.185401" lon="-3.801045"></trkpt>
<trkpt lat="43.185516" lon="-3.801194"></trkpt>
<trkpt lat="43.185640" lon="-3.801481"></trkpt>
<trkpt lat="43.185674" lon="-3.801659"></trkpt>
<trkpt lat="43.185679" lon="-3.801855"></trkpt>
<trkpt lat="43.185610" lon="-3.802262"></trkpt>
<trkpt lat="43.185397" lon="-3.803078"></trkpt>
<trkpt lat="43.185367" lon="-3.803356"></trkpt>
<trkpt lat="43.185365" lon="-3.803653"></trkpt>
<trkpt lat="43.185382" lon="-3.803866"></trkpt>
<trkpt lat="43.185429" lon="-3.804084"></trkpt>
<trkpt lat="43.185713" lon="-3.804786"></trkpt>
<trkpt lat="43.185775" lon="-3.804992"></trkpt>
<trkpt lat="43.185798" lon="-3.805216"></trkpt>
<trkpt lat="43.185748" lon="-3.805411"></trkpt>
<trkpt lat="43.185665" lon="-3.805535"></trkpt>
<trkpt lat="43.185534" lon="-3.805642"></trkpt>
<trkpt lat="43.185315" lon="-3.805763"></trkpt>
<trkpt lat="43.185052" lon="-3.805849"></trkpt>
<trkpt lat="43.184735" lon="-3.805870"></trkpt>
<trkpt lat="43.183672" lon="-3.805728"></trkpt>
<trkpt lat="43.183408" lon="-3.805729"></trkpt>
<trkpt lat="43.183070" lon="-3.805788"></trkpt>
<trkpt lat="43.183013" lon="-3.805827"></trkpt>
<trkpt lat="43.182968" lon="-3.805935"></trkpt>
<trkpt lat="43.182991" lon="-3.806151"></trkpt>
<trkpt lat="43.183071" lon="-3.806273"></trkpt>
<trkpt lat="43.183377" lon="-3.806459"></trkpt>
<trkpt lat="43.183561" lon="-3.806630"></trkpt>
<trkpt lat="43.184157" lon="-3.807610"></trkpt>
<trkpt lat="43.184475" lon="-3.808076"></trkpt>
<trkpt lat="43.184924" lon="-3.808632"></trkpt>
<trkpt lat="43.185570" lon="-3.809270"></trkpt>
<trkpt lat="43.185683" lon="-3.809513"></trkpt>
<trkpt lat="43.185710" lon="-3.809915"></trkpt>
<trkpt lat="43.185771" lon="-3.810023"></trkpt>
<trkpt lat="43.185871" lon="-3.810040"></trkpt>
<trkpt lat="43.185962" lon="-3.809935"></trkpt>
<trkpt lat="43.185964" lon="-3.809758"></trkpt>
<trkpt lat="43.185902" lon="-3.809509"></trkpt>
<trkpt lat="43.185773" lon="-3.809224"></trkpt>
<trkpt lat="43.185405" lon="-3.808739"></trkpt>
<trkpt lat="43.184870" lon="-3.807808"></trkpt>
<trkpt lat="43.184831" lon="-3.807651"></trkpt>
<trkpt lat="43.184879" lon="-3.807511"></trkpt>
<trkpt lat="43.184936" lon="-3.807461"></trkpt>
<trkpt lat="43.185018" lon="-3.807445"></trkpt>
<trkpt lat="43.185672" lon="-3.807603"></trkpt>
<trkpt lat="43.186082" lon="-3.807617"></trkpt>
<trkpt lat="43.186925" lon="-3.807539"></trkpt>
<trkpt lat="43.187276" lon="-3.807467"></trkpt>
<trkpt lat="43.187488" lon="-3.807365"></trkpt>
<trkpt lat="43.187719" lon="-3.807161"></trkpt>
<trkpt lat="43.187931" lon="-3.806820"></trkpt>
<trkpt lat="43.188282" lon="-3.805952"></trkpt>
<trkpt lat="43.188403" lon="-3.805532"></trkpt>
<trkpt lat="43.188439" lon="-3.804789"></trkpt>
<trkpt lat="43.188480" lon="-3.804577"></trkpt>
<trkpt lat="43.188584" lon="-3.804405"></trkpt>
<trkpt lat="43.188821" lon="-3.804178"></trkpt>
<trkpt lat="43.189168" lon="-3.803893"></trkpt>
<trkpt lat="43.189496" lon="-3.803801"></trkpt>
<trkpt lat="43.189882" lon="-3.803780"></trkpt>
<trkpt lat="43.190598" lon="-3.803922"></trkpt>
<trkpt lat="43.190882" lon="-3.803915"></trkpt>
<trkpt lat="43.191204" lon="-3.803768"></trkpt>
<trkpt lat="43.191815" lon="-3.803244"></trkpt>
<trkpt lat="43.192055" lon="-3.803082"></trkpt>
<trkpt lat="43.192313" lon="-3.803030"></trkpt>
<trkpt lat="43.192579" lon="-3.803074"></trkpt>
<trkpt lat="43.192786" lon="-3.803158"></trkpt>
<trkpt lat="43.192987" lon="-3.803284"></trkpt>
<trkpt lat="43.194142" lon="-3.804241"></trkpt>
<trkpt lat="43.194318" lon="-3.804460"></trkpt>
<trkpt lat="43.194704" lon="-3.805163"></trkpt>
<trkpt lat="43.195155" lon="-3.805895"></trkpt>
<trkpt lat="43.195315" lon="-3.806108"></trkpt>
<trkpt lat="43.195399" lon="-3.806152"></trkpt>
<trkpt lat="43.195468" lon="-3.806152"></trkpt>
<trkpt lat="43.195489" lon="-3.806144"></trkpt>
<trkpt lat="43.195505" lon="-3.806133"></trkpt>
<trkpt lat="43.195520" lon="-3.806121"></trkpt>
<trkpt lat="43.195534" lon="-3.806106"></trkpt>
<trkpt lat="43.195546" lon="-3.806087"></trkpt>
<trkpt lat="43.195558" lon="-3.806067"></trkpt>
<trkpt lat="43.195569" lon="-3.806043"></trkpt>
<trkpt lat="43.195579" lon="-3.806015"></trkpt>
<trkpt lat="43.195586" lon="-3.805987"></trkpt>
<trkpt lat="43.195591" lon="-3.805957"></trkpt>
<trkpt lat="43.195593" lon="-3.805929"></trkpt>
<trkpt lat="43.195593" lon="-3.805897"></trkpt>
<trkpt lat="43.195592" lon="-3.805864"></trkpt>
<trkpt lat="43.195590" lon="-3.805839"></trkpt>
<trkpt lat="43.195588" lon="-3.805816"></trkpt>
<trkpt lat="43.195583" lon="-3.805793"></trkpt>
<trkpt lat="43.195241" lon="-3.803902"></trkpt>
<trkpt lat="43.195151" lon="-3.803596"></trkpt>
<trkpt lat="43.194963" lon="-3.803135"></trkpt>
<trkpt lat="43.194657" lon="-3.802575"></trkpt>
<trkpt lat="43.194001" lon="-3.801765"></trkpt>
<trkpt lat="43.193429" lon="-3.801319"></trkpt>
<trkpt lat="43.192966" lon="-3.801200"></trkpt>
<trkpt lat="43.192801" lon="-3.801093"></trkpt>
<trkpt lat="43.192627" lon="-3.800927"></trkpt>
<trkpt lat="43.192504" lon="-3.800735"></trkpt>
<trkpt lat="43.192273" lon="-3.800263"></trkpt>
<trkpt lat="43.191887" lon="-3.799882"></trkpt>
<trkpt lat="43.191307" lon="-3.798952"></trkpt>
<trkpt lat="43.191129" lon="-3.798605"></trkpt>
<trkpt lat="43.191049" lon="-3.798326"></trkpt>
<trkpt lat="43.191030" lon="-3.798112"></trkpt>
<trkpt lat="43.191043" lon="-3.797910"></trkpt>
<trkpt lat="43.191071" lon="-3.797780"></trkpt>
<trkpt lat="43.191128" lon="-3.797696"></trkpt>
<trkpt lat="43.191242" lon="-3.797654"></trkpt>
<trkpt lat="43.191302" lon="-3.797678"></trkpt>
<trkpt lat="43.191371" lon="-3.797756"></trkpt>
<trkpt lat="43.191425" lon="-3.797942"></trkpt>
<trkpt lat="43.191523" lon="-3.798546"></trkpt>
<trkpt lat="43.191633" lon="-3.798814"></trkpt>
<trkpt lat="43.192374" lon="-3.799592"></trkpt>
<trkpt lat="43.192574" lon="-3.799701"></trkpt>
<trkpt lat="43.192934" lon="-3.799777"></trkpt>
<trkpt lat="43.193210" lon="-3.799749"></trkpt>
<trkpt lat="43.193677" lon="-3.799609"></trkpt>
<trkpt lat="43.193866" lon="-3.799633"></trkpt>
<trkpt lat="43.194131" lon="-3.799758"></trkpt>
<trkpt lat="43.194333" lon="-3.799893"></trkpt>
<trkpt lat="43.195320" lon="-3.800635"></trkpt>
<trkpt lat="43.195604" lon="-3.800897"></trkpt>
<trkpt lat="43.195781" lon="-3.801090"></trkpt>
<trkpt lat="43.195945" lon="-3.801322"></trkpt>
<trkpt lat="43.196055" lon="-3.801546"></trkpt>
<trkpt lat="43.196224" lon="-3.802005"></trkpt>
<trkpt lat="43.196311" lon="-3.802139"></trkpt>
<trkpt lat="43.197168" lon="-3.802948"></trkpt>
<trkpt lat="43.197914" lon="-3.803781"></trkpt>
<trkpt lat="43.198213" lon="-3.804076"></trkpt>
<trkpt lat="43.198444" lon="-3.804355"></trkpt>
<trkpt lat="43.198604" lon="-3.804608"></trkpt>
<trkpt lat="43.198858" lon="-3.805094"></trkpt>
<trkpt lat="43.199157" lon="-3.805837"></trkpt>
<trkpt lat="43.199286" lon="-3.806082"></trkpt>
<trkpt lat="43.199506" lon="-3.806304"></trkpt>
<trkpt lat="43.199972" lon="-3.806583"></trkpt>
<trkpt lat="43.200281" lon="-3.806881"></trkpt>
<trkpt lat="43.200837" lon="-3.807337"></trkpt>
<trkpt lat="43.201072" lon="-3.807670"></trkpt>
<trkpt lat="43.201385" lon="-3.808397"></trkpt>
<trkpt lat="43.201728" lon="-3.809331"></trkpt>
<trkpt lat="43.201801" lon="-3.809409"></trkpt>
<trkpt lat="43.201900" lon="-3.809409"></trkpt>
<trkpt lat="43.201941" lon="-3.809379"></trkpt>
<trkpt lat="43.201982" lon="-3.809290"></trkpt>
<trkpt lat="43.201979" lon="-3.809142"></trkpt>
<trkpt lat="43.201743" lon="-3.808729"></trkpt>
<trkpt lat="43.201698" lon="-3.808516"></trkpt>
<trkpt lat="43.201671" lon="-3.808006"></trkpt>
<trkpt lat="43.201625" lon="-3.807705"></trkpt>
<trkpt lat="43.201511" lon="-3.807362"></trkpt>
<trkpt lat="43.201302" lon="-3.806924"></trkpt>
<trkpt lat="43.201240" lon="-3.806710"></trkpt>
<trkpt lat="43.201231" lon="-3.806410"></trkpt>
<trkpt lat="43.201261" lon="-3.805858"></trkpt>
<trkpt lat="43.201241" lon="-3.805017"></trkpt>
<trkpt lat="43.201282" lon="-3.804870"></trkpt>
<trkpt lat="43.201364" lon="-3.804769"></trkpt>
<trkpt lat="43.201479" lon="-3.804746"></trkpt>
<trkpt lat="43.201583" lon="-3.804788"></trkpt>
<trkpt lat="43.201652" lon="-3.804867"></trkpt>
<trkpt lat="43.202132" lon="-3.805771"></trkpt>
<trkpt lat="43.202289" lon="-3.805955"></trkpt>
<trkpt lat="43.202431" lon="-3.806051"></trkpt>
<trkpt lat="43.202659" lon="-3.806099"></trkpt>
<trkpt lat="43.203040" lon="-3.806046"></trkpt>
<trkpt lat="43.205343" lon="-3.805715"></trkpt>
<trkpt lat="43.206075" lon="-3.805570"></trkpt>
<trkpt lat="43.206880" lon="-3.805382"></trkpt>
<trkpt lat="43.207380" lon="-3.805264"></trkpt>
<trkpt lat="43.207918" lon="-3.805135"></trkpt>
<trkpt lat="43.208090" lon="-3.805107"></trkpt>
<trkpt lat="43.208522" lon="-3.805124"></trkpt>
<trkpt lat="43.208782" lon="-3.805203"></trkpt>
<trkpt lat="43.209544" lon="-3.805556"></trkpt>
<trkpt lat="43.210423" lon="-3.805981"></trkpt>
<trkpt lat="43.210617" lon="-3.806028"></trkpt>
<trkpt lat="43.210650" lon="-3.806016"></trkpt>
<trkpt lat="43.210936" lon="-3.805778"></trkpt>
<trkpt lat="43.211034" lon="-3.805700"></trkpt>
<trkpt lat="43.211211" lon="-3.805617"></trkpt>
<trkpt lat="43.211314" lon="-3.805637"></trkpt>
<trkpt lat="43.211590" lon="-3.805784"></trkpt>
<trkpt lat="43.211628" lon="-3.805808"></trkpt>
<trkpt lat="43.211817" lon="-3.805927"></trkpt>
<trkpt lat="43.212042" lon="-3.806011"></trkpt>
<trkpt lat="43.212411" lon="-3.806059"></trkpt>
<trkpt lat="43.212927" lon="-3.806097"></trkpt>
<trkpt lat="43.213112" lon="-3.806035"></trkpt>
<trkpt lat="43.213556" lon="-3.805837"></trkpt>
<trkpt lat="43.213720" lon="-3.805800"></trkpt>
<trkpt lat="43.213803" lon="-3.805812"></trkpt>
<trkpt lat="43.213934" lon="-3.805888"></trkpt>
<trkpt lat="43.214120" lon="-3.806102"></trkpt>
<trkpt lat="43.214216" lon="-3.806224"></trkpt>
<trkpt lat="43.214377" lon="-3.806367"></trkpt>
<trkpt lat="43.214643" lon="-3.806523"></trkpt>
<trkpt lat="43.215095" lon="-3.806712"></trkpt>
<trkpt lat="43.215241" lon="-3.806744"></trkpt>
<trkpt lat="43.215525" lon="-3.806741"></trkpt>
<trkpt lat="43.215795" lon="-3.806739"></trkpt>
<trkpt lat="43.215857" lon="-3.806743"></trkpt>
<trkpt lat="43.216484" lon="-3.806844"></trkpt>
<trkpt lat="43.216590" lon="-3.806903"></trkpt>
<trkpt lat="43.216712" lon="-3.806970"></trkpt>
<trkpt lat="43.217033" lon="-3.807105"></trkpt>
<trkpt lat="43.217285" lon="-3.807168"></trkpt>
<trkpt lat="43.217398" lon="-3.807182"></trkpt>
<trkpt lat="43.217502" lon="-3.807190"></trkpt>
<trkpt lat="43.217672" lon="-3.807184"></trkpt>
<trkpt lat="43.218058" lon="-3.807150"></trkpt>
<trkpt lat="43.218198" lon="-3.807133"></trkpt>
<trkpt lat="43.218259" lon="-3.807126"></trkpt>
<trkpt lat="43.218417" lon="-3.807160"></trkpt>
<trkpt lat="43.218709" lon="-3.807443"></trkpt>
<trkpt lat="43.218814" lon="-3.807599"></trkpt>
<trkpt lat="43.219047" lon="-3.808006"></trkpt>
<trkpt lat="43.219168" lon="-3.808205"></trkpt>
<trkpt lat="43.219227" lon="-3.808296"></trkpt>
<trkpt lat="43.219296" lon="-3.808378"></trkpt>
<trkpt lat="43.219302" lon="-3.808383"></trkpt>
<trkpt lat="43.219473" lon="-3.808468"></trkpt>
<trkpt lat="43.219758" lon="-3.808536"></trkpt>
<trkpt lat="43.220413" lon="-3.808681"></trkpt>
<trkpt lat="43.220479" lon="-3.808696"></trkpt>
<trkpt lat="43.221085" lon="-3.808831"></trkpt>
<trkpt lat="43.222897" lon="-3.809236"></trkpt>
<trkpt lat="43.223464" lon="-3.809364"></trkpt>
<trkpt lat="43.224044" lon="-3.809495"></trkpt>
<trkpt lat="43.226171" lon="-3.809980"></trkpt>
<trkpt lat="43.227343" lon="-3.810245"></trkpt>
<trkpt lat="43.227424" lon="-3.810266"></trkpt>
<trkpt lat="43.228137" lon="-3.810453"></trkpt>
<trkpt lat="43.228206" lon="-3.810542"></trkpt>
<trkpt lat="43.228259" lon="-3.810681"></trkpt>
<trkpt lat="43.228471" lon="-3.812102"></trkpt>
<trkpt lat="43.228537" lon="-3.812562"></trkpt>
<trkpt lat="43.228652" lon="-3.813360"></trkpt>
<trkpt lat="43.228674" lon="-3.813443"></trkpt>
<trkpt lat="43.228756" lon="-3.813634"></trkpt>
<trkpt lat="43.228823" lon="-3.813730"></trkpt>
<trkpt lat="43.228980" lon="-3.813882"></trkpt>
<trkpt lat="43.229088" lon="-3.813939"></trkpt>
<trkpt lat="43.230740" lon="-3.814709"></trkpt>
<trkpt lat="43.231523" lon="-3.815069"></trkpt>
<trkpt lat="43.233417" lon="-3.815944"></trkpt>
<trkpt lat="43.234410" lon="-3.816397"></trkpt>
<trkpt lat="43.234501" lon="-3.816439"></trkpt>
<trkpt lat="43.234641" lon="-3.816503"></trkpt>
<trkpt lat="43.234685" lon="-3.816523"></trkpt>
<trkpt lat="43.234875" lon="-3.816611"></trkpt>
<trkpt lat="43.235011" lon="-3.816673"></trkpt>
<trkpt lat="43.235299" lon="-3.816808"></trkpt>
<trkpt lat="43.235695" lon="-3.817011"></trkpt>
<trkpt lat="43.235979" lon="-3.817192"></trkpt>
<trkpt lat="43.236422" lon="-3.817585"></trkpt>
<trkpt lat="43.236818" lon="-3.818081"></trkpt>
<trkpt lat="43.237054" lon="-3.818468"></trkpt>
<trkpt lat="43.237158" lon="-3.818684"></trkpt>
<trkpt lat="43.237575" lon="-3.819736"></trkpt>
<trkpt lat="43.237790" lon="-3.820432"></trkpt>
<trkpt lat="43.237864" lon="-3.820863"></trkpt>
<trkpt lat="43.238005" lon="-3.822375"></trkpt>
<trkpt lat="43.238146" lon="-3.823007"></trkpt>
<trkpt lat="43.238487" lon="-3.823943"></trkpt>
<trkpt lat="43.238555" lon="-3.824112"></trkpt>
<trkpt lat="43.238704" lon="-3.824479"></trkpt>
<trkpt lat="43.238764" lon="-3.824627"></trkpt>
<trkpt lat="43.238893" lon="-3.824642"></trkpt>
<trkpt lat="43.239517" lon="-3.824919"></trkpt>
<trkpt lat="43.239691" lon="-3.824909"></trkpt>
<trkpt lat="43.239770" lon="-3.824858"></trkpt>
<trkpt lat="43.240049" lon="-3.824657"></trkpt>
<trkpt lat="43.240191" lon="-3.824660"></trkpt>
<trkpt lat="43.240687" lon="-3.825216"></trkpt>
<trkpt lat="43.240991" lon="-3.825452"></trkpt>
<trkpt lat="43.241092" lon="-3.825651"></trkpt>
<trkpt lat="43.241327" lon="-3.825929"></trkpt>
<trkpt lat="43.241811" lon="-3.825946"></trkpt>
<trkpt lat="43.241991" lon="-3.825849"></trkpt>
<trkpt lat="43.242347" lon="-3.825520"></trkpt>
<trkpt lat="43.242417" lon="-3.825729"></trkpt>
<trkpt lat="43.242592" lon="-3.825997"></trkpt>
<trkpt lat="43.242681" lon="-3.826137"></trkpt>
<trkpt lat="43.242867" lon="-3.826537"></trkpt>
<trkpt lat="43.243024" lon="-3.826648"></trkpt>
<trkpt lat="43.243141" lon="-3.826769"></trkpt>
<trkpt lat="43.243190" lon="-3.826720"></trkpt>
<trkpt lat="43.243423" lon="-3.826781"></trkpt>
<trkpt lat="43.243835" lon="-3.826972"></trkpt>
<trkpt lat="43.243862" lon="-3.826987"></trkpt>
<trkpt lat="43.243989" lon="-3.826923"></trkpt>
<trkpt lat="43.244173" lon="-3.827045"></trkpt>
<trkpt lat="43.244301" lon="-3.827176"></trkpt>
<trkpt lat="43.244413" lon="-3.827446"></trkpt>
<trkpt lat="43.244487" lon="-3.827849"></trkpt>
<trkpt lat="43.244730" lon="-3.827627"></trkpt>
<trkpt lat="43.244847" lon="-3.827537"></trkpt>
<trkpt lat="43.245035" lon="-3.827611"></trkpt>
<trkpt lat="43.245196" lon="-3.827710"></trkpt>
<trkpt lat="43.245336" lon="-3.827839"></trkpt>
<trkpt lat="43.245399" lon="-3.828019"></trkpt>
<trkpt lat="43.245417" lon="-3.828240"></trkpt>
<trkpt lat="43.245446" lon="-3.828318"></trkpt>
<trkpt lat="43.245596" lon="-3.828425"></trkpt>
<trkpt lat="43.245624" lon="-3.828521"></trkpt>
<trkpt lat="43.245549" lon="-3.828843"></trkpt>
<trkpt lat="43.245707" lon="-3.828915"></trkpt>
<trkpt lat="43.245892" lon="-3.829043"></trkpt>
<trkpt lat="43.246055" lon="-3.829194"></trkpt>
<trkpt lat="43.246231" lon="-3.829339"></trkpt>
<trkpt lat="43.246345" lon="-3.829479"></trkpt>
<trkpt lat="43.246474" lon="-3.829729"></trkpt>
<trkpt lat="43.246639" lon="-3.830132"></trkpt>
<trkpt lat="43.246717" lon="-3.830341"></trkpt>
<trkpt lat="43.246923" lon="-3.830665"></trkpt>
<trkpt lat="43.247046" lon="-3.830863"></trkpt>
<trkpt lat="43.247242" lon="-3.831342"></trkpt>
<trkpt lat="43.247485" lon="-3.831792"></trkpt>
<trkpt lat="43.247796" lon="-3.832204"></trkpt>
<trkpt lat="43.248258" lon="-3.832649"></trkpt>
<trkpt lat="43.248662" lon="-3.833015"></trkpt>
<trkpt lat="43.248934" lon="-3.833503"></trkpt>
<trkpt lat="43.248997" lon="-3.833579"></trkpt>
<trkpt lat="43.249024" lon="-3.833595"></trkpt>
<trkpt lat="43.249379" lon="-3.833813"></trkpt>
<trkpt lat="43.249639" lon="-3.834047"></trkpt>
<trkpt lat="43.250052" lon="-3.834344"></trkpt>
<trkpt lat="43.250337" lon="-3.834479"></trkpt>
<trkpt lat="43.250520" lon="-3.834604"></trkpt>
<trkpt lat="43.250647" lon="-3.834780"></trkpt>
<trkpt lat="43.250817" lon="-3.835266"></trkpt>
<trkpt lat="43.250967" lon="-3.835612"></trkpt>
<trkpt lat="43.251364" lon="-3.836264"></trkpt>
<trkpt lat="43.251439" lon="-3.836570"></trkpt>
<trkpt lat="43.251504" lon="-3.836776"></trkpt>
<trkpt lat="43.251742" lon="-3.837267"></trkpt>
<trkpt lat="43.252112" lon="-3.837562"></trkpt>
<trkpt lat="43.252204" lon="-3.837726"></trkpt>
<trkpt lat="43.252423" lon="-3.838358"></trkpt>
<trkpt lat="43.252683" lon="-3.839250"></trkpt>
<trkpt lat="43.252785" lon="-3.839396"></trkpt>
<trkpt lat="43.252871" lon="-3.839462"></trkpt>
<trkpt lat="43.253053" lon="-3.839527"></trkpt>
<trkpt lat="43.253267" lon="-3.839558"></trkpt>
<trkpt lat="43.253513" lon="-3.839904"></trkpt>
<trkpt lat="43.254082" lon="-3.840312"></trkpt>
<trkpt lat="43.254185" lon="-3.840354"></trkpt>
<trkpt lat="43.254535" lon="-3.840386"></trkpt>
<trkpt lat="43.254721" lon="-3.840432"></trkpt>
<trkpt lat="43.254957" lon="-3.840558"></trkpt>
<trkpt lat="43.255134" lon="-3.840743"></trkpt>
<trkpt lat="43.255485" lon="-3.841245"></trkpt>
<trkpt lat="43.255541" lon="-3.841281"></trkpt>
<trkpt lat="43.256778" lon="-3.841662"></trkpt>
<trkpt lat="43.257562" lon="-3.842142"></trkpt>
<trkpt lat="43.257751" lon="-3.842142"></trkpt>
<trkpt lat="43.258158" lon="-3.842037"></trkpt>
<trkpt lat="43.258269" lon="-3.841993"></trkpt>
<trkpt lat="43.258466" lon="-3.841975"></trkpt>
<trkpt lat="43.258623" lon="-3.842019"></trkpt>
<trkpt lat="43.259108" lon="-3.842324"></trkpt>
<trkpt lat="43.259212" lon="-3.842389"></trkpt>
<trkpt lat="43.259403" lon="-3.842508"></trkpt>
<trkpt lat="43.259371" lon="-3.842809"></trkpt>
<trkpt lat="43.259322" lon="-3.843015"></trkpt>
<trkpt lat="43.259260" lon="-3.843157"></trkpt>
<trkpt lat="43.258966" lon="-3.843395"></trkpt>
<trkpt lat="43.258911" lon="-3.843530"></trkpt>
<trkpt lat="43.258902" lon="-3.843809"></trkpt>
<trkpt lat="43.258956" lon="-3.844065"></trkpt>
<trkpt lat="43.258970" lon="-3.844186"></trkpt>
<trkpt lat="43.258959" lon="-3.844316"></trkpt>
<trkpt lat="43.258894" lon="-3.844566"></trkpt>
<trkpt lat="43.258584" lon="-3.845565"></trkpt>
<trkpt lat="43.258359" lon="-3.846291"></trkpt>
<trkpt lat="43.258273" lon="-3.846561"></trkpt>
<trkpt lat="43.258026" lon="-3.847323"></trkpt>
<trkpt lat="43.257900" lon="-3.847927"></trkpt>
<trkpt lat="43.257872" lon="-3.848279"></trkpt>
<trkpt lat="43.257943" lon="-3.848712"></trkpt>
<trkpt lat="43.257983" lon="-3.849148"></trkpt>
<trkpt lat="43.257982" lon="-3.849203"></trkpt>
<trkpt lat="43.258030" lon="-3.849360"></trkpt>
<trkpt lat="43.258169" lon="-3.849435"></trkpt>
<trkpt lat="43.258581" lon="-3.849448"></trkpt>
<trkpt lat="43.258680" lon="-3.849477"></trkpt>
<trkpt lat="43.258759" lon="-3.849565"></trkpt>
<trkpt lat="43.258800" lon="-3.849680"></trkpt>
<trkpt lat="43.258823" lon="-3.849848"></trkpt>
<trkpt lat="43.258853" lon="-3.849851"></trkpt>
<trkpt lat="43.259063" lon="-3.849867"></trkpt>
<trkpt lat="43.259563" lon="-3.849898"></trkpt>
<trkpt lat="43.262641" lon="-3.850081"></trkpt>
<trkpt lat="43.263986" lon="-3.850135"></trkpt>
<trkpt lat="43.264130" lon="-3.850121"></trkpt>
<trkpt lat="43.264330" lon="-3.850081"></trkpt>
<trkpt lat="43.264615" lon="-3.849966"></trkpt>
<trkpt lat="43.265371" lon="-3.849514"></trkpt>
<trkpt lat="43.265697" lon="-3.849386"></trkpt>
<trkpt lat="43.266037" lon="-3.849343"></trkpt>
<trkpt lat="43.267090" lon="-3.849406"></trkpt>
<trkpt lat="43.267453" lon="-3.849430"></trkpt>
<trkpt lat="43.267807" lon="-3.849453"></trkpt>
<trkpt lat="43.268361" lon="-3.849475"></trkpt>
<trkpt lat="43.268668" lon="-3.849416"></trkpt>
<trkpt lat="43.268979" lon="-3.849263"></trkpt>
<trkpt lat="43.269590" lon="-3.848780"></trkpt>
<trkpt lat="43.269764" lon="-3.848702"></trkpt>
<trkpt lat="43.269984" lon="-3.848659"></trkpt>
<trkpt lat="43.270539" lon="-3.848700"></trkpt>
<trkpt lat="43.270795" lon="-3.848659"></trkpt>
<trkpt lat="43.271683" lon="-3.848407"></trkpt>
<trkpt lat="43.271855" lon="-3.848332"></trkpt>
<trkpt lat="43.272060" lon="-3.848190"></trkpt>
<trkpt lat="43.272269" lon="-3.847935"></trkpt>
<trkpt lat="43.272424" lon="-3.847632"></trkpt>
<trkpt lat="43.272529" lon="-3.847216"></trkpt>
<trkpt lat="43.272548" lon="-3.846836"></trkpt>
<trkpt lat="43.272498" lon="-3.845513"></trkpt>
<trkpt lat="43.272547" lon="-3.845095"></trkpt>
<trkpt lat="43.272624" lon="-3.844815"></trkpt>
<trkpt lat="43.272784" lon="-3.844463"></trkpt>
<trkpt lat="43.272953" lon="-3.844207"></trkpt>
<trkpt lat="43.274008" lon="-3.842881"></trkpt>
<trkpt lat="43.274284" lon="-3.842656"></trkpt>
<trkpt lat="43.274814" lon="-3.842373"></trkpt>
<trkpt lat="43.275078" lon="-3.842191"></trkpt>
<trkpt lat="43.275323" lon="-3.841920"></trkpt>
<trkpt lat="43.275880" lon="-3.841197"></trkpt>
<trkpt lat="43.276157" lon="-3.840880"></trkpt>
<trkpt lat="43.276732" lon="-3.840345"></trkpt>
<trkpt lat="43.277769" lon="-3.839486"></trkpt>
<trkpt lat="43.278028" lon="-3.839370"></trkpt>
<trkpt lat="43.278330" lon="-3.839338"></trkpt>
<trkpt lat="43.278660" lon="-3.839435"></trkpt>
<trkpt lat="43.278963" lon="-3.839639"></trkpt>
<trkpt lat="43.279539" lon="-3.840156"></trkpt>
<trkpt lat="43.279882" lon="-3.840330"></trkpt>
<trkpt lat="43.280406" lon="-3.840445"></trkpt>
<trkpt lat="43.280607" lon="-3.840459"></trkpt>
<trkpt lat="43.280777" lon="-3.840427"></trkpt>
<trkpt lat="43.280985" lon="-3.840341"></trkpt>
<trkpt lat="43.281237" lon="-3.840145"></trkpt>
<trkpt lat="43.281431" lon="-3.839947"></trkpt>
<trkpt lat="43.281870" lon="-3.839539"></trkpt>
<trkpt lat="43.282165" lon="-3.839357"></trkpt>
<trkpt lat="43.282590" lon="-3.839145"></trkpt>
<trkpt lat="43.282760" lon="-3.839094"></trkpt>
<trkpt lat="43.282987" lon="-3.839080"></trkpt>
<trkpt lat="43.283273" lon="-3.839176"></trkpt>
<trkpt lat="43.283892" lon="-3.839501"></trkpt>
<trkpt lat="43.284028" lon="-3.839580"></trkpt>
<trkpt lat="43.284697" lon="-3.839964"></trkpt>
<trkpt lat="43.284884" lon="-3.840071"></trkpt>
<trkpt lat="43.285457" lon="-3.840357"></trkpt>
<trkpt lat="43.285956" lon="-3.840470"></trkpt>
<trkpt lat="43.286415" lon="-3.840454"></trkpt>
<trkpt lat="43.287072" lon="-3.840325"></trkpt>
<trkpt lat="43.287883" lon="-3.840163"></trkpt>
<trkpt lat="43.288215" lon="-3.840114"></trkpt>
<trkpt lat="43.288932" lon="-3.840031"></trkpt>
<trkpt lat="43.289082" lon="-3.840046"></trkpt>
<trkpt lat="43.289226" lon="-3.840088"></trkpt>
<trkpt lat="43.289560" lon="-3.840236"></trkpt>
<trkpt lat="43.290324" lon="-3.840645"></trkpt>
<trkpt lat="43.291151" lon="-3.841129"></trkpt>
<trkpt lat="43.292795" lon="-3.842282"></trkpt>
<trkpt lat="43.293443" lon="-3.842646"></trkpt>
<trkpt lat="43.294516" lon="-3.843187"></trkpt>
<trkpt lat="43.294928" lon="-3.843420"></trkpt>
<trkpt lat="43.295179" lon="-3.843618"></trkpt>
<trkpt lat="43.295442" lon="-3.843908"></trkpt>
<trkpt lat="43.296294" lon="-3.845280"></trkpt>
<trkpt lat="43.296497" lon="-3.845551"></trkpt>
<trkpt lat="43.297123" lon="-3.846157"></trkpt>
<trkpt lat="43.297324" lon="-3.846406"></trkpt>
<trkpt lat="43.297577" lon="-3.846870"></trkpt>
<trkpt lat="43.297744" lon="-3.847324"></trkpt>
<trkpt lat="43.298050" lon="-3.848294"></trkpt>
<trkpt lat="43.298108" lon="-3.848608"></trkpt>
<trkpt lat="43.298140" lon="-3.849035"></trkpt>
<trkpt lat="43.298148" lon="-3.849882"></trkpt>
<trkpt lat="43.298107" lon="-3.850309"></trkpt>
<trkpt lat="43.297978" lon="-3.850853"></trkpt>
<trkpt lat="43.297742" lon="-3.851650"></trkpt>
<trkpt lat="43.297657" lon="-3.852180"></trkpt>
<trkpt lat="43.297649" lon="-3.852467"></trkpt>
<trkpt lat="43.297736" lon="-3.853474"></trkpt>
<trkpt lat="43.297831" lon="-3.853903"></trkpt>
<trkpt lat="43.297902" lon="-3.854085"></trkpt>
<trkpt lat="43.298016" lon="-3.854281"></trkpt>
<trkpt lat="43.298225" lon="-3.854525"></trkpt>
<trkpt lat="43.298510" lon="-3.854731"></trkpt>
<trkpt lat="43.298842" lon="-3.854879"></trkpt>
<trkpt lat="43.299168" lon="-3.854954"></trkpt>
<trkpt lat="43.299461" lon="-3.854943"></trkpt>
<trkpt lat="43.299707" lon="-3.854863"></trkpt>
<trkpt lat="43.300082" lon="-3.854648"></trkpt>
<trkpt lat="43.301575" lon="-3.853798"></trkpt>
<trkpt lat="43.301897" lon="-3.853672"></trkpt>
<trkpt lat="43.302260" lon="-3.853583"></trkpt>
<trkpt lat="43.302604" lon="-3.853559"></trkpt>
<trkpt lat="43.302979" lon="-3.853586"></trkpt>
<trkpt lat="43.303935" lon="-3.853758"></trkpt>
<trkpt lat="43.304711" lon="-3.853848"></trkpt>
<trkpt lat="43.305061" lon="-3.853870"></trkpt>
<trkpt lat="43.305723" lon="-3.853885"></trkpt>
<trkpt lat="43.306775" lon="-3.853815"></trkpt>
<trkpt lat="43.307640" lon="-3.853752"></trkpt>
<trkpt lat="43.308040" lon="-3.853723"></trkpt>
<trkpt lat="43.308086" lon="-3.853720"></trkpt>
<trkpt lat="43.308268" lon="-3.853708"></trkpt>
<trkpt lat="43.309016" lon="-3.853652"></trkpt>
<trkpt lat="43.309438" lon="-3.853620"></trkpt>
<trkpt lat="43.309688" lon="-3.853606"></trkpt>
<trkpt lat="43.309868" lon="-3.853611"></trkpt>
<trkpt lat="43.310094" lon="-3.853635"></trkpt>
<trkpt lat="43.310309" lon="-3.853661"></trkpt>
<trkpt lat="43.310437" lon="-3.853676"></trkpt>
<trkpt lat="43.310581" lon="-3.853694"></trkpt>
<trkpt lat="43.310645" lon="-3.853701"></trkpt>
<trkpt lat="43.310910" lon="-3.853733"></trkpt>
<trkpt lat="43.311051" lon="-3.853750"></trkpt>
<trkpt lat="43.311396" lon="-3.853793"></trkpt>
<trkpt lat="43.311738" lon="-3.853833"></trkpt>
<trkpt lat="43.311973" lon="-3.853862"></trkpt>
<trkpt lat="43.311986" lon="-3.853864"></trkpt>
<trkpt lat="43.312416" lon="-3.853915"></trkpt>
<trkpt lat="43.312796" lon="-3.853962"></trkpt>
<trkpt lat="43.312868" lon="-3.853970"></trkpt>
<trkpt lat="43.313292" lon="-3.854022"></trkpt>
<trkpt lat="43.313542" lon="-3.854055"></trkpt>
<trkpt lat="43.313636" lon="-3.854072"></trkpt>
<trkpt lat="43.313751" lon="-3.854093"></trkpt>
<trkpt lat="43.314461" lon="-3.854296"></trkpt>
<trkpt lat="43.314864" lon="-3.854417"></trkpt>
<trkpt lat="43.314916" lon="-3.854432"></trkpt>
<trkpt lat="43.315400" lon="-3.854582"></trkpt>
<trkpt lat="43.315694" lon="-3.854678"></trkpt>
<trkpt lat="43.316024" lon="-3.854773"></trkpt>
<trkpt lat="43.316159" lon="-3.854761"></trkpt>
<trkpt lat="43.316909" lon="-3.854436"></trkpt>
<trkpt lat="43.317144" lon="-3.854336"></trkpt>
<trkpt lat="43.317354" lon="-3.854259"></trkpt>
<trkpt lat="43.317886" lon="-3.854081"></trkpt>
<trkpt lat="43.317916" lon="-3.854072"></trkpt>
<trkpt lat="43.318463" lon="-3.853896"></trkpt>
<trkpt lat="43.318644" lon="-3.853839"></trkpt>
<trkpt lat="43.319386" lon="-3.853602"></trkpt>
<trkpt lat="43.319612" lon="-3.853528"></trkpt>
<trkpt lat="43.319732" lon="-3.853490"></trkpt>
<trkpt lat="43.319882" lon="-3.853441"></trkpt>
<trkpt lat="43.320242" lon="-3.853342"></trkpt>
<trkpt lat="43.320928" lon="-3.853219"></trkpt>
<trkpt lat="43.321106" lon="-3.853202"></trkpt>
<trkpt lat="43.321154" lon="-3.853197"></trkpt>
<trkpt lat="43.321191" lon="-3.853194"></trkpt>
<trkpt lat="43.321269" lon="-3.853187"></trkpt>
<trkpt lat="43.321385" lon="-3.853176"></trkpt>
<trkpt lat="43.321455" lon="-3.853169"></trkpt>
<trkpt lat="43.321524" lon="-3.853162"></trkpt>
<trkpt lat="43.321612" lon="-3.853154"></trkpt>
<trkpt lat="43.321805" lon="-3.853134"></trkpt>
<trkpt lat="43.321840" lon="-3.853131"></trkpt>
<trkpt lat="43.322044" lon="-3.853111"></trkpt>
<trkpt lat="43.322114" lon="-3.853103"></trkpt>
<trkpt lat="43.322696" lon="-3.853046"></trkpt>
<trkpt lat="43.322784" lon="-3.853030"></trkpt>
<trkpt lat="43.322866" lon="-3.853014"></trkpt>
<trkpt lat="43.323328" lon="-3.852915"></trkpt>
<trkpt lat="43.323412" lon="-3.852892"></trkpt>
<trkpt lat="43.323676" lon="-3.852824"></trkpt>
<trkpt lat="43.323838" lon="-3.852777"></trkpt>
<trkpt lat="43.324053" lon="-3.852715"></trkpt>
<trkpt lat="43.324214" lon="-3.852668"></trkpt>
<trkpt lat="43.324274" lon="-3.852651"></trkpt>
<trkpt lat="43.324457" lon="-3.852599"></trkpt>
<trkpt lat="43.324554" lon="-3.852572"></trkpt>
<trkpt lat="43.325007" lon="-3.852443"></trkpt>
<trkpt lat="43.325285" lon="-3.852359"></trkpt>
<trkpt lat="43.325352" lon="-3.852339"></trkpt>
<trkpt lat="43.325426" lon="-3.852317"></trkpt>
<trkpt lat="43.325674" lon="-3.852242"></trkpt>
<trkpt lat="43.325959" lon="-3.852161"></trkpt>
<trkpt lat="43.325972" lon="-3.852157"></trkpt>
<trkpt lat="43.326120" lon="-3.852115"></trkpt>
<trkpt lat="43.326150" lon="-3.852106"></trkpt>
<trkpt lat="43.326362" lon="-3.852046"></trkpt>
<trkpt lat="43.326572" lon="-3.851985"></trkpt>
<trkpt lat="43.326687" lon="-3.851953"></trkpt>
<trkpt lat="43.326750" lon="-3.851936"></trkpt>
<trkpt lat="43.327009" lon="-3.851864"></trkpt>
<trkpt lat="43.327172" lon="-3.851819"></trkpt>
<trkpt lat="43.327203" lon="-3.851810"></trkpt>
<trkpt lat="43.327902" lon="-3.851613"></trkpt>
<trkpt lat="43.327970" lon="-3.851594"></trkpt>
<trkpt lat="43.328228" lon="-3.851521"></trkpt>
<trkpt lat="43.328391" lon="-3.851474"></trkpt>
<trkpt lat="43.328611" lon="-3.851412"></trkpt>
<trkpt lat="43.328630" lon="-3.851406"></trkpt>
<trkpt lat="43.328667" lon="-3.851396"></trkpt>
<trkpt lat="43.328830" lon="-3.851349"></trkpt>
<trkpt lat="43.328947" lon="-3.851315"></trkpt>
<trkpt lat="43.329228" lon="-3.851230"></trkpt>
<trkpt lat="43.329850" lon="-3.851055"></trkpt>
<trkpt lat="43.329943" lon="-3.851029"></trkpt>
<trkpt lat="43.329935" lon="-3.850964"></trkpt>
<trkpt lat="43.330008" lon="-3.850891"></trkpt>
<trkpt lat="43.330078" lon="-3.850743"></trkpt>
<trkpt lat="43.330161" lon="-3.850648"></trkpt>
<trkpt lat="43.330204" lon="-3.850526"></trkpt>
<trkpt lat="43.330248" lon="-3.850533"></trkpt>
<trkpt lat="43.330252" lon="-3.850515"></trkpt>
<trkpt lat="43.330317" lon="-3.850120"></trkpt>
<trkpt lat="43.331498" lon="-3.847092"></trkpt>
<trkpt lat="43.331714" lon="-3.846378"></trkpt>
<trkpt lat="43.331863" lon="-3.845709"></trkpt>
<trkpt lat="43.331946" lon="-3.845728"></trkpt>
<trkpt lat="43.332017" lon="-3.845746"></trkpt>
<trkpt lat="43.333358" lon="-3.846050"></trkpt>
<trkpt lat="43.335290" lon="-3.846495"></trkpt>
<trkpt lat="43.335334" lon="-3.846469"></trkpt>
<trkpt lat="43.335730" lon="-3.847288"></trkpt>
<trkpt lat="43.335735" lon="-3.847344"></trkpt>
<trkpt lat="43.335556" lon="-3.848453"></trkpt>
<trkpt lat="43.335558" lon="-3.848622"></trkpt>
<trkpt lat="43.335619" lon="-3.848676"></trkpt>
<trkpt lat="43.336062" lon="-3.848786"></trkpt>
<trkpt lat="43.336419" lon="-3.848931"></trkpt>
<trkpt lat="43.337585" lon="-3.849272"></trkpt>
<trkpt lat="43.337611" lon="-3.849283"></trkpt>
<trkpt lat="43.338057" lon="-3.849473"></trkpt>
<trkpt lat="43.338405" lon="-3.849660"></trkpt>
<trkpt lat="43.338755" lon="-3.849912"></trkpt>
<trkpt lat="43.339262" lon="-3.850373"></trkpt>
<trkpt lat="43.339630" lon="-3.850793"></trkpt>
<trkpt lat="43.339937" lon="-3.851230"></trkpt>
<trkpt lat="43.340251" lon="-3.851757"></trkpt>
<trkpt lat="43.340516" lon="-3.852312"></trkpt>
<trkpt lat="43.340768" lon="-3.853092"></trkpt>
<trkpt lat="43.340944" lon="-3.853751"></trkpt>
<trkpt lat="43.341453" lon="-3.855466"></trkpt>
<trkpt lat="43.341734" lon="-3.856595"></trkpt>
<trkpt lat="43.342130" lon="-3.858453"></trkpt>
<trkpt lat="43.342251" lon="-3.858989"></trkpt>
<trkpt lat="43.342412" lon="-3.859713"></trkpt>
<trkpt lat="43.342479" lon="-3.859971"></trkpt>
<trkpt lat="43.342555" lon="-3.860162"></trkpt>
<trkpt lat="43.342634" lon="-3.860315"></trkpt>
<trkpt lat="43.342844" lon="-3.860604"></trkpt>
<trkpt lat="43.342977" lon="-3.860732"></trkpt>
<trkpt lat="43.343128" lon="-3.860830"></trkpt>
<trkpt lat="43.343457" lon="-3.860972"></trkpt>
<trkpt lat="43.343793" lon="-3.861009"></trkpt>
<trkpt lat="43.344053" lon="-3.860911"></trkpt>
<trkpt lat="43.344250" lon="-3.860851"></trkpt>
<trkpt lat="43.344392" lon="-3.860841"></trkpt>
<trkpt lat="43.344693" lon="-3.860938"></trkpt>
<trkpt lat="43.345473" lon="-3.861288"></trkpt>
<trkpt lat="43.345830" lon="-3.861482"></trkpt>
<trkpt lat="43.347170" lon="-3.862431"></trkpt>
<trkpt lat="43.347415" lon="-3.862531"></trkpt>
<trkpt lat="43.347645" lon="-3.862558"></trkpt>
<trkpt lat="43.348117" lon="-3.862459"></trkpt>
<trkpt lat="43.348500" lon="-3.862341"></trkpt>
<trkpt lat="43.348573" lon="-3.862316"></trkpt>
<trkpt lat="43.349037" lon="-3.862132"></trkpt>
<trkpt lat="43.349097" lon="-3.862017"></trkpt>
<trkpt lat="43.349323" lon="-3.861805"></trkpt>
<trkpt lat="43.349357" lon="-3.861755"></trkpt>
<trkpt lat="43.350526" lon="-3.860052"></trkpt>
<trkpt lat="43.350685" lon="-3.859847"></trkpt>
<trkpt lat="43.350665" lon="-3.859726"></trkpt>
<trkpt lat="43.350745" lon="-3.859597"></trkpt>
<trkpt lat="43.350829" lon="-3.859278"></trkpt>
<trkpt lat="43.350839" lon="-3.858786"></trkpt>
<trkpt lat="43.350682" lon="-3.857581"></trkpt>
<trkpt lat="43.350628" lon="-3.857331"></trkpt>
<trkpt lat="43.350642" lon="-3.857125"></trkpt>
<trkpt lat="43.350716" lon="-3.856414"></trkpt>
<trkpt lat="43.350825" lon="-3.856020"></trkpt>
<trkpt lat="43.351261" lon="-3.855149"></trkpt>
<trkpt lat="43.351305" lon="-3.855064"></trkpt>
<trkpt lat="43.352000" lon="-3.853806"></trkpt>
<trkpt lat="43.352262" lon="-3.853439"></trkpt>
<trkpt lat="43.352786" lon="-3.853478"></trkpt>
<trkpt lat="43.353050" lon="-3.853577"></trkpt>
<trkpt lat="43.353135" lon="-3.853577"></trkpt>
<trkpt lat="43.353492" lon="-3.853374"></trkpt>
<trkpt lat="43.356308" lon="-3.853633"></trkpt>
<trkpt lat="43.356658" lon="-3.853664"></trkpt>
<trkpt lat="43.357505" lon="-3.853810"></trkpt>
<trkpt lat="43.358836" lon="-3.854255"></trkpt>
<trkpt lat="43.359271" lon="-3.854364"></trkpt>
<trkpt lat="43.360239" lon="-3.854548"></trkpt>
<trkpt lat="43.360333" lon="-3.854552"></trkpt>
<trkpt lat="43.360548" lon="-3.854561"></trkpt>
<trkpt lat="43.361226" lon="-3.854567"></trkpt>
<trkpt lat="43.362038" lon="-3.854491"></trkpt>
<trkpt lat="43.362840" lon="-3.854297"></trkpt>
<trkpt lat="43.364568" lon="-3.853943"></trkpt>
<trkpt lat="43.366822" lon="-3.853486"></trkpt>
<trkpt lat="43.367088" lon="-3.853421"></trkpt>
<trkpt lat="43.367340" lon="-3.853316"></trkpt>
<trkpt lat="43.367667" lon="-3.853128"></trkpt>
<trkpt lat="43.367881" lon="-3.852932"></trkpt>
<trkpt lat="43.368198" lon="-3.852533"></trkpt>
<trkpt lat="43.368403" lon="-3.852202"></trkpt>
<trkpt lat="43.368566" lon="-3.851857"></trkpt>
<trkpt lat="43.368696" lon="-3.851431"></trkpt>
<trkpt lat="43.368909" lon="-3.850573"></trkpt>
<trkpt lat="43.369106" lon="-3.849903"></trkpt>
<trkpt lat="43.369283" lon="-3.849525"></trkpt>
<trkpt lat="43.369550" lon="-3.849133"></trkpt>
<trkpt lat="43.369685" lon="-3.848988"></trkpt>
<trkpt lat="43.369761" lon="-3.848914"></trkpt>
<trkpt lat="43.370204" lon="-3.848638"></trkpt>
<trkpt lat="43.370658" lon="-3.848524"></trkpt>
<trkpt lat="43.371153" lon="-3.848582"></trkpt>
<trkpt lat="43.371304" lon="-3.848646"></trkpt>
<trkpt lat="43.371499" lon="-3.848761"></trkpt>
<trkpt lat="43.373365" lon="-3.849971"></trkpt>
<trkpt lat="43.373593" lon="-3.850063"></trkpt>
<trkpt lat="43.373976" lon="-3.850101"></trkpt>
<trkpt lat="43.374214" lon="-3.850086"></trkpt>
<trkpt lat="43.374396" lon="-3.850022"></trkpt>
<trkpt lat="43.374763" lon="-3.849822"></trkpt>
<trkpt lat="43.374918" lon="-3.849685"></trkpt>
<trkpt lat="43.375596" lon="-3.849086"></trkpt>
<trkpt lat="43.376036" lon="-3.848650"></trkpt>
<trkpt lat="43.376198" lon="-3.848525"></trkpt>
<trkpt lat="43.376656" lon="-3.848269"></trkpt>
<trkpt lat="43.377378" lon="-3.848094"></trkpt>
<trkpt lat="43.377733" lon="-3.848108"></trkpt>
<trkpt lat="43.378301" lon="-3.848281"></trkpt>
<trkpt lat="43.378811" lon="-3.848505"></trkpt>
<trkpt lat="43.379108" lon="-3.848566"></trkpt>
<trkpt lat="43.379639" lon="-3.848501"></trkpt>
<trkpt lat="43.379829" lon="-3.848427"></trkpt>
<trkpt lat="43.380037" lon="-3.848303"></trkpt>
<trkpt lat="43.380194" lon="-3.848189"></trkpt>
<trkpt lat="43.380439" lon="-3.847945"></trkpt>
<trkpt lat="43.380669" lon="-3.847586"></trkpt>
<trkpt lat="43.380700" lon="-3.847525"></trkpt>
<trkpt lat="43.380862" lon="-3.847159"></trkpt>
<trkpt lat="43.380954" lon="-3.846854"></trkpt>
<trkpt lat="43.380991" lon="-3.846692"></trkpt>
<trkpt lat="43.381039" lon="-3.846249"></trkpt>
<trkpt lat="43.380960" lon="-3.844903"></trkpt>
<trkpt lat="43.380909" lon="-3.844402"></trkpt>
<trkpt lat="43.380905" lon="-3.844067"></trkpt>
<trkpt lat="43.380935" lon="-3.843717"></trkpt>
<trkpt lat="43.381118" lon="-3.843123"></trkpt>
<trkpt lat="43.381129" lon="-3.843098"></trkpt>
<trkpt lat="43.382064" lon="-3.840908"></trkpt>
<trkpt lat="43.382528" lon="-3.839914"></trkpt>
<trkpt lat="43.383099" lon="-3.838901"></trkpt>
<trkpt lat="43.383651" lon="-3.838040"></trkpt>
<trkpt lat="43.384575" lon="-3.836700"></trkpt>
<trkpt lat="43.384714" lon="-3.836541"></trkpt>
<trkpt lat="43.384989" lon="-3.835949"></trkpt>
<trkpt lat="43.385055" lon="-3.835973"></trkpt>
<trkpt lat="43.387375" lon="-3.832516"></trkpt>
<trkpt lat="43.388087" lon="-3.831460"></trkpt>
<trkpt lat="43.389008" lon="-3.830071"></trkpt>
<trkpt lat="43.389202" lon="-3.829823"></trkpt>
<trkpt lat="43.389704" lon="-3.829406"></trkpt>
<trkpt lat="43.391017" lon="-3.828759"></trkpt>
<trkpt lat="43.391651" lon="-3.828443"></trkpt>
<trkpt lat="43.391948" lon="-3.828295"></trkpt>
<trkpt lat="43.393440" lon="-3.827554"></trkpt>
<trkpt lat="43.394004" lon="-3.827274"></trkpt>
<trkpt lat="43.394188" lon="-3.827174"></trkpt>
<trkpt lat="43.394728" lon="-3.826900"></trkpt>
<trkpt lat="43.394912" lon="-3.826747"></trkpt>
<trkpt lat="43.395187" lon="-3.826398"></trkpt>
<trkpt lat="43.395379" lon="-3.825993"></trkpt>
<trkpt lat="43.395658" lon="-3.825011"></trkpt>
<trkpt lat="43.395744" lon="-3.824976"></trkpt>
<trkpt lat="43.395766" lon="-3.824950"></trkpt>
<trkpt lat="43.395781" lon="-3.824945"></trkpt>
<trkpt lat="43.395833" lon="-3.824989"></trkpt>
<trkpt lat="43.395834" lon="-3.824996"></trkpt>
<trkpt lat="43.395821" lon="-3.825054"></trkpt>
<trkpt lat="43.395794" lon="-3.825076"></trkpt>
<trkpt lat="43.395752" lon="-3.825236"></trkpt>
<trkpt lat="43.395794" lon="-3.825076"></trkpt>
<trkpt lat="43.395740" lon="-3.825039"></trkpt>
<trkpt lat="43.395744" lon="-3.824976"></trkpt>
<trkpt lat="43.395766" lon="-3.824950"></trkpt>
<trkpt lat="43.395781" lon="-3.824945"></trkpt>
<trkpt lat="43.395846" lon="-3.824820"></trkpt>
<trkpt lat="43.395924" lon="-3.824349"></trkpt>
<trkpt lat="43.396131" lon="-3.823534"></trkpt>
<trkpt lat="43.396224" lon="-3.823187"></trkpt>
<trkpt lat="43.396344" lon="-3.822741"></trkpt>
<trkpt lat="43.396662" lon="-3.821564"></trkpt>
<trkpt lat="43.396681" lon="-3.821493"></trkpt>
<trkpt lat="43.396637" lon="-3.821453"></trkpt>
<trkpt lat="43.396650" lon="-3.821405"></trkpt>
<trkpt lat="43.396721" lon="-3.821148"></trkpt>
<trkpt lat="43.396904" lon="-3.820482"></trkpt>
<trkpt lat="43.397034" lon="-3.820109"></trkpt>
<trkpt lat="43.397047" lon="-3.820077"></trkpt>
<trkpt lat="43.397098" lon="-3.819973"></trkpt>
<trkpt lat="43.397087" lon="-3.819663"></trkpt>
<trkpt lat="43.397074" lon="-3.819599"></trkpt>
<trkpt lat="43.397098" lon="-3.819552"></trkpt>
<trkpt lat="43.397227" lon="-3.819683"></trkpt>
<trkpt lat="43.397279" lon="-3.819687"></trkpt>
<trkpt lat="43.397321" lon="-3.819729"></trkpt>
<trkpt lat="43.397341" lon="-3.819818"></trkpt>
<trkpt lat="43.397334" lon="-3.819869"></trkpt>
<trkpt lat="43.397442" lon="-3.820138"></trkpt>
<trkpt lat="43.397994" lon="-3.821083"></trkpt>
<trkpt lat="43.398183" lon="-3.821308"></trkpt>
<trkpt lat="43.398314" lon="-3.821383"></trkpt>
<trkpt lat="43.398361" lon="-3.821381"></trkpt>
<trkpt lat="43.398413" lon="-3.821445"></trkpt>
<trkpt lat="43.398405" lon="-3.821539"></trkpt>
<trkpt lat="43.398497" lon="-3.821759"></trkpt>
<trkpt lat="43.398512" lon="-3.821778"></trkpt>
<trkpt lat="43.398571" lon="-3.821875"></trkpt>
<trkpt lat="43.398686" lon="-3.822040"></trkpt>
<trkpt lat="43.398790" lon="-3.822186"></trkpt>
<trkpt lat="43.398939" lon="-3.822348"></trkpt>
<trkpt lat="43.399114" lon="-3.822538"></trkpt>
<trkpt lat="43.399423" lon="-3.822807"></trkpt>
<trkpt lat="43.399488" lon="-3.822893"></trkpt>
<trkpt lat="43.399884" lon="-3.823586"></trkpt>
<trkpt lat="43.400221" lon="-3.824205"></trkpt>
<trkpt lat="43.400504" lon="-3.824740"></trkpt>
<trkpt lat="43.400597" lon="-3.824916"></trkpt>
<trkpt lat="43.400641" lon="-3.825003"></trkpt>
<trkpt lat="43.400740" lon="-3.825136"></trkpt>
<trkpt lat="43.400769" lon="-3.825134"></trkpt>
<trkpt lat="43.400839" lon="-3.825208"></trkpt>
<trkpt lat="43.400840" lon="-3.825291"></trkpt>
<trkpt lat="43.400816" lon="-3.825340"></trkpt>
<trkpt lat="43.400817" lon="-3.825541"></trkpt>
<trkpt lat="43.400833" lon="-3.825603"></trkpt>
<trkpt lat="43.400952" lon="-3.826062"></trkpt>
<trkpt lat="43.401064" lon="-3.826398"></trkpt>
<trkpt lat="43.401205" lon="-3.826700"></trkpt>
<trkpt lat="43.401906" lon="-3.827708"></trkpt>
<trkpt lat="43.402196" lon="-3.828110"></trkpt>
<trkpt lat="43.402611" lon="-3.828895"></trkpt>
<trkpt lat="43.402842" lon="-3.829317"></trkpt>
<trkpt lat="43.402922" lon="-3.829464"></trkpt>
<trkpt lat="43.403073" lon="-3.829850"></trkpt>
<trkpt lat="43.403128" lon="-3.829827"></trkpt>
<trkpt lat="43.403603" lon="-3.829538"></trkpt>
<trkpt lat="43.403729" lon="-3.829786"></trkpt>
<trkpt lat="43.403723" lon="-3.829872"></trkpt>
<trkpt lat="43.403625" lon="-3.830117"></trkpt>
<trkpt lat="43.403598" lon="-3.830227"></trkpt>
<trkpt lat="43.403509" lon="-3.830315"></trkpt>
<trkpt lat="43.403469" lon="-3.830308"></trkpt>
<trkpt lat="43.403509" lon="-3.830315"></trkpt>
<trkpt lat="43.403598" lon="-3.830227"></trkpt>
<trkpt lat="43.403625" lon="-3.830117"></trkpt>
<trkpt lat="43.403723" lon="-3.829872"></trkpt>
<trkpt lat="43.403729" lon="-3.829786"></trkpt>
<trkpt lat="43.403603" lon="-3.829538"></trkpt>
<trkpt lat="43.403128" lon="-3.829827"></trkpt>
<trkpt lat="43.403073" lon="-3.829850"></trkpt>
<trkpt lat="43.403084" lon="-3.829897"></trkpt>
<trkpt lat="43.403139" lon="-3.830253"></trkpt>
<trkpt lat="43.403178" lon="-3.830483"></trkpt>
<trkpt lat="43.403279" lon="-3.830810"></trkpt>
<trkpt lat="43.403551" lon="-3.831183"></trkpt>
<trkpt lat="43.403615" lon="-3.831262"></trkpt>
<trkpt lat="43.403930" lon="-3.831660"></trkpt>
<trkpt lat="43.404159" lon="-3.832043"></trkpt>
<trkpt lat="43.404221" lon="-3.832223"></trkpt>
<trkpt lat="43.404503" lon="-3.833838"></trkpt>
<trkpt lat="43.404544" lon="-3.834113"></trkpt>
<trkpt lat="43.404562" lon="-3.834235"></trkpt>
<trkpt lat="43.404684" lon="-3.835016"></trkpt>
<trkpt lat="43.404732" lon="-3.835322"></trkpt>
<trkpt lat="43.404913" lon="-3.836428"></trkpt>
<trkpt lat="43.404981" lon="-3.836716"></trkpt>
<trkpt lat="43.405158" lon="-3.836987"></trkpt>
<trkpt lat="43.405242" lon="-3.837020"></trkpt>
<trkpt lat="43.405315" lon="-3.837102"></trkpt>
<trkpt lat="43.405599" lon="-3.837200"></trkpt>
<trkpt lat="43.405797" lon="-3.837197"></trkpt>
<trkpt lat="43.406132" lon="-3.837260"></trkpt>
<trkpt lat="43.406155" lon="-3.837269"></trkpt>
<trkpt lat="43.407422" lon="-3.837805"></trkpt>
<trkpt lat="43.407751" lon="-3.837877"></trkpt>
<trkpt lat="43.408043" lon="-3.837897"></trkpt>
<trkpt lat="43.408367" lon="-3.837867"></trkpt>
<trkpt lat="43.408823" lon="-3.837751"></trkpt>
<trkpt lat="43.409208" lon="-3.837562"></trkpt>
<trkpt lat="43.409503" lon="-3.837357"></trkpt>
<trkpt lat="43.409805" lon="-3.837081"></trkpt>
<trkpt lat="43.410463" lon="-3.836277"></trkpt>
<trkpt lat="43.410503" lon="-3.836216"></trkpt>
<trkpt lat="43.410592" lon="-3.836078"></trkpt>
<trkpt lat="43.410654" lon="-3.835843"></trkpt>
<trkpt lat="43.410651" lon="-3.835758"></trkpt>
<trkpt lat="43.410678" lon="-3.835637"></trkpt>
<trkpt lat="43.410744" lon="-3.835539"></trkpt>
<trkpt lat="43.410778" lon="-3.835519"></trkpt>
<trkpt lat="43.410857" lon="-3.835483"></trkpt>
<trkpt lat="43.410919" lon="-3.835491"></trkpt>
<trkpt lat="43.411043" lon="-3.835428"></trkpt>
<trkpt lat="43.411112" lon="-3.835352"></trkpt>
<trkpt lat="43.411169" lon="-3.835236"></trkpt>
<trkpt lat="43.411401" lon="-3.834745"></trkpt>
<trkpt lat="43.411467" lon="-3.834626"></trkpt>
<trkpt lat="43.411537" lon="-3.834510"></trkpt>
<trkpt lat="43.411644" lon="-3.834404"></trkpt>
<trkpt lat="43.411678" lon="-3.834336"></trkpt>
<trkpt lat="43.411745" lon="-3.834316"></trkpt>
<trkpt lat="43.411767" lon="-3.834327"></trkpt>
<trkpt lat="43.411782" lon="-3.834340"></trkpt>
<trkpt lat="43.411900" lon="-3.834241"></trkpt>
<trkpt lat="43.412015" lon="-3.834166"></trkpt>
<trkpt lat="43.412384" lon="-3.833807"></trkpt>
<trkpt lat="43.412651" lon="-3.833441"></trkpt>
<trkpt lat="43.412805" lon="-3.833295"></trkpt>
<trkpt lat="43.412916" lon="-3.833235"></trkpt>
<trkpt lat="43.413475" lon="-3.833195"></trkpt>
<trkpt lat="43.413891" lon="-3.833191"></trkpt>
<trkpt lat="43.414369" lon="-3.833129"></trkpt>
<trkpt lat="43.414692" lon="-3.833172"></trkpt>
<trkpt lat="43.414898" lon="-3.833200"></trkpt>
<trkpt lat="43.415045" lon="-3.833194"></trkpt>
<trkpt lat="43.415176" lon="-3.833193"></trkpt>
<trkpt lat="43.415214" lon="-3.832141"></trkpt>
<trkpt lat="43.415515" lon="-3.832148"></trkpt>
<trkpt lat="43.415917" lon="-3.832076"></trkpt>
<trkpt lat="43.416004" lon="-3.832014"></trkpt>
<trkpt lat="43.416343" lon="-3.831606"></trkpt>
<trkpt lat="43.416398" lon="-3.831576"></trkpt>
<trkpt lat="43.416824" lon="-3.831520"></trkpt>
<trkpt lat="43.417238" lon="-3.831398"></trkpt>
<trkpt lat="43.417393" lon="-3.831175"></trkpt>
<trkpt lat="43.417459" lon="-3.831214"></trkpt>
<trkpt lat="43.417589" lon="-3.831224"></trkpt>
<trkpt lat="43.417666" lon="-3.831071"></trkpt>
<trkpt lat="43.417651" lon="-3.830902"></trkpt>
<trkpt lat="43.417667" lon="-3.830694"></trkpt>
<trkpt lat="43.418066" lon="-3.830544"></trkpt>
<trkpt lat="43.418363" lon="-3.830507"></trkpt>
<trkpt lat="43.418524" lon="-3.830530"></trkpt>
<trkpt lat="43.418625" lon="-3.830582"></trkpt>
<trkpt lat="43.418669" lon="-3.830519"></trkpt>
<trkpt lat="43.418879" lon="-3.830291"></trkpt>
<trkpt lat="43.419131" lon="-3.830073"></trkpt>
<trkpt lat="43.419375" lon="-3.830262"></trkpt>
<trkpt lat="43.419502" lon="-3.830405"></trkpt>
<trkpt lat="43.420245" lon="-3.830158"></trkpt>
<trkpt lat="43.420500" lon="-3.830019"></trkpt>
<trkpt lat="43.420622" lon="-3.829911"></trkpt>
<trkpt lat="43.420777" lon="-3.829702"></trkpt>
<trkpt lat="43.421253" lon="-3.829058"></trkpt>
<trkpt lat="43.421487" lon="-3.828790"></trkpt>
<trkpt lat="43.421566" lon="-3.828732"></trkpt>
<trkpt lat="43.421651" lon="-3.828710"></trkpt>
<trkpt lat="43.421761" lon="-3.828730"></trkpt>
<trkpt lat="43.422043" lon="-3.828845"></trkpt>
<trkpt lat="43.422170" lon="-3.828828"></trkpt>
<trkpt lat="43.422683" lon="-3.828673"></trkpt>
<trkpt lat="43.423438" lon="-3.828413"></trkpt>
<trkpt lat="43.423639" lon="-3.828305"></trkpt>
<trkpt lat="43.423657" lon="-3.828395"></trkpt>
<trkpt lat="43.423857" lon="-3.828255"></trkpt>
<trkpt lat="43.424377" lon="-3.828315"></trkpt>
<trkpt lat="43.424517" lon="-3.828558"></trkpt>
<trkpt lat="43.424624" lon="-3.828912"></trkpt>
<trkpt lat="43.424646" lon="-3.828924"></trkpt>
<trkpt lat="43.424693" lon="-3.828902"></trkpt>
<trkpt lat="43.424750" lon="-3.828876"></trkpt>
<trkpt lat="43.426153" lon="-3.833989"></trkpt>
<trkpt lat="43.426343" lon="-3.834501"></trkpt>
<trkpt lat="43.426586" lon="-3.834868"></trkpt>
<trkpt lat="43.426900" lon="-3.835236"></trkpt>
<trkpt lat="43.427232" lon="-3.835359"></trkpt>
<trkpt lat="43.427909" lon="-3.835512"></trkpt>
<trkpt lat="43.429524" lon="-3.835972"></trkpt>
<trkpt lat="43.430652" lon="-3.836198"></trkpt>
<trkpt lat="43.430828" lon="-3.836274"></trkpt>
<trkpt lat="43.432221" lon="-3.836514"></trkpt>
<trkpt lat="43.432636" lon="-3.836103"></trkpt>
<trkpt lat="43.432726" lon="-3.835888"></trkpt>
<trkpt lat="43.432715" lon="-3.835708"></trkpt>
<trkpt lat="43.432702" lon="-3.835713"></trkpt>
<trkpt lat="43.432708" lon="-3.835919"></trkpt>
<trkpt lat="43.432633" lon="-3.836079"></trkpt>
<trkpt lat="43.432220" lon="-3.836489"></trkpt>
<trkpt lat="43.431626" lon="-3.836374"></trkpt>
<trkpt lat="43.431436" lon="-3.836373"></trkpt>
<trkpt lat="43.430840" lon="-3.836254"></trkpt>
<trkpt lat="43.430664" lon="-3.836178"></trkpt>
<trkpt lat="43.429934" lon="-3.836033"></trkpt>
<trkpt lat="43.429663" lon="-3.835979"></trkpt>
<trkpt lat="43.427913" lon="-3.835492"></trkpt>
<trkpt lat="43.427704" lon="-3.835460"></trkpt>
<trkpt lat="43.426904" lon="-3.835219"></trkpt>
<trkpt lat="43.426613" lon="-3.834865"></trkpt>
<trkpt lat="43.426365" lon="-3.834500"></trkpt>
<trkpt lat="43.426167" lon="-3.833987"></trkpt>
<trkpt lat="43.424758" lon="-3.828843"></trkpt>
<trkpt lat="43.424685" lon="-3.828872"></trkpt>
<trkpt lat="43.424693" lon="-3.828902"></trkpt>
<trkpt lat="43.424750" lon="-3.828876"></trkpt>
<trkpt lat="43.426153" lon="-3.833989"></trkpt>
<trkpt lat="43.426343" lon="-3.834501"></trkpt>
<trkpt lat="43.426586" lon="-3.834868"></trkpt>
<trkpt lat="43.426900" lon="-3.835236"></trkpt>
<trkpt lat="43.427232" lon="-3.835359"></trkpt>
<trkpt lat="43.427909" lon="-3.835512"></trkpt>
<trkpt lat="43.429524" lon="-3.835972"></trkpt>
<trkpt lat="43.430652" lon="-3.836198"></trkpt>
<trkpt lat="43.430828" lon="-3.836274"></trkpt>
<trkpt lat="43.432221" lon="-3.836514"></trkpt>
<trkpt lat="43.432636" lon="-3.836103"></trkpt>
<trkpt lat="43.432726" lon="-3.835888"></trkpt>
<trkpt lat="43.432715" lon="-3.835708"></trkpt>
<trkpt lat="43.432750" lon="-3.835692"></trkpt>
<trkpt lat="43.432792" lon="-3.835673"></trkpt>
<trkpt lat="43.432827" lon="-3.835657"></trkpt>
<trkpt lat="43.433057" lon="-3.836508"></trkpt>
<trkpt lat="43.433108" lon="-3.836579"></trkpt>
<trkpt lat="43.433190" lon="-3.836590"></trkpt>
<trkpt lat="43.433182" lon="-3.836661"></trkpt>
<trkpt lat="43.433175" lon="-3.836746"></trkpt>
<trkpt lat="43.433208" lon="-3.836766"></trkpt>
<trkpt lat="43.434437" lon="-3.837025"></trkpt>
<trkpt lat="43.435295" lon="-3.837172"></trkpt>
<trkpt lat="43.435306" lon="-3.837202"></trkpt>
<trkpt lat="43.435399" lon="-3.837191"></trkpt>
<trkpt lat="43.435507" lon="-3.837178"></trkpt>
<trkpt lat="43.435520" lon="-3.837546"></trkpt>
<trkpt lat="43.435515" lon="-3.838091"></trkpt>
<trkpt lat="43.435409" lon="-3.838831"></trkpt>
<trkpt lat="43.435403" lon="-3.838867"></trkpt>
<trkpt lat="43.435342" lon="-3.839235"></trkpt>
<trkpt lat="43.435216" lon="-3.839694"></trkpt>
<trkpt lat="43.435238" lon="-3.839780"></trkpt>
<trkpt lat="43.435322" lon="-3.839849"></trkpt>
<trkpt lat="43.435671" lon="-3.840020"></trkpt>
<trkpt lat="43.436067" lon="-3.840029"></trkpt>
<trkpt lat="43.436180" lon="-3.839322"></trkpt>
<trkpt lat="43.436256" lon="-3.839052"></trkpt>
<trkpt lat="43.436315" lon="-3.839010"></trkpt>
<trkpt lat="43.436414" lon="-3.838790"></trkpt>
<trkpt lat="43.436582" lon="-3.838512"></trkpt>
<trkpt lat="43.436723" lon="-3.838341"></trkpt>
<trkpt lat="43.436917" lon="-3.838167"></trkpt>
<trkpt lat="43.437165" lon="-3.838021"></trkpt>
<trkpt lat="43.437292" lon="-3.837968"></trkpt>
<trkpt lat="43.438934" lon="-3.837652"></trkpt>
<trkpt lat="43.439181" lon="-3.837639"></trkpt>
<trkpt lat="43.439323" lon="-3.837750"></trkpt>
<trkpt lat="43.439508" lon="-3.838035"></trkpt>
<trkpt lat="43.439607" lon="-3.838255"></trkpt>
<trkpt lat="43.439707" lon="-3.838583"></trkpt>
<trkpt lat="43.439704" lon="-3.838668"></trkpt>
<trkpt lat="43.439702" lon="-3.838778"></trkpt>
<trkpt lat="43.439696" lon="-3.838878"></trkpt>
<trkpt lat="43.439695" lon="-3.838916"></trkpt>
<trkpt lat="43.439784" lon="-3.838958"></trkpt>
<trkpt lat="43.439898" lon="-3.839170"></trkpt>
<trkpt lat="43.439899" lon="-3.839205"></trkpt>
<trkpt lat="43.439949" lon="-3.839210"></trkpt>
<trkpt lat="43.440001" lon="-3.839215"></trkpt>
<trkpt lat="43.440055" lon="-3.839220"></trkpt>
<trkpt lat="43.440116" lon="-3.839225"></trkpt>
<trkpt lat="43.440148" lon="-3.839192"></trkpt>
<trkpt lat="43.440309" lon="-3.838893"></trkpt>
<trkpt lat="43.440377" lon="-3.838892"></trkpt>
<trkpt lat="43.440408" lon="-3.838892"></trkpt>
<trkpt lat="43.440408" lon="-3.838819"></trkpt>
<trkpt lat="43.440955" lon="-3.838842"></trkpt>
<trkpt lat="43.442634" lon="-3.838897"></trkpt>
<trkpt lat="43.442759" lon="-3.838833"></trkpt>
<trkpt lat="43.442843" lon="-3.838729"></trkpt>
<trkpt lat="43.442911" lon="-3.838734"></trkpt>
<trkpt lat="43.442982" lon="-3.838819"></trkpt>
<trkpt lat="43.444324" lon="-3.837855"></trkpt>
<trkpt lat="43.444907" lon="-3.837430"></trkpt>
<trkpt lat="43.445148" lon="-3.837254"></trkpt>
<trkpt lat="43.445661" lon="-3.836880"></trkpt>
<trkpt lat="43.445846" lon="-3.836745"></trkpt>
<trkpt lat="43.446269" lon="-3.836437"></trkpt>
<trkpt lat="43.446318" lon="-3.836353"></trkpt>
<trkpt lat="43.446313" lon="-3.836239"></trkpt>
<trkpt lat="43.446156" lon="-3.835824"></trkpt>
<trkpt lat="43.446197" lon="-3.835788"></trkpt>
<trkpt lat="43.446208" lon="-3.835775"></trkpt>
<trkpt lat="43.446144" lon="-3.835591"></trkpt>
<trkpt lat="43.446149" lon="-3.835528"></trkpt>
<trkpt lat="43.450702" lon="-3.830608"></trkpt>
<trkpt lat="43.450982" lon="-3.829639"></trkpt>
<trkpt lat="43.451024" lon="-3.829494"></trkpt>
<trkpt lat="43.451045" lon="-3.829503"></trkpt>
<trkpt lat="43.451097" lon="-3.829525"></trkpt>
<trkpt lat="43.451139" lon="-3.829546"></trkpt>
<trkpt lat="43.451177" lon="-3.829400"></trkpt>
<trkpt lat="43.451217" lon="-3.829376"></trkpt>
<trkpt lat="43.451240" lon="-3.829364"></trkpt>
<trkpt lat="43.451299" lon="-3.829175"></trkpt>
<trkpt lat="43.451351" lon="-3.829163"></trkpt>
<trkpt lat="43.451402" lon="-3.828976"></trkpt>
<trkpt lat="43.451466" lon="-3.828828"></trkpt>
<trkpt lat="43.451592" lon="-3.828497"></trkpt>
<trkpt lat="43.451620" lon="-3.828416"></trkpt>
<trkpt lat="43.451634" lon="-3.828377"></trkpt>
<trkpt lat="43.451708" lon="-3.828119"></trkpt>
<trkpt lat="43.451689" lon="-3.828062"></trkpt>
<trkpt lat="43.451682" lon="-3.828041"></trkpt>
<trkpt lat="43.451667" lon="-3.828006"></trkpt>
<trkpt lat="43.451728" lon="-3.827889"></trkpt>
<trkpt lat="43.451914" lon="-3.827756"></trkpt>
<trkpt lat="43.452051" lon="-3.827747"></trkpt>
<trkpt lat="43.452247" lon="-3.827833"></trkpt>
<trkpt lat="43.452323" lon="-3.827537"></trkpt>
<trkpt lat="43.452378" lon="-3.827326"></trkpt>
<trkpt lat="43.452446" lon="-3.827047"></trkpt>
<trkpt lat="43.452294" lon="-3.826862"></trkpt>
<trkpt lat="43.452266" lon="-3.826790"></trkpt>
<trkpt lat="43.452235" lon="-3.826588"></trkpt>
<trkpt lat="43.452244" lon="-3.826436"></trkpt>
<trkpt lat="43.452326" lon="-3.826205"></trkpt>
<trkpt lat="43.452382" lon="-3.826134"></trkpt>
<trkpt lat="43.452418" lon="-3.826088"></trkpt>
<trkpt lat="43.452515" lon="-3.825831"></trkpt>
<trkpt lat="43.452594" lon="-3.825550"></trkpt>
<trkpt lat="43.452598" lon="-3.825325"></trkpt>
<trkpt lat="43.452645" lon="-3.825245"></trkpt>
<trkpt lat="43.452616" lon="-3.825152"></trkpt>
<trkpt lat="43.452594" lon="-3.825080"></trkpt>
<trkpt lat="43.452574" lon="-3.825021"></trkpt>
<trkpt lat="43.452456" lon="-3.825095"></trkpt>
<trkpt lat="43.452387" lon="-3.825054"></trkpt>
<trkpt lat="43.452368" lon="-3.824999"></trkpt>
<trkpt lat="43.452667" lon="-3.823877"></trkpt>
<trkpt lat="43.452614" lon="-3.823847"></trkpt>
<trkpt lat="43.452572" lon="-3.823827"></trkpt>
<trkpt lat="43.452516" lon="-3.823799"></trkpt>
<trkpt lat="43.452482" lon="-3.823782"></trkpt>
<trkpt lat="43.452450" lon="-3.823764"></trkpt>
<trkpt lat="43.452385" lon="-3.823734"></trkpt>
<trkpt lat="43.452396" lon="-3.823692"></trkpt>
<trkpt lat="43.452986" lon="-3.821523"></trkpt>
<trkpt lat="43.453056" lon="-3.821489"></trkpt>
<trkpt lat="43.453640" lon="-3.819310"></trkpt>
<trkpt lat="43.453916" lon="-3.818277"></trkpt>
<trkpt lat="43.453928" lon="-3.818231"></trkpt>
<trkpt lat="43.453908" lon="-3.818154"></trkpt>
<trkpt lat="43.453917" lon="-3.818109"></trkpt>
<trkpt lat="43.453931" lon="-3.818063"></trkpt>
<trkpt lat="43.454312" lon="-3.816617"></trkpt>
<trkpt lat="43.454290" lon="-3.816087"></trkpt>
<trkpt lat="43.454170" lon="-3.815554"></trkpt>
<trkpt lat="43.454014" lon="-3.815135"></trkpt>
<trkpt lat="43.453715" lon="-3.814647"></trkpt>
<trkpt lat="43.453485" lon="-3.814378"></trkpt>
<trkpt lat="43.453456" lon="-3.814346"></trkpt>
<trkpt lat="43.453481" lon="-3.814260"></trkpt>
<trkpt lat="43.453502" lon="-3.814188"></trkpt>
<trkpt lat="43.453512" lon="-3.814154"></trkpt>
<trkpt lat="43.453420" lon="-3.814021"></trkpt>
<trkpt lat="43.453389" lon="-3.813860"></trkpt>
<trkpt lat="43.453420" lon="-3.813658"></trkpt>
<trkpt lat="43.453502" lon="-3.813534"></trkpt>
<trkpt lat="43.453484" lon="-3.813499"></trkpt>
<trkpt lat="43.453474" lon="-3.813481"></trkpt>
<trkpt lat="43.453460" lon="-3.813414"></trkpt>
<trkpt lat="43.453646" lon="-3.813137"></trkpt>
<trkpt lat="43.455683" lon="-3.811272"></trkpt>
<trkpt lat="43.455763" lon="-3.811139"></trkpt>
<trkpt lat="43.455898" lon="-3.811014"></trkpt>
<trkpt lat="43.456533" lon="-3.810435"></trkpt>
<trkpt lat="43.457451" lon="-3.809531"></trkpt>
<trkpt lat="43.457718" lon="-3.809188"></trkpt>
<trkpt lat="43.458033" lon="-3.808705"></trkpt>
<trkpt lat="43.458319" lon="-3.808120"></trkpt>
<trkpt lat="43.458370" lon="-3.807976"></trkpt>
<trkpt lat="43.459257" lon="-3.806786"></trkpt>
<trkpt lat="43.459334" lon="-3.806722"></trkpt>
<trkpt lat="43.459688" lon="-3.806259"></trkpt>
<trkpt lat="43.459821" lon="-3.806026"></trkpt>
<trkpt lat="43.459919" lon="-3.805687"></trkpt>
<trkpt lat="43.459903" lon="-3.805511"></trkpt>
<trkpt lat="43.459882" lon="-3.805423"></trkpt>
<trkpt lat="43.459629" lon="-3.805005"></trkpt>
<trkpt lat="43.459600" lon="-3.804912"></trkpt>
<trkpt lat="43.459600" lon="-3.804825"></trkpt>
<trkpt lat="43.459631" lon="-3.804733"></trkpt>
<trkpt lat="43.459791" lon="-3.804538"></trkpt>
<trkpt lat="43.459868" lon="-3.804444"></trkpt>
<trkpt lat="43.459876" lon="-3.804434"></trkpt>
<trkpt lat="43.460171" lon="-3.804075"></trkpt>
<trkpt lat="43.460301" lon="-3.803917"></trkpt>
<trkpt lat="43.460504" lon="-3.803633"></trkpt>
<trkpt lat="43.460688" lon="-3.803286"></trkpt>
<trkpt lat="43.460786" lon="-3.803214"></trkpt>
<trkpt lat="43.461002" lon="-3.803149"></trkpt>
<trkpt lat="43.461020" lon="-3.803139"></trkpt>
<trkpt lat="43.461477" lon="-3.802289"></trkpt>
<trkpt lat="43.461590" lon="-3.802159"></trkpt>
<trkpt lat="43.461667" lon="-3.801902"></trkpt>
<trkpt lat="43.461740" lon="-3.801458"></trkpt>
<trkpt lat="43.461796" lon="-3.800867"></trkpt>
<trkpt lat="43.461824" lon="-3.800870"></trkpt>
<trkpt lat="43.461867" lon="-3.800879"></trkpt>
<trkpt lat="43.461922" lon="-3.800313"></trkpt>
<trkpt lat="43.461999" lon="-3.799529"></trkpt>
<trkpt lat="43.462011" lon="-3.799413"></trkpt>
<trkpt lat="43.462038" lon="-3.799151"></trkpt>
<trkpt lat="43.462166" lon="-3.797775"></trkpt>
<trkpt lat="43.462193" lon="-3.797651"></trkpt>
<trkpt lat="43.462245" lon="-3.797481"></trkpt>
<trkpt lat="43.462512" lon="-3.796883"></trkpt>
<trkpt lat="43.462823" lon="-3.796412"></trkpt>
<trkpt lat="43.462833" lon="-3.796394"></trkpt>
<trkpt lat="43.462834" lon="-3.796287"></trkpt>
<trkpt lat="43.462908" lon="-3.795866"></trkpt>
<trkpt lat="43.462905" lon="-3.795641"></trkpt>
<trkpt lat="43.462735" lon="-3.793461"></trkpt>
<trkpt lat="43.462614" lon="-3.791800"></trkpt>
<trkpt lat="43.462607" lon="-3.791563"></trkpt>
<trkpt lat="43.462651" lon="-3.791555"></trkpt>
<trkpt lat="43.462698" lon="-3.791654"></trkpt>
<trkpt lat="43.462797" lon="-3.791667"></trkpt>
<trkpt lat="43.462851" lon="-3.791628"></trkpt>
<trkpt lat="43.462913" lon="-3.791469"></trkpt>
<trkpt lat="43.463200" lon="-3.790898"></trkpt>
<trkpt lat="43.463302" lon="-3.790568"></trkpt>
<trkpt lat="43.463379" lon="-3.790145"></trkpt>
<trkpt lat="43.463453" lon="-3.789516"></trkpt>
<trkpt lat="43.463460" lon="-3.788945"></trkpt>
<trkpt lat="43.463454" lon="-3.787841"></trkpt>
<trkpt lat="43.463485" lon="-3.787460"></trkpt>
<trkpt lat="43.463499" lon="-3.787339"></trkpt>
<trkpt lat="43.463635" lon="-3.786192"></trkpt>
<trkpt lat="43.463690" lon="-3.785938"></trkpt>
<trkpt lat="43.464441" lon="-3.783138"></trkpt>
<trkpt lat="43.464875" lon="-3.781560"></trkpt>
<trkpt lat="43.464963" lon="-3.781338"></trkpt>
<trkpt lat="43.465108" lon="-3.781138"></trkpt>
<trkpt lat="43.465526" lon="-3.780735"></trkpt>
<trkpt lat="43.466054" lon="-3.779876"></trkpt>
<trkpt lat="43.466043" lon="-3.779862"></trkpt>
<trkpt lat="43.466032" lon="-3.779847"></trkpt>
<trkpt lat="43.466160" lon="-3.779652"></trkpt>
<trkpt lat="43.466032" lon="-3.779847"></trkpt>
<trkpt lat="43.466043" lon="-3.779862"></trkpt>
<trkpt lat="43.466054" lon="-3.779876"></trkpt>
<trkpt lat="43.466237" lon="-3.779609"></trkpt>
<trkpt lat="43.467810" lon="-3.776272"></trkpt>
<trkpt lat="43.468012" lon="-3.775965"></trkpt>
<trkpt lat="43.468088" lon="-3.775907"></trkpt>
<trkpt lat="43.468125" lon="-3.775910"></trkpt>
<trkpt lat="43.468279" lon="-3.775928"></trkpt>
<trkpt lat="43.468392" lon="-3.775976"></trkpt>
<trkpt lat="43.468435" lon="-3.776001"></trkpt>
<trkpt lat="43.468536" lon="-3.776192"></trkpt>
<trkpt lat="43.468582" lon="-3.776220"></trkpt>
<trkpt lat="43.468791" lon="-3.776494"></trkpt>
<trkpt lat="43.468815" lon="-3.776595"></trkpt>
<trkpt lat="43.468886" lon="-3.776704"></trkpt>
<trkpt lat="43.469067" lon="-3.776898"></trkpt>
<trkpt lat="43.469245" lon="-3.777014"></trkpt>
<trkpt lat="43.469549" lon="-3.777149"></trkpt>
<trkpt lat="43.469683" lon="-3.777169"></trkpt>
<trkpt lat="43.469797" lon="-3.777239"></trkpt>
<trkpt lat="43.470414" lon="-3.777493"></trkpt>
<trkpt lat="43.470683" lon="-3.777696"></trkpt>
<trkpt lat="43.470770" lon="-3.777803"></trkpt>
<trkpt lat="43.470933" lon="-3.778076"></trkpt>
<trkpt lat="43.471029" lon="-3.778355"></trkpt>
<trkpt lat="43.471116" lon="-3.778533"></trkpt>
<trkpt lat="43.471109" lon="-3.778704"></trkpt>
<trkpt lat="43.471208" lon="-3.779086"></trkpt>
<trkpt lat="43.471220" lon="-3.779236"></trkpt>
<trkpt lat="43.471452" lon="-3.780320"></trkpt>
<trkpt lat="43.471578" lon="-3.780892"></trkpt>
<trkpt lat="43.471627" lon="-3.781017"></trkpt>
<trkpt lat="43.471633" lon="-3.781045"></trkpt>
<trkpt lat="43.471671" lon="-3.781268"></trkpt>
<trkpt lat="43.471791" lon="-3.781571"></trkpt>
<trkpt lat="43.471924" lon="-3.781792"></trkpt>
<trkpt lat="43.472178" lon="-3.782033"></trkpt>
<trkpt lat="43.472222" lon="-3.782121"></trkpt>
<trkpt lat="43.472376" lon="-3.782310"></trkpt>
<trkpt lat="43.472419" lon="-3.782408"></trkpt>
<trkpt lat="43.472490" lon="-3.782486"></trkpt>
<trkpt lat="43.472676" lon="-3.782719"></trkpt>
<trkpt lat="43.472721" lon="-3.782768"></trkpt>
<trkpt lat="43.473597" lon="-3.784318"></trkpt>
<trkpt lat="43.473791" lon="-3.784606"></trkpt>
<trkpt lat="43.473857" lon="-3.784668"></trkpt>
<trkpt lat="43.473866" lon="-3.784649"></trkpt>
<trkpt lat="43.473888" lon="-3.784587"></trkpt>
<trkpt lat="43.473866" lon="-3.784649"></trkpt>
<trkpt lat="43.473857" lon="-3.784668"></trkpt>
<trkpt lat="43.473949" lon="-3.784798"></trkpt>
<trkpt lat="43.474049" lon="-3.784882"></trkpt>
<trkpt lat="43.474078" lon="-3.784910"></trkpt>
<trkpt lat="43.474317" lon="-3.785078"></trkpt>
<trkpt lat="43.474342" lon="-3.785128"></trkpt>
<trkpt lat="43.474650" lon="-3.785371"></trkpt>
<trkpt lat="43.474863" lon="-3.785609"></trkpt>
<trkpt lat="43.474987" lon="-3.785839"></trkpt>
<trkpt lat="43.475097" lon="-3.785962"></trkpt>
<trkpt lat="43.475198" lon="-3.786058"></trkpt>
<trkpt lat="43.475387" lon="-3.786752"></trkpt>
<trkpt lat="43.475487" lon="-3.787140"></trkpt>
<trkpt lat="43.475625" lon="-3.787639"></trkpt>
<trkpt lat="43.475740" lon="-3.787616"></trkpt>
<trkpt lat="43.476049" lon="-3.787805"></trkpt>
<trkpt lat="43.476317" lon="-3.787969"></trkpt>
<trkpt lat="43.476294" lon="-3.788146"></trkpt>
<trkpt lat="43.476336" lon="-3.788227"></trkpt>
<trkpt lat="43.476318" lon="-3.788457"></trkpt>
<trkpt lat="43.476310" lon="-3.788565"></trkpt>
<trkpt lat="43.477725" lon="-3.788823"></trkpt>
<trkpt lat="43.478074" lon="-3.788876"></trkpt>
<trkpt lat="43.478125" lon="-3.788898"></trkpt>
<trkpt lat="43.478194" lon="-3.788918"></trkpt>
<trkpt lat="43.479062" lon="-3.789068"></trkpt>
<trkpt lat="43.479381" lon="-3.789035"></trkpt>
<trkpt lat="43.479531" lon="-3.788968"></trkpt>
<trkpt lat="43.479577" lon="-3.788871"></trkpt>
<trkpt lat="43.479615" lon="-3.788843"></trkpt>
<trkpt lat="43.479698" lon="-3.788846"></trkpt>
<trkpt lat="43.479762" lon="-3.788920"></trkpt>
<trkpt lat="43.479777" lon="-3.788974"></trkpt>
<trkpt lat="43.479779" lon="-3.789025"></trkpt>
<trkpt lat="43.479752" lon="-3.789118"></trkpt>
<trkpt lat="43.479678" lon="-3.789387"></trkpt>
<trkpt lat="43.479642" lon="-3.789505"></trkpt>
<trkpt lat="43.479606" lon="-3.789633"></trkpt>
<trkpt lat="43.479393" lon="-3.790227"></trkpt>
<trkpt lat="43.479208" lon="-3.790739"></trkpt>
<trkpt lat="43.479175" lon="-3.791008"></trkpt>
<trkpt lat="43.479228" lon="-3.791187"></trkpt>
<trkpt lat="43.479370" lon="-3.791266"></trkpt>
<trkpt lat="43.479425" lon="-3.791375"></trkpt>
<trkpt lat="43.479439" lon="-3.791505"></trkpt>
<trkpt lat="43.479361" lon="-3.791662"></trkpt>
<trkpt lat="43.479274" lon="-3.791880"></trkpt>
<trkpt lat="43.479225" lon="-3.791997"></trkpt>
<trkpt lat="43.479196" lon="-3.792356"></trkpt>
<trkpt lat="43.479179" lon="-3.792518"></trkpt>
<trkpt lat="43.479064" lon="-3.793261"></trkpt>
<trkpt lat="43.479050" lon="-3.793349"></trkpt>
<trkpt lat="43.479031" lon="-3.793481"></trkpt>
<trkpt lat="43.478967" lon="-3.793748"></trkpt>
<trkpt lat="43.478973" lon="-3.793877"></trkpt>
<trkpt lat="43.478912" lon="-3.793976"></trkpt>
<trkpt lat="43.478872" lon="-3.793994"></trkpt>
<trkpt lat="43.478821" lon="-3.793990"></trkpt>
<trkpt lat="43.478782" lon="-3.793965"></trkpt>
<trkpt lat="43.478612" lon="-3.794045"></trkpt>
<trkpt lat="43.478476" lon="-3.794185"></trkpt>
<trkpt lat="43.478172" lon="-3.794626"></trkpt>
<trkpt lat="43.477964" lon="-3.794850"></trkpt>
<trkpt lat="43.477801" lon="-3.794977"></trkpt>
<trkpt lat="43.477678" lon="-3.795054"></trkpt>
<trkpt lat="43.477653" lon="-3.794998"></trkpt>
<trkpt lat="43.477639" lon="-3.794967"></trkpt>
<trkpt lat="43.477689" lon="-3.794869"></trkpt>
<trkpt lat="43.477784" lon="-3.794681"></trkpt>
<trkpt lat="43.477856" lon="-3.794739"></trkpt>
<trkpt lat="43.477836" lon="-3.794783"></trkpt>
<trkpt lat="43.477689" lon="-3.794869"></trkpt>
<trkpt lat="43.477639" lon="-3.794967"></trkpt>
<trkpt lat="43.477653" lon="-3.794998"></trkpt>
<trkpt lat="43.477781" lon="-3.794912"></trkpt>
<trkpt lat="43.477801" lon="-3.794977"></trkpt>
<trkpt lat="43.477678" lon="-3.795054"></trkpt>
<trkpt lat="43.477494" lon="-3.795158"></trkpt>
<trkpt lat="43.477367" lon="-3.795285"></trkpt>
<trkpt lat="43.477220" lon="-3.795442"></trkpt>
<trkpt lat="43.477204" lon="-3.795597"></trkpt>
<trkpt lat="43.477123" lon="-3.795801"></trkpt>
<trkpt lat="43.477037" lon="-3.795903"></trkpt>
<trkpt lat="43.476934" lon="-3.795967"></trkpt>
<trkpt lat="43.476816" lon="-3.795988"></trkpt>
<trkpt lat="43.476699" lon="-3.795960"></trkpt>
<trkpt lat="43.476593" lon="-3.795885"></trkpt>
<trkpt lat="43.476497" lon="-3.795753"></trkpt>
<trkpt lat="43.476453" lon="-3.795627"></trkpt>
<trkpt lat="43.476430" lon="-3.795467"></trkpt>
<trkpt lat="43.476113" lon="-3.795103"></trkpt>
<trkpt lat="43.475734" lon="-3.794878"></trkpt>
<trkpt lat="43.475686" lon="-3.794852"></trkpt>
		</trkseg>
	</trk>
</gpx>