<?xml version="1.0" encoding="UTF-8"?>
<gpx version="1.1" xmlns="http://www.topografix.com/GPX/1/1">

	<trk>
		<name>RACE ACROSS QUEBEC 2026 - 300 KM</name>
		<trkseg>
<trkpt lat="45.710518" lon="-73.663046"></trkpt>
<trkpt lat="45.710627" lon="-73.662381"></trkpt>
<trkpt lat="45.710920" lon="-73.662454"></trkpt>
<trkpt lat="45.711616" lon="-73.662470"></trkpt>
<trkpt lat="45.712190" lon="-73.662580"></trkpt>
<trkpt lat="45.713240" lon="-73.662982"></trkpt>
<trkpt lat="45.713448" lon="-73.663096"></trkpt>
<trkpt lat="45.713464" lon="-73.663168"></trkpt>
<trkpt lat="45.713620" lon="-73.664436"></trkpt>
<trkpt lat="45.713769" lon="-73.666655"></trkpt>
<trkpt lat="45.714017" lon="-73.668074"></trkpt>
<trkpt lat="45.714226" lon="-73.669270"></trkpt>
<trkpt lat="45.714242" lon="-73.669827"></trkpt>
<trkpt lat="45.714288" lon="-73.669915"></trkpt>
<trkpt lat="45.715305" lon="-73.669891"></trkpt>
<trkpt lat="45.715788" lon="-73.669887"></trkpt>
<trkpt lat="45.716005" lon="-73.669925"></trkpt>
<trkpt lat="45.716141" lon="-73.670000"></trkpt>
<trkpt lat="45.716253" lon="-73.670120"></trkpt>
<trkpt lat="45.716547" lon="-73.670592"></trkpt>
<trkpt lat="45.717598" lon="-73.672283"></trkpt>
<trkpt lat="45.717785" lon="-73.672620"></trkpt>
<trkpt lat="45.717818" lon="-73.672753"></trkpt>
<trkpt lat="45.717828" lon="-73.672931"></trkpt>
<trkpt lat="45.717824" lon="-73.673907"></trkpt>
<trkpt lat="45.717827" lon="-73.674891"></trkpt>
<trkpt lat="45.717831" lon="-73.676690"></trkpt>
<trkpt lat="45.717825" lon="-73.677677"></trkpt>
<trkpt lat="45.717835" lon="-73.678644"></trkpt>
<trkpt lat="45.717838" lon="-73.679470"></trkpt>
<trkpt lat="45.717840" lon="-73.680129"></trkpt>
<trkpt lat="45.717842" lon="-73.680938"></trkpt>
<trkpt lat="45.717842" lon="-73.681057"></trkpt>
<trkpt lat="45.717843" lon="-73.681144"></trkpt>
<trkpt lat="45.717846" lon="-73.681695"></trkpt>
<trkpt lat="45.717847" lon="-73.681817"></trkpt>
<trkpt lat="45.717849" lon="-73.682182"></trkpt>
<trkpt lat="45.717853" lon="-73.682762"></trkpt>
<trkpt lat="45.717854" lon="-73.683068"></trkpt>
<trkpt lat="45.717855" lon="-73.683196"></trkpt>
<trkpt lat="45.717857" lon="-73.683492"></trkpt>
<trkpt lat="45.717859" lon="-73.683896"></trkpt>
<trkpt lat="45.717860" lon="-73.684024"></trkpt>
<trkpt lat="45.717863" lon="-73.684583"></trkpt>
<trkpt lat="45.717866" lon="-73.684952"></trkpt>
<trkpt lat="45.717866" lon="-73.685010"></trkpt>
<trkpt lat="45.717867" lon="-73.685123"></trkpt>
<trkpt lat="45.717867" lon="-73.685135"></trkpt>
<trkpt lat="45.717870" lon="-73.685659"></trkpt>
<trkpt lat="45.717870" lon="-73.685714"></trkpt>
<trkpt lat="45.717871" lon="-73.685777"></trkpt>
<trkpt lat="45.717873" lon="-73.686195"></trkpt>
<trkpt lat="45.717874" lon="-73.686309"></trkpt>
<trkpt lat="45.717875" lon="-73.686400"></trkpt>
<trkpt lat="45.717876" lon="-73.686631"></trkpt>
<trkpt lat="45.717877" lon="-73.686872"></trkpt>
<trkpt lat="45.717880" lon="-73.687240"></trkpt>
<trkpt lat="45.717881" lon="-73.687424"></trkpt>
<trkpt lat="45.717881" lon="-73.687503"></trkpt>
<trkpt lat="45.717882" lon="-73.687594"></trkpt>
<trkpt lat="45.717883" lon="-73.687867"></trkpt>
<trkpt lat="45.717885" lon="-73.688146"></trkpt>
<trkpt lat="45.717887" lon="-73.688453"></trkpt>
<trkpt lat="45.717887" lon="-73.688524"></trkpt>
<trkpt lat="45.717889" lon="-73.688753"></trkpt>
<trkpt lat="45.717890" lon="-73.689046"></trkpt>
<trkpt lat="45.717891" lon="-73.689157"></trkpt>
<trkpt lat="45.717892" lon="-73.689384"></trkpt>
<trkpt lat="45.717893" lon="-73.689474"></trkpt>
<trkpt lat="45.717892" lon="-73.689615"></trkpt>
<trkpt lat="45.717890" lon="-73.689914"></trkpt>
<trkpt lat="45.717885" lon="-73.690585"></trkpt>
<trkpt lat="45.717884" lon="-73.690803"></trkpt>
<trkpt lat="45.717881" lon="-73.691311"></trkpt>
<trkpt lat="45.717880" lon="-73.691387"></trkpt>
<trkpt lat="45.717939" lon="-73.691550"></trkpt>
<trkpt lat="45.717941" lon="-73.691640"></trkpt>
<trkpt lat="45.717958" lon="-73.691658"></trkpt>
<trkpt lat="45.717993" lon="-73.691724"></trkpt>
<trkpt lat="45.717990" lon="-73.692003"></trkpt>
<trkpt lat="45.717935" lon="-73.692430"></trkpt>
<trkpt lat="45.717926" lon="-73.692476"></trkpt>
<trkpt lat="45.717916" lon="-73.692522"></trkpt>
<trkpt lat="45.717901" lon="-73.692572"></trkpt>
<trkpt lat="45.717781" lon="-73.692924"></trkpt>
<trkpt lat="45.717528" lon="-73.693439"></trkpt>
<trkpt lat="45.717464" lon="-73.693559"></trkpt>
<trkpt lat="45.717401" lon="-73.693678"></trkpt>
<trkpt lat="45.716588" lon="-73.695262"></trkpt>
<trkpt lat="45.716550" lon="-73.695335"></trkpt>
<trkpt lat="45.716508" lon="-73.695419"></trkpt>
<trkpt lat="45.716161" lon="-73.696069"></trkpt>
<trkpt lat="45.716105" lon="-73.696171"></trkpt>
<trkpt lat="45.716043" lon="-73.696281"></trkpt>
<trkpt lat="45.715408" lon="-73.697575"></trkpt>
<trkpt lat="45.715426" lon="-73.697991"></trkpt>
<trkpt lat="45.715470" lon="-73.698142"></trkpt>
<trkpt lat="45.715822" lon="-73.698429"></trkpt>
<trkpt lat="45.716193" lon="-73.698681"></trkpt>
<trkpt lat="45.716437" lon="-73.698720"></trkpt>
<trkpt lat="45.716453" lon="-73.698771"></trkpt>
<trkpt lat="45.716468" lon="-73.698823"></trkpt>
<trkpt lat="45.716515" lon="-73.698857"></trkpt>
<trkpt lat="45.716560" lon="-73.698885"></trkpt>
<trkpt lat="45.716651" lon="-73.698946"></trkpt>
<trkpt lat="45.716691" lon="-73.698973"></trkpt>
<trkpt lat="45.716774" lon="-73.698979"></trkpt>
<trkpt lat="45.716809" lon="-73.698961"></trkpt>
<trkpt lat="45.716845" lon="-73.698940"></trkpt>
<trkpt lat="45.716863" lon="-73.698930"></trkpt>
<trkpt lat="45.716942" lon="-73.699106"></trkpt>
<trkpt lat="45.717183" lon="-73.699338"></trkpt>
<trkpt lat="45.718821" lon="-73.700461"></trkpt>
<trkpt lat="45.719719" lon="-73.701056"></trkpt>
<trkpt lat="45.721180" lon="-73.701998"></trkpt>
<trkpt lat="45.721198" lon="-73.702008"></trkpt>
<trkpt lat="45.721246" lon="-73.702040"></trkpt>
<trkpt lat="45.721343" lon="-73.702104"></trkpt>
<trkpt lat="45.721393" lon="-73.702137"></trkpt>
<trkpt lat="45.722168" lon="-73.702652"></trkpt>
<trkpt lat="45.722207" lon="-73.702678"></trkpt>
<trkpt lat="45.722244" lon="-73.702703"></trkpt>
<trkpt lat="45.722271" lon="-73.702718"></trkpt>
<trkpt lat="45.722308" lon="-73.702739"></trkpt>
<trkpt lat="45.722356" lon="-73.702765"></trkpt>
<trkpt lat="45.722743" lon="-73.702991"></trkpt>
<trkpt lat="45.722926" lon="-73.703028"></trkpt>
<trkpt lat="45.722928" lon="-73.703051"></trkpt>
<trkpt lat="45.722932" lon="-73.703107"></trkpt>
<trkpt lat="45.722935" lon="-73.703162"></trkpt>
<trkpt lat="45.722927" lon="-73.703206"></trkpt>
<trkpt lat="45.722909" lon="-73.703250"></trkpt>
<trkpt lat="45.723055" lon="-73.703343"></trkpt>
<trkpt lat="45.723168" lon="-73.703412"></trkpt>
<trkpt lat="45.723297" lon="-73.703508"></trkpt>
<trkpt lat="45.723473" lon="-73.703697"></trkpt>
<trkpt lat="45.723565" lon="-73.703900"></trkpt>
<trkpt lat="45.723631" lon="-73.704026"></trkpt>
<trkpt lat="45.723690" lon="-73.704220"></trkpt>
<trkpt lat="45.723903" lon="-73.705065"></trkpt>
<trkpt lat="45.724082" lon="-73.705471"></trkpt>
<trkpt lat="45.724244" lon="-73.705693"></trkpt>
<trkpt lat="45.724434" lon="-73.705864"></trkpt>
<trkpt lat="45.724603" lon="-73.705966"></trkpt>
<trkpt lat="45.724877" lon="-73.706069"></trkpt>
<trkpt lat="45.727620" lon="-73.706946"></trkpt>
<trkpt lat="45.727975" lon="-73.706997"></trkpt>
<trkpt lat="45.728372" lon="-73.707068"></trkpt>
<trkpt lat="45.728384" lon="-73.705754"></trkpt>
<trkpt lat="45.728386" lon="-73.705469"></trkpt>
<trkpt lat="45.728260" lon="-73.703407"></trkpt>
<trkpt lat="45.728218" lon="-73.702406"></trkpt>
<trkpt lat="45.728238" lon="-73.702055"></trkpt>
<trkpt lat="45.728295" lon="-73.701735"></trkpt>
<trkpt lat="45.728729" lon="-73.700174"></trkpt>
<trkpt lat="45.728891" lon="-73.699591"></trkpt>
<trkpt lat="45.728897" lon="-73.699571"></trkpt>
<trkpt lat="45.729369" lon="-73.698160"></trkpt>
<trkpt lat="45.729869" lon="-73.696815"></trkpt>
<trkpt lat="45.729942" lon="-73.696871"></trkpt>
<trkpt lat="45.729960" lon="-73.696944"></trkpt>
<trkpt lat="45.729852" lon="-73.697239"></trkpt>
<trkpt lat="45.729917" lon="-73.697387"></trkpt>
<trkpt lat="45.729993" lon="-73.697484"></trkpt>
<trkpt lat="45.730547" lon="-73.697885"></trkpt>
<trkpt lat="45.730921" lon="-73.698204"></trkpt>
<trkpt lat="45.731130" lon="-73.698162"></trkpt>
<trkpt lat="45.731185" lon="-73.698248"></trkpt>
<trkpt lat="45.731193" lon="-73.698404"></trkpt>
<trkpt lat="45.731221" lon="-73.698481"></trkpt>
<trkpt lat="45.731315" lon="-73.698558"></trkpt>
<trkpt lat="45.731868" lon="-73.698689"></trkpt>
<trkpt lat="45.731916" lon="-73.698718"></trkpt>
<trkpt lat="45.731933" lon="-73.698806"></trkpt>
<trkpt lat="45.731853" lon="-73.698942"></trkpt>
<trkpt lat="45.731800" lon="-73.699163"></trkpt>
<trkpt lat="45.731787" lon="-73.700059"></trkpt>
<trkpt lat="45.731765" lon="-73.700215"></trkpt>
<trkpt lat="45.731619" lon="-73.700771"></trkpt>
<trkpt lat="45.731520" lon="-73.701346"></trkpt>
<trkpt lat="45.731522" lon="-73.701476"></trkpt>
<trkpt lat="45.731558" lon="-73.701545"></trkpt>
<trkpt lat="45.731863" lon="-73.701836"></trkpt>
<trkpt lat="45.732044" lon="-73.702095"></trkpt>
<trkpt lat="45.732203" lon="-73.702463"></trkpt>
<trkpt lat="45.732241" lon="-73.702901"></trkpt>
<trkpt lat="45.732284" lon="-73.703107"></trkpt>
<trkpt lat="45.732367" lon="-73.703245"></trkpt>
<trkpt lat="45.732494" lon="-73.703381"></trkpt>
<trkpt lat="45.732493" lon="-73.703508"></trkpt>
<trkpt lat="45.732450" lon="-73.703563"></trkpt>
<trkpt lat="45.732051" lon="-73.703615"></trkpt>
<trkpt lat="45.731837" lon="-73.703791"></trkpt>
<trkpt lat="45.731676" lon="-73.703795"></trkpt>
<trkpt lat="45.731457" lon="-73.703640"></trkpt>
<trkpt lat="45.731311" lon="-73.703582"></trkpt>
<trkpt lat="45.731138" lon="-73.703585"></trkpt>
<trkpt lat="45.731073" lon="-73.703614"></trkpt>
<trkpt lat="45.731019" lon="-73.703689"></trkpt>
<trkpt lat="45.730991" lon="-73.703818"></trkpt>
<trkpt lat="45.730941" lon="-73.704171"></trkpt>
<trkpt lat="45.730894" lon="-73.704321"></trkpt>
<trkpt lat="45.730901" lon="-73.704482"></trkpt>
<trkpt lat="45.730948" lon="-73.704525"></trkpt>
<trkpt lat="45.731252" lon="-73.704636"></trkpt>
<trkpt lat="45.731499" lon="-73.704828"></trkpt>
<trkpt lat="45.731704" lon="-73.705180"></trkpt>
<trkpt lat="45.731818" lon="-73.705452"></trkpt>
<trkpt lat="45.731876" lon="-73.705705"></trkpt>
<trkpt lat="45.732073" lon="-73.707383"></trkpt>
<trkpt lat="45.732136" lon="-73.707454"></trkpt>
<trkpt lat="45.732233" lon="-73.707465"></trkpt>
<trkpt lat="45.732553" lon="-73.707352"></trkpt>
<trkpt lat="45.732968" lon="-73.707359"></trkpt>
<trkpt lat="45.733133" lon="-73.707410"></trkpt>
<trkpt lat="45.733399" lon="-73.707650"></trkpt>
<trkpt lat="45.733733" lon="-73.708238"></trkpt>
<trkpt lat="45.733951" lon="-73.708422"></trkpt>
<trkpt lat="45.733985" lon="-73.708546"></trkpt>
<trkpt lat="45.733966" lon="-73.708621"></trkpt>
<trkpt lat="45.733933" lon="-73.708658"></trkpt>
<trkpt lat="45.733768" lon="-73.708714"></trkpt>
<trkpt lat="45.733741" lon="-73.708763"></trkpt>
<trkpt lat="45.733677" lon="-73.709044"></trkpt>
<trkpt lat="45.733599" lon="-73.709617"></trkpt>
<trkpt lat="45.733519" lon="-73.709838"></trkpt>
<trkpt lat="45.733406" lon="-73.709954"></trkpt>
<trkpt lat="45.733167" lon="-73.710083"></trkpt>
<trkpt lat="45.733061" lon="-73.710320"></trkpt>
<trkpt lat="45.732816" lon="-73.710401"></trkpt>
<trkpt lat="45.732565" lon="-73.710748"></trkpt>
<trkpt lat="45.732471" lon="-73.711000"></trkpt>
<trkpt lat="45.732455" lon="-73.711209"></trkpt>
<trkpt lat="45.732251" lon="-73.711351"></trkpt>
<trkpt lat="45.732195" lon="-73.711427"></trkpt>
<trkpt lat="45.732003" lon="-73.711899"></trkpt>
<trkpt lat="45.731904" lon="-73.712217"></trkpt>
<trkpt lat="45.731873" lon="-73.712435"></trkpt>
<trkpt lat="45.731891" lon="-73.712894"></trkpt>
<trkpt lat="45.731876" lon="-73.713258"></trkpt>
<trkpt lat="45.731914" lon="-73.713666"></trkpt>
<trkpt lat="45.732004" lon="-73.714128"></trkpt>
<trkpt lat="45.732066" lon="-73.714302"></trkpt>
<trkpt lat="45.732229" lon="-73.714451"></trkpt>
<trkpt lat="45.732367" lon="-73.714477"></trkpt>
<trkpt lat="45.732543" lon="-73.714423"></trkpt>
<trkpt lat="45.732642" lon="-73.714433"></trkpt>
<trkpt lat="45.735001" lon="-73.715137"></trkpt>
<trkpt lat="45.735110" lon="-73.715074"></trkpt>
<trkpt lat="45.735218" lon="-73.713806"></trkpt>
<trkpt lat="45.735246" lon="-73.713677"></trkpt>
<trkpt lat="45.735343" lon="-73.713556"></trkpt>
<trkpt lat="45.735396" lon="-73.713530"></trkpt>
<trkpt lat="45.735603" lon="-73.713568"></trkpt>
<trkpt lat="45.736670" lon="-73.713938"></trkpt>
<trkpt lat="45.737710" lon="-73.714247"></trkpt>
<trkpt lat="45.738031" lon="-73.714376"></trkpt>
<trkpt lat="45.738118" lon="-73.714525"></trkpt>
<trkpt lat="45.738114" lon="-73.714728"></trkpt>
<trkpt lat="45.738063" lon="-73.715132"></trkpt>
<trkpt lat="45.738089" lon="-73.715261"></trkpt>
<trkpt lat="45.738182" lon="-73.715350"></trkpt>
<trkpt lat="45.738743" lon="-73.715479"></trkpt>
<trkpt lat="45.740331" lon="-73.716026"></trkpt>
<trkpt lat="45.741027" lon="-73.716177"></trkpt>
<trkpt lat="45.741499" lon="-73.716423"></trkpt>
<trkpt lat="45.741851" lon="-73.716466"></trkpt>
<trkpt lat="45.742135" lon="-73.716627"></trkpt>
<trkpt lat="45.742517" lon="-73.716649"></trkpt>
<trkpt lat="45.742622" lon="-73.716702"></trkpt>
<trkpt lat="45.742914" lon="-73.716745"></trkpt>
<trkpt lat="45.743311" lon="-73.716949"></trkpt>
<trkpt lat="45.743809" lon="-73.717055"></trkpt>
<trkpt lat="45.744067" lon="-73.717174"></trkpt>
<trkpt lat="45.744711" lon="-73.717303"></trkpt>
<trkpt lat="45.745108" lon="-73.717335"></trkpt>
<trkpt lat="45.745609" lon="-73.717496"></trkpt>
<trkpt lat="45.746253" lon="-73.717754"></trkpt>
<trkpt lat="45.746635" lon="-73.717968"></trkpt>
<trkpt lat="45.746919" lon="-73.718033"></trkpt>
<trkpt lat="45.747077" lon="-73.718022"></trkpt>
<trkpt lat="45.747361" lon="-73.718119"></trkpt>
<trkpt lat="45.747451" lon="-73.718204"></trkpt>
<trkpt lat="45.747698" lon="-73.718204"></trkpt>
<trkpt lat="45.747990" lon="-73.718301"></trkpt>
<trkpt lat="45.748394" lon="-73.718505"></trkpt>
<trkpt lat="45.748948" lon="-73.718569"></trkpt>
<trkpt lat="45.749128" lon="-73.718687"></trkpt>
<trkpt lat="45.749323" lon="-73.718687"></trkpt>
<trkpt lat="45.749682" lon="-73.718848"></trkpt>
<trkpt lat="45.750086" lon="-73.718902"></trkpt>
<trkpt lat="45.751382" lon="-73.719358"></trkpt>
<trkpt lat="45.751651" lon="-73.719288"></trkpt>
<trkpt lat="45.752212" lon="-73.718848"></trkpt>
<trkpt lat="45.752437" lon="-73.718784"></trkpt>
<trkpt lat="45.753942" lon="-73.719224"></trkpt>
<trkpt lat="45.754181" lon="-73.719353"></trkpt>
<trkpt lat="45.755027" lon="-73.719601"></trkpt>
<trkpt lat="45.755738" lon="-73.719852"></trkpt>
<trkpt lat="45.755894" lon="-73.719960"></trkpt>
<trkpt lat="45.755991" lon="-73.720105"></trkpt>
<trkpt lat="45.756033" lon="-73.720366"></trkpt>
<trkpt lat="45.755774" lon="-73.721733"></trkpt>
<trkpt lat="45.755643" lon="-73.722834"></trkpt>
<trkpt lat="45.755498" lon="-73.723339"></trkpt>
<trkpt lat="45.755484" lon="-73.723730"></trkpt>
<trkpt lat="45.755507" lon="-73.723879"></trkpt>
<trkpt lat="45.755576" lon="-73.723980"></trkpt>
<trkpt lat="45.756715" lon="-73.725114"></trkpt>
<trkpt lat="45.757635" lon="-73.726566"></trkpt>
<trkpt lat="45.759104" lon="-73.728769"></trkpt>
<trkpt lat="45.759214" lon="-73.728991"></trkpt>
<trkpt lat="45.759261" lon="-73.729024"></trkpt>
<trkpt lat="45.759343" lon="-73.728976"></trkpt>
<trkpt lat="45.759502" lon="-73.728737"></trkpt>
<trkpt lat="45.759639" lon="-73.728568"></trkpt>
<trkpt lat="45.759681" lon="-73.728645"></trkpt>
<trkpt lat="45.760165" lon="-73.729379"></trkpt>
<trkpt lat="45.762215" lon="-73.732519"></trkpt>
<trkpt lat="45.764613" lon="-73.736181"></trkpt>
<trkpt lat="45.766518" lon="-73.739081"></trkpt>
<trkpt lat="45.767118" lon="-73.739945"></trkpt>
<trkpt lat="45.767594" lon="-73.740671"></trkpt>
<trkpt lat="45.767653" lon="-73.740758"></trkpt>
<trkpt lat="45.766774" lon="-73.744905"></trkpt>
<trkpt lat="45.766327" lon="-73.747034"></trkpt>
<trkpt lat="45.766174" lon="-73.747761"></trkpt>
<trkpt lat="45.766179" lon="-73.747905"></trkpt>
<trkpt lat="45.765377" lon="-73.751857"></trkpt>
<trkpt lat="45.765325" lon="-73.752115"></trkpt>
<trkpt lat="45.765853" lon="-73.752961"></trkpt>
<trkpt lat="45.765884" lon="-73.753104"></trkpt>
<trkpt lat="45.765879" lon="-73.753270"></trkpt>
<trkpt lat="45.765804" lon="-73.753649"></trkpt>
<trkpt lat="45.765808" lon="-73.753787"></trkpt>
<trkpt lat="45.765855" lon="-73.753918"></trkpt>
<trkpt lat="45.767144" lon="-73.755845"></trkpt>
<trkpt lat="45.767780" lon="-73.756792"></trkpt>
<trkpt lat="45.770236" lon="-73.760508"></trkpt>
<trkpt lat="45.770401" lon="-73.760737"></trkpt>
<trkpt lat="45.770406" lon="-73.760907"></trkpt>
<trkpt lat="45.770232" lon="-73.761844"></trkpt>
<trkpt lat="45.770127" lon="-73.762409"></trkpt>
<trkpt lat="45.770134" lon="-73.762494"></trkpt>
<trkpt lat="45.770327" lon="-73.762816"></trkpt>
<trkpt lat="45.770443" lon="-73.762990"></trkpt>
<trkpt lat="45.770590" lon="-73.763217"></trkpt>
<trkpt lat="45.771195" lon="-73.764112"></trkpt>
<trkpt lat="45.771418" lon="-73.764438"></trkpt>
<trkpt lat="45.771631" lon="-73.764767"></trkpt>
<trkpt lat="45.773719" lon="-73.767915"></trkpt>
<trkpt lat="45.773735" lon="-73.768038"></trkpt>
<trkpt lat="45.773603" lon="-73.768698"></trkpt>
<trkpt lat="45.773612" lon="-73.768853"></trkpt>
<trkpt lat="45.773663" lon="-73.769006"></trkpt>
<trkpt lat="45.773811" lon="-73.769220"></trkpt>
<trkpt lat="45.773992" lon="-73.769484"></trkpt>
<trkpt lat="45.774520" lon="-73.770251"></trkpt>
<trkpt lat="45.776796" lon="-73.773556"></trkpt>
<trkpt lat="45.777391" lon="-73.774540"></trkpt>
<trkpt lat="45.777454" lon="-73.774702"></trkpt>
<trkpt lat="45.777463" lon="-73.774850"></trkpt>
<trkpt lat="45.777423" lon="-73.775123"></trkpt>
<trkpt lat="45.777413" lon="-73.775636"></trkpt>
<trkpt lat="45.777569" lon="-73.776938"></trkpt>
<trkpt lat="45.777529" lon="-73.777246"></trkpt>
<trkpt lat="45.777384" lon="-73.777490"></trkpt>
<trkpt lat="45.777274" lon="-73.777555"></trkpt>
<trkpt lat="45.777001" lon="-73.777528"></trkpt>
<trkpt lat="45.776885" lon="-73.777592"></trkpt>
<trkpt lat="45.776562" lon="-73.778038"></trkpt>
<trkpt lat="45.776478" lon="-73.778201"></trkpt>
<trkpt lat="45.775911" lon="-73.780863"></trkpt>
<trkpt lat="45.775619" lon="-73.782234"></trkpt>
<trkpt lat="45.774452" lon="-73.788336"></trkpt>
<trkpt lat="45.774398" lon="-73.788522"></trkpt>
<trkpt lat="45.772670" lon="-73.791188"></trkpt>
<trkpt lat="45.771166" lon="-73.793508"></trkpt>
<trkpt lat="45.770999" lon="-73.793766"></trkpt>
<trkpt lat="45.770971" lon="-73.793851"></trkpt>
<trkpt lat="45.770992" lon="-73.794663"></trkpt>
<trkpt lat="45.770938" lon="-73.794677"></trkpt>
<trkpt lat="45.770651" lon="-73.794972"></trkpt>
<trkpt lat="45.770467" lon="-73.795215"></trkpt>
<trkpt lat="45.771072" lon="-73.795982"></trkpt>
<trkpt lat="45.771333" lon="-73.796311"></trkpt>
<trkpt lat="45.771572" lon="-73.796653"></trkpt>
<trkpt lat="45.771720" lon="-73.796885"></trkpt>
<trkpt lat="45.772099" lon="-73.797672"></trkpt>
<trkpt lat="45.771131" lon="-73.798614"></trkpt>
<trkpt lat="45.769995" lon="-73.799719"></trkpt>
<trkpt lat="45.769295" lon="-73.800401"></trkpt>
<trkpt lat="45.768724" lon="-73.800956"></trkpt>
<trkpt lat="45.769155" lon="-73.801876"></trkpt>
<trkpt lat="45.769245" lon="-73.802334"></trkpt>
<trkpt lat="45.769410" lon="-73.803275"></trkpt>
<trkpt lat="45.769444" lon="-73.803479"></trkpt>
<trkpt lat="45.769594" lon="-73.803800"></trkpt>
<trkpt lat="45.769741" lon="-73.804433"></trkpt>
<trkpt lat="45.769800" lon="-73.804577"></trkpt>
<trkpt lat="45.770460" lon="-73.805573"></trkpt>
<trkpt lat="45.771286" lon="-73.806776"></trkpt>
<trkpt lat="45.771383" lon="-73.806958"></trkpt>
<trkpt lat="45.771464" lon="-73.807301"></trkpt>
<trkpt lat="45.771452" lon="-73.807632"></trkpt>
<trkpt lat="45.771441" lon="-73.808049"></trkpt>
<trkpt lat="45.771416" lon="-73.808217"></trkpt>
<trkpt lat="45.771352" lon="-73.808369"></trkpt>
<trkpt lat="45.770726" lon="-73.809472"></trkpt>
<trkpt lat="45.769914" lon="-73.810763"></trkpt>
<trkpt lat="45.769779" lon="-73.810941"></trkpt>
<trkpt lat="45.769521" lon="-73.811282"></trkpt>
<trkpt lat="45.769416" lon="-73.811420"></trkpt>
<trkpt lat="45.769311" lon="-73.811558"></trkpt>
<trkpt lat="45.769286" lon="-73.811591"></trkpt>
<trkpt lat="45.769226" lon="-73.811670"></trkpt>
<trkpt lat="45.769170" lon="-73.811742"></trkpt>
<trkpt lat="45.769116" lon="-73.811808"></trkpt>
<trkpt lat="45.769102" lon="-73.811825"></trkpt>
<trkpt lat="45.769072" lon="-73.811863"></trkpt>
<trkpt lat="45.768953" lon="-73.812008"></trkpt>
<trkpt lat="45.768829" lon="-73.812161"></trkpt>
<trkpt lat="45.768748" lon="-73.812260"></trkpt>
<trkpt lat="45.768712" lon="-73.812309"></trkpt>
<trkpt lat="45.768605" lon="-73.812459"></trkpt>
<trkpt lat="45.768577" lon="-73.812503"></trkpt>
<trkpt lat="45.768499" lon="-73.812626"></trkpt>
<trkpt lat="45.768462" lon="-73.812674"></trkpt>
<trkpt lat="45.768439" lon="-73.812704"></trkpt>
<trkpt lat="45.768176" lon="-73.813065"></trkpt>
<trkpt lat="45.768084" lon="-73.813201"></trkpt>
<trkpt lat="45.767886" lon="-73.813471"></trkpt>
<trkpt lat="45.767864" lon="-73.813499"></trkpt>
<trkpt lat="45.767797" lon="-73.813588"></trkpt>
<trkpt lat="45.767543" lon="-73.813920"></trkpt>
<trkpt lat="45.767501" lon="-73.813976"></trkpt>
<trkpt lat="45.767417" lon="-73.814088"></trkpt>
<trkpt lat="45.767170" lon="-73.814415"></trkpt>
<trkpt lat="45.766885" lon="-73.814790"></trkpt>
<trkpt lat="45.766847" lon="-73.814836"></trkpt>
<trkpt lat="45.766900" lon="-73.814915"></trkpt>
<trkpt lat="45.766998" lon="-73.815062"></trkpt>
<trkpt lat="45.767179" lon="-73.815333"></trkpt>
<trkpt lat="45.767202" lon="-73.815368"></trkpt>
<trkpt lat="45.767336" lon="-73.815570"></trkpt>
<trkpt lat="45.767366" lon="-73.815615"></trkpt>
<trkpt lat="45.767467" lon="-73.815766"></trkpt>
<trkpt lat="45.767514" lon="-73.815838"></trkpt>
<trkpt lat="45.767624" lon="-73.816002"></trkpt>
<trkpt lat="45.767692" lon="-73.816103"></trkpt>
<trkpt lat="45.767790" lon="-73.816252"></trkpt>
<trkpt lat="45.767882" lon="-73.816390"></trkpt>
<trkpt lat="45.767977" lon="-73.816535"></trkpt>
<trkpt lat="45.768040" lon="-73.816630"></trkpt>
<trkpt lat="45.768111" lon="-73.816737"></trkpt>
<trkpt lat="45.768169" lon="-73.816826"></trkpt>
<trkpt lat="45.768887" lon="-73.817924"></trkpt>
<trkpt lat="45.768934" lon="-73.817994"></trkpt>
<trkpt lat="45.768972" lon="-73.818051"></trkpt>
<trkpt lat="45.769137" lon="-73.818291"></trkpt>
<trkpt lat="45.769298" lon="-73.818467"></trkpt>
<trkpt lat="45.769456" lon="-73.818589"></trkpt>
<trkpt lat="45.769607" lon="-73.818668"></trkpt>
<trkpt lat="45.769954" lon="-73.818755"></trkpt>
<trkpt lat="45.769979" lon="-73.819291"></trkpt>
<trkpt lat="45.770052" lon="-73.819585"></trkpt>
<trkpt lat="45.770228" lon="-73.819936"></trkpt>
<trkpt lat="45.770276" lon="-73.820014"></trkpt>
<trkpt lat="45.770686" lon="-73.820649"></trkpt>
<trkpt lat="45.770744" lon="-73.820735"></trkpt>
<trkpt lat="45.771921" lon="-73.822477"></trkpt>
<trkpt lat="45.776483" lon="-73.829488"></trkpt>
<trkpt lat="45.778497" lon="-73.832530"></trkpt>
<trkpt lat="45.776546" lon="-73.835143"></trkpt>
<trkpt lat="45.776402" lon="-73.835425"></trkpt>
<trkpt lat="45.776303" lon="-73.835696"></trkpt>
<trkpt lat="45.775976" lon="-73.836901"></trkpt>
<trkpt lat="45.775543" lon="-73.838984"></trkpt>
<trkpt lat="45.775335" lon="-73.839515"></trkpt>
<trkpt lat="45.774851" lon="-73.840277"></trkpt>
<trkpt lat="45.778832" lon="-73.845616"></trkpt>
<trkpt lat="45.785401" lon="-73.854242"></trkpt>
<trkpt lat="45.785625" lon="-73.854521"></trkpt>
<trkpt lat="45.786262" lon="-73.855199"></trkpt>
<trkpt lat="45.787954" lon="-73.856825"></trkpt>
<trkpt lat="45.793141" lon="-73.863701"></trkpt>
<trkpt lat="45.794117" lon="-73.864982"></trkpt>
<trkpt lat="45.794534" lon="-73.865523"></trkpt>
<trkpt lat="45.796031" lon="-73.867499"></trkpt>
<trkpt lat="45.796507" lon="-73.868131"></trkpt>
<trkpt lat="45.798405" lon="-73.870651"></trkpt>
<trkpt lat="45.800574" lon="-73.873655"></trkpt>
<trkpt lat="45.803184" lon="-73.877174"></trkpt>
<trkpt lat="45.806266" lon="-73.881402"></trkpt>
<trkpt lat="45.807642" lon="-73.883290"></trkpt>
<trkpt lat="45.809501" lon="-73.885731"></trkpt>
<trkpt lat="45.813031" lon="-73.890529"></trkpt>
<trkpt lat="45.814649" lon="-73.892420"></trkpt>
<trkpt lat="45.814978" lon="-73.892860"></trkpt>
<trkpt lat="45.815590" lon="-73.893906"></trkpt>
<trkpt lat="45.816075" lon="-73.894734"></trkpt>
<trkpt lat="45.816835" lon="-73.896094"></trkpt>
<trkpt lat="45.817254" lon="-73.896956"></trkpt>
<trkpt lat="45.817367" lon="-73.897188"></trkpt>
<trkpt lat="45.817972" lon="-73.898430"></trkpt>
<trkpt lat="45.818040" lon="-73.898571"></trkpt>
<trkpt lat="45.818506" lon="-73.897879"></trkpt>
<trkpt lat="45.818952" lon="-73.897215"></trkpt>
<trkpt lat="45.819782" lon="-73.895978"></trkpt>
<trkpt lat="45.820344" lon="-73.895141"></trkpt>
<trkpt lat="45.820357" lon="-73.895122"></trkpt>
<trkpt lat="45.820417" lon="-73.895064"></trkpt>
<trkpt lat="45.820487" lon="-73.895060"></trkpt>
<trkpt lat="45.820627" lon="-73.895110"></trkpt>
<trkpt lat="45.820790" lon="-73.894670"></trkpt>
<trkpt lat="45.820946" lon="-73.894327"></trkpt>
<trkpt lat="45.821169" lon="-73.893966"></trkpt>
<trkpt lat="45.821581" lon="-73.893401"></trkpt>
<trkpt lat="45.821945" lon="-73.892888"></trkpt>
<trkpt lat="45.822622" lon="-73.891883"></trkpt>
<trkpt lat="45.823931" lon="-73.889905"></trkpt>
<trkpt lat="45.825782" lon="-73.887199"></trkpt>
<trkpt lat="45.825822" lon="-73.887144"></trkpt>
<trkpt lat="45.826323" lon="-73.886725"></trkpt>
<trkpt lat="45.826740" lon="-73.886482"></trkpt>
<trkpt lat="45.827294" lon="-73.886247"></trkpt>
<trkpt lat="45.828418" lon="-73.885821"></trkpt>
<trkpt lat="45.828942" lon="-73.885580"></trkpt>
<trkpt lat="45.829789" lon="-73.884933"></trkpt>
<trkpt lat="45.830249" lon="-73.884471"></trkpt>
<trkpt lat="45.830549" lon="-73.884105"></trkpt>
<trkpt lat="45.830817" lon="-73.883722"></trkpt>
<trkpt lat="45.831225" lon="-73.882925"></trkpt>
<trkpt lat="45.831237" lon="-73.882902"></trkpt>
<trkpt lat="45.831495" lon="-73.882240"></trkpt>
<trkpt lat="45.831725" lon="-73.881515"></trkpt>
<trkpt lat="45.832161" lon="-73.881531"></trkpt>
<trkpt lat="45.832335" lon="-73.881535"></trkpt>
<trkpt lat="45.832449" lon="-73.881536"></trkpt>
<trkpt lat="45.833038" lon="-73.881544"></trkpt>
<trkpt lat="45.833300" lon="-73.881570"></trkpt>
<trkpt lat="45.833527" lon="-73.881632"></trkpt>
<trkpt lat="45.834490" lon="-73.882136"></trkpt>
<trkpt lat="45.834781" lon="-73.882226"></trkpt>
<trkpt lat="45.834971" lon="-73.882240"></trkpt>
<trkpt lat="45.835296" lon="-73.882144"></trkpt>
<trkpt lat="45.835570" lon="-73.882112"></trkpt>
<trkpt lat="45.835743" lon="-73.882128"></trkpt>
<trkpt lat="45.835902" lon="-73.882194"></trkpt>
<trkpt lat="45.836067" lon="-73.882299"></trkpt>
<trkpt lat="45.836255" lon="-73.882485"></trkpt>
<trkpt lat="45.836531" lon="-73.882951"></trkpt>
<trkpt lat="45.838042" lon="-73.884242"></trkpt>
<trkpt lat="45.838420" lon="-73.884670"></trkpt>
<trkpt lat="45.838727" lon="-73.885096"></trkpt>
<trkpt lat="45.839057" lon="-73.885686"></trkpt>
<trkpt lat="45.839455" lon="-73.886566"></trkpt>
<trkpt lat="45.839673" lon="-73.886907"></trkpt>
<trkpt lat="45.839859" lon="-73.887077"></trkpt>
<trkpt lat="45.840051" lon="-73.887166"></trkpt>
<trkpt lat="45.840494" lon="-73.887212"></trkpt>
<trkpt lat="45.841060" lon="-73.887221"></trkpt>
<trkpt lat="45.841447" lon="-73.887107"></trkpt>
<trkpt lat="45.841664" lon="-73.886908"></trkpt>
<trkpt lat="45.842087" lon="-73.886405"></trkpt>
<trkpt lat="45.842343" lon="-73.886275"></trkpt>
<trkpt lat="45.842888" lon="-73.886101"></trkpt>
<trkpt lat="45.843303" lon="-73.886010"></trkpt>
<trkpt lat="45.843909" lon="-73.885835"></trkpt>
<trkpt lat="45.844259" lon="-73.885797"></trkpt>
<trkpt lat="45.844550" lon="-73.885813"></trkpt>
<trkpt lat="45.845189" lon="-73.885865"></trkpt>
<trkpt lat="45.845396" lon="-73.885938"></trkpt>
<trkpt lat="45.845583" lon="-73.886055"></trkpt>
<trkpt lat="45.845799" lon="-73.886191"></trkpt>
<trkpt lat="45.846015" lon="-73.886394"></trkpt>
<trkpt lat="45.846293" lon="-73.886753"></trkpt>
<trkpt lat="45.846660" lon="-73.887228"></trkpt>
<trkpt lat="45.847305" lon="-73.888063"></trkpt>
<trkpt lat="45.847466" lon="-73.888272"></trkpt>
<trkpt lat="45.847649" lon="-73.888577"></trkpt>
<trkpt lat="45.847887" lon="-73.889084"></trkpt>
<trkpt lat="45.848293" lon="-73.889988"></trkpt>
<trkpt lat="45.848526" lon="-73.890568"></trkpt>
<trkpt lat="45.848885" lon="-73.891212"></trkpt>
<trkpt lat="45.849050" lon="-73.891759"></trkpt>
<trkpt lat="45.849212" lon="-73.892166"></trkpt>
<trkpt lat="45.849491" lon="-73.892617"></trkpt>
<trkpt lat="45.850470" lon="-73.893758"></trkpt>
<trkpt lat="45.850682" lon="-73.893867"></trkpt>
<trkpt lat="45.850933" lon="-73.893862"></trkpt>
<trkpt lat="45.851529" lon="-73.893743"></trkpt>
<trkpt lat="45.851901" lon="-73.893783"></trkpt>
<trkpt lat="45.852285" lon="-73.893883"></trkpt>
<trkpt lat="45.853666" lon="-73.893968"></trkpt>
<trkpt lat="45.857397" lon="-73.895077"></trkpt>
<trkpt lat="45.857670" lon="-73.895130"></trkpt>
<trkpt lat="45.857791" lon="-73.895116"></trkpt>
<trkpt lat="45.858764" lon="-73.894960"></trkpt>
<trkpt lat="45.859015" lon="-73.894956"></trkpt>
<trkpt lat="45.859216" lon="-73.895009"></trkpt>
<trkpt lat="45.859437" lon="-73.895162"></trkpt>
<trkpt lat="45.860548" lon="-73.896157"></trkpt>
<trkpt lat="45.860833" lon="-73.896308"></trkpt>
<trkpt lat="45.861803" lon="-73.896543"></trkpt>
<trkpt lat="45.862279" lon="-73.896748"></trkpt>
<trkpt lat="45.862520" lon="-73.896954"></trkpt>
<trkpt lat="45.862644" lon="-73.897149"></trkpt>
<trkpt lat="45.862716" lon="-73.897263"></trkpt>
<trkpt lat="45.862887" lon="-73.897745"></trkpt>
<trkpt lat="45.863074" lon="-73.898058"></trkpt>
<trkpt lat="45.863395" lon="-73.898355"></trkpt>
<trkpt lat="45.863682" lon="-73.898543"></trkpt>
<trkpt lat="45.864010" lon="-73.898815"></trkpt>
<trkpt lat="45.864218" lon="-73.899108"></trkpt>
<trkpt lat="45.864487" lon="-73.899612"></trkpt>
<trkpt lat="45.864567" lon="-73.900025"></trkpt>
<trkpt lat="45.864579" lon="-73.900459"></trkpt>
<trkpt lat="45.864489" lon="-73.901730"></trkpt>
<trkpt lat="45.864483" lon="-73.902169"></trkpt>
<trkpt lat="45.864606" lon="-73.903220"></trkpt>
<trkpt lat="45.864668" lon="-73.903464"></trkpt>
<trkpt lat="45.864762" lon="-73.903608"></trkpt>
<trkpt lat="45.864874" lon="-73.903784"></trkpt>
<trkpt lat="45.864991" lon="-73.903971"></trkpt>
<trkpt lat="45.865164" lon="-73.903568"></trkpt>
<trkpt lat="45.865229" lon="-73.903086"></trkpt>
<trkpt lat="45.865251" lon="-73.902727"></trkpt>
<trkpt lat="45.865335" lon="-73.902287"></trkpt>
<trkpt lat="45.865883" lon="-73.901429"></trkpt>
<trkpt lat="45.866415" lon="-73.900754"></trkpt>
<trkpt lat="45.866503" lon="-73.900595"></trkpt>
<trkpt lat="45.866720" lon="-73.899849"></trkpt>
<trkpt lat="45.866893" lon="-73.899221"></trkpt>
<trkpt lat="45.867280" lon="-73.898290"></trkpt>
<trkpt lat="45.867516" lon="-73.897739"></trkpt>
<trkpt lat="45.867629" lon="-73.897028"></trkpt>
<trkpt lat="45.867661" lon="-73.896476"></trkpt>
<trkpt lat="45.867599" lon="-73.894977"></trkpt>
<trkpt lat="45.867831" lon="-73.893632"></trkpt>
<trkpt lat="45.867826" lon="-73.893282"></trkpt>
<trkpt lat="45.867768" lon="-73.893017"></trkpt>
<trkpt lat="45.867427" lon="-73.892298"></trkpt>
<trkpt lat="45.867384" lon="-73.892094"></trkpt>
<trkpt lat="45.867400" lon="-73.891625"></trkpt>
<trkpt lat="45.867716" lon="-73.889092"></trkpt>
<trkpt lat="45.867821" lon="-73.888486"></trkpt>
<trkpt lat="45.868276" lon="-73.886739"></trkpt>
<trkpt lat="45.868406" lon="-73.886329"></trkpt>
<trkpt lat="45.868556" lon="-73.885919"></trkpt>
<trkpt lat="45.868872" lon="-73.885324"></trkpt>
<trkpt lat="45.869355" lon="-73.884411"></trkpt>
<trkpt lat="45.870482" lon="-73.882641"></trkpt>
<trkpt lat="45.871052" lon="-73.881746"></trkpt>
<trkpt lat="45.871265" lon="-73.881360"></trkpt>
<trkpt lat="45.871426" lon="-73.880990"></trkpt>
<trkpt lat="45.871575" lon="-73.880462"></trkpt>
<trkpt lat="45.871831" lon="-73.880491"></trkpt>
<trkpt lat="45.872391" lon="-73.880303"></trkpt>
<trkpt lat="45.872790" lon="-73.880126"></trkpt>
<trkpt lat="45.873495" lon="-73.879822"></trkpt>
<trkpt lat="45.873540" lon="-73.879802"></trkpt>
<trkpt lat="45.874951" lon="-73.879184"></trkpt>
<trkpt lat="45.875503" lon="-73.878817"></trkpt>
<trkpt lat="45.876360" lon="-73.878103"></trkpt>
<trkpt lat="45.877297" lon="-73.877285"></trkpt>
<trkpt lat="45.877478" lon="-73.877160"></trkpt>
<trkpt lat="45.877655" lon="-73.877058"></trkpt>
<trkpt lat="45.877924" lon="-73.876983"></trkpt>
<trkpt lat="45.878152" lon="-73.876959"></trkpt>
<trkpt lat="45.878583" lon="-73.877081"></trkpt>
<trkpt lat="45.880363" lon="-73.877985"></trkpt>
<trkpt lat="45.881196" lon="-73.878397"></trkpt>
<trkpt lat="45.882876" lon="-73.879238"></trkpt>
<trkpt lat="45.883147" lon="-73.879372"></trkpt>
<trkpt lat="45.883227" lon="-73.879412"></trkpt>
<trkpt lat="45.884118" lon="-73.879859"></trkpt>
<trkpt lat="45.885332" lon="-73.880568"></trkpt>
<trkpt lat="45.885604" lon="-73.880647"></trkpt>
<trkpt lat="45.885825" lon="-73.880613"></trkpt>
<trkpt lat="45.885956" lon="-73.880560"></trkpt>
<trkpt lat="45.886302" lon="-73.880428"></trkpt>
<trkpt lat="45.886488" lon="-73.880421"></trkpt>
<trkpt lat="45.886663" lon="-73.880460"></trkpt>
<trkpt lat="45.886971" lon="-73.880599"></trkpt>
<trkpt lat="45.888248" lon="-73.881286"></trkpt>
<trkpt lat="45.888354" lon="-73.881310"></trkpt>
<trkpt lat="45.888535" lon="-73.881281"></trkpt>
<trkpt lat="45.888597" lon="-73.881245"></trkpt>
<trkpt lat="45.888732" lon="-73.881052"></trkpt>
<trkpt lat="45.888906" lon="-73.880678"></trkpt>
<trkpt lat="45.889277" lon="-73.880203"></trkpt>
<trkpt lat="45.889454" lon="-73.879966"></trkpt>
<trkpt lat="45.889610" lon="-73.879873"></trkpt>
<trkpt lat="45.889772" lon="-73.879882"></trkpt>
<trkpt lat="45.890121" lon="-73.880023"></trkpt>
<trkpt lat="45.890684" lon="-73.880191"></trkpt>
<trkpt lat="45.891183" lon="-73.880239"></trkpt>
<trkpt lat="45.892073" lon="-73.880353"></trkpt>
<trkpt lat="45.892994" lon="-73.880381"></trkpt>
<trkpt lat="45.893227" lon="-73.880562"></trkpt>
<trkpt lat="45.893549" lon="-73.881090"></trkpt>
<trkpt lat="45.894057" lon="-73.881622"></trkpt>
<trkpt lat="45.894647" lon="-73.882161"></trkpt>
<trkpt lat="45.894971" lon="-73.882381"></trkpt>
<trkpt lat="45.896207" lon="-73.883071"></trkpt>
<trkpt lat="45.896639" lon="-73.883344"></trkpt>
<trkpt lat="45.897010" lon="-73.883511"></trkpt>
<trkpt lat="45.897454" lon="-73.883630"></trkpt>
<trkpt lat="45.898077" lon="-73.883744"></trkpt>
<trkpt lat="45.898607" lon="-73.883951"></trkpt>
<trkpt lat="45.899125" lon="-73.884334"></trkpt>
<trkpt lat="45.899588" lon="-73.884595"></trkpt>
<trkpt lat="45.900004" lon="-73.884731"></trkpt>
<trkpt lat="45.900294" lon="-73.884725"></trkpt>
<trkpt lat="45.900997" lon="-73.884392"></trkpt>
<trkpt lat="45.901464" lon="-73.884133"></trkpt>
<trkpt lat="45.901923" lon="-73.884468"></trkpt>
<trkpt lat="45.902358" lon="-73.884847"></trkpt>
<trkpt lat="45.902998" lon="-73.885342"></trkpt>
<trkpt lat="45.903254" lon="-73.885494"></trkpt>
<trkpt lat="45.903460" lon="-73.885513"></trkpt>
<trkpt lat="45.903606" lon="-73.885407"></trkpt>
<trkpt lat="45.903795" lon="-73.885160"></trkpt>
<trkpt lat="45.904101" lon="-73.884748"></trkpt>
<trkpt lat="45.904266" lon="-73.884624"></trkpt>
<trkpt lat="45.904337" lon="-73.884633"></trkpt>
<trkpt lat="45.904542" lon="-73.884761"></trkpt>
<trkpt lat="45.904965" lon="-73.885100"></trkpt>
<trkpt lat="45.905299" lon="-73.885408"></trkpt>
<trkpt lat="45.907204" lon="-73.887456"></trkpt>
<trkpt lat="45.907428" lon="-73.887625"></trkpt>
<trkpt lat="45.907959" lon="-73.887877"></trkpt>
<trkpt lat="45.908615" lon="-73.888129"></trkpt>
<trkpt lat="45.908901" lon="-73.888318"></trkpt>
<trkpt lat="45.909507" lon="-73.889019"></trkpt>
<trkpt lat="45.909899" lon="-73.889428"></trkpt>
<trkpt lat="45.910328" lon="-73.889826"></trkpt>
<trkpt lat="45.910659" lon="-73.890041"></trkpt>
<trkpt lat="45.911642" lon="-73.890187"></trkpt>
<trkpt lat="45.912699" lon="-73.890284"></trkpt>
<trkpt lat="45.913485" lon="-73.890394"></trkpt>
<trkpt lat="45.914447" lon="-73.890350"></trkpt>
<trkpt lat="45.914686" lon="-73.890385"></trkpt>
<trkpt lat="45.914836" lon="-73.890456"></trkpt>
<trkpt lat="45.915130" lon="-73.890742"></trkpt>
<trkpt lat="45.916857" lon="-73.893485"></trkpt>
<trkpt lat="45.917437" lon="-73.894361"></trkpt>
<trkpt lat="45.918162" lon="-73.895458"></trkpt>
<trkpt lat="45.916373" lon="-73.898143"></trkpt>
<trkpt lat="45.914934" lon="-73.900373"></trkpt>
<trkpt lat="45.914678" lon="-73.900628"></trkpt>
<trkpt lat="45.914515" lon="-73.900707"></trkpt>
<trkpt lat="45.914365" lon="-73.900703"></trkpt>
<trkpt lat="45.914183" lon="-73.900611"></trkpt>
<trkpt lat="45.913691" lon="-73.900249"></trkpt>
<trkpt lat="45.913507" lon="-73.900211"></trkpt>
<trkpt lat="45.913274" lon="-73.900251"></trkpt>
<trkpt lat="45.911140" lon="-73.901427"></trkpt>
<trkpt lat="45.911026" lon="-73.901552"></trkpt>
<trkpt lat="45.910958" lon="-73.901674"></trkpt>
<trkpt lat="45.910902" lon="-73.901996"></trkpt>
<trkpt lat="45.910851" lon="-73.902236"></trkpt>
<trkpt lat="45.910542" lon="-73.903695"></trkpt>
<trkpt lat="45.910415" lon="-73.904430"></trkpt>
<trkpt lat="45.910360" lon="-73.904972"></trkpt>
<trkpt lat="45.910354" lon="-73.905284"></trkpt>
<trkpt lat="45.910381" lon="-73.905494"></trkpt>
<trkpt lat="45.910447" lon="-73.905750"></trkpt>
<trkpt lat="45.910674" lon="-73.906412"></trkpt>
<trkpt lat="45.910741" lon="-73.906783"></trkpt>
<trkpt lat="45.910736" lon="-73.907449"></trkpt>
<trkpt lat="45.910694" lon="-73.907750"></trkpt>
<trkpt lat="45.910562" lon="-73.908181"></trkpt>
<trkpt lat="45.910409" lon="-73.908546"></trkpt>
<trkpt lat="45.910198" lon="-73.908587"></trkpt>
<trkpt lat="45.909997" lon="-73.908529"></trkpt>
<trkpt lat="45.909680" lon="-73.908352"></trkpt>
<trkpt lat="45.909432" lon="-73.908286"></trkpt>
<trkpt lat="45.909291" lon="-73.908313"></trkpt>
<trkpt lat="45.909083" lon="-73.908413"></trkpt>
<trkpt lat="45.908906" lon="-73.908596"></trkpt>
<trkpt lat="45.908190" lon="-73.909557"></trkpt>
<trkpt lat="45.907964" lon="-73.909821"></trkpt>
<trkpt lat="45.907397" lon="-73.910306"></trkpt>
<trkpt lat="45.907144" lon="-73.910687"></trkpt>
<trkpt lat="45.907064" lon="-73.911012"></trkpt>
<trkpt lat="45.906920" lon="-73.911847"></trkpt>
<trkpt lat="45.906823" lon="-73.912580"></trkpt>
<trkpt lat="45.906547" lon="-73.913691"></trkpt>
<trkpt lat="45.906294" lon="-73.914172"></trkpt>
<trkpt lat="45.905828" lon="-73.914647"></trkpt>
<trkpt lat="45.904724" lon="-73.915941"></trkpt>
<trkpt lat="45.903669" lon="-73.917014"></trkpt>
<trkpt lat="45.903655" lon="-73.917031"></trkpt>
<trkpt lat="45.903369" lon="-73.917364"></trkpt>
<trkpt lat="45.903056" lon="-73.917612"></trkpt>
<trkpt lat="45.901366" lon="-73.918614"></trkpt>
<trkpt lat="45.901017" lon="-73.918963"></trkpt>
<trkpt lat="45.900605" lon="-73.919505"></trkpt>
<trkpt lat="45.899934" lon="-73.920637"></trkpt>
<trkpt lat="45.899811" lon="-73.920700"></trkpt>
<trkpt lat="45.899312" lon="-73.920756"></trkpt>
<trkpt lat="45.899087" lon="-73.920910"></trkpt>
<trkpt lat="45.898790" lon="-73.921237"></trkpt>
<trkpt lat="45.898604" lon="-73.921553"></trkpt>
<trkpt lat="45.898449" lon="-73.922018"></trkpt>
<trkpt lat="45.898319" lon="-73.922938"></trkpt>
<trkpt lat="45.898090" lon="-73.923681"></trkpt>
<trkpt lat="45.897917" lon="-73.924119"></trkpt>
<trkpt lat="45.897682" lon="-73.924583"></trkpt>
<trkpt lat="45.896794" lon="-73.925675"></trkpt>
<trkpt lat="45.896004" lon="-73.926441"></trkpt>
<trkpt lat="45.895037" lon="-73.926977"></trkpt>
<trkpt lat="45.894263" lon="-73.927559"></trkpt>
<trkpt lat="45.894067" lon="-73.927795"></trkpt>
<trkpt lat="45.893881" lon="-73.928196"></trkpt>
<trkpt lat="45.893683" lon="-73.929088"></trkpt>
<trkpt lat="45.893534" lon="-73.929538"></trkpt>
<trkpt lat="45.893159" lon="-73.930242"></trkpt>
<trkpt lat="45.892440" lon="-73.931250"></trkpt>
<trkpt lat="45.891661" lon="-73.932022"></trkpt>
<trkpt lat="45.890760" lon="-73.932631"></trkpt>
<trkpt lat="45.889992" lon="-73.933057"></trkpt>
<trkpt lat="45.889584" lon="-73.933468"></trkpt>
<trkpt lat="45.889210" lon="-73.934208"></trkpt>
<trkpt lat="45.888838" lon="-73.935966"></trkpt>
<trkpt lat="45.888596" lon="-73.936423"></trkpt>
<trkpt lat="45.888009" lon="-73.937398"></trkpt>
<trkpt lat="45.888174" lon="-73.937531"></trkpt>
<trkpt lat="45.888534" lon="-73.937880"></trkpt>
<trkpt lat="45.888737" lon="-73.938038"></trkpt>
<trkpt lat="45.888928" lon="-73.938260"></trkpt>
<trkpt lat="45.889819" lon="-73.939608"></trkpt>
<trkpt lat="45.891750" lon="-73.942705"></trkpt>
<trkpt lat="45.892305" lon="-73.943377"></trkpt>
<trkpt lat="45.892418" lon="-73.943436"></trkpt>
<trkpt lat="45.892601" lon="-73.943533"></trkpt>
<trkpt lat="45.892936" lon="-73.943692"></trkpt>
<trkpt lat="45.893677" lon="-73.944195"></trkpt>
<trkpt lat="45.893916" lon="-73.944479"></trkpt>
<trkpt lat="45.894114" lon="-73.944824"></trkpt>
<trkpt lat="45.894229" lon="-73.945391"></trkpt>
<trkpt lat="45.894320" lon="-73.946512"></trkpt>
<trkpt lat="45.894188" lon="-73.947517"></trkpt>
<trkpt lat="45.894053" lon="-73.947798"></trkpt>
<trkpt lat="45.893571" lon="-73.948566"></trkpt>
<trkpt lat="45.893350" lon="-73.948780"></trkpt>
<trkpt lat="45.893004" lon="-73.948992"></trkpt>
<trkpt lat="45.892915" lon="-73.949093"></trkpt>
<trkpt lat="45.892826" lon="-73.949235"></trkpt>
<trkpt lat="45.892609" lon="-73.949928"></trkpt>
<trkpt lat="45.892488" lon="-73.950357"></trkpt>
<trkpt lat="45.892376" lon="-73.950628"></trkpt>
<trkpt lat="45.892163" lon="-73.950915"></trkpt>
<trkpt lat="45.891887" lon="-73.951478"></trkpt>
<trkpt lat="45.891278" lon="-73.953120"></trkpt>
<trkpt lat="45.891275" lon="-73.953226"></trkpt>
<trkpt lat="45.891303" lon="-73.953349"></trkpt>
<trkpt lat="45.891520" lon="-73.954029"></trkpt>
<trkpt lat="45.891610" lon="-73.954424"></trkpt>
<trkpt lat="45.891710" lon="-73.955042"></trkpt>
<trkpt lat="45.891811" lon="-73.955409"></trkpt>
<trkpt lat="45.892367" lon="-73.956043"></trkpt>
<trkpt lat="45.892626" lon="-73.956361"></trkpt>
<trkpt lat="45.893047" lon="-73.956803"></trkpt>
<trkpt lat="45.893616" lon="-73.957175"></trkpt>
<trkpt lat="45.893965" lon="-73.957245"></trkpt>
<trkpt lat="45.894519" lon="-73.957264"></trkpt>
<trkpt lat="45.895272" lon="-73.957179"></trkpt>
<trkpt lat="45.895634" lon="-73.957264"></trkpt>
<trkpt lat="45.896437" lon="-73.957267"></trkpt>
<trkpt lat="45.897612" lon="-73.957042"></trkpt>
<trkpt lat="45.897873" lon="-73.957076"></trkpt>
<trkpt lat="45.898641" lon="-73.957724"></trkpt>
<trkpt lat="45.898838" lon="-73.958247"></trkpt>
<trkpt lat="45.899018" lon="-73.958518"></trkpt>
<trkpt lat="45.899251" lon="-73.958702"></trkpt>
<trkpt lat="45.900206" lon="-73.959400"></trkpt>
<trkpt lat="45.900562" lon="-73.959620"></trkpt>
<trkpt lat="45.901717" lon="-73.960078"></trkpt>
<trkpt lat="45.902843" lon="-73.960629"></trkpt>
<trkpt lat="45.903039" lon="-73.960755"></trkpt>
<trkpt lat="45.903581" lon="-73.961374"></trkpt>
<trkpt lat="45.904254" lon="-73.961970"></trkpt>
<trkpt lat="45.904431" lon="-73.962171"></trkpt>
<trkpt lat="45.904573" lon="-73.962409"></trkpt>
<trkpt lat="45.904595" lon="-73.962627"></trkpt>
<trkpt lat="45.904576" lon="-73.962952"></trkpt>
<trkpt lat="45.904498" lon="-73.963308"></trkpt>
<trkpt lat="45.904333" lon="-73.963722"></trkpt>
<trkpt lat="45.903945" lon="-73.964441"></trkpt>
<trkpt lat="45.903644" lon="-73.965184"></trkpt>
<trkpt lat="45.903528" lon="-73.965427"></trkpt>
<trkpt lat="45.903355" lon="-73.965925"></trkpt>
<trkpt lat="45.903352" lon="-73.966052"></trkpt>
<trkpt lat="45.903371" lon="-73.966138"></trkpt>
<trkpt lat="45.903412" lon="-73.966195"></trkpt>
<trkpt lat="45.903855" lon="-73.966331"></trkpt>
<trkpt lat="45.904054" lon="-73.966444"></trkpt>
<trkpt lat="45.904601" lon="-73.966973"></trkpt>
<trkpt lat="45.904759" lon="-73.967140"></trkpt>
<trkpt lat="45.904972" lon="-73.967475"></trkpt>
<trkpt lat="45.905100" lon="-73.967728"></trkpt>
<trkpt lat="45.905270" lon="-73.967976"></trkpt>
<trkpt lat="45.905479" lon="-73.968168"></trkpt>
<trkpt lat="45.906008" lon="-73.968453"></trkpt>
<trkpt lat="45.906699" lon="-73.968903"></trkpt>
<trkpt lat="45.907052" lon="-73.969068"></trkpt>
<trkpt lat="45.907528" lon="-73.969226"></trkpt>
<trkpt lat="45.908343" lon="-73.969722"></trkpt>
<trkpt lat="45.909094" lon="-73.970072"></trkpt>
<trkpt lat="45.909701" lon="-73.970212"></trkpt>
<trkpt lat="45.909817" lon="-73.970306"></trkpt>
<trkpt lat="45.909959" lon="-73.970520"></trkpt>
<trkpt lat="45.910384" lon="-73.971374"></trkpt>
<trkpt lat="45.910445" lon="-73.971920"></trkpt>
<trkpt lat="45.910645" lon="-73.972825"></trkpt>
<trkpt lat="45.910807" lon="-73.973324"></trkpt>
<trkpt lat="45.911076" lon="-73.974011"></trkpt>
<trkpt lat="45.911184" lon="-73.974153"></trkpt>
<trkpt lat="45.911104" lon="-73.974337"></trkpt>
<trkpt lat="45.910950" lon="-73.974854"></trkpt>
<trkpt lat="45.910939" lon="-73.975373"></trkpt>
<trkpt lat="45.910971" lon="-73.975758"></trkpt>
<trkpt lat="45.910953" lon="-73.975924"></trkpt>
<trkpt lat="45.910900" lon="-73.976087"></trkpt>
<trkpt lat="45.910590" lon="-73.976449"></trkpt>
<trkpt lat="45.909903" lon="-73.977155"></trkpt>
<trkpt lat="45.909785" lon="-73.977250"></trkpt>
<trkpt lat="45.909424" lon="-73.977424"></trkpt>
<trkpt lat="45.909219" lon="-73.977611"></trkpt>
<trkpt lat="45.908856" lon="-73.978284"></trkpt>
<trkpt lat="45.908795" lon="-73.978426"></trkpt>
<trkpt lat="45.908432" lon="-73.979309"></trkpt>
<trkpt lat="45.908018" lon="-73.980110"></trkpt>
<trkpt lat="45.907837" lon="-73.980422"></trkpt>
<trkpt lat="45.907511" lon="-73.980800"></trkpt>
<trkpt lat="45.907124" lon="-73.981363"></trkpt>
<trkpt lat="45.906438" lon="-73.982342"></trkpt>
<trkpt lat="45.906429" lon="-73.982359"></trkpt>
<trkpt lat="45.906120" lon="-73.982954"></trkpt>
<trkpt lat="45.905954" lon="-73.983342"></trkpt>
<trkpt lat="45.905916" lon="-73.983520"></trkpt>
<trkpt lat="45.905816" lon="-73.983640"></trkpt>
<trkpt lat="45.905676" lon="-73.983729"></trkpt>
<trkpt lat="45.905439" lon="-73.983822"></trkpt>
<trkpt lat="45.904996" lon="-73.984013"></trkpt>
<trkpt lat="45.904217" lon="-73.984636"></trkpt>
<trkpt lat="45.904029" lon="-73.984887"></trkpt>
<trkpt lat="45.903852" lon="-73.985063"></trkpt>
<trkpt lat="45.903721" lon="-73.985229"></trkpt>
<trkpt lat="45.903127" lon="-73.986343"></trkpt>
<trkpt lat="45.902749" lon="-73.986904"></trkpt>
<trkpt lat="45.902073" lon="-73.988039"></trkpt>
<trkpt lat="45.901931" lon="-73.988241"></trkpt>
<trkpt lat="45.901662" lon="-73.988498"></trkpt>
<trkpt lat="45.901217" lon="-73.988799"></trkpt>
<trkpt lat="45.900753" lon="-73.989265"></trkpt>
<trkpt lat="45.900445" lon="-73.989553"></trkpt>
<trkpt lat="45.900173" lon="-73.989737"></trkpt>
<trkpt lat="45.899560" lon="-73.990071"></trkpt>
<trkpt lat="45.899293" lon="-73.990371"></trkpt>
<trkpt lat="45.898627" lon="-73.991431"></trkpt>
<trkpt lat="45.898495" lon="-73.991721"></trkpt>
<trkpt lat="45.898184" lon="-73.992774"></trkpt>
<trkpt lat="45.897869" lon="-73.993993"></trkpt>
<trkpt lat="45.897526" lon="-73.994976"></trkpt>
<trkpt lat="45.897466" lon="-73.995245"></trkpt>
<trkpt lat="45.897420" lon="-73.995737"></trkpt>
<trkpt lat="45.897223" lon="-73.997154"></trkpt>
<trkpt lat="45.897193" lon="-73.997829"></trkpt>
<trkpt lat="45.897234" lon="-73.998160"></trkpt>
<trkpt lat="45.897316" lon="-73.998567"></trkpt>
<trkpt lat="45.899409" lon="-73.997667"></trkpt>
<trkpt lat="45.899418" lon="-73.997663"></trkpt>
<trkpt lat="45.899878" lon="-73.997507"></trkpt>
<trkpt lat="45.900163" lon="-73.997420"></trkpt>
<trkpt lat="45.900764" lon="-73.997355"></trkpt>
<trkpt lat="45.901211" lon="-73.997393"></trkpt>
<trkpt lat="45.901846" lon="-73.997614"></trkpt>
<trkpt lat="45.902274" lon="-73.997859"></trkpt>
<trkpt lat="45.902744" lon="-73.998267"></trkpt>
<trkpt lat="45.903159" lon="-73.998763"></trkpt>
<trkpt lat="45.903337" lon="-73.999049"></trkpt>
<trkpt lat="45.903641" lon="-73.999692"></trkpt>
<trkpt lat="45.904898" lon="-74.002411"></trkpt>
<trkpt lat="45.905336" lon="-74.003217"></trkpt>
<trkpt lat="45.905586" lon="-74.003563"></trkpt>
<trkpt lat="45.905738" lon="-74.003777"></trkpt>
<trkpt lat="45.906036" lon="-74.004062"></trkpt>
<trkpt lat="45.906372" lon="-74.004467"></trkpt>
<trkpt lat="45.906696" lon="-74.004787"></trkpt>
<trkpt lat="45.907791" lon="-74.005716"></trkpt>
<trkpt lat="45.910508" lon="-74.007960"></trkpt>
<trkpt lat="45.910878" lon="-74.008295"></trkpt>
<trkpt lat="45.911218" lon="-74.008719"></trkpt>
<trkpt lat="45.911581" lon="-74.009318"></trkpt>
<trkpt lat="45.911871" lon="-74.009890"></trkpt>
<trkpt lat="45.912295" lon="-74.010908"></trkpt>
<trkpt lat="45.912877" lon="-74.012411"></trkpt>
<trkpt lat="45.913188" lon="-74.013002"></trkpt>
<trkpt lat="45.913532" lon="-74.013531"></trkpt>
<trkpt lat="45.913874" lon="-74.013955"></trkpt>
<trkpt lat="45.914301" lon="-74.014346"></trkpt>
<trkpt lat="45.914719" lon="-74.014668"></trkpt>
<trkpt lat="45.915209" lon="-74.014945"></trkpt>
<trkpt lat="45.916782" lon="-74.015656"></trkpt>
<trkpt lat="45.917478" lon="-74.015909"></trkpt>
<trkpt lat="45.920282" lon="-74.017036"></trkpt>
<trkpt lat="45.921916" lon="-74.017784"></trkpt>
<trkpt lat="45.922307" lon="-74.018033"></trkpt>
<trkpt lat="45.922716" lon="-74.018361"></trkpt>
<trkpt lat="45.923094" lon="-74.018773"></trkpt>
<trkpt lat="45.923425" lon="-74.019232"></trkpt>
<trkpt lat="45.923705" lon="-74.019724"></trkpt>
<trkpt lat="45.924077" lon="-74.020546"></trkpt>
<trkpt lat="45.924257" lon="-74.020902"></trkpt>
<trkpt lat="45.925448" lon="-74.023367"></trkpt>
<trkpt lat="45.925825" lon="-74.023944"></trkpt>
<trkpt lat="45.926021" lon="-74.024177"></trkpt>
<trkpt lat="45.926293" lon="-74.024445"></trkpt>
<trkpt lat="45.926633" lon="-74.024690"></trkpt>
<trkpt lat="45.928151" lon="-74.025389"></trkpt>
<trkpt lat="45.928590" lon="-74.025564"></trkpt>
<trkpt lat="45.929108" lon="-74.025795"></trkpt>
<trkpt lat="45.929489" lon="-74.025854"></trkpt>
<trkpt lat="45.929894" lon="-74.025663"></trkpt>
<trkpt lat="45.930272" lon="-74.025380"></trkpt>
<trkpt lat="45.930610" lon="-74.025144"></trkpt>
<trkpt lat="45.930839" lon="-74.024961"></trkpt>
<trkpt lat="45.931061" lon="-74.024769"></trkpt>
<trkpt lat="45.931201" lon="-74.024664"></trkpt>
<trkpt lat="45.931370" lon="-74.024524"></trkpt>
<trkpt lat="45.932384" lon="-74.027031"></trkpt>
<trkpt lat="45.932461" lon="-74.027255"></trkpt>
<trkpt lat="45.932605" lon="-74.027751"></trkpt>
<trkpt lat="45.932695" lon="-74.028251"></trkpt>
<trkpt lat="45.932716" lon="-74.029258"></trkpt>
<trkpt lat="45.932800" lon="-74.029743"></trkpt>
<trkpt lat="45.933008" lon="-74.030325"></trkpt>
<trkpt lat="45.933661" lon="-74.032439"></trkpt>
<trkpt lat="45.933829" lon="-74.033039"></trkpt>
<trkpt lat="45.934058" lon="-74.033668"></trkpt>
<trkpt lat="45.934370" lon="-74.034332"></trkpt>
<trkpt lat="45.934523" lon="-74.034577"></trkpt>
<trkpt lat="45.935149" lon="-74.035390"></trkpt>
<trkpt lat="45.935327" lon="-74.035506"></trkpt>
<trkpt lat="45.935580" lon="-74.035521"></trkpt>
<trkpt lat="45.935713" lon="-74.035471"></trkpt>
<trkpt lat="45.936200" lon="-74.035035"></trkpt>
<trkpt lat="45.936497" lon="-74.034882"></trkpt>
<trkpt lat="45.937052" lon="-74.034925"></trkpt>
<trkpt lat="45.937377" lon="-74.035029"></trkpt>
<trkpt lat="45.937884" lon="-74.035299"></trkpt>
<trkpt lat="45.939149" lon="-74.036220"></trkpt>
<trkpt lat="45.939353" lon="-74.036503"></trkpt>
<trkpt lat="45.939686" lon="-74.036895"></trkpt>
<trkpt lat="45.940213" lon="-74.038002"></trkpt>
<trkpt lat="45.940298" lon="-74.038228"></trkpt>
<trkpt lat="45.940418" lon="-74.038643"></trkpt>
<trkpt lat="45.940492" lon="-74.039043"></trkpt>
<trkpt lat="45.940674" lon="-74.039454"></trkpt>
<trkpt lat="45.940842" lon="-74.039727"></trkpt>
<trkpt lat="45.941103" lon="-74.040334"></trkpt>
<trkpt lat="45.941657" lon="-74.042487"></trkpt>
<trkpt lat="45.942272" lon="-74.044136"></trkpt>
<trkpt lat="45.942476" lon="-74.044480"></trkpt>
<trkpt lat="45.942672" lon="-74.044748"></trkpt>
<trkpt lat="45.942912" lon="-74.044935"></trkpt>
<trkpt lat="45.943275" lon="-74.045012"></trkpt>
<trkpt lat="45.943391" lon="-74.045066"></trkpt>
<trkpt lat="45.943630" lon="-74.045262"></trkpt>
<trkpt lat="45.944136" lon="-74.045792"></trkpt>
<trkpt lat="45.944346" lon="-74.045936"></trkpt>
<trkpt lat="45.944514" lon="-74.045987"></trkpt>
<trkpt lat="45.945141" lon="-74.046038"></trkpt>
<trkpt lat="45.945624" lon="-74.046138"></trkpt>
<trkpt lat="45.945802" lon="-74.046154"></trkpt>
<trkpt lat="45.946419" lon="-74.046463"></trkpt>
<trkpt lat="45.947466" lon="-74.046811"></trkpt>
<trkpt lat="45.947709" lon="-74.046855"></trkpt>
<trkpt lat="45.947861" lon="-74.046932"></trkpt>
<trkpt lat="45.948173" lon="-74.046986"></trkpt>
<trkpt lat="45.949102" lon="-74.047020"></trkpt>
<trkpt lat="45.949722" lon="-74.047126"></trkpt>
<trkpt lat="45.950334" lon="-74.047020"></trkpt>
<trkpt lat="45.950547" lon="-74.046989"></trkpt>
<trkpt lat="45.951287" lon="-74.047011"></trkpt>
<trkpt lat="45.952776" lon="-74.047275"></trkpt>
<trkpt lat="45.953189" lon="-74.047371"></trkpt>
<trkpt lat="45.953591" lon="-74.047422"></trkpt>
<trkpt lat="45.954085" lon="-74.047442"></trkpt>
<trkpt lat="45.954532" lon="-74.047282"></trkpt>
<trkpt lat="45.955751" lon="-74.046768"></trkpt>
<trkpt lat="45.957164" lon="-74.045949"></trkpt>
<trkpt lat="45.958439" lon="-74.047813"></trkpt>
<trkpt lat="45.959305" lon="-74.050010"></trkpt>
<trkpt lat="45.959456" lon="-74.050223"></trkpt>
<trkpt lat="45.959888" lon="-74.050723"></trkpt>
<trkpt lat="45.960225" lon="-74.051104"></trkpt>
<trkpt lat="45.960631" lon="-74.051611"></trkpt>
<trkpt lat="45.961071" lon="-74.051862"></trkpt>
<trkpt lat="45.961322" lon="-74.051707"></trkpt>
<trkpt lat="45.961721" lon="-74.051342"></trkpt>
<trkpt lat="45.961874" lon="-74.051185"></trkpt>
<trkpt lat="45.962259" lon="-74.050893"></trkpt>
<trkpt lat="45.962545" lon="-74.050829"></trkpt>
<trkpt lat="45.962787" lon="-74.050819"></trkpt>
<trkpt lat="45.963056" lon="-74.050866"></trkpt>
<trkpt lat="45.963927" lon="-74.051256"></trkpt>
<trkpt lat="45.964223" lon="-74.051339"></trkpt>
<trkpt lat="45.965196" lon="-74.051297"></trkpt>
<trkpt lat="45.965562" lon="-74.051393"></trkpt>
<trkpt lat="45.965745" lon="-74.051509"></trkpt>
<trkpt lat="45.966595" lon="-74.052261"></trkpt>
<trkpt lat="45.967039" lon="-74.052564"></trkpt>
<trkpt lat="45.967968" lon="-74.053457"></trkpt>
<trkpt lat="45.968213" lon="-74.053778"></trkpt>
<trkpt lat="45.968898" lon="-74.054954"></trkpt>
<trkpt lat="45.969441" lon="-74.055814"></trkpt>
<trkpt lat="45.969881" lon="-74.056357"></trkpt>
<trkpt lat="45.970389" lon="-74.056837"></trkpt>
<trkpt lat="45.970875" lon="-74.057195"></trkpt>
<trkpt lat="45.971137" lon="-74.057305"></trkpt>
<trkpt lat="45.972232" lon="-74.057595"></trkpt>
<trkpt lat="45.973090" lon="-74.057922"></trkpt>
<trkpt lat="45.974308" lon="-74.058321"></trkpt>
<trkpt lat="45.974697" lon="-74.058534"></trkpt>
<trkpt lat="45.975304" lon="-74.059027"></trkpt>
<trkpt lat="45.975649" lon="-74.059370"></trkpt>
<trkpt lat="45.976149" lon="-74.060007"></trkpt>
<trkpt lat="45.976660" lon="-74.060889"></trkpt>
<trkpt lat="45.977344" lon="-74.061962"></trkpt>
<trkpt lat="45.978108" lon="-74.062904"></trkpt>
<trkpt lat="45.978562" lon="-74.063387"></trkpt>
<trkpt lat="45.979070" lon="-74.063895"></trkpt>
<trkpt lat="45.979310" lon="-74.064049"></trkpt>
<trkpt lat="45.979982" lon="-74.064339"></trkpt>
<trkpt lat="45.980215" lon="-74.064474"></trkpt>
<trkpt lat="45.980540" lon="-74.064730"></trkpt>
<trkpt lat="45.980740" lon="-74.064834"></trkpt>
<trkpt lat="45.980918" lon="-74.064872"></trkpt>
<trkpt lat="45.981285" lon="-74.064807"></trkpt>
<trkpt lat="45.981579" lon="-74.064705"></trkpt>
<trkpt lat="45.982747" lon="-74.064479"></trkpt>
<trkpt lat="45.983241" lon="-74.064328"></trkpt>
<trkpt lat="45.983886" lon="-74.063943"></trkpt>
<trkpt lat="45.984475" lon="-74.063404"></trkpt>
<trkpt lat="45.984771" lon="-74.063205"></trkpt>
<trkpt lat="45.985031" lon="-74.063084"></trkpt>
<trkpt lat="45.985451" lon="-74.062819"></trkpt>
<trkpt lat="45.986568" lon="-74.061780"></trkpt>
<trkpt lat="45.986837" lon="-74.061608"></trkpt>
<trkpt lat="45.988190" lon="-74.061209"></trkpt>
<trkpt lat="45.988461" lon="-74.061031"></trkpt>
<trkpt lat="45.988676" lon="-74.060937"></trkpt>
<trkpt lat="45.988901" lon="-74.060940"></trkpt>
<trkpt lat="45.989091" lon="-74.061014"></trkpt>
<trkpt lat="45.989843" lon="-74.061647"></trkpt>
<trkpt lat="45.990414" lon="-74.062090"></trkpt>
<trkpt lat="45.990585" lon="-74.062177"></trkpt>
<trkpt lat="45.990721" lon="-74.062201"></trkpt>
<trkpt lat="45.991412" lon="-74.062047"></trkpt>
<trkpt lat="45.991908" lon="-74.062103"></trkpt>
<trkpt lat="45.992205" lon="-74.062085"></trkpt>
<trkpt lat="45.992348" lon="-74.061980"></trkpt>
<trkpt lat="45.993143" lon="-74.060668"></trkpt>
<trkpt lat="45.993412" lon="-74.059999"></trkpt>
<trkpt lat="45.993732" lon="-74.059593"></trkpt>
<trkpt lat="45.994041" lon="-74.059337"></trkpt>
<trkpt lat="45.994763" lon="-74.059059"></trkpt>
<trkpt lat="45.995120" lon="-74.058756"></trkpt>
<trkpt lat="45.995334" lon="-74.058494"></trkpt>
<trkpt lat="45.995726" lon="-74.057919"></trkpt>
<trkpt lat="45.996135" lon="-74.057409"></trkpt>
<trkpt lat="45.997042" lon="-74.056037"></trkpt>
<trkpt lat="45.998497" lon="-74.054093"></trkpt>
<trkpt lat="46.000002" lon="-74.051972"></trkpt>
<trkpt lat="46.000584" lon="-74.051147"></trkpt>
<trkpt lat="46.000923" lon="-74.050818"></trkpt>
<trkpt lat="46.001647" lon="-74.050199"></trkpt>
<trkpt lat="46.002146" lon="-74.049635"></trkpt>
<trkpt lat="46.003010" lon="-74.048509"></trkpt>
<trkpt lat="46.003622" lon="-74.047492"></trkpt>
<trkpt lat="46.003987" lon="-74.046982"></trkpt>
<trkpt lat="46.004538" lon="-74.046133"></trkpt>
<trkpt lat="46.004929" lon="-74.045467"></trkpt>
<trkpt lat="46.005079" lon="-74.045142"></trkpt>
<trkpt lat="46.005307" lon="-74.044415"></trkpt>
<trkpt lat="46.005369" lon="-74.044310"></trkpt>
<trkpt lat="46.005556" lon="-74.044074"></trkpt>
<trkpt lat="46.005699" lon="-74.044007"></trkpt>
<trkpt lat="46.005862" lon="-74.044031"></trkpt>
<trkpt lat="46.005980" lon="-74.044171"></trkpt>
<trkpt lat="46.006127" lon="-74.044478"></trkpt>
<trkpt lat="46.006191" lon="-74.044722"></trkpt>
<trkpt lat="46.006298" lon="-74.045560"></trkpt>
<trkpt lat="46.006400" lon="-74.045933"></trkpt>
<trkpt lat="46.006492" lon="-74.046164"></trkpt>
<trkpt lat="46.006783" lon="-74.046572"></trkpt>
<trkpt lat="46.006957" lon="-74.046931"></trkpt>
<trkpt lat="46.007041" lon="-74.047330"></trkpt>
<trkpt lat="46.007147" lon="-74.048180"></trkpt>
<trkpt lat="46.007323" lon="-74.048784"></trkpt>
<trkpt lat="46.007544" lon="-74.049336"></trkpt>
<trkpt lat="46.007622" lon="-74.049480"></trkpt>
<trkpt lat="46.007800" lon="-74.049809"></trkpt>
<trkpt lat="46.008055" lon="-74.050180"></trkpt>
<trkpt lat="46.008699" lon="-74.050776"></trkpt>
<trkpt lat="46.009016" lon="-74.051003"></trkpt>
<trkpt lat="46.009233" lon="-74.051090"></trkpt>
<trkpt lat="46.009990" lon="-74.051283"></trkpt>
<trkpt lat="46.010396" lon="-74.051341"></trkpt>
<trkpt lat="46.010542" lon="-74.051326"></trkpt>
<trkpt lat="46.011142" lon="-74.051264"></trkpt>
<trkpt lat="46.011403" lon="-74.051259"></trkpt>
<trkpt lat="46.011782" lon="-74.051304"></trkpt>
<trkpt lat="46.012385" lon="-74.051383"></trkpt>
<trkpt lat="46.013079" lon="-74.051476"></trkpt>
<trkpt lat="46.014115" lon="-74.051536"></trkpt>
<trkpt lat="46.014620" lon="-74.051669"></trkpt>
<trkpt lat="46.015197" lon="-74.051879"></trkpt>
<trkpt lat="46.015505" lon="-74.052039"></trkpt>
<trkpt lat="46.015984" lon="-74.052330"></trkpt>
<trkpt lat="46.016356" lon="-74.052634"></trkpt>
<trkpt lat="46.016773" lon="-74.053002"></trkpt>
<trkpt lat="46.018851" lon="-74.053935"></trkpt>
<trkpt lat="46.019501" lon="-74.054170"></trkpt>
<trkpt lat="46.019824" lon="-74.054138"></trkpt>
<trkpt lat="46.020075" lon="-74.053992"></trkpt>
<trkpt lat="46.020307" lon="-74.053781"></trkpt>
<trkpt lat="46.020424" lon="-74.053616"></trkpt>
<trkpt lat="46.020539" lon="-74.053454"></trkpt>
<trkpt lat="46.021097" lon="-74.052398"></trkpt>
<trkpt lat="46.021185" lon="-74.052151"></trkpt>
<trkpt lat="46.021257" lon="-74.051129"></trkpt>
<trkpt lat="46.021283" lon="-74.050987"></trkpt>
<trkpt lat="46.021406" lon="-74.050558"></trkpt>
<trkpt lat="46.021634" lon="-74.049921"></trkpt>
<trkpt lat="46.021865" lon="-74.049465"></trkpt>
<trkpt lat="46.022168" lon="-74.049085"></trkpt>
<trkpt lat="46.022748" lon="-74.048571"></trkpt>
<trkpt lat="46.023773" lon="-74.047951"></trkpt>
<trkpt lat="46.024056" lon="-74.047800"></trkpt>
<trkpt lat="46.024281" lon="-74.047770"></trkpt>
<trkpt lat="46.024539" lon="-74.047824"></trkpt>
<trkpt lat="46.024967" lon="-74.048017"></trkpt>
<trkpt lat="46.025265" lon="-74.048205"></trkpt>
<trkpt lat="46.025447" lon="-74.048409"></trkpt>
<trkpt lat="46.025914" lon="-74.049422"></trkpt>
<trkpt lat="46.026133" lon="-74.049741"></trkpt>
<trkpt lat="46.026932" lon="-74.050580"></trkpt>
<trkpt lat="46.028201" lon="-74.051606"></trkpt>
<trkpt lat="46.028309" lon="-74.051693"></trkpt>
<trkpt lat="46.029325" lon="-74.053024"></trkpt>
<trkpt lat="46.029441" lon="-74.053194"></trkpt>
<trkpt lat="46.029761" lon="-74.053495"></trkpt>
<trkpt lat="46.030538" lon="-74.054091"></trkpt>
<trkpt lat="46.030825" lon="-74.054441"></trkpt>
<trkpt lat="46.030984" lon="-74.054714"></trkpt>
<trkpt lat="46.031100" lon="-74.055120"></trkpt>
<trkpt lat="46.031248" lon="-74.055924"></trkpt>
<trkpt lat="46.031252" lon="-74.055946"></trkpt>
<trkpt lat="46.031308" lon="-74.056225"></trkpt>
<trkpt lat="46.031457" lon="-74.056782"></trkpt>
<trkpt lat="46.031858" lon="-74.057461"></trkpt>
<trkpt lat="46.032387" lon="-74.058227"></trkpt>
<trkpt lat="46.032821" lon="-74.058874"></trkpt>
<trkpt lat="46.033379" lon="-74.059474"></trkpt>
<trkpt lat="46.033496" lon="-74.059645"></trkpt>
<trkpt lat="46.033606" lon="-74.059886"></trkpt>
<trkpt lat="46.033735" lon="-74.060280"></trkpt>
<trkpt lat="46.033932" lon="-74.061173"></trkpt>
<trkpt lat="46.034045" lon="-74.061401"></trkpt>
<trkpt lat="46.034631" lon="-74.062200"></trkpt>
<trkpt lat="46.034710" lon="-74.062400"></trkpt>
<trkpt lat="46.034838" lon="-74.063005"></trkpt>
<trkpt lat="46.034976" lon="-74.063326"></trkpt>
<trkpt lat="46.035122" lon="-74.063556"></trkpt>
<trkpt lat="46.035640" lon="-74.064168"></trkpt>
<trkpt lat="46.035953" lon="-74.064588"></trkpt>
<trkpt lat="46.040067" lon="-74.070108"></trkpt>
<trkpt lat="46.040731" lon="-74.070959"></trkpt>
<trkpt lat="46.040977" lon="-74.071178"></trkpt>
<trkpt lat="46.041314" lon="-74.071398"></trkpt>
<trkpt lat="46.041775" lon="-74.071599"></trkpt>
<trkpt lat="46.042434" lon="-74.071730"></trkpt>
<trkpt lat="46.043872" lon="-74.071867"></trkpt>
<trkpt lat="46.044209" lon="-74.072011"></trkpt>
<trkpt lat="46.044661" lon="-74.072275"></trkpt>
<trkpt lat="46.045286" lon="-74.072742"></trkpt>
<trkpt lat="46.045704" lon="-74.073239"></trkpt>
<trkpt lat="46.047328" lon="-74.075965"></trkpt>
<trkpt lat="46.047646" lon="-74.076374"></trkpt>
<trkpt lat="46.047964" lon="-74.076717"></trkpt>
<trkpt lat="46.048453" lon="-74.077084"></trkpt>
<trkpt lat="46.048510" lon="-74.077115"></trkpt>
<trkpt lat="46.048589" lon="-74.077158"></trkpt>
<trkpt lat="46.048824" lon="-74.077285"></trkpt>
<trkpt lat="46.049320" lon="-74.077444"></trkpt>
<trkpt lat="46.049906" lon="-74.077551"></trkpt>
<trkpt lat="46.051455" lon="-74.077706"></trkpt>
<trkpt lat="46.052194" lon="-74.077836"></trkpt>
<trkpt lat="46.052560" lon="-74.077981"></trkpt>
<trkpt lat="46.053309" lon="-74.078480"></trkpt>
<trkpt lat="46.053388" lon="-74.078540"></trkpt>
<trkpt lat="46.053558" lon="-74.078715"></trkpt>
<trkpt lat="46.053870" lon="-74.079114"></trkpt>
<trkpt lat="46.054827" lon="-74.080425"></trkpt>
<trkpt lat="46.054951" lon="-74.080596"></trkpt>
<trkpt lat="46.055417" lon="-74.081234"></trkpt>
<trkpt lat="46.056316" lon="-74.082496"></trkpt>
<trkpt lat="46.057711" lon="-74.084454"></trkpt>
<trkpt lat="46.058538" lon="-74.085526"></trkpt>
<trkpt lat="46.058809" lon="-74.085664"></trkpt>
<trkpt lat="46.059116" lon="-74.085711"></trkpt>
<trkpt lat="46.059431" lon="-74.085706"></trkpt>
<trkpt lat="46.059584" lon="-74.085690"></trkpt>
<trkpt lat="46.060158" lon="-74.085448"></trkpt>
<trkpt lat="46.060473" lon="-74.085455"></trkpt>
<trkpt lat="46.060888" lon="-74.085630"></trkpt>
<trkpt lat="46.061268" lon="-74.085908"></trkpt>
<trkpt lat="46.061512" lon="-74.086033"></trkpt>
<trkpt lat="46.061891" lon="-74.086117"></trkpt>
<trkpt lat="46.062404" lon="-74.086161"></trkpt>
<trkpt lat="46.062693" lon="-74.086246"></trkpt>
<trkpt lat="46.062865" lon="-74.086360"></trkpt>
<trkpt lat="46.063047" lon="-74.086577"></trkpt>
<trkpt lat="46.063229" lon="-74.086819"></trkpt>
<trkpt lat="46.063538" lon="-74.087241"></trkpt>
<trkpt lat="46.064749" lon="-74.088915"></trkpt>
<trkpt lat="46.065676" lon="-74.090115"></trkpt>
<trkpt lat="46.067332" lon="-74.092350"></trkpt>
<trkpt lat="46.067833" lon="-74.093066"></trkpt>
<trkpt lat="46.068116" lon="-74.093579"></trkpt>
<trkpt lat="46.068421" lon="-74.094647"></trkpt>
<trkpt lat="46.068683" lon="-74.095833"></trkpt>
<trkpt lat="46.069040" lon="-74.096693"></trkpt>
<trkpt lat="46.069251" lon="-74.097129"></trkpt>
<trkpt lat="46.069506" lon="-74.097526"></trkpt>
<trkpt lat="46.070086" lon="-74.098085"></trkpt>
<trkpt lat="46.070403" lon="-74.098326"></trkpt>
<trkpt lat="46.071256" lon="-74.099127"></trkpt>
<trkpt lat="46.071373" lon="-74.099189"></trkpt>
<trkpt lat="46.071625" lon="-74.099224"></trkpt>
<trkpt lat="46.072174" lon="-74.099189"></trkpt>
<trkpt lat="46.072310" lon="-74.099252"></trkpt>
<trkpt lat="46.072491" lon="-74.099417"></trkpt>
<trkpt lat="46.072664" lon="-74.099621"></trkpt>
<trkpt lat="46.073101" lon="-74.100248"></trkpt>
<trkpt lat="46.073174" lon="-74.100402"></trkpt>
<trkpt lat="46.073349" lon="-74.100916"></trkpt>
<trkpt lat="46.073504" lon="-74.101211"></trkpt>
<trkpt lat="46.073713" lon="-74.101440"></trkpt>
<trkpt lat="46.074393" lon="-74.102037"></trkpt>
<trkpt lat="46.074819" lon="-74.102535"></trkpt>
<trkpt lat="46.075912" lon="-74.104069"></trkpt>
<trkpt lat="46.077349" lon="-74.105972"></trkpt>
<trkpt lat="46.078432" lon="-74.107507"></trkpt>
<trkpt lat="46.078577" lon="-74.107660"></trkpt>
<trkpt lat="46.078695" lon="-74.107852"></trkpt>
<trkpt lat="46.079232" lon="-74.108554"></trkpt>
<trkpt lat="46.079987" lon="-74.109642"></trkpt>
<trkpt lat="46.083425" lon="-74.114255"></trkpt>
<trkpt lat="46.084135" lon="-74.115266"></trkpt>
<trkpt lat="46.087127" lon="-74.119305"></trkpt>
<trkpt lat="46.087491" lon="-74.119804"></trkpt>
<trkpt lat="46.087874" lon="-74.120432"></trkpt>
<trkpt lat="46.088619" lon="-74.121712"></trkpt>
<trkpt lat="46.089140" lon="-74.122570"></trkpt>
<trkpt lat="46.089626" lon="-74.123496"></trkpt>
<trkpt lat="46.089937" lon="-74.124202"></trkpt>
<trkpt lat="46.090479" lon="-74.125617"></trkpt>
<trkpt lat="46.090973" lon="-74.126721"></trkpt>
<trkpt lat="46.092719" lon="-74.130173"></trkpt>
<trkpt lat="46.094477" lon="-74.132927"></trkpt>
<trkpt lat="46.095966" lon="-74.135828"></trkpt>
<trkpt lat="46.100645" lon="-74.145238"></trkpt>
<trkpt lat="46.100855" lon="-74.145713"></trkpt>
<trkpt lat="46.101507" lon="-74.147398"></trkpt>
<trkpt lat="46.101673" lon="-74.147991"></trkpt>
<trkpt lat="46.101801" lon="-74.148261"></trkpt>
<trkpt lat="46.101991" lon="-74.148413"></trkpt>
<trkpt lat="46.102208" lon="-74.148461"></trkpt>
<trkpt lat="46.102460" lon="-74.148432"></trkpt>
<trkpt lat="46.102891" lon="-74.148438"></trkpt>
<trkpt lat="46.103225" lon="-74.148472"></trkpt>
<trkpt lat="46.103549" lon="-74.148557"></trkpt>
<trkpt lat="46.103829" lon="-74.148682"></trkpt>
<trkpt lat="46.104119" lon="-74.148898"></trkpt>
<trkpt lat="46.104926" lon="-74.149765"></trkpt>
<trkpt lat="46.105316" lon="-74.150083"></trkpt>
<trkpt lat="46.105605" lon="-74.150272"></trkpt>
<trkpt lat="46.108201" lon="-74.152031"></trkpt>
<trkpt lat="46.108763" lon="-74.152501"></trkpt>
<trkpt lat="46.109143" lon="-74.152780"></trkpt>
<trkpt lat="46.109441" lon="-74.152892"></trkpt>
<trkpt lat="46.109747" lon="-74.152874"></trkpt>
<trkpt lat="46.110330" lon="-74.152697"></trkpt>
<trkpt lat="46.110951" lon="-74.152584"></trkpt>
<trkpt lat="46.111554" lon="-74.152653"></trkpt>
<trkpt lat="46.112519" lon="-74.152923"></trkpt>
<trkpt lat="46.112753" lon="-74.152945"></trkpt>
<trkpt lat="46.113914" lon="-74.152888"></trkpt>
<trkpt lat="46.114247" lon="-74.152922"></trkpt>
<trkpt lat="46.114726" lon="-74.153122"></trkpt>
<trkpt lat="46.115069" lon="-74.153349"></trkpt>
<trkpt lat="46.115323" lon="-74.153617"></trkpt>
<trkpt lat="46.115796" lon="-74.154218"></trkpt>
<trkpt lat="46.116497" lon="-74.155295"></trkpt>
<trkpt lat="46.116814" lon="-74.155678"></trkpt>
<trkpt lat="46.117367" lon="-74.156187"></trkpt>
<trkpt lat="46.117593" lon="-74.156352"></trkpt>
<trkpt lat="46.118452" lon="-74.156818"></trkpt>
<trkpt lat="46.118705" lon="-74.156918"></trkpt>
<trkpt lat="46.119985" lon="-74.157273"></trkpt>
<trkpt lat="46.120491" lon="-74.157460"></trkpt>
<trkpt lat="46.120762" lon="-74.157650"></trkpt>
<trkpt lat="46.121252" lon="-74.158108"></trkpt>
<trkpt lat="46.121377" lon="-74.158259"></trkpt>
<trkpt lat="46.122132" lon="-74.159169"></trkpt>
<trkpt lat="46.124916" lon="-74.162881"></trkpt>
<trkpt lat="46.125768" lon="-74.163955"></trkpt>
<trkpt lat="46.126386" lon="-74.164890"></trkpt>
<trkpt lat="46.126688" lon="-74.165442"></trkpt>
<trkpt lat="46.126935" lon="-74.166086"></trkpt>
<trkpt lat="46.127046" lon="-74.166498"></trkpt>
<trkpt lat="46.127196" lon="-74.167247"></trkpt>
<trkpt lat="46.127375" lon="-74.168357"></trkpt>
<trkpt lat="46.127594" lon="-74.170024"></trkpt>
<trkpt lat="46.127791" lon="-74.172712"></trkpt>
<trkpt lat="46.127835" lon="-74.173515"></trkpt>
<trkpt lat="46.127803" lon="-74.174065"></trkpt>
<trkpt lat="46.127647" lon="-74.174942"></trkpt>
<trkpt lat="46.127579" lon="-74.175487"></trkpt>
<trkpt lat="46.127615" lon="-74.176085"></trkpt>
<trkpt lat="46.127625" lon="-74.176226"></trkpt>
<trkpt lat="46.127802" lon="-74.177645"></trkpt>
<trkpt lat="46.127857" lon="-74.177864"></trkpt>
<trkpt lat="46.127949" lon="-74.178096"></trkpt>
<trkpt lat="46.128476" lon="-74.178826"></trkpt>
<trkpt lat="46.129504" lon="-74.180201"></trkpt>
<trkpt lat="46.129567" lon="-74.180285"></trkpt>
<trkpt lat="46.129699" lon="-74.180456"></trkpt>
<trkpt lat="46.130121" lon="-74.181002"></trkpt>
<trkpt lat="46.131423" lon="-74.182732"></trkpt>
<trkpt lat="46.132074" lon="-74.183536"></trkpt>
<trkpt lat="46.132427" lon="-74.183862"></trkpt>
<trkpt lat="46.133312" lon="-74.184256"></trkpt>
<trkpt lat="46.133730" lon="-74.184729"></trkpt>
<trkpt lat="46.133994" lon="-74.185165"></trkpt>
<trkpt lat="46.134131" lon="-74.185500"></trkpt>
<trkpt lat="46.134428" lon="-74.186421"></trkpt>
<trkpt lat="46.134526" lon="-74.186620"></trkpt>
<trkpt lat="46.134953" lon="-74.187170"></trkpt>
<trkpt lat="46.135543" lon="-74.187822"></trkpt>
<trkpt lat="46.135833" lon="-74.188154"></trkpt>
<trkpt lat="46.136757" lon="-74.188930"></trkpt>
<trkpt lat="46.137019" lon="-74.189082"></trkpt>
<trkpt lat="46.137118" lon="-74.189106"></trkpt>
<trkpt lat="46.137569" lon="-74.189113"></trkpt>
<trkpt lat="46.138062" lon="-74.188989"></trkpt>
<trkpt lat="46.138942" lon="-74.188614"></trkpt>
<trkpt lat="46.141195" lon="-74.187817"></trkpt>
<trkpt lat="46.141724" lon="-74.187602"></trkpt>
<trkpt lat="46.142003" lon="-74.187546"></trkpt>
<trkpt lat="46.142265" lon="-74.187646"></trkpt>
<trkpt lat="46.142889" lon="-74.188141"></trkpt>
<trkpt lat="46.143622" lon="-74.188597"></trkpt>
<trkpt lat="46.144333" lon="-74.188690"></trkpt>
<trkpt lat="46.145116" lon="-74.188614"></trkpt>
<trkpt lat="46.145412" lon="-74.188519"></trkpt>
<trkpt lat="46.146093" lon="-74.188133"></trkpt>
<trkpt lat="46.146879" lon="-74.187913"></trkpt>
<trkpt lat="46.147170" lon="-74.187871"></trkpt>
<trkpt lat="46.147389" lon="-74.187932"></trkpt>
<trkpt lat="46.147560" lon="-74.188034"></trkpt>
<trkpt lat="46.147678" lon="-74.188187"></trkpt>
<trkpt lat="46.147788" lon="-74.188484"></trkpt>
<trkpt lat="46.147844" lon="-74.188742"></trkpt>
<trkpt lat="46.147890" lon="-74.188935"></trkpt>
<trkpt lat="46.147991" lon="-74.189180"></trkpt>
<trkpt lat="46.148327" lon="-74.189680"></trkpt>
<trkpt lat="46.148581" lon="-74.189935"></trkpt>
<trkpt lat="46.148952" lon="-74.190189"></trkpt>
<trkpt lat="46.150486" lon="-74.190827"></trkpt>
<trkpt lat="46.150956" lon="-74.191105"></trkpt>
<trkpt lat="46.152825" lon="-74.191971"></trkpt>
<trkpt lat="46.153548" lon="-74.192271"></trkpt>
<trkpt lat="46.154504" lon="-74.192607"></trkpt>
<trkpt lat="46.154703" lon="-74.192707"></trkpt>
<trkpt lat="46.154893" lon="-74.192938"></trkpt>
<trkpt lat="46.155194" lon="-74.193426"></trkpt>
<trkpt lat="46.155366" lon="-74.193617"></trkpt>
<trkpt lat="46.155511" lon="-74.193719"></trkpt>
<trkpt lat="46.156196" lon="-74.193929"></trkpt>
<trkpt lat="46.156467" lon="-74.194042"></trkpt>
<trkpt lat="46.156629" lon="-74.194148"></trkpt>
<trkpt lat="46.156757" lon="-74.194232"></trkpt>
<trkpt lat="46.157807" lon="-74.195149"></trkpt>
<trkpt lat="46.159248" lon="-74.196514"></trkpt>
<trkpt lat="46.159517" lon="-74.196655"></trkpt>
<trkpt lat="46.160165" lon="-74.196996"></trkpt>
<trkpt lat="46.160350" lon="-74.197093"></trkpt>
<trkpt lat="46.161127" lon="-74.197613"></trkpt>
<trkpt lat="46.161444" lon="-74.197868"></trkpt>
<trkpt lat="46.161223" lon="-74.198376"></trkpt>
<trkpt lat="46.161107" lon="-74.198624"></trkpt>
<trkpt lat="46.160763" lon="-74.199561"></trkpt>
<trkpt lat="46.160533" lon="-74.200083"></trkpt>
<trkpt lat="46.160373" lon="-74.200344"></trkpt>
<trkpt lat="46.159564" lon="-74.201897"></trkpt>
<trkpt lat="46.159449" lon="-74.202173"></trkpt>
<trkpt lat="46.159352" lon="-74.202483"></trkpt>
<trkpt lat="46.159361" lon="-74.203739"></trkpt>
<trkpt lat="46.159327" lon="-74.203947"></trkpt>
<trkpt lat="46.159159" lon="-74.204480"></trkpt>
<trkpt lat="46.159002" lon="-74.205169"></trkpt>
<trkpt lat="46.158999" lon="-74.205850"></trkpt>
<trkpt lat="46.159064" lon="-74.207629"></trkpt>
<trkpt lat="46.158977" lon="-74.209288"></trkpt>
<trkpt lat="46.158901" lon="-74.210001"></trkpt>
<trkpt lat="46.158772" lon="-74.210897"></trkpt>
<trkpt lat="46.158518" lon="-74.211885"></trkpt>
<trkpt lat="46.158173" lon="-74.212874"></trkpt>
<trkpt lat="46.158050" lon="-74.213303"></trkpt>
<trkpt lat="46.157981" lon="-74.213719"></trkpt>
<trkpt lat="46.157914" lon="-74.214354"></trkpt>
<trkpt lat="46.157909" lon="-74.214976"></trkpt>
<trkpt lat="46.158002" lon="-74.216723"></trkpt>
<trkpt lat="46.158016" lon="-74.217461"></trkpt>
<trkpt lat="46.157985" lon="-74.218252"></trkpt>
<trkpt lat="46.157750" lon="-74.219433"></trkpt>
<trkpt lat="46.157611" lon="-74.219996"></trkpt>
<trkpt lat="46.157125" lon="-74.221463"></trkpt>
<trkpt lat="46.156807" lon="-74.222296"></trkpt>
<trkpt lat="46.156523" lon="-74.222883"></trkpt>
<trkpt lat="46.156309" lon="-74.223236"></trkpt>
<trkpt lat="46.155698" lon="-74.223993"></trkpt>
<trkpt lat="46.154546" lon="-74.225205"></trkpt>
<trkpt lat="46.153987" lon="-74.225794"></trkpt>
<trkpt lat="46.152331" lon="-74.227125"></trkpt>
<trkpt lat="46.150351" lon="-74.228525"></trkpt>
<trkpt lat="46.149760" lon="-74.228896"></trkpt>
<trkpt lat="46.148655" lon="-74.229248"></trkpt>
<trkpt lat="46.148377" lon="-74.229433"></trkpt>
<trkpt lat="46.148100" lon="-74.229670"></trkpt>
<trkpt lat="46.147698" lon="-74.230116"></trkpt>
<trkpt lat="46.146985" lon="-74.231175"></trkpt>
<trkpt lat="46.146603" lon="-74.231918"></trkpt>
<trkpt lat="46.146225" lon="-74.232878"></trkpt>
<trkpt lat="46.145956" lon="-74.233455"></trkpt>
<trkpt lat="46.144666" lon="-74.235636"></trkpt>
<trkpt lat="46.144417" lon="-74.236118"></trkpt>
<trkpt lat="46.144179" lon="-74.236795"></trkpt>
<trkpt lat="46.143874" lon="-74.238392"></trkpt>
<trkpt lat="46.143161" lon="-74.240836"></trkpt>
<trkpt lat="46.143154" lon="-74.241056"></trkpt>
<trkpt lat="46.143121" lon="-74.241613"></trkpt>
<trkpt lat="46.143170" lon="-74.242208"></trkpt>
<trkpt lat="46.143217" lon="-74.242389"></trkpt>
<trkpt lat="46.143381" lon="-74.242736"></trkpt>
<trkpt lat="46.143590" lon="-74.243057"></trkpt>
<trkpt lat="46.144189" lon="-74.243825"></trkpt>
<trkpt lat="46.144508" lon="-74.244326"></trkpt>
<trkpt lat="46.145125" lon="-74.245185"></trkpt>
<trkpt lat="46.145787" lon="-74.245979"></trkpt>
<trkpt lat="46.145932" lon="-74.246119"></trkpt>
<trkpt lat="46.146529" lon="-74.246577"></trkpt>
<trkpt lat="46.147135" lon="-74.246971"></trkpt>
<trkpt lat="46.147669" lon="-74.247481"></trkpt>
<trkpt lat="46.147959" lon="-74.247646"></trkpt>
<trkpt lat="46.148310" lon="-74.247770"></trkpt>
<trkpt lat="46.148509" lon="-74.247910"></trkpt>
<trkpt lat="46.148973" lon="-74.248577"></trkpt>
<trkpt lat="46.149054" lon="-74.248718"></trkpt>
<trkpt lat="46.149218" lon="-74.249001"></trkpt>
<trkpt lat="46.149525" lon="-74.249624"></trkpt>
<trkpt lat="46.149228" lon="-74.249917"></trkpt>
<trkpt lat="46.149040" lon="-74.250158"></trkpt>
<trkpt lat="46.148564" lon="-74.250905"></trkpt>
<trkpt lat="46.148029" lon="-74.251804"></trkpt>
<trkpt lat="46.147834" lon="-74.252153"></trkpt>
<trkpt lat="46.147106" lon="-74.253398"></trkpt>
<trkpt lat="46.146846" lon="-74.253747"></trkpt>
<trkpt lat="46.146469" lon="-74.254123"></trkpt>
<trkpt lat="46.146346" lon="-74.254246"></trkpt>
<trkpt lat="46.145728" lon="-74.254694"></trkpt>
<trkpt lat="46.144464" lon="-74.255605"></trkpt>
<trkpt lat="46.144151" lon="-74.255881"></trkpt>
<trkpt lat="46.143650" lon="-74.256302"></trkpt>
<trkpt lat="46.143543" lon="-74.256420"></trkpt>
<trkpt lat="46.142605" lon="-74.257533"></trkpt>
<trkpt lat="46.142373" lon="-74.257847"></trkpt>
<trkpt lat="46.141926" lon="-74.258371"></trkpt>
<trkpt lat="46.141552" lon="-74.258855"></trkpt>
<trkpt lat="46.141436" lon="-74.259051"></trkpt>
<trkpt lat="46.141187" lon="-74.259585"></trkpt>
<trkpt lat="46.141039" lon="-74.260234"></trkpt>
<trkpt lat="46.141013" lon="-74.260442"></trkpt>
<trkpt lat="46.141016" lon="-74.260895"></trkpt>
<trkpt lat="46.141090" lon="-74.261321"></trkpt>
<trkpt lat="46.141219" lon="-74.261760"></trkpt>
<trkpt lat="46.141375" lon="-74.262146"></trkpt>
<trkpt lat="46.141584" lon="-74.262519"></trkpt>
<trkpt lat="46.142084" lon="-74.263237"></trkpt>
<trkpt lat="46.142793" lon="-74.264341"></trkpt>
<trkpt lat="46.142976" lon="-74.264740"></trkpt>
<trkpt lat="46.143110" lon="-74.265263"></trkpt>
<trkpt lat="46.143130" lon="-74.265673"></trkpt>
<trkpt lat="46.143064" lon="-74.266290"></trkpt>
<trkpt lat="46.142936" lon="-74.267045"></trkpt>
<trkpt lat="46.142752" lon="-74.267682"></trkpt>
<trkpt lat="46.142574" lon="-74.268047"></trkpt>
<trkpt lat="46.142299" lon="-74.268344"></trkpt>
<trkpt lat="46.142016" lon="-74.268557"></trkpt>
<trkpt lat="46.141703" lon="-74.268668"></trkpt>
<trkpt lat="46.141466" lon="-74.268681"></trkpt>
<trkpt lat="46.141133" lon="-74.268634"></trkpt>
<trkpt lat="46.139821" lon="-74.268126"></trkpt>
<trkpt lat="46.137089" lon="-74.267104"></trkpt>
<trkpt lat="46.136651" lon="-74.267007"></trkpt>
<trkpt lat="46.136177" lon="-74.266980"></trkpt>
<trkpt lat="46.135619" lon="-74.267013"></trkpt>
<trkpt lat="46.135260" lon="-74.267121"></trkpt>
<trkpt lat="46.134919" lon="-74.267294"></trkpt>
<trkpt lat="46.134578" lon="-74.267506"></trkpt>
<trkpt lat="46.134247" lon="-74.267756"></trkpt>
<trkpt lat="46.133612" lon="-74.268399"></trkpt>
<trkpt lat="46.133326" lon="-74.268765"></trkpt>
<trkpt lat="46.132934" lon="-74.269366"></trkpt>
<trkpt lat="46.130794" lon="-74.272514"></trkpt>
<trkpt lat="46.129813" lon="-74.273951"></trkpt>
<trkpt lat="46.127851" lon="-74.276824"></trkpt>
<trkpt lat="46.126594" lon="-74.278666"></trkpt>
<trkpt lat="46.125773" lon="-74.279790"></trkpt>
<trkpt lat="46.125344" lon="-74.280235"></trkpt>
<trkpt lat="46.124887" lon="-74.280604"></trkpt>
<trkpt lat="46.123911" lon="-74.281315"></trkpt>
<trkpt lat="46.123095" lon="-74.281870"></trkpt>
<trkpt lat="46.122755" lon="-74.282146"></trkpt>
<trkpt lat="46.122451" lon="-74.282460"></trkpt>
<trkpt lat="46.122164" lon="-74.282861"></trkpt>
<trkpt lat="46.121997" lon="-74.283180"></trkpt>
<trkpt lat="46.121851" lon="-74.283583"></trkpt>
<trkpt lat="46.121786" lon="-74.283771"></trkpt>
<trkpt lat="46.121696" lon="-74.284049"></trkpt>
<trkpt lat="46.121540" lon="-74.284549"></trkpt>
<trkpt lat="46.120682" lon="-74.287363"></trkpt>
<trkpt lat="46.120487" lon="-74.287870"></trkpt>
<trkpt lat="46.120183" lon="-74.288314"></trkpt>
<trkpt lat="46.119853" lon="-74.288668"></trkpt>
<trkpt lat="46.119476" lon="-74.288906"></trkpt>
<trkpt lat="46.119723" lon="-74.289588"></trkpt>
<trkpt lat="46.119906" lon="-74.289935"></trkpt>
<trkpt lat="46.120405" lon="-74.290602"></trkpt>
<trkpt lat="46.120803" lon="-74.290998"></trkpt>
<trkpt lat="46.120948" lon="-74.291203"></trkpt>
<trkpt lat="46.121786" lon="-74.292832"></trkpt>
<trkpt lat="46.121977" lon="-74.293119"></trkpt>
<trkpt lat="46.122235" lon="-74.293414"></trkpt>
<trkpt lat="46.122448" lon="-74.293566"></trkpt>
<trkpt lat="46.122674" lon="-74.293705"></trkpt>
<trkpt lat="46.123090" lon="-74.293998"></trkpt>
<trkpt lat="46.123271" lon="-74.294189"></trkpt>
<trkpt lat="46.123471" lon="-74.294485"></trkpt>
<trkpt lat="46.123808" lon="-74.295140"></trkpt>
<trkpt lat="46.124110" lon="-74.295939"></trkpt>
<trkpt lat="46.124854" lon="-74.298441"></trkpt>
<trkpt lat="46.125092" lon="-74.298994"></trkpt>
<trkpt lat="46.125365" lon="-74.299509"></trkpt>
<trkpt lat="46.125692" lon="-74.300035"></trkpt>
<trkpt lat="46.126327" lon="-74.300855"></trkpt>
<trkpt lat="46.126997" lon="-74.301572"></trkpt>
<trkpt lat="46.127236" lon="-74.301793"></trkpt>
<trkpt lat="46.127710" lon="-74.301886"></trkpt>
<trkpt lat="46.128358" lon="-74.301865"></trkpt>
<trkpt lat="46.128682" lon="-74.301913"></trkpt>
<trkpt lat="46.128854" lon="-74.301963"></trkpt>
<trkpt lat="46.129116" lon="-74.302127"></trkpt>
<trkpt lat="46.129360" lon="-74.302357"></trkpt>
<trkpt lat="46.129523" lon="-74.302575"></trkpt>
<trkpt lat="46.129742" lon="-74.302987"></trkpt>
<trkpt lat="46.129861" lon="-74.303361"></trkpt>
<trkpt lat="46.129955" lon="-74.303942"></trkpt>
<trkpt lat="46.130021" lon="-74.304603"></trkpt>
<trkpt lat="46.130243" lon="-74.305492"></trkpt>
<trkpt lat="46.130372" lon="-74.305995"></trkpt>
<trkpt lat="46.130653" lon="-74.307804"></trkpt>
<trkpt lat="46.130772" lon="-74.308036"></trkpt>
<trkpt lat="46.130917" lon="-74.308228"></trkpt>
<trkpt lat="46.131125" lon="-74.308380"></trkpt>
<trkpt lat="46.131450" lon="-74.308545"></trkpt>
<trkpt lat="46.131766" lon="-74.308657"></trkpt>
<trkpt lat="46.132072" lon="-74.308718"></trkpt>
<trkpt lat="46.132575" lon="-74.308608"></trkpt>
<trkpt lat="46.132935" lon="-74.308643"></trkpt>
<trkpt lat="46.133215" lon="-74.308808"></trkpt>
<trkpt lat="46.133487" lon="-74.309076"></trkpt>
<trkpt lat="46.133895" lon="-74.309615"></trkpt>
<trkpt lat="46.133996" lon="-74.309846"></trkpt>
<trkpt lat="46.134023" lon="-74.309975"></trkpt>
<trkpt lat="46.134017" lon="-74.310338"></trkpt>
<trkpt lat="46.133887" lon="-74.311194"></trkpt>
<trkpt lat="46.133853" lon="-74.311609"></trkpt>
<trkpt lat="46.133829" lon="-74.312101"></trkpt>
<trkpt lat="46.133833" lon="-74.314289"></trkpt>
<trkpt lat="46.133910" lon="-74.314961"></trkpt>
<trkpt lat="46.134096" lon="-74.316046"></trkpt>
<trkpt lat="46.134126" lon="-74.316590"></trkpt>
<trkpt lat="46.134128" lon="-74.316874"></trkpt>
<trkpt lat="46.133997" lon="-74.317562"></trkpt>
<trkpt lat="46.133776" lon="-74.318290"></trkpt>
<trkpt lat="46.133608" lon="-74.318667"></trkpt>
<trkpt lat="46.133500" lon="-74.319071"></trkpt>
<trkpt lat="46.133475" lon="-74.319399"></trkpt>
<trkpt lat="46.133579" lon="-74.319897"></trkpt>
<trkpt lat="46.134243" lon="-74.322569"></trkpt>
<trkpt lat="46.134319" lon="-74.323306"></trkpt>
<trkpt lat="46.134341" lon="-74.324018"></trkpt>
<trkpt lat="46.134500" lon="-74.324948"></trkpt>
<trkpt lat="46.134768" lon="-74.326174"></trkpt>
<trkpt lat="46.134951" lon="-74.326742"></trkpt>
<trkpt lat="46.135097" lon="-74.326947"></trkpt>
<trkpt lat="46.134959" lon="-74.328036"></trkpt>
<trkpt lat="46.135057" lon="-74.329459"></trkpt>
<trkpt lat="46.135142" lon="-74.330080"></trkpt>
<trkpt lat="46.135610" lon="-74.331654"></trkpt>
<trkpt lat="46.135949" lon="-74.332698"></trkpt>
<trkpt lat="46.136077" lon="-74.332930"></trkpt>
<trkpt lat="46.137119" lon="-74.334134"></trkpt>
<trkpt lat="46.137770" lon="-74.334734"></trkpt>
<trkpt lat="46.137888" lon="-74.334901"></trkpt>
<trkpt lat="46.137998" lon="-74.335133"></trkpt>
<trkpt lat="46.138247" lon="-74.336166"></trkpt>
<trkpt lat="46.138394" lon="-74.336734"></trkpt>
<trkpt lat="46.138678" lon="-74.337533"></trkpt>
<trkpt lat="46.138807" lon="-74.338075"></trkpt>
<trkpt lat="46.138867" lon="-74.339188"></trkpt>
<trkpt lat="46.138842" lon="-74.339525"></trkpt>
<trkpt lat="46.138861" lon="-74.339693"></trkpt>
<trkpt lat="46.139120" lon="-74.340868"></trkpt>
<trkpt lat="46.139139" lon="-74.341036"></trkpt>
<trkpt lat="46.139215" lon="-74.341670"></trkpt>
<trkpt lat="46.139172" lon="-74.342072"></trkpt>
<trkpt lat="46.139075" lon="-74.342461"></trkpt>
<trkpt lat="46.139049" lon="-74.342720"></trkpt>
<trkpt lat="46.139068" lon="-74.342850"></trkpt>
<trkpt lat="46.139297" lon="-74.343468"></trkpt>
<trkpt lat="46.139352" lon="-74.343714"></trkpt>
<trkpt lat="46.139353" lon="-74.343830"></trkpt>
<trkpt lat="46.139274" lon="-74.344233"></trkpt>
<trkpt lat="46.138999" lon="-74.344974"></trkpt>
<trkpt lat="46.138841" lon="-74.345571"></trkpt>
<trkpt lat="46.138745" lon="-74.346194"></trkpt>
<trkpt lat="46.138664" lon="-74.347632"></trkpt>
<trkpt lat="46.138684" lon="-74.348033"></trkpt>
<trkpt lat="46.139024" lon="-74.350851"></trkpt>
<trkpt lat="46.139570" lon="-74.353499"></trkpt>
<trkpt lat="46.139930" lon="-74.355062"></trkpt>
<trkpt lat="46.140049" lon="-74.355474"></trkpt>
<trkpt lat="46.140263" lon="-74.356581"></trkpt>
<trkpt lat="46.140466" lon="-74.357502"></trkpt>
<trkpt lat="46.140792" lon="-74.359986"></trkpt>
<trkpt lat="46.140969" lon="-74.360578"></trkpt>
<trkpt lat="46.141733" lon="-74.361942"></trkpt>
<trkpt lat="46.141816" lon="-74.362407"></trkpt>
<trkpt lat="46.141796" lon="-74.363572"></trkpt>
<trkpt lat="46.141911" lon="-74.364083"></trkpt>
<trkpt lat="46.142081" lon="-74.364721"></trkpt>
<trkpt lat="46.142165" lon="-74.365251"></trkpt>
<trkpt lat="46.142269" lon="-74.366221"></trkpt>
<trkpt lat="46.142344" lon="-74.366635"></trkpt>
<trkpt lat="46.142463" lon="-74.367047"></trkpt>
<trkpt lat="46.142654" lon="-74.367486"></trkpt>
<trkpt lat="46.142872" lon="-74.367833"></trkpt>
<trkpt lat="46.143279" lon="-74.368242"></trkpt>
<trkpt lat="46.144575" lon="-74.369704"></trkpt>
<trkpt lat="46.145054" lon="-74.370074"></trkpt>
<trkpt lat="46.145306" lon="-74.370226"></trkpt>
<trkpt lat="46.145542" lon="-74.370299"></trkpt>
<trkpt lat="46.146118" lon="-74.370252"></trkpt>
<trkpt lat="46.146416" lon="-74.370355"></trkpt>
<trkpt lat="46.146839" lon="-74.370701"></trkpt>
<trkpt lat="46.147138" lon="-74.371008"></trkpt>
<trkpt lat="46.147364" lon="-74.371303"></trkpt>
<trkpt lat="46.147623" lon="-74.371741"></trkpt>
<trkpt lat="46.147728" lon="-74.371660"></trkpt>
<trkpt lat="46.148868" lon="-74.371312"></trkpt>
<trkpt lat="46.149001" lon="-74.371193"></trkpt>
<trkpt lat="46.149187" lon="-74.370519"></trkpt>
<trkpt lat="46.149489" lon="-74.369829"></trkpt>
<trkpt lat="46.149542" lon="-74.369556"></trkpt>
<trkpt lat="46.149617" lon="-74.368545"></trkpt>
<trkpt lat="46.149653" lon="-74.368428"></trkpt>
<trkpt lat="46.149769" lon="-74.368233"></trkpt>
<trkpt lat="46.149939" lon="-74.368101"></trkpt>
<trkpt lat="46.150136" lon="-74.367996"></trkpt>
<trkpt lat="46.150424" lon="-74.367940"></trkpt>
<trkpt lat="46.151450" lon="-74.368019"></trkpt>
<trkpt lat="46.151765" lon="-74.367951"></trkpt>
<trkpt lat="46.152097" lon="-74.367805"></trkpt>
<trkpt lat="46.152546" lon="-74.367524"></trkpt>
<trkpt lat="46.152777" lon="-74.367423"></trkpt>
<trkpt lat="46.152985" lon="-74.367375"></trkpt>
<trkpt lat="46.153735" lon="-74.367747"></trkpt>
<trkpt lat="46.154547" lon="-74.367963"></trkpt>
<trkpt lat="46.154783" lon="-74.367945"></trkpt>
<trkpt lat="46.155193" lon="-74.367743"></trkpt>
<trkpt lat="46.155991" lon="-74.367138"></trkpt>
<trkpt lat="46.157593" lon="-74.365579"></trkpt>
<trkpt lat="46.158131" lon="-74.365210"></trkpt>
<trkpt lat="46.158284" lon="-74.365131"></trkpt>
<trkpt lat="46.158508" lon="-74.365081"></trkpt>
<trkpt lat="46.159300" lon="-74.364989"></trkpt>
<trkpt lat="46.159471" lon="-74.365026"></trkpt>
<trkpt lat="46.159615" lon="-74.365106"></trkpt>
<trkpt lat="46.159814" lon="-74.365294"></trkpt>
<trkpt lat="46.159969" lon="-74.365570"></trkpt>
<trkpt lat="46.160031" lon="-74.365805"></trkpt>
<trkpt lat="46.160049" lon="-74.366153"></trkpt>
<trkpt lat="46.160005" lon="-74.367196"></trkpt>
<trkpt lat="46.160016" lon="-74.367533"></trkpt>
<trkpt lat="46.160101" lon="-74.368283"></trkpt>
<trkpt lat="46.160193" lon="-74.368645"></trkpt>
<trkpt lat="46.160430" lon="-74.369134"></trkpt>
<trkpt lat="46.160939" lon="-74.370087"></trkpt>
<trkpt lat="46.161084" lon="-74.370318"></trkpt>
<trkpt lat="46.161549" lon="-74.371284"></trkpt>
<trkpt lat="46.161766" lon="-74.371489"></trkpt>
<trkpt lat="46.162705" lon="-74.372152"></trkpt>
<trkpt lat="46.163066" lon="-74.372355"></trkpt>
<trkpt lat="46.163220" lon="-74.372405"></trkpt>
<trkpt lat="46.163562" lon="-74.372388"></trkpt>
<trkpt lat="46.163993" lon="-74.372202"></trkpt>
<trkpt lat="46.164872" lon="-74.371661"></trkpt>
<trkpt lat="46.165969" lon="-74.371096"></trkpt>
<trkpt lat="46.167436" lon="-74.370253"></trkpt>
<trkpt lat="46.169198" lon="-74.369500"></trkpt>
<trkpt lat="46.170034" lon="-74.369257"></trkpt>
<trkpt lat="46.170267" lon="-74.369229"></trkpt>
<trkpt lat="46.170574" lon="-74.369381"></trkpt>
<trkpt lat="46.170982" lon="-74.369843"></trkpt>
<trkpt lat="46.171217" lon="-74.370021"></trkpt>
<trkpt lat="46.171560" lon="-74.370186"></trkpt>
<trkpt lat="46.173098" lon="-74.370738"></trkpt>
<trkpt lat="46.174249" lon="-74.371285"></trkpt>
<trkpt lat="46.175385" lon="-74.371839"></trkpt>
<trkpt lat="46.176138" lon="-74.372013"></trkpt>
<trkpt lat="46.178636" lon="-74.372294"></trkpt>
<trkpt lat="46.179095" lon="-74.372263"></trkpt>
<trkpt lat="46.179644" lon="-74.372179"></trkpt>
<trkpt lat="46.179968" lon="-74.372214"></trkpt>
<trkpt lat="46.180393" lon="-74.372390"></trkpt>
<trkpt lat="46.181051" lon="-74.372815"></trkpt>
<trkpt lat="46.182522" lon="-74.373611"></trkpt>
<trkpt lat="46.182776" lon="-74.373828"></trkpt>
<trkpt lat="46.183108" lon="-74.374214"></trkpt>
<trkpt lat="46.183380" lon="-74.374614"></trkpt>
<trkpt lat="46.183636" lon="-74.375371"></trkpt>
<trkpt lat="46.183984" lon="-74.375901"></trkpt>
<trkpt lat="46.184165" lon="-74.376002"></trkpt>
<trkpt lat="46.184318" lon="-74.376039"></trkpt>
<trkpt lat="46.185370" lon="-74.376054"></trkpt>
<trkpt lat="46.186028" lon="-74.376021"></trkpt>
<trkpt lat="46.186271" lon="-74.376069"></trkpt>
<trkpt lat="46.186452" lon="-74.376184"></trkpt>
<trkpt lat="46.186575" lon="-74.376389"></trkpt>
<trkpt lat="46.187069" lon="-74.377213"></trkpt>
<trkpt lat="46.188284" lon="-74.378819"></trkpt>
<trkpt lat="46.188529" lon="-74.379205"></trkpt>
<trkpt lat="46.188923" lon="-74.379768"></trkpt>
<trkpt lat="46.189372" lon="-74.380297"></trkpt>
<trkpt lat="46.189634" lon="-74.380541"></trkpt>
<trkpt lat="46.189896" lon="-74.380719"></trkpt>
<trkpt lat="46.190033" lon="-74.380828"></trkpt>
<trkpt lat="46.190113" lon="-74.380898"></trkpt>
<trkpt lat="46.190204" lon="-74.381040"></trkpt>
<trkpt lat="46.190350" lon="-74.381766"></trkpt>
<trkpt lat="46.190418" lon="-74.381930"></trkpt>
<trkpt lat="46.191296" lon="-74.383257"></trkpt>
<trkpt lat="46.191836" lon="-74.384002"></trkpt>
<trkpt lat="46.192375" lon="-74.384748"></trkpt>
<trkpt lat="46.192529" lon="-74.384901"></trkpt>
<trkpt lat="46.192881" lon="-74.385170"></trkpt>
<trkpt lat="46.193180" lon="-74.385477"></trkpt>
<trkpt lat="46.193588" lon="-74.385991"></trkpt>
<trkpt lat="46.193851" lon="-74.386429"></trkpt>
<trkpt lat="46.194071" lon="-74.387204"></trkpt>
<trkpt lat="46.194485" lon="-74.387942"></trkpt>
<trkpt lat="46.195124" lon="-74.388916"></trkpt>
<trkpt lat="46.195923" lon="-74.390048"></trkpt>
<trkpt lat="46.196059" lon="-74.390331"></trkpt>
<trkpt lat="46.196153" lon="-74.390607"></trkpt>
<trkpt lat="46.196196" lon="-74.390900"></trkpt>
<trkpt lat="46.196166" lon="-74.391782"></trkpt>
<trkpt lat="46.196095" lon="-74.392175"></trkpt>
<trkpt lat="46.195755" lon="-74.394080"></trkpt>
<trkpt lat="46.195656" lon="-74.395162"></trkpt>
<trkpt lat="46.195553" lon="-74.396791"></trkpt>
<trkpt lat="46.195475" lon="-74.397297"></trkpt>
<trkpt lat="46.195272" lon="-74.398064"></trkpt>
<trkpt lat="46.195016" lon="-74.399664"></trkpt>
<trkpt lat="46.194872" lon="-74.400161"></trkpt>
<trkpt lat="46.194815" lon="-74.400617"></trkpt>
<trkpt lat="46.194847" lon="-74.401050"></trkpt>
<trkpt lat="46.195281" lon="-74.403248"></trkpt>
<trkpt lat="46.195312" lon="-74.403961"></trkpt>
<trkpt lat="46.195286" lon="-74.404130"></trkpt>
<trkpt lat="46.195135" lon="-74.404572"></trkpt>
<trkpt lat="46.194933" lon="-74.405429"></trkpt>
<trkpt lat="46.194873" lon="-74.406039"></trkpt>
<trkpt lat="46.194876" lon="-74.406635"></trkpt>
<trkpt lat="46.194924" lon="-74.407166"></trkpt>
<trkpt lat="46.195034" lon="-74.407722"></trkpt>
<trkpt lat="46.195273" lon="-74.408549"></trkpt>
<trkpt lat="46.195338" lon="-74.408885"></trkpt>
<trkpt lat="46.195449" lon="-74.409584"></trkpt>
<trkpt lat="46.195479" lon="-74.410089"></trkpt>
<trkpt lat="46.195436" lon="-74.410556"></trkpt>
<trkpt lat="46.195259" lon="-74.411219"></trkpt>
<trkpt lat="46.194756" lon="-74.412590"></trkpt>
<trkpt lat="46.194701" lon="-74.412897"></trkpt>
<trkpt lat="46.194711" lon="-74.413158"></trkpt>
<trkpt lat="46.194760" lon="-74.413360"></trkpt>
<trkpt lat="46.194940" lon="-74.413802"></trkpt>
<trkpt lat="46.195176" lon="-74.414292"></trkpt>
<trkpt lat="46.195240" lon="-74.414485"></trkpt>
<trkpt lat="46.195414" lon="-74.415119"></trkpt>
<trkpt lat="46.195583" lon="-74.416477"></trkpt>
<trkpt lat="46.195615" lon="-74.417294"></trkpt>
<trkpt lat="46.195689" lon="-74.417747"></trkpt>
<trkpt lat="46.195964" lon="-74.418780"></trkpt>
<trkpt lat="46.196029" lon="-74.419143"></trkpt>
<trkpt lat="46.196030" lon="-74.419389"></trkpt>
<trkpt lat="46.196004" lon="-74.419610"></trkpt>
<trkpt lat="46.195837" lon="-74.420272"></trkpt>
<trkpt lat="46.195694" lon="-74.420572"></trkpt>
<trkpt lat="46.195068" lon="-74.421265"></trkpt>
<trkpt lat="46.194001" lon="-74.422028"></trkpt>
<trkpt lat="46.193857" lon="-74.422185"></trkpt>
<trkpt lat="46.193715" lon="-74.422485"></trkpt>
<trkpt lat="46.193609" lon="-74.422952"></trkpt>
<trkpt lat="46.193378" lon="-74.423525"></trkpt>
<trkpt lat="46.193069" lon="-74.424025"></trkpt>
<trkpt lat="46.192925" lon="-74.424255"></trkpt>
<trkpt lat="46.192722" lon="-74.424727"></trkpt>
<trkpt lat="46.192578" lon="-74.425206"></trkpt>
<trkpt lat="46.192446" lon="-74.426604"></trkpt>
<trkpt lat="46.192311" lon="-74.427104"></trkpt>
<trkpt lat="46.192070" lon="-74.427606"></trkpt>
<trkpt lat="46.191814" lon="-74.428032"></trkpt>
<trkpt lat="46.191620" lon="-74.428686"></trkpt>
<trkpt lat="46.191391" lon="-74.429711"></trkpt>
<trkpt lat="46.191324" lon="-74.430211"></trkpt>
<trkpt lat="46.191216" lon="-74.431460"></trkpt>
<trkpt lat="46.191206" lon="-74.431877"></trkpt>
<trkpt lat="46.191232" lon="-74.432298"></trkpt>
<trkpt lat="46.191322" lon="-74.432687"></trkpt>
<trkpt lat="46.191518" lon="-74.433072"></trkpt>
<trkpt lat="46.192210" lon="-74.434171"></trkpt>
<trkpt lat="46.192430" lon="-74.434626"></trkpt>
<trkpt lat="46.192432" lon="-74.434633"></trkpt>
<trkpt lat="46.192519" lon="-74.434935"></trkpt>
<trkpt lat="46.192576" lon="-74.435430"></trkpt>
<trkpt lat="46.192631" lon="-74.435757"></trkpt>
<trkpt lat="46.192731" lon="-74.436354"></trkpt>
<trkpt lat="46.192765" lon="-74.436553"></trkpt>
<trkpt lat="46.192768" lon="-74.436728"></trkpt>
<trkpt lat="46.192722" lon="-74.437129"></trkpt>
<trkpt lat="46.192580" lon="-74.437698"></trkpt>
<trkpt lat="46.192224" lon="-74.438686"></trkpt>
<trkpt lat="46.191626" lon="-74.440143"></trkpt>
<trkpt lat="46.191538" lon="-74.440359"></trkpt>
<trkpt lat="46.191324" lon="-74.441103"></trkpt>
<trkpt lat="46.191235" lon="-74.441625"></trkpt>
<trkpt lat="46.191219" lon="-74.442103"></trkpt>
<trkpt lat="46.191235" lon="-74.442813"></trkpt>
<trkpt lat="46.191282" lon="-74.444888"></trkpt>
<trkpt lat="46.191326" lon="-74.445219"></trkpt>
<trkpt lat="46.191357" lon="-74.445449"></trkpt>
<trkpt lat="46.191472" lon="-74.445918"></trkpt>
<trkpt lat="46.190888" lon="-74.446289"></trkpt>
<trkpt lat="46.190623" lon="-74.446496"></trkpt>
<trkpt lat="46.190375" lon="-74.446776"></trkpt>
<trkpt lat="46.190134" lon="-74.447152"></trkpt>
<trkpt lat="46.189437" lon="-74.448644"></trkpt>
<trkpt lat="46.189351" lon="-74.448776"></trkpt>
<trkpt lat="46.188906" lon="-74.449166"></trkpt>
<trkpt lat="46.188791" lon="-74.449318"></trkpt>
<trkpt lat="46.188715" lon="-74.449493"></trkpt>
<trkpt lat="46.188510" lon="-74.450472"></trkpt>
<trkpt lat="46.188500" lon="-74.450592"></trkpt>
<trkpt lat="46.188484" lon="-74.450844"></trkpt>
<trkpt lat="46.188557" lon="-74.455094"></trkpt>
<trkpt lat="46.188516" lon="-74.455609"></trkpt>
<trkpt lat="46.188333" lon="-74.456637"></trkpt>
<trkpt lat="46.188333" lon="-74.456941"></trkpt>
<trkpt lat="46.188407" lon="-74.458112"></trkpt>
<trkpt lat="46.188403" lon="-74.458531"></trkpt>
<trkpt lat="46.188370" lon="-74.458941"></trkpt>
<trkpt lat="46.188118" lon="-74.460237"></trkpt>
<trkpt lat="46.187919" lon="-74.462159"></trkpt>
<trkpt lat="46.187945" lon="-74.462489"></trkpt>
<trkpt lat="46.188069" lon="-74.463122"></trkpt>
<trkpt lat="46.188114" lon="-74.463517"></trkpt>
<trkpt lat="46.188090" lon="-74.463811"></trkpt>
<trkpt lat="46.187810" lon="-74.464684"></trkpt>
<trkpt lat="46.187772" lon="-74.464920"></trkpt>
<trkpt lat="46.187835" lon="-74.465125"></trkpt>
<trkpt lat="46.186962" lon="-74.466378"></trkpt>
<trkpt lat="46.186340" lon="-74.467030"></trkpt>
<trkpt lat="46.186064" lon="-74.467318"></trkpt>
<trkpt lat="46.185676" lon="-74.467712"></trkpt>
<trkpt lat="46.185391" lon="-74.468181"></trkpt>
<trkpt lat="46.185188" lon="-74.468575"></trkpt>
<trkpt lat="46.185017" lon="-74.469033"></trkpt>
<trkpt lat="46.184638" lon="-74.470675"></trkpt>
<trkpt lat="46.184430" lon="-74.471541"></trkpt>
<trkpt lat="46.184191" lon="-74.472342"></trkpt>
<trkpt lat="46.183970" lon="-74.472871"></trkpt>
<trkpt lat="46.183487" lon="-74.473663"></trkpt>
<trkpt lat="46.183225" lon="-74.473914"></trkpt>
<trkpt lat="46.182798" lon="-74.474221"></trkpt>
<trkpt lat="46.182152" lon="-74.474564"></trkpt>
<trkpt lat="46.181257" lon="-74.475015"></trkpt>
<trkpt lat="46.180782" lon="-74.475128"></trkpt>
<trkpt lat="46.180438" lon="-74.475094"></trkpt>
<trkpt lat="46.180121" lon="-74.474986"></trkpt>
<trkpt lat="46.179833" lon="-74.474814"></trkpt>
<trkpt lat="46.179589" lon="-74.474625"></trkpt>
<trkpt lat="46.179310" lon="-74.474314"></trkpt>
<trkpt lat="46.178967" lon="-74.473899"></trkpt>
<trkpt lat="46.178435" lon="-74.473397"></trkpt>
<trkpt lat="46.177759" lon="-74.472817"></trkpt>
<trkpt lat="46.177388" lon="-74.472443"></trkpt>
<trkpt lat="46.176890" lon="-74.471852"></trkpt>
<trkpt lat="46.176186" lon="-74.470961"></trkpt>
<trkpt lat="46.175558" lon="-74.470031"></trkpt>
<trkpt lat="46.175018" lon="-74.469106"></trkpt>
<trkpt lat="46.173794" lon="-74.466927"></trkpt>
<trkpt lat="46.173512" lon="-74.466466"></trkpt>
<trkpt lat="46.173057" lon="-74.465795"></trkpt>
<trkpt lat="46.172778" lon="-74.465453"></trkpt>
<trkpt lat="46.171422" lon="-74.464028"></trkpt>
<trkpt lat="46.171227" lon="-74.463876"></trkpt>
<trkpt lat="46.171013" lon="-74.463813"></trkpt>
<trkpt lat="46.170581" lon="-74.463852"></trkpt>
<trkpt lat="46.170366" lon="-74.463959"></trkpt>
<trkpt lat="46.170082" lon="-74.464191"></trkpt>
<trkpt lat="46.169834" lon="-74.464507"></trkpt>
<trkpt lat="46.169417" lon="-74.465024"></trkpt>
<trkpt lat="46.169144" lon="-74.465314"></trkpt>
<trkpt lat="46.168967" lon="-74.465485"></trkpt>
<trkpt lat="46.168773" lon="-74.465615"></trkpt>
<trkpt lat="46.168592" lon="-74.465698"></trkpt>
<trkpt lat="46.167661" lon="-74.465827"></trkpt>
<trkpt lat="46.167305" lon="-74.465905"></trkpt>
<trkpt lat="46.167133" lon="-74.465990"></trkpt>
<trkpt lat="46.166874" lon="-74.466188"></trkpt>
<trkpt lat="46.166431" lon="-74.466730"></trkpt>
<trkpt lat="46.164526" lon="-74.469063"></trkpt>
<trkpt lat="46.163174" lon="-74.471313"></trkpt>
<trkpt lat="46.162885" lon="-74.471742"></trkpt>
<trkpt lat="46.162644" lon="-74.472010"></trkpt>
<trkpt lat="46.162387" lon="-74.472204"></trkpt>
<trkpt lat="46.162127" lon="-74.472346"></trkpt>
<trkpt lat="46.161845" lon="-74.472446"></trkpt>
<trkpt lat="46.160621" lon="-74.472604"></trkpt>
<trkpt lat="46.160383" lon="-74.472679"></trkpt>
<trkpt lat="46.160134" lon="-74.472803"></trkpt>
<trkpt lat="46.159889" lon="-74.472968"></trkpt>
<trkpt lat="46.158873" lon="-74.473819"></trkpt>
<trkpt lat="46.156882" lon="-74.475487"></trkpt>
<trkpt lat="46.156591" lon="-74.475731"></trkpt>
<trkpt lat="46.156293" lon="-74.475981"></trkpt>
<trkpt lat="46.155995" lon="-74.476230"></trkpt>
<trkpt lat="46.154004" lon="-74.478075"></trkpt>
<trkpt lat="46.152313" lon="-74.479886"></trkpt>
<trkpt lat="46.152160" lon="-74.480049"></trkpt>
<trkpt lat="46.151676" lon="-74.480414"></trkpt>
<trkpt lat="46.151181" lon="-74.480635"></trkpt>
<trkpt lat="46.150763" lon="-74.480736"></trkpt>
<trkpt lat="46.149852" lon="-74.480842"></trkpt>
<trkpt lat="46.149771" lon="-74.480851"></trkpt>
<trkpt lat="46.148176" lon="-74.481036"></trkpt>
<trkpt lat="46.146036" lon="-74.481337"></trkpt>
<trkpt lat="46.143559" lon="-74.481847"></trkpt>
<trkpt lat="46.143063" lon="-74.481901"></trkpt>
<trkpt lat="46.142563" lon="-74.481762"></trkpt>
<trkpt lat="46.140935" lon="-74.481068"></trkpt>
<trkpt lat="46.140594" lon="-74.480976"></trkpt>
<trkpt lat="46.139773" lon="-74.480903"></trkpt>
<trkpt lat="46.138775" lon="-74.480851"></trkpt>
<trkpt lat="46.138432" lon="-74.480812"></trkpt>
<trkpt lat="46.137591" lon="-74.480839"></trkpt>
<trkpt lat="46.136996" lon="-74.480753"></trkpt>
<trkpt lat="46.136532" lon="-74.480581"></trkpt>
<trkpt lat="46.136154" lon="-74.480381"></trkpt>
<trkpt lat="46.136089" lon="-74.480381"></trkpt>
<trkpt lat="46.136023" lon="-74.480424"></trkpt>
<trkpt lat="46.135899" lon="-74.480589"></trkpt>
<trkpt lat="46.135817" lon="-74.480792"></trkpt>
<trkpt lat="46.135750" lon="-74.480965"></trkpt>
<trkpt lat="46.135602" lon="-74.481799"></trkpt>
<trkpt lat="46.135539" lon="-74.482401"></trkpt>
<trkpt lat="46.135497" lon="-74.482560"></trkpt>
<trkpt lat="46.135275" lon="-74.483090"></trkpt>
<trkpt lat="46.134524" lon="-74.484077"></trkpt>
<trkpt lat="46.134445" lon="-74.484219"></trkpt>
<trkpt lat="46.134371" lon="-74.484395"></trkpt>
<trkpt lat="46.134307" lon="-74.484704"></trkpt>
<trkpt lat="46.134310" lon="-74.485300"></trkpt>
<trkpt lat="46.134367" lon="-74.485949"></trkpt>
<trkpt lat="46.134463" lon="-74.486359"></trkpt>
<trkpt lat="46.134941" lon="-74.487903"></trkpt>
<trkpt lat="46.135531" lon="-74.489811"></trkpt>
<trkpt lat="46.135784" lon="-74.490557"></trkpt>
<trkpt lat="46.135953" lon="-74.491055"></trkpt>
<trkpt lat="46.136095" lon="-74.491476"></trkpt>
<trkpt lat="46.136316" lon="-74.492130"></trkpt>
<trkpt lat="46.136458" lon="-74.492432"></trkpt>
<trkpt lat="46.136460" lon="-74.492435"></trkpt>
<trkpt lat="46.136725" lon="-74.492788"></trkpt>
<trkpt lat="46.137174" lon="-74.493276"></trkpt>
<trkpt lat="46.137593" lon="-74.493731"></trkpt>
<trkpt lat="46.138056" lon="-74.494155"></trkpt>
<trkpt lat="46.138565" lon="-74.494532"></trkpt>
<trkpt lat="46.140008" lon="-74.495335"></trkpt>
<trkpt lat="46.140315" lon="-74.495593"></trkpt>
<trkpt lat="46.140564" lon="-74.495858"></trkpt>
<trkpt lat="46.140654" lon="-74.496157"></trkpt>
<trkpt lat="46.140679" lon="-74.496344"></trkpt>
<trkpt lat="46.140649" lon="-74.496798"></trkpt>
<trkpt lat="46.140237" lon="-74.498448"></trkpt>
<trkpt lat="46.140125" lon="-74.499062"></trkpt>
<trkpt lat="46.140098" lon="-74.499411"></trkpt>
<trkpt lat="46.140097" lon="-74.499798"></trkpt>
<trkpt lat="46.140228" lon="-74.501030"></trkpt>
<trkpt lat="46.140230" lon="-74.501317"></trkpt>
<trkpt lat="46.140197" lon="-74.501703"></trkpt>
<trkpt lat="46.140028" lon="-74.502196"></trkpt>
<trkpt lat="46.139908" lon="-74.502780"></trkpt>
<trkpt lat="46.139814" lon="-74.503458"></trkpt>
<trkpt lat="46.139771" lon="-74.504122"></trkpt>
<trkpt lat="46.139770" lon="-74.504504"></trkpt>
<trkpt lat="46.139696" lon="-74.504920"></trkpt>
<trkpt lat="46.139576" lon="-74.505261"></trkpt>
<trkpt lat="46.139074" lon="-74.506462"></trkpt>
<trkpt lat="46.138267" lon="-74.508179"></trkpt>
<trkpt lat="46.137789" lon="-74.508910"></trkpt>
<trkpt lat="46.137443" lon="-74.509340"></trkpt>
<trkpt lat="46.136539" lon="-74.510571"></trkpt>
<trkpt lat="46.136253" lon="-74.511183"></trkpt>
<trkpt lat="46.135967" lon="-74.511889"></trkpt>
<trkpt lat="46.135175" lon="-74.513844"></trkpt>
<trkpt lat="46.135061" lon="-74.514242"></trkpt>
<trkpt lat="46.134419" lon="-74.516681"></trkpt>
<trkpt lat="46.134256" lon="-74.517356"></trkpt>
<trkpt lat="46.134020" lon="-74.518010"></trkpt>
<trkpt lat="46.133890" lon="-74.518440"></trkpt>
<trkpt lat="46.133786" lon="-74.518924"></trkpt>
<trkpt lat="46.133780" lon="-74.519228"></trkpt>
<trkpt lat="46.133775" lon="-74.519465"></trkpt>
<trkpt lat="46.133771" lon="-74.519903"></trkpt>
<trkpt lat="46.133935" lon="-74.521133"></trkpt>
<trkpt lat="46.133985" lon="-74.521740"></trkpt>
<trkpt lat="46.133821" lon="-74.525134"></trkpt>
<trkpt lat="46.133659" lon="-74.526876"></trkpt>
<trkpt lat="46.133662" lon="-74.527706"></trkpt>
<trkpt lat="46.133741" lon="-74.528321"></trkpt>
<trkpt lat="46.134165" lon="-74.529759"></trkpt>
<trkpt lat="46.134207" lon="-74.530236"></trkpt>
<trkpt lat="46.134195" lon="-74.530436"></trkpt>
<trkpt lat="46.134154" lon="-74.530634"></trkpt>
<trkpt lat="46.134026" lon="-74.530902"></trkpt>
<trkpt lat="46.133827" lon="-74.531159"></trkpt>
<trkpt lat="46.132542" lon="-74.532664"></trkpt>
<trkpt lat="46.130952" lon="-74.534413"></trkpt>
<trkpt lat="46.130818" lon="-74.534650"></trkpt>
<trkpt lat="46.130000" lon="-74.536503"></trkpt>
<trkpt lat="46.129501" lon="-74.537853"></trkpt>
<trkpt lat="46.129447" lon="-74.538171"></trkpt>
<trkpt lat="46.129443" lon="-74.538484"></trkpt>
<trkpt lat="46.129685" lon="-74.540273"></trkpt>
<trkpt lat="46.130220" lon="-74.543805"></trkpt>
<trkpt lat="46.130258" lon="-74.544323"></trkpt>
<trkpt lat="46.130243" lon="-74.544523"></trkpt>
<trkpt lat="46.130069" lon="-74.545432"></trkpt>
<trkpt lat="46.130009" lon="-74.546133"></trkpt>
<trkpt lat="46.130167" lon="-74.547237"></trkpt>
<trkpt lat="46.130328" lon="-74.548276"></trkpt>
<trkpt lat="46.130351" lon="-74.548424"></trkpt>
<trkpt lat="46.130470" lon="-74.549178"></trkpt>
<trkpt lat="46.130676" lon="-74.550661"></trkpt>
<trkpt lat="46.131466" lon="-74.555900"></trkpt>
<trkpt lat="46.130813" lon="-74.556008"></trkpt>
<trkpt lat="46.129121" lon="-74.556503"></trkpt>
<trkpt lat="46.129026" lon="-74.556533"></trkpt>
<trkpt lat="46.128891" lon="-74.556572"></trkpt>
<trkpt lat="46.128219" lon="-74.561454"></trkpt>
<trkpt lat="46.127761" lon="-74.564959"></trkpt>
<trkpt lat="46.127652" lon="-74.565673"></trkpt>
<trkpt lat="46.127554" lon="-74.566018"></trkpt>
<trkpt lat="46.127448" lon="-74.566311"></trkpt>
<trkpt lat="46.126981" lon="-74.567403"></trkpt>
<trkpt lat="46.126771" lon="-74.568028"></trkpt>
<trkpt lat="46.126655" lon="-74.568528"></trkpt>
<trkpt lat="46.126601" lon="-74.569166"></trkpt>
<trkpt lat="46.126623" lon="-74.570000"></trkpt>
<trkpt lat="46.126673" lon="-74.570421"></trkpt>
<trkpt lat="46.126719" lon="-74.570800"></trkpt>
<trkpt lat="46.126947" lon="-74.571720"></trkpt>
<trkpt lat="46.127311" lon="-74.572662"></trkpt>
<trkpt lat="46.127795" lon="-74.573636"></trkpt>
<trkpt lat="46.128465" lon="-74.574862"></trkpt>
<trkpt lat="46.128611" lon="-74.575249"></trkpt>
<trkpt lat="46.128709" lon="-74.575671"></trkpt>
<trkpt lat="46.128763" lon="-74.576118"></trkpt>
<trkpt lat="46.128730" lon="-74.576975"></trkpt>
<trkpt lat="46.128738" lon="-74.577675"></trkpt>
<trkpt lat="46.128813" lon="-74.578157"></trkpt>
<trkpt lat="46.128946" lon="-74.578557"></trkpt>
<trkpt lat="46.129450" lon="-74.579850"></trkpt>
<trkpt lat="46.129835" lon="-74.580753"></trkpt>
<trkpt lat="46.129937" lon="-74.581094"></trkpt>
<trkpt lat="46.129995" lon="-74.581435"></trkpt>
<trkpt lat="46.130051" lon="-74.581955"></trkpt>
<trkpt lat="46.130049" lon="-74.582233"></trkpt>
<trkpt lat="46.130029" lon="-74.582451"></trkpt>
<trkpt lat="46.129909" lon="-74.582965"></trkpt>
<trkpt lat="46.128897" lon="-74.584994"></trkpt>
<trkpt lat="46.128673" lon="-74.585767"></trkpt>
<trkpt lat="46.128653" lon="-74.586433"></trkpt>
<trkpt lat="46.128721" lon="-74.587122"></trkpt>
<trkpt lat="46.128997" lon="-74.588216"></trkpt>
<trkpt lat="46.129142" lon="-74.588603"></trkpt>
<trkpt lat="46.129431" lon="-74.589213"></trkpt>
<trkpt lat="46.130427" lon="-74.590685"></trkpt>
<trkpt lat="46.132704" lon="-74.593789"></trkpt>
<trkpt lat="46.134401" lon="-74.596082"></trkpt>
<trkpt lat="46.134750" lon="-74.596448"></trkpt>
<trkpt lat="46.135128" lon="-74.596716"></trkpt>
<trkpt lat="46.135385" lon="-74.596835"></trkpt>
<trkpt lat="46.135650" lon="-74.596906"></trkpt>
<trkpt lat="46.136100" lon="-74.596936"></trkpt>
<trkpt lat="46.136697" lon="-74.596820"></trkpt>
<trkpt lat="46.137647" lon="-74.596567"></trkpt>
<trkpt lat="46.140663" lon="-74.595736"></trkpt>
<trkpt lat="46.144181" lon="-74.593893"></trkpt>
<trkpt lat="46.144425" lon="-74.593770"></trkpt>
<trkpt lat="46.144757" lon="-74.593641"></trkpt>
<trkpt lat="46.145178" lon="-74.593561"></trkpt>
<trkpt lat="46.145817" lon="-74.593532"></trkpt>
<trkpt lat="46.146799" lon="-74.593632"></trkpt>
<trkpt lat="46.149842" lon="-74.593941"></trkpt>
<trkpt lat="46.150596" lon="-74.593980"></trkpt>
<trkpt lat="46.151627" lon="-74.594102"></trkpt>
<trkpt lat="46.151888" lon="-74.594176"></trkpt>
<trkpt lat="46.152347" lon="-74.594412"></trkpt>
<trkpt lat="46.152678" lon="-74.594681"></trkpt>
<trkpt lat="46.153042" lon="-74.595063"></trkpt>
<trkpt lat="46.153549" lon="-74.595901"></trkpt>
<trkpt lat="46.153833" lon="-74.596606"></trkpt>
<trkpt lat="46.154370" lon="-74.598106"></trkpt>
<trkpt lat="46.154668" lon="-74.598930"></trkpt>
<trkpt lat="46.154702" lon="-74.599011"></trkpt>
<trkpt lat="46.154966" lon="-74.599607"></trkpt>
<trkpt lat="46.155074" lon="-74.599791"></trkpt>
<trkpt lat="46.155249" lon="-74.600016"></trkpt>
<trkpt lat="46.155487" lon="-74.600234"></trkpt>
<trkpt lat="46.155758" lon="-74.600392"></trkpt>
<trkpt lat="46.155887" lon="-74.600437"></trkpt>
<trkpt lat="46.156223" lon="-74.600464"></trkpt>
<trkpt lat="46.156594" lon="-74.600361"></trkpt>
<trkpt lat="46.156900" lon="-74.600177"></trkpt>
<trkpt lat="46.157546" lon="-74.599691"></trkpt>
<trkpt lat="46.157958" lon="-74.599557"></trkpt>
<trkpt lat="46.158239" lon="-74.599551"></trkpt>
<trkpt lat="46.158575" lon="-74.599647"></trkpt>
<trkpt lat="46.158716" lon="-74.599712"></trkpt>
<trkpt lat="46.159038" lon="-74.599978"></trkpt>
<trkpt lat="46.159241" lon="-74.600222"></trkpt>
<trkpt lat="46.159410" lon="-74.600500"></trkpt>
<trkpt lat="46.159531" lon="-74.600802"></trkpt>
<trkpt lat="46.159609" lon="-74.601094"></trkpt>
<trkpt lat="46.159675" lon="-74.601489"></trkpt>
<trkpt lat="46.159702" lon="-74.601851"></trkpt>
<trkpt lat="46.159705" lon="-74.602521"></trkpt>
<trkpt lat="46.159674" lon="-74.603136"></trkpt>
<trkpt lat="46.159644" lon="-74.604289"></trkpt>
<trkpt lat="46.159665" lon="-74.604583"></trkpt>
<trkpt lat="46.159713" lon="-74.604889"></trkpt>
<trkpt lat="46.159799" lon="-74.605416"></trkpt>
<trkpt lat="46.160038" lon="-74.606200"></trkpt>
<trkpt lat="46.160174" lon="-74.606576"></trkpt>
<trkpt lat="46.160496" lon="-74.607238"></trkpt>
<trkpt lat="46.160868" lon="-74.607825"></trkpt>
<trkpt lat="46.161173" lon="-74.608209"></trkpt>
<trkpt lat="46.161751" lon="-74.608754"></trkpt>
<trkpt lat="46.163191" lon="-74.610371"></trkpt>
<trkpt lat="46.164523" lon="-74.611941"></trkpt>
<trkpt lat="46.164666" lon="-74.612180"></trkpt>
<trkpt lat="46.164902" lon="-74.612768"></trkpt>
<trkpt lat="46.165134" lon="-74.613267"></trkpt>
<trkpt lat="46.165274" lon="-74.613494"></trkpt>
<trkpt lat="46.165632" lon="-74.613883"></trkpt>
<trkpt lat="46.167323" lon="-74.615333"></trkpt>
<trkpt lat="46.168357" lon="-74.616175"></trkpt>
<trkpt lat="46.168946" lon="-74.616758"></trkpt>
<trkpt lat="46.169275" lon="-74.617202"></trkpt>
<trkpt lat="46.169534" lon="-74.617635"></trkpt>
<trkpt lat="46.169720" lon="-74.617975"></trkpt>
<trkpt lat="46.170035" lon="-74.618728"></trkpt>
<trkpt lat="46.170831" lon="-74.621393"></trkpt>
<trkpt lat="46.171052" lon="-74.622156"></trkpt>
<trkpt lat="46.171180" lon="-74.622505"></trkpt>
<trkpt lat="46.171298" lon="-74.622744"></trkpt>
<trkpt lat="46.171590" lon="-74.623150"></trkpt>
<trkpt lat="46.171867" lon="-74.623379"></trkpt>
<trkpt lat="46.171943" lon="-74.623423"></trkpt>
<trkpt lat="46.172103" lon="-74.623499"></trkpt>
<trkpt lat="46.172329" lon="-74.623555"></trkpt>
<trkpt lat="46.172532" lon="-74.623554"></trkpt>
<trkpt lat="46.172829" lon="-74.623501"></trkpt>
<trkpt lat="46.173607" lon="-74.623304"></trkpt>
<trkpt lat="46.174811" lon="-74.622948"></trkpt>
<trkpt lat="46.177129" lon="-74.622221"></trkpt>
<trkpt lat="46.177593" lon="-74.622118"></trkpt>
<trkpt lat="46.178242" lon="-74.622043"></trkpt>
<trkpt lat="46.179397" lon="-74.621978"></trkpt>
<trkpt lat="46.179695" lon="-74.622015"></trkpt>
<trkpt lat="46.180104" lon="-74.622170"></trkpt>
<trkpt lat="46.180458" lon="-74.622399"></trkpt>
<trkpt lat="46.180932" lon="-74.622915"></trkpt>
<trkpt lat="46.185034" lon="-74.628101"></trkpt>
<trkpt lat="46.186709" lon="-74.630336"></trkpt>
<trkpt lat="46.186835" lon="-74.630473"></trkpt>
<trkpt lat="46.186988" lon="-74.630615"></trkpt>
<trkpt lat="46.187357" lon="-74.630847"></trkpt>
<trkpt lat="46.187650" lon="-74.630986"></trkpt>
<trkpt lat="46.188091" lon="-74.631032"></trkpt>
<trkpt lat="46.188791" lon="-74.630973"></trkpt>
<trkpt lat="46.189417" lon="-74.630999"></trkpt>
<trkpt lat="46.189626" lon="-74.631075"></trkpt>
<trkpt lat="46.190013" lon="-74.631278"></trkpt>
<trkpt lat="46.191128" lon="-74.632013"></trkpt>
<trkpt lat="46.191378" lon="-74.632106"></trkpt>
<trkpt lat="46.191616" lon="-74.632128"></trkpt>
<trkpt lat="46.191899" lon="-74.632107"></trkpt>
<trkpt lat="46.192838" lon="-74.631819"></trkpt>
<trkpt lat="46.193530" lon="-74.631570"></trkpt>
<trkpt lat="46.194121" lon="-74.631332"></trkpt>
<trkpt lat="46.194221" lon="-74.631317"></trkpt>
<trkpt lat="46.194382" lon="-74.631362"></trkpt>
<trkpt lat="46.194561" lon="-74.631369"></trkpt>
<trkpt lat="46.194876" lon="-74.631419"></trkpt>
<trkpt lat="46.195265" lon="-74.631555"></trkpt>
<trkpt lat="46.195436" lon="-74.631661"></trkpt>
<trkpt lat="46.195774" lon="-74.631942"></trkpt>
<trkpt lat="46.195967" lon="-74.632202"></trkpt>
<trkpt lat="46.196122" lon="-74.632380"></trkpt>
<trkpt lat="46.196213" lon="-74.632617"></trkpt>
<trkpt lat="46.196379" lon="-74.633152"></trkpt>
<trkpt lat="46.196444" lon="-74.633505"></trkpt>
<trkpt lat="46.196521" lon="-74.634143"></trkpt>
<trkpt lat="46.196718" lon="-74.635104"></trkpt>
<trkpt lat="46.196849" lon="-74.635582"></trkpt>
<trkpt lat="46.197179" lon="-74.636566"></trkpt>
<trkpt lat="46.197505" lon="-74.637434"></trkpt>
<trkpt lat="46.197690" lon="-74.637763"></trkpt>
<trkpt lat="46.197859" lon="-74.637988"></trkpt>
<trkpt lat="46.198514" lon="-74.638577"></trkpt>
<trkpt lat="46.198707" lon="-74.638784"></trkpt>
<trkpt lat="46.199203" lon="-74.639580"></trkpt>
<trkpt lat="46.199525" lon="-74.640001"></trkpt>
<trkpt lat="46.199802" lon="-74.640329"></trkpt>
<trkpt lat="46.200926" lon="-74.641218"></trkpt>
<trkpt lat="46.201090" lon="-74.641387"></trkpt>
<trkpt lat="46.201573" lon="-74.642007"></trkpt>
<trkpt lat="46.201725" lon="-74.642234"></trkpt>
<trkpt lat="46.201889" lon="-74.642544"></trkpt>
<trkpt lat="46.203248" lon="-74.645240"></trkpt>
<trkpt lat="46.203434" lon="-74.645545"></trkpt>
<trkpt lat="46.203779" lon="-74.645971"></trkpt>
<trkpt lat="46.204080" lon="-74.646181"></trkpt>
<trkpt lat="46.204293" lon="-74.646285"></trkpt>
<trkpt lat="46.204523" lon="-74.646360"></trkpt>
<trkpt lat="46.205417" lon="-74.646524"></trkpt>
<trkpt lat="46.205867" lon="-74.646697"></trkpt>
<trkpt lat="46.206119" lon="-74.646898"></trkpt>
<trkpt lat="46.206303" lon="-74.647098"></trkpt>
<trkpt lat="46.206450" lon="-74.647313"></trkpt>
<trkpt lat="46.206586" lon="-74.647570"></trkpt>
<trkpt lat="46.206760" lon="-74.648043"></trkpt>
<trkpt lat="46.206810" lon="-74.648249"></trkpt>
<trkpt lat="46.206886" lon="-74.648779"></trkpt>
<trkpt lat="46.206879" lon="-74.649283"></trkpt>
<trkpt lat="46.206760" lon="-74.650052"></trkpt>
<trkpt lat="46.206347" lon="-74.652052"></trkpt>
<trkpt lat="46.206092" lon="-74.653460"></trkpt>
<trkpt lat="46.206070" lon="-74.653904"></trkpt>
<trkpt lat="46.206078" lon="-74.655109"></trkpt>
<trkpt lat="46.206035" lon="-74.655834"></trkpt>
<trkpt lat="46.206003" lon="-74.656062"></trkpt>
<trkpt lat="46.205956" lon="-74.656340"></trkpt>
<trkpt lat="46.205403" lon="-74.658232"></trkpt>
<trkpt lat="46.205291" lon="-74.658692"></trkpt>
<trkpt lat="46.205094" lon="-74.659701"></trkpt>
<trkpt lat="46.204735" lon="-74.661659"></trkpt>
<trkpt lat="46.204552" lon="-74.662413"></trkpt>
<trkpt lat="46.204391" lon="-74.662900"></trkpt>
<trkpt lat="46.203834" lon="-74.664179"></trkpt>
<trkpt lat="46.203729" lon="-74.664449"></trkpt>
<trkpt lat="46.203617" lon="-74.664908"></trkpt>
<trkpt lat="46.203579" lon="-74.665227"></trkpt>
<trkpt lat="46.203589" lon="-74.665816"></trkpt>
<trkpt lat="46.203639" lon="-74.666124"></trkpt>
<trkpt lat="46.203745" lon="-74.666501"></trkpt>
<trkpt lat="46.204052" lon="-74.667287"></trkpt>
<trkpt lat="46.204503" lon="-74.668564"></trkpt>
<trkpt lat="46.204764" lon="-74.669436"></trkpt>
<trkpt lat="46.204884" lon="-74.670115"></trkpt>
<trkpt lat="46.204887" lon="-74.670920"></trkpt>
<trkpt lat="46.204800" lon="-74.671732"></trkpt>
<trkpt lat="46.204748" lon="-74.671976"></trkpt>
<trkpt lat="46.204131" lon="-74.673987"></trkpt>
<trkpt lat="46.203616" lon="-74.675855"></trkpt>
<trkpt lat="46.203489" lon="-74.676236"></trkpt>
<trkpt lat="46.203350" lon="-74.676532"></trkpt>
<trkpt lat="46.203128" lon="-74.676865"></trkpt>
<trkpt lat="46.202296" lon="-74.677548"></trkpt>
<trkpt lat="46.201999" lon="-74.677925"></trkpt>
<trkpt lat="46.201768" lon="-74.678487"></trkpt>
<trkpt lat="46.201706" lon="-74.678757"></trkpt>
<trkpt lat="46.201641" lon="-74.679556"></trkpt>
<trkpt lat="46.201706" lon="-74.680054"></trkpt>
<trkpt lat="46.202858" lon="-74.683440"></trkpt>
<trkpt lat="46.203149" lon="-74.684178"></trkpt>
<trkpt lat="46.203297" lon="-74.684472"></trkpt>
<trkpt lat="46.203573" lon="-74.684915"></trkpt>
<trkpt lat="46.203794" lon="-74.685215"></trkpt>
<trkpt lat="46.204228" lon="-74.685710"></trkpt>
<trkpt lat="46.204672" lon="-74.686060"></trkpt>
<trkpt lat="46.205230" lon="-74.686388"></trkpt>
<trkpt lat="46.205203" lon="-74.686543"></trkpt>
<trkpt lat="46.205159" lon="-74.686806"></trkpt>
<trkpt lat="46.205105" lon="-74.687123"></trkpt>
<trkpt lat="46.204984" lon="-74.688073"></trkpt>
<trkpt lat="46.204982" lon="-74.688553"></trkpt>
<trkpt lat="46.205120" lon="-74.689968"></trkpt>
<trkpt lat="46.205317" lon="-74.691491"></trkpt>
<trkpt lat="46.205419" lon="-74.692500"></trkpt>
<trkpt lat="46.205454" lon="-74.693373"></trkpt>
<trkpt lat="46.205430" lon="-74.696720"></trkpt>
<trkpt lat="46.205471" lon="-74.697009"></trkpt>
<trkpt lat="46.205209" lon="-74.697233"></trkpt>
<trkpt lat="46.204454" lon="-74.698037"></trkpt>
<trkpt lat="46.204027" lon="-74.698544"></trkpt>
<trkpt lat="46.203796" lon="-74.698900"></trkpt>
<trkpt lat="46.203474" lon="-74.699482"></trkpt>
<trkpt lat="46.203060" lon="-74.700316"></trkpt>
<trkpt lat="46.202521" lon="-74.701320"></trkpt>
<trkpt lat="46.201997" lon="-74.701912"></trkpt>
<trkpt lat="46.201419" lon="-74.702223"></trkpt>
<trkpt lat="46.201006" lon="-74.702407"></trkpt>
<trkpt lat="46.200613" lon="-74.702528"></trkpt>
<trkpt lat="46.200250" lon="-74.702587"></trkpt>
<trkpt lat="46.199482" lon="-74.702623"></trkpt>
<trkpt lat="46.199092" lon="-74.702680"></trkpt>
<trkpt lat="46.198810" lon="-74.702759"></trkpt>
<trkpt lat="46.198477" lon="-74.702950"></trkpt>
<trkpt lat="46.198253" lon="-74.703138"></trkpt>
<trkpt lat="46.197914" lon="-74.703472"></trkpt>
<trkpt lat="46.197550" lon="-74.703993"></trkpt>
<trkpt lat="46.197212" lon="-74.704559"></trkpt>
<trkpt lat="46.196948" lon="-74.704936"></trkpt>
<trkpt lat="46.196877" lon="-74.705007"></trkpt>
<trkpt lat="46.196677" lon="-74.705207"></trkpt>
<trkpt lat="46.196446" lon="-74.705355"></trkpt>
<trkpt lat="46.196163" lon="-74.705434"></trkpt>
<trkpt lat="46.195695" lon="-74.705419"></trkpt>
<trkpt lat="46.195221" lon="-74.705325"></trkpt>
<trkpt lat="46.195039" lon="-74.705374"></trkpt>
<trkpt lat="46.194845" lon="-74.705487"></trkpt>
<trkpt lat="46.194236" lon="-74.706225"></trkpt>
<trkpt lat="46.194014" lon="-74.706361"></trkpt>
<trkpt lat="46.193779" lon="-74.706392"></trkpt>
<trkpt lat="46.193590" lon="-74.706376"></trkpt>
<trkpt lat="46.193270" lon="-74.706257"></trkpt>
<trkpt lat="46.193041" lon="-74.706133"></trkpt>
<trkpt lat="46.192413" lon="-74.705870"></trkpt>
<trkpt lat="46.191992" lon="-74.705794"></trkpt>
<trkpt lat="46.189957" lon="-74.705757"></trkpt>
<trkpt lat="46.189538" lon="-74.705751"></trkpt>
<trkpt lat="46.188406" lon="-74.705764"></trkpt>
<trkpt lat="46.185585" lon="-74.705835"></trkpt>
<trkpt lat="46.183940" lon="-74.705877"></trkpt>
<trkpt lat="46.181827" lon="-74.705934"></trkpt>
<trkpt lat="46.180258" lon="-74.705955"></trkpt>
<trkpt lat="46.177851" lon="-74.706379"></trkpt>
<trkpt lat="46.177221" lon="-74.706350"></trkpt>
<trkpt lat="46.176770" lon="-74.706154"></trkpt>
<trkpt lat="46.176569" lon="-74.706007"></trkpt>
<trkpt lat="46.176121" lon="-74.705526"></trkpt>
<trkpt lat="46.175750" lon="-74.705338"></trkpt>
<trkpt lat="46.175144" lon="-74.705168"></trkpt>
<trkpt lat="46.174519" lon="-74.705035"></trkpt>
<trkpt lat="46.173793" lon="-74.704932"></trkpt>
<trkpt lat="46.173134" lon="-74.704965"></trkpt>
<trkpt lat="46.172659" lon="-74.704884"></trkpt>
<trkpt lat="46.172518" lon="-74.704807"></trkpt>
<trkpt lat="46.172209" lon="-74.704442"></trkpt>
<trkpt lat="46.171852" lon="-74.703944"></trkpt>
<trkpt lat="46.171687" lon="-74.703787"></trkpt>
<trkpt lat="46.171486" lon="-74.703652"></trkpt>
<trkpt lat="46.171264" lon="-74.703568"></trkpt>
<trkpt lat="46.171031" lon="-74.703534"></trkpt>
<trkpt lat="46.170778" lon="-74.703538"></trkpt>
<trkpt lat="46.170606" lon="-74.703575"></trkpt>
<trkpt lat="46.170404" lon="-74.703661"></trkpt>
<trkpt lat="46.170273" lon="-74.703766"></trkpt>
<trkpt lat="46.169922" lon="-74.703969"></trkpt>
<trkpt lat="46.169748" lon="-74.704018"></trkpt>
<trkpt lat="46.169532" lon="-74.704025"></trkpt>
<trkpt lat="46.169362" lon="-74.703984"></trkpt>
<trkpt lat="46.169160" lon="-74.703863"></trkpt>
<trkpt lat="46.168968" lon="-74.703703"></trkpt>
<trkpt lat="46.168788" lon="-74.703506"></trkpt>
<trkpt lat="46.168049" lon="-74.702429"></trkpt>
<trkpt lat="46.166301" lon="-74.699862"></trkpt>
<trkpt lat="46.165841" lon="-74.699238"></trkpt>
<trkpt lat="46.165600" lon="-74.698957"></trkpt>
<trkpt lat="46.165305" lon="-74.698698"></trkpt>
<trkpt lat="46.163757" lon="-74.697783"></trkpt>
<trkpt lat="46.162903" lon="-74.697099"></trkpt>
<trkpt lat="46.162491" lon="-74.696816"></trkpt>
<trkpt lat="46.162174" lon="-74.696646"></trkpt>
<trkpt lat="46.161917" lon="-74.696545"></trkpt>
<trkpt lat="46.161230" lon="-74.696368"></trkpt>
<trkpt lat="46.158733" lon="-74.696149"></trkpt>
<trkpt lat="46.158367" lon="-74.696065"></trkpt>
<trkpt lat="46.158066" lon="-74.695948"></trkpt>
<trkpt lat="46.157849" lon="-74.695747"></trkpt>
<trkpt lat="46.157714" lon="-74.695541"></trkpt>
<trkpt lat="46.157616" lon="-74.695298"></trkpt>
<trkpt lat="46.157600" lon="-74.695206"></trkpt>
<trkpt lat="46.157565" lon="-74.694996"></trkpt>
<trkpt lat="46.157542" lon="-74.690186"></trkpt>
<trkpt lat="46.156593" lon="-74.690194"></trkpt>
<trkpt lat="46.155884" lon="-74.690200"></trkpt>
<trkpt lat="46.155505" lon="-74.690109"></trkpt>
<trkpt lat="46.155181" lon="-74.689981"></trkpt>
<trkpt lat="46.154635" lon="-74.689764"></trkpt>
<trkpt lat="46.154287" lon="-74.689689"></trkpt>
<trkpt lat="46.153853" lon="-74.689782"></trkpt>
<trkpt lat="46.153583" lon="-74.689896"></trkpt>
<trkpt lat="46.153304" lon="-74.690085"></trkpt>
<trkpt lat="46.152963" lon="-74.690292"></trkpt>
<trkpt lat="46.152251" lon="-74.690794"></trkpt>
<trkpt lat="46.152062" lon="-74.691063"></trkpt>
<trkpt lat="46.151813" lon="-74.691672"></trkpt>
<trkpt lat="46.151775" lon="-74.691779"></trkpt>
<trkpt lat="46.151027" lon="-74.694020"></trkpt>
<trkpt lat="46.150846" lon="-74.694458"></trkpt>
<trkpt lat="46.150703" lon="-74.694679"></trkpt>
<trkpt lat="46.150494" lon="-74.694881"></trkpt>
<trkpt lat="46.150216" lon="-74.695064"></trkpt>
<trkpt lat="46.149959" lon="-74.695184"></trkpt>
<trkpt lat="46.149469" lon="-74.695258"></trkpt>
<trkpt lat="46.148646" lon="-74.695328"></trkpt>
<trkpt lat="46.148489" lon="-74.695414"></trkpt>
<trkpt lat="46.148586" lon="-74.695500"></trkpt>
<trkpt lat="46.149252" lon="-74.696086"></trkpt>
<trkpt lat="46.149312" lon="-74.696139"></trkpt>
<trkpt lat="46.149982" lon="-74.696729"></trkpt>
<trkpt lat="46.150760" lon="-74.697413"></trkpt>
<trkpt lat="46.150921" lon="-74.697564"></trkpt>
<trkpt lat="46.150665" lon="-74.698144"></trkpt>
<trkpt lat="46.150457" lon="-74.698558"></trkpt>
<trkpt lat="46.149817" lon="-74.699789"></trkpt>
<trkpt lat="46.149102" lon="-74.700643"></trkpt>
<trkpt lat="46.148785" lon="-74.700969"></trkpt>
<trkpt lat="46.147961" lon="-74.701688"></trkpt>
<trkpt lat="46.147206" lon="-74.702270"></trkpt>
<trkpt lat="46.146525" lon="-74.702888"></trkpt>
<trkpt lat="46.145939" lon="-74.702807"></trkpt>
<trkpt lat="46.145761" lon="-74.702753"></trkpt>
<trkpt lat="46.145540" lon="-74.702656"></trkpt>
<trkpt lat="46.145366" lon="-74.702523"></trkpt>
<trkpt lat="46.144815" lon="-74.701917"></trkpt>
<trkpt lat="46.144543" lon="-74.701517"></trkpt>
<trkpt lat="46.144402" lon="-74.701233"></trkpt>
<trkpt lat="46.144191" lon="-74.700670"></trkpt>
<trkpt lat="46.144022" lon="-74.700408"></trkpt>
<trkpt lat="46.143884" lon="-74.700279"></trkpt>
<trkpt lat="46.143313" lon="-74.699905"></trkpt>
<trkpt lat="46.143001" lon="-74.699618"></trkpt>
<trkpt lat="46.142067" lon="-74.698486"></trkpt>
<trkpt lat="46.141421" lon="-74.697988"></trkpt>
<trkpt lat="46.141192" lon="-74.697851"></trkpt>
<trkpt lat="46.140808" lon="-74.697779"></trkpt>
<trkpt lat="46.139669" lon="-74.697834"></trkpt>
<trkpt lat="46.136852" lon="-74.698158"></trkpt>
<trkpt lat="46.136670" lon="-74.698207"></trkpt>
<trkpt lat="46.136541" lon="-74.698273"></trkpt>
<trkpt lat="46.136391" lon="-74.698403"></trkpt>
<trkpt lat="46.136125" lon="-74.698742"></trkpt>
<trkpt lat="46.135593" lon="-74.699590"></trkpt>
<trkpt lat="46.135489" lon="-74.699711"></trkpt>
<trkpt lat="46.135358" lon="-74.699816"></trkpt>
<trkpt lat="46.135213" lon="-74.699842"></trkpt>
<trkpt lat="46.135087" lon="-74.699818"></trkpt>
<trkpt lat="46.134392" lon="-74.699420"></trkpt>
<trkpt lat="46.134093" lon="-74.699031"></trkpt>
<trkpt lat="46.133980" lon="-74.698943"></trkpt>
<trkpt lat="46.133819" lon="-74.698903"></trkpt>
<trkpt lat="46.133618" lon="-74.698756"></trkpt>
<trkpt lat="46.133489" lon="-74.698615"></trkpt>
<trkpt lat="46.133304" lon="-74.698300"></trkpt>
<trkpt lat="46.132989" lon="-74.697650"></trkpt>
<trkpt lat="46.132793" lon="-74.697374"></trkpt>
<trkpt lat="46.132346" lon="-74.697088"></trkpt>
<trkpt lat="46.131958" lon="-74.696885"></trkpt>
<trkpt lat="46.131397" lon="-74.696499"></trkpt>
<trkpt lat="46.131009" lon="-74.696297"></trkpt>
<trkpt lat="46.130887" lon="-74.696195"></trkpt>
<trkpt lat="46.130733" lon="-74.696000"></trkpt>
<trkpt lat="46.130235" lon="-74.695217"></trkpt>
<trkpt lat="46.129587" lon="-74.694344"></trkpt>
<trkpt lat="46.129342" lon="-74.693946"></trkpt>
<trkpt lat="46.129245" lon="-74.693471"></trkpt>
<trkpt lat="46.129199" lon="-74.693065"></trkpt>
<trkpt lat="46.129244" lon="-74.692213"></trkpt>
<trkpt lat="46.129211" lon="-74.691938"></trkpt>
<trkpt lat="46.128275" lon="-74.690832"></trkpt>
<trkpt lat="46.127461" lon="-74.690048"></trkpt>
<trkpt lat="46.126885" lon="-74.689595"></trkpt>
<trkpt lat="46.126082" lon="-74.689188"></trkpt>
<trkpt lat="46.125828" lon="-74.689023"></trkpt>
<trkpt lat="46.125006" lon="-74.688199"></trkpt>
<trkpt lat="46.124611" lon="-74.687907"></trkpt>
<trkpt lat="46.123993" lon="-74.687449"></trkpt>
<trkpt lat="46.123898" lon="-74.687350"></trkpt>
<trkpt lat="46.123706" lon="-74.686983"></trkpt>
<trkpt lat="46.123493" lon="-74.686693"></trkpt>
<trkpt lat="46.123318" lon="-74.686561"></trkpt>
<trkpt lat="46.123044" lon="-74.686433"></trkpt>
<trkpt lat="46.122395" lon="-74.686234"></trkpt>
<trkpt lat="46.122228" lon="-74.686128"></trkpt>
<trkpt lat="46.121568" lon="-74.685539"></trkpt>
<trkpt lat="46.121271" lon="-74.685085"></trkpt>
<trkpt lat="46.121163" lon="-74.684868"></trkpt>
<trkpt lat="46.120576" lon="-74.684480"></trkpt>
<trkpt lat="46.120231" lon="-74.683892"></trkpt>
<trkpt lat="46.120059" lon="-74.683709"></trkpt>
<trkpt lat="46.119909" lon="-74.683631"></trkpt>
<trkpt lat="46.118148" lon="-74.683062"></trkpt>
<trkpt lat="46.116449" lon="-74.682579"></trkpt>
<trkpt lat="46.116170" lon="-74.682513"></trkpt>
<trkpt lat="46.115964" lon="-74.682423"></trkpt>
<trkpt lat="46.115864" lon="-74.682292"></trkpt>
<trkpt lat="46.115811" lon="-74.682067"></trkpt>
<trkpt lat="46.115784" lon="-74.677152"></trkpt>
<trkpt lat="46.115751" lon="-74.676437"></trkpt>
<trkpt lat="46.115748" lon="-74.675438"></trkpt>
<trkpt lat="46.115717" lon="-74.672545"></trkpt>
<trkpt lat="46.115672" lon="-74.672127"></trkpt>
<trkpt lat="46.115594" lon="-74.671822"></trkpt>
<trkpt lat="46.115516" lon="-74.671670"></trkpt>
<trkpt lat="46.115244" lon="-74.671364"></trkpt>
<trkpt lat="46.114990" lon="-74.671199"></trkpt>
<trkpt lat="46.114303" lon="-74.670595"></trkpt>
<trkpt lat="46.113822" lon="-74.669827"></trkpt>
<trkpt lat="46.113537" lon="-74.669309"></trkpt>
<trkpt lat="46.112927" lon="-74.668375"></trkpt>
<trkpt lat="46.112466" lon="-74.667765"></trkpt>
<trkpt lat="46.112173" lon="-74.667467"></trkpt>
<trkpt lat="46.111868" lon="-74.667220"></trkpt>
<trkpt lat="46.111596" lon="-74.667028"></trkpt>
<trkpt lat="46.111286" lon="-74.666897"></trkpt>
<trkpt lat="46.111010" lon="-74.666834"></trkpt>
<trkpt lat="46.110180" lon="-74.666827"></trkpt>
<trkpt lat="46.109467" lon="-74.666855"></trkpt>
<trkpt lat="46.109195" lon="-74.666909"></trkpt>
<trkpt lat="46.108948" lon="-74.666991"></trkpt>
<trkpt lat="46.108681" lon="-74.667124"></trkpt>
<trkpt lat="46.108282" lon="-74.667387"></trkpt>
<trkpt lat="46.107928" lon="-74.667667"></trkpt>
<trkpt lat="46.107665" lon="-74.667916"></trkpt>
<trkpt lat="46.107361" lon="-74.668291"></trkpt>
<trkpt lat="46.105488" lon="-74.671433"></trkpt>
<trkpt lat="46.105107" lon="-74.671931"></trkpt>
<trkpt lat="46.104547" lon="-74.672595"></trkpt>
<trkpt lat="46.104134" lon="-74.673193"></trkpt>
<trkpt lat="46.103638" lon="-74.673837"></trkpt>
<trkpt lat="46.103225" lon="-74.674228"></trkpt>
<trkpt lat="46.102659" lon="-74.674620"></trkpt>
<trkpt lat="46.102283" lon="-74.674768"></trkpt>
<trkpt lat="46.102010" lon="-74.674835"></trkpt>
<trkpt lat="46.101454" lon="-74.674968"></trkpt>
<trkpt lat="46.100380" lon="-74.675017"></trkpt>
<trkpt lat="46.099665" lon="-74.675084"></trkpt>
<trkpt lat="46.099313" lon="-74.675092"></trkpt>
<trkpt lat="46.098633" lon="-74.674968"></trkpt>
<trkpt lat="46.098328" lon="-74.674941"></trkpt>
<trkpt lat="46.097406" lon="-74.674990"></trkpt>
<trkpt lat="46.096268" lon="-74.675047"></trkpt>
<trkpt lat="46.093917" lon="-74.675230"></trkpt>
<trkpt lat="46.093343" lon="-74.675374"></trkpt>
<trkpt lat="46.092939" lon="-74.675546"></trkpt>
<trkpt lat="46.092559" lon="-74.675798"></trkpt>
<trkpt lat="46.092269" lon="-74.676032"></trkpt>
<trkpt lat="46.091621" lon="-74.676649"></trkpt>
<trkpt lat="46.091229" lon="-74.676978"></trkpt>
<trkpt lat="46.090979" lon="-74.677124"></trkpt>
<trkpt lat="46.090833" lon="-74.677176"></trkpt>
<trkpt lat="46.090315" lon="-74.677273"></trkpt>
<trkpt lat="46.089918" lon="-74.677291"></trkpt>
<trkpt lat="46.089122" lon="-74.677143"></trkpt>
<trkpt lat="46.088546" lon="-74.677119"></trkpt>
<trkpt lat="46.087187" lon="-74.677272"></trkpt>
<trkpt lat="46.087001" lon="-74.677297"></trkpt>
<trkpt lat="46.085683" lon="-74.677469"></trkpt>
<trkpt lat="46.085402" lon="-74.677505"></trkpt>
<trkpt lat="46.084996" lon="-74.677509"></trkpt>
<trkpt lat="46.083858" lon="-74.677345"></trkpt>
<trkpt lat="46.082929" lon="-74.677147"></trkpt>
<trkpt lat="46.082574" lon="-74.677012"></trkpt>
<trkpt lat="46.082188" lon="-74.676771"></trkpt>
<trkpt lat="46.082085" lon="-74.676659"></trkpt>
<trkpt lat="46.082018" lon="-74.676536"></trkpt>
<trkpt lat="46.081606" lon="-74.675607"></trkpt>
<trkpt lat="46.080557" lon="-74.673974"></trkpt>
<trkpt lat="46.080121" lon="-74.673387"></trkpt>
<trkpt lat="46.079896" lon="-74.673164"></trkpt>
<trkpt lat="46.079517" lon="-74.672862"></trkpt>
<trkpt lat="46.079317" lon="-74.672778"></trkpt>
<trkpt lat="46.078944" lon="-74.672748"></trkpt>
<trkpt lat="46.078553" lon="-74.672753"></trkpt>
<trkpt lat="46.078048" lon="-74.672783"></trkpt>
<trkpt lat="46.076633" lon="-74.672984"></trkpt>
<trkpt lat="46.076552" lon="-74.672989"></trkpt>
<trkpt lat="46.075930" lon="-74.673037"></trkpt>
<trkpt lat="46.076008" lon="-74.675112"></trkpt>
<trkpt lat="46.076221" lon="-74.676113"></trkpt>
<trkpt lat="46.076258" lon="-74.676633"></trkpt>
<trkpt lat="46.076206" lon="-74.677969"></trkpt>
<trkpt lat="46.075629" lon="-74.678145"></trkpt>
<trkpt lat="46.075175" lon="-74.678152"></trkpt>
<trkpt lat="46.074039" lon="-74.678153"></trkpt>
<trkpt lat="46.072718" lon="-74.678186"></trkpt>
<trkpt lat="46.071551" lon="-74.678149"></trkpt>
<trkpt lat="46.071295" lon="-74.678141"></trkpt>
<trkpt lat="46.069029" lon="-74.678068"></trkpt>
<trkpt lat="46.067209" lon="-74.678018"></trkpt>
<trkpt lat="46.066944" lon="-74.677972"></trkpt>
<trkpt lat="46.065573" lon="-74.677085"></trkpt>
<trkpt lat="46.064687" lon="-74.676359"></trkpt>
<trkpt lat="46.063801" lon="-74.675793"></trkpt>
<trkpt lat="46.063248" lon="-74.675295"></trkpt>
<trkpt lat="46.062832" lon="-74.675049"></trkpt>
<trkpt lat="46.062664" lon="-74.675002"></trkpt>
<trkpt lat="46.062121" lon="-74.674995"></trkpt>
<trkpt lat="46.061763" lon="-74.674948"></trkpt>
<trkpt lat="46.061469" lon="-74.674843"></trkpt>
<trkpt lat="46.061265" lon="-74.674720"></trkpt>
<trkpt lat="46.060729" lon="-74.674276"></trkpt>
<trkpt lat="46.060328" lon="-74.674071"></trkpt>
<trkpt lat="46.059981" lon="-74.674055"></trkpt>
<trkpt lat="46.059670" lon="-74.674143"></trkpt>
<trkpt lat="46.059171" lon="-74.674375"></trkpt>
<trkpt lat="46.058763" lon="-74.674481"></trkpt>
<trkpt lat="46.058474" lon="-74.674474"></trkpt>
<trkpt lat="46.058244" lon="-74.674381"></trkpt>
<trkpt lat="46.055943" lon="-74.672866"></trkpt>
<trkpt lat="46.055561" lon="-74.672740"></trkpt>
<trkpt lat="46.054819" lon="-74.672962"></trkpt>
<trkpt lat="46.054683" lon="-74.672967"></trkpt>
<trkpt lat="46.054467" lon="-74.672975"></trkpt>
<trkpt lat="46.053150" lon="-74.672678"></trkpt>
<trkpt lat="46.052669" lon="-74.672515"></trkpt>
<trkpt lat="46.052059" lon="-74.672093"></trkpt>
<trkpt lat="46.050630" lon="-74.670812"></trkpt>
<trkpt lat="46.050122" lon="-74.670241"></trkpt>
<trkpt lat="46.049536" lon="-74.669284"></trkpt>
<trkpt lat="46.049031" lon="-74.668546"></trkpt>
<trkpt lat="46.048516" lon="-74.668050"></trkpt>
<trkpt lat="46.046508" lon="-74.666493"></trkpt>
<trkpt lat="46.045646" lon="-74.665960"></trkpt>
<trkpt lat="46.045103" lon="-74.665378"></trkpt>
<trkpt lat="46.044689" lon="-74.664994"></trkpt>
<trkpt lat="46.044046" lon="-74.664541"></trkpt>
<trkpt lat="46.043317" lon="-74.664229"></trkpt>
<trkpt lat="46.042218" lon="-74.663592"></trkpt>
<trkpt lat="46.041158" lon="-74.662744"></trkpt>
<trkpt lat="46.040532" lon="-74.662308"></trkpt>
<trkpt lat="46.040337" lon="-74.662204"></trkpt>
<trkpt lat="46.039902" lon="-74.662041"></trkpt>
<trkpt lat="46.039467" lon="-74.661921"></trkpt>
<trkpt lat="46.039230" lon="-74.661915"></trkpt>
<trkpt lat="46.039008" lon="-74.661960"></trkpt>
<trkpt lat="46.038831" lon="-74.662077"></trkpt>
<trkpt lat="46.038388" lon="-74.662588"></trkpt>
<trkpt lat="46.038143" lon="-74.662924"></trkpt>
<trkpt lat="46.037885" lon="-74.663153"></trkpt>
<trkpt lat="46.035625" lon="-74.664722"></trkpt>
<trkpt lat="46.034789" lon="-74.665247"></trkpt>
<trkpt lat="46.034314" lon="-74.665495"></trkpt>
<trkpt lat="46.033957" lon="-74.665653"></trkpt>
<trkpt lat="46.033691" lon="-74.665725"></trkpt>
<trkpt lat="46.032711" lon="-74.665749"></trkpt>
<trkpt lat="46.031931" lon="-74.665893"></trkpt>
<trkpt lat="46.031179" lon="-74.666248"></trkpt>
<trkpt lat="46.030640" lon="-74.666512"></trkpt>
<trkpt lat="46.029718" lon="-74.667036"></trkpt>
<trkpt lat="46.028109" lon="-74.668116"></trkpt>
<trkpt lat="46.027920" lon="-74.668333"></trkpt>
<trkpt lat="46.027790" lon="-74.668648"></trkpt>
<trkpt lat="46.027752" lon="-74.668994"></trkpt>
<trkpt lat="46.027892" lon="-74.670554"></trkpt>
<trkpt lat="46.027875" lon="-74.671009"></trkpt>
<trkpt lat="46.027760" lon="-74.671828"></trkpt>
<trkpt lat="46.027723" lon="-74.672459"></trkpt>
<trkpt lat="46.027635" lon="-74.672801"></trkpt>
<trkpt lat="46.027502" lon="-74.673059"></trkpt>
<trkpt lat="46.027214" lon="-74.673331"></trkpt>
<trkpt lat="46.025840" lon="-74.674301"></trkpt>
<trkpt lat="46.025625" lon="-74.674532"></trkpt>
<trkpt lat="46.025426" lon="-74.674852"></trkpt>
<trkpt lat="46.024848" lon="-74.676515"></trkpt>
<trkpt lat="46.024664" lon="-74.676888"></trkpt>
<trkpt lat="46.024532" lon="-74.677067"></trkpt>
<trkpt lat="46.024348" lon="-74.677198"></trkpt>
<trkpt lat="46.024138" lon="-74.677252"></trkpt>
<trkpt lat="46.023699" lon="-74.677249"></trkpt>
<trkpt lat="46.020985" lon="-74.676956"></trkpt>
<trkpt lat="46.020717" lon="-74.676951"></trkpt>
<trkpt lat="46.020369" lon="-74.677077"></trkpt>
<trkpt lat="46.020163" lon="-74.677088"></trkpt>
<trkpt lat="46.019611" lon="-74.676829"></trkpt>
<trkpt lat="46.017795" lon="-74.676583"></trkpt>
<trkpt lat="46.016446" lon="-74.676379"></trkpt>
<trkpt lat="46.014685" lon="-74.676181"></trkpt>
<trkpt lat="46.014471" lon="-74.676074"></trkpt>
<trkpt lat="46.014323" lon="-74.675918"></trkpt>
<trkpt lat="46.014158" lon="-74.675679"></trkpt>
<trkpt lat="46.013924" lon="-74.675153"></trkpt>
<trkpt lat="46.013660" lon="-74.674745"></trkpt>
<trkpt lat="46.013451" lon="-74.674327"></trkpt>
<trkpt lat="46.013189" lon="-74.673485"></trkpt>
<trkpt lat="46.012952" lon="-74.673041"></trkpt>
<trkpt lat="46.012505" lon="-74.672353"></trkpt>
<trkpt lat="46.010981" lon="-74.670829"></trkpt>
<trkpt lat="46.010025" lon="-74.669983"></trkpt>
<trkpt lat="46.008711" lon="-74.668673"></trkpt>
<trkpt lat="46.008580" lon="-74.668538"></trkpt>
<trkpt lat="46.007734" lon="-74.667464"></trkpt>
<trkpt lat="46.007573" lon="-74.667208"></trkpt>
<trkpt lat="46.007333" lon="-74.666692"></trkpt>
<trkpt lat="46.007185" lon="-74.666495"></trkpt>
<trkpt lat="46.006781" lon="-74.666159"></trkpt>
<trkpt lat="46.006302" lon="-74.665509"></trkpt>
<trkpt lat="46.005748" lon="-74.664510"></trkpt>
<trkpt lat="46.005424" lon="-74.664145"></trkpt>
<trkpt lat="46.004587" lon="-74.662943"></trkpt>
<trkpt lat="46.004057" lon="-74.662345"></trkpt>
<trkpt lat="46.003903" lon="-74.662013"></trkpt>
<trkpt lat="46.003658" lon="-74.661362"></trkpt>
<trkpt lat="46.001436" lon="-74.656634"></trkpt>
<trkpt lat="46.000947" lon="-74.655532"></trkpt>
<trkpt lat="46.000635" lon="-74.654747"></trkpt>
<trkpt lat="46.000580" lon="-74.654470"></trkpt>
<trkpt lat="46.000663" lon="-74.653638"></trkpt>
<trkpt lat="46.000631" lon="-74.653348"></trkpt>
<trkpt lat="46.000517" lon="-74.653002"></trkpt>
<trkpt lat="46.000293" lon="-74.652587"></trkpt>
<trkpt lat="45.999692" lon="-74.651710"></trkpt>
<trkpt lat="45.998950" lon="-74.650596"></trkpt>
<trkpt lat="45.998417" lon="-74.649945"></trkpt>
<trkpt lat="45.997740" lon="-74.649027"></trkpt>
<trkpt lat="45.997578" lon="-74.648743"></trkpt>
<trkpt lat="45.997440" lon="-74.648335"></trkpt>
<trkpt lat="45.997396" lon="-74.647977"></trkpt>
<trkpt lat="45.997340" lon="-74.647057"></trkpt>
<trkpt lat="45.997273" lon="-74.646794"></trkpt>
<trkpt lat="45.997214" lon="-74.646556"></trkpt>
<trkpt lat="45.997191" lon="-74.646360"></trkpt>
<trkpt lat="45.997012" lon="-74.644812"></trkpt>
<trkpt lat="45.996878" lon="-74.644352"></trkpt>
<trkpt lat="45.996669" lon="-74.643888"></trkpt>
<trkpt lat="45.995863" lon="-74.642800"></trkpt>
<trkpt lat="45.995860" lon="-74.642796"></trkpt>
<trkpt lat="45.995643" lon="-74.642589"></trkpt>
<trkpt lat="45.995434" lon="-74.642487"></trkpt>
<trkpt lat="45.995110" lon="-74.642384"></trkpt>
<trkpt lat="45.994128" lon="-74.642167"></trkpt>
<trkpt lat="45.993737" lon="-74.641995"></trkpt>
<trkpt lat="45.993510" lon="-74.641805"></trkpt>
<trkpt lat="45.993072" lon="-74.641255"></trkpt>
<trkpt lat="45.992604" lon="-74.640811"></trkpt>
<trkpt lat="45.992143" lon="-74.640490"></trkpt>
<trkpt lat="45.991817" lon="-74.640353"></trkpt>
<trkpt lat="45.991242" lon="-74.640198"></trkpt>
<trkpt lat="45.990786" lon="-74.639885"></trkpt>
<trkpt lat="45.989145" lon="-74.638122"></trkpt>
<trkpt lat="45.988744" lon="-74.637829"></trkpt>
<trkpt lat="45.988528" lon="-74.637731"></trkpt>
<trkpt lat="45.988140" lon="-74.637652"></trkpt>
<trkpt lat="45.987875" lon="-74.637552"></trkpt>
<trkpt lat="45.987622" lon="-74.637375"></trkpt>
<trkpt lat="45.987220" lon="-74.636951"></trkpt>
<trkpt lat="45.986541" lon="-74.635943"></trkpt>
<trkpt lat="45.986065" lon="-74.635409"></trkpt>
<trkpt lat="45.985576" lon="-74.635067"></trkpt>
<trkpt lat="45.984912" lon="-74.634737"></trkpt>
<trkpt lat="45.984381" lon="-74.634553"></trkpt>
<trkpt lat="45.983604" lon="-74.634355"></trkpt>
<trkpt lat="45.983232" lon="-74.634195"></trkpt>
<trkpt lat="45.982427" lon="-74.633726"></trkpt>
<trkpt lat="45.982257" lon="-74.633568"></trkpt>
<trkpt lat="45.982113" lon="-74.633353"></trkpt>
<trkpt lat="45.981632" lon="-74.632263"></trkpt>
<trkpt lat="45.981442" lon="-74.631988"></trkpt>
<trkpt lat="45.981257" lon="-74.631837"></trkpt>
<trkpt lat="45.980958" lon="-74.631712"></trkpt>
<trkpt lat="45.980115" lon="-74.631449"></trkpt>
<trkpt lat="45.979893" lon="-74.631415"></trkpt>
<trkpt lat="45.979613" lon="-74.631449"></trkpt>
<trkpt lat="45.979301" lon="-74.631582"></trkpt>
<trkpt lat="45.977473" lon="-74.632700"></trkpt>
<trkpt lat="45.977216" lon="-74.632858"></trkpt>
<trkpt lat="45.977095" lon="-74.632940"></trkpt>
<trkpt lat="45.976586" lon="-74.633274"></trkpt>
<trkpt lat="45.975791" lon="-74.633732"></trkpt>
<trkpt lat="45.975372" lon="-74.633784"></trkpt>
<trkpt lat="45.975280" lon="-74.633432"></trkpt>
<trkpt lat="45.975212" lon="-74.633269"></trkpt>
<trkpt lat="45.975049" lon="-74.633050"></trkpt>
<trkpt lat="45.974299" lon="-74.632367"></trkpt>
<trkpt lat="45.973742" lon="-74.631871"></trkpt>
<trkpt lat="45.973545" lon="-74.631698"></trkpt>
<trkpt lat="45.973219" lon="-74.631341"></trkpt>
<trkpt lat="45.973077" lon="-74.631116"></trkpt>
<trkpt lat="45.972546" lon="-74.629366"></trkpt>
<trkpt lat="45.972426" lon="-74.629119"></trkpt>
<trkpt lat="45.972282" lon="-74.628921"></trkpt>
<trkpt lat="45.972044" lon="-74.628711"></trkpt>
<trkpt lat="45.971726" lon="-74.628609"></trkpt>
<trkpt lat="45.968291" lon="-74.628267"></trkpt>
<trkpt lat="45.967993" lon="-74.628165"></trkpt>
<trkpt lat="45.967778" lon="-74.627891"></trkpt>
<trkpt lat="45.967594" lon="-74.627309"></trkpt>
<trkpt lat="45.967175" lon="-74.624705"></trkpt>
<trkpt lat="45.967127" lon="-74.624221"></trkpt>
<trkpt lat="45.967152" lon="-74.623735"></trkpt>
<trkpt lat="45.967490" lon="-74.621451"></trkpt>
<trkpt lat="45.967807" lon="-74.618647"></trkpt>
<trkpt lat="45.967895" lon="-74.617865"></trkpt>
<trkpt lat="45.967892" lon="-74.617368"></trkpt>
<trkpt lat="45.967766" lon="-74.616530"></trkpt>
<trkpt lat="45.967695" lon="-74.616079"></trkpt>
<trkpt lat="45.967482" lon="-74.616109"></trkpt>
<trkpt lat="45.967110" lon="-74.616222"></trkpt>
<trkpt lat="45.966844" lon="-74.616314"></trkpt>
<trkpt lat="45.966747" lon="-74.616350"></trkpt>
<trkpt lat="45.966133" lon="-74.616581"></trkpt>
<trkpt lat="45.966026" lon="-74.615657"></trkpt>
<trkpt lat="45.965929" lon="-74.614840"></trkpt>
<trkpt lat="45.965738" lon="-74.613812"></trkpt>
<trkpt lat="45.965355" lon="-74.612366"></trkpt>
<trkpt lat="45.964983" lon="-74.611354"></trkpt>
<trkpt lat="45.964655" lon="-74.610626"></trkpt>
<trkpt lat="45.964180" lon="-74.609753"></trkpt>
<trkpt lat="45.962814" lon="-74.607611"></trkpt>
<trkpt lat="45.962665" lon="-74.607378"></trkpt>
<trkpt lat="45.961582" lon="-74.605678"></trkpt>
<trkpt lat="45.961288" lon="-74.605079"></trkpt>
<trkpt lat="45.961106" lon="-74.604520"></trkpt>
<trkpt lat="45.960981" lon="-74.603938"></trkpt>
<trkpt lat="45.960888" lon="-74.603300"></trkpt>
<trkpt lat="45.960862" lon="-74.602662"></trkpt>
<trkpt lat="45.960865" lon="-74.602133"></trkpt>
<trkpt lat="45.960901" lon="-74.601825"></trkpt>
<trkpt lat="45.961032" lon="-74.601246"></trkpt>
<trkpt lat="45.961230" lon="-74.600601"></trkpt>
<trkpt lat="45.962044" lon="-74.598249"></trkpt>
<trkpt lat="45.962341" lon="-74.597410"></trkpt>
<trkpt lat="45.962553" lon="-74.596720"></trkpt>
<trkpt lat="45.962714" lon="-74.596065"></trkpt>
<trkpt lat="45.962829" lon="-74.595106"></trkpt>
<trkpt lat="45.962859" lon="-74.594463"></trkpt>
<trkpt lat="45.962838" lon="-74.592734"></trkpt>
<trkpt lat="45.962725" lon="-74.586872"></trkpt>
<trkpt lat="45.962648" lon="-74.586059"></trkpt>
<trkpt lat="45.962524" lon="-74.585313"></trkpt>
<trkpt lat="45.962291" lon="-74.584513"></trkpt>
<trkpt lat="45.962285" lon="-74.584492"></trkpt>
<trkpt lat="45.961151" lon="-74.581742"></trkpt>
<trkpt lat="45.960337" lon="-74.579744"></trkpt>
<trkpt lat="45.960118" lon="-74.579167"></trkpt>
<trkpt lat="45.959911" lon="-74.578506"></trkpt>
<trkpt lat="45.959737" lon="-74.577689"></trkpt>
<trkpt lat="45.959666" lon="-74.577255"></trkpt>
<trkpt lat="45.959620" lon="-74.576774"></trkpt>
<trkpt lat="45.959530" lon="-74.574764"></trkpt>
<trkpt lat="45.959490" lon="-74.572713"></trkpt>
<trkpt lat="45.959304" lon="-74.571440"></trkpt>
<trkpt lat="45.959127" lon="-74.570624"></trkpt>
<trkpt lat="45.958877" lon="-74.569868"></trkpt>
<trkpt lat="45.958580" lon="-74.569239"></trkpt>
<trkpt lat="45.958135" lon="-74.568432"></trkpt>
<trkpt lat="45.957644" lon="-74.567742"></trkpt>
<trkpt lat="45.957245" lon="-74.567298"></trkpt>
<trkpt lat="45.956854" lon="-74.566947"></trkpt>
<trkpt lat="45.956357" lon="-74.566617"></trkpt>
<trkpt lat="45.955828" lon="-74.566332"></trkpt>
<trkpt lat="45.954963" lon="-74.566052"></trkpt>
<trkpt lat="45.954236" lon="-74.565893"></trkpt>
<trkpt lat="45.952064" lon="-74.565419"></trkpt>
<trkpt lat="45.951369" lon="-74.565148"></trkpt>
<trkpt lat="45.951034" lon="-74.564954"></trkpt>
<trkpt lat="45.950281" lon="-74.564352"></trkpt>
<trkpt lat="45.949908" lon="-74.563986"></trkpt>
<trkpt lat="45.949518" lon="-74.563487"></trkpt>
<trkpt lat="45.948047" lon="-74.560949"></trkpt>
<trkpt lat="45.947403" lon="-74.559719"></trkpt>
<trkpt lat="45.947264" lon="-74.559360"></trkpt>
<trkpt lat="45.947187" lon="-74.558972"></trkpt>
<trkpt lat="45.947168" lon="-74.558549"></trkpt>
<trkpt lat="45.947246" lon="-74.558033"></trkpt>
<trkpt lat="45.947994" lon="-74.555839"></trkpt>
<trkpt lat="45.948217" lon="-74.555081"></trkpt>
<trkpt lat="45.948458" lon="-74.554215"></trkpt>
<trkpt lat="45.948736" lon="-74.553395"></trkpt>
<trkpt lat="45.948843" lon="-74.552921"></trkpt>
<trkpt lat="45.948847" lon="-74.552900"></trkpt>
<trkpt lat="45.948875" lon="-74.552642"></trkpt>
<trkpt lat="45.948856" lon="-74.552477"></trkpt>
<trkpt lat="45.948794" lon="-74.552252"></trkpt>
<trkpt lat="45.948666" lon="-74.552055"></trkpt>
<trkpt lat="45.948570" lon="-74.551936"></trkpt>
<trkpt lat="45.948218" lon="-74.551556"></trkpt>
<trkpt lat="45.947981" lon="-74.551351"></trkpt>
<trkpt lat="45.947514" lon="-74.550947"></trkpt>
<trkpt lat="45.947302" lon="-74.550799"></trkpt>
<trkpt lat="45.946880" lon="-74.550650"></trkpt>
<trkpt lat="45.946179" lon="-74.550346"></trkpt>
<trkpt lat="45.945873" lon="-74.550155"></trkpt>
<trkpt lat="45.945517" lon="-74.549807"></trkpt>
<trkpt lat="45.945448" lon="-74.549719"></trkpt>
<trkpt lat="45.945281" lon="-74.549503"></trkpt>
<trkpt lat="45.945090" lon="-74.549191"></trkpt>
<trkpt lat="45.944374" lon="-74.547859"></trkpt>
<trkpt lat="45.944249" lon="-74.547635"></trkpt>
<trkpt lat="45.943648" lon="-74.546537"></trkpt>
<trkpt lat="45.943532" lon="-74.546395"></trkpt>
<trkpt lat="45.943260" lon="-74.546154"></trkpt>
<trkpt lat="45.943064" lon="-74.546089"></trkpt>
<trkpt lat="45.942902" lon="-74.546092"></trkpt>
<trkpt lat="45.942711" lon="-74.546160"></trkpt>
<trkpt lat="45.941893" lon="-74.546713"></trkpt>
<trkpt lat="45.941834" lon="-74.546746"></trkpt>
<trkpt lat="45.941738" lon="-74.546799"></trkpt>
<trkpt lat="45.941445" lon="-74.546946"></trkpt>
<trkpt lat="45.940897" lon="-74.547149"></trkpt>
<trkpt lat="45.940414" lon="-74.547326"></trkpt>
<trkpt lat="45.940352" lon="-74.547008"></trkpt>
<trkpt lat="45.940247" lon="-74.545312"></trkpt>
<trkpt lat="45.940188" lon="-74.545030"></trkpt>
<trkpt lat="45.940106" lon="-74.544884"></trkpt>
<trkpt lat="45.940061" lon="-74.544846"></trkpt>
<trkpt lat="45.939543" lon="-74.544675"></trkpt>
<trkpt lat="45.938936" lon="-74.544347"></trkpt>
<trkpt lat="45.938201" lon="-74.544065"></trkpt>
<trkpt lat="45.936304" lon="-74.543711"></trkpt>
<trkpt lat="45.936048" lon="-74.543636"></trkpt>
<trkpt lat="45.935374" lon="-74.543279"></trkpt>
<trkpt lat="45.935119" lon="-74.543182"></trkpt>
<trkpt lat="45.934864" lon="-74.543187"></trkpt>
<trkpt lat="45.934388" lon="-74.543344"></trkpt>
<trkpt lat="45.934028" lon="-74.543411"></trkpt>
<trkpt lat="45.933248" lon="-74.543493"></trkpt>
<trkpt lat="45.933050" lon="-74.543556"></trkpt>
<trkpt lat="45.932722" lon="-74.543754"></trkpt>
<trkpt lat="45.931837" lon="-74.544833"></trkpt>
<trkpt lat="45.931637" lon="-74.544982"></trkpt>
<trkpt lat="45.931537" lon="-74.544994"></trkpt>
<trkpt lat="45.931362" lon="-74.544907"></trkpt>
<trkpt lat="45.931283" lon="-74.544807"></trkpt>
<trkpt lat="45.930682" lon="-74.543751"></trkpt>
<trkpt lat="45.930147" lon="-74.542996"></trkpt>
<trkpt lat="45.929881" lon="-74.542759"></trkpt>
<trkpt lat="45.929205" lon="-74.542531"></trkpt>
<trkpt lat="45.928981" lon="-74.542541"></trkpt>
<trkpt lat="45.928352" lon="-74.542651"></trkpt>
<trkpt lat="45.927803" lon="-74.542607"></trkpt>
<trkpt lat="45.927609" lon="-74.542553"></trkpt>
<trkpt lat="45.926778" lon="-74.542134"></trkpt>
<trkpt lat="45.926450" lon="-74.542069"></trkpt>
<trkpt lat="45.926080" lon="-74.542049"></trkpt>
<trkpt lat="45.924057" lon="-74.542445"></trkpt>
<trkpt lat="45.923853" lon="-74.542488"></trkpt>
<trkpt lat="45.923738" lon="-74.542447"></trkpt>
<trkpt lat="45.923676" lon="-74.542366"></trkpt>
<trkpt lat="45.923623" lon="-74.542144"></trkpt>
<trkpt lat="45.923662" lon="-74.540448"></trkpt>
<trkpt lat="45.923598" lon="-74.539506"></trkpt>
<trkpt lat="45.923406" lon="-74.538199"></trkpt>
<trkpt lat="45.923323" lon="-74.536808"></trkpt>
<trkpt lat="45.923242" lon="-74.536003"></trkpt>
<trkpt lat="45.923206" lon="-74.535379"></trkpt>
<trkpt lat="45.923210" lon="-74.534547"></trkpt>
<trkpt lat="45.923349" lon="-74.533344"></trkpt>
<trkpt lat="45.923365" lon="-74.532962"></trkpt>
<trkpt lat="45.922875" lon="-74.531288"></trkpt>
<trkpt lat="45.922424" lon="-74.530181"></trkpt>
<trkpt lat="45.922367" lon="-74.529907"></trkpt>
<trkpt lat="45.922289" lon="-74.528659"></trkpt>
<trkpt lat="45.922251" lon="-74.528338"></trkpt>
<trkpt lat="45.922126" lon="-74.527984"></trkpt>
<trkpt lat="45.922061" lon="-74.527884"></trkpt>
<trkpt lat="45.921685" lon="-74.527487"></trkpt>
<trkpt lat="45.921484" lon="-74.527235"></trkpt>
<trkpt lat="45.921358" lon="-74.526884"></trkpt>
<trkpt lat="45.921172" lon="-74.526152"></trkpt>
<trkpt lat="45.920685" lon="-74.525167"></trkpt>
<trkpt lat="45.920499" lon="-74.524636"></trkpt>
<trkpt lat="45.920367" lon="-74.524109"></trkpt>
<trkpt lat="45.920205" lon="-74.523116"></trkpt>
<trkpt lat="45.920197" lon="-74.522573"></trkpt>
<trkpt lat="45.920226" lon="-74.521633"></trkpt>
<trkpt lat="45.920251" lon="-74.521434"></trkpt>
<trkpt lat="45.920428" lon="-74.521053"></trkpt>
<trkpt lat="45.921063" lon="-74.520540"></trkpt>
<trkpt lat="45.921749" lon="-74.520133"></trkpt>
<trkpt lat="45.921876" lon="-74.520020"></trkpt>
<trkpt lat="45.921953" lon="-74.519900"></trkpt>
<trkpt lat="45.922007" lon="-74.519733"></trkpt>
<trkpt lat="45.922164" lon="-74.518625"></trkpt>
<trkpt lat="45.922162" lon="-74.518446"></trkpt>
<trkpt lat="45.922107" lon="-74.518129"></trkpt>
<trkpt lat="45.922106" lon="-74.517775"></trkpt>
<trkpt lat="45.922439" lon="-74.516498"></trkpt>
<trkpt lat="45.922802" lon="-74.514898"></trkpt>
<trkpt lat="45.922833" lon="-74.514566"></trkpt>
<trkpt lat="45.922856" lon="-74.513773"></trkpt>
<trkpt lat="45.922910" lon="-74.513236"></trkpt>
<trkpt lat="45.923092" lon="-74.512169"></trkpt>
<trkpt lat="45.923067" lon="-74.511790"></trkpt>
<trkpt lat="45.922746" lon="-74.509618"></trkpt>
<trkpt lat="45.922743" lon="-74.509597"></trkpt>
<trkpt lat="45.922470" lon="-74.508898"></trkpt>
<trkpt lat="45.922071" lon="-74.508227"></trkpt>
<trkpt lat="45.921891" lon="-74.507830"></trkpt>
<trkpt lat="45.921849" lon="-74.507548"></trkpt>
<trkpt lat="45.922006" lon="-74.506298"></trkpt>
<trkpt lat="45.921960" lon="-74.504210"></trkpt>
<trkpt lat="45.922001" lon="-74.501952"></trkpt>
<trkpt lat="45.922108" lon="-74.500665"></trkpt>
<trkpt lat="45.922191" lon="-74.500140"></trkpt>
<trkpt lat="45.922334" lon="-74.499673"></trkpt>
<trkpt lat="45.922377" lon="-74.499456"></trkpt>
<trkpt lat="45.922387" lon="-74.499231"></trkpt>
<trkpt lat="45.922080" lon="-74.497886"></trkpt>
<trkpt lat="45.921893" lon="-74.497004"></trkpt>
<trkpt lat="45.921852" lon="-74.496635"></trkpt>
<trkpt lat="45.921860" lon="-74.496266"></trkpt>
<trkpt lat="45.921911" lon="-74.495902"></trkpt>
<trkpt lat="45.922179" lon="-74.494773"></trkpt>
<trkpt lat="45.922296" lon="-74.494175"></trkpt>
<trkpt lat="45.922336" lon="-74.493863"></trkpt>
<trkpt lat="45.922367" lon="-74.493397"></trkpt>
<trkpt lat="45.922337" lon="-74.492755"></trkpt>
<trkpt lat="45.922317" lon="-74.492303"></trkpt>
<trkpt lat="45.922329" lon="-74.491742"></trkpt>
<trkpt lat="45.922370" lon="-74.491332"></trkpt>
<trkpt lat="45.922613" lon="-74.490222"></trkpt>
<trkpt lat="45.922675" lon="-74.489873"></trkpt>
<trkpt lat="45.922696" lon="-74.489524"></trkpt>
<trkpt lat="45.922659" lon="-74.489180"></trkpt>
<trkpt lat="45.922582" lon="-74.488771"></trkpt>
<trkpt lat="45.922243" lon="-74.487547"></trkpt>
<trkpt lat="45.922125" lon="-74.486974"></trkpt>
<trkpt lat="45.922083" lon="-74.486390"></trkpt>
<trkpt lat="45.922112" lon="-74.486002"></trkpt>
<trkpt lat="45.922184" lon="-74.485646"></trkpt>
<trkpt lat="45.922538" lon="-74.484494"></trkpt>
<trkpt lat="45.922580" lon="-74.484267"></trkpt>
<trkpt lat="45.922638" lon="-74.483011"></trkpt>
<trkpt lat="45.922816" lon="-74.481644"></trkpt>
<trkpt lat="45.922966" lon="-74.480728"></trkpt>
<trkpt lat="45.923025" lon="-74.480265"></trkpt>
<trkpt lat="45.923158" lon="-74.479436"></trkpt>
<trkpt lat="45.923367" lon="-74.478536"></trkpt>
<trkpt lat="45.924065" lon="-74.478871"></trkpt>
<trkpt lat="45.924537" lon="-74.478947"></trkpt>
<trkpt lat="45.924509" lon="-74.478555"></trkpt>
<trkpt lat="45.924406" lon="-74.478031"></trkpt>
<trkpt lat="45.924042" lon="-74.477182"></trkpt>
<trkpt lat="45.923758" lon="-74.475909"></trkpt>
<trkpt lat="45.923668" lon="-74.475228"></trkpt>
<trkpt lat="45.923577" lon="-74.474539"></trkpt>
<trkpt lat="45.923530" lon="-74.473732"></trkpt>
<trkpt lat="45.923547" lon="-74.473036"></trkpt>
<trkpt lat="45.923537" lon="-74.471470"></trkpt>
<trkpt lat="45.923560" lon="-74.470707"></trkpt>
<trkpt lat="45.923565" lon="-74.470613"></trkpt>
<trkpt lat="45.923500" lon="-74.470600"></trkpt>
<trkpt lat="45.923444" lon="-74.470594"></trkpt>
<trkpt lat="45.923445" lon="-74.470439"></trkpt>
<trkpt lat="45.923453" lon="-74.469555"></trkpt>
<trkpt lat="45.923454" lon="-74.469176"></trkpt>
<trkpt lat="45.923455" lon="-74.468328"></trkpt>
<trkpt lat="45.923455" lon="-74.467779"></trkpt>
<trkpt lat="45.923493" lon="-74.467539"></trkpt>
<trkpt lat="45.923572" lon="-74.467314"></trkpt>
<trkpt lat="45.923781" lon="-74.466921"></trkpt>
<trkpt lat="45.923783" lon="-74.466919"></trkpt>
<trkpt lat="45.924013" lon="-74.466785"></trkpt>
<trkpt lat="45.924078" lon="-74.466905"></trkpt>
<trkpt lat="45.924940" lon="-74.466515"></trkpt>
<trkpt lat="45.925821" lon="-74.466183"></trkpt>
<trkpt lat="45.926199" lon="-74.466025"></trkpt>
<trkpt lat="45.926436" lon="-74.465960"></trkpt>
<trkpt lat="45.927157" lon="-74.465788"></trkpt>
<trkpt lat="45.927308" lon="-74.465720"></trkpt>
<trkpt lat="45.928126" lon="-74.465133"></trkpt>
<trkpt lat="45.928872" lon="-74.464765"></trkpt>
<trkpt lat="45.930183" lon="-74.463984"></trkpt>
<trkpt lat="45.930989" lon="-74.463570"></trkpt>
<trkpt lat="45.931130" lon="-74.463474"></trkpt>
<trkpt lat="45.931320" lon="-74.463264"></trkpt>
<trkpt lat="45.931447" lon="-74.462955"></trkpt>
<trkpt lat="45.931502" lon="-74.462744"></trkpt>
<trkpt lat="45.931575" lon="-74.462378"></trkpt>
<trkpt lat="45.931634" lon="-74.461596"></trkpt>
<trkpt lat="45.931571" lon="-74.459538"></trkpt>
<trkpt lat="45.931614" lon="-74.459050"></trkpt>
<trkpt lat="45.931700" lon="-74.458613"></trkpt>
<trkpt lat="45.931981" lon="-74.457792"></trkpt>
<trkpt lat="45.932892" lon="-74.455588"></trkpt>
<trkpt lat="45.933029" lon="-74.455133"></trkpt>
<trkpt lat="45.933135" lon="-74.454598"></trkpt>
<trkpt lat="45.933264" lon="-74.452950"></trkpt>
<trkpt lat="45.933349" lon="-74.452273"></trkpt>
<trkpt lat="45.933538" lon="-74.451527"></trkpt>
<trkpt lat="45.934151" lon="-74.449940"></trkpt>
<trkpt lat="45.935267" lon="-74.447235"></trkpt>
<trkpt lat="45.935583" lon="-74.446267"></trkpt>
<trkpt lat="45.935843" lon="-74.445324"></trkpt>
<trkpt lat="45.936036" lon="-74.444626"></trkpt>
<trkpt lat="45.936140" lon="-74.444137"></trkpt>
<trkpt lat="45.936192" lon="-74.443648"></trkpt>
<trkpt lat="45.936251" lon="-74.441656"></trkpt>
<trkpt lat="45.936214" lon="-74.440968"></trkpt>
<trkpt lat="45.936127" lon="-74.440502"></trkpt>
<trkpt lat="45.935520" lon="-74.438567"></trkpt>
<trkpt lat="45.935013" lon="-74.437050"></trkpt>
<trkpt lat="45.934801" lon="-74.436429"></trkpt>
<trkpt lat="45.934621" lon="-74.436007"></trkpt>
<trkpt lat="45.934311" lon="-74.435436"></trkpt>
<trkpt lat="45.933359" lon="-74.434100"></trkpt>
<trkpt lat="45.932471" lon="-74.432775"></trkpt>
<trkpt lat="45.932101" lon="-74.432068"></trkpt>
<trkpt lat="45.931913" lon="-74.431528"></trkpt>
<trkpt lat="45.931810" lon="-74.430937"></trkpt>
<trkpt lat="45.931322" lon="-74.425854"></trkpt>
<trkpt lat="45.929913" lon="-74.414037"></trkpt>
<trkpt lat="45.929540" lon="-74.409024"></trkpt>
<trkpt lat="45.929402" lon="-74.407847"></trkpt>
<trkpt lat="45.929076" lon="-74.406268"></trkpt>
<trkpt lat="45.928744" lon="-74.405166"></trkpt>
<trkpt lat="45.927551" lon="-74.401559"></trkpt>
<trkpt lat="45.926476" lon="-74.398001"></trkpt>
<trkpt lat="45.926111" lon="-74.397060"></trkpt>
<trkpt lat="45.925523" lon="-74.395951"></trkpt>
<trkpt lat="45.924730" lon="-74.394526"></trkpt>
<trkpt lat="45.923990" lon="-74.393200"></trkpt>
<trkpt lat="45.923618" lon="-74.392533"></trkpt>
<trkpt lat="45.923546" lon="-74.392404"></trkpt>
<trkpt lat="45.923090" lon="-74.391602"></trkpt>
<trkpt lat="45.923546" lon="-74.392404"></trkpt>
<trkpt lat="45.923090" lon="-74.391602"></trkpt>
<trkpt lat="45.921984" lon="-74.389569"></trkpt>
<trkpt lat="45.921330" lon="-74.388367"></trkpt>
<trkpt lat="45.920987" lon="-74.387549"></trkpt>
<trkpt lat="45.920896" lon="-74.387238"></trkpt>
<trkpt lat="45.920854" lon="-74.387094"></trkpt>
<trkpt lat="45.920731" lon="-74.386406"></trkpt>
<trkpt lat="45.920435" lon="-74.382974"></trkpt>
<trkpt lat="45.920309" lon="-74.381899"></trkpt>
<trkpt lat="45.920119" lon="-74.380830"></trkpt>
<trkpt lat="45.919892" lon="-74.379995"></trkpt>
<trkpt lat="45.918905" lon="-74.377517"></trkpt>
<trkpt lat="45.918014" lon="-74.375531"></trkpt>
<trkpt lat="45.917434" lon="-74.374478"></trkpt>
<trkpt lat="45.916179" lon="-74.372587"></trkpt>
<trkpt lat="45.915858" lon="-74.371933"></trkpt>
<trkpt lat="45.915631" lon="-74.371214"></trkpt>
<trkpt lat="45.915430" lon="-74.370133"></trkpt>
<trkpt lat="45.915073" lon="-74.365879"></trkpt>
<trkpt lat="45.914932" lon="-74.364428"></trkpt>
<trkpt lat="45.914591" lon="-74.362745"></trkpt>
<trkpt lat="45.914260" lon="-74.361363"></trkpt>
<trkpt lat="45.913824" lon="-74.359738"></trkpt>
<trkpt lat="45.913382" lon="-74.358640"></trkpt>
<trkpt lat="45.913148" lon="-74.358115"></trkpt>
<trkpt lat="45.912863" lon="-74.357586"></trkpt>
<trkpt lat="45.912398" lon="-74.357008"></trkpt>
<trkpt lat="45.911795" lon="-74.356390"></trkpt>
<trkpt lat="45.911211" lon="-74.355877"></trkpt>
<trkpt lat="45.910802" lon="-74.355438"></trkpt>
<trkpt lat="45.910593" lon="-74.355052"></trkpt>
<trkpt lat="45.910365" lon="-74.354373"></trkpt>
<trkpt lat="45.910279" lon="-74.353495"></trkpt>
<trkpt lat="45.910225" lon="-74.352944"></trkpt>
<trkpt lat="45.910234" lon="-74.351721"></trkpt>
<trkpt lat="45.910294" lon="-74.351112"></trkpt>
<trkpt lat="45.910651" lon="-74.348767"></trkpt>
<trkpt lat="45.910695" lon="-74.347551"></trkpt>
<trkpt lat="45.910609" lon="-74.346065"></trkpt>
<trkpt lat="45.910511" lon="-74.345506"></trkpt>
<trkpt lat="45.910125" lon="-74.343827"></trkpt>
<trkpt lat="45.909685" lon="-74.343785"></trkpt>
<trkpt lat="45.908260" lon="-74.343476"></trkpt>
<trkpt lat="45.907401" lon="-74.343165"></trkpt>
<trkpt lat="45.906898" lon="-74.343070"></trkpt>
<trkpt lat="45.905792" lon="-74.343085"></trkpt>
<trkpt lat="45.904996" lon="-74.342841"></trkpt>
<trkpt lat="45.904629" lon="-74.342772"></trkpt>
<trkpt lat="45.904378" lon="-74.342767"></trkpt>
<trkpt lat="45.904080" lon="-74.342894"></trkpt>
<trkpt lat="45.903870" lon="-74.343108"></trkpt>
<trkpt lat="45.903282" lon="-74.343899"></trkpt>
<trkpt lat="45.902912" lon="-74.344224"></trkpt>
<trkpt lat="45.902234" lon="-74.344573"></trkpt>
<trkpt lat="45.901835" lon="-74.344734"></trkpt>
<trkpt lat="45.901455" lon="-74.344802"></trkpt>
<trkpt lat="45.901080" lon="-74.344787"></trkpt>
<trkpt lat="45.899886" lon="-74.344658"></trkpt>
<trkpt lat="45.899183" lon="-74.344696"></trkpt>
<trkpt lat="45.898632" lon="-74.344819"></trkpt>
<trkpt lat="45.897723" lon="-74.345270"></trkpt>
<trkpt lat="45.897407" lon="-74.345503"></trkpt>
<trkpt lat="45.896959" lon="-74.346172"></trkpt>
<trkpt lat="45.896810" lon="-74.346318"></trkpt>
<trkpt lat="45.896694" lon="-74.346334"></trkpt>
<trkpt lat="45.896581" lon="-74.346304"></trkpt>
<trkpt lat="45.896487" lon="-74.346240"></trkpt>
<trkpt lat="45.896320" lon="-74.346061"></trkpt>
<trkpt lat="45.895784" lon="-74.345603"></trkpt>
<trkpt lat="45.895521" lon="-74.345467"></trkpt>
<trkpt lat="45.895330" lon="-74.345408"></trkpt>
<trkpt lat="45.894553" lon="-74.345348"></trkpt>
<trkpt lat="45.894249" lon="-74.345402"></trkpt>
<trkpt lat="45.894068" lon="-74.345510"></trkpt>
<trkpt lat="45.893916" lon="-74.345651"></trkpt>
<trkpt lat="45.893384" lon="-74.346349"></trkpt>
<trkpt lat="45.893206" lon="-74.346474"></trkpt>
<trkpt lat="45.892658" lon="-74.346739"></trkpt>
<trkpt lat="45.891990" lon="-74.346137"></trkpt>
<trkpt lat="45.891869" lon="-74.345985"></trkpt>
<trkpt lat="45.891551" lon="-74.345408"></trkpt>
<trkpt lat="45.891454" lon="-74.345302"></trkpt>
<trkpt lat="45.891360" lon="-74.345245"></trkpt>
<trkpt lat="45.891227" lon="-74.345226"></trkpt>
<trkpt lat="45.891003" lon="-74.345333"></trkpt>
<trkpt lat="45.890848" lon="-74.345466"></trkpt>
<trkpt lat="45.890493" lon="-74.345905"></trkpt>
<trkpt lat="45.890297" lon="-74.346084"></trkpt>
<trkpt lat="45.890109" lon="-74.346178"></trkpt>
<trkpt lat="45.889972" lon="-74.346195"></trkpt>
<trkpt lat="45.889704" lon="-74.346054"></trkpt>
<trkpt lat="45.889281" lon="-74.345698"></trkpt>
<trkpt lat="45.889139" lon="-74.345519"></trkpt>
<trkpt lat="45.888621" lon="-74.344644"></trkpt>
<trkpt lat="45.888452" lon="-74.344403"></trkpt>
<trkpt lat="45.887784" lon="-74.343395"></trkpt>
<trkpt lat="45.887272" lon="-74.342647"></trkpt>
<trkpt lat="45.887207" lon="-74.342547"></trkpt>
<trkpt lat="45.887171" lon="-74.342491"></trkpt>
<trkpt lat="45.886919" lon="-74.342123"></trkpt>
<trkpt lat="45.886566" lon="-74.341527"></trkpt>
<trkpt lat="45.886448" lon="-74.341281"></trkpt>
<trkpt lat="45.886375" lon="-74.341041"></trkpt>
<trkpt lat="45.886365" lon="-74.340805"></trkpt>
<trkpt lat="45.886463" lon="-74.339911"></trkpt>
<trkpt lat="45.886528" lon="-74.339727"></trkpt>
<trkpt lat="45.887212" lon="-74.338672"></trkpt>
<trkpt lat="45.887555" lon="-74.338141"></trkpt>
<trkpt lat="45.887791" lon="-74.337874"></trkpt>
<trkpt lat="45.887923" lon="-74.337770"></trkpt>
<trkpt lat="45.888144" lon="-74.337653"></trkpt>
<trkpt lat="45.888580" lon="-74.337536"></trkpt>
<trkpt lat="45.888755" lon="-74.337523"></trkpt>
<trkpt lat="45.889227" lon="-74.337385"></trkpt>
<trkpt lat="45.889541" lon="-74.337113"></trkpt>
<trkpt lat="45.891127" lon="-74.335321"></trkpt>
<trkpt lat="45.891668" lon="-74.334907"></trkpt>
<trkpt lat="45.892037" lon="-74.334659"></trkpt>
<trkpt lat="45.892241" lon="-74.334581"></trkpt>
<trkpt lat="45.892417" lon="-74.334558"></trkpt>
<trkpt lat="45.892592" lon="-74.334585"></trkpt>
<trkpt lat="45.892778" lon="-74.334673"></trkpt>
<trkpt lat="45.893555" lon="-74.335163"></trkpt>
<trkpt lat="45.893923" lon="-74.335295"></trkpt>
<trkpt lat="45.894300" lon="-74.335312"></trkpt>
<trkpt lat="45.894539" lon="-74.335217"></trkpt>
<trkpt lat="45.894790" lon="-74.334969"></trkpt>
<trkpt lat="45.895522" lon="-74.333189"></trkpt>
<trkpt lat="45.895788" lon="-74.332862"></trkpt>
<trkpt lat="45.896152" lon="-74.332546"></trkpt>
<trkpt lat="45.896567" lon="-74.332245"></trkpt>
<trkpt lat="45.897108" lon="-74.331949"></trkpt>
<trkpt lat="45.897735" lon="-74.331777"></trkpt>
<trkpt lat="45.898129" lon="-74.331507"></trkpt>
<trkpt lat="45.898308" lon="-74.331313"></trkpt>
<trkpt lat="45.898446" lon="-74.331078"></trkpt>
<trkpt lat="45.898526" lon="-74.330758"></trkpt>
<trkpt lat="45.898593" lon="-74.329877"></trkpt>
<trkpt lat="45.898540" lon="-74.329234"></trkpt>
<trkpt lat="45.898558" lon="-74.328740"></trkpt>
<trkpt lat="45.898672" lon="-74.328281"></trkpt>
<trkpt lat="45.898917" lon="-74.327675"></trkpt>
<trkpt lat="45.899076" lon="-74.327224"></trkpt>
<trkpt lat="45.900032" lon="-74.325506"></trkpt>
<trkpt lat="45.900170" lon="-74.325139"></trkpt>
<trkpt lat="45.900241" lon="-74.324799"></trkpt>
<trkpt lat="45.900234" lon="-74.324143"></trkpt>
<trkpt lat="45.900181" lon="-74.323576"></trkpt>
<trkpt lat="45.900002" lon="-74.323019"></trkpt>
<trkpt lat="45.899963" lon="-74.322801"></trkpt>
<trkpt lat="45.900008" lon="-74.322538"></trkpt>
<trkpt lat="45.900236" lon="-74.321696"></trkpt>
<trkpt lat="45.900270" lon="-74.321477"></trkpt>
<trkpt lat="45.900450" lon="-74.320358"></trkpt>
<trkpt lat="45.900509" lon="-74.319156"></trkpt>
<trkpt lat="45.900548" lon="-74.318757"></trkpt>
<trkpt lat="45.900629" lon="-74.317911"></trkpt>
<trkpt lat="45.900838" lon="-74.316924"></trkpt>
<trkpt lat="45.900959" lon="-74.316525"></trkpt>
<trkpt lat="45.901107" lon="-74.316238"></trkpt>
<trkpt lat="45.901441" lon="-74.315903"></trkpt>
<trkpt lat="45.901640" lon="-74.315789"></trkpt>
<trkpt lat="45.902605" lon="-74.315359"></trkpt>
<trkpt lat="45.903112" lon="-74.315195"></trkpt>
<trkpt lat="45.903599" lon="-74.314978"></trkpt>
<trkpt lat="45.904029" lon="-74.314649"></trkpt>
<trkpt lat="45.904501" lon="-74.314111"></trkpt>
<trkpt lat="45.904153" lon="-74.311045"></trkpt>
<trkpt lat="45.903705" lon="-74.307483"></trkpt>
<trkpt lat="45.903684" lon="-74.306722"></trkpt>
<trkpt lat="45.903730" lon="-74.305974"></trkpt>
<trkpt lat="45.903834" lon="-74.305442"></trkpt>
<trkpt lat="45.904108" lon="-74.304501"></trkpt>
<trkpt lat="45.905445" lon="-74.301103"></trkpt>
<trkpt lat="45.906631" lon="-74.297656"></trkpt>
<trkpt lat="45.907139" lon="-74.296711"></trkpt>
<trkpt lat="45.907677" lon="-74.295810"></trkpt>
<trkpt lat="45.907852" lon="-74.295568"></trkpt>
<trkpt lat="45.908932" lon="-74.294179"></trkpt>
<trkpt lat="45.909170" lon="-74.293750"></trkpt>
<trkpt lat="45.909338" lon="-74.293372"></trkpt>
<trkpt lat="45.909484" lon="-74.292941"></trkpt>
<trkpt lat="45.909545" lon="-74.292492"></trkpt>
<trkpt lat="45.909548" lon="-74.292085"></trkpt>
<trkpt lat="45.909450" lon="-74.290350"></trkpt>
<trkpt lat="45.909384" lon="-74.289222"></trkpt>
<trkpt lat="45.909319" lon="-74.288277"></trkpt>
<trkpt lat="45.909282" lon="-74.287725"></trkpt>
<trkpt lat="45.909078" lon="-74.286096"></trkpt>
<trkpt lat="45.908671" lon="-74.284284"></trkpt>
<trkpt lat="45.908591" lon="-74.283768"></trkpt>
<trkpt lat="45.908559" lon="-74.283295"></trkpt>
<trkpt lat="45.908572" lon="-74.282764"></trkpt>
<trkpt lat="45.908638" lon="-74.281853"></trkpt>
<trkpt lat="45.908862" lon="-74.279567"></trkpt>
<trkpt lat="45.908925" lon="-74.278924"></trkpt>
<trkpt lat="45.909023" lon="-74.278334"></trkpt>
<trkpt lat="45.909320" lon="-74.276839"></trkpt>
<trkpt lat="45.910720" lon="-74.270429"></trkpt>
<trkpt lat="45.910764" lon="-74.269706"></trkpt>
<trkpt lat="45.910752" lon="-74.269117"></trkpt>
<trkpt lat="45.910683" lon="-74.268463"></trkpt>
<trkpt lat="45.910513" lon="-74.267615"></trkpt>
<trkpt lat="45.909937" lon="-74.265167"></trkpt>
<trkpt lat="45.909629" lon="-74.263921"></trkpt>
<trkpt lat="45.909177" lon="-74.262097"></trkpt>
<trkpt lat="45.908741" lon="-74.260333"></trkpt>
<trkpt lat="45.907636" lon="-74.255569"></trkpt>
<trkpt lat="45.907501" lon="-74.255620"></trkpt>
<trkpt lat="45.907384" lon="-74.255616"></trkpt>
<trkpt lat="45.907297" lon="-74.255544"></trkpt>
<trkpt lat="45.906536" lon="-74.254495"></trkpt>
<trkpt lat="45.906126" lon="-74.253839"></trkpt>
<trkpt lat="45.906011" lon="-74.253714"></trkpt>
<trkpt lat="45.905891" lon="-74.253677"></trkpt>
<trkpt lat="45.904397" lon="-74.253738"></trkpt>
<trkpt lat="45.903991" lon="-74.253807"></trkpt>
<trkpt lat="45.903809" lon="-74.253876"></trkpt>
<trkpt lat="45.903105" lon="-74.254436"></trkpt>
<trkpt lat="45.902917" lon="-74.254499"></trkpt>
<trkpt lat="45.902758" lon="-74.254478"></trkpt>
<trkpt lat="45.902615" lon="-74.254411"></trkpt>
<trkpt lat="45.902436" lon="-74.254253"></trkpt>
<trkpt lat="45.902115" lon="-74.253792"></trkpt>
<trkpt lat="45.901592" lon="-74.253044"></trkpt>
<trkpt lat="45.901170" lon="-74.252484"></trkpt>
<trkpt lat="45.900782" lon="-74.251969"></trkpt>
<trkpt lat="45.900557" lon="-74.251671"></trkpt>
<trkpt lat="45.900508" lon="-74.251605"></trkpt>
<trkpt lat="45.900348" lon="-74.251394"></trkpt>
<trkpt lat="45.900312" lon="-74.251346"></trkpt>
<trkpt lat="45.900272" lon="-74.251294"></trkpt>
<trkpt lat="45.900153" lon="-74.251143"></trkpt>
<trkpt lat="45.899987" lon="-74.250933"></trkpt>
<trkpt lat="45.899459" lon="-74.250262"></trkpt>
<trkpt lat="45.899289" lon="-74.250046"></trkpt>
<trkpt lat="45.898928" lon="-74.249588"></trkpt>
<trkpt lat="45.898187" lon="-74.248646"></trkpt>
<trkpt lat="45.898077" lon="-74.248552"></trkpt>
<trkpt lat="45.897958" lon="-74.248503"></trkpt>
<trkpt lat="45.897458" lon="-74.248525"></trkpt>
<trkpt lat="45.896758" lon="-74.248269"></trkpt>
<trkpt lat="45.896256" lon="-74.248165"></trkpt>
<trkpt lat="45.895432" lon="-74.248231"></trkpt>
<trkpt lat="45.895102" lon="-74.248172"></trkpt>
<trkpt lat="45.894823" lon="-74.248025"></trkpt>
<trkpt lat="45.894599" lon="-74.247753"></trkpt>
<trkpt lat="45.894518" lon="-74.247422"></trkpt>
<trkpt lat="45.894572" lon="-74.246616"></trkpt>
<trkpt lat="45.894526" lon="-74.245931"></trkpt>
<trkpt lat="45.894596" lon="-74.245425"></trkpt>
<trkpt lat="45.895061" lon="-74.243833"></trkpt>
<trkpt lat="45.895140" lon="-74.243502"></trkpt>
<trkpt lat="45.895148" lon="-74.243365"></trkpt>
<trkpt lat="45.895137" lon="-74.243228"></trkpt>
<trkpt lat="45.894925" lon="-74.242495"></trkpt>
<trkpt lat="45.894853" lon="-74.242313"></trkpt>
<trkpt lat="45.894825" lon="-74.242244"></trkpt>
<trkpt lat="45.894690" lon="-74.242077"></trkpt>
<trkpt lat="45.894374" lon="-74.241825"></trkpt>
<trkpt lat="45.894137" lon="-74.241532"></trkpt>
<trkpt lat="45.893948" lon="-74.241282"></trkpt>
<trkpt lat="45.893591" lon="-74.240760"></trkpt>
<trkpt lat="45.892958" lon="-74.239983"></trkpt>
<trkpt lat="45.891994" lon="-74.238785"></trkpt>
<trkpt lat="45.891593" lon="-74.238190"></trkpt>
<trkpt lat="45.891246" lon="-74.237665"></trkpt>
<trkpt lat="45.891103" lon="-74.237500"></trkpt>
<trkpt lat="45.890993" lon="-74.237418"></trkpt>
<trkpt lat="45.890898" lon="-74.237407"></trkpt>
<trkpt lat="45.890841" lon="-74.237440"></trkpt>
<trkpt lat="45.890218" lon="-74.238106"></trkpt>
<trkpt lat="45.889810" lon="-74.238494"></trkpt>
<trkpt lat="45.889132" lon="-74.239056"></trkpt>
<trkpt lat="45.888964" lon="-74.239113"></trkpt>
<trkpt lat="45.888808" lon="-74.239114"></trkpt>
<trkpt lat="45.888621" lon="-74.239065"></trkpt>
<trkpt lat="45.888436" lon="-74.238945"></trkpt>
<trkpt lat="45.888207" lon="-74.238731"></trkpt>
<trkpt lat="45.887769" lon="-74.238149"></trkpt>
<trkpt lat="45.887594" lon="-74.237999"></trkpt>
<trkpt lat="45.887443" lon="-74.237939"></trkpt>
<trkpt lat="45.886760" lon="-74.237969"></trkpt>
<trkpt lat="45.886354" lon="-74.237804"></trkpt>
<trkpt lat="45.886243" lon="-74.237798"></trkpt>
<trkpt lat="45.885402" lon="-74.238262"></trkpt>
<trkpt lat="45.884580" lon="-74.238853"></trkpt>
<trkpt lat="45.884216" lon="-74.238999"></trkpt>
<trkpt lat="45.883890" lon="-74.239099"></trkpt>
<trkpt lat="45.882881" lon="-74.239253"></trkpt>
<trkpt lat="45.879622" lon="-74.239253"></trkpt>
<trkpt lat="45.879107" lon="-74.239341"></trkpt>
<trkpt lat="45.878636" lon="-74.239464"></trkpt>
<trkpt lat="45.877882" lon="-74.239798"></trkpt>
<trkpt lat="45.877690" lon="-74.239790"></trkpt>
<trkpt lat="45.877577" lon="-74.239701"></trkpt>
<trkpt lat="45.877155" lon="-74.239168"></trkpt>
<trkpt lat="45.877020" lon="-74.239053"></trkpt>
<trkpt lat="45.876863" lon="-74.239023"></trkpt>
<trkpt lat="45.876742" lon="-74.239069"></trkpt>
<trkpt lat="45.875340" lon="-74.241100"></trkpt>
<trkpt lat="45.873315" lon="-74.243900"></trkpt>
<trkpt lat="45.873206" lon="-74.243874"></trkpt>
<trkpt lat="45.872989" lon="-74.243735"></trkpt>
<trkpt lat="45.872518" lon="-74.243382"></trkpt>
<trkpt lat="45.872302" lon="-74.243292"></trkpt>
<trkpt lat="45.872125" lon="-74.243325"></trkpt>
<trkpt lat="45.871756" lon="-74.243589"></trkpt>
<trkpt lat="45.871624" lon="-74.243621"></trkpt>
<trkpt lat="45.871492" lon="-74.243525"></trkpt>
<trkpt lat="45.870284" lon="-74.241755"></trkpt>
<trkpt lat="45.870225" lon="-74.241664"></trkpt>
<trkpt lat="45.869735" lon="-74.240908"></trkpt>
<trkpt lat="45.869482" lon="-74.240518"></trkpt>
<trkpt lat="45.869087" lon="-74.239910"></trkpt>
<trkpt lat="45.868725" lon="-74.239399"></trkpt>
<trkpt lat="45.868380" lon="-74.239385"></trkpt>
<trkpt lat="45.867990" lon="-74.239378"></trkpt>
<trkpt lat="45.867820" lon="-74.239459"></trkpt>
<trkpt lat="45.867005" lon="-74.240135"></trkpt>
<trkpt lat="45.866635" lon="-74.240403"></trkpt>
<trkpt lat="45.865718" lon="-74.240956"></trkpt>
<trkpt lat="45.865178" lon="-74.241320"></trkpt>
<trkpt lat="45.864326" lon="-74.241798"></trkpt>
<trkpt lat="45.863292" lon="-74.242314"></trkpt>
<trkpt lat="45.862163" lon="-74.243031"></trkpt>
<trkpt lat="45.861775" lon="-74.243428"></trkpt>
<trkpt lat="45.861502" lon="-74.243825"></trkpt>
<trkpt lat="45.861353" lon="-74.244190"></trkpt>
<trkpt lat="45.861106" lon="-74.245043"></trkpt>
<trkpt lat="45.860788" lon="-74.245869"></trkpt>
<trkpt lat="45.860628" lon="-74.246143"></trkpt>
<trkpt lat="45.860236" lon="-74.246590"></trkpt>
<trkpt lat="45.860112" lon="-74.246722"></trkpt>
<trkpt lat="45.859783" lon="-74.247098"></trkpt>
<trkpt lat="45.859668" lon="-74.247162"></trkpt>
<trkpt lat="45.858487" lon="-74.247586"></trkpt>
<trkpt lat="45.857710" lon="-74.247768"></trkpt>
<trkpt lat="45.857153" lon="-74.247806"></trkpt>
<trkpt lat="45.856630" lon="-74.247725"></trkpt>
<trkpt lat="45.856148" lon="-74.247597"></trkpt>
<trkpt lat="45.855480" lon="-74.247559"></trkpt>
<trkpt lat="45.855143" lon="-74.247570"></trkpt>
<trkpt lat="45.854735" lon="-74.247514"></trkpt>
<trkpt lat="45.854426" lon="-74.247414"></trkpt>
<trkpt lat="45.853634" lon="-74.247044"></trkpt>
<trkpt lat="45.853301" lon="-74.246990"></trkpt>
<trkpt lat="45.853111" lon="-74.247006"></trkpt>
<trkpt lat="45.850350" lon="-74.247779"></trkpt>
<trkpt lat="45.849705" lon="-74.247994"></trkpt>
<trkpt lat="45.848649" lon="-74.248276"></trkpt>
<trkpt lat="45.847505" lon="-74.248616"></trkpt>
<trkpt lat="45.846094" lon="-74.249056"></trkpt>
<trkpt lat="45.845585" lon="-74.249196"></trkpt>
<trkpt lat="45.845095" lon="-74.249266"></trkpt>
<trkpt lat="45.844890" lon="-74.248512"></trkpt>
<trkpt lat="45.844553" lon="-74.247478"></trkpt>
<trkpt lat="45.844213" lon="-74.246178"></trkpt>
<trkpt lat="45.844030" lon="-74.245867"></trkpt>
<trkpt lat="45.843880" lon="-74.245711"></trkpt>
<trkpt lat="45.843750" lon="-74.245576"></trkpt>
<trkpt lat="45.843539" lon="-74.245347"></trkpt>
<trkpt lat="45.843345" lon="-74.245084"></trkpt>
<trkpt lat="45.843014" lon="-74.244221"></trkpt>
<trkpt lat="45.842202" lon="-74.242802"></trkpt>
<trkpt lat="45.841612" lon="-74.241495"></trkpt>
<trkpt lat="45.841479" lon="-74.241099"></trkpt>
<trkpt lat="45.841156" lon="-74.240141"></trkpt>
<trkpt lat="45.840765" lon="-74.239221"></trkpt>
<trkpt lat="45.840606" lon="-74.238419"></trkpt>
<trkpt lat="45.840499" lon="-74.237837"></trkpt>
<trkpt lat="45.840306" lon="-74.237312"></trkpt>
<trkpt lat="45.839797" lon="-74.236205"></trkpt>
<trkpt lat="45.839637" lon="-74.235942"></trkpt>
<trkpt lat="45.838855" lon="-74.234857"></trkpt>
<trkpt lat="45.838383" lon="-74.233918"></trkpt>
<trkpt lat="45.838247" lon="-74.233526"></trkpt>
<trkpt lat="45.837469" lon="-74.230437"></trkpt>
<trkpt lat="45.837316" lon="-74.229602"></trkpt>
<trkpt lat="45.837208" lon="-74.228818"></trkpt>
<trkpt lat="45.837180" lon="-74.228101"></trkpt>
<trkpt lat="45.837083" lon="-74.227597"></trkpt>
<trkpt lat="45.836882" lon="-74.226863"></trkpt>
<trkpt lat="45.836776" lon="-74.226600"></trkpt>
<trkpt lat="45.836613" lon="-74.226391"></trkpt>
<trkpt lat="45.836259" lon="-74.226072"></trkpt>
<trkpt lat="45.836130" lon="-74.225861"></trkpt>
<trkpt lat="45.836039" lon="-74.225654"></trkpt>
<trkpt lat="45.836002" lon="-74.225413"></trkpt>
<trkpt lat="45.835985" lon="-74.224942"></trkpt>
<trkpt lat="45.836047" lon="-74.224561"></trkpt>
<trkpt lat="45.836202" lon="-74.224100"></trkpt>
<trkpt lat="45.836815" lon="-74.222709"></trkpt>
<trkpt lat="45.836986" lon="-74.222165"></trkpt>
<trkpt lat="45.837052" lon="-74.221683"></trkpt>
<trkpt lat="45.837043" lon="-74.221236"></trkpt>
<trkpt lat="45.836968" lon="-74.220567"></trkpt>
<trkpt lat="45.836954" lon="-74.220171"></trkpt>
<trkpt lat="45.837036" lon="-74.219522"></trkpt>
<trkpt lat="45.837003" lon="-74.219235"></trkpt>
<trkpt lat="45.836871" lon="-74.218847"></trkpt>
<trkpt lat="45.836510" lon="-74.218104"></trkpt>
<trkpt lat="45.835782" lon="-74.216850"></trkpt>
<trkpt lat="45.834584" lon="-74.214785"></trkpt>
<trkpt lat="45.834428" lon="-74.214466"></trkpt>
<trkpt lat="45.834374" lon="-74.214227"></trkpt>
<trkpt lat="45.834368" lon="-74.213765"></trkpt>
<trkpt lat="45.834423" lon="-74.212881"></trkpt>
<trkpt lat="45.834375" lon="-74.212467"></trkpt>
<trkpt lat="45.834246" lon="-74.212187"></trkpt>
<trkpt lat="45.834094" lon="-74.212019"></trkpt>
<trkpt lat="45.833761" lon="-74.211762"></trkpt>
<trkpt lat="45.833049" lon="-74.211518"></trkpt>
<trkpt lat="45.832921" lon="-74.211448"></trkpt>
<trkpt lat="45.832760" lon="-74.211309"></trkpt>
<trkpt lat="45.832369" lon="-74.210875"></trkpt>
<trkpt lat="45.831910" lon="-74.210364"></trkpt>
<trkpt lat="45.831624" lon="-74.209978"></trkpt>
<trkpt lat="45.830976" lon="-74.209268"></trkpt>
<trkpt lat="45.830574" lon="-74.208824"></trkpt>
<trkpt lat="45.830363" lon="-74.208538"></trkpt>
<trkpt lat="45.830193" lon="-74.208337"></trkpt>
<trkpt lat="45.829680" lon="-74.207875"></trkpt>
<trkpt lat="45.829295" lon="-74.207409"></trkpt>
<trkpt lat="45.828949" lon="-74.206827"></trkpt>
<trkpt lat="45.828570" lon="-74.206251"></trkpt>
<trkpt lat="45.828332" lon="-74.205928"></trkpt>
<trkpt lat="45.827915" lon="-74.205387"></trkpt>
<trkpt lat="45.827737" lon="-74.205043"></trkpt>
<trkpt lat="45.827528" lon="-74.204465"></trkpt>
<trkpt lat="45.827434" lon="-74.203853"></trkpt>
<trkpt lat="45.827261" lon="-74.201927"></trkpt>
<trkpt lat="45.827099" lon="-74.200711"></trkpt>
<trkpt lat="45.827057" lon="-74.200029"></trkpt>
<trkpt lat="45.827079" lon="-74.199642"></trkpt>
<trkpt lat="45.827138" lon="-74.199335"></trkpt>
<trkpt lat="45.827431" lon="-74.198597"></trkpt>
<trkpt lat="45.827590" lon="-74.198097"></trkpt>
<trkpt lat="45.827661" lon="-74.197834"></trkpt>
<trkpt lat="45.827685" lon="-74.197607"></trkpt>
<trkpt lat="45.827675" lon="-74.197086"></trkpt>
<trkpt lat="45.827554" lon="-74.196659"></trkpt>
<trkpt lat="45.827120" lon="-74.195834"></trkpt>
<trkpt lat="45.827049" lon="-74.195602"></trkpt>
<trkpt lat="45.826996" lon="-74.195295"></trkpt>
<trkpt lat="45.826989" lon="-74.194915"></trkpt>
<trkpt lat="45.827022" lon="-74.194241"></trkpt>
<trkpt lat="45.827070" lon="-74.193617"></trkpt>
<trkpt lat="45.827370" lon="-74.192168"></trkpt>
<trkpt lat="45.827373" lon="-74.191869"></trkpt>
<trkpt lat="45.827308" lon="-74.191495"></trkpt>
<trkpt lat="45.827198" lon="-74.191282"></trkpt>
<trkpt lat="45.827087" lon="-74.191129"></trkpt>
<trkpt lat="45.826929" lon="-74.191010"></trkpt>
<trkpt lat="45.826570" lon="-74.190838"></trkpt>
<trkpt lat="45.826373" lon="-74.190811"></trkpt>
<trkpt lat="45.826116" lon="-74.190844"></trkpt>
<trkpt lat="45.825892" lon="-74.190896"></trkpt>
<trkpt lat="45.824829" lon="-74.191261"></trkpt>
<trkpt lat="45.824339" lon="-74.191301"></trkpt>
<trkpt lat="45.823669" lon="-74.191267"></trkpt>
<trkpt lat="45.822418" lon="-74.191466"></trkpt>
<trkpt lat="45.821728" lon="-74.191682"></trkpt>
<trkpt lat="45.820768" lon="-74.192085"></trkpt>
<trkpt lat="45.819960" lon="-74.192228"></trkpt>
<trkpt lat="45.819493" lon="-74.192410"></trkpt>
<trkpt lat="45.819001" lon="-74.192521"></trkpt>
<trkpt lat="45.818639" lon="-74.192486"></trkpt>
<trkpt lat="45.818198" lon="-74.192333"></trkpt>
<trkpt lat="45.818049" lon="-74.192256"></trkpt>
<trkpt lat="45.817630" lon="-74.192041"></trkpt>
<trkpt lat="45.817391" lon="-74.191952"></trkpt>
<trkpt lat="45.817085" lon="-74.191931"></trkpt>
<trkpt lat="45.816693" lon="-74.191973"></trkpt>
<trkpt lat="45.816268" lon="-74.191957"></trkpt>
<trkpt lat="45.815887" lon="-74.191827"></trkpt>
<trkpt lat="45.815350" lon="-74.191513"></trkpt>
<trkpt lat="45.814846" lon="-74.191267"></trkpt>
<trkpt lat="45.814219" lon="-74.190808"></trkpt>
<trkpt lat="45.814086" lon="-74.190636"></trkpt>
<trkpt lat="45.813967" lon="-74.190433"></trkpt>
<trkpt lat="45.813801" lon="-74.190026"></trkpt>
<trkpt lat="45.813620" lon="-74.189379"></trkpt>
<trkpt lat="45.813381" lon="-74.188692"></trkpt>
<trkpt lat="45.813016" lon="-74.187871"></trkpt>
<trkpt lat="45.812581" lon="-74.187276"></trkpt>
<trkpt lat="45.812330" lon="-74.187082"></trkpt>
<trkpt lat="45.812124" lon="-74.187019"></trkpt>
<trkpt lat="45.811972" lon="-74.187091"></trkpt>
<trkpt lat="45.811406" lon="-74.187491"></trkpt>
<trkpt lat="45.811171" lon="-74.187583"></trkpt>
<trkpt lat="45.810907" lon="-74.187617"></trkpt>
<trkpt lat="45.810223" lon="-74.187560"></trkpt>
<trkpt lat="45.809489" lon="-74.187698"></trkpt>
<trkpt lat="45.809323" lon="-74.187671"></trkpt>
<trkpt lat="45.809177" lon="-74.187592"></trkpt>
<trkpt lat="45.809067" lon="-74.187483"></trkpt>
<trkpt lat="45.808976" lon="-74.187252"></trkpt>
<trkpt lat="45.808901" lon="-74.186782"></trkpt>
<trkpt lat="45.808775" lon="-74.185484"></trkpt>
<trkpt lat="45.808767" lon="-74.184669"></trkpt>
<trkpt lat="45.808723" lon="-74.184096"></trkpt>
<trkpt lat="45.808694" lon="-74.183968"></trkpt>
<trkpt lat="45.808372" lon="-74.183180"></trkpt>
<trkpt lat="45.808157" lon="-74.182796"></trkpt>
<trkpt lat="45.807779" lon="-74.182477"></trkpt>
<trkpt lat="45.807337" lon="-74.182214"></trkpt>
<trkpt lat="45.806965" lon="-74.182003"></trkpt>
<trkpt lat="45.806477" lon="-74.181548"></trkpt>
<trkpt lat="45.806396" lon="-74.181521"></trkpt>
<trkpt lat="45.806212" lon="-74.181631"></trkpt>
<trkpt lat="45.805842" lon="-74.181053"></trkpt>
<trkpt lat="45.805249" lon="-74.180350"></trkpt>
<trkpt lat="45.805089" lon="-74.180229"></trkpt>
<trkpt lat="45.804243" lon="-74.179907"></trkpt>
<trkpt lat="45.804000" lon="-74.179885"></trkpt>
<trkpt lat="45.803405" lon="-74.179957"></trkpt>
<trkpt lat="45.803121" lon="-74.179901"></trkpt>
<trkpt lat="45.801895" lon="-74.179497"></trkpt>
<trkpt lat="45.801481" lon="-74.179223"></trkpt>
<trkpt lat="45.801414" lon="-74.179159"></trkpt>
<trkpt lat="45.801268" lon="-74.179023"></trkpt>
<trkpt lat="45.801222" lon="-74.178978"></trkpt>
<trkpt lat="45.800889" lon="-74.178594"></trkpt>
<trkpt lat="45.800656" lon="-74.178248"></trkpt>
<trkpt lat="45.800493" lon="-74.177938"></trkpt>
<trkpt lat="45.800370" lon="-74.177618"></trkpt>
<trkpt lat="45.800208" lon="-74.176989"></trkpt>
<trkpt lat="45.799385" lon="-74.173101"></trkpt>
<trkpt lat="45.799217" lon="-74.172547"></trkpt>
<trkpt lat="45.799065" lon="-74.172230"></trkpt>
<trkpt lat="45.798831" lon="-74.171885"></trkpt>
<trkpt lat="45.798573" lon="-74.171614"></trkpt>
<trkpt lat="45.798210" lon="-74.171335"></trkpt>
<trkpt lat="45.797441" lon="-74.170817"></trkpt>
<trkpt lat="45.796111" lon="-74.169994"></trkpt>
<trkpt lat="45.795678" lon="-74.169572"></trkpt>
<trkpt lat="45.795453" lon="-74.169210"></trkpt>
<trkpt lat="45.795231" lon="-74.168789"></trkpt>
<trkpt lat="45.795068" lon="-74.168312"></trkpt>
<trkpt lat="45.794927" lon="-74.167609"></trkpt>
<trkpt lat="45.794901" lon="-74.167092"></trkpt>
<trkpt lat="45.794928" lon="-74.166618"></trkpt>
<trkpt lat="45.794978" lon="-74.166241"></trkpt>
<trkpt lat="45.795014" lon="-74.166076"></trkpt>
<trkpt lat="45.795102" lon="-74.165672"></trkpt>
<trkpt lat="45.795159" lon="-74.165183"></trkpt>
<trkpt lat="45.795146" lon="-74.164741"></trkpt>
<trkpt lat="45.795055" lon="-74.164340"></trkpt>
<trkpt lat="45.794782" lon="-74.163495"></trkpt>
<trkpt lat="45.794695" lon="-74.163102"></trkpt>
<trkpt lat="45.794657" lon="-74.162772"></trkpt>
<trkpt lat="45.794675" lon="-74.159963"></trkpt>
<trkpt lat="45.794811" lon="-74.158223"></trkpt>
<trkpt lat="45.794785" lon="-74.157700"></trkpt>
<trkpt lat="45.794675" lon="-74.157216"></trkpt>
<trkpt lat="45.794316" lon="-74.156186"></trkpt>
<trkpt lat="45.794221" lon="-74.155780"></trkpt>
<trkpt lat="45.794165" lon="-74.155065"></trkpt>
<trkpt lat="45.794110" lon="-74.154809"></trkpt>
<trkpt lat="45.793713" lon="-74.153740"></trkpt>
<trkpt lat="45.793564" lon="-74.153402"></trkpt>
<trkpt lat="45.793411" lon="-74.153124"></trkpt>
<trkpt lat="45.792472" lon="-74.151753"></trkpt>
<trkpt lat="45.792213" lon="-74.151139"></trkpt>
<trkpt lat="45.792104" lon="-74.150796"></trkpt>
<trkpt lat="45.792029" lon="-74.150287"></trkpt>
<trkpt lat="45.792077" lon="-74.148862"></trkpt>
<trkpt lat="45.792153" lon="-74.148175"></trkpt>
<trkpt lat="45.792716" lon="-74.144746"></trkpt>
<trkpt lat="45.792772" lon="-74.144210"></trkpt>
<trkpt lat="45.792752" lon="-74.143258"></trkpt>
<trkpt lat="45.792664" lon="-74.141960"></trkpt>
<trkpt lat="45.792604" lon="-74.141469"></trkpt>
<trkpt lat="45.792486" lon="-74.141026"></trkpt>
<trkpt lat="45.792327" lon="-74.140696"></trkpt>
<trkpt lat="45.792165" lon="-74.140508"></trkpt>
<trkpt lat="45.791525" lon="-74.139905"></trkpt>
<trkpt lat="45.791039" lon="-74.139222"></trkpt>
<trkpt lat="45.790901" lon="-74.139074"></trkpt>
<trkpt lat="45.790712" lon="-74.138915"></trkpt>
<trkpt lat="45.790277" lon="-74.138634"></trkpt>
<trkpt lat="45.790049" lon="-74.138382"></trkpt>
<trkpt lat="45.789880" lon="-74.138126"></trkpt>
<trkpt lat="45.789770" lon="-74.137767"></trkpt>
<trkpt lat="45.789558" lon="-74.136661"></trkpt>
<trkpt lat="45.789534" lon="-74.136351"></trkpt>
<trkpt lat="45.789552" lon="-74.136033"></trkpt>
<trkpt lat="45.789601" lon="-74.135732"></trkpt>
<trkpt lat="45.789676" lon="-74.135454"></trkpt>
<trkpt lat="45.790056" lon="-74.134574"></trkpt>
<trkpt lat="45.790103" lon="-74.134388"></trkpt>
<trkpt lat="45.790159" lon="-74.134115"></trkpt>
<trkpt lat="45.790387" lon="-74.132182"></trkpt>
<trkpt lat="45.790396" lon="-74.131801"></trkpt>
<trkpt lat="45.790373" lon="-74.131414"></trkpt>
<trkpt lat="45.790310" lon="-74.130995"></trkpt>
<trkpt lat="45.789838" lon="-74.128874"></trkpt>
<trkpt lat="45.789772" lon="-74.128429"></trkpt>
<trkpt lat="45.789725" lon="-74.127709"></trkpt>
<trkpt lat="45.789590" lon="-74.127028"></trkpt>
<trkpt lat="45.789268" lon="-74.126063"></trkpt>
<trkpt lat="45.788705" lon="-74.123324"></trkpt>
<trkpt lat="45.788592" lon="-74.122901"></trkpt>
<trkpt lat="45.788469" lon="-74.122629"></trkpt>
<trkpt lat="45.787909" lon="-74.121872"></trkpt>
<trkpt lat="45.787826" lon="-74.121651"></trkpt>
<trkpt lat="45.787763" lon="-74.121382"></trkpt>
<trkpt lat="45.787724" lon="-74.121081"></trkpt>
<trkpt lat="45.787721" lon="-74.120738"></trkpt>
<trkpt lat="45.787833" lon="-74.119634"></trkpt>
<trkpt lat="45.787832" lon="-74.118039"></trkpt>
<trkpt lat="45.787942" lon="-74.116943"></trkpt>
<trkpt lat="45.787936" lon="-74.116486"></trkpt>
<trkpt lat="45.787845" lon="-74.115894"></trkpt>
<trkpt lat="45.787641" lon="-74.114871"></trkpt>
<trkpt lat="45.787552" lon="-74.114576"></trkpt>
<trkpt lat="45.787413" lon="-74.114287"></trkpt>
<trkpt lat="45.786752" lon="-74.113459"></trkpt>
<trkpt lat="45.786171" lon="-74.112392"></trkpt>
<trkpt lat="45.785677" lon="-74.111554"></trkpt>
<trkpt lat="45.785522" lon="-74.111172"></trkpt>
<trkpt lat="45.785137" lon="-74.109920"></trkpt>
<trkpt lat="45.784877" lon="-74.109229"></trkpt>
<trkpt lat="45.784597" lon="-74.108668"></trkpt>
<trkpt lat="45.784027" lon="-74.107749"></trkpt>
<trkpt lat="45.783469" lon="-74.107035"></trkpt>
<trkpt lat="45.783064" lon="-74.106405"></trkpt>
<trkpt lat="45.782906" lon="-74.106012"></trkpt>
<trkpt lat="45.782776" lon="-74.105540"></trkpt>
<trkpt lat="45.782441" lon="-74.103678"></trkpt>
<trkpt lat="45.782421" lon="-74.103280"></trkpt>
<trkpt lat="45.782444" lon="-74.102824"></trkpt>
<trkpt lat="45.782621" lon="-74.101683"></trkpt>
<trkpt lat="45.782744" lon="-74.100958"></trkpt>
<trkpt lat="45.783121" lon="-74.099509"></trkpt>
<trkpt lat="45.783354" lon="-74.098830"></trkpt>
<trkpt lat="45.783826" lon="-74.097183"></trkpt>
<trkpt lat="45.784089" lon="-74.095696"></trkpt>
<trkpt lat="45.784243" lon="-74.094412"></trkpt>
<trkpt lat="45.784510" lon="-74.092004"></trkpt>
<trkpt lat="45.784528" lon="-74.091662"></trkpt>
<trkpt lat="45.784512" lon="-74.091220"></trkpt>
<trkpt lat="45.784492" lon="-74.091053"></trkpt>
<trkpt lat="45.784410" lon="-74.090168"></trkpt>
<trkpt lat="45.785173" lon="-74.083654"></trkpt>
<trkpt lat="45.785323" lon="-74.082381"></trkpt>
<trkpt lat="45.785435" lon="-74.081419"></trkpt>
<trkpt lat="45.785623" lon="-74.079740"></trkpt>
<trkpt lat="45.786698" lon="-74.070133"></trkpt>
<trkpt lat="45.786747" lon="-74.069740"></trkpt>
<trkpt lat="45.786824" lon="-74.069392"></trkpt>
<trkpt lat="45.786935" lon="-74.069138"></trkpt>
<trkpt lat="45.787148" lon="-74.068817"></trkpt>
<trkpt lat="45.787150" lon="-74.068814"></trkpt>
<trkpt lat="45.787385" lon="-74.068603"></trkpt>
<trkpt lat="45.787872" lon="-74.068330"></trkpt>
<trkpt lat="45.788218" lon="-74.068119"></trkpt>
<trkpt lat="45.788373" lon="-74.067976"></trkpt>
<trkpt lat="45.788526" lon="-74.067781"></trkpt>
<trkpt lat="45.788677" lon="-74.067496"></trkpt>
<trkpt lat="45.788796" lon="-74.067095"></trkpt>
<trkpt lat="45.788885" lon="-74.066165"></trkpt>
<trkpt lat="45.789106" lon="-74.063412"></trkpt>
<trkpt lat="45.789155" lon="-74.062816"></trkpt>
<trkpt lat="45.789340" lon="-74.060381"></trkpt>
<trkpt lat="45.789502" lon="-74.058507"></trkpt>
<trkpt lat="45.789640" lon="-74.056905"></trkpt>
<trkpt lat="45.789747" lon="-74.055660"></trkpt>
<trkpt lat="45.789903" lon="-74.054164"></trkpt>
<trkpt lat="45.789859" lon="-74.053845"></trkpt>
<trkpt lat="45.789795" lon="-74.053684"></trkpt>
<trkpt lat="45.789705" lon="-74.053555"></trkpt>
<trkpt lat="45.789397" lon="-74.053389"></trkpt>
<trkpt lat="45.788812" lon="-74.053218"></trkpt>
<trkpt lat="45.788404" lon="-74.053119"></trkpt>
<trkpt lat="45.784394" lon="-74.052141"></trkpt>
<trkpt lat="45.782152" lon="-74.051610"></trkpt>
<trkpt lat="45.780551" lon="-74.051224"></trkpt>
<trkpt lat="45.778604" lon="-74.050754"></trkpt>
<trkpt lat="45.776781" lon="-74.050305"></trkpt>
<trkpt lat="45.776350" lon="-74.050147"></trkpt>
<trkpt lat="45.776124" lon="-74.050146"></trkpt>
<trkpt lat="45.776069" lon="-74.050248"></trkpt>
<trkpt lat="45.775960" lon="-74.050281"></trkpt>
<trkpt lat="45.775897" lon="-74.050241"></trkpt>
<trkpt lat="45.775853" lon="-74.050163"></trkpt>
<trkpt lat="45.775843" lon="-74.050115"></trkpt>
<trkpt lat="45.775688" lon="-74.049984"></trkpt>
<trkpt lat="45.775120" lon="-74.049780"></trkpt>
<trkpt lat="45.774247" lon="-74.049501"></trkpt>
<trkpt lat="45.773275" lon="-74.049310"></trkpt>
<trkpt lat="45.773192" lon="-74.049291"></trkpt>
<trkpt lat="45.772522" lon="-74.049135"></trkpt>
<trkpt lat="45.771850" lon="-74.049005"></trkpt>
<trkpt lat="45.770927" lon="-74.048769"></trkpt>
<trkpt lat="45.770833" lon="-74.048745"></trkpt>
<trkpt lat="45.767767" lon="-74.048025"></trkpt>
<trkpt lat="45.767478" lon="-74.047912"></trkpt>
<trkpt lat="45.767259" lon="-74.047740"></trkpt>
<trkpt lat="45.767028" lon="-74.047445"></trkpt>
<trkpt lat="45.766840" lon="-74.047010"></trkpt>
<trkpt lat="45.766671" lon="-74.046310"></trkpt>
<trkpt lat="45.766647" lon="-74.046212"></trkpt>
<trkpt lat="45.766253" lon="-74.044590"></trkpt>
<trkpt lat="45.765766" lon="-74.042351"></trkpt>
<trkpt lat="45.765493" lon="-74.041098"></trkpt>
<trkpt lat="45.765391" lon="-74.040823"></trkpt>
<trkpt lat="45.764935" lon="-74.040420"></trkpt>
<trkpt lat="45.763680" lon="-74.039179"></trkpt>
<trkpt lat="45.763585" lon="-74.039084"></trkpt>
<trkpt lat="45.763093" lon="-74.038325"></trkpt>
<trkpt lat="45.762938" lon="-74.037877"></trkpt>
<trkpt lat="45.762885" lon="-74.037572"></trkpt>
<trkpt lat="45.762875" lon="-74.037008"></trkpt>
<trkpt lat="45.762911" lon="-74.036619"></trkpt>
<trkpt lat="45.763147" lon="-74.034247"></trkpt>
<trkpt lat="45.763167" lon="-74.033475"></trkpt>
<trkpt lat="45.763132" lon="-74.032878"></trkpt>
<trkpt lat="45.763037" lon="-74.032316"></trkpt>
<trkpt lat="45.762883" lon="-74.031770"></trkpt>
<trkpt lat="45.762177" lon="-74.030248"></trkpt>
<trkpt lat="45.761794" lon="-74.029541"></trkpt>
<trkpt lat="45.761158" lon="-74.028580"></trkpt>
<trkpt lat="45.760452" lon="-74.027702"></trkpt>
<trkpt lat="45.760312" lon="-74.027447"></trkpt>
<trkpt lat="45.760250" lon="-74.027288"></trkpt>
<trkpt lat="45.760198" lon="-74.026997"></trkpt>
<trkpt lat="45.760219" lon="-74.026725"></trkpt>
<trkpt lat="45.760368" lon="-74.025995"></trkpt>
<trkpt lat="45.760354" lon="-74.025817"></trkpt>
<trkpt lat="45.760396" lon="-74.025536"></trkpt>
<trkpt lat="45.760313" lon="-74.025507"></trkpt>
<trkpt lat="45.760168" lon="-74.025421"></trkpt>
<trkpt lat="45.759424" lon="-74.025168"></trkpt>
<trkpt lat="45.759343" lon="-74.025131"></trkpt>
<trkpt lat="45.759259" lon="-74.025090"></trkpt>
<trkpt lat="45.759176" lon="-74.025044"></trkpt>
<trkpt lat="45.759064" lon="-74.024981"></trkpt>
<trkpt lat="45.758980" lon="-74.024927"></trkpt>
<trkpt lat="45.758603" lon="-74.024597"></trkpt>
<trkpt lat="45.758515" lon="-74.024499"></trkpt>
<trkpt lat="45.758231" lon="-74.024122"></trkpt>
<trkpt lat="45.758165" lon="-74.024012"></trkpt>
<trkpt lat="45.758007" lon="-74.023770"></trkpt>
<trkpt lat="45.757874" lon="-74.023560"></trkpt>
<trkpt lat="45.757781" lon="-74.023414"></trkpt>
<trkpt lat="45.757720" lon="-74.023319"></trkpt>
<trkpt lat="45.757644" lon="-74.023201"></trkpt>
<trkpt lat="45.757400" lon="-74.022818"></trkpt>
<trkpt lat="45.757339" lon="-74.022715"></trkpt>
<trkpt lat="45.757227" lon="-74.022544"></trkpt>
<trkpt lat="45.757156" lon="-74.022433"></trkpt>
<trkpt lat="45.757067" lon="-74.022289"></trkpt>
<trkpt lat="45.756940" lon="-74.022089"></trkpt>
<trkpt lat="45.756691" lon="-74.021701"></trkpt>
<trkpt lat="45.756667" lon="-74.021660"></trkpt>
<trkpt lat="45.756520" lon="-74.021432"></trkpt>
<trkpt lat="45.756496" lon="-74.021394"></trkpt>
<trkpt lat="45.756478" lon="-74.021364"></trkpt>
<trkpt lat="45.756330" lon="-74.021171"></trkpt>
<trkpt lat="45.756258" lon="-74.021088"></trkpt>
<trkpt lat="45.756185" lon="-74.020996"></trkpt>
<trkpt lat="45.756146" lon="-74.020941"></trkpt>
<trkpt lat="45.756175" lon="-74.020910"></trkpt>
<trkpt lat="45.756230" lon="-74.020859"></trkpt>
<trkpt lat="45.756276" lon="-74.020816"></trkpt>
<trkpt lat="45.757028" lon="-74.020190"></trkpt>
<trkpt lat="45.757757" lon="-74.019537"></trkpt>
<trkpt lat="45.758232" lon="-74.019097"></trkpt>
<trkpt lat="45.758658" lon="-74.018607"></trkpt>
<trkpt lat="45.758919" lon="-74.018365"></trkpt>
<trkpt lat="45.758958" lon="-74.018296"></trkpt>
<trkpt lat="45.758971" lon="-74.018302"></trkpt>
<trkpt lat="45.759085" lon="-74.018196"></trkpt>
<trkpt lat="45.759174" lon="-74.018109"></trkpt>
<trkpt lat="45.759226" lon="-74.018018"></trkpt>
<trkpt lat="45.759319" lon="-74.017977"></trkpt>
<trkpt lat="45.759747" lon="-74.017566"></trkpt>
<trkpt lat="45.759819" lon="-74.017498"></trkpt>
<trkpt lat="45.759884" lon="-74.017437"></trkpt>
<trkpt lat="45.760369" lon="-74.016981"></trkpt>
<trkpt lat="45.760435" lon="-74.016856"></trkpt>
<trkpt lat="45.760497" lon="-74.016853"></trkpt>
<trkpt lat="45.760540" lon="-74.016818"></trkpt>
<trkpt lat="45.760685" lon="-74.016675"></trkpt>
<trkpt lat="45.760760" lon="-74.016615"></trkpt>
<trkpt lat="45.761584" lon="-74.015799"></trkpt>
<trkpt lat="45.761636" lon="-74.015709"></trkpt>
<trkpt lat="45.761653" lon="-74.015573"></trkpt>
<trkpt lat="45.761609" lon="-74.015377"></trkpt>
<trkpt lat="45.761263" lon="-74.014668"></trkpt>
<trkpt lat="45.761147" lon="-74.014152"></trkpt>
<trkpt lat="45.761146" lon="-74.014044"></trkpt>
<trkpt lat="45.761152" lon="-74.013042"></trkpt>
<trkpt lat="45.761189" lon="-74.012339"></trkpt>
<trkpt lat="45.761369" lon="-74.011347"></trkpt>
<trkpt lat="45.761629" lon="-74.010356"></trkpt>
<trkpt lat="45.761656" lon="-74.010330"></trkpt>
<trkpt lat="45.761737" lon="-74.010125"></trkpt>
<trkpt lat="45.761775" lon="-74.010027"></trkpt>
<trkpt lat="45.761875" lon="-74.010153"></trkpt>
<trkpt lat="45.762141" lon="-74.009497"></trkpt>
<trkpt lat="45.762357" lon="-74.009120"></trkpt>
<trkpt lat="45.762979" lon="-74.008283"></trkpt>
<trkpt lat="45.763438" lon="-74.007617"></trkpt>
<trkpt lat="45.763667" lon="-74.007046"></trkpt>
<trkpt lat="45.763994" lon="-74.005771"></trkpt>
<trkpt lat="45.764126" lon="-74.005204"></trkpt>
<trkpt lat="45.764158" lon="-74.005047"></trkpt>
<trkpt lat="45.764181" lon="-74.004812"></trkpt>
<trkpt lat="45.764166" lon="-74.004595"></trkpt>
<trkpt lat="45.763942" lon="-74.003876"></trkpt>
<trkpt lat="45.763594" lon="-74.002704"></trkpt>
<trkpt lat="45.763045" lon="-74.000979"></trkpt>
<trkpt lat="45.762963" lon="-74.000435"></trkpt>
<trkpt lat="45.762951" lon="-74.000031"></trkpt>
<trkpt lat="45.763022" lon="-73.999487"></trkpt>
<trkpt lat="45.763232" lon="-73.998876"></trkpt>
<trkpt lat="45.763289" lon="-73.998753"></trkpt>
<trkpt lat="45.763651" lon="-73.998207"></trkpt>
<trkpt lat="45.763889" lon="-73.998004"></trkpt>
<trkpt lat="45.764797" lon="-73.997662"></trkpt>
<trkpt lat="45.765467" lon="-73.997367"></trkpt>
<trkpt lat="45.765574" lon="-73.997286"></trkpt>
<trkpt lat="45.765683" lon="-73.997129"></trkpt>
<trkpt lat="45.766192" lon="-73.996655"></trkpt>
<trkpt lat="45.767032" lon="-73.995770"></trkpt>
<trkpt lat="45.767308" lon="-73.995484"></trkpt>
<trkpt lat="45.767745" lon="-73.995085"></trkpt>
<trkpt lat="45.768006" lon="-73.994948"></trkpt>
<trkpt lat="45.768155" lon="-73.994956"></trkpt>
<trkpt lat="45.768578" lon="-73.994927"></trkpt>
<trkpt lat="45.769369" lon="-73.994913"></trkpt>
<trkpt lat="45.769362" lon="-73.994793"></trkpt>
<trkpt lat="45.769313" lon="-73.994747"></trkpt>
<trkpt lat="45.768892" lon="-73.994738"></trkpt>
<trkpt lat="45.768822" lon="-73.994694"></trkpt>
<trkpt lat="45.766568" lon="-73.991671"></trkpt>
<trkpt lat="45.764925" lon="-73.989467"></trkpt>
<trkpt lat="45.764877" lon="-73.989394"></trkpt>
<trkpt lat="45.764756" lon="-73.989566"></trkpt>
<trkpt lat="45.764706" lon="-73.989495"></trkpt>
<trkpt lat="45.763413" lon="-73.987737"></trkpt>
<trkpt lat="45.763359" lon="-73.987679"></trkpt>
<trkpt lat="45.763270" lon="-73.987617"></trkpt>
<trkpt lat="45.762424" lon="-73.986404"></trkpt>
<trkpt lat="45.762353" lon="-73.986338"></trkpt>
<trkpt lat="45.762311" lon="-73.986313"></trkpt>
<trkpt lat="45.762272" lon="-73.986278"></trkpt>
<trkpt lat="45.762362" lon="-73.986050"></trkpt>
<trkpt lat="45.762262" lon="-73.985917"></trkpt>
<trkpt lat="45.760621" lon="-73.983741"></trkpt>
<trkpt lat="45.758270" lon="-73.980593"></trkpt>
<trkpt lat="45.758122" lon="-73.980288"></trkpt>
<trkpt lat="45.755907" lon="-73.977297"></trkpt>
<trkpt lat="45.754491" lon="-73.975393"></trkpt>
<trkpt lat="45.754279" lon="-73.975173"></trkpt>
<trkpt lat="45.754271" lon="-73.975165"></trkpt>
<trkpt lat="45.754161" lon="-73.975000"></trkpt>
<trkpt lat="45.754044" lon="-73.975165"></trkpt>
<trkpt lat="45.753985" lon="-73.975248"></trkpt>
<trkpt lat="45.753950" lon="-73.975196"></trkpt>
<trkpt lat="45.753559" lon="-73.975714"></trkpt>
<trkpt lat="45.752992" lon="-73.976466"></trkpt>
<trkpt lat="45.752960" lon="-73.976415"></trkpt>
<trkpt lat="45.752925" lon="-73.976409"></trkpt>
<trkpt lat="45.742096" lon="-73.959742"></trkpt>
<trkpt lat="45.742055" lon="-73.959624"></trkpt>
<trkpt lat="45.742133" lon="-73.959432"></trkpt>
<trkpt lat="45.742106" lon="-73.959379"></trkpt>
<trkpt lat="45.742082" lon="-73.959342"></trkpt>
<trkpt lat="45.742055" lon="-73.959304"></trkpt>
<trkpt lat="45.742262" lon="-73.959022"></trkpt>
<trkpt lat="45.732583" lon="-73.946089"></trkpt>
<trkpt lat="45.732511" lon="-73.945995"></trkpt>
<trkpt lat="45.722408" lon="-73.932505"></trkpt>
<trkpt lat="45.722383" lon="-73.932474"></trkpt>
<trkpt lat="45.722358" lon="-73.932439"></trkpt>
<trkpt lat="45.713942" lon="-73.921229"></trkpt>
<trkpt lat="45.713811" lon="-73.920976"></trkpt>
<trkpt lat="45.713430" lon="-73.920464"></trkpt>
<trkpt lat="45.712543" lon="-73.919282"></trkpt>
<trkpt lat="45.712375" lon="-73.919140"></trkpt>
<trkpt lat="45.711816" lon="-73.918397"></trkpt>
<trkpt lat="45.711596" lon="-73.918071"></trkpt>
<trkpt lat="45.711581" lon="-73.917938"></trkpt>
<trkpt lat="45.711618" lon="-73.917821"></trkpt>
<trkpt lat="45.712171" lon="-73.916897"></trkpt>
<trkpt lat="45.712201" lon="-73.916847"></trkpt>
<trkpt lat="45.712227" lon="-73.916806"></trkpt>
<trkpt lat="45.712376" lon="-73.916557"></trkpt>
<trkpt lat="45.712341" lon="-73.916482"></trkpt>
<trkpt lat="45.712320" lon="-73.916455"></trkpt>
<trkpt lat="45.712299" lon="-73.916427"></trkpt>
<trkpt lat="45.711987" lon="-73.915921"></trkpt>
<trkpt lat="45.711408" lon="-73.914829"></trkpt>
<trkpt lat="45.711261" lon="-73.914554"></trkpt>
<trkpt lat="45.711042" lon="-73.914170"></trkpt>
<trkpt lat="45.710684" lon="-73.913811"></trkpt>
<trkpt lat="45.710503" lon="-73.913699"></trkpt>
<trkpt lat="45.710245" lon="-73.913617"></trkpt>
<trkpt lat="45.710119" lon="-73.913524"></trkpt>
<trkpt lat="45.709820" lon="-73.913104"></trkpt>
<trkpt lat="45.709790" lon="-73.913064"></trkpt>
<trkpt lat="45.709741" lon="-73.913046"></trkpt>
<trkpt lat="45.709671" lon="-73.913019"></trkpt>
<trkpt lat="45.709347" lon="-73.912512"></trkpt>
<trkpt lat="45.708481" lon="-73.913971"></trkpt>
<trkpt lat="45.707197" lon="-73.912202"></trkpt>
<trkpt lat="45.705557" lon="-73.910062"></trkpt>
<trkpt lat="45.704570" lon="-73.908740"></trkpt>
<trkpt lat="45.704401" lon="-73.908413"></trkpt>
<trkpt lat="45.704087" lon="-73.908102"></trkpt>
<trkpt lat="45.703491" lon="-73.907314"></trkpt>
<trkpt lat="45.703319" lon="-73.907072"></trkpt>
<trkpt lat="45.703214" lon="-73.906797"></trkpt>
<trkpt lat="45.703042" lon="-73.906663"></trkpt>
<trkpt lat="45.702780" lon="-73.906374"></trkpt>
<trkpt lat="45.699005" lon="-73.901335"></trkpt>
<trkpt lat="45.698768" lon="-73.901013"></trkpt>
<trkpt lat="45.698532" lon="-73.900628"></trkpt>
<trkpt lat="45.698516" lon="-73.900607"></trkpt>
<trkpt lat="45.698490" lon="-73.900571"></trkpt>
<trkpt lat="45.698417" lon="-73.900477"></trkpt>
<trkpt lat="45.698383" lon="-73.900437"></trkpt>
<trkpt lat="45.698361" lon="-73.900423"></trkpt>
<trkpt lat="45.698060" lon="-73.900080"></trkpt>
<trkpt lat="45.697303" lon="-73.899057"></trkpt>
<trkpt lat="45.697242" lon="-73.898956"></trkpt>
<trkpt lat="45.697142" lon="-73.898594"></trkpt>
<trkpt lat="45.696920" lon="-73.898379"></trkpt>
<trkpt lat="45.696677" lon="-73.898055"></trkpt>
<trkpt lat="45.696547" lon="-73.897969"></trkpt>
<trkpt lat="45.695148" lon="-73.896092"></trkpt>
<trkpt lat="45.695074" lon="-73.895940"></trkpt>
<trkpt lat="45.695048" lon="-73.895684"></trkpt>
<trkpt lat="45.695018" lon="-73.895576"></trkpt>
<trkpt lat="45.694455" lon="-73.894806"></trkpt>
<trkpt lat="45.692704" lon="-73.892491"></trkpt>
<trkpt lat="45.692039" lon="-73.891753"></trkpt>
<trkpt lat="45.691556" lon="-73.891052"></trkpt>
<trkpt lat="45.691073" lon="-73.890446"></trkpt>
<trkpt lat="45.690383" lon="-73.889498"></trkpt>
<trkpt lat="45.689858" lon="-73.888504"></trkpt>
<trkpt lat="45.689682" lon="-73.888235"></trkpt>
<trkpt lat="45.689221" lon="-73.887736"></trkpt>
<trkpt lat="45.689031" lon="-73.887481"></trkpt>
<trkpt lat="45.688688" lon="-73.887240"></trkpt>
<trkpt lat="45.688262" lon="-73.886714"></trkpt>
<trkpt lat="45.688209" lon="-73.886644"></trkpt>
<trkpt lat="45.688137" lon="-73.886551"></trkpt>
<trkpt lat="45.687910" lon="-73.886244"></trkpt>
<trkpt lat="45.687726" lon="-73.885990"></trkpt>
<trkpt lat="45.687552" lon="-73.885493"></trkpt>
<trkpt lat="45.687328" lon="-73.885328"></trkpt>
<trkpt lat="45.686839" lon="-73.884761"></trkpt>
<trkpt lat="45.686649" lon="-73.884582"></trkpt>
<trkpt lat="45.686072" lon="-73.883708"></trkpt>
<trkpt lat="45.685947" lon="-73.883413"></trkpt>
<trkpt lat="45.685683" lon="-73.883179"></trkpt>
<trkpt lat="45.685562" lon="-73.882981"></trkpt>
<trkpt lat="45.685409" lon="-73.882802"></trkpt>
<trkpt lat="45.685182" lon="-73.882435"></trkpt>
<trkpt lat="45.684746" lon="-73.881903"></trkpt>
<trkpt lat="45.684521" lon="-73.881406"></trkpt>
<trkpt lat="45.684481" lon="-73.881079"></trkpt>
<trkpt lat="45.684369" lon="-73.881004"></trkpt>
<trkpt lat="45.684275" lon="-73.880974"></trkpt>
<trkpt lat="45.684124" lon="-73.880928"></trkpt>
<trkpt lat="45.684036" lon="-73.880863"></trkpt>
<trkpt lat="45.682676" lon="-73.879032"></trkpt>
<trkpt lat="45.682422" lon="-73.878822"></trkpt>
<trkpt lat="45.682287" lon="-73.878478"></trkpt>
<trkpt lat="45.682057" lon="-73.878378"></trkpt>
<trkpt lat="45.681917" lon="-73.878259"></trkpt>
<trkpt lat="45.680954" lon="-73.876977"></trkpt>
<trkpt lat="45.680469" lon="-73.876350"></trkpt>
<trkpt lat="45.680445" lon="-73.876326"></trkpt>
<trkpt lat="45.680232" lon="-73.876163"></trkpt>
<trkpt lat="45.680056" lon="-73.876016"></trkpt>
<trkpt lat="45.679563" lon="-73.875361"></trkpt>
<trkpt lat="45.679545" lon="-73.875346"></trkpt>
<trkpt lat="45.679500" lon="-73.875287"></trkpt>
<trkpt lat="45.679460" lon="-73.875232"></trkpt>
<trkpt lat="45.679063" lon="-73.874706"></trkpt>
<trkpt lat="45.679034" lon="-73.874625"></trkpt>
<trkpt lat="45.679004" lon="-73.874395"></trkpt>
<trkpt lat="45.678792" lon="-73.874097"></trkpt>
<trkpt lat="45.678758" lon="-73.874018"></trkpt>
<trkpt lat="45.678717" lon="-73.873937"></trkpt>
<trkpt lat="45.678607" lon="-73.873848"></trkpt>
<trkpt lat="45.677447" lon="-73.872325"></trkpt>
<trkpt lat="45.677380" lon="-73.872265"></trkpt>
<trkpt lat="45.677265" lon="-73.872248"></trkpt>
<trkpt lat="45.677201" lon="-73.872239"></trkpt>
<trkpt lat="45.677145" lon="-73.872182"></trkpt>
<trkpt lat="45.675289" lon="-73.869714"></trkpt>
<trkpt lat="45.675277" lon="-73.869696"></trkpt>
<trkpt lat="45.675007" lon="-73.869329"></trkpt>
<trkpt lat="45.674985" lon="-73.869236"></trkpt>
<trkpt lat="45.674994" lon="-73.869023"></trkpt>
<trkpt lat="45.674949" lon="-73.868900"></trkpt>
<trkpt lat="45.674700" lon="-73.868680"></trkpt>
<trkpt lat="45.672825" lon="-73.866169"></trkpt>
<trkpt lat="45.672748" lon="-73.866058"></trkpt>
<trkpt lat="45.672482" lon="-73.865711"></trkpt>
<trkpt lat="45.672215" lon="-73.865360"></trkpt>
<trkpt lat="45.672129" lon="-73.865246"></trkpt>
<trkpt lat="45.672037" lon="-73.865154"></trkpt>
<trkpt lat="45.671850" lon="-73.865050"></trkpt>
<trkpt lat="45.671588" lon="-73.864712"></trkpt>
<trkpt lat="45.671431" lon="-73.864658"></trkpt>
<trkpt lat="45.671414" lon="-73.864647"></trkpt>
<trkpt lat="45.671270" lon="-73.864838"></trkpt>
<trkpt lat="45.671197" lon="-73.864934"></trkpt>
<trkpt lat="45.671161" lon="-73.864879"></trkpt>
<trkpt lat="45.671086" lon="-73.864778"></trkpt>
<trkpt lat="45.671049" lon="-73.864728"></trkpt>
<trkpt lat="45.671034" lon="-73.864708"></trkpt>
<trkpt lat="45.670835" lon="-73.864316"></trkpt>
<trkpt lat="45.670573" lon="-73.863860"></trkpt>
<trkpt lat="45.666994" lon="-73.859104"></trkpt>
<trkpt lat="45.666741" lon="-73.858841"></trkpt>
<trkpt lat="45.666110" lon="-73.858006"></trkpt>
<trkpt lat="45.664162" lon="-73.855428"></trkpt>
<trkpt lat="45.663956" lon="-73.855082"></trkpt>
<trkpt lat="45.663841" lon="-73.854889"></trkpt>
<trkpt lat="45.662294" lon="-73.852823"></trkpt>
<trkpt lat="45.662080" lon="-73.852646"></trkpt>
<trkpt lat="45.660367" lon="-73.850348"></trkpt>
<trkpt lat="45.660269" lon="-73.850144"></trkpt>
<trkpt lat="45.659979" lon="-73.849755"></trkpt>
<trkpt lat="45.659680" lon="-73.849740"></trkpt>
<trkpt lat="45.659548" lon="-73.849649"></trkpt>
<trkpt lat="45.659372" lon="-73.849271"></trkpt>
<trkpt lat="45.658890" lon="-73.848634"></trkpt>
<trkpt lat="45.658663" lon="-73.848293"></trkpt>
<trkpt lat="45.658622" lon="-73.848179"></trkpt>
<trkpt lat="45.658567" lon="-73.847882"></trkpt>
<trkpt lat="45.658531" lon="-73.847808"></trkpt>
<trkpt lat="45.656735" lon="-73.845415"></trkpt>
<trkpt lat="45.656489" lon="-73.845169"></trkpt>
<trkpt lat="45.656065" lon="-73.844629"></trkpt>
<trkpt lat="45.655972" lon="-73.844506"></trkpt>
<trkpt lat="45.655946" lon="-73.844422"></trkpt>
<trkpt lat="45.656121" lon="-73.844341"></trkpt>
<trkpt lat="45.656132" lon="-73.844256"></trkpt>
<trkpt lat="45.656167" lon="-73.844251"></trkpt>
<trkpt lat="45.656770" lon="-73.844227"></trkpt>
<trkpt lat="45.656885" lon="-73.844229"></trkpt>
<trkpt lat="45.658472" lon="-73.844257"></trkpt>
<trkpt lat="45.658528" lon="-73.844355"></trkpt>
<trkpt lat="45.658599" lon="-73.844356"></trkpt>
<trkpt lat="45.658671" lon="-73.844360"></trkpt>
<trkpt lat="45.658731" lon="-73.844409"></trkpt>
<trkpt lat="45.658860" lon="-73.844420"></trkpt>
<trkpt lat="45.658894" lon="-73.844523"></trkpt>
<trkpt lat="45.659063" lon="-73.844617"></trkpt>
<trkpt lat="45.659257" lon="-73.844529"></trkpt>
<trkpt lat="45.659409" lon="-73.844532"></trkpt>
<trkpt lat="45.659569" lon="-73.844625"></trkpt>
<trkpt lat="45.659763" lon="-73.844823"></trkpt>
<trkpt lat="45.659927" lon="-73.844946"></trkpt>
<trkpt lat="45.660098" lon="-73.845008"></trkpt>
<trkpt lat="45.661164" lon="-73.844854"></trkpt>
<trkpt lat="45.661212" lon="-73.844836"></trkpt>
<trkpt lat="45.661342" lon="-73.844688"></trkpt>
<trkpt lat="45.661606" lon="-73.844692"></trkpt>
<trkpt lat="45.661811" lon="-73.844572"></trkpt>
<trkpt lat="45.661950" lon="-73.844560"></trkpt>
<trkpt lat="45.662059" lon="-73.844433"></trkpt>
<trkpt lat="45.662170" lon="-73.844381"></trkpt>
<trkpt lat="45.662381" lon="-73.844338"></trkpt>
<trkpt lat="45.662584" lon="-73.844358"></trkpt>
<trkpt lat="45.662780" lon="-73.844267"></trkpt>
<trkpt lat="45.662906" lon="-73.844296"></trkpt>
<trkpt lat="45.662895" lon="-73.844142"></trkpt>
<trkpt lat="45.662841" lon="-73.844081"></trkpt>
<trkpt lat="45.662840" lon="-73.843994"></trkpt>
<trkpt lat="45.662830" lon="-73.843204"></trkpt>
<trkpt lat="45.662771" lon="-73.842945"></trkpt>
<trkpt lat="45.662662" lon="-73.842755"></trkpt>
<trkpt lat="45.661623" lon="-73.841221"></trkpt>
<trkpt lat="45.661256" lon="-73.840668"></trkpt>
<trkpt lat="45.661109" lon="-73.840362"></trkpt>
<trkpt lat="45.661081" lon="-73.840286"></trkpt>
<trkpt lat="45.661094" lon="-73.840163"></trkpt>
<trkpt lat="45.661023" lon="-73.839682"></trkpt>
<trkpt lat="45.661017" lon="-73.839380"></trkpt>
<trkpt lat="45.661042" lon="-73.839103"></trkpt>
<trkpt lat="45.661110" lon="-73.838803"></trkpt>
<trkpt lat="45.661205" lon="-73.838548"></trkpt>
<trkpt lat="45.661440" lon="-73.838175"></trkpt>
<trkpt lat="45.661497" lon="-73.838098"></trkpt>
<trkpt lat="45.661530" lon="-73.838059"></trkpt>
<trkpt lat="45.661589" lon="-73.837974"></trkpt>
<trkpt lat="45.661617" lon="-73.837934"></trkpt>
<trkpt lat="45.661663" lon="-73.837871"></trkpt>
<trkpt lat="45.661702" lon="-73.837750"></trkpt>
<trkpt lat="45.661721" lon="-73.837585"></trkpt>
<trkpt lat="45.661699" lon="-73.837394"></trkpt>
<trkpt lat="45.661646" lon="-73.837221"></trkpt>
<trkpt lat="45.660742" lon="-73.835913"></trkpt>
<trkpt lat="45.660688" lon="-73.835832"></trkpt>
<trkpt lat="45.660638" lon="-73.835758"></trkpt>
<trkpt lat="45.660268" lon="-73.835231"></trkpt>
<trkpt lat="45.660214" lon="-73.835154"></trkpt>
<trkpt lat="45.660155" lon="-73.835071"></trkpt>
<trkpt lat="45.659551" lon="-73.834208"></trkpt>
<trkpt lat="45.659423" lon="-73.833946"></trkpt>
<trkpt lat="45.659376" lon="-73.833759"></trkpt>
<trkpt lat="45.659356" lon="-73.833513"></trkpt>
<trkpt lat="45.659365" lon="-73.833361"></trkpt>
<trkpt lat="45.659422" lon="-73.833105"></trkpt>
<trkpt lat="45.659528" lon="-73.832874"></trkpt>
<trkpt lat="45.660011" lon="-73.832181"></trkpt>
<trkpt lat="45.660021" lon="-73.832167"></trkpt>
<trkpt lat="45.660659" lon="-73.831262"></trkpt>
<trkpt lat="45.660727" lon="-73.831165"></trkpt>
<trkpt lat="45.660672" lon="-73.831088"></trkpt>
<trkpt lat="45.660183" lon="-73.830388"></trkpt>
<trkpt lat="45.660067" lon="-73.830223"></trkpt>
<trkpt lat="45.659608" lon="-73.829561"></trkpt>
<trkpt lat="45.659489" lon="-73.829393"></trkpt>
<trkpt lat="45.659239" lon="-73.829110"></trkpt>
<trkpt lat="45.659190" lon="-73.829040"></trkpt>
<trkpt lat="45.659143" lon="-73.828973"></trkpt>
<trkpt lat="45.658962" lon="-73.828640"></trkpt>
<trkpt lat="45.658662" lon="-73.828206"></trkpt>
<trkpt lat="45.658548" lon="-73.828130"></trkpt>
<trkpt lat="45.658467" lon="-73.828120"></trkpt>
<trkpt lat="45.658325" lon="-73.828267"></trkpt>
<trkpt lat="45.658278" lon="-73.828261"></trkpt>
<trkpt lat="45.658192" lon="-73.828179"></trkpt>
<trkpt lat="45.658116" lon="-73.828010"></trkpt>
<trkpt lat="45.657801" lon="-73.827553"></trkpt>
<trkpt lat="45.657683" lon="-73.827381"></trkpt>
<trkpt lat="45.657251" lon="-73.826763"></trkpt>
<trkpt lat="45.657133" lon="-73.826594"></trkpt>
<trkpt lat="45.656708" lon="-73.825984"></trkpt>
<trkpt lat="45.656588" lon="-73.825817"></trkpt>
<trkpt lat="45.656139" lon="-73.825168"></trkpt>
<trkpt lat="45.656009" lon="-73.824980"></trkpt>
<trkpt lat="45.655637" lon="-73.824448"></trkpt>
<trkpt lat="45.655578" lon="-73.824362"></trkpt>
<trkpt lat="45.655453" lon="-73.824182"></trkpt>
<trkpt lat="45.655396" lon="-73.824099"></trkpt>
<trkpt lat="45.654924" lon="-73.823403"></trkpt>
<trkpt lat="45.654534" lon="-73.822494"></trkpt>
<trkpt lat="45.654479" lon="-73.822361"></trkpt>
<trkpt lat="45.654443" lon="-73.822273"></trkpt>
<trkpt lat="45.654208" lon="-73.821837"></trkpt>
<trkpt lat="45.653004" lon="-73.820121"></trkpt>
<trkpt lat="45.652858" lon="-73.819849"></trkpt>
<trkpt lat="45.652792" lon="-73.819633"></trkpt>
<trkpt lat="45.652770" lon="-73.819307"></trkpt>
<trkpt lat="45.652849" lon="-73.817561"></trkpt>
<trkpt lat="45.652912" lon="-73.816719"></trkpt>
<trkpt lat="45.653008" lon="-73.816022"></trkpt>
<trkpt lat="45.653011" lon="-73.816004"></trkpt>
<trkpt lat="45.653027" lon="-73.815918"></trkpt>
<trkpt lat="45.653050" lon="-73.815793"></trkpt>
<trkpt lat="45.653067" lon="-73.815709"></trkpt>
<trkpt lat="45.653454" lon="-73.814061"></trkpt>
<trkpt lat="45.653478" lon="-73.813920"></trkpt>
<trkpt lat="45.653496" lon="-73.813786"></trkpt>
<trkpt lat="45.653483" lon="-73.813349"></trkpt>
<trkpt lat="45.653387" lon="-73.812929"></trkpt>
<trkpt lat="45.653203" lon="-73.812558"></trkpt>
<trkpt lat="45.652917" lon="-73.812147"></trkpt>
<trkpt lat="45.652877" lon="-73.812088"></trkpt>
<trkpt lat="45.652817" lon="-73.812003"></trkpt>
<trkpt lat="45.652202" lon="-73.811135"></trkpt>
<trkpt lat="45.652146" lon="-73.811056"></trkpt>
<trkpt lat="45.652096" lon="-73.810986"></trkpt>
<trkpt lat="45.651729" lon="-73.810467"></trkpt>
<trkpt lat="45.651664" lon="-73.810371"></trkpt>
<trkpt lat="45.651618" lon="-73.810308"></trkpt>
<trkpt lat="45.651234" lon="-73.809769"></trkpt>
<trkpt lat="45.650764" lon="-73.809095"></trkpt>
<trkpt lat="45.650637" lon="-73.808854"></trkpt>
<trkpt lat="45.650529" lon="-73.808490"></trkpt>
<trkpt lat="45.650503" lon="-73.808025"></trkpt>
<trkpt lat="45.650509" lon="-73.807923"></trkpt>
<trkpt lat="45.650518" lon="-73.807849"></trkpt>
<trkpt lat="45.650650" lon="-73.807262"></trkpt>
<trkpt lat="45.650906" lon="-73.806328"></trkpt>
<trkpt lat="45.651098" lon="-73.805669"></trkpt>
<trkpt lat="45.651194" lon="-73.805340"></trkpt>
<trkpt lat="45.651321" lon="-73.804900"></trkpt>
<trkpt lat="45.651352" lon="-73.804793"></trkpt>
<trkpt lat="45.651370" lon="-73.804726"></trkpt>
<trkpt lat="45.651476" lon="-73.804240"></trkpt>
<trkpt lat="45.651503" lon="-73.804078"></trkpt>
<trkpt lat="45.651520" lon="-73.803975"></trkpt>
<trkpt lat="45.651549" lon="-73.803758"></trkpt>
<trkpt lat="45.651553" lon="-73.803698"></trkpt>
<trkpt lat="45.651557" lon="-73.803314"></trkpt>
<trkpt lat="45.651534" lon="-73.802946"></trkpt>
<trkpt lat="45.651453" lon="-73.802947"></trkpt>
<trkpt lat="45.651446" lon="-73.802926"></trkpt>
<trkpt lat="45.651435" lon="-73.802810"></trkpt>
<trkpt lat="45.651427" lon="-73.802738"></trkpt>
<trkpt lat="45.651375" lon="-73.802645"></trkpt>
<trkpt lat="45.651365" lon="-73.802477"></trkpt>
<trkpt lat="45.651297" lon="-73.801294"></trkpt>
<trkpt lat="45.651220" lon="-73.801102"></trkpt>
<trkpt lat="45.651197" lon="-73.800920"></trkpt>
<trkpt lat="45.651229" lon="-73.800034"></trkpt>
<trkpt lat="45.651148" lon="-73.799853"></trkpt>
<trkpt lat="45.650940" lon="-73.799598"></trkpt>
<trkpt lat="45.650785" lon="-73.799477"></trkpt>
<trkpt lat="45.650108" lon="-73.799122"></trkpt>
<trkpt lat="45.649804" lon="-73.798883"></trkpt>
<trkpt lat="45.649667" lon="-73.798732"></trkpt>
<trkpt lat="45.649659" lon="-73.798623"></trkpt>
<trkpt lat="45.649688" lon="-73.798532"></trkpt>
<trkpt lat="45.649746" lon="-73.798476"></trkpt>
<trkpt lat="45.650009" lon="-73.798447"></trkpt>
<trkpt lat="45.650243" lon="-73.798240"></trkpt>
<trkpt lat="45.651133" lon="-73.796862"></trkpt>
<trkpt lat="45.651202" lon="-73.796674"></trkpt>
<trkpt lat="45.651418" lon="-73.795893"></trkpt>
<trkpt lat="45.651718" lon="-73.794354"></trkpt>
<trkpt lat="45.651944" lon="-73.793404"></trkpt>
<trkpt lat="45.651922" lon="-73.793207"></trkpt>
<trkpt lat="45.651859" lon="-73.793085"></trkpt>
<trkpt lat="45.651638" lon="-73.792800"></trkpt>
<trkpt lat="45.651617" lon="-73.792729"></trkpt>
<trkpt lat="45.651627" lon="-73.792576"></trkpt>
<trkpt lat="45.651695" lon="-73.792439"></trkpt>
<trkpt lat="45.651762" lon="-73.792281"></trkpt>
<trkpt lat="45.651962" lon="-73.792018"></trkpt>
<trkpt lat="45.652001" lon="-73.791877"></trkpt>
<trkpt lat="45.652147" lon="-73.791683"></trkpt>
<trkpt lat="45.652164" lon="-73.791615"></trkpt>
<trkpt lat="45.652012" lon="-73.791351"></trkpt>
<trkpt lat="45.652008" lon="-73.791307"></trkpt>
<trkpt lat="45.652509" lon="-73.790625"></trkpt>
<trkpt lat="45.652576" lon="-73.790531"></trkpt>
<trkpt lat="45.652536" lon="-73.790407"></trkpt>
<trkpt lat="45.651274" lon="-73.788505"></trkpt>
<trkpt lat="45.651089" lon="-73.788261"></trkpt>
<trkpt lat="45.651035" lon="-73.788130"></trkpt>
<trkpt lat="45.651012" lon="-73.787912"></trkpt>
<trkpt lat="45.651066" lon="-73.787676"></trkpt>
<trkpt lat="45.651233" lon="-73.787519"></trkpt>
<trkpt lat="45.651584" lon="-73.787350"></trkpt>
<trkpt lat="45.652122" lon="-73.786639"></trkpt>
<trkpt lat="45.652354" lon="-73.786361"></trkpt>
<trkpt lat="45.652519" lon="-73.785976"></trkpt>
<trkpt lat="45.652759" lon="-73.785012"></trkpt>
<trkpt lat="45.652830" lon="-73.784621"></trkpt>
<trkpt lat="45.652788" lon="-73.784313"></trkpt>
<trkpt lat="45.652557" lon="-73.783589"></trkpt>
<trkpt lat="45.652543" lon="-73.783547"></trkpt>
<trkpt lat="45.652475" lon="-73.783384"></trkpt>
<trkpt lat="45.652300" lon="-73.783067"></trkpt>
<trkpt lat="45.652072" lon="-73.782891"></trkpt>
<trkpt lat="45.651782" lon="-73.782455"></trkpt>
<trkpt lat="45.651485" lon="-73.782218"></trkpt>
<trkpt lat="45.651304" lon="-73.782031"></trkpt>
<trkpt lat="45.651419" lon="-73.781282"></trkpt>
<trkpt lat="45.651578" lon="-73.780806"></trkpt>
<trkpt lat="45.651840" lon="-73.780017"></trkpt>
<trkpt lat="45.651860" lon="-73.779959"></trkpt>
<trkpt lat="45.651884" lon="-73.779890"></trkpt>
<trkpt lat="45.651958" lon="-73.779676"></trkpt>
<trkpt lat="45.652003" lon="-73.779539"></trkpt>
<trkpt lat="45.652111" lon="-73.779194"></trkpt>
<trkpt lat="45.652200" lon="-73.778820"></trkpt>
<trkpt lat="45.652209" lon="-73.778757"></trkpt>
<trkpt lat="45.652214" lon="-73.778702"></trkpt>
<trkpt lat="45.652220" lon="-73.778601"></trkpt>
<trkpt lat="45.652223" lon="-73.778468"></trkpt>
<trkpt lat="45.652214" lon="-73.778258"></trkpt>
<trkpt lat="45.652177" lon="-73.777964"></trkpt>
<trkpt lat="45.652097" lon="-73.777647"></trkpt>
<trkpt lat="45.652016" lon="-73.777438"></trkpt>
<trkpt lat="45.651854" lon="-73.777141"></trkpt>
<trkpt lat="45.651788" lon="-73.777042"></trkpt>
<trkpt lat="45.651745" lon="-73.776977"></trkpt>
<trkpt lat="45.651712" lon="-73.776928"></trkpt>
<trkpt lat="45.651584" lon="-73.776735"></trkpt>
<trkpt lat="45.651541" lon="-73.776670"></trkpt>
<trkpt lat="45.651506" lon="-73.776619"></trkpt>
<trkpt lat="45.651424" lon="-73.776496"></trkpt>
<trkpt lat="45.651320" lon="-73.776338"></trkpt>
<trkpt lat="45.651054" lon="-73.775942"></trkpt>
<trkpt lat="45.651009" lon="-73.775876"></trkpt>
<trkpt lat="45.651108" lon="-73.775759"></trkpt>
<trkpt lat="45.651158" lon="-73.775699"></trkpt>
<trkpt lat="45.651223" lon="-73.775624"></trkpt>
<trkpt lat="45.651245" lon="-73.775598"></trkpt>
<trkpt lat="45.651283" lon="-73.775554"></trkpt>
<trkpt lat="45.651370" lon="-73.775453"></trkpt>
<trkpt lat="45.651506" lon="-73.775293"></trkpt>
<trkpt lat="45.651571" lon="-73.775217"></trkpt>
<trkpt lat="45.651687" lon="-73.775081"></trkpt>
<trkpt lat="45.651869" lon="-73.774868"></trkpt>
<trkpt lat="45.651933" lon="-73.774781"></trkpt>
<trkpt lat="45.651969" lon="-73.774732"></trkpt>
<trkpt lat="45.652039" lon="-73.774631"></trkpt>
<trkpt lat="45.652104" lon="-73.774530"></trkpt>
<trkpt lat="45.652254" lon="-73.774288"></trkpt>
<trkpt lat="45.652263" lon="-73.774275"></trkpt>
<trkpt lat="45.652302" lon="-73.774215"></trkpt>
<trkpt lat="45.652331" lon="-73.774166"></trkpt>
<trkpt lat="45.652411" lon="-73.774038"></trkpt>
<trkpt lat="45.652462" lon="-73.773959"></trkpt>
<trkpt lat="45.652485" lon="-73.773926"></trkpt>
<trkpt lat="45.652517" lon="-73.773877"></trkpt>
<trkpt lat="45.652550" lon="-73.773830"></trkpt>
<trkpt lat="45.652626" lon="-73.773725"></trkpt>
<trkpt lat="45.652759" lon="-73.773553"></trkpt>
<trkpt lat="45.652886" lon="-73.773406"></trkpt>
<trkpt lat="45.653094" lon="-73.773202"></trkpt>
<trkpt lat="45.653112" lon="-73.773186"></trkpt>
<trkpt lat="45.653339" lon="-73.773040"></trkpt>
<trkpt lat="45.653374" lon="-73.773020"></trkpt>
<trkpt lat="45.653479" lon="-73.772964"></trkpt>
<trkpt lat="45.653657" lon="-73.772874"></trkpt>
<trkpt lat="45.653821" lon="-73.772799"></trkpt>
<trkpt lat="45.653936" lon="-73.772748"></trkpt>
<trkpt lat="45.654102" lon="-73.772671"></trkpt>
<trkpt lat="45.654226" lon="-73.772608"></trkpt>
<trkpt lat="45.654283" lon="-73.772578"></trkpt>
<trkpt lat="45.654378" lon="-73.772525"></trkpt>
<trkpt lat="45.654532" lon="-73.772429"></trkpt>
<trkpt lat="45.654629" lon="-73.772368"></trkpt>
<trkpt lat="45.654716" lon="-73.772313"></trkpt>
<trkpt lat="45.655180" lon="-73.771988"></trkpt>
<trkpt lat="45.655255" lon="-73.771913"></trkpt>
<trkpt lat="45.655413" lon="-73.771723"></trkpt>
<trkpt lat="45.655561" lon="-73.771533"></trkpt>
<trkpt lat="45.655669" lon="-73.771399"></trkpt>
<trkpt lat="45.655729" lon="-73.771334"></trkpt>
<trkpt lat="45.655791" lon="-73.771272"></trkpt>
<trkpt lat="45.655844" lon="-73.771223"></trkpt>
<trkpt lat="45.655970" lon="-73.771116"></trkpt>
<trkpt lat="45.656120" lon="-73.770991"></trkpt>
<trkpt lat="45.656168" lon="-73.770953"></trkpt>
<trkpt lat="45.656215" lon="-73.770916"></trkpt>
<trkpt lat="45.656305" lon="-73.770848"></trkpt>
<trkpt lat="45.656739" lon="-73.770511"></trkpt>
<trkpt lat="45.656784" lon="-73.770477"></trkpt>
<trkpt lat="45.656851" lon="-73.770420"></trkpt>
<trkpt lat="45.656934" lon="-73.770325"></trkpt>
<trkpt lat="45.657041" lon="-73.770186"></trkpt>
<trkpt lat="45.657096" lon="-73.770107"></trkpt>
<trkpt lat="45.657196" lon="-73.769949"></trkpt>
<trkpt lat="45.657229" lon="-73.769894"></trkpt>
<trkpt lat="45.657265" lon="-73.769829"></trkpt>
<trkpt lat="45.657309" lon="-73.769742"></trkpt>
<trkpt lat="45.657364" lon="-73.769625"></trkpt>
<trkpt lat="45.657393" lon="-73.769560"></trkpt>
<trkpt lat="45.657511" lon="-73.769297"></trkpt>
<trkpt lat="45.657571" lon="-73.769169"></trkpt>
<trkpt lat="45.657612" lon="-73.769076"></trkpt>
<trkpt lat="45.657642" lon="-73.769009"></trkpt>
<trkpt lat="45.657661" lon="-73.768968"></trkpt>
<trkpt lat="45.657707" lon="-73.768870"></trkpt>
<trkpt lat="45.657777" lon="-73.768725"></trkpt>
<trkpt lat="45.657861" lon="-73.768589"></trkpt>
<trkpt lat="45.657888" lon="-73.768546"></trkpt>
<trkpt lat="45.657916" lon="-73.768509"></trkpt>
<trkpt lat="45.658099" lon="-73.768316"></trkpt>
<trkpt lat="45.658372" lon="-73.768077"></trkpt>
<trkpt lat="45.658408" lon="-73.768045"></trkpt>
<trkpt lat="45.658613" lon="-73.767873"></trkpt>
<trkpt lat="45.658722" lon="-73.767782"></trkpt>
<trkpt lat="45.658754" lon="-73.767755"></trkpt>
<trkpt lat="45.658828" lon="-73.767692"></trkpt>
<trkpt lat="45.659024" lon="-73.767527"></trkpt>
<trkpt lat="45.659072" lon="-73.767485"></trkpt>
<trkpt lat="45.659113" lon="-73.767450"></trkpt>
<trkpt lat="45.659140" lon="-73.767427"></trkpt>
<trkpt lat="45.659167" lon="-73.767403"></trkpt>
<trkpt lat="45.659474" lon="-73.767132"></trkpt>
<trkpt lat="45.659684" lon="-73.766920"></trkpt>
<trkpt lat="45.659708" lon="-73.766893"></trkpt>
<trkpt lat="45.659745" lon="-73.766847"></trkpt>
<trkpt lat="45.659951" lon="-73.766556"></trkpt>
<trkpt lat="45.660153" lon="-73.766230"></trkpt>
<trkpt lat="45.660263" lon="-73.766033"></trkpt>
<trkpt lat="45.660325" lon="-73.765924"></trkpt>
<trkpt lat="45.660421" lon="-73.765749"></trkpt>
<trkpt lat="45.660508" lon="-73.765590"></trkpt>
<trkpt lat="45.660640" lon="-73.765310"></trkpt>
<trkpt lat="45.660709" lon="-73.765102"></trkpt>
<trkpt lat="45.660727" lon="-73.765022"></trkpt>
<trkpt lat="45.660742" lon="-73.764945"></trkpt>
<trkpt lat="45.660824" lon="-73.764581"></trkpt>
<trkpt lat="45.660864" lon="-73.764437"></trkpt>
<trkpt lat="45.660890" lon="-73.764361"></trkpt>
<trkpt lat="45.660925" lon="-73.764274"></trkpt>
<trkpt lat="45.661057" lon="-73.764022"></trkpt>
<trkpt lat="45.661182" lon="-73.763821"></trkpt>
<trkpt lat="45.661273" lon="-73.763690"></trkpt>
<trkpt lat="45.661285" lon="-73.763674"></trkpt>
<trkpt lat="45.661322" lon="-73.763622"></trkpt>
<trkpt lat="45.661358" lon="-73.763572"></trkpt>
<trkpt lat="45.661550" lon="-73.763289"></trkpt>
<trkpt lat="45.661567" lon="-73.763266"></trkpt>
<trkpt lat="45.661642" lon="-73.763160"></trkpt>
<trkpt lat="45.661814" lon="-73.762946"></trkpt>
<trkpt lat="45.661859" lon="-73.762893"></trkpt>
<trkpt lat="45.661900" lon="-73.762844"></trkpt>
<trkpt lat="45.662069" lon="-73.762684"></trkpt>
<trkpt lat="45.662334" lon="-73.762554"></trkpt>
<trkpt lat="45.662433" lon="-73.762505"></trkpt>
<trkpt lat="45.662499" lon="-73.762474"></trkpt>
<trkpt lat="45.662568" lon="-73.762440"></trkpt>
<trkpt lat="45.662623" lon="-73.762410"></trkpt>
<trkpt lat="45.662765" lon="-73.762321"></trkpt>
<trkpt lat="45.662786" lon="-73.762307"></trkpt>
<trkpt lat="45.662897" lon="-73.762232"></trkpt>
<trkpt lat="45.663077" lon="-73.762101"></trkpt>
<trkpt lat="45.663100" lon="-73.762084"></trkpt>
<trkpt lat="45.663149" lon="-73.762047"></trkpt>
<trkpt lat="45.663185" lon="-73.762021"></trkpt>
<trkpt lat="45.663216" lon="-73.761998"></trkpt>
<trkpt lat="45.663342" lon="-73.761886"></trkpt>
<trkpt lat="45.663509" lon="-73.761676"></trkpt>
<trkpt lat="45.663623" lon="-73.761526"></trkpt>
<trkpt lat="45.663659" lon="-73.761478"></trkpt>
<trkpt lat="45.663694" lon="-73.761430"></trkpt>
<trkpt lat="45.663744" lon="-73.761366"></trkpt>
<trkpt lat="45.663899" lon="-73.761169"></trkpt>
<trkpt lat="45.664083" lon="-73.760932"></trkpt>
<trkpt lat="45.664141" lon="-73.760863"></trkpt>
<trkpt lat="45.664177" lon="-73.760929"></trkpt>
<trkpt lat="45.664220" lon="-73.760881"></trkpt>
<trkpt lat="45.664375" lon="-73.760709"></trkpt>
<trkpt lat="45.664399" lon="-73.760682"></trkpt>
<trkpt lat="45.664432" lon="-73.760645"></trkpt>
<trkpt lat="45.664576" lon="-73.760515"></trkpt>
<trkpt lat="45.664544" lon="-73.760385"></trkpt>
<trkpt lat="45.664624" lon="-73.760291"></trkpt>
<trkpt lat="45.664678" lon="-73.760229"></trkpt>
<trkpt lat="45.664826" lon="-73.760059"></trkpt>
<trkpt lat="45.664902" lon="-73.759973"></trkpt>
<trkpt lat="45.665069" lon="-73.759750"></trkpt>
<trkpt lat="45.665109" lon="-73.759704"></trkpt>
<trkpt lat="45.665311" lon="-73.759483"></trkpt>
<trkpt lat="45.665392" lon="-73.759387"></trkpt>
<trkpt lat="45.665545" lon="-73.759212"></trkpt>
<trkpt lat="45.665660" lon="-73.759087"></trkpt>
<trkpt lat="45.665873" lon="-73.758854"></trkpt>
<trkpt lat="45.666006" lon="-73.758717"></trkpt>
<trkpt lat="45.666169" lon="-73.758546"></trkpt>
<trkpt lat="45.666232" lon="-73.758480"></trkpt>
<trkpt lat="45.666367" lon="-73.758338"></trkpt>
<trkpt lat="45.666415" lon="-73.758290"></trkpt>
<trkpt lat="45.666461" lon="-73.758244"></trkpt>
<trkpt lat="45.666681" lon="-73.758040"></trkpt>
<trkpt lat="45.666879" lon="-73.757861"></trkpt>
<trkpt lat="45.666919" lon="-73.757824"></trkpt>
<trkpt lat="45.666987" lon="-73.757763"></trkpt>
<trkpt lat="45.667029" lon="-73.757718"></trkpt>
<trkpt lat="45.667090" lon="-73.757652"></trkpt>
<trkpt lat="45.667195" lon="-73.757540"></trkpt>
<trkpt lat="45.667310" lon="-73.757416"></trkpt>
<trkpt lat="45.667400" lon="-73.757321"></trkpt>
<trkpt lat="45.667446" lon="-73.757269"></trkpt>
<trkpt lat="45.667498" lon="-73.757213"></trkpt>
<trkpt lat="45.667605" lon="-73.757096"></trkpt>
<trkpt lat="45.667692" lon="-73.757003"></trkpt>
<trkpt lat="45.667849" lon="-73.756839"></trkpt>
<trkpt lat="45.667912" lon="-73.756773"></trkpt>
<trkpt lat="45.667977" lon="-73.756707"></trkpt>
<trkpt lat="45.668040" lon="-73.756640"></trkpt>
<trkpt lat="45.668178" lon="-73.756499"></trkpt>
<trkpt lat="45.668306" lon="-73.756368"></trkpt>
<trkpt lat="45.668374" lon="-73.756299"></trkpt>
<trkpt lat="45.668504" lon="-73.756165"></trkpt>
<trkpt lat="45.668643" lon="-73.756022"></trkpt>
<trkpt lat="45.668698" lon="-73.755961"></trkpt>
<trkpt lat="45.668752" lon="-73.755901"></trkpt>
<trkpt lat="45.668902" lon="-73.755747"></trkpt>
<trkpt lat="45.669025" lon="-73.755607"></trkpt>
<trkpt lat="45.669157" lon="-73.755450"></trkpt>
<trkpt lat="45.669251" lon="-73.755352"></trkpt>
<trkpt lat="45.669280" lon="-73.755325"></trkpt>
<trkpt lat="45.669342" lon="-73.755275"></trkpt>
<trkpt lat="45.669414" lon="-73.755226"></trkpt>
<trkpt lat="45.669494" lon="-73.755169"></trkpt>
<trkpt lat="45.669741" lon="-73.755010"></trkpt>
<trkpt lat="45.669857" lon="-73.754937"></trkpt>
<trkpt lat="45.669931" lon="-73.754889"></trkpt>
<trkpt lat="45.669984" lon="-73.754960"></trkpt>
<trkpt lat="45.670080" lon="-73.755094"></trkpt>
<trkpt lat="45.670105" lon="-73.755129"></trkpt>
<trkpt lat="45.670169" lon="-73.755219"></trkpt>
<trkpt lat="45.670231" lon="-73.755310"></trkpt>
<trkpt lat="45.670288" lon="-73.755393"></trkpt>
<trkpt lat="45.671449" lon="-73.757006"></trkpt>
<trkpt lat="45.671573" lon="-73.757125"></trkpt>
<trkpt lat="45.672070" lon="-73.757404"></trkpt>
<trkpt lat="45.672818" lon="-73.757782"></trkpt>
<trkpt lat="45.675052" lon="-73.758921"></trkpt>
<trkpt lat="45.675301" lon="-73.758986"></trkpt>
<trkpt lat="45.675737" lon="-73.758973"></trkpt>
<trkpt lat="45.676074" lon="-73.758961"></trkpt>
<trkpt lat="45.676942" lon="-73.758938"></trkpt>
<trkpt lat="45.677497" lon="-73.758916"></trkpt>
<trkpt lat="45.677631" lon="-73.758828"></trkpt>
<trkpt lat="45.677873" lon="-73.758478"></trkpt>
<trkpt lat="45.677925" lon="-73.758405"></trkpt>
<trkpt lat="45.678798" lon="-73.757111"></trkpt>
<trkpt lat="45.679402" lon="-73.755818"></trkpt>
<trkpt lat="45.679452" lon="-73.755717"></trkpt>
<trkpt lat="45.679575" lon="-73.755443"></trkpt>
<trkpt lat="45.679629" lon="-73.755414"></trkpt>
<trkpt lat="45.679880" lon="-73.755024"></trkpt>
<trkpt lat="45.679977" lon="-73.754975"></trkpt>
<trkpt lat="45.680431" lon="-73.754329"></trkpt>
<trkpt lat="45.680633" lon="-73.754047"></trkpt>
<trkpt lat="45.680736" lon="-73.753882"></trkpt>
<trkpt lat="45.680902" lon="-73.754111"></trkpt>
<trkpt lat="45.681572" lon="-73.755046"></trkpt>
<trkpt lat="45.681746" lon="-73.755049"></trkpt>
<trkpt lat="45.681869" lon="-73.754929"></trkpt>
<trkpt lat="45.682534" lon="-73.753958"></trkpt>
<trkpt lat="45.682626" lon="-73.753655"></trkpt>
<trkpt lat="45.682597" lon="-73.753516"></trkpt>
<trkpt lat="45.682493" lon="-73.753328"></trkpt>
<trkpt lat="45.682488" lon="-73.753195"></trkpt>
<trkpt lat="45.682585" lon="-73.752944"></trkpt>
<trkpt lat="45.682663" lon="-73.752853"></trkpt>
<trkpt lat="45.682763" lon="-73.752823"></trkpt>
<trkpt lat="45.682856" lon="-73.752834"></trkpt>
<trkpt lat="45.682921" lon="-73.752814"></trkpt>
<trkpt lat="45.683229" lon="-73.752481"></trkpt>
<trkpt lat="45.683491" lon="-73.752123"></trkpt>
<trkpt lat="45.683745" lon="-73.751961"></trkpt>
<trkpt lat="45.683869" lon="-73.751701"></trkpt>
<trkpt lat="45.683995" lon="-73.751337"></trkpt>
<trkpt lat="45.684105" lon="-73.751136"></trkpt>
<trkpt lat="45.684447" lon="-73.750789"></trkpt>
<trkpt lat="45.684768" lon="-73.750146"></trkpt>
<trkpt lat="45.684943" lon="-73.749708"></trkpt>
<trkpt lat="45.685334" lon="-73.749007"></trkpt>
<trkpt lat="45.685555" lon="-73.748443"></trkpt>
<trkpt lat="45.685756" lon="-73.748087"></trkpt>
<trkpt lat="45.685992" lon="-73.747736"></trkpt>
<trkpt lat="45.686322" lon="-73.747082"></trkpt>
<trkpt lat="45.686461" lon="-73.746729"></trkpt>
<trkpt lat="45.686886" lon="-73.745686"></trkpt>
<trkpt lat="45.687162" lon="-73.745461"></trkpt>
<trkpt lat="45.687365" lon="-73.744972"></trkpt>
<trkpt lat="45.687440" lon="-73.744647"></trkpt>
<trkpt lat="45.687497" lon="-73.744235"></trkpt>
<trkpt lat="45.687597" lon="-73.743871"></trkpt>
<trkpt lat="45.687610" lon="-73.743630"></trkpt>
<trkpt lat="45.687584" lon="-73.743432"></trkpt>
<trkpt lat="45.687589" lon="-73.743269"></trkpt>
<trkpt lat="45.687625" lon="-73.743123"></trkpt>
<trkpt lat="45.687774" lon="-73.742768"></trkpt>
<trkpt lat="45.687900" lon="-73.742367"></trkpt>
<trkpt lat="45.688352" lon="-73.741307"></trkpt>
<trkpt lat="45.688878" lon="-73.740373"></trkpt>
<trkpt lat="45.689070" lon="-73.739855"></trkpt>
<trkpt lat="45.689135" lon="-73.739615"></trkpt>
<trkpt lat="45.689118" lon="-73.739555"></trkpt>
<trkpt lat="45.688546" lon="-73.739243"></trkpt>
<trkpt lat="45.688504" lon="-73.739188"></trkpt>
<trkpt lat="45.688511" lon="-73.739069"></trkpt>
<trkpt lat="45.688638" lon="-73.738698"></trkpt>
<trkpt lat="45.688714" lon="-73.738194"></trkpt>
<trkpt lat="45.688798" lon="-73.738080"></trkpt>
<trkpt lat="45.688944" lon="-73.738042"></trkpt>
<trkpt lat="45.689300" lon="-73.738101"></trkpt>
<trkpt lat="45.689798" lon="-73.738259"></trkpt>
<trkpt lat="45.689854" lon="-73.738243"></trkpt>
<trkpt lat="45.689981" lon="-73.738012"></trkpt>
<trkpt lat="45.690027" lon="-73.737870"></trkpt>
<trkpt lat="45.690051" lon="-73.737780"></trkpt>
<trkpt lat="45.690242" lon="-73.737590"></trkpt>
<trkpt lat="45.690289" lon="-73.737421"></trkpt>
<trkpt lat="45.690341" lon="-73.737330"></trkpt>
<trkpt lat="45.690562" lon="-73.737170"></trkpt>
<trkpt lat="45.690703" lon="-73.736983"></trkpt>
<trkpt lat="45.690771" lon="-73.736989"></trkpt>
<trkpt lat="45.690842" lon="-73.737061"></trkpt>
<trkpt lat="45.690918" lon="-73.737060"></trkpt>
<trkpt lat="45.690972" lon="-73.737046"></trkpt>
<trkpt lat="45.691174" lon="-73.736970"></trkpt>
<trkpt lat="45.691373" lon="-73.736686"></trkpt>
<trkpt lat="45.691858" lon="-73.736225"></trkpt>
<trkpt lat="45.691964" lon="-73.735927"></trkpt>
<trkpt lat="45.692018" lon="-73.735693"></trkpt>
<trkpt lat="45.692201" lon="-73.735381"></trkpt>
<trkpt lat="45.692301" lon="-73.735045"></trkpt>
<trkpt lat="45.692412" lon="-73.734807"></trkpt>
<trkpt lat="45.692470" lon="-73.734560"></trkpt>
<trkpt lat="45.692499" lon="-73.734499"></trkpt>
<trkpt lat="45.692594" lon="-73.734430"></trkpt>
<trkpt lat="45.692790" lon="-73.734256"></trkpt>
<trkpt lat="45.692946" lon="-73.734246"></trkpt>
<trkpt lat="45.693024" lon="-73.734189"></trkpt>
<trkpt lat="45.693110" lon="-73.733822"></trkpt>
<trkpt lat="45.693187" lon="-73.733715"></trkpt>
<trkpt lat="45.693265" lon="-73.733535"></trkpt>
<trkpt lat="45.693581" lon="-73.732972"></trkpt>
<trkpt lat="45.693588" lon="-73.732874"></trkpt>
<trkpt lat="45.693522" lon="-73.732800"></trkpt>
<trkpt lat="45.693489" lon="-73.732677"></trkpt>
<trkpt lat="45.693477" lon="-73.732610"></trkpt>
<trkpt lat="45.693465" lon="-73.732544"></trkpt>
<trkpt lat="45.693493" lon="-73.732231"></trkpt>
<trkpt lat="45.693515" lon="-73.732172"></trkpt>
<trkpt lat="45.693553" lon="-73.732157"></trkpt>
<trkpt lat="45.693700" lon="-73.732217"></trkpt>
<trkpt lat="45.693774" lon="-73.732170"></trkpt>
<trkpt lat="45.694137" lon="-73.731550"></trkpt>
<trkpt lat="45.694288" lon="-73.731391"></trkpt>
<trkpt lat="45.694404" lon="-73.731142"></trkpt>
<trkpt lat="45.694411" lon="-73.731019"></trkpt>
<trkpt lat="45.694424" lon="-73.730880"></trkpt>
<trkpt lat="45.694556" lon="-73.730708"></trkpt>
<trkpt lat="45.694715" lon="-73.730260"></trkpt>
<trkpt lat="45.695007" lon="-73.729861"></trkpt>
<trkpt lat="45.695074" lon="-73.729523"></trkpt>
<trkpt lat="45.695221" lon="-73.729212"></trkpt>
<trkpt lat="45.695399" lon="-73.729139"></trkpt>
<trkpt lat="45.695463" lon="-73.729045"></trkpt>
<trkpt lat="45.695682" lon="-73.728836"></trkpt>
<trkpt lat="45.695782" lon="-73.728684"></trkpt>
<trkpt lat="45.695829" lon="-73.728230"></trkpt>
<trkpt lat="45.696151" lon="-73.728053"></trkpt>
<trkpt lat="45.696246" lon="-73.727883"></trkpt>
<trkpt lat="45.696461" lon="-73.727612"></trkpt>
<trkpt lat="45.696674" lon="-73.727337"></trkpt>
<trkpt lat="45.696917" lon="-73.727114"></trkpt>
<trkpt lat="45.697064" lon="-73.726764"></trkpt>
<trkpt lat="45.697139" lon="-73.726512"></trkpt>
<trkpt lat="45.697381" lon="-73.726159"></trkpt>
<trkpt lat="45.697454" lon="-73.726090"></trkpt>
<trkpt lat="45.697630" lon="-73.726039"></trkpt>
<trkpt lat="45.697677" lon="-73.725977"></trkpt>
<trkpt lat="45.697679" lon="-73.725947"></trkpt>
<trkpt lat="45.697659" lon="-73.725878"></trkpt>
<trkpt lat="45.697552" lon="-73.725726"></trkpt>
<trkpt lat="45.697560" lon="-73.725604"></trkpt>
<trkpt lat="45.697731" lon="-73.725527"></trkpt>
<trkpt lat="45.697772" lon="-73.725474"></trkpt>
<trkpt lat="45.698088" lon="-73.724682"></trkpt>
<trkpt lat="45.698249" lon="-73.724367"></trkpt>
<trkpt lat="45.698299" lon="-73.724126"></trkpt>
<trkpt lat="45.698436" lon="-73.723878"></trkpt>
<trkpt lat="45.698565" lon="-73.723499"></trkpt>
<trkpt lat="45.698829" lon="-73.723017"></trkpt>
<trkpt lat="45.698971" lon="-73.722660"></trkpt>
<trkpt lat="45.699009" lon="-73.722445"></trkpt>
<trkpt lat="45.698996" lon="-73.722217"></trkpt>
<trkpt lat="45.699056" lon="-73.721588"></trkpt>
<trkpt lat="45.699037" lon="-73.721288"></trkpt>
<trkpt lat="45.698989" lon="-73.721103"></trkpt>
<trkpt lat="45.698895" lon="-73.720911"></trkpt>
<trkpt lat="45.698749" lon="-73.720798"></trkpt>
<trkpt lat="45.698703" lon="-73.720751"></trkpt>
<trkpt lat="45.698678" lon="-73.720665"></trkpt>
<trkpt lat="45.698710" lon="-73.720396"></trkpt>
<trkpt lat="45.698945" lon="-73.719981"></trkpt>
<trkpt lat="45.699046" lon="-73.719813"></trkpt>
<trkpt lat="45.699241" lon="-73.719708"></trkpt>
<trkpt lat="45.699408" lon="-73.719683"></trkpt>
<trkpt lat="45.699613" lon="-73.719770"></trkpt>
<trkpt lat="45.699647" lon="-73.719803"></trkpt>
<trkpt lat="45.699917" lon="-73.720423"></trkpt>
<trkpt lat="45.699992" lon="-73.720530"></trkpt>
<trkpt lat="45.700043" lon="-73.720661"></trkpt>
<trkpt lat="45.700192" lon="-73.720596"></trkpt>
<trkpt lat="45.700472" lon="-73.720831"></trkpt>
<trkpt lat="45.700656" lon="-73.721025"></trkpt>
<trkpt lat="45.700830" lon="-73.721133"></trkpt>
<trkpt lat="45.700953" lon="-73.721152"></trkpt>
<trkpt lat="45.701002" lon="-73.721096"></trkpt>
<trkpt lat="45.701017" lon="-73.721006"></trkpt>
<trkpt lat="45.701034" lon="-73.720594"></trkpt>
<trkpt lat="45.701087" lon="-73.720132"></trkpt>
<trkpt lat="45.701085" lon="-73.719582"></trkpt>
<trkpt lat="45.701225" lon="-73.719307"></trkpt>
<trkpt lat="45.701259" lon="-73.719193"></trkpt>
<trkpt lat="45.701237" lon="-73.718697"></trkpt>
<trkpt lat="45.701257" lon="-73.718523"></trkpt>
<trkpt lat="45.701376" lon="-73.718212"></trkpt>
<trkpt lat="45.701565" lon="-73.717928"></trkpt>
<trkpt lat="45.701668" lon="-73.717457"></trkpt>
<trkpt lat="45.701735" lon="-73.717238"></trkpt>
<trkpt lat="45.701833" lon="-73.717083"></trkpt>
<trkpt lat="45.701934" lon="-73.716694"></trkpt>
<trkpt lat="45.702151" lon="-73.716451"></trkpt>
<trkpt lat="45.702447" lon="-73.716207"></trkpt>
<trkpt lat="45.702808" lon="-73.715647"></trkpt>
<trkpt lat="45.702936" lon="-73.715306"></trkpt>
<trkpt lat="45.702997" lon="-73.715274"></trkpt>
<trkpt lat="45.703028" lon="-73.715273"></trkpt>
<trkpt lat="45.703493" lon="-73.715387"></trkpt>
<trkpt lat="45.703669" lon="-73.715470"></trkpt>
<trkpt lat="45.703851" lon="-73.715489"></trkpt>
<trkpt lat="45.704043" lon="-73.715573"></trkpt>
<trkpt lat="45.704426" lon="-73.715658"></trkpt>
<trkpt lat="45.705217" lon="-73.715908"></trkpt>
<trkpt lat="45.707500" lon="-73.716527"></trkpt>
<trkpt lat="45.707836" lon="-73.716648"></trkpt>
<trkpt lat="45.708087" lon="-73.716700"></trkpt>
<trkpt lat="45.708197" lon="-73.716752"></trkpt>
<trkpt lat="45.708366" lon="-73.716768"></trkpt>
<trkpt lat="45.708826" lon="-73.716924"></trkpt>
<trkpt lat="45.709101" lon="-73.716984"></trkpt>
<trkpt lat="45.709500" lon="-73.717145"></trkpt>
<trkpt lat="45.709634" lon="-73.717133"></trkpt>
<trkpt lat="45.709731" lon="-73.717178"></trkpt>
<trkpt lat="45.709799" lon="-73.717169"></trkpt>
<trkpt lat="45.709828" lon="-73.717137"></trkpt>
<trkpt lat="45.709873" lon="-73.716982"></trkpt>
<trkpt lat="45.709911" lon="-73.716909"></trkpt>
<trkpt lat="45.710051" lon="-73.716849"></trkpt>
<trkpt lat="45.711565" lon="-73.713920"></trkpt>
<trkpt lat="45.711593" lon="-73.713831"></trkpt>
<trkpt lat="45.711576" lon="-73.713735"></trkpt>
<trkpt lat="45.711442" lon="-73.713575"></trkpt>
<trkpt lat="45.711371" lon="-73.713356"></trkpt>
<trkpt lat="45.711268" lon="-73.712915"></trkpt>
<trkpt lat="45.711295" lon="-73.712744"></trkpt>
<trkpt lat="45.711274" lon="-73.712661"></trkpt>
<trkpt lat="45.711199" lon="-73.712617"></trkpt>
<trkpt lat="45.711047" lon="-73.712432"></trkpt>
<trkpt lat="45.711020" lon="-73.712180"></trkpt>
<trkpt lat="45.710788" lon="-73.712051"></trkpt>
<trkpt lat="45.710739" lon="-73.711819"></trkpt>
<trkpt lat="45.710567" lon="-73.711550"></trkpt>
<trkpt lat="45.710491" lon="-73.711327"></trkpt>
<trkpt lat="45.710290" lon="-73.711211"></trkpt>
<trkpt lat="45.710145" lon="-73.711081"></trkpt>
<trkpt lat="45.710096" lon="-73.710982"></trkpt>
<trkpt lat="45.710079" lon="-73.710873"></trkpt>
<trkpt lat="45.710056" lon="-73.710618"></trkpt>
<trkpt lat="45.710069" lon="-73.710526"></trkpt>
<trkpt lat="45.710109" lon="-73.710390"></trkpt>
<trkpt lat="45.710244" lon="-73.710188"></trkpt>
<trkpt lat="45.710282" lon="-73.710069"></trkpt>
<trkpt lat="45.710228" lon="-73.709767"></trkpt>
<trkpt lat="45.710285" lon="-73.709279"></trkpt>
<trkpt lat="45.710266" lon="-73.709022"></trkpt>
<trkpt lat="45.710279" lon="-73.708744"></trkpt>
<trkpt lat="45.710296" lon="-73.708584"></trkpt>
<trkpt lat="45.710371" lon="-73.708388"></trkpt>
<trkpt lat="45.710392" lon="-73.708210"></trkpt>
<trkpt lat="45.710319" lon="-73.707891"></trkpt>
<trkpt lat="45.710319" lon="-73.707677"></trkpt>
<trkpt lat="45.710251" lon="-73.707284"></trkpt>
<trkpt lat="45.710274" lon="-73.706435"></trkpt>
<trkpt lat="45.710157" lon="-73.706089"></trkpt>
<trkpt lat="45.710167" lon="-73.705976"></trkpt>
<trkpt lat="45.710277" lon="-73.705799"></trkpt>
<trkpt lat="45.710350" lon="-73.705620"></trkpt>
<trkpt lat="45.710359" lon="-73.705248"></trkpt>
<trkpt lat="45.710556" lon="-73.705005"></trkpt>
<trkpt lat="45.710585" lon="-73.704540"></trkpt>
<trkpt lat="45.710523" lon="-73.704223"></trkpt>
<trkpt lat="45.710517" lon="-73.704083"></trkpt>
<trkpt lat="45.710625" lon="-73.703829"></trkpt>
<trkpt lat="45.710823" lon="-73.702831"></trkpt>
<trkpt lat="45.710901" lon="-73.702522"></trkpt>
<trkpt lat="45.710984" lon="-73.702358"></trkpt>
<trkpt lat="45.711120" lon="-73.702050"></trkpt>
<trkpt lat="45.711220" lon="-73.701927"></trkpt>
<trkpt lat="45.711366" lon="-73.701561"></trkpt>
<trkpt lat="45.711420" lon="-73.701557"></trkpt>
<trkpt lat="45.711499" lon="-73.701608"></trkpt>
<trkpt lat="45.711722" lon="-73.701817"></trkpt>
<trkpt lat="45.711899" lon="-73.701876"></trkpt>
<trkpt lat="45.712091" lon="-73.701899"></trkpt>
<trkpt lat="45.712180" lon="-73.701848"></trkpt>
<trkpt lat="45.712341" lon="-73.701650"></trkpt>
<trkpt lat="45.712417" lon="-73.701504"></trkpt>
<trkpt lat="45.712524" lon="-73.700723"></trkpt>
<trkpt lat="45.712861" lon="-73.698809"></trkpt>
<trkpt lat="45.712834" lon="-73.698690"></trkpt>
<trkpt lat="45.712705" lon="-73.698445"></trkpt>
<trkpt lat="45.712675" lon="-73.698411"></trkpt>
<trkpt lat="45.712544" lon="-73.698279"></trkpt>
<trkpt lat="45.712412" lon="-73.698193"></trkpt>
<trkpt lat="45.712174" lon="-73.698112"></trkpt>
<trkpt lat="45.712009" lon="-73.698129"></trkpt>
<trkpt lat="45.711920" lon="-73.698097"></trkpt>
<trkpt lat="45.711832" lon="-73.697973"></trkpt>
<trkpt lat="45.711777" lon="-73.697808"></trkpt>
<trkpt lat="45.711770" lon="-73.697782"></trkpt>
<trkpt lat="45.711754" lon="-73.697723"></trkpt>
<trkpt lat="45.711739" lon="-73.697670"></trkpt>
<trkpt lat="45.711752" lon="-73.697598"></trkpt>
<trkpt lat="45.711761" lon="-73.697553"></trkpt>
<trkpt lat="45.711790" lon="-73.697515"></trkpt>
<trkpt lat="45.711840" lon="-73.697509"></trkpt>
<trkpt lat="45.712143" lon="-73.697668"></trkpt>
<trkpt lat="45.712188" lon="-73.697642"></trkpt>
<trkpt lat="45.712200" lon="-73.697515"></trkpt>
<trkpt lat="45.712257" lon="-73.697149"></trkpt>
<trkpt lat="45.712371" lon="-73.696699"></trkpt>
<trkpt lat="45.712378" lon="-73.696464"></trkpt>
<trkpt lat="45.712566" lon="-73.696232"></trkpt>
<trkpt lat="45.712634" lon="-73.696106"></trkpt>
<trkpt lat="45.712661" lon="-73.695989"></trkpt>
<trkpt lat="45.712730" lon="-73.695412"></trkpt>
<trkpt lat="45.712654" lon="-73.695095"></trkpt>
<trkpt lat="45.712644" lon="-73.695014"></trkpt>
<trkpt lat="45.712662" lon="-73.694925"></trkpt>
<trkpt lat="45.713011" lon="-73.694227"></trkpt>
<trkpt lat="45.713021" lon="-73.694140"></trkpt>
<trkpt lat="45.712891" lon="-73.693867"></trkpt>
<trkpt lat="45.712576" lon="-73.693523"></trkpt>
<trkpt lat="45.712341" lon="-73.693113"></trkpt>
<trkpt lat="45.712068" lon="-73.692756"></trkpt>
<trkpt lat="45.711843" lon="-73.692304"></trkpt>
<trkpt lat="45.711507" lon="-73.691940"></trkpt>
<trkpt lat="45.710989" lon="-73.690730"></trkpt>
<trkpt lat="45.710773" lon="-73.690434"></trkpt>
<trkpt lat="45.710749" lon="-73.690334"></trkpt>
<trkpt lat="45.710766" lon="-73.690084"></trkpt>
<trkpt lat="45.710793" lon="-73.689978"></trkpt>
<trkpt lat="45.710830" lon="-73.689924"></trkpt>
<trkpt lat="45.710896" lon="-73.689894"></trkpt>
<trkpt lat="45.712294" lon="-73.689645"></trkpt>
<trkpt lat="45.712404" lon="-73.689582"></trkpt>
<trkpt lat="45.712449" lon="-73.689467"></trkpt>
<trkpt lat="45.712509" lon="-73.689112"></trkpt>
<trkpt lat="45.712471" lon="-73.687870"></trkpt>
<trkpt lat="45.712450" lon="-73.687656"></trkpt>
<trkpt lat="45.712387" lon="-73.687377"></trkpt>
<trkpt lat="45.712387" lon="-73.687280"></trkpt>
<trkpt lat="45.712643" lon="-73.686701"></trkpt>
<trkpt lat="45.712688" lon="-73.686502"></trkpt>
<trkpt lat="45.712674" lon="-73.686436"></trkpt>
<trkpt lat="45.712553" lon="-73.686258"></trkpt>
<trkpt lat="45.712475" lon="-73.686089"></trkpt>
<trkpt lat="45.712381" lon="-73.685707"></trkpt>
<trkpt lat="45.712168" lon="-73.685158"></trkpt>
<trkpt lat="45.712094" lon="-73.684886"></trkpt>
<trkpt lat="45.712043" lon="-73.684822"></trkpt>
<trkpt lat="45.711881" lon="-73.684731"></trkpt>
<trkpt lat="45.711733" lon="-73.684696"></trkpt>
<trkpt lat="45.711636" lon="-73.684601"></trkpt>
<trkpt lat="45.711602" lon="-73.684513"></trkpt>
<trkpt lat="45.711581" lon="-73.684340"></trkpt>
<trkpt lat="45.711583" lon="-73.684051"></trkpt>
<trkpt lat="45.711480" lon="-73.683723"></trkpt>
<trkpt lat="45.711401" lon="-73.683348"></trkpt>
<trkpt lat="45.711368" lon="-73.682871"></trkpt>
<trkpt lat="45.711405" lon="-73.682742"></trkpt>
<trkpt lat="45.711486" lon="-73.682602"></trkpt>
<trkpt lat="45.711618" lon="-73.682481"></trkpt>
<trkpt lat="45.711791" lon="-73.682230"></trkpt>
<trkpt lat="45.711876" lon="-73.682069"></trkpt>
<trkpt lat="45.711997" lon="-73.681749"></trkpt>
<trkpt lat="45.712077" lon="-73.681444"></trkpt>
<trkpt lat="45.712047" lon="-73.681056"></trkpt>
<trkpt lat="45.711970" lon="-73.680816"></trkpt>
<trkpt lat="45.711880" lon="-73.680647"></trkpt>
<trkpt lat="45.711801" lon="-73.680599"></trkpt>
<trkpt lat="45.711608" lon="-73.680640"></trkpt>
<trkpt lat="45.711301" lon="-73.680920"></trkpt>
<trkpt lat="45.711227" lon="-73.680922"></trkpt>
<trkpt lat="45.711155" lon="-73.680882"></trkpt>
<trkpt lat="45.711420" lon="-73.680540"></trkpt>
<trkpt lat="45.711669" lon="-73.680277"></trkpt>
<trkpt lat="45.711935" lon="-73.680070"></trkpt>
<trkpt lat="45.712286" lon="-73.679888"></trkpt>
<trkpt lat="45.712366" lon="-73.679851"></trkpt>
<trkpt lat="45.712463" lon="-73.679806"></trkpt>
<trkpt lat="45.712448" lon="-73.679014"></trkpt>
<trkpt lat="45.712418" lon="-73.678912"></trkpt>
<trkpt lat="45.712307" lon="-73.678793"></trkpt>
<trkpt lat="45.712191" lon="-73.678700"></trkpt>
<trkpt lat="45.712165" lon="-73.678559"></trkpt>
<trkpt lat="45.712281" lon="-73.678345"></trkpt>
<trkpt lat="45.712307" lon="-73.678240"></trkpt>
<trkpt lat="45.712400" lon="-73.677619"></trkpt>
<trkpt lat="45.712441" lon="-73.677043"></trkpt>
<trkpt lat="45.712549" lon="-73.676576"></trkpt>
<trkpt lat="45.712888" lon="-73.675715"></trkpt>
<trkpt lat="45.713002" lon="-73.675308"></trkpt>
<trkpt lat="45.713024" lon="-73.674996"></trkpt>
<trkpt lat="45.713166" lon="-73.674395"></trkpt>
<trkpt lat="45.713160" lon="-73.674264"></trkpt>
<trkpt lat="45.713147" lon="-73.674002"></trkpt>
<trkpt lat="45.713218" lon="-73.673602"></trkpt>
<trkpt lat="45.712979" lon="-73.673253"></trkpt>
<trkpt lat="45.712100" lon="-73.671073"></trkpt>
<trkpt lat="45.712147" lon="-73.670858"></trkpt>
<trkpt lat="45.712127" lon="-73.670706"></trkpt>
<trkpt lat="45.712056" lon="-73.670549"></trkpt>
<trkpt lat="45.711941" lon="-73.670266"></trkpt>
<trkpt lat="45.711932" lon="-73.670208"></trkpt>
<trkpt lat="45.711966" lon="-73.670132"></trkpt>
<trkpt lat="45.712385" lon="-73.670118"></trkpt>
<trkpt lat="45.712502" lon="-73.670077"></trkpt>
<trkpt lat="45.712580" lon="-73.669921"></trkpt>
<trkpt lat="45.712493" lon="-73.669729"></trkpt>
<trkpt lat="45.712454" lon="-73.669713"></trkpt>
<trkpt lat="45.712330" lon="-73.669664"></trkpt>
<trkpt lat="45.712252" lon="-73.669634"></trkpt>
<trkpt lat="45.712085" lon="-73.669547"></trkpt>
<trkpt lat="45.711993" lon="-73.669458"></trkpt>
<trkpt lat="45.711915" lon="-73.669334"></trkpt>
<trkpt lat="45.711824" lon="-73.669037"></trkpt>
<trkpt lat="45.711800" lon="-73.668769"></trkpt>
<trkpt lat="45.711795" lon="-73.668525"></trkpt>
<trkpt lat="45.711812" lon="-73.667975"></trkpt>
<trkpt lat="45.711802" lon="-73.667776"></trkpt>
<trkpt lat="45.711728" lon="-73.667699"></trkpt>
<trkpt lat="45.711687" lon="-73.667725"></trkpt>
<trkpt lat="45.711664" lon="-73.667794"></trkpt>
<trkpt lat="45.711630" lon="-73.668008"></trkpt>
<trkpt lat="45.711587" lon="-73.668048"></trkpt>
<trkpt lat="45.711521" lon="-73.668021"></trkpt>
<trkpt lat="45.711499" lon="-73.667970"></trkpt>
<trkpt lat="45.711463" lon="-73.667674"></trkpt>
<trkpt lat="45.711486" lon="-73.667356"></trkpt>
<trkpt lat="45.711528" lon="-73.667149"></trkpt>
<trkpt lat="45.711525" lon="-73.666946"></trkpt>
<trkpt lat="45.711623" lon="-73.666658"></trkpt>
<trkpt lat="45.711696" lon="-73.666158"></trkpt>
<trkpt lat="45.711684" lon="-73.665884"></trkpt>
<trkpt lat="45.711633" lon="-73.665563"></trkpt>
<trkpt lat="45.711735" lon="-73.665080"></trkpt>
<trkpt lat="45.711748" lon="-73.664704"></trkpt>
<trkpt lat="45.711761" lon="-73.664485"></trkpt>
<trkpt lat="45.711728" lon="-73.664365"></trkpt>
<trkpt lat="45.711624" lon="-73.664164"></trkpt>
<trkpt lat="45.711586" lon="-73.664136"></trkpt>
<trkpt lat="45.711304" lon="-73.664076"></trkpt>
<trkpt lat="45.711088" lon="-73.664068"></trkpt>
<trkpt lat="45.710946" lon="-73.664117"></trkpt>
<trkpt lat="45.710826" lon="-73.664110"></trkpt>
<trkpt lat="45.710695" lon="-73.663989"></trkpt>
<trkpt lat="45.710533" lon="-73.663220"></trkpt>
<trkpt lat="45.710518" lon="-73.663046"></trkpt>
		</trkseg>
	</trk>
</gpx>