<?xml version='1.0' encoding='UTF-8'?>
<gpx version="1.1" creator="https://www.komoot.de" xmlns="http://www.topografix.com/GPX/1/1" xmlns:xsi="http://www.w3.org/2001/XMLSchema-instance" xsi:schemaLocation="http://www.topografix.com/GPX/1/1 http://www.topografix.com/GPX/1/1/gpx.xsd">
  <metadata>
    <name>RASp 300K - boucle/loop #2 500K - 180926</name>
    <author>
      <link href="https://www.komoot.de">
        <text>komoot</text>
        <type>text/html</type>
      </link>
    </author>
  </metadata>
  <trk>
    <name>RASp 300K - boucle/loop #2 500K - 180926</name>
    <type>racebike</type>
    <trkseg>
      <trkpt lat="43.475198" lon="-3.794710">
        <ele>8.437614</ele>
        <time>2026-09-18T16:32:25.746Z</time>
      </trkpt>
      <trkpt lat="43.475253" lon="-3.794712">
        <ele>8.437614</ele>
        <time>2026-09-18T16:32:26.730Z</time>
      </trkpt>
      <trkpt lat="43.475429" lon="-3.794777">
        <ele>8.437614</ele>
        <time>2026-09-18T16:32:29.894Z</time>
      </trkpt>
      <trkpt lat="43.475668" lon="-3.794912">
        <ele>8.437614</ele>
        <time>2026-09-18T16:32:34.330Z</time>
      </trkpt>
      <trkpt lat="43.475686" lon="-3.794852">
        <ele>8.437614</ele>
        <time>2026-09-18T16:32:35.133Z</time>
      </trkpt>
      <trkpt lat="43.475715" lon="-3.794754">
        <ele>8.437614</ele>
        <time>2026-09-18T16:32:36.448Z</time>
      </trkpt>
      <trkpt lat="43.475763" lon="-3.794783">
        <ele>8.437614</ele>
        <time>2026-09-18T16:32:37.083Z</time>
      </trkpt>
      <trkpt lat="43.476120" lon="-3.794976">
        <ele>8.448685</ele>
        <time>2026-09-18T16:32:41.784Z</time>
      </trkpt>
      <trkpt lat="43.476321" lon="-3.795017">
        <ele>8.463103</ele>
        <time>2026-09-18T16:32:44.604Z</time>
      </trkpt>
      <trkpt lat="43.476470" lon="-3.795013">
        <ele>8.473677</ele>
        <time>2026-09-18T16:32:46.865Z</time>
      </trkpt>
      <trkpt lat="43.476666" lon="-3.794945">
        <ele>8.488019</ele>
        <time>2026-09-18T16:32:49.873Z</time>
      </trkpt>
      <trkpt lat="43.476830" lon="-3.794899">
        <ele>8.499894</ele>
        <time>2026-09-18T16:32:52.253Z</time>
      </trkpt>
      <trkpt lat="43.476993" lon="-3.794951">
        <ele>8.511766</ele>
        <time>2026-09-18T16:32:54.704Z</time>
      </trkpt>
      <trkpt lat="43.477126" lon="-3.795091">
        <ele>8.523642</ele>
        <time>2026-09-18T16:32:57.294Z</time>
      </trkpt>
      <trkpt lat="43.477196" lon="-3.795255">
        <ele>8.533438</ele>
        <time>2026-09-18T16:32:59.560Z</time>
      </trkpt>
      <trkpt lat="43.477220" lon="-3.795442">
        <ele>8.543216</ele>
        <time>2026-09-18T16:33:01.870Z</time>
      </trkpt>
      <trkpt lat="43.477204" lon="-3.795597">
        <ele>8.551278</ele>
        <time>2026-09-18T16:33:03.849Z</time>
      </trkpt>
      <trkpt lat="43.477123" lon="-3.795801">
        <ele>8.563251</ele>
        <time>2026-09-18T16:33:06.900Z</time>
      </trkpt>
      <trkpt lat="43.477037" lon="-3.795903">
        <ele>8.661085</ele>
        <time>2026-09-18T16:33:09.003Z</time>
      </trkpt>
      <trkpt lat="43.476934" lon="-3.795967">
        <ele>8.787840</ele>
        <time>2026-09-18T16:33:11.157Z</time>
      </trkpt>
      <trkpt lat="43.476768" lon="-3.796129">
        <ele>9.016037</ele>
        <time>2026-09-18T16:33:15.193Z</time>
      </trkpt>
      <trkpt lat="43.476639" lon="-3.796343">
        <ele>9.242519</ele>
        <time>2026-09-18T16:33:19.177Z</time>
      </trkpt>
      <trkpt lat="43.476562" lon="-3.796552">
        <ele>9.433336</ele>
        <time>2026-09-18T16:33:22.343Z</time>
      </trkpt>
      <trkpt lat="43.476239" lon="-3.797791">
        <ele>10.505105</ele>
        <time>2026-09-18T16:33:41.371Z</time>
      </trkpt>
      <trkpt lat="43.475776" lon="-3.799804">
        <ele>11.827775</ele>
        <time>2026-09-18T16:34:11.546Z</time>
      </trkpt>
      <trkpt lat="43.475416" lon="-3.801376">
        <ele>12.104130</ele>
        <time>2026-09-18T16:34:27.652Z</time>
      </trkpt>
      <trkpt lat="43.475197" lon="-3.802214">
        <ele>12.097124</ele>
        <time>2026-09-18T16:34:37.309Z</time>
      </trkpt>
      <trkpt lat="43.474890" lon="-3.803385">
        <ele>11.993058</ele>
        <time>2026-09-18T16:34:52.526Z</time>
      </trkpt>
      <trkpt lat="43.474207" lon="-3.805660">
        <ele>11.419550</ele>
        <time>2026-09-18T16:35:16.191Z</time>
      </trkpt>
      <trkpt lat="43.473357" lon="-3.808169">
        <ele>10.152170</ele>
        <time>2026-09-18T16:35:42.024Z</time>
      </trkpt>
      <trkpt lat="43.473268" lon="-3.808479">
        <ele>9.999269</ele>
        <time>2026-09-18T16:35:44.998Z</time>
      </trkpt>
      <trkpt lat="43.473282" lon="-3.808697">
        <ele>9.898895</ele>
        <time>2026-09-18T16:35:46.995Z</time>
      </trkpt>
      <trkpt lat="43.473289" lon="-3.808736">
        <ele>9.880469</ele>
        <time>2026-09-18T16:35:47.389Z</time>
      </trkpt>
      <trkpt lat="43.473293" lon="-3.808814">
        <ele>9.844606</ele>
        <time>2026-09-18T16:35:48.100Z</time>
      </trkpt>
      <trkpt lat="43.473257" lon="-3.808961">
        <ele>9.773450</ele>
        <time>2026-09-18T16:35:49.560Z</time>
      </trkpt>
      <trkpt lat="43.473174" lon="-3.809065">
        <ele>9.702550</ele>
        <time>2026-09-18T16:35:51.005Z</time>
      </trkpt>
      <trkpt lat="43.473084" lon="-3.809100">
        <ele>9.643449</ele>
        <time>2026-09-18T16:35:52.217Z</time>
      </trkpt>
      <trkpt lat="43.472969" lon="-3.809302">
        <ele>9.527797</ele>
        <time>2026-09-18T16:35:54.684Z</time>
      </trkpt>
      <trkpt lat="43.472489" lon="-3.810811">
        <ele>9.606833</ele>
        <time>2026-09-18T16:36:11.926Z</time>
      </trkpt>
      <trkpt lat="43.471978" lon="-3.812682">
        <ele>9.992947</ele>
        <time>2026-09-18T16:36:36.632Z</time>
      </trkpt>
      <trkpt lat="43.471467" lon="-3.814934">
        <ele>10.833015</ele>
        <time>2026-09-18T16:37:03.954Z</time>
      </trkpt>
      <trkpt lat="43.471255" lon="-3.816049">
        <ele>11.329876</ele>
        <time>2026-09-18T16:37:18.808Z</time>
      </trkpt>
      <trkpt lat="43.471224" lon="-3.816216">
        <ele>11.404182</ele>
        <time>2026-09-18T16:37:21.211Z</time>
      </trkpt>
      <trkpt lat="43.471203" lon="-3.816578">
        <ele>11.601401</ele>
        <time>2026-09-18T16:37:26.218Z</time>
      </trkpt>
      <trkpt lat="43.471266" lon="-3.816754">
        <ele>11.716329</ele>
        <time>2026-09-18T16:37:28.938Z</time>
      </trkpt>
      <trkpt lat="43.471239" lon="-3.816940">
        <ele>11.827414</ele>
        <time>2026-09-18T16:37:31.591Z</time>
      </trkpt>
      <trkpt lat="43.471195" lon="-3.817016">
        <ele>11.884350</ele>
        <time>2026-09-18T16:37:32.926Z</time>
      </trkpt>
      <trkpt lat="43.471082" lon="-3.817091">
        <ele>11.985564</ele>
        <time>2026-09-18T16:37:35.355Z</time>
      </trkpt>
      <trkpt lat="43.470968" lon="-3.817500">
        <ele>12.242147</ele>
        <time>2026-09-18T16:37:41.584Z</time>
      </trkpt>
      <trkpt lat="43.470831" lon="-3.818199">
        <ele>12.666172</ele>
        <time>2026-09-18T16:37:50.856Z</time>
      </trkpt>
      <trkpt lat="43.470903" lon="-3.818226">
        <ele>12.726387</ele>
        <time>2026-09-18T16:37:56.016Z</time>
      </trkpt>
      <trkpt lat="43.470942" lon="-3.818026">
        <ele>12.847669</ele>
        <time>2026-09-18T16:38:06.442Z</time>
      </trkpt>
      <trkpt lat="43.470903" lon="-3.818226">
        <ele>12.930026</ele>
        <time>2026-09-18T16:38:16.868Z</time>
      </trkpt>
      <trkpt lat="43.470831" lon="-3.818199">
        <ele>12.956862</ele>
        <time>2026-09-18T16:38:22.028Z</time>
      </trkpt>
      <trkpt lat="43.470425" lon="-3.820248">
        <ele>13.511213</ele>
        <time>2026-09-18T16:38:46.246Z</time>
      </trkpt>
      <trkpt lat="43.470302" lon="-3.820774">
        <ele>13.773746</ele>
        <time>2026-09-18T16:38:53.687Z</time>
      </trkpt>
      <trkpt lat="43.470126" lon="-3.821373">
        <ele>14.124022</ele>
        <time>2026-09-18T16:39:02.542Z</time>
      </trkpt>
      <trkpt lat="43.469932" lon="-3.821909">
        <ele>14.448676</ele>
        <time>2026-09-18T16:39:10.629Z</time>
      </trkpt>
      <trkpt lat="43.469707" lon="-3.822408">
        <ele>14.767103</ele>
        <time>2026-09-18T16:39:17.858Z</time>
      </trkpt>
      <trkpt lat="43.469435" lon="-3.822898">
        <ele>15.236366</ele>
        <time>2026-09-18T16:39:25.448Z</time>
      </trkpt>
      <trkpt lat="43.469071" lon="-3.823453">
        <ele>15.899147</ele>
        <time>2026-09-18T16:39:34.843Z</time>
      </trkpt>
      <trkpt lat="43.468573" lon="-3.824123">
        <ele>16.748871</ele>
        <time>2026-09-18T16:39:49.266Z</time>
      </trkpt>
      <trkpt lat="43.468469" lon="-3.824337">
        <ele>16.977063</ele>
        <time>2026-09-18T16:39:53.742Z</time>
      </trkpt>
      <trkpt lat="43.468505" lon="-3.824537">
        <ele>17.175459</ele>
        <time>2026-09-18T16:39:57.386Z</time>
      </trkpt>
      <trkpt lat="43.468475" lon="-3.824737">
        <ele>17.394655</ele>
        <time>2026-09-18T16:40:00.992Z</time>
      </trkpt>
      <trkpt lat="43.468423" lon="-3.824849">
        <ele>17.537358</ele>
        <time>2026-09-18T16:40:03.305Z</time>
      </trkpt>
      <trkpt lat="43.468397" lon="-3.824887">
        <ele>17.593411</ele>
        <time>2026-09-18T16:40:04.220Z</time>
      </trkpt>
      <trkpt lat="43.468270" lon="-3.824981">
        <ele>17.806610</ele>
        <time>2026-09-18T16:40:07.536Z</time>
      </trkpt>
      <trkpt lat="43.468103" lon="-3.824967">
        <ele>18.054038</ele>
        <time>2026-09-18T16:40:11.228Z</time>
      </trkpt>
      <trkpt lat="43.467970" lon="-3.825078">
        <ele>18.283996</ele>
        <time>2026-09-18T16:40:14.541Z</time>
      </trkpt>
      <trkpt lat="43.467886" lon="-3.825215">
        <ele>18.476489</ele>
        <time>2026-09-18T16:40:17.266Z</time>
      </trkpt>
      <trkpt lat="43.467694" lon="-3.825625">
        <ele>19.000200</ele>
        <time>2026-09-18T16:40:24.673Z</time>
      </trkpt>
      <trkpt lat="43.467492" lon="-3.826159">
        <ele>19.646528</ele>
        <time>2026-09-18T16:40:33.112Z</time>
      </trkpt>
      <trkpt lat="43.467326" lon="-3.826736">
        <ele>20.081503</ele>
        <time>2026-09-18T16:40:40.344Z</time>
      </trkpt>
      <trkpt lat="43.467169" lon="-3.827557">
        <ele>20.621814</ele>
        <time>2026-09-18T16:40:50.435Z</time>
      </trkpt>
      <trkpt lat="43.467113" lon="-3.828079">
        <ele>20.957621</ele>
        <time>2026-09-18T16:40:57.439Z</time>
      </trkpt>
      <trkpt lat="43.467090" lon="-3.828681">
        <ele>21.366747</ele>
        <time>2026-09-18T16:41:06.285Z</time>
      </trkpt>
      <trkpt lat="43.467108" lon="-3.829293">
        <ele>22.269310</ele>
        <time>2026-09-18T16:41:16.017Z</time>
      </trkpt>
      <trkpt lat="43.467202" lon="-3.830344">
        <ele>23.829743</ele>
        <time>2026-09-18T16:41:34.243Z</time>
      </trkpt>
      <trkpt lat="43.467249" lon="-3.830663">
        <ele>24.309398</ele>
        <time>2026-09-18T16:41:39.794Z</time>
      </trkpt>
      <trkpt lat="43.467288" lon="-3.830790">
        <ele>24.512603</ele>
        <time>2026-09-18T16:41:42.216Z</time>
      </trkpt>
      <trkpt lat="43.467355" lon="-3.830831">
        <ele>24.661450</ele>
        <time>2026-09-18T16:41:43.950Z</time>
      </trkpt>
      <trkpt lat="43.467448" lon="-3.830967">
        <ele>24.936796</ele>
        <time>2026-09-18T16:41:47.221Z</time>
      </trkpt>
      <trkpt lat="43.467477" lon="-3.831119">
        <ele>25.206507</ele>
        <time>2026-09-18T16:41:49.991Z</time>
      </trkpt>
      <trkpt lat="43.467447" lon="-3.831305">
        <ele>25.542269</ele>
        <time>2026-09-18T16:41:53.328Z</time>
      </trkpt>
      <trkpt lat="43.467350" lon="-3.831443">
        <ele>25.880805</ele>
        <time>2026-09-18T16:41:56.682Z</time>
      </trkpt>
      <trkpt lat="43.467284" lon="-3.831657">
        <ele>26.290549</ele>
        <time>2026-09-18T16:42:00.751Z</time>
      </trkpt>
      <trkpt lat="43.467264" lon="-3.831868">
        <ele>26.665528</ele>
        <time>2026-09-18T16:42:04.481Z</time>
      </trkpt>
      <trkpt lat="43.467184" lon="-3.832492">
        <ele>27.782158</ele>
        <time>2026-09-18T16:42:15.596Z</time>
      </trkpt>
      <trkpt lat="43.467065" lon="-3.832988">
        <ele>28.702723</ele>
        <time>2026-09-18T16:42:24.837Z</time>
      </trkpt>
      <trkpt lat="43.466893" lon="-3.833435">
        <ele>29.576236</ele>
        <time>2026-09-18T16:42:34.309Z</time>
      </trkpt>
      <trkpt lat="43.466656" lon="-3.833938">
        <ele>30.557747</ele>
        <time>2026-09-18T16:42:45.458Z</time>
      </trkpt>
      <trkpt lat="43.466599" lon="-3.834128">
        <ele>30.894233</ele>
        <time>2026-09-18T16:42:49.291Z</time>
      </trkpt>
      <trkpt lat="43.466520" lon="-3.834481">
        <ele>31.498821</ele>
        <time>2026-09-18T16:42:56.422Z</time>
      </trkpt>
      <trkpt lat="43.466534" lon="-3.834561">
        <ele>31.633507</ele>
        <time>2026-09-18T16:42:57.899Z</time>
      </trkpt>
      <trkpt lat="43.466638" lon="-3.834644">
        <ele>31.904535</ele>
        <time>2026-09-18T16:43:00.777Z</time>
      </trkpt>
      <trkpt lat="43.466734" lon="-3.834666">
        <ele>32.123995</ele>
        <time>2026-09-18T16:43:02.953Z</time>
      </trkpt>
      <trkpt lat="43.467087" lon="-3.834452">
        <ele>32.993678</ele>
        <time>2026-09-18T16:43:11.257Z</time>
      </trkpt>
      <trkpt lat="43.467404" lon="-3.834392">
        <ele>33.616289</ele>
        <time>2026-09-18T16:43:17.878Z</time>
      </trkpt>
      <trkpt lat="43.467413" lon="-3.834485">
        <ele>33.722100</ele>
        <time>2026-09-18T16:43:22.572Z</time>
      </trkpt>
      <trkpt lat="43.467080" lon="-3.834549">
        <ele>34.244558</ele>
        <time>2026-09-18T16:43:31.108Z</time>
      </trkpt>
      <trkpt lat="43.467004" lon="-3.834605">
        <ele>34.378481</ele>
        <time>2026-09-18T16:43:33.230Z</time>
      </trkpt>
      <trkpt lat="43.466902" lon="-3.834929">
        <ele>34.776775</ele>
        <time>2026-09-18T16:43:39.938Z</time>
      </trkpt>
      <trkpt lat="43.466882" lon="-3.834992">
        <ele>34.854325</ele>
        <time>2026-09-18T16:43:41.352Z</time>
      </trkpt>
      <trkpt lat="43.466787" lon="-3.835323">
        <ele>35.255748</ele>
        <time>2026-09-18T16:43:48.507Z</time>
      </trkpt>
      <trkpt lat="43.466687" lon="-3.835672">
        <ele>35.678906</ele>
        <time>2026-09-18T16:43:55.488Z</time>
      </trkpt>
      <trkpt lat="43.466588" lon="-3.836022">
        <ele>36.102548</ele>
        <time>2026-09-18T16:44:02.994Z</time>
      </trkpt>
      <trkpt lat="43.466879" lon="-3.836193">
        <ele>36.115939</ele>
        <time>2026-09-18T16:44:11.670Z</time>
      </trkpt>
      <trkpt lat="43.467030" lon="-3.836320">
        <ele>36.064030</ele>
        <time>2026-09-18T16:44:16.312Z</time>
      </trkpt>
      <trkpt lat="43.467052" lon="-3.836338">
        <ele>36.056522</ele>
        <time>2026-09-18T16:44:16.973Z</time>
      </trkpt>
      <trkpt lat="43.467304" lon="-3.836584">
        <ele>35.965902</ele>
        <time>2026-09-18T16:44:24.584Z</time>
      </trkpt>
      <trkpt lat="43.467498" lon="-3.836784">
        <ele>35.894809</ele>
        <time>2026-09-18T16:44:29.740Z</time>
      </trkpt>
      <trkpt lat="43.467816" lon="-3.837017">
        <ele>35.789128</ele>
        <time>2026-09-18T16:44:35.995Z</time>
      </trkpt>
      <trkpt lat="43.467692" lon="-3.837493">
        <ele>35.681430</ele>
        <time>2026-09-18T16:44:41.586Z</time>
      </trkpt>
      <trkpt lat="43.467670" lon="-3.837755">
        <ele>35.214704</ele>
        <time>2026-09-18T16:44:44.389Z</time>
      </trkpt>
      <trkpt lat="43.467590" lon="-3.838204">
        <ele>34.076314</ele>
        <time>2026-09-18T16:44:49.227Z</time>
      </trkpt>
      <trkpt lat="43.467528" lon="-3.838377">
        <ele>33.601236</ele>
        <time>2026-09-18T16:44:51.228Z</time>
      </trkpt>
      <trkpt lat="43.467203" lon="-3.839006">
        <ele>31.700057</ele>
        <time>2026-09-18T16:44:59.172Z</time>
      </trkpt>
      <trkpt lat="43.466603" lon="-3.839999">
        <ele>28.591093</ele>
        <time>2026-09-18T16:45:12.541Z</time>
      </trkpt>
      <trkpt lat="43.466289" lon="-3.840433">
        <ele>27.187084</ele>
        <time>2026-09-18T16:45:19.025Z</time>
      </trkpt>
      <trkpt lat="43.466251" lon="-3.840499">
        <ele>26.994068</ele>
        <time>2026-09-18T16:45:19.914Z</time>
      </trkpt>
      <trkpt lat="43.466186" lon="-3.840607">
        <ele>26.672619</ele>
        <time>2026-09-18T16:45:21.393Z</time>
      </trkpt>
      <trkpt lat="43.465977" lon="-3.841025">
        <ele>25.509667</ele>
        <time>2026-09-18T16:45:26.695Z</time>
      </trkpt>
      <trkpt lat="43.465801" lon="-3.841376">
        <ele>24.532223</ele>
        <time>2026-09-18T16:45:31.185Z</time>
      </trkpt>
      <trkpt lat="43.465702" lon="-3.841351">
        <ele>24.214497</ele>
        <time>2026-09-18T16:45:32.672Z</time>
      </trkpt>
      <trkpt lat="43.465437" lon="-3.842246">
        <ele>23.584040</ele>
        <time>2026-09-18T16:45:43.668Z</time>
      </trkpt>
      <trkpt lat="43.465358" lon="-3.842441">
        <ele>23.502574</ele>
        <time>2026-09-18T16:45:46.538Z</time>
      </trkpt>
      <trkpt lat="43.465348" lon="-3.842578">
        <ele>23.452346</ele>
        <time>2026-09-18T16:45:48.363Z</time>
      </trkpt>
      <trkpt lat="43.465272" lon="-3.842904">
        <ele>23.327440</ele>
        <time>2026-09-18T16:45:53.119Z</time>
      </trkpt>
      <trkpt lat="43.465234" lon="-3.842982">
        <ele>23.293170</ele>
        <time>2026-09-18T16:45:54.487Z</time>
      </trkpt>
      <trkpt lat="43.465292" lon="-3.843112">
        <ele>23.237504</ele>
        <time>2026-09-18T16:45:56.869Z</time>
      </trkpt>
      <trkpt lat="43.465436" lon="-3.843479">
        <ele>23.085314</ele>
        <time>2026-09-18T16:46:04.013Z</time>
      </trkpt>
      <trkpt lat="43.465495" lon="-3.843710">
        <ele>22.995982</ele>
        <time>2026-09-18T16:46:08.671Z</time>
      </trkpt>
      <trkpt lat="43.465505" lon="-3.844122">
        <ele>23.421331</ele>
        <time>2026-09-18T16:46:17.002Z</time>
      </trkpt>
      <trkpt lat="43.465432" lon="-3.845492">
        <ele>25.066644</ele>
        <time>2026-09-18T16:46:45.284Z</time>
      </trkpt>
      <trkpt lat="43.465412" lon="-3.846666">
        <ele>26.266449</ele>
        <time>2026-09-18T16:47:07.161Z</time>
      </trkpt>
      <trkpt lat="43.465391" lon="-3.846904">
        <ele>26.440525</ele>
        <time>2026-09-18T16:47:11.472Z</time>
      </trkpt>
      <trkpt lat="43.465357" lon="-3.847394">
        <ele>26.797921</ele>
        <time>2026-09-18T16:47:20.170Z</time>
      </trkpt>
      <trkpt lat="43.465375" lon="-3.848223">
        <ele>27.400100</ele>
        <time>2026-09-18T16:47:34.651Z</time>
      </trkpt>
      <trkpt lat="43.465410" lon="-3.849650">
        <ele>27.324692</ele>
        <time>2026-09-18T16:47:57.943Z</time>
      </trkpt>
      <trkpt lat="43.465413" lon="-3.849778">
        <ele>27.267642</ele>
        <time>2026-09-18T16:47:59.702Z</time>
      </trkpt>
      <trkpt lat="43.465420" lon="-3.850053">
        <ele>27.145063</ele>
        <time>2026-09-18T16:48:03.361Z</time>
      </trkpt>
      <trkpt lat="43.465437" lon="-3.850706">
        <ele>26.853986</ele>
        <time>2026-09-18T16:48:11.536Z</time>
      </trkpt>
      <trkpt lat="43.465441" lon="-3.850865">
        <ele>26.783115</ele>
        <time>2026-09-18T16:48:13.409Z</time>
      </trkpt>
      <trkpt lat="43.465448" lon="-3.851148">
        <ele>26.656974</ele>
        <time>2026-09-18T16:48:16.665Z</time>
      </trkpt>
      <trkpt lat="43.465468" lon="-3.851961">
        <ele>25.462565</ele>
        <time>2026-09-18T16:48:25.598Z</time>
      </trkpt>
      <trkpt lat="43.465526" lon="-3.853511">
        <ele>23.122888</ele>
        <time>2026-09-18T16:48:43.185Z</time>
      </trkpt>
      <trkpt lat="43.465538" lon="-3.853664">
        <ele>22.892149</ele>
        <time>2026-09-18T16:48:44.982Z</time>
      </trkpt>
      <trkpt lat="43.465569" lon="-3.854047">
        <ele>22.354006</ele>
        <time>2026-09-18T16:48:49.485Z</time>
      </trkpt>
      <trkpt lat="43.465585" lon="-3.854261">
        <ele>22.053592</ele>
        <time>2026-09-18T16:48:52.017Z</time>
      </trkpt>
      <trkpt lat="43.465642" lon="-3.854856">
        <ele>21.215519</ele>
        <time>2026-09-18T16:48:59.041Z</time>
      </trkpt>
      <trkpt lat="43.465873" lon="-3.855731">
        <ele>19.915339</ele>
        <time>2026-09-18T16:49:09.615Z</time>
      </trkpt>
      <trkpt lat="43.465989" lon="-3.856148">
        <ele>19.395214</ele>
        <time>2026-09-18T16:49:14.606Z</time>
      </trkpt>
      <trkpt lat="43.466042" lon="-3.856444">
        <ele>19.252804</ele>
        <time>2026-09-18T16:49:18.082Z</time>
      </trkpt>
      <trkpt lat="43.466155" lon="-3.857092">
        <ele>18.941504</ele>
        <time>2026-09-18T16:49:26.099Z</time>
      </trkpt>
      <trkpt lat="43.466175" lon="-3.857218">
        <ele>18.881257</ele>
        <time>2026-09-18T16:49:27.731Z</time>
      </trkpt>
      <trkpt lat="43.466552" lon="-3.859391">
        <ele>18.651563</ele>
        <time>2026-09-18T16:50:02.815Z</time>
      </trkpt>
      <trkpt lat="43.466634" lon="-3.859846">
        <ele>18.826913</ele>
        <time>2026-09-18T16:50:10.566Z</time>
      </trkpt>
      <trkpt lat="43.466652" lon="-3.860198">
        <ele>18.958896</ele>
        <time>2026-09-18T16:50:16.426Z</time>
      </trkpt>
      <trkpt lat="43.466506" lon="-3.861003">
        <ele>19.190650</ele>
        <time>2026-09-18T16:50:30.096Z</time>
      </trkpt>
      <trkpt lat="43.466374" lon="-3.861647">
        <ele>19.067565</ele>
        <time>2026-09-18T16:50:41.036Z</time>
      </trkpt>
      <trkpt lat="43.466219" lon="-3.862368">
        <ele>18.929255</ele>
        <time>2026-09-18T16:50:49.369Z</time>
      </trkpt>
      <trkpt lat="43.466108" lon="-3.862883">
        <ele>18.830441</ele>
        <time>2026-09-18T16:50:54.377Z</time>
      </trkpt>
      <trkpt lat="43.465671" lon="-3.865030">
        <ele>17.068131</ele>
        <time>2026-09-18T16:51:12.458Z</time>
      </trkpt>
      <trkpt lat="43.465453" lon="-3.866030">
        <ele>16.756515</ele>
        <time>2026-09-18T16:51:22.720Z</time>
      </trkpt>
      <trkpt lat="43.465382" lon="-3.866375">
        <ele>16.982022</ele>
        <time>2026-09-18T16:51:27.075Z</time>
      </trkpt>
      <trkpt lat="43.465306" lon="-3.866756">
        <ele>17.230500</ele>
        <time>2026-09-18T16:51:32.396Z</time>
      </trkpt>
      <trkpt lat="43.465287" lon="-3.866992">
        <ele>17.379820</ele>
        <time>2026-09-18T16:51:35.822Z</time>
      </trkpt>
      <trkpt lat="43.465280" lon="-3.867169">
        <ele>17.491292</ele>
        <time>2026-09-18T16:51:38.354Z</time>
      </trkpt>
      <trkpt lat="43.465342" lon="-3.867345">
        <ele>17.614318</ele>
        <time>2026-09-18T16:51:41.360Z</time>
      </trkpt>
      <trkpt lat="43.465609" lon="-3.867633">
        <ele>17.908119</ele>
        <time>2026-09-18T16:51:48.959Z</time>
      </trkpt>
      <trkpt lat="43.465815" lon="-3.867802">
        <ele>18.129112</ele>
        <time>2026-09-18T16:51:54.145Z</time>
      </trkpt>
      <trkpt lat="43.466000" lon="-3.867928">
        <ele>18.345550</ele>
        <time>2026-09-18T16:51:58.633Z</time>
      </trkpt>
      <trkpt lat="43.466089" lon="-3.867981">
        <ele>18.447238</ele>
        <time>2026-09-18T16:52:00.594Z</time>
      </trkpt>
      <trkpt lat="43.466123" lon="-3.868097">
        <ele>18.542466</ele>
        <time>2026-09-18T16:52:02.487Z</time>
      </trkpt>
      <trkpt lat="43.466115" lon="-3.868163">
        <ele>18.593401</ele>
        <time>2026-09-18T16:52:03.465Z</time>
      </trkpt>
      <trkpt lat="43.466063" lon="-3.868252">
        <ele>18.680371</ele>
        <time>2026-09-18T16:52:05.208Z</time>
      </trkpt>
      <trkpt lat="43.465985" lon="-3.868598">
        <ele>18.956158</ele>
        <time>2026-09-18T16:52:10.479Z</time>
      </trkpt>
      <trkpt lat="43.465890" lon="-3.869294">
        <ele>19.495240</ele>
        <time>2026-09-18T16:52:20.394Z</time>
      </trkpt>
      <trkpt lat="43.465353" lon="-3.871856">
        <ele>20.017758</ele>
        <time>2026-09-18T16:52:50.423Z</time>
      </trkpt>
      <trkpt lat="43.465350" lon="-3.871923">
        <ele>20.020288</ele>
        <time>2026-09-18T16:52:51.084Z</time>
      </trkpt>
      <trkpt lat="43.465349" lon="-3.872264">
        <ele>20.024264</ele>
        <time>2026-09-18T16:52:54.439Z</time>
      </trkpt>
      <trkpt lat="43.465440" lon="-3.873061">
        <ele>19.517884</ele>
        <time>2026-09-18T16:53:01.918Z</time>
      </trkpt>
      <trkpt lat="43.465511" lon="-3.873655">
        <ele>19.140046</ele>
        <time>2026-09-18T16:53:07.178Z</time>
      </trkpt>
      <trkpt lat="43.465516" lon="-3.873708">
        <ele>19.106501</ele>
        <time>2026-09-18T16:53:07.622Z</time>
      </trkpt>
      <trkpt lat="43.465573" lon="-3.874285">
        <ele>18.741016</ele>
        <time>2026-09-18T16:53:12.542Z</time>
      </trkpt>
      <trkpt lat="43.465686" lon="-3.874813">
        <ele>18.479284</ele>
        <time>2026-09-18T16:53:17.518Z</time>
      </trkpt>
      <trkpt lat="43.465736" lon="-3.874882">
        <ele>18.480820</ele>
        <time>2026-09-18T16:53:18.426Z</time>
      </trkpt>
      <trkpt lat="43.465753" lon="-3.874963">
        <ele>18.482149</ele>
        <time>2026-09-18T16:53:19.242Z</time>
      </trkpt>
      <trkpt lat="43.465742" lon="-3.875047">
        <ele>18.483494</ele>
        <time>2026-09-18T16:53:20.060Z</time>
      </trkpt>
      <trkpt lat="43.465713" lon="-3.875114">
        <ele>18.484723</ele>
        <time>2026-09-18T16:53:20.808Z</time>
      </trkpt>
      <trkpt lat="43.465643" lon="-3.875172">
        <ele>18.486496</ele>
        <time>2026-09-18T16:53:21.936Z</time>
      </trkpt>
      <trkpt lat="43.465590" lon="-3.875178">
        <ele>18.487651</ele>
        <time>2026-09-18T16:53:22.673Z</time>
      </trkpt>
      <trkpt lat="43.465548" lon="-3.875162">
        <ele>18.488597</ele>
        <time>2026-09-18T16:53:23.289Z</time>
      </trkpt>
      <trkpt lat="43.465473" lon="-3.875049">
        <ele>18.491010</ele>
        <time>2026-09-18T16:53:24.870Z</time>
      </trkpt>
      <trkpt lat="43.465468" lon="-3.875032">
        <ele>18.491299</ele>
        <time>2026-09-18T16:53:25.057Z</time>
      </trkpt>
      <trkpt lat="43.465312" lon="-3.874838">
        <ele>18.495861</ele>
        <time>2026-09-18T16:53:28.189Z</time>
      </trkpt>
      <trkpt lat="43.465218" lon="-3.874709">
        <ele>18.498742</ele>
        <time>2026-09-18T16:53:30.208Z</time>
      </trkpt>
      <trkpt lat="43.465055" lon="-3.874521">
        <ele>18.503357</ele>
        <time>2026-09-18T16:53:33.562Z</time>
      </trkpt>
      <trkpt lat="43.464943" lon="-3.874479">
        <ele>18.505877</ele>
        <time>2026-09-18T16:53:35.476Z</time>
      </trkpt>
      <trkpt lat="43.464816" lon="-3.874490">
        <ele>18.508640</ele>
        <time>2026-09-18T16:53:37.682Z</time>
      </trkpt>
      <trkpt lat="43.464760" lon="-3.874525">
        <ele>18.509975</ele>
        <time>2026-09-18T16:53:38.798Z</time>
      </trkpt>
      <trkpt lat="43.464668" lon="-3.874591">
        <ele>18.512227</ele>
        <time>2026-09-18T16:53:40.703Z</time>
      </trkpt>
      <trkpt lat="43.464599" lon="-3.874688">
        <ele>18.514367</ele>
        <time>2026-09-18T16:53:42.504Z</time>
      </trkpt>
      <trkpt lat="43.464449" lon="-3.875338">
        <ele>18.591761</ele>
        <time>2026-09-18T16:53:51.110Z</time>
      </trkpt>
      <trkpt lat="43.464337" lon="-3.875704">
        <ele>18.645248</ele>
        <time>2026-09-18T16:53:55.850Z</time>
      </trkpt>
      <trkpt lat="43.464266" lon="-3.875919">
        <ele>18.677056</ele>
        <time>2026-09-18T16:53:58.606Z</time>
      </trkpt>
      <trkpt lat="43.464181" lon="-3.876196">
        <ele>18.717553</ele>
        <time>2026-09-18T16:54:02.042Z</time>
      </trkpt>
      <trkpt lat="43.464117" lon="-3.876536">
        <ele>18.764853</ele>
        <time>2026-09-18T16:54:05.693Z</time>
      </trkpt>
      <trkpt lat="43.464055" lon="-3.876973">
        <ele>18.824813</ele>
        <time>2026-09-18T16:54:10.175Z</time>
      </trkpt>
      <trkpt lat="43.464032" lon="-3.877665">
        <ele>18.954277</ele>
        <time>2026-09-18T16:54:17.130Z</time>
      </trkpt>
      <trkpt lat="43.464030" lon="-3.877899">
        <ele>19.002531</ele>
        <time>2026-09-18T16:54:19.576Z</time>
      </trkpt>
      <trkpt lat="43.464029" lon="-3.878025">
        <ele>19.028514</ele>
        <time>2026-09-18T16:54:20.859Z</time>
      </trkpt>
      <trkpt lat="43.464005" lon="-3.878794">
        <ele>19.187227</ele>
        <time>2026-09-18T16:54:29.464Z</time>
      </trkpt>
      <trkpt lat="43.464099" lon="-3.878899">
        <ele>19.221606</ele>
        <time>2026-09-18T16:54:31.476Z</time>
      </trkpt>
      <trkpt lat="43.464104" lon="-3.879019">
        <ele>19.246391</ele>
        <time>2026-09-18T16:54:32.886Z</time>
      </trkpt>
      <trkpt lat="43.464085" lon="-3.879074">
        <ele>19.258951</ele>
        <time>2026-09-18T16:54:33.701Z</time>
      </trkpt>
      <trkpt lat="43.464013" lon="-3.879142">
        <ele>19.283750</ele>
        <time>2026-09-18T16:54:35.167Z</time>
      </trkpt>
      <trkpt lat="43.463926" lon="-3.879132">
        <ele>19.308552</ele>
        <time>2026-09-18T16:54:36.779Z</time>
      </trkpt>
      <trkpt lat="43.463890" lon="-3.879097">
        <ele>19.321069</ele>
        <time>2026-09-18T16:54:37.579Z</time>
      </trkpt>
      <trkpt lat="43.463748" lon="-3.879285">
        <ele>19.422074</ele>
        <time>2026-09-18T16:54:41.535Z</time>
      </trkpt>
      <trkpt lat="43.463120" lon="-3.879845">
        <ele>20.231492</ele>
        <time>2026-09-18T16:54:56.417Z</time>
      </trkpt>
      <trkpt lat="43.462894" lon="-3.880142">
        <ele>20.569433</ele>
        <time>2026-09-18T16:55:02.649Z</time>
      </trkpt>
      <trkpt lat="43.462757" lon="-3.880425">
        <ele>20.836589</ele>
        <time>2026-09-18T16:55:07.460Z</time>
      </trkpt>
      <trkpt lat="43.462530" lon="-3.881176">
        <ele>21.322857</ele>
        <time>2026-09-18T16:55:18.523Z</time>
      </trkpt>
      <trkpt lat="43.462431" lon="-3.881421">
        <ele>21.343398</ele>
        <time>2026-09-18T16:55:22.015Z</time>
      </trkpt>
      <trkpt lat="43.462085" lon="-3.882392">
        <ele>21.422638</ele>
        <time>2026-09-18T16:55:34.728Z</time>
      </trkpt>
      <trkpt lat="43.462036" lon="-3.882562">
        <ele>21.436037</ele>
        <time>2026-09-18T16:55:36.731Z</time>
      </trkpt>
      <trkpt lat="43.461960" lon="-3.882820">
        <ele>21.456434</ele>
        <time>2026-09-18T16:55:39.590Z</time>
      </trkpt>
      <trkpt lat="43.461884" lon="-3.883117">
        <ele>21.479503</ele>
        <time>2026-09-18T16:55:42.591Z</time>
      </trkpt>
      <trkpt lat="43.461681" lon="-3.883973">
        <ele>20.813417</ele>
        <time>2026-09-18T16:55:50.419Z</time>
      </trkpt>
      <trkpt lat="43.461485" lon="-3.884788">
        <ele>20.065525</ele>
        <time>2026-09-18T16:55:57.475Z</time>
      </trkpt>
      <trkpt lat="43.461411" lon="-3.885102">
        <ele>19.777946</ele>
        <time>2026-09-18T16:56:00.228Z</time>
      </trkpt>
      <trkpt lat="43.461299" lon="-3.885414">
        <ele>19.474743</ele>
        <time>2026-09-18T16:56:03.241Z</time>
      </trkpt>
      <trkpt lat="43.461147" lon="-3.885666">
        <ele>19.238766</ele>
        <time>2026-09-18T16:56:06.165Z</time>
      </trkpt>
      <trkpt lat="43.461069" lon="-3.885790">
        <ele>19.146032</ele>
        <time>2026-09-18T16:56:07.668Z</time>
      </trkpt>
      <trkpt lat="43.461007" lon="-3.885935">
        <ele>19.050923</ele>
        <time>2026-09-18T16:56:09.258Z</time>
      </trkpt>
      <trkpt lat="43.460950" lon="-3.886346">
        <ele>18.814441</ele>
        <time>2026-09-18T16:56:13.268Z</time>
      </trkpt>
      <trkpt lat="43.460893" lon="-3.886757">
        <ele>18.577959</ele>
        <time>2026-09-18T16:56:17.207Z</time>
      </trkpt>
      <trkpt lat="43.460779" lon="-3.887246">
        <ele>18.287692</ele>
        <time>2026-09-18T16:56:22.028Z</time>
      </trkpt>
      <trkpt lat="43.460685" lon="-3.887471">
        <ele>18.140972</ele>
        <time>2026-09-18T16:56:24.551Z</time>
      </trkpt>
      <trkpt lat="43.460387" lon="-3.888086">
        <ele>17.642328</ele>
        <time>2026-09-18T16:56:31.288Z</time>
      </trkpt>
      <trkpt lat="43.460295" lon="-3.888447">
        <ele>17.341578</ele>
        <time>2026-09-18T16:56:34.574Z</time>
      </trkpt>
      <trkpt lat="43.460211" lon="-3.888921">
        <ele>16.958040</ele>
        <time>2026-09-18T16:56:38.666Z</time>
      </trkpt>
      <trkpt lat="43.460256" lon="-3.888981">
        <ele>16.890222</ele>
        <time>2026-09-18T16:56:39.697Z</time>
      </trkpt>
      <trkpt lat="43.460511" lon="-3.889735">
        <ele>16.236356</ele>
        <time>2026-09-18T16:56:49.917Z</time>
      </trkpt>
      <trkpt lat="43.460563" lon="-3.889964">
        <ele>16.047746</ele>
        <time>2026-09-18T16:56:52.958Z</time>
      </trkpt>
      <trkpt lat="43.460585" lon="-3.890077">
        <ele>15.967159</ele>
        <time>2026-09-18T16:56:54.435Z</time>
      </trkpt>
      <trkpt lat="43.460589" lon="-3.890258">
        <ele>15.887077</ele>
        <time>2026-09-18T16:56:56.761Z</time>
      </trkpt>
      <trkpt lat="43.460535" lon="-3.890492">
        <ele>15.778490</ele>
        <time>2026-09-18T16:56:59.955Z</time>
      </trkpt>
      <trkpt lat="43.460497" lon="-3.890611">
        <ele>15.720996</ele>
        <time>2026-09-18T16:57:01.658Z</time>
      </trkpt>
      <trkpt lat="43.460354" lon="-3.891143">
        <ele>15.470113</ele>
        <time>2026-09-18T16:57:09.122Z</time>
      </trkpt>
      <trkpt lat="43.460331" lon="-3.891462">
        <ele>15.328345</ele>
        <time>2026-09-18T16:57:13.377Z</time>
      </trkpt>
      <trkpt lat="43.460353" lon="-3.891792">
        <ele>15.181792</ele>
        <time>2026-09-18T16:57:17.857Z</time>
      </trkpt>
      <trkpt lat="43.460387" lon="-3.891980">
        <ele>15.096110</ele>
        <time>2026-09-18T16:57:20.540Z</time>
      </trkpt>
      <trkpt lat="43.460417" lon="-3.892091">
        <ele>15.043729</ele>
        <time>2026-09-18T16:57:22.175Z</time>
      </trkpt>
      <trkpt lat="43.460510" lon="-3.892279">
        <ele>14.943117</ele>
        <time>2026-09-18T16:57:25.345Z</time>
      </trkpt>
      <trkpt lat="43.460594" lon="-3.892387">
        <ele>14.874159</ele>
        <time>2026-09-18T16:57:27.509Z</time>
      </trkpt>
      <trkpt lat="43.461343" lon="-3.892878">
        <ele>14.409969</ele>
        <time>2026-09-18T16:57:43.219Z</time>
      </trkpt>
      <trkpt lat="43.461449" lon="-3.893038">
        <ele>14.321976</ele>
        <time>2026-09-18T16:57:46.116Z</time>
      </trkpt>
      <trkpt lat="43.461545" lon="-3.893426">
        <ele>14.155467</ele>
        <time>2026-09-18T16:57:51.577Z</time>
      </trkpt>
      <trkpt lat="43.461480" lon="-3.893616">
        <ele>14.070147</ele>
        <time>2026-09-18T16:57:54.324Z</time>
      </trkpt>
      <trkpt lat="43.461078" lon="-3.894869">
        <ele>13.771149</ele>
        <time>2026-09-18T16:58:11.872Z</time>
      </trkpt>
      <trkpt lat="43.460990" lon="-3.895215">
        <ele>13.727076</ele>
        <time>2026-09-18T16:58:16.807Z</time>
      </trkpt>
      <trkpt lat="43.460965" lon="-3.895390">
        <ele>13.705636</ele>
        <time>2026-09-18T16:58:19.295Z</time>
      </trkpt>
      <trkpt lat="43.460892" lon="-3.895985">
        <ele>13.633095</ele>
        <time>2026-09-18T16:58:28.209Z</time>
      </trkpt>
      <trkpt lat="43.460847" lon="-3.896308">
        <ele>13.593558</ele>
        <time>2026-09-18T16:58:33.474Z</time>
      </trkpt>
      <trkpt lat="43.460842" lon="-3.896702">
        <ele>13.788064</ele>
        <time>2026-09-18T16:58:40.309Z</time>
      </trkpt>
      <trkpt lat="43.460841" lon="-3.896879">
        <ele>13.912580</ele>
        <time>2026-09-18T16:58:43.607Z</time>
      </trkpt>
      <trkpt lat="43.460839" lon="-3.897025">
        <ele>14.015303</ele>
        <time>2026-09-18T16:58:46.379Z</time>
      </trkpt>
      <trkpt lat="43.461225" lon="-3.897294">
        <ele>14.434533</ele>
        <time>2026-09-18T16:58:57.764Z</time>
      </trkpt>
      <trkpt lat="43.461437" lon="-3.897368">
        <ele>14.646486</ele>
        <time>2026-09-18T16:59:03.447Z</time>
      </trkpt>
      <trkpt lat="43.461494" lon="-3.897438">
        <ele>14.720488</ele>
        <time>2026-09-18T16:59:05.377Z</time>
      </trkpt>
      <trkpt lat="43.461760" lon="-3.898107">
        <ele>15.257078</ele>
        <time>2026-09-18T16:59:18.443Z</time>
      </trkpt>
      <trkpt lat="43.461762" lon="-3.898369">
        <ele>15.358736</ele>
        <time>2026-09-18T16:59:22.586Z</time>
      </trkpt>
      <trkpt lat="43.461661" lon="-3.898560">
        <ele>15.407269</ele>
        <time>2026-09-18T16:59:26.222Z</time>
      </trkpt>
      <trkpt lat="43.461625" lon="-3.898686">
        <ele>15.435079</ele>
        <time>2026-09-18T16:59:28.283Z</time>
      </trkpt>
      <trkpt lat="43.461433" lon="-3.899537">
        <ele>15.618104</ele>
        <time>2026-09-18T16:59:41.050Z</time>
      </trkpt>
      <trkpt lat="43.461466" lon="-3.899710">
        <ele>15.654841</ele>
        <time>2026-09-18T16:59:43.572Z</time>
      </trkpt>
      <trkpt lat="43.461530" lon="-3.899778">
        <ele>15.677709</ele>
        <time>2026-09-18T16:59:45.162Z</time>
      </trkpt>
      <trkpt lat="43.461664" lon="-3.899874">
        <ele>15.720445</ele>
        <time>2026-09-18T16:59:48.203Z</time>
      </trkpt>
      <trkpt lat="43.461811" lon="-3.899931">
        <ele>15.763655</ele>
        <time>2026-09-18T16:59:51.393Z</time>
      </trkpt>
      <trkpt lat="43.462151" lon="-3.900424">
        <ele>16.209388</ele>
        <time>2026-09-18T17:00:02.800Z</time>
      </trkpt>
      <trkpt lat="43.462502" lon="-3.901018">
        <ele>17.057097</ele>
        <time>2026-09-18T17:00:17.462Z</time>
      </trkpt>
      <trkpt lat="43.462641" lon="-3.901080">
        <ele>17.279873</ele>
        <time>2026-09-18T17:00:21.474Z</time>
      </trkpt>
      <trkpt lat="43.462636" lon="-3.901161">
        <ele>17.369841</ele>
        <time>2026-09-18T17:00:22.757Z</time>
      </trkpt>
      <trkpt lat="43.462614" lon="-3.901653">
        <ele>17.915381</ele>
        <time>2026-09-18T17:00:30.951Z</time>
      </trkpt>
      <trkpt lat="43.462562" lon="-3.902763">
        <ele>18.987712</ele>
        <time>2026-09-18T17:00:49.104Z</time>
      </trkpt>
      <trkpt lat="43.462508" lon="-3.903054">
        <ele>19.227626</ele>
        <time>2026-09-18T17:00:53.692Z</time>
      </trkpt>
      <trkpt lat="43.462375" lon="-3.903362">
        <ele>19.513890</ele>
        <time>2026-09-18T17:00:58.908Z</time>
      </trkpt>
      <trkpt lat="43.462345" lon="-3.903488">
        <ele>19.619810</ele>
        <time>2026-09-18T17:01:00.729Z</time>
      </trkpt>
      <trkpt lat="43.462308" lon="-3.903807">
        <ele>19.877847</ele>
        <time>2026-09-18T17:01:04.983Z</time>
      </trkpt>
      <trkpt lat="43.462335" lon="-3.904086">
        <ele>20.102673</ele>
        <time>2026-09-18T17:01:08.418Z</time>
      </trkpt>
      <trkpt lat="43.462453" lon="-3.904625">
        <ele>20.552361</ele>
        <time>2026-09-18T17:01:14.962Z</time>
      </trkpt>
      <trkpt lat="43.462659" lon="-3.905561">
        <ele>21.335728</ele>
        <time>2026-09-18T17:01:27.138Z</time>
      </trkpt>
      <trkpt lat="43.462757" lon="-3.905978">
        <ele>21.686786</ele>
        <time>2026-09-18T17:01:33.394Z</time>
      </trkpt>
      <trkpt lat="43.462780" lon="-3.906096">
        <ele>21.784643</ele>
        <time>2026-09-18T17:01:35.146Z</time>
      </trkpt>
      <trkpt lat="43.462797" lon="-3.906202">
        <ele>21.871589</ele>
        <time>2026-09-18T17:01:36.708Z</time>
      </trkpt>
      <trkpt lat="43.462806" lon="-3.906276">
        <ele>21.931684</ele>
        <time>2026-09-18T17:01:37.784Z</time>
      </trkpt>
      <trkpt lat="43.462805" lon="-3.906645">
        <ele>22.227228</ele>
        <time>2026-09-18T17:01:43.334Z</time>
      </trkpt>
      <trkpt lat="43.462683" lon="-3.907049">
        <ele>22.589309</ele>
        <time>2026-09-18T17:01:50.263Z</time>
      </trkpt>
      <trkpt lat="43.462637" lon="-3.907229">
        <ele>22.789593</ele>
        <time>2026-09-18T17:01:53.381Z</time>
      </trkpt>
      <trkpt lat="43.462619" lon="-3.907338">
        <ele>22.906916</ele>
        <time>2026-09-18T17:01:55.205Z</time>
      </trkpt>
      <trkpt lat="43.462566" lon="-3.908291">
        <ele>23.910058</ele>
        <time>2026-09-18T17:02:10.610Z</time>
      </trkpt>
      <trkpt lat="43.462429" lon="-3.911275">
        <ele>26.886111</ele>
        <time>2026-09-18T17:02:52.405Z</time>
      </trkpt>
      <trkpt lat="43.462427" lon="-3.911821">
        <ele>27.410477</ele>
        <time>2026-09-18T17:03:00.704Z</time>
      </trkpt>
      <trkpt lat="43.462444" lon="-3.911936">
        <ele>27.525431</ele>
        <time>2026-09-18T17:03:02.508Z</time>
      </trkpt>
      <trkpt lat="43.462499" lon="-3.912067">
        <ele>27.816114</ele>
        <time>2026-09-18T17:03:04.926Z</time>
      </trkpt>
      <trkpt lat="43.462566" lon="-3.912154">
        <ele>28.059755</ele>
        <time>2026-09-18T17:03:07.017Z</time>
      </trkpt>
      <trkpt lat="43.462604" lon="-3.912340">
        <ele>28.430900</ele>
        <time>2026-09-18T17:03:10.273Z</time>
      </trkpt>
      <trkpt lat="43.462551" lon="-3.912526">
        <ele>28.814706</ele>
        <time>2026-09-18T17:03:13.740Z</time>
      </trkpt>
      <trkpt lat="43.462507" lon="-3.912580">
        <ele>28.970642</ele>
        <time>2026-09-18T17:03:15.152Z</time>
      </trkpt>
      <trkpt lat="43.462370" lon="-3.913045">
        <ele>29.934575</ele>
        <time>2026-09-18T17:03:24.404Z</time>
      </trkpt>
      <trkpt lat="43.462345" lon="-3.913301">
        <ele>30.430722</ele>
        <time>2026-09-18T17:03:29.483Z</time>
      </trkpt>
      <trkpt lat="43.462338" lon="-3.913465">
        <ele>30.746272</ele>
        <time>2026-09-18T17:03:32.767Z</time>
      </trkpt>
      <trkpt lat="43.462299" lon="-3.914372">
        <ele>32.617473</ele>
        <time>2026-09-18T17:03:50.593Z</time>
      </trkpt>
      <trkpt lat="43.462248" lon="-3.914838">
        <ele>34.063922</ele>
        <time>2026-09-18T17:04:00.433Z</time>
      </trkpt>
      <trkpt lat="43.462213" lon="-3.915113">
        <ele>34.920851</ele>
        <time>2026-09-18T17:04:06.577Z</time>
      </trkpt>
      <trkpt lat="43.462170" lon="-3.915462">
        <ele>36.007352</ele>
        <time>2026-09-18T17:04:14.696Z</time>
      </trkpt>
      <trkpt lat="43.462107" lon="-3.915953">
        <ele>37.537735</ele>
        <time>2026-09-18T17:04:26.529Z</time>
      </trkpt>
      <trkpt lat="43.462099" lon="-3.916014">
        <ele>37.727993</ele>
        <time>2026-09-18T17:04:28.069Z</time>
      </trkpt>
      <trkpt lat="43.461980" lon="-3.916918">
        <ele>40.606036</ele>
        <time>2026-09-18T17:04:51.037Z</time>
      </trkpt>
      <trkpt lat="43.461955" lon="-3.917127">
        <ele>41.313333</ele>
        <time>2026-09-18T17:04:56.555Z</time>
      </trkpt>
      <trkpt lat="43.461918" lon="-3.917404">
        <ele>42.253812</ele>
        <time>2026-09-18T17:05:03.847Z</time>
      </trkpt>
      <trkpt lat="43.461777" lon="-3.918500">
        <ele>45.970578</ele>
        <time>2026-09-18T17:05:32.129Z</time>
      </trkpt>
      <trkpt lat="43.461722" lon="-3.918928">
        <ele>47.421968</ele>
        <time>2026-09-18T17:05:41.868Z</time>
      </trkpt>
      <trkpt lat="43.461632" lon="-3.919627">
        <ele>49.468823</ele>
        <time>2026-09-18T17:05:56.027Z</time>
      </trkpt>
      <trkpt lat="43.461456" lon="-3.920982">
        <ele>53.153323</ele>
        <time>2026-09-18T17:06:25.918Z</time>
      </trkpt>
      <trkpt lat="43.461447" lon="-3.921051">
        <ele>53.340972</ele>
        <time>2026-09-18T17:06:27.536Z</time>
      </trkpt>
      <trkpt lat="43.461432" lon="-3.921175">
        <ele>53.677457</ele>
        <time>2026-09-18T17:06:30.253Z</time>
      </trkpt>
      <trkpt lat="43.461382" lon="-3.921562">
        <ele>54.729613</ele>
        <time>2026-09-18T17:06:38.599Z</time>
      </trkpt>
      <trkpt lat="43.461349" lon="-3.921824">
        <ele>55.341066</ele>
        <time>2026-09-18T17:06:44.192Z</time>
      </trkpt>
      <trkpt lat="43.461288" lon="-3.922307">
        <ele>56.449979</ele>
        <time>2026-09-18T17:06:54.463Z</time>
      </trkpt>
      <trkpt lat="43.461277" lon="-3.922392">
        <ele>56.645273</ele>
        <time>2026-09-18T17:06:56.247Z</time>
      </trkpt>
      <trkpt lat="43.461247" lon="-3.922625">
        <ele>57.180524</ele>
        <time>2026-09-18T17:07:01.166Z</time>
      </trkpt>
      <trkpt lat="43.461188" lon="-3.923054">
        <ele>58.168146</ele>
        <time>2026-09-18T17:07:09.756Z</time>
      </trkpt>
      <trkpt lat="43.461023" lon="-3.924349">
        <ele>61.202025</ele>
        <time>2026-09-18T17:07:33.709Z</time>
      </trkpt>
      <trkpt lat="43.460935" lon="-3.925035">
        <ele>62.904808</ele>
        <time>2026-09-18T17:07:48.008Z</time>
      </trkpt>
      <trkpt lat="43.460860" lon="-3.925671">
        <ele>64.479776</ele>
        <time>2026-09-18T17:08:01.783Z</time>
      </trkpt>
      <trkpt lat="43.460815" lon="-3.926000">
        <ele>65.298111</ele>
        <time>2026-09-18T17:08:09.204Z</time>
      </trkpt>
      <trkpt lat="43.460661" lon="-3.926431">
        <ele>66.471027</ele>
        <time>2026-09-18T17:08:19.486Z</time>
      </trkpt>
      <trkpt lat="43.460561" lon="-3.926742">
        <ele>67.235290</ele>
        <time>2026-09-18T17:08:26.420Z</time>
      </trkpt>
      <trkpt lat="43.460463" lon="-3.927310">
        <ele>68.547060</ele>
        <time>2026-09-18T17:08:38.334Z</time>
      </trkpt>
      <trkpt lat="43.460455" lon="-3.927366">
        <ele>68.675298</ele>
        <time>2026-09-18T17:08:39.478Z</time>
      </trkpt>
      <trkpt lat="43.460412" lon="-3.927613">
        <ele>69.246009</ele>
        <time>2026-09-18T17:08:44.425Z</time>
      </trkpt>
      <trkpt lat="43.460368" lon="-3.927833">
        <ele>69.758739</ele>
        <time>2026-09-18T17:08:48.819Z</time>
      </trkpt>
      <trkpt lat="43.460276" lon="-3.928084">
        <ele>70.390525</ele>
        <time>2026-09-18T17:08:54.146Z</time>
      </trkpt>
      <trkpt lat="43.460228" lon="-3.928171">
        <ele>70.636062</ele>
        <time>2026-09-18T17:08:56.231Z</time>
      </trkpt>
      <trkpt lat="43.460152" lon="-3.928292">
        <ele>70.995588</ele>
        <time>2026-09-18T17:08:59.269Z</time>
      </trkpt>
      <trkpt lat="43.460004" lon="-3.928480">
        <ele>71.618737</ele>
        <time>2026-09-18T17:09:04.569Z</time>
      </trkpt>
      <trkpt lat="43.459860" lon="-3.928662">
        <ele>72.242228</ele>
        <time>2026-09-18T17:09:09.723Z</time>
      </trkpt>
      <trkpt lat="43.459696" lon="-3.928863">
        <ele>72.984849</ele>
        <time>2026-09-18T17:09:15.414Z</time>
      </trkpt>
      <trkpt lat="43.459432" lon="-3.929039">
        <ele>73.977085</ele>
        <time>2026-09-18T17:09:22.883Z</time>
      </trkpt>
      <trkpt lat="43.459317" lon="-3.929107">
        <ele>74.400473</ele>
        <time>2026-09-18T17:09:26.168Z</time>
      </trkpt>
      <trkpt lat="43.459175" lon="-3.929239">
        <ele>74.980017</ele>
        <time>2026-09-18T17:09:30.707Z</time>
      </trkpt>
      <trkpt lat="43.459024" lon="-3.929435">
        <ele>75.681907</ele>
        <time>2026-09-18T17:09:36.469Z</time>
      </trkpt>
      <trkpt lat="43.458961" lon="-3.929646">
        <ele>76.242192</ele>
        <time>2026-09-18T17:09:41.296Z</time>
      </trkpt>
      <trkpt lat="43.458950" lon="-3.929716">
        <ele>76.418075</ele>
        <time>2026-09-18T17:09:42.868Z</time>
      </trkpt>
      <trkpt lat="43.458912" lon="-3.929770">
        <ele>76.602773</ele>
        <time>2026-09-18T17:09:44.525Z</time>
      </trkpt>
      <trkpt lat="43.458836" lon="-3.929777">
        <ele>76.860468</ele>
        <time>2026-09-18T17:09:46.871Z</time>
      </trkpt>
      <trkpt lat="43.458734" lon="-3.929896">
        <ele>77.312667</ele>
        <time>2026-09-18T17:09:51.066Z</time>
      </trkpt>
      <trkpt lat="43.458429" lon="-3.930522">
        <ele>79.443192</ele>
        <time>2026-09-18T17:10:08.841Z</time>
      </trkpt>
      <trkpt lat="43.458212" lon="-3.930887">
        <ele>80.908169</ele>
        <time>2026-09-18T17:10:20.004Z</time>
      </trkpt>
      <trkpt lat="43.458122" lon="-3.931010">
        <ele>81.450467</ele>
        <time>2026-09-18T17:10:24.414Z</time>
      </trkpt>
      <trkpt lat="43.457730" lon="-3.931474">
        <ele>83.661272</ele>
        <time>2026-09-18T17:10:41.641Z</time>
      </trkpt>
      <trkpt lat="43.457514" lon="-3.931710">
        <ele>84.840574</ele>
        <time>2026-09-18T17:10:49.747Z</time>
      </trkpt>
      <trkpt lat="43.457330" lon="-3.931891">
        <ele>85.806397</ele>
        <time>2026-09-18T17:10:56.209Z</time>
      </trkpt>
      <trkpt lat="43.456557" lon="-3.932671">
        <ele>88.766248</ele>
        <time>2026-09-18T17:11:25.697Z</time>
      </trkpt>
      <trkpt lat="43.456384" lon="-3.932869">
        <ele>89.461018</ele>
        <time>2026-09-18T17:11:31.983Z</time>
      </trkpt>
      <trkpt lat="43.456100" lon="-3.933247">
        <ele>90.680879</ele>
        <time>2026-09-18T17:11:41.959Z</time>
      </trkpt>
      <trkpt lat="43.455830" lon="-3.933690">
        <ele>91.378611</ele>
        <time>2026-09-18T17:11:51.798Z</time>
      </trkpt>
      <trkpt lat="43.454495" lon="-3.936448">
        <ele>91.070325</ele>
        <time>2026-09-18T17:12:24.048Z</time>
      </trkpt>
      <trkpt lat="43.454313" lon="-3.936931">
        <ele>90.843153</ele>
        <time>2026-09-18T17:12:29.132Z</time>
      </trkpt>
      <trkpt lat="43.453769" lon="-3.939050">
        <ele>90.772912</ele>
        <time>2026-09-18T17:12:50.165Z</time>
      </trkpt>
      <trkpt lat="43.453594" lon="-3.939589">
        <ele>90.885533</ele>
        <time>2026-09-18T17:12:58.403Z</time>
      </trkpt>
      <trkpt lat="43.453096" lon="-3.940821">
        <ele>91.285688</ele>
        <time>2026-09-18T17:13:21.019Z</time>
      </trkpt>
      <trkpt lat="43.452626" lon="-3.941923">
        <ele>91.705962</ele>
        <time>2026-09-18T17:13:36.618Z</time>
      </trkpt>
      <trkpt lat="43.452280" lon="-3.942670">
        <ele>91.256513</ele>
        <time>2026-09-18T17:13:43.513Z</time>
      </trkpt>
      <trkpt lat="43.452137" lon="-3.942908">
        <ele>90.998596</ele>
        <time>2026-09-18T17:13:45.873Z</time>
      </trkpt>
      <trkpt lat="43.451905" lon="-3.943224">
        <ele>90.623394</ele>
        <time>2026-09-18T17:13:49.423Z</time>
      </trkpt>
      <trkpt lat="43.451628" lon="-3.943529">
        <ele>90.215586</ele>
        <time>2026-09-18T17:13:53.556Z</time>
      </trkpt>
      <trkpt lat="43.451226" lon="-3.943834">
        <ele>89.748482</ele>
        <time>2026-09-18T17:14:00.060Z</time>
      </trkpt>
      <trkpt lat="43.451141" lon="-3.943895">
        <ele>89.848813</ele>
        <time>2026-09-18T17:14:01.737Z</time>
      </trkpt>
      <trkpt lat="43.450323" lon="-3.944351">
        <ele>90.772581</ele>
        <time>2026-09-18T17:14:20.100Z</time>
      </trkpt>
      <trkpt lat="43.448773" lon="-3.945195">
        <ele>91.891307</ele>
        <time>2026-09-18T17:14:52.533Z</time>
      </trkpt>
      <trkpt lat="43.448472" lon="-3.945447">
        <ele>92.007731</ele>
        <time>2026-09-18T17:14:57.829Z</time>
      </trkpt>
      <trkpt lat="43.447978" lon="-3.946096">
        <ele>92.524935</ele>
        <time>2026-09-18T17:15:05.902Z</time>
      </trkpt>
      <trkpt lat="43.447699" lon="-3.946516">
        <ele>93.754572</ele>
        <time>2026-09-18T17:15:12.534Z</time>
      </trkpt>
      <trkpt lat="43.447668" lon="-3.946568">
        <ele>93.899906</ele>
        <time>2026-09-18T17:15:13.424Z</time>
      </trkpt>
      <trkpt lat="43.447461" lon="-3.946884">
        <ele>94.819233</ele>
        <time>2026-09-18T17:15:20.498Z</time>
      </trkpt>
      <trkpt lat="43.447352" lon="-3.947036">
        <ele>95.280707</ele>
        <time>2026-09-18T17:15:24.611Z</time>
      </trkpt>
      <trkpt lat="43.447226" lon="-3.947018">
        <ele>95.657588</ele>
        <time>2026-09-18T17:15:29.079Z</time>
      </trkpt>
      <trkpt lat="43.446903" lon="-3.947346">
        <ele>96.851499</ele>
        <time>2026-09-18T17:15:44.638Z</time>
      </trkpt>
      <trkpt lat="43.446436" lon="-3.947193">
        <ele>99.080739</ele>
        <time>2026-09-18T17:16:08.142Z</time>
      </trkpt>
      <trkpt lat="43.446148" lon="-3.947112">
        <ele>100.913010</ele>
        <time>2026-09-18T17:16:24.919Z</time>
      </trkpt>
      <trkpt lat="43.445655" lon="-3.947058">
        <ele>103.995792</ele>
        <time>2026-09-18T17:16:50.844Z</time>
      </trkpt>
      <trkpt lat="43.445557" lon="-3.947066">
        <ele>104.607740</ele>
        <time>2026-09-18T17:16:55.612Z</time>
      </trkpt>
      <trkpt lat="43.445302" lon="-3.947159">
        <ele>106.252043</ele>
        <time>2026-09-18T17:17:07.506Z</time>
      </trkpt>
      <trkpt lat="43.445131" lon="-3.947269">
        <ele>107.428481</ele>
        <time>2026-09-18T17:17:15.214Z</time>
      </trkpt>
      <trkpt lat="43.445031" lon="-3.947286">
        <ele>108.056554</ele>
        <time>2026-09-18T17:17:18.957Z</time>
      </trkpt>
      <trkpt lat="43.444957" lon="-3.947298">
        <ele>108.521013</ele>
        <time>2026-09-18T17:17:21.622Z</time>
      </trkpt>
      <trkpt lat="43.444361" lon="-3.947261">
        <ele>107.565725</ele>
        <time>2026-09-18T17:17:38.253Z</time>
      </trkpt>
      <trkpt lat="43.444205" lon="-3.947338">
        <ele>107.211256</ele>
        <time>2026-09-18T17:17:41.189Z</time>
      </trkpt>
      <trkpt lat="43.443935" lon="-3.947362">
        <ele>106.632517</ele>
        <time>2026-09-18T17:17:45.314Z</time>
      </trkpt>
      <trkpt lat="43.443605" lon="-3.947526">
        <ele>105.882093</ele>
        <time>2026-09-18T17:17:50.165Z</time>
      </trkpt>
      <trkpt lat="43.443143" lon="-3.947580">
        <ele>104.832262</ele>
        <time>2026-09-18T17:17:56.210Z</time>
      </trkpt>
      <trkpt lat="43.442974" lon="-3.947771">
        <ele>103.144447</ele>
        <time>2026-09-18T17:17:58.985Z</time>
      </trkpt>
      <trkpt lat="43.442626" lon="-3.947935">
        <ele>100.304783</ele>
        <time>2026-09-18T17:18:03.562Z</time>
      </trkpt>
      <trkpt lat="43.442174" lon="-3.948057">
        <ele>96.748733</ele>
        <time>2026-09-18T17:18:09.230Z</time>
      </trkpt>
      <trkpt lat="43.441753" lon="-3.948285">
        <ele>93.256145</ele>
        <time>2026-09-18T17:18:14.917Z</time>
      </trkpt>
      <trkpt lat="43.441561" lon="-3.948293">
        <ele>91.773129</ele>
        <time>2026-09-18T17:18:17.394Z</time>
      </trkpt>
      <trkpt lat="43.441477" lon="-3.948343">
        <ele>91.066630</ele>
        <time>2026-09-18T17:18:18.588Z</time>
      </trkpt>
      <trkpt lat="43.441327" lon="-3.948361">
        <ele>89.928015</ele>
        <time>2026-09-18T17:18:20.569Z</time>
      </trkpt>
      <trkpt lat="43.441179" lon="-3.948351">
        <ele>88.808323</ele>
        <time>2026-09-18T17:18:22.514Z</time>
      </trkpt>
      <trkpt lat="43.440456" lon="-3.948122">
        <ele>83.202432</ele>
        <time>2026-09-18T17:18:32.147Z</time>
      </trkpt>
      <trkpt lat="43.440311" lon="-3.948076">
        <ele>82.078062</ele>
        <time>2026-09-18T17:18:34.042Z</time>
      </trkpt>
      <trkpt lat="43.440140" lon="-3.948073">
        <ele>80.785813</ele>
        <time>2026-09-18T17:18:36.206Z</time>
      </trkpt>
      <trkpt lat="43.439973" lon="-3.948109">
        <ele>79.508529</ele>
        <time>2026-09-18T17:18:38.331Z</time>
      </trkpt>
      <trkpt lat="43.439803" lon="-3.948189">
        <ele>78.151021</ele>
        <time>2026-09-18T17:18:40.559Z</time>
      </trkpt>
      <trkpt lat="43.439271" lon="-3.948554">
        <ele>71.472561</ele>
        <time>2026-09-18T17:18:47.772Z</time>
      </trkpt>
      <trkpt lat="43.438922" lon="-3.948649">
        <ele>67.226828</ele>
        <time>2026-09-18T17:18:51.979Z</time>
      </trkpt>
      <trkpt lat="43.438484" lon="-3.948600">
        <ele>61.982281</ele>
        <time>2026-09-18T17:18:57.163Z</time>
      </trkpt>
      <trkpt lat="43.438091" lon="-3.948678">
        <ele>57.243551</ele>
        <time>2026-09-18T17:19:01.869Z</time>
      </trkpt>
      <trkpt lat="43.438089" lon="-3.948811">
        <ele>56.090741</ele>
        <time>2026-09-18T17:19:03.020Z</time>
      </trkpt>
      <trkpt lat="43.438188" lon="-3.949026">
        <ele>54.091210</ele>
        <time>2026-09-18T17:19:05.219Z</time>
      </trkpt>
      <trkpt lat="43.438065" lon="-3.949151">
        <ele>52.447756</ele>
        <time>2026-09-18T17:19:07.048Z</time>
      </trkpt>
      <trkpt lat="43.437849" lon="-3.949275">
        <ele>49.931831</ele>
        <time>2026-09-18T17:19:09.834Z</time>
      </trkpt>
      <trkpt lat="43.437768" lon="-3.949267">
        <ele>49.058753</ele>
        <time>2026-09-18T17:19:10.790Z</time>
      </trkpt>
      <trkpt lat="43.437686" lon="-3.949217">
        <ele>48.094614</ele>
        <time>2026-09-18T17:19:11.867Z</time>
      </trkpt>
      <trkpt lat="43.437522" lon="-3.949047">
        <ele>45.887785</ele>
        <time>2026-09-18T17:19:14.336Z</time>
      </trkpt>
      <trkpt lat="43.437331" lon="-3.948790">
        <ele>43.016893</ele>
        <time>2026-09-18T17:19:17.582Z</time>
      </trkpt>
      <trkpt lat="43.437190" lon="-3.948595">
        <ele>40.868547</ele>
        <time>2026-09-18T17:19:20.021Z</time>
      </trkpt>
      <trkpt lat="43.437033" lon="-3.948309">
        <ele>38.069594</ele>
        <time>2026-09-18T17:19:23.230Z</time>
      </trkpt>
      <trkpt lat="43.436948" lon="-3.948208">
        <ele>36.862609</ele>
        <time>2026-09-18T17:19:24.629Z</time>
      </trkpt>
      <trkpt lat="43.436145" lon="-3.947669">
        <ele>29.506054</ele>
        <time>2026-09-18T17:19:35.862Z</time>
      </trkpt>
      <trkpt lat="43.435671" lon="-3.947242">
        <ele>24.876731</ele>
        <time>2026-09-18T17:19:42.953Z</time>
      </trkpt>
      <trkpt lat="43.435479" lon="-3.947134">
        <ele>23.181626</ele>
        <time>2026-09-18T17:19:45.563Z</time>
      </trkpt>
      <trkpt lat="43.435150" lon="-3.947035">
        <ele>20.791032</ele>
        <time>2026-09-18T17:19:49.786Z</time>
      </trkpt>
      <trkpt lat="43.435089" lon="-3.947023">
        <ele>20.408758</ele>
        <time>2026-09-18T17:19:50.558Z</time>
      </trkpt>
      <trkpt lat="43.435018" lon="-3.947402">
        <ele>18.645490</ele>
        <time>2026-09-18T17:19:54.148Z</time>
      </trkpt>
      <trkpt lat="43.434486" lon="-3.947186">
        <ele>15.204607</ele>
        <time>2026-09-18T17:19:59.127Z</time>
      </trkpt>
      <trkpt lat="43.434289" lon="-3.947067">
        <ele>13.870049</ele>
        <time>2026-09-18T17:20:01.109Z</time>
      </trkpt>
      <trkpt lat="43.434012" lon="-3.946733">
        <ele>11.585950</ele>
        <time>2026-09-18T17:20:04.600Z</time>
      </trkpt>
      <trkpt lat="43.433933" lon="-3.946631">
        <ele>10.914125</ele>
        <time>2026-09-18T17:20:05.650Z</time>
      </trkpt>
      <trkpt lat="43.433718" lon="-3.946350">
        <ele>10.810005</ele>
        <time>2026-09-18T17:20:08.603Z</time>
      </trkpt>
      <trkpt lat="43.433572" lon="-3.946202">
        <ele>10.834934</ele>
        <time>2026-09-18T17:20:10.559Z</time>
      </trkpt>
      <trkpt lat="43.433074" lon="-3.945808">
        <ele>10.913909</ele>
        <time>2026-09-18T17:20:19.729Z</time>
      </trkpt>
      <trkpt lat="43.432882" lon="-3.945773">
        <ele>10.940541</ele>
        <time>2026-09-18T17:20:24.042Z</time>
      </trkpt>
      <trkpt lat="43.432659" lon="-3.945835">
        <ele>10.971823</ele>
        <time>2026-09-18T17:20:29.371Z</time>
      </trkpt>
      <trkpt lat="43.432623" lon="-3.945845">
        <ele>10.976873</ele>
        <time>2026-09-18T17:20:30.263Z</time>
      </trkpt>
      <trkpt lat="43.432516" lon="-3.945891">
        <ele>10.992287</ele>
        <time>2026-09-18T17:20:33.065Z</time>
      </trkpt>
      <trkpt lat="43.432340" lon="-3.946042">
        <ele>11.044324</ele>
        <time>2026-09-18T17:20:38.533Z</time>
      </trkpt>
      <trkpt lat="43.432277" lon="-3.946145">
        <ele>11.348477</ele>
        <time>2026-09-18T17:20:41.269Z</time>
      </trkpt>
      <trkpt lat="43.432228" lon="-3.946257">
        <ele>11.643793</ele>
        <time>2026-09-18T17:20:44.012Z</time>
      </trkpt>
      <trkpt lat="43.431822" lon="-3.947747">
        <ele>15.238137</ele>
        <time>2026-09-18T17:21:17.442Z</time>
      </trkpt>
      <trkpt lat="43.431725" lon="-3.948011">
        <ele>15.906373</ele>
        <time>2026-09-18T17:21:22.720Z</time>
      </trkpt>
      <trkpt lat="43.431654" lon="-3.948080">
        <ele>16.176647</ele>
        <time>2026-09-18T17:21:24.788Z</time>
      </trkpt>
      <trkpt lat="43.431513" lon="-3.948127">
        <ele>16.628213</ele>
        <time>2026-09-18T17:21:28.364Z</time>
      </trkpt>
      <trkpt lat="43.431300" lon="-3.948072">
        <ele>17.320008</ele>
        <time>2026-09-18T17:21:33.941Z</time>
      </trkpt>
      <trkpt lat="43.430715" lon="-3.947912">
        <ele>19.223939</ele>
        <time>2026-09-18T17:21:49.557Z</time>
      </trkpt>
      <trkpt lat="43.430571" lon="-3.947770">
        <ele>19.789333</ele>
        <time>2026-09-18T17:21:54.485Z</time>
      </trkpt>
      <trkpt lat="43.430500" lon="-3.947551">
        <ele>20.345317</ele>
        <time>2026-09-18T17:21:59.527Z</time>
      </trkpt>
      <trkpt lat="43.430516" lon="-3.947321">
        <ele>20.880949</ele>
        <time>2026-09-18T17:22:04.381Z</time>
      </trkpt>
      <trkpt lat="43.430543" lon="-3.947230">
        <ele>21.108835</ele>
        <time>2026-09-18T17:22:06.391Z</time>
      </trkpt>
      <trkpt lat="43.430600" lon="-3.947137">
        <ele>21.390951</ele>
        <time>2026-09-18T17:22:08.926Z</time>
      </trkpt>
      <trkpt lat="43.430903" lon="-3.946818">
        <ele>22.569670</ele>
        <time>2026-09-18T17:22:20.134Z</time>
      </trkpt>
      <trkpt lat="43.430970" lon="-3.946708">
        <ele>22.851422</ele>
        <time>2026-09-18T17:22:23.369Z</time>
      </trkpt>
      <trkpt lat="43.431013" lon="-3.946636">
        <ele>23.034367</ele>
        <time>2026-09-18T17:22:25.425Z</time>
      </trkpt>
      <trkpt lat="43.431056" lon="-3.946271">
        <ele>23.760040</ele>
        <time>2026-09-18T17:22:33.575Z</time>
      </trkpt>
      <trkpt lat="43.431036" lon="-3.945951">
        <ele>24.390358</ele>
        <time>2026-09-18T17:22:40.071Z</time>
      </trkpt>
      <trkpt lat="43.430961" lon="-3.945673">
        <ele>24.972362</ele>
        <time>2026-09-18T17:22:45.476Z</time>
      </trkpt>
      <trkpt lat="43.430833" lon="-3.945434">
        <ele>25.555154</ele>
        <time>2026-09-18T17:22:50.632Z</time>
      </trkpt>
      <trkpt lat="43.430715" lon="-3.945337">
        <ele>25.926535</ele>
        <time>2026-09-18T17:22:53.783Z</time>
      </trkpt>
      <trkpt lat="43.430411" lon="-3.945308">
        <ele>26.750034</ele>
        <time>2026-09-18T17:23:00.688Z</time>
      </trkpt>
      <trkpt lat="43.430001" lon="-3.945104">
        <ele>27.753093</ele>
        <time>2026-09-18T17:23:10.191Z</time>
      </trkpt>
      <trkpt lat="43.429796" lon="-3.944604">
        <ele>28.602941</ele>
        <time>2026-09-18T17:23:18.713Z</time>
      </trkpt>
      <trkpt lat="43.429704" lon="-3.944470">
        <ele>28.875878</ele>
        <time>2026-09-18T17:23:21.420Z</time>
      </trkpt>
      <trkpt lat="43.429334" lon="-3.944090">
        <ele>29.816626</ele>
        <time>2026-09-18T17:23:31.354Z</time>
      </trkpt>
      <trkpt lat="43.429099" lon="-3.943797">
        <ele>30.462746</ele>
        <time>2026-09-18T17:23:39.409Z</time>
      </trkpt>
      <trkpt lat="43.428843" lon="-3.943348">
        <ele>31.431490</ele>
        <time>2026-09-18T17:23:50.862Z</time>
      </trkpt>
      <trkpt lat="43.428643" lon="-3.942973">
        <ele>32.320408</ele>
        <time>2026-09-18T17:24:00.116Z</time>
      </trkpt>
      <trkpt lat="43.428551" lon="-3.942725">
        <ele>32.852472</ele>
        <time>2026-09-18T17:24:05.445Z</time>
      </trkpt>
      <trkpt lat="43.428309" lon="-3.941853">
        <ele>34.636010</ele>
        <time>2026-09-18T17:24:22.455Z</time>
      </trkpt>
      <trkpt lat="43.428159" lon="-3.941465">
        <ele>35.475814</ele>
        <time>2026-09-18T17:24:30.048Z</time>
      </trkpt>
      <trkpt lat="43.427970" lon="-3.941228">
        <ele>35.967263</ele>
        <time>2026-09-18T17:24:36.108Z</time>
      </trkpt>
      <trkpt lat="43.427726" lon="-3.941042">
        <ele>36.452450</ele>
        <time>2026-09-18T17:24:42.681Z</time>
      </trkpt>
      <trkpt lat="43.427316" lon="-3.940819">
        <ele>37.219344</ele>
        <time>2026-09-18T17:24:52.832Z</time>
      </trkpt>
      <trkpt lat="43.427037" lon="-3.940665">
        <ele>37.742259</ele>
        <time>2026-09-18T17:24:59.363Z</time>
      </trkpt>
      <trkpt lat="43.426810" lon="-3.940546">
        <ele>38.164816</ele>
        <time>2026-09-18T17:25:04.650Z</time>
      </trkpt>
      <trkpt lat="43.426583" lon="-3.940427">
        <ele>38.587375</ele>
        <time>2026-09-18T17:25:09.620Z</time>
      </trkpt>
      <trkpt lat="43.426515" lon="-3.940418">
        <ele>38.706217</ele>
        <time>2026-09-18T17:25:10.903Z</time>
      </trkpt>
      <trkpt lat="43.426375" lon="-3.940474">
        <ele>38.560379</ele>
        <time>2026-09-18T17:25:13.545Z</time>
      </trkpt>
      <trkpt lat="43.426283" lon="-3.940713">
        <ele>38.273000</ele>
        <time>2026-09-18T17:25:16.802Z</time>
      </trkpt>
      <trkpt lat="43.426165" lon="-3.940856">
        <ele>38.043048</ele>
        <time>2026-09-18T17:25:19.195Z</time>
      </trkpt>
      <trkpt lat="43.425929" lon="-3.941076">
        <ele>37.626134</ele>
        <time>2026-09-18T17:25:22.967Z</time>
      </trkpt>
      <trkpt lat="43.425874" lon="-3.941127">
        <ele>37.529133</ele>
        <time>2026-09-18T17:25:23.781Z</time>
      </trkpt>
      <trkpt lat="43.425817" lon="-3.941223">
        <ele>37.397394</ele>
        <time>2026-09-18T17:25:24.838Z</time>
      </trkpt>
      <trkpt lat="43.425775" lon="-3.941356">
        <ele>37.243313</ele>
        <time>2026-09-18T17:25:26.049Z</time>
      </trkpt>
      <trkpt lat="43.425764" lon="-3.941485">
        <ele>37.105319</ele>
        <time>2026-09-18T17:25:27.089Z</time>
      </trkpt>
      <trkpt lat="43.425799" lon="-3.941874">
        <ele>36.688877</ele>
        <time>2026-09-18T17:25:30.063Z</time>
      </trkpt>
      <trkpt lat="43.425789" lon="-3.941980">
        <ele>36.575314</ele>
        <time>2026-09-18T17:25:30.849Z</time>
      </trkpt>
      <trkpt lat="43.425619" lon="-3.942504">
        <ele>35.788463</ele>
        <time>2026-09-18T17:25:34.919Z</time>
      </trkpt>
      <trkpt lat="43.425455" lon="-3.942953">
        <ele>34.607185</ele>
        <time>2026-09-18T17:25:38.457Z</time>
      </trkpt>
      <trkpt lat="43.425376" lon="-3.943103">
        <ele>34.171680</ele>
        <time>2026-09-18T17:25:39.774Z</time>
      </trkpt>
      <trkpt lat="43.425238" lon="-3.943254">
        <ele>33.601225</ele>
        <time>2026-09-18T17:25:41.495Z</time>
      </trkpt>
      <trkpt lat="43.425195" lon="-3.943285">
        <ele>33.444144</ele>
        <time>2026-09-18T17:25:41.968Z</time>
      </trkpt>
      <trkpt lat="43.424982" lon="-3.943488">
        <ele>32.605794</ele>
        <time>2026-09-18T17:25:44.475Z</time>
      </trkpt>
      <trkpt lat="43.424893" lon="-3.943572">
        <ele>32.256594</ele>
        <time>2026-09-18T17:25:45.522Z</time>
      </trkpt>
      <trkpt lat="43.424865" lon="-3.943574">
        <ele>32.165856</ele>
        <time>2026-09-18T17:25:45.793Z</time>
      </trkpt>
      <trkpt lat="43.424769" lon="-3.943502">
        <ele>31.812073</ele>
        <time>2026-09-18T17:25:46.854Z</time>
      </trkpt>
      <trkpt lat="43.424744" lon="-3.943384">
        <ele>31.523162</ele>
        <time>2026-09-18T17:25:47.720Z</time>
      </trkpt>
      <trkpt lat="43.424659" lon="-3.943300">
        <ele>31.184559</ele>
        <time>2026-09-18T17:25:48.762Z</time>
      </trkpt>
      <trkpt lat="43.424196" lon="-3.943139">
        <ele>31.039627</ele>
        <time>2026-09-18T17:25:54.095Z</time>
      </trkpt>
      <trkpt lat="43.424054" lon="-3.943079">
        <ele>31.592010</ele>
        <time>2026-09-18T17:25:56.916Z</time>
      </trkpt>
      <trkpt lat="43.423985" lon="-3.943041">
        <ele>31.868376</ele>
        <time>2026-09-18T17:25:58.529Z</time>
      </trkpt>
      <trkpt lat="43.423731" lon="-3.942901">
        <ele>32.885840</ele>
        <time>2026-09-18T17:26:05.570Z</time>
      </trkpt>
      <trkpt lat="43.423647" lon="-3.942825">
        <ele>33.259632</ele>
        <time>2026-09-18T17:26:08.490Z</time>
      </trkpt>
      <trkpt lat="43.423445" lon="-3.942587">
        <ele>34.248341</ele>
        <time>2026-09-18T17:26:16.999Z</time>
      </trkpt>
      <trkpt lat="43.423305" lon="-3.942351">
        <ele>35.071374</ele>
        <time>2026-09-18T17:26:25.154Z</time>
      </trkpt>
      <trkpt lat="43.423291" lon="-3.942215">
        <ele>35.442379</ele>
        <time>2026-09-18T17:26:29.048Z</time>
      </trkpt>
      <trkpt lat="43.423342" lon="-3.941775">
        <ele>36.645850</ele>
        <time>2026-09-18T17:26:43.517Z</time>
      </trkpt>
      <trkpt lat="43.423313" lon="-3.941677">
        <ele>36.931673</ele>
        <time>2026-09-18T17:26:47.154Z</time>
      </trkpt>
      <trkpt lat="43.423247" lon="-3.941624">
        <ele>37.504888</ele>
        <time>2026-09-18T17:26:50.808Z</time>
      </trkpt>
      <trkpt lat="43.423178" lon="-3.941632">
        <ele>38.077627</ele>
        <time>2026-09-18T17:26:54.180Z</time>
      </trkpt>
      <trkpt lat="43.423116" lon="-3.941678">
        <ele>38.660163</ele>
        <time>2026-09-18T17:26:57.695Z</time>
      </trkpt>
      <trkpt lat="43.422929" lon="-3.941988">
        <ele>41.081020</ele>
        <time>2026-09-18T17:27:12.228Z</time>
      </trkpt>
      <trkpt lat="43.422815" lon="-3.942104">
        <ele>42.253508</ele>
        <time>2026-09-18T17:27:19.062Z</time>
      </trkpt>
      <trkpt lat="43.422728" lon="-3.942143">
        <ele>43.010290</ele>
        <time>2026-09-18T17:27:23.442Z</time>
      </trkpt>
      <trkpt lat="43.422508" lon="-3.942152">
        <ele>44.830777</ele>
        <time>2026-09-18T17:27:33.919Z</time>
      </trkpt>
      <trkpt lat="43.422385" lon="-3.942101">
        <ele>45.893278</ele>
        <time>2026-09-18T17:27:39.990Z</time>
      </trkpt>
      <trkpt lat="43.422201" lon="-3.941977">
        <ele>47.587726</ele>
        <time>2026-09-18T17:27:49.792Z</time>
      </trkpt>
      <trkpt lat="43.421864" lon="-3.941636">
        <ele>51.046968</ele>
        <time>2026-09-18T17:28:10.314Z</time>
      </trkpt>
      <trkpt lat="43.421750" lon="-3.941550">
        <ele>52.115302</ele>
        <time>2026-09-18T17:28:16.898Z</time>
      </trkpt>
      <trkpt lat="43.421414" lon="-3.941509">
        <ele>54.833256</ele>
        <time>2026-09-18T17:28:33.708Z</time>
      </trkpt>
      <trkpt lat="43.421304" lon="-3.941424">
        <ele>55.849642</ele>
        <time>2026-09-18T17:28:40.088Z</time>
      </trkpt>
      <trkpt lat="43.420919" lon="-3.941007">
        <ele>59.796689</ele>
        <time>2026-09-18T17:29:05.047Z</time>
      </trkpt>
      <trkpt lat="43.419965" lon="-3.940260">
        <ele>66.063670</ele>
        <time>2026-09-18T17:29:55.605Z</time>
      </trkpt>
      <trkpt lat="43.419531" lon="-3.939823">
        <ele>65.523091</ele>
        <time>2026-09-18T17:30:09.237Z</time>
      </trkpt>
      <trkpt lat="43.419399" lon="-3.939709">
        <ele>65.366430</ele>
        <time>2026-09-18T17:30:11.263Z</time>
      </trkpt>
      <trkpt lat="43.419348" lon="-3.939663">
        <ele>65.305132</ele>
        <time>2026-09-18T17:30:11.946Z</time>
      </trkpt>
      <trkpt lat="43.419205" lon="-3.939534">
        <ele>65.133249</ele>
        <time>2026-09-18T17:30:13.684Z</time>
      </trkpt>
      <trkpt lat="43.419133" lon="-3.939470">
        <ele>65.047084</ele>
        <time>2026-09-18T17:30:14.494Z</time>
      </trkpt>
      <trkpt lat="43.419195" lon="-3.939260">
        <ele>64.881546</ele>
        <time>2026-09-18T17:30:16.622Z</time>
      </trkpt>
      <trkpt lat="43.419176" lon="-3.939147">
        <ele>64.796845</ele>
        <time>2026-09-18T17:30:17.701Z</time>
      </trkpt>
      <trkpt lat="43.418830" lon="-3.938633">
        <ele>61.703945</ele>
        <time>2026-09-18T17:30:23.974Z</time>
      </trkpt>
      <trkpt lat="43.418751" lon="-3.938556">
        <ele>60.625596</ele>
        <time>2026-09-18T17:30:25.151Z</time>
      </trkpt>
      <trkpt lat="43.418531" lon="-3.938118">
        <ele>56.316382</ele>
        <time>2026-09-18T17:30:29.733Z</time>
      </trkpt>
      <trkpt lat="43.418408" lon="-3.937725">
        <ele>52.853538</ele>
        <time>2026-09-18T17:30:33.395Z</time>
      </trkpt>
      <trkpt lat="43.418367" lon="-3.937693">
        <ele>52.328476</ele>
        <time>2026-09-18T17:30:33.949Z</time>
      </trkpt>
      <trkpt lat="43.418124" lon="-3.937641">
        <ele>49.588783</ele>
        <time>2026-09-18T17:30:36.855Z</time>
      </trkpt>
      <trkpt lat="43.418062" lon="-3.937597">
        <ele>48.811692</ele>
        <time>2026-09-18T17:30:37.695Z</time>
      </trkpt>
      <trkpt lat="43.418016" lon="-3.937529">
        <ele>48.059749</ele>
        <time>2026-09-18T17:30:38.491Z</time>
      </trkpt>
      <trkpt lat="43.417981" lon="-3.937264">
        <ele>45.880173</ele>
        <time>2026-09-18T17:30:40.841Z</time>
      </trkpt>
      <trkpt lat="43.417940" lon="-3.937216">
        <ele>45.280582</ele>
        <time>2026-09-18T17:30:41.504Z</time>
      </trkpt>
      <trkpt lat="43.417862" lon="-3.937165">
        <ele>44.385621</ele>
        <time>2026-09-18T17:30:42.553Z</time>
      </trkpt>
      <trkpt lat="43.417577" lon="-3.937078">
        <ele>42.315474</ele>
        <time>2026-09-18T17:30:46.191Z</time>
      </trkpt>
      <trkpt lat="43.417477" lon="-3.936917">
        <ele>41.224313</ele>
        <time>2026-09-18T17:30:48.108Z</time>
      </trkpt>
      <trkpt lat="43.417200" lon="-3.936974">
        <ele>39.238163</ele>
        <time>2026-09-18T17:30:51.591Z</time>
      </trkpt>
      <trkpt lat="43.417127" lon="-3.936959">
        <ele>38.714753</ele>
        <time>2026-09-18T17:30:52.530Z</time>
      </trkpt>
      <trkpt lat="43.417092" lon="-3.936930">
        <ele>38.425068</ele>
        <time>2026-09-18T17:30:53.055Z</time>
      </trkpt>
      <trkpt lat="43.416939" lon="-3.936570">
        <ele>36.276610</ele>
        <time>2026-09-18T17:30:56.976Z</time>
      </trkpt>
      <trkpt lat="43.416904" lon="-3.936546">
        <ele>35.999326</ele>
        <time>2026-09-18T17:30:57.489Z</time>
      </trkpt>
      <trkpt lat="43.416252" lon="-3.936555">
        <ele>31.532321</ele>
        <time>2026-09-18T17:31:06.365Z</time>
      </trkpt>
      <trkpt lat="43.415682" lon="-3.936713">
        <ele>29.144877</ele>
        <time>2026-09-18T17:31:14.531Z</time>
      </trkpt>
      <trkpt lat="43.415598" lon="-3.936686">
        <ele>28.790689</ele>
        <time>2026-09-18T17:31:15.739Z</time>
      </trkpt>
      <trkpt lat="43.415564" lon="-3.936133">
        <ele>27.135405</ele>
        <time>2026-09-18T17:31:19.662Z</time>
      </trkpt>
      <trkpt lat="43.415518" lon="-3.935939">
        <ele>26.526729</ele>
        <time>2026-09-18T17:31:21.101Z</time>
      </trkpt>
      <trkpt lat="43.415403" lon="-3.935789">
        <ele>25.876242</ele>
        <time>2026-09-18T17:31:22.656Z</time>
      </trkpt>
      <trkpt lat="43.415066" lon="-3.935447">
        <ele>24.176534</ele>
        <time>2026-09-18T17:31:26.764Z</time>
      </trkpt>
      <trkpt lat="43.415013" lon="-3.935493">
        <ele>23.943545</ele>
        <time>2026-09-18T17:31:27.388Z</time>
      </trkpt>
      <trkpt lat="43.413919" lon="-3.936459">
        <ele>19.110371</ele>
        <time>2026-09-18T17:31:40.265Z</time>
      </trkpt>
      <trkpt lat="43.413266" lon="-3.937043">
        <ele>16.408857</ele>
        <time>2026-09-18T17:31:47.936Z</time>
      </trkpt>
      <trkpt lat="43.412907" lon="-3.937356">
        <ele>15.038927</ele>
        <time>2026-09-18T17:31:52.192Z</time>
      </trkpt>
      <trkpt lat="43.412548" lon="-3.937669">
        <ele>13.668994</ele>
        <time>2026-09-18T17:31:56.519Z</time>
      </trkpt>
      <trkpt lat="43.412071" lon="-3.938097">
        <ele>11.845473</ele>
        <time>2026-09-18T17:32:02.407Z</time>
      </trkpt>
      <trkpt lat="43.411797" lon="-3.938379">
        <ele>11.057321</ele>
        <time>2026-09-18T17:32:05.968Z</time>
      </trkpt>
      <trkpt lat="43.411417" lon="-3.938894">
        <ele>9.828819</ele>
        <time>2026-09-18T17:32:11.652Z</time>
      </trkpt>
      <trkpt lat="43.411133" lon="-3.939279">
        <ele>8.910549</ele>
        <time>2026-09-18T17:32:15.916Z</time>
      </trkpt>
      <trkpt lat="43.411112" lon="-3.939306">
        <ele>8.844349</ele>
        <time>2026-09-18T17:32:16.232Z</time>
      </trkpt>
      <trkpt lat="43.410992" lon="-3.939471">
        <ele>8.453608</ele>
        <time>2026-09-18T17:32:18.053Z</time>
      </trkpt>
      <trkpt lat="43.410917" lon="-3.939574">
        <ele>8.209543</ele>
        <time>2026-09-18T17:32:19.188Z</time>
      </trkpt>
      <trkpt lat="43.410398" lon="-3.940303">
        <ele>8.020512</ele>
        <time>2026-09-18T17:32:27.544Z</time>
      </trkpt>
      <trkpt lat="43.410039" lon="-3.940846">
        <ele>8.308627</ele>
        <time>2026-09-18T17:32:35.518Z</time>
      </trkpt>
      <trkpt lat="43.409984" lon="-3.940922">
        <ele>8.350724</ele>
        <time>2026-09-18T17:32:36.954Z</time>
      </trkpt>
      <trkpt lat="43.409797" lon="-3.941581">
        <ele>8.628355</ele>
        <time>2026-09-18T17:32:48.426Z</time>
      </trkpt>
      <trkpt lat="43.409736" lon="-3.941796">
        <ele>8.883096</ele>
        <time>2026-09-18T17:32:53.012Z</time>
      </trkpt>
      <trkpt lat="43.409709" lon="-3.942105">
        <ele>10.308310</ele>
        <time>2026-09-18T17:32:59.909Z</time>
      </trkpt>
      <trkpt lat="43.409332" lon="-3.942300">
        <ele>12.847016</ele>
        <time>2026-09-18T17:33:14.274Z</time>
      </trkpt>
      <trkpt lat="43.409129" lon="-3.942302">
        <ele>14.126689</ele>
        <time>2026-09-18T17:33:22.430Z</time>
      </trkpt>
      <trkpt lat="43.408452" lon="-3.942590">
        <ele>18.593406</ele>
        <time>2026-09-18T17:33:53.199Z</time>
      </trkpt>
      <trkpt lat="43.408235" lon="-3.942648">
        <ele>19.986845</ele>
        <time>2026-09-18T17:34:04.883Z</time>
      </trkpt>
      <trkpt lat="43.408338" lon="-3.943203">
        <ele>23.880830</ele>
        <time>2026-09-18T17:34:27.132Z</time>
      </trkpt>
      <trkpt lat="43.408198" lon="-3.943522">
        <ele>26.431950</ele>
        <time>2026-09-18T17:34:41.583Z</time>
      </trkpt>
      <trkpt lat="43.408063" lon="-3.943710">
        <ele>28.241404</ele>
        <time>2026-09-18T17:34:51.734Z</time>
      </trkpt>
      <trkpt lat="43.407935" lon="-3.943783">
        <ele>29.546889</ele>
        <time>2026-09-18T17:34:58.964Z</time>
      </trkpt>
      <trkpt lat="43.407652" lon="-3.943814">
        <ele>32.221855</ele>
        <time>2026-09-18T17:35:13.406Z</time>
      </trkpt>
      <trkpt lat="43.407601" lon="-3.943871">
        <ele>32.840853</ele>
        <time>2026-09-18T17:35:16.845Z</time>
      </trkpt>
      <trkpt lat="43.407580" lon="-3.943998">
        <ele>33.732429</ele>
        <time>2026-09-18T17:35:22.008Z</time>
      </trkpt>
      <trkpt lat="43.407563" lon="-3.944480">
        <ele>37.012715</ele>
        <time>2026-09-18T17:35:42.274Z</time>
      </trkpt>
      <trkpt lat="43.407522" lon="-3.944574">
        <ele>37.393207</ele>
        <time>2026-09-18T17:35:46.954Z</time>
      </trkpt>
      <trkpt lat="43.407448" lon="-3.944639">
        <ele>37.812541</ele>
        <time>2026-09-18T17:35:52.011Z</time>
      </trkpt>
      <trkpt lat="43.407331" lon="-3.944624">
        <ele>38.373860</ele>
        <time>2026-09-18T17:35:58.531Z</time>
      </trkpt>
      <trkpt lat="43.407287" lon="-3.944547">
        <ele>38.713836</ele>
        <time>2026-09-18T17:36:02.243Z</time>
      </trkpt>
      <trkpt lat="43.407251" lon="-3.944197">
        <ele>39.940581</ele>
        <time>2026-09-18T17:36:14.878Z</time>
      </trkpt>
      <trkpt lat="43.407161" lon="-3.944005">
        <ele>40.733554</ele>
        <time>2026-09-18T17:36:22.470Z</time>
      </trkpt>
      <trkpt lat="43.406817" lon="-3.943519">
        <ele>43.088330</ele>
        <time>2026-09-18T17:36:41.328Z</time>
      </trkpt>
      <trkpt lat="43.406773" lon="-3.943633">
        <ele>43.536323</ele>
        <time>2026-09-18T17:36:43.834Z</time>
      </trkpt>
      <trkpt lat="43.406699" lon="-3.943732">
        <ele>44.029271</ele>
        <time>2026-09-18T17:36:46.139Z</time>
      </trkpt>
      <trkpt lat="43.406476" lon="-3.943912">
        <ele>45.264174</ele>
        <time>2026-09-18T17:36:49.831Z</time>
      </trkpt>
      <trkpt lat="43.406315" lon="-3.944005">
        <ele>44.474566</ele>
        <time>2026-09-18T17:36:51.614Z</time>
      </trkpt>
      <trkpt lat="43.405965" lon="-3.944330">
        <ele>40.159685</ele>
        <time>2026-09-18T17:36:55.385Z</time>
      </trkpt>
      <trkpt lat="43.405638" lon="-3.944473">
        <ele>36.653102</ele>
        <time>2026-09-18T17:36:59.468Z</time>
      </trkpt>
      <trkpt lat="43.405393" lon="-3.944740">
        <ele>33.459386</ele>
        <time>2026-09-18T17:37:03.144Z</time>
      </trkpt>
      <trkpt lat="43.405148" lon="-3.945007">
        <ele>30.265665</ele>
        <time>2026-09-18T17:37:06.810Z</time>
      </trkpt>
      <trkpt lat="43.404812" lon="-3.945296">
        <ele>26.293407</ele>
        <time>2026-09-18T17:37:11.464Z</time>
      </trkpt>
      <trkpt lat="43.404709" lon="-3.945573">
        <ele>24.164073</ele>
        <time>2026-09-18T17:37:14.150Z</time>
      </trkpt>
      <trkpt lat="43.404706" lon="-3.945734">
        <ele>23.061998</ele>
        <time>2026-09-18T17:37:15.541Z</time>
      </trkpt>
      <trkpt lat="43.404676" lon="-3.945809">
        <ele>22.476132</ele>
        <time>2026-09-18T17:37:16.284Z</time>
      </trkpt>
      <trkpt lat="43.404553" lon="-3.945933">
        <ele>21.040113</ele>
        <time>2026-09-18T17:37:18.105Z</time>
      </trkpt>
      <trkpt lat="43.404512" lon="-3.946013">
        <ele>20.370176</ele>
        <time>2026-09-18T17:37:18.976Z</time>
      </trkpt>
      <trkpt lat="43.404283" lon="-3.946200">
        <ele>17.862244</ele>
        <time>2026-09-18T17:37:21.272Z</time>
      </trkpt>
      <trkpt lat="43.403655" lon="-3.946599">
        <ele>11.347467</ele>
        <time>2026-09-18T17:37:27.448Z</time>
      </trkpt>
      <trkpt lat="43.403829" lon="-3.946937">
        <ele>9.801858</ele>
        <time>2026-09-18T17:37:30.258Z</time>
      </trkpt>
      <trkpt lat="43.403672" lon="-3.947027">
        <ele>9.383417</ele>
        <time>2026-09-18T17:37:31.862Z</time>
      </trkpt>
      <trkpt lat="43.403507" lon="-3.947123">
        <ele>8.942675</ele>
        <time>2026-09-18T17:37:33.596Z</time>
      </trkpt>
      <trkpt lat="43.402544" lon="-3.947747">
        <ele>6.323900</ele>
        <time>2026-09-18T17:37:45.877Z</time>
      </trkpt>
      <trkpt lat="43.402439" lon="-3.947857">
        <ele>5.999240</ele>
        <time>2026-09-18T17:37:48.086Z</time>
      </trkpt>
      <trkpt lat="43.402410" lon="-3.947993">
        <ele>5.834828</ele>
        <time>2026-09-18T17:37:49.770Z</time>
      </trkpt>
      <trkpt lat="43.402425" lon="-3.948174">
        <ele>5.844256</ele>
        <time>2026-09-18T17:37:51.897Z</time>
      </trkpt>
      <trkpt lat="43.402468" lon="-3.948897">
        <ele>5.881797</ele>
        <time>2026-09-18T17:38:00.143Z</time>
      </trkpt>
      <trkpt lat="43.402472" lon="-3.949102">
        <ele>5.892410</ele>
        <time>2026-09-18T17:38:02.382Z</time>
      </trkpt>
      <trkpt lat="43.402475" lon="-3.949131">
        <ele>5.893925</ele>
        <time>2026-09-18T17:38:02.689Z</time>
      </trkpt>
      <trkpt lat="43.402471" lon="-3.949158">
        <ele>5.895351</ele>
        <time>2026-09-18T17:38:02.978Z</time>
      </trkpt>
      <trkpt lat="43.402490" lon="-3.949323">
        <ele>5.903997</ele>
        <time>2026-09-18T17:38:04.778Z</time>
      </trkpt>
      <trkpt lat="43.402592" lon="-3.950776">
        <ele>6.078636</ele>
        <time>2026-09-18T17:38:21.225Z</time>
      </trkpt>
      <trkpt lat="43.402632" lon="-3.951188">
        <ele>6.211746</ele>
        <time>2026-09-18T17:38:25.957Z</time>
      </trkpt>
      <trkpt lat="43.402617" lon="-3.951255">
        <ele>6.234198</ele>
        <time>2026-09-18T17:38:26.853Z</time>
      </trkpt>
      <trkpt lat="43.402659" lon="-3.951869">
        <ele>6.431692</ele>
        <time>2026-09-18T17:38:34.735Z</time>
      </trkpt>
      <trkpt lat="43.402667" lon="-3.951974">
        <ele>6.465501</ele>
        <time>2026-09-18T17:38:40.069Z</time>
      </trkpt>
      <trkpt lat="43.402718" lon="-3.951987">
        <ele>6.488362</ele>
        <time>2026-09-18T17:38:43.700Z</time>
      </trkpt>
      <trkpt lat="43.402714" lon="-3.952329">
        <ele>6.597897</ele>
        <time>2026-09-18T17:38:48.047Z</time>
      </trkpt>
      <trkpt lat="43.402757" lon="-3.952886">
        <ele>6.773868</ele>
        <time>2026-09-18T17:38:55.002Z</time>
      </trkpt>
      <trkpt lat="43.402787" lon="-3.953225">
        <ele>6.867751</ele>
        <time>2026-09-18T17:38:58.997Z</time>
      </trkpt>
      <trkpt lat="43.402718" lon="-3.953249">
        <ele>6.894681</ele>
        <time>2026-09-18T17:39:00.034Z</time>
      </trkpt>
      <trkpt lat="43.402535" lon="-3.953500">
        <ele>6.992436</ele>
        <time>2026-09-18T17:39:04.015Z</time>
      </trkpt>
      <trkpt lat="43.402430" lon="-3.953576">
        <ele>7.037324</ele>
        <time>2026-09-18T17:39:05.866Z</time>
      </trkpt>
      <trkpt lat="43.402436" lon="-3.953697">
        <ele>7.070666</ele>
        <time>2026-09-18T17:39:07.173Z</time>
      </trkpt>
      <trkpt lat="43.402200" lon="-3.955560">
        <ele>7.964132</ele>
        <time>2026-09-18T17:39:29.624Z</time>
      </trkpt>
      <trkpt lat="43.402215" lon="-3.955716">
        <ele>8.110489</ele>
        <time>2026-09-18T17:39:31.915Z</time>
      </trkpt>
      <trkpt lat="43.402785" lon="-3.957450">
        <ele>9.955010</ele>
        <time>2026-09-18T17:40:01.471Z</time>
      </trkpt>
      <trkpt lat="43.403107" lon="-3.958328">
        <ele>11.341256</ele>
        <time>2026-09-18T17:40:16.884Z</time>
      </trkpt>
      <trkpt lat="43.403215" lon="-3.958785">
        <ele>12.018604</ele>
        <time>2026-09-18T17:40:24.563Z</time>
      </trkpt>
      <trkpt lat="43.403347" lon="-3.959538">
        <ele>13.110391</ele>
        <time>2026-09-18T17:40:37.521Z</time>
      </trkpt>
      <trkpt lat="43.403671" lon="-3.961059">
        <ele>16.625222</ele>
        <time>2026-09-18T17:41:07.247Z</time>
      </trkpt>
      <trkpt lat="43.403839" lon="-3.961800">
        <ele>18.380659</ele>
        <time>2026-09-18T17:41:23.251Z</time>
      </trkpt>
      <trkpt lat="43.403883" lon="-3.961913">
        <ele>18.670591</ele>
        <time>2026-09-18T17:41:26.065Z</time>
      </trkpt>
      <trkpt lat="43.403928" lon="-3.961952">
        <ele>18.849213</ele>
        <time>2026-09-18T17:41:27.600Z</time>
      </trkpt>
      <trkpt lat="43.404144" lon="-3.962005">
        <ele>20.284980</ele>
        <time>2026-09-18T17:41:34.313Z</time>
      </trkpt>
      <trkpt lat="43.404189" lon="-3.962041">
        <ele>20.625582</ele>
        <time>2026-09-18T17:41:35.953Z</time>
      </trkpt>
      <trkpt lat="43.404238" lon="-3.962183">
        <ele>21.372972</ele>
        <time>2026-09-18T17:41:39.532Z</time>
      </trkpt>
      <trkpt lat="43.404464" lon="-3.963764">
        <ele>29.033620</ele>
        <time>2026-09-18T17:42:26.953Z</time>
      </trkpt>
      <trkpt lat="43.404733" lon="-3.965899">
        <ele>43.890826</ele>
        <time>2026-09-18T17:43:56.689Z</time>
      </trkpt>
      <trkpt lat="43.404911" lon="-3.966985">
        <ele>50.418220</ele>
        <time>2026-09-18T17:44:41.829Z</time>
      </trkpt>
      <trkpt lat="43.405051" lon="-3.967634">
        <ele>53.147741</ele>
        <time>2026-09-18T17:45:02.825Z</time>
      </trkpt>
      <trkpt lat="43.405130" lon="-3.968001">
        <ele>54.690978</ele>
        <time>2026-09-18T17:45:12.952Z</time>
      </trkpt>
      <trkpt lat="43.405159" lon="-3.968405">
        <ele>56.327738</ele>
        <time>2026-09-18T17:45:21.886Z</time>
      </trkpt>
      <trkpt lat="43.405422" lon="-3.968408">
        <ele>57.787296</ele>
        <time>2026-09-18T17:45:28.180Z</time>
      </trkpt>
      <trkpt lat="43.405589" lon="-3.968363">
        <ele>58.405925</ele>
        <time>2026-09-18T17:45:31.519Z</time>
      </trkpt>
      <trkpt lat="43.405597" lon="-3.968589">
        <ele>58.137934</ele>
        <time>2026-09-18T17:45:34.183Z</time>
      </trkpt>
      <trkpt lat="43.405564" lon="-3.968715">
        <ele>57.979298</ele>
        <time>2026-09-18T17:45:35.524Z</time>
      </trkpt>
      <trkpt lat="43.405302" lon="-3.969319">
        <ele>57.146109</ele>
        <time>2026-09-18T17:45:41.770Z</time>
      </trkpt>
      <trkpt lat="43.405017" lon="-3.969904">
        <ele>56.311870</ele>
        <time>2026-09-18T17:45:47.492Z</time>
      </trkpt>
      <trkpt lat="43.404869" lon="-3.970149">
        <ele>55.934484</ele>
        <time>2026-09-18T17:45:49.793Z</time>
      </trkpt>
      <trkpt lat="43.404681" lon="-3.970385">
        <ele>55.473721</ele>
        <time>2026-09-18T17:45:52.251Z</time>
      </trkpt>
      <trkpt lat="43.404571" lon="-3.970449">
        <ele>54.958974</ele>
        <time>2026-09-18T17:45:53.382Z</time>
      </trkpt>
      <trkpt lat="43.404387" lon="-3.970512">
        <ele>54.141716</ele>
        <time>2026-09-18T17:45:55.160Z</time>
      </trkpt>
      <trkpt lat="43.404190" lon="-3.970650">
        <ele>53.188952</ele>
        <time>2026-09-18T17:45:57.214Z</time>
      </trkpt>
      <trkpt lat="43.404089" lon="-3.970801">
        <ele>52.546213</ele>
        <time>2026-09-18T17:45:58.604Z</time>
      </trkpt>
      <trkpt lat="43.403990" lon="-3.970993">
        <ele>51.808928</ele>
        <time>2026-09-18T17:46:00.184Z</time>
      </trkpt>
      <trkpt lat="43.403914" lon="-3.971207">
        <ele>51.063003</ele>
        <time>2026-09-18T17:46:01.794Z</time>
      </trkpt>
      <trkpt lat="43.403885" lon="-3.971412">
        <ele>50.408984</ele>
        <time>2026-09-18T17:46:03.198Z</time>
      </trkpt>
      <trkpt lat="43.403892" lon="-3.972060">
        <ele>48.379530</ele>
        <time>2026-09-18T17:46:07.680Z</time>
      </trkpt>
      <trkpt lat="43.403997" lon="-3.972605">
        <ele>48.247175</ele>
        <time>2026-09-18T17:46:12.179Z</time>
      </trkpt>
      <trkpt lat="43.404014" lon="-3.972978">
        <ele>48.695219</ele>
        <time>2026-09-18T17:46:16.570Z</time>
      </trkpt>
      <trkpt lat="43.403997" lon="-3.973198">
        <ele>48.960451</ele>
        <time>2026-09-18T17:46:20.002Z</time>
      </trkpt>
      <trkpt lat="43.403894" lon="-3.973807">
        <ele>49.710063</ele>
        <time>2026-09-18T17:46:32.257Z</time>
      </trkpt>
      <trkpt lat="43.403892" lon="-3.973938">
        <ele>49.867146</ele>
        <time>2026-09-18T17:46:35.174Z</time>
      </trkpt>
      <trkpt lat="43.403953" lon="-3.974219">
        <ele>50.218735</ele>
        <time>2026-09-18T17:46:41.767Z</time>
      </trkpt>
      <trkpt lat="43.403949" lon="-3.974372">
        <ele>50.402275</ele>
        <time>2026-09-18T17:46:45.322Z</time>
      </trkpt>
      <trkpt lat="43.403861" lon="-3.974760">
        <ele>51.021597</ele>
        <time>2026-09-18T17:46:54.706Z</time>
      </trkpt>
      <trkpt lat="43.403823" lon="-3.974885">
        <ele>51.353411</ele>
        <time>2026-09-18T17:46:57.726Z</time>
      </trkpt>
      <trkpt lat="43.403717" lon="-3.975071">
        <ele>51.932291</ele>
        <time>2026-09-18T17:47:02.869Z</time>
      </trkpt>
      <trkpt lat="43.403509" lon="-3.975359">
        <ele>52.926714</ele>
        <time>2026-09-18T17:47:11.313Z</time>
      </trkpt>
      <trkpt lat="43.403333" lon="-3.975664">
        <ele>53.880514</ele>
        <time>2026-09-18T17:47:18.943Z</time>
      </trkpt>
      <trkpt lat="43.403081" lon="-3.975950">
        <ele>54.981393</ele>
        <time>2026-09-18T17:47:27.410Z</time>
      </trkpt>
      <trkpt lat="43.403023" lon="-3.976081">
        <ele>55.357060</ele>
        <time>2026-09-18T17:47:30.238Z</time>
      </trkpt>
      <trkpt lat="43.402888" lon="-3.976571">
        <ele>56.640357</ele>
        <time>2026-09-18T17:47:39.943Z</time>
      </trkpt>
      <trkpt lat="43.402792" lon="-3.976809">
        <ele>57.234263</ele>
        <time>2026-09-18T17:47:45.858Z</time>
      </trkpt>
      <trkpt lat="43.402653" lon="-3.977124">
        <ele>58.000538</ele>
        <time>2026-09-18T17:47:54.650Z</time>
      </trkpt>
      <trkpt lat="43.402524" lon="-3.977317">
        <ele>58.545799</ele>
        <time>2026-09-18T17:48:01.072Z</time>
      </trkpt>
      <trkpt lat="43.402321" lon="-3.977174">
        <ele>59.198398</ele>
        <time>2026-09-18T17:48:08.260Z</time>
      </trkpt>
      <trkpt lat="43.401959" lon="-3.977039">
        <ele>60.271703</ele>
        <time>2026-09-18T17:48:19.237Z</time>
      </trkpt>
      <trkpt lat="43.401815" lon="-3.976921">
        <ele>60.751300</ele>
        <time>2026-09-18T17:48:23.555Z</time>
      </trkpt>
      <trkpt lat="43.401774" lon="-3.976865">
        <ele>60.916600</ele>
        <time>2026-09-18T17:48:24.873Z</time>
      </trkpt>
      <trkpt lat="43.401741" lon="-3.976746">
        <ele>61.181435</ele>
        <time>2026-09-18T17:48:27.076Z</time>
      </trkpt>
      <trkpt lat="43.401732" lon="-3.976556">
        <ele>61.577324</ele>
        <time>2026-09-18T17:48:30.027Z</time>
      </trkpt>
      <trkpt lat="43.401769" lon="-3.974525">
        <ele>62.798708</ele>
        <time>2026-09-18T17:48:50.614Z</time>
      </trkpt>
      <trkpt lat="43.401796" lon="-3.974376">
        <ele>62.867600</ele>
        <time>2026-09-18T17:48:52.420Z</time>
      </trkpt>
      <trkpt lat="43.401387" lon="-3.974278">
        <ele>63.334448</ele>
        <time>2026-09-18T17:49:00.919Z</time>
      </trkpt>
      <trkpt lat="43.401328" lon="-3.974328">
        <ele>63.597988</ele>
        <time>2026-09-18T17:49:02.595Z</time>
      </trkpt>
      <trkpt lat="43.401227" lon="-3.974598">
        <ele>64.437228</ele>
        <time>2026-09-18T17:49:08.359Z</time>
      </trkpt>
      <trkpt lat="43.401160" lon="-3.974864">
        <ele>65.215249</ele>
        <time>2026-09-18T17:49:14.318Z</time>
      </trkpt>
      <trkpt lat="43.401126" lon="-3.975162">
        <ele>66.048874</ele>
        <time>2026-09-18T17:49:21.351Z</time>
      </trkpt>
      <trkpt lat="43.401117" lon="-3.975619">
        <ele>67.312275</ele>
        <time>2026-09-18T17:49:32.680Z</time>
      </trkpt>
      <trkpt lat="43.401146" lon="-3.976297">
        <ele>69.189197</ele>
        <time>2026-09-18T17:49:49.679Z</time>
      </trkpt>
      <trkpt lat="43.401097" lon="-3.976901">
        <ele>70.689709</ele>
        <time>2026-09-18T17:50:04.075Z</time>
      </trkpt>
      <trkpt lat="43.401021" lon="-3.977133">
        <ele>71.259664</ele>
        <time>2026-09-18T17:50:09.855Z</time>
      </trkpt>
      <trkpt lat="43.400838" lon="-3.977394">
        <ele>72.071990</ele>
        <time>2026-09-18T17:50:17.855Z</time>
      </trkpt>
      <trkpt lat="43.400816" lon="-3.977613">
        <ele>72.567127</ele>
        <time>2026-09-18T17:50:22.514Z</time>
      </trkpt>
      <trkpt lat="43.400819" lon="-3.977776">
        <ele>72.932298</ele>
        <time>2026-09-18T17:50:25.848Z</time>
      </trkpt>
      <trkpt lat="43.400941" lon="-3.978041">
        <ele>73.634902</ele>
        <time>2026-09-18T17:50:32.099Z</time>
      </trkpt>
      <trkpt lat="43.400994" lon="-3.978268">
        <ele>74.168893</ele>
        <time>2026-09-18T17:50:36.532Z</time>
      </trkpt>
      <trkpt lat="43.401059" lon="-3.978808">
        <ele>75.394755</ele>
        <time>2026-09-18T17:50:45.542Z</time>
      </trkpt>
      <trkpt lat="43.401067" lon="-3.979236">
        <ele>75.668877</ele>
        <time>2026-09-18T17:50:51.278Z</time>
      </trkpt>
      <trkpt lat="43.401044" lon="-3.979500">
        <ele>75.803608</ele>
        <time>2026-09-18T17:50:54.300Z</time>
      </trkpt>
      <trkpt lat="43.401021" lon="-3.979550">
        <ele>75.833594</ele>
        <time>2026-09-18T17:50:54.924Z</time>
      </trkpt>
      <trkpt lat="43.400906" lon="-3.979779">
        <ele>75.974651</ele>
        <time>2026-09-18T17:50:57.557Z</time>
      </trkpt>
      <trkpt lat="43.400860" lon="-3.979960">
        <ele>76.071815</ele>
        <time>2026-09-18T17:50:59.347Z</time>
      </trkpt>
      <trkpt lat="43.400830" lon="-3.980347">
        <ele>76.269026</ele>
        <time>2026-09-18T17:51:03.091Z</time>
      </trkpt>
      <trkpt lat="43.400652" lon="-3.981015">
        <ele>76.629557</ele>
        <time>2026-09-18T17:51:11.757Z</time>
      </trkpt>
      <trkpt lat="43.400583" lon="-3.981166">
        <ele>76.719945</ele>
        <time>2026-09-18T17:51:14.790Z</time>
      </trkpt>
      <trkpt lat="43.400587" lon="-3.981476">
        <ele>77.297834</ele>
        <time>2026-09-18T17:51:20.471Z</time>
      </trkpt>
      <trkpt lat="43.400626" lon="-3.981943">
        <ele>78.186827</ele>
        <time>2026-09-18T17:51:29.131Z</time>
      </trkpt>
      <trkpt lat="43.400710" lon="-3.982439">
        <ele>79.149994</ele>
        <time>2026-09-18T17:51:39.177Z</time>
      </trkpt>
      <trkpt lat="43.400776" lon="-3.982659">
        <ele>79.600123</ele>
        <time>2026-09-18T17:51:44.212Z</time>
      </trkpt>
      <trkpt lat="43.400600" lon="-3.983107">
        <ele>80.563289</ele>
        <time>2026-09-18T17:51:54.904Z</time>
      </trkpt>
      <trkpt lat="43.400219" lon="-3.983957">
        <ele>82.112847</ele>
        <time>2026-09-18T17:52:12.406Z</time>
      </trkpt>
      <trkpt lat="43.400077" lon="-3.984355">
        <ele>82.679793</ele>
        <time>2026-09-18T17:52:18.048Z</time>
      </trkpt>
      <trkpt lat="43.399682" lon="-3.986551">
        <ele>85.705334</ele>
        <time>2026-09-18T17:52:53.187Z</time>
      </trkpt>
      <trkpt lat="43.399528" lon="-3.986949">
        <ele>86.358319</ele>
        <time>2026-09-18T17:53:00.422Z</time>
      </trkpt>
      <trkpt lat="43.399401" lon="-3.987212">
        <ele>86.815617</ele>
        <time>2026-09-18T17:53:05.741Z</time>
      </trkpt>
      <trkpt lat="43.399267" lon="-3.987130">
        <ele>87.107897</ele>
        <time>2026-09-18T17:53:23.312Z</time>
      </trkpt>
      <trkpt lat="43.399186" lon="-3.986933">
        <ele>87.435689</ele>
        <time>2026-09-18T17:53:43.188Z</time>
      </trkpt>
      <trkpt lat="43.399089" lon="-3.986833">
        <ele>87.677239</ele>
        <time>2026-09-18T17:53:57.717Z</time>
      </trkpt>
      <trkpt lat="43.399114" lon="-3.986911">
        <ele>87.800695</ele>
        <time>2026-09-18T17:54:05.266Z</time>
      </trkpt>
      <trkpt lat="43.399042" lon="-3.987375">
        <ele>88.230800</ele>
        <time>2026-09-18T17:54:47.113Z</time>
      </trkpt>
      <trkpt lat="43.398984" lon="-3.987344">
        <ele>88.259093</ele>
        <time>2026-09-18T17:54:51.500Z</time>
      </trkpt>
      <trkpt lat="43.398407" lon="-3.986937">
        <ele>88.553917</ele>
        <time>2026-09-18T17:55:11.104Z</time>
      </trkpt>
      <trkpt lat="43.398229" lon="-3.986857">
        <ele>88.639064</ele>
        <time>2026-09-18T17:55:16.449Z</time>
      </trkpt>
      <trkpt lat="43.398074" lon="-3.986934">
        <ele>88.713996</ele>
        <time>2026-09-18T17:55:20.227Z</time>
      </trkpt>
      <trkpt lat="43.397616" lon="-3.987331">
        <ele>88.960121</ele>
        <time>2026-09-18T17:55:28.946Z</time>
      </trkpt>
      <trkpt lat="43.397337" lon="-3.987468">
        <ele>87.508804</ele>
        <time>2026-09-18T17:55:33.071Z</time>
      </trkpt>
      <trkpt lat="43.396951" lon="-3.987745">
        <ele>85.135617</ele>
        <time>2026-09-18T17:55:38.779Z</time>
      </trkpt>
      <trkpt lat="43.396631" lon="-3.988089">
        <ele>82.922005</ele>
        <time>2026-09-18T17:55:43.927Z</time>
      </trkpt>
      <trkpt lat="43.396205" lon="-3.988417">
        <ele>80.260899</ele>
        <time>2026-09-18T17:55:50.235Z</time>
      </trkpt>
      <trkpt lat="43.395819" lon="-3.988605">
        <ele>78.251425</ele>
        <time>2026-09-18T17:55:55.784Z</time>
      </trkpt>
      <trkpt lat="43.395778" lon="-3.988617">
        <ele>78.067610</ele>
        <time>2026-09-18T17:55:56.371Z</time>
      </trkpt>
      <trkpt lat="43.395145" lon="-3.988922">
        <ele>75.126567</ele>
        <time>2026-09-18T17:56:05.847Z</time>
      </trkpt>
      <trkpt lat="43.394980" lon="-3.989453">
        <ele>73.286353</ele>
        <time>2026-09-18T17:56:11.867Z</time>
      </trkpt>
      <trkpt lat="43.394959" lon="-3.989743">
        <ele>72.357708</ele>
        <time>2026-09-18T17:56:14.799Z</time>
      </trkpt>
      <trkpt lat="43.394896" lon="-3.989978">
        <ele>71.559557</ele>
        <time>2026-09-18T17:56:17.257Z</time>
      </trkpt>
      <trkpt lat="43.394734" lon="-3.990198">
        <ele>70.637022</ele>
        <time>2026-09-18T17:56:20.317Z</time>
      </trkpt>
      <trkpt lat="43.394556" lon="-3.990362">
        <ele>69.796415</ele>
        <time>2026-09-18T17:56:23.211Z</time>
      </trkpt>
      <trkpt lat="43.394389" lon="-3.990605">
        <ele>68.842674</ele>
        <time>2026-09-18T17:56:26.547Z</time>
      </trkpt>
      <trkpt lat="43.394362" lon="-3.990693">
        <ele>68.570287</ele>
        <time>2026-09-18T17:56:27.541Z</time>
      </trkpt>
      <trkpt lat="43.394338" lon="-3.990906">
        <ele>67.955653</ele>
        <time>2026-09-18T17:56:29.819Z</time>
      </trkpt>
      <trkpt lat="43.394304" lon="-3.991008">
        <ele>67.635654</ele>
        <time>2026-09-18T17:56:31.029Z</time>
      </trkpt>
      <trkpt lat="43.394092" lon="-3.991363">
        <ele>66.325360</ele>
        <time>2026-09-18T17:56:36.091Z</time>
      </trkpt>
      <trkpt lat="43.394089" lon="-3.991588">
        <ele>65.683656</ele>
        <time>2026-09-18T17:56:38.471Z</time>
      </trkpt>
      <trkpt lat="43.394053" lon="-3.991784">
        <ele>65.107175</ele>
        <time>2026-09-18T17:56:40.543Z</time>
      </trkpt>
      <trkpt lat="43.393877" lon="-3.991858">
        <ele>64.384991</ele>
        <time>2026-09-18T17:56:43.139Z</time>
      </trkpt>
      <trkpt lat="43.393780" lon="-3.991862">
        <ele>63.811738</ele>
        <time>2026-09-18T17:56:44.515Z</time>
      </trkpt>
      <trkpt lat="43.393708" lon="-3.991851">
        <ele>63.275826</ele>
        <time>2026-09-18T17:56:45.538Z</time>
      </trkpt>
      <trkpt lat="43.393539" lon="-3.991705">
        <ele>61.799673</ele>
        <time>2026-09-18T17:56:48.332Z</time>
      </trkpt>
      <trkpt lat="43.393321" lon="-3.992535">
        <ele>57.055395</ele>
        <time>2026-09-18T17:56:56.702Z</time>
      </trkpt>
      <trkpt lat="43.393225" lon="-3.992712">
        <ele>55.868091</ele>
        <time>2026-09-18T17:56:58.701Z</time>
      </trkpt>
      <trkpt lat="43.393123" lon="-3.992832">
        <ele>54.875365</ele>
        <time>2026-09-18T17:57:00.349Z</time>
      </trkpt>
      <trkpt lat="43.392999" lon="-3.992901">
        <ele>53.885888</ele>
        <time>2026-09-18T17:57:01.973Z</time>
      </trkpt>
      <trkpt lat="43.392449" lon="-3.992954">
        <ele>49.498494</ele>
        <time>2026-09-18T17:57:08.636Z</time>
      </trkpt>
      <trkpt lat="43.392196" lon="-3.993073">
        <ele>46.969787</ele>
        <time>2026-09-18T17:57:11.889Z</time>
      </trkpt>
      <trkpt lat="43.392067" lon="-3.993196">
        <ele>45.485504</ele>
        <time>2026-09-18T17:57:13.804Z</time>
      </trkpt>
      <trkpt lat="43.391948" lon="-3.993327">
        <ele>44.044239</ele>
        <time>2026-09-18T17:57:15.675Z</time>
      </trkpt>
      <trkpt lat="43.391656" lon="-3.993750">
        <ele>40.034480</ele>
        <time>2026-09-18T17:57:20.922Z</time>
      </trkpt>
      <trkpt lat="43.391050" lon="-3.994819">
        <ele>31.157496</ele>
        <time>2026-09-18T17:57:33.119Z</time>
      </trkpt>
      <trkpt lat="43.390831" lon="-3.994969">
        <ele>29.163960</ele>
        <time>2026-09-18T17:57:36.119Z</time>
      </trkpt>
      <trkpt lat="43.390555" lon="-3.995054">
        <ele>26.859121</ele>
        <time>2026-09-18T17:57:39.593Z</time>
      </trkpt>
      <trkpt lat="43.390417" lon="-3.995151">
        <ele>25.596307</ele>
        <time>2026-09-18T17:57:41.500Z</time>
      </trkpt>
      <trkpt lat="43.390218" lon="-3.995441">
        <ele>23.234247</ele>
        <time>2026-09-18T17:57:45.114Z</time>
      </trkpt>
      <trkpt lat="43.389971" lon="-3.995876">
        <ele>19.965020</ele>
        <time>2026-09-18T17:57:50.201Z</time>
      </trkpt>
      <trkpt lat="43.389755" lon="-3.995937">
        <ele>19.112928</ele>
        <time>2026-09-18T17:57:52.232Z</time>
      </trkpt>
      <trkpt lat="43.389534" lon="-3.996175">
        <ele>18.828882</ele>
        <time>2026-09-18T17:57:54.930Z</time>
      </trkpt>
      <trkpt lat="43.389308" lon="-3.996346">
        <ele>18.567832</ele>
        <time>2026-09-18T17:57:57.630Z</time>
      </trkpt>
      <trkpt lat="43.388986" lon="-3.996452">
        <ele>18.232718</ele>
        <time>2026-09-18T17:58:02.081Z</time>
      </trkpt>
      <trkpt lat="43.388228" lon="-3.996330">
        <ele>17.460265</ele>
        <time>2026-09-18T17:58:20.322Z</time>
      </trkpt>
      <trkpt lat="43.387399" lon="-3.996078">
        <ele>18.418026</ele>
        <time>2026-09-18T17:58:39.690Z</time>
      </trkpt>
      <trkpt lat="43.387331" lon="-3.996090">
        <ele>18.501388</ele>
        <time>2026-09-18T17:58:41.024Z</time>
      </trkpt>
      <trkpt lat="43.386951" lon="-3.996467">
        <ele>19.071021</ele>
        <time>2026-09-18T17:58:49.485Z</time>
      </trkpt>
      <trkpt lat="43.386885" lon="-3.996601">
        <ele>19.214065</ele>
        <time>2026-09-18T17:58:51.435Z</time>
      </trkpt>
      <trkpt lat="43.386777" lon="-3.996938">
        <ele>19.539531</ele>
        <time>2026-09-18T17:58:55.772Z</time>
      </trkpt>
      <trkpt lat="43.386570" lon="-3.997667">
        <ele>20.206864</ele>
        <time>2026-09-18T17:59:03.908Z</time>
      </trkpt>
      <trkpt lat="43.386263" lon="-3.998289">
        <ele>20.845161</ele>
        <time>2026-09-18T17:59:14.074Z</time>
      </trkpt>
      <trkpt lat="43.386189" lon="-3.998542">
        <ele>21.076683</ele>
        <time>2026-09-18T17:59:18.373Z</time>
      </trkpt>
      <trkpt lat="43.386145" lon="-3.998737">
        <ele>21.250020</ele>
        <time>2026-09-18T17:59:21.621Z</time>
      </trkpt>
      <trkpt lat="43.386066" lon="-3.998935">
        <ele>21.441774</ele>
        <time>2026-09-18T17:59:25.270Z</time>
      </trkpt>
      <trkpt lat="43.385795" lon="-3.999223">
        <ele>22.180504</ele>
        <time>2026-09-18T17:59:33.205Z</time>
      </trkpt>
      <trkpt lat="43.385246" lon="-3.999838">
        <ele>25.208681</ele>
        <time>2026-09-18T17:59:52.041Z</time>
      </trkpt>
      <trkpt lat="43.384957" lon="-4.000466">
        <ele>27.519418</ele>
        <time>2026-09-18T18:00:10.521Z</time>
      </trkpt>
      <trkpt lat="43.384746" lon="-4.000743">
        <ele>28.766862</ele>
        <time>2026-09-18T18:00:21.619Z</time>
      </trkpt>
      <trkpt lat="43.384651" lon="-4.000919">
        <ele>29.464978</ele>
        <time>2026-09-18T18:00:27.999Z</time>
      </trkpt>
      <trkpt lat="43.384205" lon="-4.002054">
        <ele>35.131533</ele>
        <time>2026-09-18T18:01:09.569Z</time>
      </trkpt>
      <trkpt lat="43.383896" lon="-4.002391">
        <ele>37.514189</ele>
        <time>2026-09-18T18:01:26.287Z</time>
      </trkpt>
      <trkpt lat="43.383717" lon="-4.002728">
        <ele>39.347350</ele>
        <time>2026-09-18T18:01:37.275Z</time>
      </trkpt>
      <trkpt lat="43.383588" lon="-4.002866">
        <ele>40.289108</ele>
        <time>2026-09-18T18:01:42.431Z</time>
      </trkpt>
      <trkpt lat="43.383243" lon="-4.003162">
        <ele>40.798917</ele>
        <time>2026-09-18T18:01:52.745Z</time>
      </trkpt>
      <trkpt lat="43.383155" lon="-4.003349">
        <ele>41.001937</ele>
        <time>2026-09-18T18:01:56.030Z</time>
      </trkpt>
      <trkpt lat="43.383141" lon="-4.003469">
        <ele>41.112694</ele>
        <time>2026-09-18T18:01:57.662Z</time>
      </trkpt>
      <trkpt lat="43.383104" lon="-4.003775">
        <ele>41.395389</ele>
        <time>2026-09-18T18:02:01.303Z</time>
      </trkpt>
      <trkpt lat="43.383015" lon="-4.004064">
        <ele>41.681427</ele>
        <time>2026-09-18T18:02:04.357Z</time>
      </trkpt>
      <trkpt lat="43.382914" lon="-4.004359">
        <ele>41.978601</ele>
        <time>2026-09-18T18:02:07.248Z</time>
      </trkpt>
      <trkpt lat="43.382864" lon="-4.004586">
        <ele>42.194762</ele>
        <time>2026-09-18T18:02:09.385Z</time>
      </trkpt>
      <trkpt lat="43.382781" lon="-4.005741">
        <ele>43.825660</ele>
        <time>2026-09-18T18:02:24.973Z</time>
      </trkpt>
      <trkpt lat="43.382830" lon="-4.006073">
        <ele>44.380185</ele>
        <time>2026-09-18T18:02:31.814Z</time>
      </trkpt>
      <trkpt lat="43.382899" lon="-4.006319">
        <ele>44.811795</ele>
        <time>2026-09-18T18:02:37.476Z</time>
      </trkpt>
      <trkpt lat="43.383225" lon="-4.007108">
        <ele>46.297375</ele>
        <time>2026-09-18T18:02:56.578Z</time>
      </trkpt>
      <trkpt lat="43.383414" lon="-4.007513">
        <ele>46.532957</ele>
        <time>2026-09-18T18:03:05.515Z</time>
      </trkpt>
      <trkpt lat="43.383454" lon="-4.007616">
        <ele>46.513755</ele>
        <time>2026-09-18T18:03:07.519Z</time>
      </trkpt>
      <trkpt lat="43.383506" lon="-4.008087">
        <ele>46.435424</ele>
        <time>2026-09-18T18:03:14.197Z</time>
      </trkpt>
      <trkpt lat="43.383613" lon="-4.010011">
        <ele>45.765600</ele>
        <time>2026-09-18T18:03:30.089Z</time>
      </trkpt>
      <trkpt lat="43.383646" lon="-4.010141">
        <ele>45.606036</ele>
        <time>2026-09-18T18:03:31.189Z</time>
      </trkpt>
      <trkpt lat="43.383704" lon="-4.010206">
        <ele>45.486768</ele>
        <time>2026-09-18T18:03:32.009Z</time>
      </trkpt>
      <trkpt lat="43.383704" lon="-4.010289">
        <ele>45.390590</ele>
        <time>2026-09-18T18:03:32.669Z</time>
      </trkpt>
      <trkpt lat="43.383668" lon="-4.010342">
        <ele>45.306528</ele>
        <time>2026-09-18T18:03:33.246Z</time>
      </trkpt>
      <trkpt lat="43.383643" lon="-4.010539">
        <ele>45.074797</ele>
        <time>2026-09-18T18:03:34.851Z</time>
      </trkpt>
      <trkpt lat="43.383693" lon="-4.011124">
        <ele>44.392246</ele>
        <time>2026-09-18T18:03:39.656Z</time>
      </trkpt>
      <trkpt lat="43.383770" lon="-4.011489">
        <ele>43.951838</ele>
        <time>2026-09-18T18:03:42.859Z</time>
      </trkpt>
      <trkpt lat="43.383784" lon="-4.011964">
        <ele>43.400971</ele>
        <time>2026-09-18T18:03:46.972Z</time>
      </trkpt>
      <trkpt lat="43.383703" lon="-4.013075">
        <ele>43.079019</ele>
        <time>2026-09-18T18:03:56.489Z</time>
      </trkpt>
      <trkpt lat="43.383739" lon="-4.013450">
        <ele>42.995242</ele>
        <time>2026-09-18T18:03:59.990Z</time>
      </trkpt>
      <trkpt lat="43.383693" lon="-4.013871">
        <ele>42.900952</ele>
        <time>2026-09-18T18:04:04.623Z</time>
      </trkpt>
      <trkpt lat="43.383649" lon="-4.014217">
        <ele>42.823155</ele>
        <time>2026-09-18T18:04:09.083Z</time>
      </trkpt>
      <trkpt lat="43.383670" lon="-4.014372">
        <ele>42.788235</ele>
        <time>2026-09-18T18:04:11.402Z</time>
      </trkpt>
      <trkpt lat="43.383724" lon="-4.014453">
        <ele>42.763890</ele>
        <time>2026-09-18T18:04:13.108Z</time>
      </trkpt>
      <trkpt lat="43.384439" lon="-4.014760">
        <ele>43.966468</ele>
        <time>2026-09-18T18:04:33.246Z</time>
      </trkpt>
      <trkpt lat="43.384560" lon="-4.014831">
        <ele>44.181402</ele>
        <time>2026-09-18T18:04:37.483Z</time>
      </trkpt>
      <trkpt lat="43.384625" lon="-4.014905">
        <ele>44.319249</ele>
        <time>2026-09-18T18:04:40.132Z</time>
      </trkpt>
      <trkpt lat="43.384661" lon="-4.015001">
        <ele>44.447529</ele>
        <time>2026-09-18T18:04:42.838Z</time>
      </trkpt>
      <trkpt lat="43.384684" lon="-4.015230">
        <ele>44.722048</ele>
        <time>2026-09-18T18:04:48.184Z</time>
      </trkpt>
      <trkpt lat="43.384696" lon="-4.015306">
        <ele>44.814402</ele>
        <time>2026-09-18T18:04:49.740Z</time>
      </trkpt>
      <trkpt lat="43.384874" lon="-4.015912">
        <ele>45.590569</ele>
        <time>2026-09-18T18:05:02.410Z</time>
      </trkpt>
      <trkpt lat="43.384918" lon="-4.016050">
        <ele>45.685398</ele>
        <time>2026-09-18T18:05:04.981Z</time>
      </trkpt>
      <trkpt lat="43.384986" lon="-4.016197">
        <ele>45.643937</ele>
        <time>2026-09-18T18:05:07.714Z</time>
      </trkpt>
      <trkpt lat="43.384952" lon="-4.016262">
        <ele>45.624881</ele>
        <time>2026-09-18T18:05:08.450Z</time>
      </trkpt>
      <trkpt lat="43.384906" lon="-4.016602">
        <ele>45.542593</ele>
        <time>2026-09-18T18:05:11.807Z</time>
      </trkpt>
      <trkpt lat="43.384783" lon="-4.017530">
        <ele>45.318144</ele>
        <time>2026-09-18T18:05:21.249Z</time>
      </trkpt>
      <trkpt lat="43.384781" lon="-4.017682">
        <ele>45.281971</ele>
        <time>2026-09-18T18:05:22.638Z</time>
      </trkpt>
      <trkpt lat="43.384779" lon="-4.017990">
        <ele>45.208683</ele>
        <time>2026-09-18T18:05:25.421Z</time>
      </trkpt>
      <trkpt lat="43.384766" lon="-4.018641">
        <ele>44.478092</ele>
        <time>2026-09-18T18:05:31.845Z</time>
      </trkpt>
      <trkpt lat="43.384572" lon="-4.019578">
        <ele>41.898632</ele>
        <time>2026-09-18T18:05:39.204Z</time>
      </trkpt>
      <trkpt lat="43.384549" lon="-4.019750">
        <ele>41.435609</ele>
        <time>2026-09-18T18:05:40.411Z</time>
      </trkpt>
      <trkpt lat="43.384560" lon="-4.019782">
        <ele>41.341888</ele>
        <time>2026-09-18T18:05:40.657Z</time>
      </trkpt>
      <trkpt lat="43.384544" lon="-4.019891">
        <ele>41.047477</ele>
        <time>2026-09-18T18:05:41.417Z</time>
      </trkpt>
      <trkpt lat="43.384508" lon="-4.019925">
        <ele>40.888409</ele>
        <time>2026-09-18T18:05:41.824Z</time>
      </trkpt>
      <trkpt lat="43.384433" lon="-4.019912">
        <ele>40.613028</ele>
        <time>2026-09-18T18:05:42.523Z</time>
      </trkpt>
      <trkpt lat="43.384403" lon="-4.019862">
        <ele>40.441366</ele>
        <time>2026-09-18T18:05:42.960Z</time>
      </trkpt>
      <trkpt lat="43.384179" lon="-4.019786">
        <ele>39.600902</ele>
        <time>2026-09-18T18:05:45.092Z</time>
      </trkpt>
      <trkpt lat="43.384022" lon="-4.019818">
        <ele>39.022717</ele>
        <time>2026-09-18T18:05:46.554Z</time>
      </trkpt>
      <trkpt lat="43.383816" lon="-4.019914">
        <ele>38.340766</ele>
        <time>2026-09-18T18:05:48.557Z</time>
      </trkpt>
      <trkpt lat="43.383530" lon="-4.020171">
        <ele>37.515371</ele>
        <time>2026-09-18T18:05:51.679Z</time>
      </trkpt>
      <trkpt lat="43.380373" lon="-4.023439">
        <ele>32.876954</ele>
        <time>2026-09-18T18:06:39.324Z</time>
      </trkpt>
      <trkpt lat="43.379995" lon="-4.023751">
        <ele>33.219705</ele>
        <time>2026-09-18T18:06:49.871Z</time>
      </trkpt>
      <trkpt lat="43.380013" lon="-4.023804">
        <ele>33.252766</ele>
        <time>2026-09-18T18:06:51.142Z</time>
      </trkpt>
      <trkpt lat="43.380069" lon="-4.024019">
        <ele>33.381839</ele>
        <time>2026-09-18T18:06:56.161Z</time>
      </trkpt>
      <trkpt lat="43.380073" lon="-4.024459">
        <ele>33.630521</ele>
        <time>2026-09-18T18:07:05.994Z</time>
      </trkpt>
      <trkpt lat="43.380014" lon="-4.024762">
        <ele>33.387778</ele>
        <time>2026-09-18T18:07:13.142Z</time>
      </trkpt>
      <trkpt lat="43.379897" lon="-4.025129">
        <ele>32.947437</ele>
        <time>2026-09-18T18:07:21.560Z</time>
      </trkpt>
      <trkpt lat="43.379973" lon="-4.026228">
        <ele>31.734416</ele>
        <time>2026-09-18T18:07:35.946Z</time>
      </trkpt>
      <trkpt lat="43.379871" lon="-4.026820">
        <ele>31.065907</ele>
        <time>2026-09-18T18:07:41.956Z</time>
      </trkpt>
      <trkpt lat="43.379731" lon="-4.027346">
        <ele>28.641096</ele>
        <time>2026-09-18T18:07:47.164Z</time>
      </trkpt>
      <trkpt lat="43.379721" lon="-4.027482">
        <ele>27.942531</ele>
        <time>2026-09-18T18:07:48.407Z</time>
      </trkpt>
      <trkpt lat="43.379748" lon="-4.028022">
        <ele>25.176382</ele>
        <time>2026-09-18T18:07:53.284Z</time>
      </trkpt>
      <trkpt lat="43.379602" lon="-4.029220">
        <ele>18.968624</ele>
        <time>2026-09-18T18:08:04.528Z</time>
      </trkpt>
      <trkpt lat="43.379627" lon="-4.029421">
        <ele>18.045747</ele>
        <time>2026-09-18T18:08:06.455Z</time>
      </trkpt>
      <trkpt lat="43.379706" lon="-4.029641">
        <ele>17.192841</ele>
        <time>2026-09-18T18:08:08.796Z</time>
      </trkpt>
      <trkpt lat="43.379817" lon="-4.030090">
        <ele>15.544414</ele>
        <time>2026-09-18T18:08:13.365Z</time>
      </trkpt>
      <trkpt lat="43.379857" lon="-4.030392">
        <ele>14.477445</ele>
        <time>2026-09-18T18:08:16.394Z</time>
      </trkpt>
      <trkpt lat="43.379731" lon="-4.031218">
        <ele>11.543910</ele>
        <time>2026-09-18T18:08:24.979Z</time>
      </trkpt>
      <trkpt lat="43.379675" lon="-4.031540">
        <ele>10.393117</ele>
        <time>2026-09-18T18:08:28.338Z</time>
      </trkpt>
      <trkpt lat="43.379560" lon="-4.032242">
        <ele>8.953716</ele>
        <time>2026-09-18T18:08:35.783Z</time>
      </trkpt>
      <trkpt lat="43.379409" lon="-4.032766">
        <ele>8.146399</ele>
        <time>2026-09-18T18:08:42.033Z</time>
      </trkpt>
      <trkpt lat="43.379313" lon="-4.032972">
        <ele>7.795923</ele>
        <time>2026-09-18T18:08:44.898Z</time>
      </trkpt>
      <trkpt lat="43.379172" lon="-4.033223">
        <ele>7.341578</ele>
        <time>2026-09-18T18:08:48.756Z</time>
      </trkpt>
      <trkpt lat="43.379029" lon="-4.033387">
        <ele>6.974734</ele>
        <time>2026-09-18T18:08:51.977Z</time>
      </trkpt>
      <trkpt lat="43.378903" lon="-4.033487">
        <ele>6.688100</ele>
        <time>2026-09-18T18:08:54.580Z</time>
      </trkpt>
      <trkpt lat="43.378810" lon="-4.033561">
        <ele>6.476400</ele>
        <time>2026-09-18T18:08:56.550Z</time>
      </trkpt>
      <trkpt lat="43.378940" lon="-4.033905">
        <ele>6.120442</ele>
        <time>2026-09-18T18:09:00.194Z</time>
      </trkpt>
      <trkpt lat="43.379116" lon="-4.034227">
        <ele>6.038152</ele>
        <time>2026-09-18T18:09:04.155Z</time>
      </trkpt>
      <trkpt lat="43.379409" lon="-4.034686">
        <ele>5.913379</ele>
        <time>2026-09-18T18:09:10.548Z</time>
      </trkpt>
      <trkpt lat="43.379582" lon="-4.035037">
        <ele>5.826759</ele>
        <time>2026-09-18T18:09:14.782Z</time>
      </trkpt>
      <trkpt lat="43.379808" lon="-4.035639">
        <ele>5.688369</ele>
        <time>2026-09-18T18:09:21.562Z</time>
      </trkpt>
      <trkpt lat="43.379853" lon="-4.035837">
        <ele>5.648200</ele>
        <time>2026-09-18T18:09:23.806Z</time>
      </trkpt>
      <trkpt lat="43.379873" lon="-4.036069">
        <ele>5.649211</ele>
        <time>2026-09-18T18:09:26.398Z</time>
      </trkpt>
      <trkpt lat="43.379854" lon="-4.036612">
        <ele>5.651564</ele>
        <time>2026-09-18T18:09:32.497Z</time>
      </trkpt>
      <trkpt lat="43.379904" lon="-4.036831">
        <ele>5.652558</ele>
        <time>2026-09-18T18:09:35.088Z</time>
      </trkpt>
      <trkpt lat="43.379825" lon="-4.036963">
        <ele>5.653298</ele>
        <time>2026-09-18T18:09:37.647Z</time>
      </trkpt>
      <trkpt lat="43.379819" lon="-4.037282">
        <ele>5.654679</ele>
        <time>2026-09-18T18:09:42.301Z</time>
      </trkpt>
      <trkpt lat="43.379032" lon="-4.037625">
        <ele>5.677137</ele>
        <time>2026-09-18T18:09:58.817Z</time>
      </trkpt>
      <trkpt lat="43.379225" lon="-4.038485">
        <ele>5.774675</ele>
        <time>2026-09-18T18:10:12.222Z</time>
      </trkpt>
      <trkpt lat="43.378789" lon="-4.038677">
        <ele>5.842930</ele>
        <time>2026-09-18T18:10:19.181Z</time>
      </trkpt>
      <trkpt lat="43.378500" lon="-4.038795">
        <ele>5.887877</ele>
        <time>2026-09-18T18:10:23.896Z</time>
      </trkpt>
      <trkpt lat="43.378364" lon="-4.038900">
        <ele>5.911128</ele>
        <time>2026-09-18T18:10:26.440Z</time>
      </trkpt>
      <trkpt lat="43.374700" lon="-4.040459">
        <ele>7.770261</ele>
        <time>2026-09-18T18:11:31.664Z</time>
      </trkpt>
      <trkpt lat="43.374636" lon="-4.040486">
        <ele>7.769611</ele>
        <time>2026-09-18T18:11:32.717Z</time>
      </trkpt>
      <trkpt lat="43.374432" lon="-4.040544">
        <ele>7.767589</ele>
        <time>2026-09-18T18:11:36.127Z</time>
      </trkpt>
      <trkpt lat="43.374126" lon="-4.040675">
        <ele>7.764478</ele>
        <time>2026-09-18T18:11:40.913Z</time>
      </trkpt>
      <trkpt lat="43.373994" lon="-4.040725">
        <ele>7.763149</ele>
        <time>2026-09-18T18:11:42.834Z</time>
      </trkpt>
      <trkpt lat="43.373945" lon="-4.040746">
        <ele>7.762650</ele>
        <time>2026-09-18T18:11:43.571Z</time>
      </trkpt>
      <trkpt lat="43.373882" lon="-4.040812">
        <ele>7.761882</ele>
        <time>2026-09-18T18:11:44.644Z</time>
      </trkpt>
      <trkpt lat="43.373699" lon="-4.040883">
        <ele>7.760036</ele>
        <time>2026-09-18T18:11:47.297Z</time>
      </trkpt>
      <trkpt lat="43.373449" lon="-4.041007">
        <ele>7.757456</ele>
        <time>2026-09-18T18:11:50.987Z</time>
      </trkpt>
      <trkpt lat="43.373322" lon="-4.041141">
        <ele>7.755902</ele>
        <time>2026-09-18T18:11:53.222Z</time>
      </trkpt>
      <trkpt lat="43.373274" lon="-4.041235">
        <ele>7.755092</ele>
        <time>2026-09-18T18:11:54.408Z</time>
      </trkpt>
      <trkpt lat="43.373262" lon="-4.041343">
        <ele>7.754321</ele>
        <time>2026-09-18T18:11:55.491Z</time>
      </trkpt>
      <trkpt lat="43.373303" lon="-4.041653">
        <ele>7.720943</ele>
        <time>2026-09-18T18:11:58.732Z</time>
      </trkpt>
      <trkpt lat="43.373427" lon="-4.042046">
        <ele>7.670274</ele>
        <time>2026-09-18T18:12:03.060Z</time>
      </trkpt>
      <trkpt lat="43.373430" lon="-4.042131">
        <ele>7.660210</ele>
        <time>2026-09-18T18:12:03.895Z</time>
      </trkpt>
      <trkpt lat="43.373455" lon="-4.042213">
        <ele>7.649694</ele>
        <time>2026-09-18T18:12:04.806Z</time>
      </trkpt>
      <trkpt lat="43.373607" lon="-4.042715">
        <ele>7.585379</ele>
        <time>2026-09-18T18:12:10.379Z</time>
      </trkpt>
      <trkpt lat="43.373698" lon="-4.042923">
        <ele>7.556668</ele>
        <time>2026-09-18T18:12:13.038Z</time>
      </trkpt>
      <trkpt lat="43.373785" lon="-4.043035">
        <ele>7.537282</ele>
        <time>2026-09-18T18:12:14.832Z</time>
      </trkpt>
      <trkpt lat="43.373979" lon="-4.043154">
        <ele>7.502723</ele>
        <time>2026-09-18T18:12:17.997Z</time>
      </trkpt>
      <trkpt lat="43.374193" lon="-4.043215">
        <ele>7.467165</ele>
        <time>2026-09-18T18:12:21.190Z</time>
      </trkpt>
      <trkpt lat="43.374508" lon="-4.043291">
        <ele>7.344960</ele>
        <time>2026-09-18T18:12:25.780Z</time>
      </trkpt>
      <trkpt lat="43.374847" lon="-4.043373">
        <ele>7.204084</ele>
        <time>2026-09-18T18:12:30.506Z</time>
      </trkpt>
      <trkpt lat="43.374955" lon="-4.043399">
        <ele>7.159209</ele>
        <time>2026-09-18T18:12:31.966Z</time>
      </trkpt>
      <trkpt lat="43.375170" lon="-4.043453">
        <ele>7.069758</ele>
        <time>2026-09-18T18:12:34.844Z</time>
      </trkpt>
      <trkpt lat="43.375457" lon="-4.043602">
        <ele>6.944207</ele>
        <time>2026-09-18T18:12:38.827Z</time>
      </trkpt>
      <trkpt lat="43.375654" lon="-4.043817">
        <ele>6.841289</ele>
        <time>2026-09-18T18:12:42.077Z</time>
      </trkpt>
      <trkpt lat="43.376641" lon="-4.045758">
        <ele>6.486490</ele>
        <time>2026-09-18T18:13:04.551Z</time>
      </trkpt>
      <trkpt lat="43.376832" lon="-4.046133">
        <ele>6.431237</ele>
        <time>2026-09-18T18:13:09.771Z</time>
      </trkpt>
      <trkpt lat="43.376890" lon="-4.046247">
        <ele>6.595674</ele>
        <time>2026-09-18T18:13:11.455Z</time>
      </trkpt>
      <trkpt lat="43.377554" lon="-4.047527">
        <ele>9.217325</ele>
        <time>2026-09-18T18:13:39.005Z</time>
      </trkpt>
      <trkpt lat="43.377646" lon="-4.047709">
        <ele>9.586902</ele>
        <time>2026-09-18T18:13:43.856Z</time>
      </trkpt>
      <trkpt lat="43.377681" lon="-4.047780">
        <ele>9.729922</ele>
        <time>2026-09-18T18:13:45.687Z</time>
      </trkpt>
      <trkpt lat="43.377948" lon="-4.048235">
        <ele>10.640904</ele>
        <time>2026-09-18T18:13:57.741Z</time>
      </trkpt>
      <trkpt lat="43.378053" lon="-4.048332">
        <ele>10.809588</ele>
        <time>2026-09-18T18:14:01.071Z</time>
      </trkpt>
      <trkpt lat="43.378084" lon="-4.048490">
        <ele>10.968238</ele>
        <time>2026-09-18T18:14:04.174Z</time>
      </trkpt>
      <trkpt lat="43.378051" lon="-4.048606">
        <ele>11.088997</ele>
        <time>2026-09-18T18:14:06.514Z</time>
      </trkpt>
      <trkpt lat="43.377998" lon="-4.048672">
        <ele>11.184341</ele>
        <time>2026-09-18T18:14:08.337Z</time>
      </trkpt>
      <trkpt lat="43.377930" lon="-4.048703">
        <ele>11.279885</ele>
        <time>2026-09-18T18:14:10.187Z</time>
      </trkpt>
      <trkpt lat="43.377799" lon="-4.048858">
        <ele>11.510330</ele>
        <time>2026-09-18T18:14:14.431Z</time>
      </trkpt>
      <trkpt lat="43.377507" lon="-4.049351">
        <ele>12.126841</ele>
        <time>2026-09-18T18:14:24.035Z</time>
      </trkpt>
      <trkpt lat="43.377448" lon="-4.049450">
        <ele>12.250950</ele>
        <time>2026-09-18T18:14:25.495Z</time>
      </trkpt>
      <trkpt lat="43.377416" lon="-4.049508">
        <ele>12.321541</ele>
        <time>2026-09-18T18:14:26.348Z</time>
      </trkpt>
      <trkpt lat="43.377012" lon="-4.050192">
        <ele>12.817681</ele>
        <time>2026-09-18T18:14:34.390Z</time>
      </trkpt>
      <trkpt lat="43.376503" lon="-4.051058">
        <ele>12.177548</ele>
        <time>2026-09-18T18:14:44.824Z</time>
      </trkpt>
      <trkpt lat="43.376399" lon="-4.051227">
        <ele>12.050272</ele>
        <time>2026-09-18T18:14:46.813Z</time>
      </trkpt>
      <trkpt lat="43.376376" lon="-4.051313">
        <ele>11.997601</ele>
        <time>2026-09-18T18:14:47.584Z</time>
      </trkpt>
      <trkpt lat="43.376380" lon="-4.051399">
        <ele>11.948069</ele>
        <time>2026-09-18T18:14:48.301Z</time>
      </trkpt>
      <trkpt lat="43.376340" lon="-4.051530">
        <ele>11.866399</ele>
        <time>2026-09-18T18:14:49.417Z</time>
      </trkpt>
      <trkpt lat="43.376340" lon="-4.052030">
        <ele>11.579009</ele>
        <time>2026-09-18T18:14:53.538Z</time>
      </trkpt>
      <trkpt lat="43.376341" lon="-4.052236">
        <ele>11.640835</ele>
        <time>2026-09-18T18:14:55.452Z</time>
      </trkpt>
      <trkpt lat="43.376341" lon="-4.052387">
        <ele>11.783693</ele>
        <time>2026-09-18T18:14:57.012Z</time>
      </trkpt>
      <trkpt lat="43.376422" lon="-4.052685">
        <ele>12.084692</ele>
        <time>2026-09-18T18:15:00.814Z</time>
      </trkpt>
      <trkpt lat="43.376420" lon="-4.052786">
        <ele>12.180282</ele>
        <time>2026-09-18T18:15:02.175Z</time>
      </trkpt>
      <trkpt lat="43.376388" lon="-4.052866">
        <ele>12.266672</ele>
        <time>2026-09-18T18:15:03.400Z</time>
      </trkpt>
      <trkpt lat="43.376270" lon="-4.052988">
        <ele>12.458796</ele>
        <time>2026-09-18T18:15:06.328Z</time>
      </trkpt>
      <trkpt lat="43.376185" lon="-4.053227">
        <ele>12.710525</ele>
        <time>2026-09-18T18:15:10.513Z</time>
      </trkpt>
      <trkpt lat="43.375756" lon="-4.053960">
        <ele>13.600867</ele>
        <time>2026-09-18T18:15:25.864Z</time>
      </trkpt>
      <trkpt lat="43.375603" lon="-4.054252">
        <ele>14.007204</ele>
        <time>2026-09-18T18:15:32.538Z</time>
      </trkpt>
      <trkpt lat="43.375524" lon="-4.054478">
        <ele>14.462471</ele>
        <time>2026-09-18T18:15:37.731Z</time>
      </trkpt>
      <trkpt lat="43.375465" lon="-4.055026">
        <ele>15.468183</ele>
        <time>2026-09-18T18:15:49.062Z</time>
      </trkpt>
      <trkpt lat="43.375500" lon="-4.055368">
        <ele>16.095186</ele>
        <time>2026-09-18T18:15:55.833Z</time>
      </trkpt>
      <trkpt lat="43.375565" lon="-4.055623">
        <ele>16.585762</ele>
        <time>2026-09-18T18:16:00.894Z</time>
      </trkpt>
      <trkpt lat="43.375836" lon="-4.056239">
        <ele>17.892948</ele>
        <time>2026-09-18T18:16:13.015Z</time>
      </trkpt>
      <trkpt lat="43.376039" lon="-4.056626">
        <ele>18.603280</ele>
        <time>2026-09-18T18:16:20.281Z</time>
      </trkpt>
      <trkpt lat="43.376276" lon="-4.056929">
        <ele>19.093831</ele>
        <time>2026-09-18T18:16:27.525Z</time>
      </trkpt>
      <trkpt lat="43.376560" lon="-4.057202">
        <ele>19.619135</ele>
        <time>2026-09-18T18:16:35.332Z</time>
      </trkpt>
      <trkpt lat="43.377184" lon="-4.057746">
        <ele>20.739218</ele>
        <time>2026-09-18T18:16:50.374Z</time>
      </trkpt>
      <trkpt lat="43.377332" lon="-4.057907">
        <ele>21.025292</ele>
        <time>2026-09-18T18:16:53.887Z</time>
      </trkpt>
      <trkpt lat="43.377534" lon="-4.058216">
        <ele>21.156699</ele>
        <time>2026-09-18T18:16:59.694Z</time>
      </trkpt>
      <trkpt lat="43.377679" lon="-4.058545">
        <ele>21.229240</ele>
        <time>2026-09-18T18:17:04.981Z</time>
      </trkpt>
      <trkpt lat="43.377957" lon="-4.059370">
        <ele>21.400686</ele>
        <time>2026-09-18T18:17:15.534Z</time>
      </trkpt>
      <trkpt lat="43.378081" lon="-4.059748">
        <ele>21.478875</ele>
        <time>2026-09-18T18:17:19.508Z</time>
      </trkpt>
      <trkpt lat="43.378161" lon="-4.059982">
        <ele>21.527629</ele>
        <time>2026-09-18T18:17:21.950Z</time>
      </trkpt>
      <trkpt lat="43.378223" lon="-4.060178">
        <ele>21.550334</ele>
        <time>2026-09-18T18:17:23.966Z</time>
      </trkpt>
      <trkpt lat="43.378392" lon="-4.060656">
        <ele>21.504603</ele>
        <time>2026-09-18T18:17:28.967Z</time>
      </trkpt>
      <trkpt lat="43.378517" lon="-4.061018">
        <ele>21.470123</ele>
        <time>2026-09-18T18:17:32.710Z</time>
      </trkpt>
      <trkpt lat="43.378870" lon="-4.062099">
        <ele>21.368167</ele>
        <time>2026-09-18T18:17:44.506Z</time>
      </trkpt>
      <trkpt lat="43.378910" lon="-4.062315">
        <ele>21.348990</ele>
        <time>2026-09-18T18:17:47.496Z</time>
      </trkpt>
      <trkpt lat="43.378927" lon="-4.062729">
        <ele>21.912824</ele>
        <time>2026-09-18T18:17:53.582Z</time>
      </trkpt>
      <trkpt lat="43.378902" lon="-4.063519">
        <ele>23.221164</ele>
        <time>2026-09-18T18:18:06.302Z</time>
      </trkpt>
      <trkpt lat="43.378945" lon="-4.063905">
        <ele>23.867282</ele>
        <time>2026-09-18T18:18:13.181Z</time>
      </trkpt>
      <trkpt lat="43.378984" lon="-4.064060">
        <ele>24.138671</ele>
        <time>2026-09-18T18:18:16.252Z</time>
      </trkpt>
      <trkpt lat="43.379150" lon="-4.064462">
        <ele>24.903652</ele>
        <time>2026-09-18T18:18:25.653Z</time>
      </trkpt>
      <trkpt lat="43.379199" lon="-4.064569">
        <ele>25.112899</ele>
        <time>2026-09-18T18:18:28.273Z</time>
      </trkpt>
      <trkpt lat="43.379353" lon="-4.064883">
        <ele>25.909436</ele>
        <time>2026-09-18T18:18:36.304Z</time>
      </trkpt>
      <trkpt lat="43.379472" lon="-4.065281">
        <ele>27.021509</ele>
        <time>2026-09-18T18:18:45.620Z</time>
      </trkpt>
      <trkpt lat="43.379527" lon="-4.065690">
        <ele>28.096319</ele>
        <time>2026-09-18T18:18:54.723Z</time>
      </trkpt>
      <trkpt lat="43.379402" lon="-4.066814">
        <ele>31.034587</ele>
        <time>2026-09-18T18:19:19.172Z</time>
      </trkpt>
      <trkpt lat="43.379420" lon="-4.067206">
        <ele>31.958772</ele>
        <time>2026-09-18T18:19:27.344Z</time>
      </trkpt>
      <trkpt lat="43.379445" lon="-4.067375">
        <ele>32.218409</ele>
        <time>2026-09-18T18:19:30.816Z</time>
      </trkpt>
      <trkpt lat="43.379592" lon="-4.067879">
        <ele>33.035965</ele>
        <time>2026-09-18T18:19:41.019Z</time>
      </trkpt>
      <trkpt lat="43.379692" lon="-4.068455">
        <ele>33.927494</ele>
        <time>2026-09-18T18:19:51.064Z</time>
      </trkpt>
      <trkpt lat="43.379731" lon="-4.068727">
        <ele>34.344865</ele>
        <time>2026-09-18T18:19:55.425Z</time>
      </trkpt>
      <trkpt lat="43.379747" lon="-4.068853">
        <ele>34.537424</ele>
        <time>2026-09-18T18:19:57.349Z</time>
      </trkpt>
      <trkpt lat="43.379806" lon="-4.069291">
        <ele>35.208035</ele>
        <time>2026-09-18T18:20:04.015Z</time>
      </trkpt>
      <trkpt lat="43.379814" lon="-4.069754">
        <ele>35.623560</ele>
        <time>2026-09-18T18:20:10.560Z</time>
      </trkpt>
      <trkpt lat="43.379700" lon="-4.070968">
        <ele>35.973413</ele>
        <time>2026-09-18T18:20:25.273Z</time>
      </trkpt>
      <trkpt lat="43.379694" lon="-4.071013">
        <ele>35.986489</ele>
        <time>2026-09-18T18:20:25.760Z</time>
      </trkpt>
      <trkpt lat="43.379530" lon="-4.072614">
        <ele>36.723994</ele>
        <time>2026-09-18T18:20:42.801Z</time>
      </trkpt>
      <trkpt lat="43.379535" lon="-4.072972">
        <ele>36.979709</ele>
        <time>2026-09-18T18:20:47.114Z</time>
      </trkpt>
      <trkpt lat="43.379570" lon="-4.073255">
        <ele>37.184721</ele>
        <time>2026-09-18T18:20:50.818Z</time>
      </trkpt>
      <trkpt lat="43.379912" lon="-4.074546">
        <ele>38.419149</ele>
        <time>2026-09-18T18:21:12.048Z</time>
      </trkpt>
      <trkpt lat="43.379959" lon="-4.074962">
        <ele>39.288208</ele>
        <time>2026-09-18T18:21:19.736Z</time>
      </trkpt>
      <trkpt lat="43.379951" lon="-4.075330">
        <ele>40.048207</ele>
        <time>2026-09-18T18:21:26.436Z</time>
      </trkpt>
      <trkpt lat="43.379904" lon="-4.076188">
        <ele>41.824395</ele>
        <time>2026-09-18T18:21:43.141Z</time>
      </trkpt>
      <trkpt lat="43.379915" lon="-4.076507">
        <ele>42.483645</ele>
        <time>2026-09-18T18:21:49.990Z</time>
      </trkpt>
      <trkpt lat="43.380027" lon="-4.077170">
        <ele>44.253532</ele>
        <time>2026-09-18T18:22:04.554Z</time>
      </trkpt>
      <trkpt lat="43.380214" lon="-4.077831">
        <ele>46.431688</ele>
        <time>2026-09-18T18:22:19.511Z</time>
      </trkpt>
      <trkpt lat="43.380245" lon="-4.077936">
        <ele>46.779710</ele>
        <time>2026-09-18T18:22:22.007Z</time>
      </trkpt>
      <trkpt lat="43.380316" lon="-4.078178">
        <ele>47.581107</ele>
        <time>2026-09-18T18:22:28.095Z</time>
      </trkpt>
      <trkpt lat="43.380571" lon="-4.079058">
        <ele>50.490268</ele>
        <time>2026-09-18T18:22:51.878Z</time>
      </trkpt>
      <trkpt lat="43.380603" lon="-4.079171">
        <ele>50.893324</ele>
        <time>2026-09-18T18:22:54.931Z</time>
      </trkpt>
      <trkpt lat="43.380770" lon="-4.079745">
        <ele>53.266158</ele>
        <time>2026-09-18T18:23:10.727Z</time>
      </trkpt>
      <trkpt lat="43.380941" lon="-4.080313">
        <ele>55.625625</ele>
        <time>2026-09-18T18:23:27.190Z</time>
      </trkpt>
      <trkpt lat="43.381151" lon="-4.081090">
        <ele>58.807072</ele>
        <time>2026-09-18T18:23:50.081Z</time>
      </trkpt>
      <trkpt lat="43.381203" lon="-4.081369">
        <ele>59.912453</ele>
        <time>2026-09-18T18:23:57.510Z</time>
      </trkpt>
      <trkpt lat="43.381229" lon="-4.081577">
        <ele>60.706222</ele>
        <time>2026-09-18T18:24:02.778Z</time>
      </trkpt>
      <trkpt lat="43.381278" lon="-4.082400">
        <ele>63.769386</ele>
        <time>2026-09-18T18:24:22.200Z</time>
      </trkpt>
      <trkpt lat="43.381326" lon="-4.083513">
        <ele>67.905344</ele>
        <time>2026-09-18T18:24:49.508Z</time>
      </trkpt>
      <trkpt lat="43.381370" lon="-4.083806">
        <ele>69.015191</ele>
        <time>2026-09-18T18:24:57.328Z</time>
      </trkpt>
      <trkpt lat="43.382139" lon="-4.087070">
        <ele>86.334440</ele>
        <time>2026-09-18T18:26:44.738Z</time>
      </trkpt>
      <trkpt lat="43.382410" lon="-4.088242">
        <ele>93.044203</ele>
        <time>2026-09-18T18:27:28.270Z</time>
      </trkpt>
      <trkpt lat="43.382654" lon="-4.089126">
        <ele>97.359341</ele>
        <time>2026-09-18T18:27:56.676Z</time>
      </trkpt>
      <trkpt lat="43.383067" lon="-4.090139">
        <ele>101.910010</ele>
        <time>2026-09-18T18:28:27.609Z</time>
      </trkpt>
      <trkpt lat="43.383825" lon="-4.092007">
        <ele>108.915367</ele>
        <time>2026-09-18T18:29:15.955Z</time>
      </trkpt>
      <trkpt lat="43.384140" lon="-4.092927">
        <ele>111.881377</ele>
        <time>2026-09-18T18:29:38.689Z</time>
      </trkpt>
      <trkpt lat="43.384308" lon="-4.093577">
        <ele>113.547219</ele>
        <time>2026-09-18T18:29:53.353Z</time>
      </trkpt>
      <trkpt lat="43.384502" lon="-4.094045">
        <ele>114.811189</ele>
        <time>2026-09-18T18:30:04.704Z</time>
      </trkpt>
      <trkpt lat="43.384754" lon="-4.094549">
        <ele>116.246370</ele>
        <time>2026-09-18T18:30:17.080Z</time>
      </trkpt>
      <trkpt lat="43.385061" lon="-4.095063">
        <ele>117.807179</ele>
        <time>2026-09-18T18:30:29.892Z</time>
      </trkpt>
      <trkpt lat="43.385230" lon="-4.095314">
        <ele>117.930385</ele>
        <time>2026-09-18T18:30:36.156Z</time>
      </trkpt>
      <trkpt lat="43.385352" lon="-4.095411">
        <ele>117.930881</ele>
        <time>2026-09-18T18:30:39.454Z</time>
      </trkpt>
      <trkpt lat="43.385460" lon="-4.095423">
        <ele>117.931262</ele>
        <time>2026-09-18T18:30:41.866Z</time>
      </trkpt>
      <trkpt lat="43.385554" lon="-4.095500">
        <ele>117.931647</ele>
        <time>2026-09-18T18:30:44.178Z</time>
      </trkpt>
      <trkpt lat="43.385607" lon="-4.095606">
        <ele>117.931976</ele>
        <time>2026-09-18T18:30:46.055Z</time>
      </trkpt>
      <trkpt lat="43.385625" lon="-4.095775">
        <ele>117.932413</ele>
        <time>2026-09-18T18:30:48.339Z</time>
      </trkpt>
      <trkpt lat="43.385606" lon="-4.095867">
        <ele>117.932658</ele>
        <time>2026-09-18T18:30:49.482Z</time>
      </trkpt>
      <trkpt lat="43.385596" lon="-4.096097">
        <ele>117.933248</ele>
        <time>2026-09-18T18:30:51.936Z</time>
      </trkpt>
      <trkpt lat="43.385638" lon="-4.096368">
        <ele>117.933957</ele>
        <time>2026-09-18T18:30:54.504Z</time>
      </trkpt>
      <trkpt lat="43.385753" lon="-4.096920">
        <ele>117.935426</ele>
        <time>2026-09-18T18:30:59.202Z</time>
      </trkpt>
      <trkpt lat="43.385802" lon="-4.097158">
        <ele>117.848216</ele>
        <time>2026-09-18T18:31:01.093Z</time>
      </trkpt>
      <trkpt lat="43.385818" lon="-4.097239">
        <ele>117.623338</ele>
        <time>2026-09-18T18:31:01.721Z</time>
      </trkpt>
      <trkpt lat="43.385845" lon="-4.097367">
        <ele>117.266265</ele>
        <time>2026-09-18T18:31:02.708Z</time>
      </trkpt>
      <trkpt lat="43.385993" lon="-4.098011">
        <ele>115.456739</ele>
        <time>2026-09-18T18:31:07.525Z</time>
      </trkpt>
      <trkpt lat="43.386029" lon="-4.098131">
        <ele>115.108937</ele>
        <time>2026-09-18T18:31:08.435Z</time>
      </trkpt>
      <trkpt lat="43.386091" lon="-4.098327">
        <ele>114.536256</ele>
        <time>2026-09-18T18:31:09.925Z</time>
      </trkpt>
      <trkpt lat="43.386308" lon="-4.098840">
        <ele>112.946047</ele>
        <time>2026-09-18T18:31:14.033Z</time>
      </trkpt>
      <trkpt lat="43.386854" lon="-4.099954">
        <ele>110.060313</ele>
        <time>2026-09-18T18:31:23.743Z</time>
      </trkpt>
      <trkpt lat="43.387144" lon="-4.100543">
        <ele>108.848960</ele>
        <time>2026-09-18T18:31:29.229Z</time>
      </trkpt>
      <trkpt lat="43.387499" lon="-4.101260">
        <ele>107.371760</ele>
        <time>2026-09-18T18:31:36.605Z</time>
      </trkpt>
      <trkpt lat="43.387829" lon="-4.102016">
        <ele>105.738743</ele>
        <time>2026-09-18T18:31:44.586Z</time>
      </trkpt>
      <trkpt lat="43.387900" lon="-4.102281">
        <ele>105.206088</ele>
        <time>2026-09-18T18:31:46.970Z</time>
      </trkpt>
      <trkpt lat="43.387944" lon="-4.102695">
        <ele>104.417008</ele>
        <time>2026-09-18T18:31:50.363Z</time>
      </trkpt>
      <trkpt lat="43.387936" lon="-4.102989">
        <ele>103.862156</ele>
        <time>2026-09-18T18:31:52.626Z</time>
      </trkpt>
      <trkpt lat="43.387888" lon="-4.103315">
        <ele>103.234851</ele>
        <time>2026-09-18T18:31:55.064Z</time>
      </trkpt>
      <trkpt lat="43.387659" lon="-4.104308">
        <ele>99.427365</ele>
        <time>2026-09-18T18:32:02.158Z</time>
      </trkpt>
      <trkpt lat="43.387647" lon="-4.104447">
        <ele>98.741701</ele>
        <time>2026-09-18T18:32:03.061Z</time>
      </trkpt>
      <trkpt lat="43.387661" lon="-4.104831">
        <ele>96.858355</ele>
        <time>2026-09-18T18:32:05.538Z</time>
      </trkpt>
      <trkpt lat="43.387732" lon="-4.105156">
        <ele>95.196004</ele>
        <time>2026-09-18T18:32:07.717Z</time>
      </trkpt>
      <trkpt lat="43.387753" lon="-4.105221">
        <ele>94.847563</ele>
        <time>2026-09-18T18:32:08.174Z</time>
      </trkpt>
      <trkpt lat="43.387987" lon="-4.105922">
        <ele>91.068884</ele>
        <time>2026-09-18T18:32:13.134Z</time>
      </trkpt>
      <trkpt lat="43.388341" lon="-4.106951">
        <ele>87.494467</ele>
        <time>2026-09-18T18:32:20.647Z</time>
      </trkpt>
      <trkpt lat="43.388415" lon="-4.107175">
        <ele>86.791120</ele>
        <time>2026-09-18T18:32:25.692Z</time>
      </trkpt>
      <trkpt lat="43.388709" lon="-4.108055">
        <ele>84.022602</ele>
        <time>2026-09-18T18:32:47.384Z</time>
      </trkpt>
      <trkpt lat="43.389011" lon="-4.109136">
        <ele>84.234793</ele>
        <time>2026-09-18T18:33:17.519Z</time>
      </trkpt>
      <trkpt lat="43.389188" lon="-4.109551">
        <ele>84.787218</ele>
        <time>2026-09-18T18:33:32.683Z</time>
      </trkpt>
      <trkpt lat="43.389284" lon="-4.109698">
        <ele>85.014110</ele>
        <time>2026-09-18T18:33:36.117Z</time>
      </trkpt>
      <trkpt lat="43.389543" lon="-4.110046">
        <ele>85.585968</ele>
        <time>2026-09-18T18:33:45.491Z</time>
      </trkpt>
      <trkpt lat="43.389939" lon="-4.110485">
        <ele>87.240439</ele>
        <time>2026-09-18T18:34:00.708Z</time>
      </trkpt>
      <trkpt lat="43.390185" lon="-4.110949">
        <ele>89.640205</ele>
        <time>2026-09-18T18:34:15.615Z</time>
      </trkpt>
      <trkpt lat="43.390375" lon="-4.111203">
        <ele>91.163228</ele>
        <time>2026-09-18T18:34:26.023Z</time>
      </trkpt>
      <trkpt lat="43.392538" lon="-4.113185">
        <ele>107.714765</ele>
        <time>2026-09-18T18:36:14.552Z</time>
      </trkpt>
      <trkpt lat="43.392665" lon="-4.113377">
        <ele>108.976915</ele>
        <time>2026-09-18T18:36:22.444Z</time>
      </trkpt>
      <trkpt lat="43.392703" lon="-4.113443">
        <ele>109.384946</ele>
        <time>2026-09-18T18:36:24.998Z</time>
      </trkpt>
      <trkpt lat="43.392885" lon="-4.113912">
        <ele>111.961301</ele>
        <time>2026-09-18T18:36:41.026Z</time>
      </trkpt>
      <trkpt lat="43.392961" lon="-4.114097">
        <ele>112.991078</ele>
        <time>2026-09-18T18:36:47.413Z</time>
      </trkpt>
      <trkpt lat="43.393028" lon="-4.114294">
        <ele>114.045043</ele>
        <time>2026-09-18T18:36:53.935Z</time>
      </trkpt>
      <trkpt lat="43.393351" lon="-4.115559">
        <ele>120.550963</ele>
        <time>2026-09-18T18:37:32.856Z</time>
      </trkpt>
      <trkpt lat="43.393427" lon="-4.115982">
        <ele>122.893210</ele>
        <time>2026-09-18T18:37:47.163Z</time>
      </trkpt>
      <trkpt lat="43.393394" lon="-4.116346">
        <ele>124.865006</ele>
        <time>2026-09-18T18:37:59.972Z</time>
      </trkpt>
      <trkpt lat="43.393278" lon="-4.116682">
        <ele>126.864607</ele>
        <time>2026-09-18T18:38:12.600Z</time>
      </trkpt>
      <trkpt lat="43.393263" lon="-4.116784">
        <ele>127.424009</ele>
        <time>2026-09-18T18:38:16.035Z</time>
      </trkpt>
      <trkpt lat="43.393304" lon="-4.116963">
        <ele>128.432868</ele>
        <time>2026-09-18T18:38:22.295Z</time>
      </trkpt>
      <trkpt lat="43.393400" lon="-4.117136">
        <ele>129.602951</ele>
        <time>2026-09-18T18:38:29.611Z</time>
      </trkpt>
      <trkpt lat="43.393464" lon="-4.117151">
        <ele>130.083202</ele>
        <time>2026-09-18T18:38:32.546Z</time>
      </trkpt>
      <trkpt lat="43.393550" lon="-4.117219">
        <ele>130.816910</ele>
        <time>2026-09-18T18:38:37.059Z</time>
      </trkpt>
      <trkpt lat="43.393622" lon="-4.117391">
        <ele>131.883908</ele>
        <time>2026-09-18T18:38:43.582Z</time>
      </trkpt>
      <trkpt lat="43.393611" lon="-4.117575">
        <ele>132.876310</ele>
        <time>2026-09-18T18:38:49.599Z</time>
      </trkpt>
      <trkpt lat="43.393529" lon="-4.117721">
        <ele>133.797128</ele>
        <time>2026-09-18T18:38:55.564Z</time>
      </trkpt>
      <trkpt lat="43.393453" lon="-4.117930">
        <ele>134.175174</ele>
        <time>2026-09-18T18:39:03.128Z</time>
      </trkpt>
      <trkpt lat="43.393434" lon="-4.118240">
        <ele>134.678408</ele>
        <time>2026-09-18T18:39:12.900Z</time>
      </trkpt>
      <trkpt lat="43.393454" lon="-4.118382">
        <ele>134.912381</ele>
        <time>2026-09-18T18:39:16.997Z</time>
      </trkpt>
      <trkpt lat="43.393598" lon="-4.118823">
        <ele>135.694451</ele>
        <time>2026-09-18T18:39:27.520Z</time>
      </trkpt>
      <trkpt lat="43.393658" lon="-4.119165">
        <ele>136.263561</ele>
        <time>2026-09-18T18:39:32.697Z</time>
      </trkpt>
      <trkpt lat="43.393688" lon="-4.119525">
        <ele>136.849709</ele>
        <time>2026-09-18T18:39:36.498Z</time>
      </trkpt>
      <trkpt lat="43.393654" lon="-4.120019">
        <ele>137.652373</ele>
        <time>2026-09-18T18:39:40.528Z</time>
      </trkpt>
      <trkpt lat="43.393594" lon="-4.120163">
        <ele>137.342177</ele>
        <time>2026-09-18T18:39:41.755Z</time>
      </trkpt>
      <trkpt lat="43.393513" lon="-4.120484">
        <ele>135.777118</ele>
        <time>2026-09-18T18:39:44.185Z</time>
      </trkpt>
      <trkpt lat="43.393388" lon="-4.120808">
        <ele>134.087560</ele>
        <time>2026-09-18T18:39:46.743Z</time>
      </trkpt>
      <trkpt lat="43.393069" lon="-4.121537">
        <ele>130.168139</ele>
        <time>2026-09-18T18:39:52.315Z</time>
      </trkpt>
      <trkpt lat="43.392915" lon="-4.121980">
        <ele>127.906300</ele>
        <time>2026-09-18T18:39:55.434Z</time>
      </trkpt>
      <trkpt lat="43.392854" lon="-4.122295">
        <ele>126.404831</ele>
        <time>2026-09-18T18:39:57.502Z</time>
      </trkpt>
      <trkpt lat="43.392804" lon="-4.122752">
        <ele>122.704712</ele>
        <time>2026-09-18T18:40:00.415Z</time>
      </trkpt>
      <trkpt lat="43.392749" lon="-4.123280">
        <ele>118.404030</ele>
        <time>2026-09-18T18:40:03.754Z</time>
      </trkpt>
      <trkpt lat="43.392674" lon="-4.123565">
        <ele>115.960083</ele>
        <time>2026-09-18T18:40:05.623Z</time>
      </trkpt>
      <trkpt lat="43.392237" lon="-4.124574">
        <ele>106.489282</ele>
        <time>2026-09-18T18:40:12.824Z</time>
      </trkpt>
      <trkpt lat="43.392183" lon="-4.124828">
        <ele>104.204339</ele>
        <time>2026-09-18T18:40:14.440Z</time>
      </trkpt>
      <trkpt lat="43.392160" lon="-4.125278">
        <ele>100.299907</ele>
        <time>2026-09-18T18:40:17.187Z</time>
      </trkpt>
      <trkpt lat="43.392181" lon="-4.125494">
        <ele>98.413740</ele>
        <time>2026-09-18T18:40:18.512Z</time>
      </trkpt>
      <trkpt lat="43.392247" lon="-4.125754">
        <ele>96.030054</ele>
        <time>2026-09-18T18:40:20.186Z</time>
      </trkpt>
      <trkpt lat="43.392684" lon="-4.126900">
        <ele>84.900163</ele>
        <time>2026-09-18T18:40:28.162Z</time>
      </trkpt>
      <trkpt lat="43.392925" lon="-4.127662">
        <ele>80.902238</ele>
        <time>2026-09-18T18:40:33.460Z</time>
      </trkpt>
      <trkpt lat="43.393029" lon="-4.128142">
        <ele>78.492642</ele>
        <time>2026-09-18T18:40:36.759Z</time>
      </trkpt>
      <trkpt lat="43.393072" lon="-4.128466">
        <ele>76.908195</ele>
        <time>2026-09-18T18:40:39.005Z</time>
      </trkpt>
      <trkpt lat="43.393137" lon="-4.129290">
        <ele>72.996911</ele>
        <time>2026-09-18T18:40:44.820Z</time>
      </trkpt>
      <trkpt lat="43.393130" lon="-4.129713">
        <ele>71.920703</ele>
        <time>2026-09-18T18:40:47.814Z</time>
      </trkpt>
      <trkpt lat="43.393064" lon="-4.130672">
        <ele>69.470503</ele>
        <time>2026-09-18T18:40:54.877Z</time>
      </trkpt>
      <trkpt lat="43.393044" lon="-4.130915">
        <ele>68.848462</ele>
        <time>2026-09-18T18:40:56.695Z</time>
      </trkpt>
      <trkpt lat="43.393046" lon="-4.131452">
        <ele>67.482546</ele>
        <time>2026-09-18T18:41:00.680Z</time>
      </trkpt>
      <trkpt lat="43.393064" lon="-4.131539">
        <ele>67.252460</ele>
        <time>2026-09-18T18:41:01.337Z</time>
      </trkpt>
      <trkpt lat="43.393169" lon="-4.131963">
        <ele>66.212131</ele>
        <time>2026-09-18T18:41:04.617Z</time>
      </trkpt>
      <trkpt lat="43.393481" lon="-4.132967">
        <ele>63.843343</ele>
        <time>2026-09-18T18:41:12.495Z</time>
      </trkpt>
      <trkpt lat="43.393538" lon="-4.133153">
        <ele>63.405440</ele>
        <time>2026-09-18T18:41:13.950Z</time>
      </trkpt>
      <trkpt lat="43.394053" lon="-4.134835">
        <ele>61.280415</ele>
        <time>2026-09-18T18:41:28.293Z</time>
      </trkpt>
      <trkpt lat="43.394515" lon="-4.136304">
        <ele>61.102699</ele>
        <time>2026-09-18T18:41:48.696Z</time>
      </trkpt>
      <trkpt lat="43.394903" lon="-4.137578">
        <ele>63.442069</ele>
        <time>2026-09-18T18:42:13.267Z</time>
      </trkpt>
      <trkpt lat="43.394986" lon="-4.137828">
        <ele>63.907543</ele>
        <time>2026-09-18T18:42:17.873Z</time>
      </trkpt>
      <trkpt lat="43.395319" lon="-4.138794">
        <ele>65.531462</ele>
        <time>2026-09-18T18:42:39.288Z</time>
      </trkpt>
      <trkpt lat="43.395478" lon="-4.139224">
        <ele>66.031263</ele>
        <time>2026-09-18T18:42:48.102Z</time>
      </trkpt>
      <trkpt lat="43.395653" lon="-4.139778">
        <ele>66.657041</ele>
        <time>2026-09-18T18:42:56.702Z</time>
      </trkpt>
      <trkpt lat="43.395765" lon="-4.140341">
        <ele>67.261719</ele>
        <time>2026-09-18T18:43:02.859Z</time>
      </trkpt>
      <trkpt lat="43.395822" lon="-4.140701">
        <ele>67.643395</ele>
        <time>2026-09-18T18:43:07.621Z</time>
      </trkpt>
      <trkpt lat="43.395945" lon="-4.141474">
        <ele>68.850942</ele>
        <time>2026-09-18T18:43:17.528Z</time>
      </trkpt>
      <trkpt lat="43.396380" lon="-4.144373">
        <ele>73.391618</ele>
        <time>2026-09-18T18:44:14.718Z</time>
      </trkpt>
      <trkpt lat="43.396399" lon="-4.144825">
        <ele>74.005324</ele>
        <time>2026-09-18T18:44:21.940Z</time>
      </trkpt>
      <trkpt lat="43.396371" lon="-4.145273">
        <ele>74.614827</ele>
        <time>2026-09-18T18:44:28.313Z</time>
      </trkpt>
      <trkpt lat="43.396333" lon="-4.145560">
        <ele>75.010260</ele>
        <time>2026-09-18T18:44:32.013Z</time>
      </trkpt>
      <trkpt lat="43.396246" lon="-4.146095">
        <ele>74.958431</ele>
        <time>2026-09-18T18:44:38.023Z</time>
      </trkpt>
      <trkpt lat="43.396168" lon="-4.146790">
        <ele>74.480233</ele>
        <time>2026-09-18T18:44:45.474Z</time>
      </trkpt>
      <trkpt lat="43.396176" lon="-4.147331">
        <ele>74.112281</ele>
        <time>2026-09-18T18:44:50.736Z</time>
      </trkpt>
      <trkpt lat="43.396191" lon="-4.147489">
        <ele>74.003929</ele>
        <time>2026-09-18T18:44:52.169Z</time>
      </trkpt>
      <trkpt lat="43.396327" lon="-4.148758">
        <ele>71.098388</ele>
        <time>2026-09-18T18:45:01.923Z</time>
      </trkpt>
      <trkpt lat="43.396380" lon="-4.149248">
        <ele>69.087216</ele>
        <time>2026-09-18T18:45:05.311Z</time>
      </trkpt>
      <trkpt lat="43.396412" lon="-4.149376">
        <ele>68.537678</ele>
        <time>2026-09-18T18:45:06.219Z</time>
      </trkpt>
      <trkpt lat="43.396549" lon="-4.150695">
        <ele>63.005796</ele>
        <time>2026-09-18T18:45:14.877Z</time>
      </trkpt>
      <trkpt lat="43.396562" lon="-4.150882">
        <ele>61.985380</ele>
        <time>2026-09-18T18:45:16.073Z</time>
      </trkpt>
      <trkpt lat="43.396568" lon="-4.151037">
        <ele>61.142232</ele>
        <time>2026-09-18T18:45:17.065Z</time>
      </trkpt>
      <trkpt lat="43.396576" lon="-4.151756">
        <ele>57.236192</ele>
        <time>2026-09-18T18:45:21.659Z</time>
      </trkpt>
      <trkpt lat="43.396537" lon="-4.152414">
        <ele>53.650087</ele>
        <time>2026-09-18T18:45:25.884Z</time>
      </trkpt>
      <trkpt lat="43.396394" lon="-4.153579">
        <ele>49.454107</ele>
        <time>2026-09-18T18:45:33.672Z</time>
      </trkpt>
      <trkpt lat="43.396321" lon="-4.153962">
        <ele>49.002018</ele>
        <time>2026-09-18T18:45:36.470Z</time>
      </trkpt>
      <trkpt lat="43.396267" lon="-4.154378">
        <ele>48.519526</ele>
        <time>2026-09-18T18:45:39.812Z</time>
      </trkpt>
      <trkpt lat="43.396238" lon="-4.154584">
        <ele>48.279949</ele>
        <time>2026-09-18T18:45:41.782Z</time>
      </trkpt>
      <trkpt lat="43.396176" lon="-4.155047">
        <ele>47.742410</ele>
        <time>2026-09-18T18:45:48.181Z</time>
      </trkpt>
      <trkpt lat="43.396121" lon="-4.155461">
        <ele>47.261884</ele>
        <time>2026-09-18T18:45:56.241Z</time>
      </trkpt>
      <trkpt lat="43.396013" lon="-4.156238">
        <ele>48.766335</ele>
        <time>2026-09-18T18:46:14.650Z</time>
      </trkpt>
      <trkpt lat="43.395907" lon="-4.157004">
        <ele>50.367088</ele>
        <time>2026-09-18T18:46:33.033Z</time>
      </trkpt>
      <trkpt lat="43.395835" lon="-4.157699">
        <ele>51.808256</ele>
        <time>2026-09-18T18:46:45.864Z</time>
      </trkpt>
      <trkpt lat="43.395806" lon="-4.158247">
        <ele>51.964767</ele>
        <time>2026-09-18T18:46:52.390Z</time>
      </trkpt>
      <trkpt lat="43.395810" lon="-4.158701">
        <ele>51.472070</ele>
        <time>2026-09-18T18:46:56.212Z</time>
      </trkpt>
      <trkpt lat="43.395874" lon="-4.159487">
        <ele>50.613800</ele>
        <time>2026-09-18T18:47:02.228Z</time>
      </trkpt>
      <trkpt lat="43.395910" lon="-4.159704">
        <ele>50.372262</ele>
        <time>2026-09-18T18:47:03.867Z</time>
      </trkpt>
      <trkpt lat="43.395994" lon="-4.160134">
        <ele>49.889078</ele>
        <time>2026-09-18T18:47:07.204Z</time>
      </trkpt>
      <trkpt lat="43.396015" lon="-4.160233">
        <ele>49.777164</ele>
        <time>2026-09-18T18:47:07.992Z</time>
      </trkpt>
      <trkpt lat="43.396033" lon="-4.160316">
        <ele>49.683170</ele>
        <time>2026-09-18T18:47:08.668Z</time>
      </trkpt>
      <trkpt lat="43.396260" lon="-4.161049">
        <ele>50.723132</ele>
        <time>2026-09-18T18:47:15.380Z</time>
      </trkpt>
      <trkpt lat="43.397011" lon="-4.162976">
        <ele>56.109242</ele>
        <time>2026-09-18T18:48:00.848Z</time>
      </trkpt>
      <trkpt lat="43.397333" lon="-4.163770">
        <ele>61.737968</ele>
        <time>2026-09-18T18:48:36.659Z</time>
      </trkpt>
      <trkpt lat="43.397782" lon="-4.164948">
        <ele>69.012495</ele>
        <time>2026-09-18T18:49:34.830Z</time>
      </trkpt>
      <trkpt lat="43.397942" lon="-4.165475">
        <ele>69.925364</ele>
        <time>2026-09-18T18:49:52.173Z</time>
      </trkpt>
      <trkpt lat="43.397959" lon="-4.165627">
        <ele>70.171164</ele>
        <time>2026-09-18T18:49:55.764Z</time>
      </trkpt>
      <trkpt lat="43.398080" lon="-4.166284">
        <ele>71.254441</ele>
        <time>2026-09-18T18:50:06.223Z</time>
      </trkpt>
      <trkpt lat="43.398129" lon="-4.166794">
        <ele>72.076658</ele>
        <time>2026-09-18T18:50:10.285Z</time>
      </trkpt>
      <trkpt lat="43.398142" lon="-4.167472">
        <ele>71.447328</ele>
        <time>2026-09-18T18:50:14.916Z</time>
      </trkpt>
      <trkpt lat="43.398097" lon="-4.168060">
        <ele>69.313279</ele>
        <time>2026-09-18T18:50:18.817Z</time>
      </trkpt>
      <trkpt lat="43.398026" lon="-4.168797">
        <ele>66.629892</ele>
        <time>2026-09-18T18:50:23.827Z</time>
      </trkpt>
      <trkpt lat="43.397993" lon="-4.169066">
        <ele>65.645229</ele>
        <time>2026-09-18T18:50:25.691Z</time>
      </trkpt>
      <trkpt lat="43.397872" lon="-4.170431">
        <ele>62.359294</ele>
        <time>2026-09-18T18:50:35.385Z</time>
      </trkpt>
      <trkpt lat="43.397616" lon="-4.172797">
        <ele>60.249720</ele>
        <time>2026-09-18T18:50:56.116Z</time>
      </trkpt>
      <trkpt lat="43.397491" lon="-4.173546">
        <ele>60.779264</ele>
        <time>2026-09-18T18:51:08.710Z</time>
      </trkpt>
      <trkpt lat="43.397408" lon="-4.173903">
        <ele>61.037544</ele>
        <time>2026-09-18T18:51:15.632Z</time>
      </trkpt>
      <trkpt lat="43.397267" lon="-4.174335">
        <ele>61.363872</ele>
        <time>2026-09-18T18:51:24.526Z</time>
      </trkpt>
      <trkpt lat="43.396859" lon="-4.175401">
        <ele>60.579722</ele>
        <time>2026-09-18T18:51:40.801Z</time>
      </trkpt>
      <trkpt lat="43.396583" lon="-4.175520">
        <ele>60.269410</ele>
        <time>2026-09-18T18:51:45.571Z</time>
      </trkpt>
      <trkpt lat="43.396397" lon="-4.176001">
        <ele>59.844634</ele>
        <time>2026-09-18T18:51:51.516Z</time>
      </trkpt>
      <trkpt lat="43.396115" lon="-4.176379">
        <ele>59.119069</ele>
        <time>2026-09-18T18:51:57.043Z</time>
      </trkpt>
      <trkpt lat="43.395924" lon="-4.176580">
        <ele>57.936589</ele>
        <time>2026-09-18T18:52:00.319Z</time>
      </trkpt>
      <trkpt lat="43.395738" lon="-4.176708">
        <ele>56.913859</ele>
        <time>2026-09-18T18:52:03.171Z</time>
      </trkpt>
      <trkpt lat="43.395567" lon="-4.176950">
        <ele>55.707584</ele>
        <time>2026-09-18T18:52:06.524Z</time>
      </trkpt>
      <trkpt lat="43.394976" lon="-4.177511">
        <ele>52.176735</ele>
        <time>2026-09-18T18:52:16.169Z</time>
      </trkpt>
      <trkpt lat="43.394545" lon="-4.177757">
        <ele>49.748436</ele>
        <time>2026-09-18T18:52:22.338Z</time>
      </trkpt>
      <trkpt lat="43.394073" lon="-4.178204">
        <ele>46.447542</ele>
        <time>2026-09-18T18:52:29.911Z</time>
      </trkpt>
      <trkpt lat="43.393438" lon="-4.178564">
        <ele>42.490974</ele>
        <time>2026-09-18T18:52:39.020Z</time>
      </trkpt>
      <trkpt lat="43.393222" lon="-4.178768">
        <ele>40.981714</ele>
        <time>2026-09-18T18:52:42.471Z</time>
      </trkpt>
      <trkpt lat="43.392804" lon="-4.178931">
        <ele>38.458107</ele>
        <time>2026-09-18T18:52:48.136Z</time>
      </trkpt>
      <trkpt lat="43.392560" lon="-4.178979">
        <ele>37.021998</ele>
        <time>2026-09-18T18:52:51.329Z</time>
      </trkpt>
      <trkpt lat="43.392404" lon="-4.179083">
        <ele>36.012029</ele>
        <time>2026-09-18T18:52:53.571Z</time>
      </trkpt>
      <trkpt lat="43.391750" lon="-4.179696">
        <ele>31.401604</ele>
        <time>2026-09-18T18:53:03.849Z</time>
      </trkpt>
      <trkpt lat="43.391443" lon="-4.180530">
        <ele>29.492368</ele>
        <time>2026-09-18T18:53:13.242Z</time>
      </trkpt>
      <trkpt lat="43.391295" lon="-4.180582">
        <ele>29.369902</ele>
        <time>2026-09-18T18:53:15.622Z</time>
      </trkpt>
      <trkpt lat="43.391217" lon="-4.180548">
        <ele>29.304303</ele>
        <time>2026-09-18T18:53:16.972Z</time>
      </trkpt>
      <trkpt lat="43.391023" lon="-4.180326">
        <ele>29.102012</ele>
        <time>2026-09-18T18:53:21.540Z</time>
      </trkpt>
      <trkpt lat="43.390719" lon="-4.180295">
        <ele>28.857611</ele>
        <time>2026-09-18T18:53:28.365Z</time>
      </trkpt>
      <trkpt lat="43.390598" lon="-4.180253">
        <ele>28.757560</ele>
        <time>2026-09-18T18:53:31.512Z</time>
      </trkpt>
      <trkpt lat="43.390391" lon="-4.180066">
        <ele>28.559031</ele>
        <time>2026-09-18T18:53:38.385Z</time>
      </trkpt>
      <trkpt lat="43.390218" lon="-4.180056">
        <ele>28.420206</ele>
        <time>2026-09-18T18:53:43.499Z</time>
      </trkpt>
      <trkpt lat="43.389657" lon="-4.180122">
        <ele>28.965480</ele>
        <time>2026-09-18T18:53:59.729Z</time>
      </trkpt>
      <trkpt lat="43.389234" lon="-4.180264">
        <ele>29.468179</ele>
        <time>2026-09-18T18:54:11.958Z</time>
      </trkpt>
      <trkpt lat="43.388647" lon="-4.180666">
        <ele>30.225196</ele>
        <time>2026-09-18T18:54:27.056Z</time>
      </trkpt>
      <trkpt lat="43.388369" lon="-4.180674">
        <ele>30.413210</ele>
        <time>2026-09-18T18:54:57.579Z</time>
      </trkpt>
      <trkpt lat="43.388230" lon="-4.180674">
        <ele>30.342505</ele>
        <time>2026-09-18T18:55:12.699Z</time>
      </trkpt>
      <trkpt lat="43.388140" lon="-4.180730">
        <ele>30.292261</ele>
        <time>2026-09-18T18:55:23.406Z</time>
      </trkpt>
      <trkpt lat="43.388047" lon="-4.180803">
        <ele>30.237799</ele>
        <time>2026-09-18T18:55:25.322Z</time>
      </trkpt>
      <trkpt lat="43.388090" lon="-4.181018">
        <ele>30.155367</ele>
        <time>2026-09-18T18:55:27.378Z</time>
      </trkpt>
      <trkpt lat="43.388085" lon="-4.181198">
        <ele>30.088779</ele>
        <time>2026-09-18T18:55:29.038Z</time>
      </trkpt>
      <trkpt lat="43.388059" lon="-4.181349">
        <ele>30.031415</ele>
        <time>2026-09-18T18:55:30.488Z</time>
      </trkpt>
      <trkpt lat="43.388009" lon="-4.181440">
        <ele>29.989243</ele>
        <time>2026-09-18T18:55:31.532Z</time>
      </trkpt>
      <trkpt lat="43.387553" lon="-4.181756">
        <ele>29.729534</ele>
        <time>2026-09-18T18:55:37.722Z</time>
      </trkpt>
      <trkpt lat="43.386717" lon="-4.183010">
        <ele>30.086984</ele>
        <time>2026-09-18T18:55:55.718Z</time>
      </trkpt>
      <trkpt lat="43.386478" lon="-4.183484">
        <ele>30.353512</ele>
        <time>2026-09-18T18:56:04.013Z</time>
      </trkpt>
      <trkpt lat="43.386012" lon="-4.184052">
        <ele>30.761542</ele>
        <time>2026-09-18T18:56:16.941Z</time>
      </trkpt>
      <trkpt lat="43.385937" lon="-4.184077">
        <ele>30.819607</ele>
        <time>2026-09-18T18:56:18.627Z</time>
      </trkpt>
      <trkpt lat="43.385895" lon="-4.184660">
        <ele>31.139973</ele>
        <time>2026-09-18T18:56:27.356Z</time>
      </trkpt>
      <trkpt lat="43.385728" lon="-4.185114">
        <ele>31.418225</ele>
        <time>2026-09-18T18:56:34.317Z</time>
      </trkpt>
      <trkpt lat="43.385601" lon="-4.185270">
        <ele>31.546323</ele>
        <time>2026-09-18T18:56:37.188Z</time>
      </trkpt>
      <trkpt lat="43.385519" lon="-4.185450">
        <ele>31.662493</ele>
        <time>2026-09-18T18:56:39.618Z</time>
      </trkpt>
      <trkpt lat="43.385217" lon="-4.185948">
        <ele>32.017173</ele>
        <time>2026-09-18T18:56:46.268Z</time>
      </trkpt>
      <trkpt lat="43.384901" lon="-4.186225">
        <ele>32.286466</ele>
        <time>2026-09-18T18:56:51.813Z</time>
      </trkpt>
      <trkpt lat="43.384740" lon="-4.186330">
        <ele>32.414098</ele>
        <time>2026-09-18T18:56:54.597Z</time>
      </trkpt>
      <trkpt lat="43.384666" lon="-4.186362">
        <ele>32.469665</ele>
        <time>2026-09-18T18:56:55.838Z</time>
      </trkpt>
      <trkpt lat="43.384589" lon="-4.186351">
        <ele>32.525121</ele>
        <time>2026-09-18T18:56:57.061Z</time>
      </trkpt>
      <trkpt lat="43.384366" lon="-4.186857">
        <ele>32.833206</ele>
        <time>2026-09-18T18:57:04.271Z</time>
      </trkpt>
      <trkpt lat="43.384275" lon="-4.186958">
        <ele>32.916959</ele>
        <time>2026-09-18T18:57:06.372Z</time>
      </trkpt>
      <trkpt lat="43.384229" lon="-4.187199">
        <ele>33.046684</ele>
        <time>2026-09-18T18:57:09.786Z</time>
      </trkpt>
      <trkpt lat="43.384202" lon="-4.187268">
        <ele>33.087483</ele>
        <time>2026-09-18T18:57:10.866Z</time>
      </trkpt>
      <trkpt lat="43.384136" lon="-4.187435">
        <ele>33.186450</ele>
        <time>2026-09-18T18:57:13.535Z</time>
      </trkpt>
      <trkpt lat="43.383881" lon="-4.187808">
        <ele>34.027364</ele>
        <time>2026-09-18T18:57:21.618Z</time>
      </trkpt>
      <trkpt lat="43.383827" lon="-4.187952">
        <ele>34.487773</ele>
        <time>2026-09-18T18:57:24.375Z</time>
      </trkpt>
      <trkpt lat="43.383579" lon="-4.188349">
        <ele>35.975216</ele>
        <time>2026-09-18T18:57:34.319Z</time>
      </trkpt>
      <trkpt lat="43.383462" lon="-4.188612">
        <ele>36.851375</ele>
        <time>2026-09-18T18:57:40.516Z</time>
      </trkpt>
      <trkpt lat="43.383392" lon="-4.188919">
        <ele>37.765595</ele>
        <time>2026-09-18T18:57:47.785Z</time>
      </trkpt>
      <trkpt lat="43.383482" lon="-4.189053">
        <ele>38.284026</ele>
        <time>2026-09-18T18:57:52.199Z</time>
      </trkpt>
      <trkpt lat="43.383482" lon="-4.189146">
        <ele>38.548273</ele>
        <time>2026-09-18T18:57:54.545Z</time>
      </trkpt>
      <trkpt lat="43.383513" lon="-4.189225">
        <ele>38.803369</ele>
        <time>2026-09-18T18:57:56.866Z</time>
      </trkpt>
      <trkpt lat="43.383893" lon="-4.189380">
        <ele>40.352905</ele>
        <time>2026-09-18T18:58:11.513Z</time>
      </trkpt>
      <trkpt lat="43.384008" lon="-4.189380">
        <ele>41.305862</ele>
        <time>2026-09-18T18:58:16.305Z</time>
      </trkpt>
      <trkpt lat="43.384118" lon="-4.189357">
        <ele>42.231355</ele>
        <time>2026-09-18T18:58:21.119Z</time>
      </trkpt>
      <trkpt lat="43.384543" lon="-4.189114">
        <ele>46.059606</ele>
        <time>2026-09-18T18:58:42.323Z</time>
      </trkpt>
      <trkpt lat="43.384672" lon="-4.188837">
        <ele>48.048440</ele>
        <time>2026-09-18T18:58:54.169Z</time>
      </trkpt>
      <trkpt lat="43.384697" lon="-4.188821">
        <ele>48.277786</ele>
        <time>2026-09-18T18:58:55.533Z</time>
      </trkpt>
      <trkpt lat="43.384737" lon="-4.188832">
        <ele>48.617089</ele>
        <time>2026-09-18T18:58:57.682Z</time>
      </trkpt>
      <trkpt lat="43.384768" lon="-4.188892">
        <ele>49.062121</ele>
        <time>2026-09-18T18:59:00.439Z</time>
      </trkpt>
      <trkpt lat="43.384788" lon="-4.188995">
        <ele>49.706620</ele>
        <time>2026-09-18T18:59:04.390Z</time>
      </trkpt>
      <trkpt lat="43.384788" lon="-4.189334">
        <ele>51.755952</ele>
        <time>2026-09-18T18:59:17.486Z</time>
      </trkpt>
      <trkpt lat="43.384823" lon="-4.189461">
        <ele>52.577042</ele>
        <time>2026-09-18T18:59:22.811Z</time>
      </trkpt>
      <trkpt lat="43.384781" lon="-4.189587">
        <ele>53.415038</ele>
        <time>2026-09-18T18:59:28.128Z</time>
      </trkpt>
      <trkpt lat="43.384675" lon="-4.189755">
        <ele>54.759979</ele>
        <time>2026-09-18T18:59:36.714Z</time>
      </trkpt>
      <trkpt lat="43.384829" lon="-4.190039">
        <ele>56.844321</ele>
        <time>2026-09-18T18:59:50.505Z</time>
      </trkpt>
      <trkpt lat="43.385054" lon="-4.190679">
        <ele>60.985583</ele>
        <time>2026-09-18T19:00:17.698Z</time>
      </trkpt>
      <trkpt lat="43.385120" lon="-4.190777">
        <ele>61.763850</ele>
        <time>2026-09-18T19:00:22.590Z</time>
      </trkpt>
      <trkpt lat="43.385290" lon="-4.190908">
        <ele>63.325527</ele>
        <time>2026-09-18T19:00:32.199Z</time>
      </trkpt>
      <trkpt lat="43.385329" lon="-4.190938">
        <ele>63.683643</ele>
        <time>2026-09-18T19:00:34.445Z</time>
      </trkpt>
      <trkpt lat="43.385411" lon="-4.191165">
        <ele>65.160236</ele>
        <time>2026-09-18T19:00:43.396Z</time>
      </trkpt>
      <trkpt lat="43.385417" lon="-4.191374">
        <ele>66.378595</ele>
        <time>2026-09-18T19:00:50.282Z</time>
      </trkpt>
      <trkpt lat="43.385357" lon="-4.192364">
        <ele>70.860911</ele>
        <time>2026-09-18T19:01:17.539Z</time>
      </trkpt>
      <trkpt lat="43.385360" lon="-4.192557">
        <ele>71.382208</ele>
        <time>2026-09-18T19:01:22.169Z</time>
      </trkpt>
      <trkpt lat="43.385416" lon="-4.192797">
        <ele>72.062888</ele>
        <time>2026-09-18T19:01:27.991Z</time>
      </trkpt>
      <trkpt lat="43.385657" lon="-4.193261">
        <ele>73.602975</ele>
        <time>2026-09-18T19:01:40.000Z</time>
      </trkpt>
      <trkpt lat="43.385708" lon="-4.193445">
        <ele>74.134757</ele>
        <time>2026-09-18T19:01:43.799Z</time>
      </trkpt>
      <trkpt lat="43.385711" lon="-4.193660">
        <ele>74.715447</ele>
        <time>2026-09-18T19:01:47.742Z</time>
      </trkpt>
      <trkpt lat="43.385646" lon="-4.194438">
        <ele>76.680832</ele>
        <time>2026-09-18T19:02:00.868Z</time>
      </trkpt>
      <trkpt lat="43.385563" lon="-4.195053">
        <ele>77.759625</ele>
        <time>2026-09-18T19:02:11.797Z</time>
      </trkpt>
      <trkpt lat="43.385379" lon="-4.195900">
        <ele>79.284270</ele>
        <time>2026-09-18T19:02:27.570Z</time>
      </trkpt>
      <trkpt lat="43.385253" lon="-4.196262">
        <ele>79.976506</ele>
        <time>2026-09-18T19:02:34.648Z</time>
      </trkpt>
      <trkpt lat="43.385127" lon="-4.196772">
        <ele>80.877172</ele>
        <time>2026-09-18T19:02:44.161Z</time>
      </trkpt>
      <trkpt lat="43.384961" lon="-4.197807">
        <ele>82.469946</ele>
        <time>2026-09-18T19:03:03.148Z</time>
      </trkpt>
      <trkpt lat="43.384930" lon="-4.198215">
        <ele>83.086411</ele>
        <time>2026-09-18T19:03:10.240Z</time>
      </trkpt>
      <trkpt lat="43.384924" lon="-4.199686">
        <ele>84.566638</ele>
        <time>2026-09-18T19:03:33.291Z</time>
      </trkpt>
      <trkpt lat="43.384907" lon="-4.199895">
        <ele>84.624088</ele>
        <time>2026-09-18T19:03:36.307Z</time>
      </trkpt>
      <trkpt lat="43.384457" lon="-4.201866">
        <ele>85.017870</ele>
        <time>2026-09-18T19:03:57.646Z</time>
      </trkpt>
      <trkpt lat="43.384270" lon="-4.202568">
        <ele>84.899531</ele>
        <time>2026-09-18T19:04:03.888Z</time>
      </trkpt>
      <trkpt lat="43.384190" lon="-4.202796">
        <ele>84.859458</ele>
        <time>2026-09-18T19:04:06.036Z</time>
      </trkpt>
      <trkpt lat="43.384092" lon="-4.202983">
        <ele>84.822968</ele>
        <time>2026-09-18T19:04:08.016Z</time>
      </trkpt>
      <trkpt lat="43.383916" lon="-4.203203">
        <ele>84.771183</ele>
        <time>2026-09-18T19:04:11.022Z</time>
      </trkpt>
      <trkpt lat="43.383357" lon="-4.203845">
        <ele>86.084058</ele>
        <time>2026-09-18T19:04:26.083Z</time>
      </trkpt>
      <trkpt lat="43.383249" lon="-4.204014">
        <ele>86.736920</ele>
        <time>2026-09-18T19:04:30.994Z</time>
      </trkpt>
      <trkpt lat="43.383063" lon="-4.204483">
        <ele>88.286920</ele>
        <time>2026-09-18T19:04:44.619Z</time>
      </trkpt>
      <trkpt lat="43.383024" lon="-4.204928">
        <ele>89.587257</ele>
        <time>2026-09-18T19:04:56.611Z</time>
      </trkpt>
      <trkpt lat="43.382954" lon="-4.205196">
        <ele>90.413435</ele>
        <time>2026-09-18T19:05:04.306Z</time>
      </trkpt>
      <trkpt lat="43.382788" lon="-4.205652">
        <ele>91.876144</ele>
        <time>2026-09-18T19:05:17.895Z</time>
      </trkpt>
      <trkpt lat="43.382532" lon="-4.206377">
        <ele>92.611771</ele>
        <time>2026-09-18T19:05:35.931Z</time>
      </trkpt>
      <trkpt lat="43.382478" lon="-4.206578">
        <ele>92.807345</ele>
        <time>2026-09-18T19:05:39.556Z</time>
      </trkpt>
      <trkpt lat="43.382375" lon="-4.207066">
        <ele>93.271119</ele>
        <time>2026-09-18T19:05:45.849Z</time>
      </trkpt>
      <trkpt lat="43.382378" lon="-4.207283">
        <ele>93.469200</ele>
        <time>2026-09-18T19:05:47.921Z</time>
      </trkpt>
      <trkpt lat="43.382460" lon="-4.207824">
        <ele>93.973567</ele>
        <time>2026-09-18T19:05:52.843Z</time>
      </trkpt>
      <trkpt lat="43.382533" lon="-4.208177">
        <ele>93.604216</ele>
        <time>2026-09-18T19:05:55.886Z</time>
      </trkpt>
      <trkpt lat="43.382613" lon="-4.208416">
        <ele>92.912471</ele>
        <time>2026-09-18T19:05:57.937Z</time>
      </trkpt>
      <trkpt lat="43.382857" lon="-4.209113">
        <ele>90.878642</ele>
        <time>2026-09-18T19:06:03.483Z</time>
      </trkpt>
      <trkpt lat="43.382916" lon="-4.209208">
        <ele>90.550133</ele>
        <time>2026-09-18T19:06:04.339Z</time>
      </trkpt>
      <trkpt lat="43.382999" lon="-4.209247">
        <ele>90.232882</ele>
        <time>2026-09-18T19:06:05.170Z</time>
      </trkpt>
      <trkpt lat="43.383103" lon="-4.209243">
        <ele>89.856548</ele>
        <time>2026-09-18T19:06:06.162Z</time>
      </trkpt>
      <trkpt lat="43.383497" lon="-4.209104">
        <ele>88.385277</ele>
        <time>2026-09-18T19:06:10.041Z</time>
      </trkpt>
      <trkpt lat="43.383826" lon="-4.208981">
        <ele>87.058250</ele>
        <time>2026-09-18T19:06:13.327Z</time>
      </trkpt>
      <trkpt lat="43.383943" lon="-4.208967">
        <ele>86.548443</ele>
        <time>2026-09-18T19:06:14.459Z</time>
      </trkpt>
      <trkpt lat="43.384146" lon="-4.209024">
        <ele>85.649070</ele>
        <time>2026-09-18T19:06:16.492Z</time>
      </trkpt>
      <trkpt lat="43.384226" lon="-4.209099">
        <ele>85.228848</ele>
        <time>2026-09-18T19:06:17.452Z</time>
      </trkpt>
      <trkpt lat="43.384437" lon="-4.209393">
        <ele>83.925299</ele>
        <time>2026-09-18T19:06:20.384Z</time>
      </trkpt>
      <trkpt lat="43.384666" lon="-4.209783">
        <ele>82.343520</ele>
        <time>2026-09-18T19:06:23.897Z</time>
      </trkpt>
      <trkpt lat="43.384859" lon="-4.210283">
        <ele>80.557428</ele>
        <time>2026-09-18T19:06:27.921Z</time>
      </trkpt>
      <trkpt lat="43.384952" lon="-4.210517">
        <ele>79.661280</ele>
        <time>2026-09-18T19:06:29.782Z</time>
      </trkpt>
      <trkpt lat="43.385207" lon="-4.210914">
        <ele>77.047933</ele>
        <time>2026-09-18T19:06:33.383Z</time>
      </trkpt>
      <trkpt lat="43.385513" lon="-4.211298">
        <ele>74.237164</ele>
        <time>2026-09-18T19:06:37.152Z</time>
      </trkpt>
      <trkpt lat="43.386371" lon="-4.212517">
        <ele>66.112692</ele>
        <time>2026-09-18T19:06:48.041Z</time>
      </trkpt>
      <trkpt lat="43.386643" lon="-4.212744">
        <ele>64.258687</ele>
        <time>2026-09-18T19:06:50.857Z</time>
      </trkpt>
      <trkpt lat="43.386900" lon="-4.212814">
        <ele>62.731817</ele>
        <time>2026-09-18T19:06:53.212Z</time>
      </trkpt>
      <trkpt lat="43.387143" lon="-4.212801">
        <ele>61.314531</ele>
        <time>2026-09-18T19:06:55.431Z</time>
      </trkpt>
      <trkpt lat="43.387312" lon="-4.212758">
        <ele>60.312894</ele>
        <time>2026-09-18T19:06:57.024Z</time>
      </trkpt>
      <trkpt lat="43.387339" lon="-4.212699">
        <ele>60.017588</ele>
        <time>2026-09-18T19:06:57.505Z</time>
      </trkpt>
      <trkpt lat="43.387462" lon="-4.212681">
        <ele>59.296695</ele>
        <time>2026-09-18T19:06:58.684Z</time>
      </trkpt>
      <trkpt lat="43.387565" lon="-4.213073">
        <ele>57.531235</ele>
        <time>2026-09-18T19:07:01.632Z</time>
      </trkpt>
      <trkpt lat="43.387615" lon="-4.213303">
        <ele>57.110381</ele>
        <time>2026-09-18T19:07:03.418Z</time>
      </trkpt>
      <trkpt lat="43.387667" lon="-4.213761">
        <ele>57.068405</ele>
        <time>2026-09-18T19:07:07.401Z</time>
      </trkpt>
      <trkpt lat="43.387647" lon="-4.214262">
        <ele>57.022970</ele>
        <time>2026-09-18T19:07:13.186Z</time>
      </trkpt>
      <trkpt lat="43.387623" lon="-4.214420">
        <ele>57.008353</ele>
        <time>2026-09-18T19:07:15.391Z</time>
      </trkpt>
      <trkpt lat="43.387588" lon="-4.214586">
        <ele>56.992702</ele>
        <time>2026-09-18T19:07:17.935Z</time>
      </trkpt>
      <trkpt lat="43.387326" lon="-4.215404">
        <ele>56.911754</ele>
        <time>2026-09-18T19:07:31.577Z</time>
      </trkpt>
      <trkpt lat="43.387201" lon="-4.215712">
        <ele>56.758008</ele>
        <time>2026-09-18T19:07:36.108Z</time>
      </trkpt>
      <trkpt lat="43.387109" lon="-4.215975">
        <ele>56.566253</ele>
        <time>2026-09-18T19:07:39.408Z</time>
      </trkpt>
      <trkpt lat="43.387063" lon="-4.216247">
        <ele>56.382785</ele>
        <time>2026-09-18T19:07:42.283Z</time>
      </trkpt>
      <trkpt lat="43.387040" lon="-4.216598">
        <ele>56.151257</ele>
        <time>2026-09-18T19:07:45.603Z</time>
      </trkpt>
      <trkpt lat="43.387047" lon="-4.216924">
        <ele>55.936995</ele>
        <time>2026-09-18T19:07:48.482Z</time>
      </trkpt>
      <trkpt lat="43.387024" lon="-4.217303">
        <ele>55.687140</ele>
        <time>2026-09-18T19:07:51.611Z</time>
      </trkpt>
      <trkpt lat="43.386985" lon="-4.217474">
        <ele>55.569398</ele>
        <time>2026-09-18T19:07:53.060Z</time>
      </trkpt>
      <trkpt lat="43.386925" lon="-4.217597">
        <ele>55.472076</ele>
        <time>2026-09-18T19:07:54.250Z</time>
      </trkpt>
      <trkpt lat="43.386840" lon="-4.217732">
        <ele>55.354729</ele>
        <time>2026-09-18T19:07:55.692Z</time>
      </trkpt>
      <trkpt lat="43.386695" lon="-4.217886">
        <ele>54.853225</ele>
        <time>2026-09-18T19:07:57.686Z</time>
      </trkpt>
      <trkpt lat="43.386216" lon="-4.218253">
        <ele>52.379682</ele>
        <time>2026-09-18T19:08:03.307Z</time>
      </trkpt>
      <trkpt lat="43.386058" lon="-4.218463">
        <ele>51.388587</ele>
        <time>2026-09-18T19:08:05.497Z</time>
      </trkpt>
      <trkpt lat="43.385947" lon="-4.218713">
        <ele>50.427997</ele>
        <time>2026-09-18T19:08:07.561Z</time>
      </trkpt>
      <trkpt lat="43.385901" lon="-4.218936">
        <ele>49.667927</ele>
        <time>2026-09-18T19:08:09.161Z</time>
      </trkpt>
      <trkpt lat="43.385897" lon="-4.219145">
        <ele>48.982407</ele>
        <time>2026-09-18T19:08:10.584Z</time>
      </trkpt>
      <trkpt lat="43.385952" lon="-4.219522">
        <ele>47.721616</ele>
        <time>2026-09-18T19:08:13.149Z</time>
      </trkpt>
      <trkpt lat="43.386045" lon="-4.219730">
        <ele>46.672254</ele>
        <time>2026-09-18T19:08:14.754Z</time>
      </trkpt>
      <trkpt lat="43.386207" lon="-4.219928">
        <ele>44.671160</ele>
        <time>2026-09-18T19:08:16.657Z</time>
      </trkpt>
      <trkpt lat="43.387196" lon="-4.220805">
        <ele>33.805127</ele>
        <time>2026-09-18T19:08:26.772Z</time>
      </trkpt>
      <trkpt lat="43.387357" lon="-4.221110">
        <ele>31.275084</ele>
        <time>2026-09-18T19:08:29.125Z</time>
      </trkpt>
      <trkpt lat="43.387415" lon="-4.221356">
        <ele>29.815545</ele>
        <time>2026-09-18T19:08:30.751Z</time>
      </trkpt>
      <trkpt lat="43.387420" lon="-4.221633">
        <ele>28.465465</ele>
        <time>2026-09-18T19:08:32.493Z</time>
      </trkpt>
      <trkpt lat="43.387358" lon="-4.221940">
        <ele>26.912944</ele>
        <time>2026-09-18T19:08:34.524Z</time>
      </trkpt>
      <trkpt lat="43.387240" lon="-4.222285">
        <ele>25.055083</ele>
        <time>2026-09-18T19:08:36.970Z</time>
      </trkpt>
      <trkpt lat="43.387028" lon="-4.222777">
        <ele>22.268128</ele>
        <time>2026-09-18T19:08:40.729Z</time>
      </trkpt>
      <trkpt lat="43.386837" lon="-4.223084">
        <ele>20.299001</ele>
        <time>2026-09-18T19:08:43.468Z</time>
      </trkpt>
      <trkpt lat="43.386727" lon="-4.223212">
        <ele>19.333136</ele>
        <time>2026-09-18T19:08:44.840Z</time>
      </trkpt>
      <trkpt lat="43.386460" lon="-4.223384">
        <ele>18.975412</ele>
        <time>2026-09-18T19:08:47.745Z</time>
      </trkpt>
      <trkpt lat="43.385699" lon="-4.223728">
        <ele>21.288309</ele>
        <time>2026-09-18T19:08:59.511Z</time>
      </trkpt>
      <trkpt lat="43.385658" lon="-4.223748">
        <ele>21.413914</ele>
        <time>2026-09-18T19:09:00.718Z</time>
      </trkpt>
      <trkpt lat="43.385386" lon="-4.223879">
        <ele>22.246025</ele>
        <time>2026-09-18T19:09:10.480Z</time>
      </trkpt>
      <trkpt lat="43.385259" lon="-4.223980">
        <ele>22.669576</ele>
        <time>2026-09-18T19:09:16.687Z</time>
      </trkpt>
      <trkpt lat="43.385092" lon="-4.224190">
        <ele>23.322816</ele>
        <time>2026-09-18T19:09:27.867Z</time>
      </trkpt>
      <trkpt lat="43.384970" lon="-4.224468">
        <ele>24.859217</ele>
        <time>2026-09-18T19:09:41.024Z</time>
      </trkpt>
      <trkpt lat="43.384905" lon="-4.224811">
        <ele>27.573765</ele>
        <time>2026-09-18T19:09:57.251Z</time>
      </trkpt>
      <trkpt lat="43.384902" lon="-4.224986">
        <ele>28.914301</ele>
        <time>2026-09-18T19:10:05.826Z</time>
      </trkpt>
      <trkpt lat="43.384930" lon="-4.225215">
        <ele>30.692645</ele>
        <time>2026-09-18T19:10:17.631Z</time>
      </trkpt>
      <trkpt lat="43.385012" lon="-4.225476">
        <ele>32.870173</ele>
        <time>2026-09-18T19:10:32.163Z</time>
      </trkpt>
      <trkpt lat="43.385283" lon="-4.226217">
        <ele>39.222791</ele>
        <time>2026-09-18T19:11:10.258Z</time>
      </trkpt>
      <trkpt lat="43.385426" lon="-4.226528">
        <ele>42.041086</ele>
        <time>2026-09-18T19:11:23.679Z</time>
      </trkpt>
      <trkpt lat="43.385621" lon="-4.226848">
        <ele>43.748837</ele>
        <time>2026-09-18T19:11:35.726Z</time>
      </trkpt>
      <trkpt lat="43.385831" lon="-4.227156">
        <ele>45.132501</ele>
        <time>2026-09-18T19:11:45.758Z</time>
      </trkpt>
      <trkpt lat="43.385958" lon="-4.227335">
        <ele>45.952087</ele>
        <time>2026-09-18T19:11:50.939Z</time>
      </trkpt>
      <trkpt lat="43.386241" lon="-4.227777">
        <ele>47.882031</ele>
        <time>2026-09-18T19:12:01.732Z</time>
      </trkpt>
      <trkpt lat="43.386540" lon="-4.228407">
        <ele>50.347218</ele>
        <time>2026-09-18T19:12:15.586Z</time>
      </trkpt>
      <trkpt lat="43.386721" lon="-4.228805">
        <ele>52.418899</ele>
        <time>2026-09-18T19:12:26.222Z</time>
      </trkpt>
      <trkpt lat="43.387379" lon="-4.230453">
        <ele>61.456206</ele>
        <time>2026-09-18T19:13:24.691Z</time>
      </trkpt>
      <trkpt lat="43.387531" lon="-4.230915">
        <ele>64.005903</ele>
        <time>2026-09-18T19:13:43.214Z</time>
      </trkpt>
      <trkpt lat="43.387574" lon="-4.231161">
        <ele>65.330725</ele>
        <time>2026-09-18T19:13:52.862Z</time>
      </trkpt>
      <trkpt lat="43.387610" lon="-4.231254">
        <ele>65.882458</ele>
        <time>2026-09-18T19:13:56.951Z</time>
      </trkpt>
      <trkpt lat="43.387635" lon="-4.231494">
        <ele>67.151970</ele>
        <time>2026-09-18T19:14:06.502Z</time>
      </trkpt>
      <trkpt lat="43.387644" lon="-4.231845">
        <ele>68.990990</ele>
        <time>2026-09-18T19:14:20.441Z</time>
      </trkpt>
      <trkpt lat="43.387626" lon="-4.232068">
        <ele>70.165824</ele>
        <time>2026-09-18T19:14:28.953Z</time>
      </trkpt>
      <trkpt lat="43.387524" lon="-4.232559">
        <ele>72.839738</ele>
        <time>2026-09-18T19:14:46.267Z</time>
      </trkpt>
      <trkpt lat="43.387380" lon="-4.232929">
        <ele>75.037436</ele>
        <time>2026-09-18T19:14:57.180Z</time>
      </trkpt>
      <trkpt lat="43.387322" lon="-4.233041">
        <ele>75.522076</ele>
        <time>2026-09-18T19:14:59.936Z</time>
      </trkpt>
      <trkpt lat="43.387279" lon="-4.233123">
        <ele>75.271440</ele>
        <time>2026-09-18T19:15:01.772Z</time>
      </trkpt>
      <trkpt lat="43.387203" lon="-4.233262">
        <ele>74.840290</ele>
        <time>2026-09-18T19:15:04.405Z</time>
      </trkpt>
      <trkpt lat="43.386927" lon="-4.233769">
        <ele>73.270147</ele>
        <time>2026-09-18T19:15:09.696Z</time>
      </trkpt>
      <trkpt lat="43.386642" lon="-4.234376">
        <ele>71.478918</ele>
        <time>2026-09-18T19:15:14.574Z</time>
      </trkpt>
      <trkpt lat="43.386544" lon="-4.235034">
        <ele>69.814065</ele>
        <time>2026-09-18T19:15:18.910Z</time>
      </trkpt>
      <trkpt lat="43.386492" lon="-4.235685">
        <ele>67.599991</ele>
        <time>2026-09-18T19:15:23.159Z</time>
      </trkpt>
      <trkpt lat="43.386552" lon="-4.236288">
        <ele>65.391017</ele>
        <time>2026-09-18T19:15:27.256Z</time>
      </trkpt>
      <trkpt lat="43.386758" lon="-4.237136">
        <ele>62.145860</ele>
        <time>2026-09-18T19:15:33.605Z</time>
      </trkpt>
      <trkpt lat="43.387028" lon="-4.238020">
        <ele>59.500235</ele>
        <time>2026-09-18T19:15:40.618Z</time>
      </trkpt>
      <trkpt lat="43.387163" lon="-4.238458">
        <ele>58.567615</ele>
        <time>2026-09-18T19:15:44.129Z</time>
      </trkpt>
      <trkpt lat="43.387962" lon="-4.241023">
        <ele>54.697147</ele>
        <time>2026-09-18T19:16:05.969Z</time>
      </trkpt>
      <trkpt lat="43.388191" lon="-4.241682">
        <ele>54.170203</ele>
        <time>2026-09-18T19:16:14.535Z</time>
      </trkpt>
      <trkpt lat="43.388328" lon="-4.242012">
        <ele>53.896041</ele>
        <time>2026-09-18T19:16:19.363Z</time>
      </trkpt>
      <trkpt lat="43.388349" lon="-4.242060">
        <ele>53.855624</ele>
        <time>2026-09-18T19:16:20.042Z</time>
      </trkpt>
      <trkpt lat="43.388571" lon="-4.242587">
        <ele>53.451656</ele>
        <time>2026-09-18T19:16:27.376Z</time>
      </trkpt>
      <trkpt lat="43.388693" lon="-4.242999">
        <ele>53.157356</ele>
        <time>2026-09-18T19:16:31.950Z</time>
      </trkpt>
      <trkpt lat="43.388784" lon="-4.243326">
        <ele>52.925725</ele>
        <time>2026-09-18T19:16:35.133Z</time>
      </trkpt>
      <trkpt lat="43.388829" lon="-4.243496">
        <ele>52.806040</ele>
        <time>2026-09-18T19:16:36.668Z</time>
      </trkpt>
      <trkpt lat="43.388870" lon="-4.243653">
        <ele>52.695681</ele>
        <time>2026-09-18T19:16:38.063Z</time>
      </trkpt>
      <trkpt lat="43.388885" lon="-4.243715">
        <ele>52.652455</ele>
        <time>2026-09-18T19:16:38.621Z</time>
      </trkpt>
      <trkpt lat="43.389169" lon="-4.244899">
        <ele>51.103789</ele>
        <time>2026-09-18T19:16:48.358Z</time>
      </trkpt>
      <trkpt lat="43.389397" lon="-4.245852">
        <ele>49.170591</ele>
        <time>2026-09-18T19:16:56.047Z</time>
      </trkpt>
      <trkpt lat="43.389808" lon="-4.247659">
        <ele>44.252162</ele>
        <time>2026-09-18T19:17:10.037Z</time>
      </trkpt>
      <trkpt lat="43.389839" lon="-4.247956">
        <ele>43.290542</ele>
        <time>2026-09-18T19:17:12.170Z</time>
      </trkpt>
      <trkpt lat="43.389870" lon="-4.248164">
        <ele>42.610051</ele>
        <time>2026-09-18T19:17:13.650Z</time>
      </trkpt>
      <trkpt lat="43.389856" lon="-4.248647">
        <ele>41.060862</ele>
        <time>2026-09-18T19:17:16.946Z</time>
      </trkpt>
      <trkpt lat="43.389837" lon="-4.248842">
        <ele>40.430316</ele>
        <time>2026-09-18T19:17:18.264Z</time>
      </trkpt>
      <trkpt lat="43.389815" lon="-4.249013">
        <ele>39.873759</ele>
        <time>2026-09-18T19:17:19.418Z</time>
      </trkpt>
      <trkpt lat="43.389692" lon="-4.249730">
        <ele>37.228672</ele>
        <time>2026-09-18T19:17:24.276Z</time>
      </trkpt>
      <trkpt lat="43.389656" lon="-4.249826">
        <ele>36.833090</ele>
        <time>2026-09-18T19:17:24.993Z</time>
      </trkpt>
      <trkpt lat="43.389615" lon="-4.250108">
        <ele>35.779986</ele>
        <time>2026-09-18T19:17:26.906Z</time>
      </trkpt>
      <trkpt lat="43.389538" lon="-4.250804">
        <ele>33.201975</ele>
        <time>2026-09-18T19:17:31.621Z</time>
      </trkpt>
      <trkpt lat="43.389514" lon="-4.251250">
        <ele>31.564318</ele>
        <time>2026-09-18T19:17:34.728Z</time>
      </trkpt>
      <trkpt lat="43.389540" lon="-4.252113">
        <ele>30.261643</ele>
        <time>2026-09-18T19:17:41.427Z</time>
      </trkpt>
      <trkpt lat="43.389603" lon="-4.252677">
        <ele>30.077562</ele>
        <time>2026-09-18T19:17:47.238Z</time>
      </trkpt>
      <trkpt lat="43.389813" lon="-4.253824">
        <ele>29.695981</ele>
        <time>2026-09-18T19:18:02.730Z</time>
      </trkpt>
      <trkpt lat="43.389965" lon="-4.254718">
        <ele>29.371865</ele>
        <time>2026-09-18T19:18:14.468Z</time>
      </trkpt>
      <trkpt lat="43.390020" lon="-4.255665">
        <ele>29.030186</ele>
        <time>2026-09-18T19:18:24.140Z</time>
      </trkpt>
      <trkpt lat="43.390104" lon="-4.258271">
        <ele>25.784386</ele>
        <time>2026-09-18T19:18:45.004Z</time>
      </trkpt>
      <trkpt lat="43.390091" lon="-4.259152">
        <ele>24.135868</ele>
        <time>2026-09-18T19:18:51.658Z</time>
      </trkpt>
      <trkpt lat="43.389982" lon="-4.259930">
        <ele>22.123395</ele>
        <time>2026-09-18T19:18:57.422Z</time>
      </trkpt>
      <trkpt lat="43.389550" lon="-4.262610">
        <ele>16.336095</ele>
        <time>2026-09-18T19:19:17.104Z</time>
      </trkpt>
      <trkpt lat="43.389474" lon="-4.263031">
        <ele>15.628100</ele>
        <time>2026-09-18T19:19:20.611Z</time>
      </trkpt>
      <trkpt lat="43.389294" lon="-4.263768">
        <ele>14.491054</ele>
        <time>2026-09-18T19:19:27.985Z</time>
      </trkpt>
      <trkpt lat="43.389185" lon="-4.264199">
        <ele>15.188486</ele>
        <time>2026-09-18T19:19:33.736Z</time>
      </trkpt>
      <trkpt lat="43.389152" lon="-4.264336">
        <ele>15.409062</ele>
        <time>2026-09-18T19:19:35.896Z</time>
      </trkpt>
      <trkpt lat="43.389111" lon="-4.264492">
        <ele>15.662585</ele>
        <time>2026-09-18T19:19:38.487Z</time>
      </trkpt>
      <trkpt lat="43.388812" lon="-4.265623">
        <ele>17.501890</ele>
        <time>2026-09-18T19:20:01.148Z</time>
      </trkpt>
      <trkpt lat="43.388384" lon="-4.267251">
        <ele>19.875128</ele>
        <time>2026-09-18T19:20:37.247Z</time>
      </trkpt>
      <trkpt lat="43.388374" lon="-4.267375">
        <ele>20.038977</ele>
        <time>2026-09-18T19:20:39.404Z</time>
      </trkpt>
      <trkpt lat="43.388267" lon="-4.267804">
        <ele>20.634641</ele>
        <time>2026-09-18T19:20:46.149Z</time>
      </trkpt>
      <trkpt lat="43.388174" lon="-4.268350">
        <ele>21.371136</ele>
        <time>2026-09-18T19:20:52.028Z</time>
      </trkpt>
      <trkpt lat="43.388153" lon="-4.269068">
        <ele>20.641681</ele>
        <time>2026-09-18T19:20:57.898Z</time>
      </trkpt>
      <trkpt lat="43.388164" lon="-4.269573">
        <ele>20.006074</ele>
        <time>2026-09-18T19:21:01.903Z</time>
      </trkpt>
      <trkpt lat="43.388149" lon="-4.269679">
        <ele>19.870215</ele>
        <time>2026-09-18T19:21:02.739Z</time>
      </trkpt>
      <trkpt lat="43.388151" lon="-4.269771">
        <ele>19.754421</ele>
        <time>2026-09-18T19:21:03.463Z</time>
      </trkpt>
      <trkpt lat="43.388171" lon="-4.270482">
        <ele>18.859269</ele>
        <time>2026-09-18T19:21:09.005Z</time>
      </trkpt>
      <trkpt lat="43.388181" lon="-4.270840">
        <ele>18.408550</ele>
        <time>2026-09-18T19:21:11.838Z</time>
      </trkpt>
      <trkpt lat="43.388207" lon="-4.271845">
        <ele>17.700556</ele>
        <time>2026-09-18T19:21:20.289Z</time>
      </trkpt>
      <trkpt lat="43.388212" lon="-4.272063">
        <ele>17.553229</ele>
        <time>2026-09-18T19:21:22.245Z</time>
      </trkpt>
      <trkpt lat="43.388216" lon="-4.272219">
        <ele>17.447789</ele>
        <time>2026-09-18T19:21:23.651Z</time>
      </trkpt>
      <trkpt lat="43.388247" lon="-4.273465">
        <ele>16.729326</ele>
        <time>2026-09-18T19:21:35.582Z</time>
      </trkpt>
      <trkpt lat="43.388267" lon="-4.274328">
        <ele>17.190296</ele>
        <time>2026-09-18T19:21:46.441Z</time>
      </trkpt>
      <trkpt lat="43.388278" lon="-4.274721">
        <ele>17.400265</ele>
        <time>2026-09-18T19:21:52.158Z</time>
      </trkpt>
      <trkpt lat="43.388286" lon="-4.275018">
        <ele>17.558936</ele>
        <time>2026-09-18T19:21:56.774Z</time>
      </trkpt>
      <trkpt lat="43.388304" lon="-4.275688">
        <ele>17.916877</ele>
        <time>2026-09-18T19:22:07.190Z</time>
      </trkpt>
      <trkpt lat="43.388335" lon="-4.276784">
        <ele>17.256114</ele>
        <time>2026-09-18T19:22:18.890Z</time>
      </trkpt>
      <trkpt lat="43.388374" lon="-4.277818">
        <ele>16.448310</ele>
        <time>2026-09-18T19:22:27.142Z</time>
      </trkpt>
      <trkpt lat="43.388340" lon="-4.278141">
        <ele>16.193678</ele>
        <time>2026-09-18T19:22:29.690Z</time>
      </trkpt>
      <trkpt lat="43.388199" lon="-4.278604">
        <ele>15.776130</ele>
        <time>2026-09-18T19:22:33.649Z</time>
      </trkpt>
      <trkpt lat="43.387597" lon="-4.279889">
        <ele>14.465949</ele>
        <time>2026-09-18T19:22:46.269Z</time>
      </trkpt>
      <trkpt lat="43.387500" lon="-4.280225">
        <ele>14.156121</ele>
        <time>2026-09-18T19:22:49.662Z</time>
      </trkpt>
      <trkpt lat="43.387391" lon="-4.280369">
        <ele>13.977937</ele>
        <time>2026-09-18T19:22:52.182Z</time>
      </trkpt>
      <trkpt lat="43.387136" lon="-4.280569">
        <ele>14.050471</ele>
        <time>2026-09-18T19:22:57.917Z</time>
      </trkpt>
      <trkpt lat="43.387100" lon="-4.280641">
        <ele>14.075983</ele>
        <time>2026-09-18T19:22:59.304Z</time>
      </trkpt>
      <trkpt lat="43.387062" lon="-4.280719">
        <ele>14.103396</ele>
        <time>2026-09-18T19:23:00.539Z</time>
      </trkpt>
      <trkpt lat="43.387013" lon="-4.280905">
        <ele>14.161150</ele>
        <time>2026-09-18T19:23:03.243Z</time>
      </trkpt>
      <trkpt lat="43.387007" lon="-4.281333">
        <ele>14.286114</ele>
        <time>2026-09-18T19:23:08.260Z</time>
      </trkpt>
      <trkpt lat="43.387015" lon="-4.281394">
        <ele>14.304209</ele>
        <time>2026-09-18T19:23:08.926Z</time>
      </trkpt>
      <trkpt lat="43.387109" lon="-4.281678">
        <ele>14.395307</ele>
        <time>2026-09-18T19:23:12.948Z</time>
      </trkpt>
      <trkpt lat="43.387234" lon="-4.281931">
        <ele>14.484614</ele>
        <time>2026-09-18T19:23:16.856Z</time>
      </trkpt>
      <trkpt lat="43.387397" lon="-4.282152">
        <ele>14.576533</ele>
        <time>2026-09-18T19:23:20.510Z</time>
      </trkpt>
      <trkpt lat="43.387562" lon="-4.282388">
        <ele>14.682133</ele>
        <time>2026-09-18T19:23:24.069Z</time>
      </trkpt>
      <trkpt lat="43.388052" lon="-4.283149">
        <ele>15.514690</ele>
        <time>2026-09-18T19:23:35.430Z</time>
      </trkpt>
      <trkpt lat="43.388080" lon="-4.283194">
        <ele>15.563200</ele>
        <time>2026-09-18T19:23:36.016Z</time>
      </trkpt>
      <trkpt lat="43.388163" lon="-4.283422">
        <ele>15.772012</ele>
        <time>2026-09-18T19:23:38.654Z</time>
      </trkpt>
      <trkpt lat="43.388380" lon="-4.285102">
        <ele>17.552482</ele>
        <time>2026-09-18T19:24:08.617Z</time>
      </trkpt>
      <trkpt lat="43.388426" lon="-4.285802">
        <ele>18.591421</ele>
        <time>2026-09-18T19:24:21.875Z</time>
      </trkpt>
      <trkpt lat="43.388419" lon="-4.286386">
        <ele>19.454787</ele>
        <time>2026-09-18T19:24:31.757Z</time>
      </trkpt>
      <trkpt lat="43.388412" lon="-4.286713">
        <ele>19.938357</ele>
        <time>2026-09-18T19:24:37.005Z</time>
      </trkpt>
      <trkpt lat="43.388407" lon="-4.287210">
        <ele>20.222245</ele>
        <time>2026-09-18T19:24:44.054Z</time>
      </trkpt>
      <trkpt lat="43.388437" lon="-4.287643">
        <ele>19.963034</ele>
        <time>2026-09-18T19:24:49.100Z</time>
      </trkpt>
      <trkpt lat="43.388523" lon="-4.288256">
        <ele>19.590979</ele>
        <time>2026-09-18T19:24:55.001Z</time>
      </trkpt>
      <trkpt lat="43.388717" lon="-4.289392">
        <ele>18.895554</ele>
        <time>2026-09-18T19:25:04.408Z</time>
      </trkpt>
      <trkpt lat="43.388871" lon="-4.289758">
        <ele>18.448257</ele>
        <time>2026-09-18T19:25:07.674Z</time>
      </trkpt>
      <trkpt lat="43.388943" lon="-4.289871">
        <ele>18.283737</ele>
        <time>2026-09-18T19:25:08.834Z</time>
      </trkpt>
      <trkpt lat="43.389256" lon="-4.290278">
        <ele>17.635017</ele>
        <time>2026-09-18T19:25:13.580Z</time>
      </trkpt>
      <trkpt lat="43.389277" lon="-4.290302">
        <ele>17.593895</ele>
        <time>2026-09-18T19:25:13.894Z</time>
      </trkpt>
      <trkpt lat="43.389469" lon="-4.290526">
        <ele>17.214702</ele>
        <time>2026-09-18T19:25:16.849Z</time>
      </trkpt>
      <trkpt lat="43.389938" lon="-4.291156">
        <ele>16.227382</ele>
        <time>2026-09-18T19:25:24.757Z</time>
      </trkpt>
      <trkpt lat="43.390159" lon="-4.291524">
        <ele>16.463521</ele>
        <time>2026-09-18T19:25:28.845Z</time>
      </trkpt>
      <trkpt lat="43.390335" lon="-4.291818">
        <ele>16.730576</ele>
        <time>2026-09-18T19:25:33.291Z</time>
      </trkpt>
      <trkpt lat="43.390432" lon="-4.291986">
        <ele>16.881011</ele>
        <time>2026-09-18T19:25:36.226Z</time>
      </trkpt>
      <trkpt lat="43.390493" lon="-4.292090">
        <ele>16.974712</ele>
        <time>2026-09-18T19:25:38.221Z</time>
      </trkpt>
      <trkpt lat="43.390639" lon="-4.292399">
        <ele>17.233115</ele>
        <time>2026-09-18T19:25:43.641Z</time>
      </trkpt>
      <trkpt lat="43.390673" lon="-4.292518">
        <ele>17.322761</ele>
        <time>2026-09-18T19:25:45.356Z</time>
      </trkpt>
      <trkpt lat="43.390799" lon="-4.292778">
        <ele>17.541859</ele>
        <time>2026-09-18T19:25:49.510Z</time>
      </trkpt>
      <trkpt lat="43.390865" lon="-4.292850">
        <ele>17.623116</ele>
        <time>2026-09-18T19:25:50.861Z</time>
      </trkpt>
      <trkpt lat="43.390890" lon="-4.292871">
        <ele>17.651373</ele>
        <time>2026-09-18T19:25:51.446Z</time>
      </trkpt>
      <trkpt lat="43.390948" lon="-4.292955">
        <ele>17.732610</ele>
        <time>2026-09-18T19:25:53.133Z</time>
      </trkpt>
      <trkpt lat="43.390976" lon="-4.293064">
        <ele>17.813662</ele>
        <time>2026-09-18T19:25:54.947Z</time>
      </trkpt>
      <trkpt lat="43.390968" lon="-4.293188">
        <ele>17.900939</ele>
        <time>2026-09-18T19:25:57.101Z</time>
      </trkpt>
      <trkpt lat="43.390886" lon="-4.293340">
        <ele>18.432417</ele>
        <time>2026-09-18T19:26:00.760Z</time>
      </trkpt>
      <trkpt lat="43.390703" lon="-4.293648">
        <ele>19.559878</ele>
        <time>2026-09-18T19:26:10.264Z</time>
      </trkpt>
      <trkpt lat="43.390653" lon="-4.293824">
        <ele>20.095407</ele>
        <time>2026-09-18T19:26:15.678Z</time>
      </trkpt>
      <trkpt lat="43.390495" lon="-4.294126">
        <ele>21.149982</ele>
        <time>2026-09-18T19:26:26.125Z</time>
      </trkpt>
      <trkpt lat="43.390210" lon="-4.294411">
        <ele>22.523890</ele>
        <time>2026-09-18T19:26:37.261Z</time>
      </trkpt>
      <trkpt lat="43.389971" lon="-4.294537">
        <ele>23.521996</ele>
        <time>2026-09-18T19:26:44.794Z</time>
      </trkpt>
      <trkpt lat="43.389795" lon="-4.294583">
        <ele>24.220627</ele>
        <time>2026-09-18T19:26:50.039Z</time>
      </trkpt>
      <trkpt lat="43.389569" lon="-4.294587">
        <ele>25.008768</ele>
        <time>2026-09-18T19:26:56.755Z</time>
      </trkpt>
      <trkpt lat="43.389134" lon="-4.294464">
        <ele>25.868120</ele>
        <time>2026-09-18T19:27:09.283Z</time>
      </trkpt>
      <trkpt lat="43.388831" lon="-4.294340">
        <ele>26.479833</ele>
        <time>2026-09-18T19:27:16.515Z</time>
      </trkpt>
      <trkpt lat="43.388205" lon="-4.294077">
        <ele>27.746402</ele>
        <time>2026-09-18T19:27:29.264Z</time>
      </trkpt>
      <trkpt lat="43.387843" lon="-4.294016">
        <ele>28.398771</ele>
        <time>2026-09-18T19:27:36.153Z</time>
      </trkpt>
      <trkpt lat="43.387609" lon="-4.294060">
        <ele>28.409958</ele>
        <time>2026-09-18T19:27:40.502Z</time>
      </trkpt>
      <trkpt lat="43.387253" lon="-4.294268">
        <ele>28.428278</ele>
        <time>2026-09-18T19:27:47.439Z</time>
      </trkpt>
      <trkpt lat="43.386730" lon="-4.294644">
        <ele>28.456229</ele>
        <time>2026-09-18T19:27:56.375Z</time>
      </trkpt>
      <trkpt lat="43.386409" lon="-4.294915">
        <ele>28.474067</ele>
        <time>2026-09-18T19:28:01.090Z</time>
      </trkpt>
      <trkpt lat="43.386242" lon="-4.295105">
        <ele>28.480617</ele>
        <time>2026-09-18T19:28:03.821Z</time>
      </trkpt>
      <trkpt lat="43.386142" lon="-4.295230">
        <ele>28.473052</ele>
        <time>2026-09-18T19:28:05.470Z</time>
      </trkpt>
      <trkpt lat="43.386073" lon="-4.295321">
        <ele>28.467701</ele>
        <time>2026-09-18T19:28:06.640Z</time>
      </trkpt>
      <trkpt lat="43.386018" lon="-4.295393">
        <ele>28.463450</ele>
        <time>2026-09-18T19:28:07.549Z</time>
      </trkpt>
      <trkpt lat="43.385922" lon="-4.295535">
        <ele>28.455558</ele>
        <time>2026-09-18T19:28:09.213Z</time>
      </trkpt>
      <trkpt lat="43.385667" lon="-4.295882">
        <ele>28.435478</ele>
        <time>2026-09-18T19:28:13.432Z</time>
      </trkpt>
      <trkpt lat="43.384943" lon="-4.296672">
        <ele>28.383740</ele>
        <time>2026-09-18T19:28:28.607Z</time>
      </trkpt>
      <trkpt lat="43.384756" lon="-4.297061">
        <ele>29.380349</ele>
        <time>2026-09-18T19:28:35.811Z</time>
      </trkpt>
      <trkpt lat="43.384753" lon="-4.297110">
        <ele>29.496786</ele>
        <time>2026-09-18T19:28:36.588Z</time>
      </trkpt>
      <trkpt lat="43.384686" lon="-4.297256">
        <ele>29.905649</ele>
        <time>2026-09-18T19:28:39.455Z</time>
      </trkpt>
      <trkpt lat="43.384629" lon="-4.297295">
        <ele>30.113056</ele>
        <time>2026-09-18T19:28:41.059Z</time>
      </trkpt>
      <trkpt lat="43.384430" lon="-4.297472">
        <ele>30.885094</ele>
        <time>2026-09-18T19:28:47.631Z</time>
      </trkpt>
      <trkpt lat="43.384342" lon="-4.297654">
        <ele>31.402714</ele>
        <time>2026-09-18T19:28:52.662Z</time>
      </trkpt>
      <trkpt lat="43.384334" lon="-4.297677">
        <ele>31.463092</ele>
        <time>2026-09-18T19:28:53.309Z</time>
      </trkpt>
      <trkpt lat="43.384188" lon="-4.298381">
        <ele>33.196635</ele>
        <time>2026-09-18T19:29:11.508Z</time>
      </trkpt>
      <trkpt lat="43.384020" lon="-4.299173">
        <ele>35.028164</ele>
        <time>2026-09-18T19:29:30.788Z</time>
      </trkpt>
      <trkpt lat="43.383489" lon="-4.301900">
        <ele>38.813408</ele>
        <time>2026-09-18T19:30:21.760Z</time>
      </trkpt>
      <trkpt lat="43.383044" lon="-4.303398">
        <ele>37.705437</ele>
        <time>2026-09-18T19:30:34.805Z</time>
      </trkpt>
      <trkpt lat="43.382935" lon="-4.303974">
        <ele>35.929430</ele>
        <time>2026-09-18T19:30:38.925Z</time>
      </trkpt>
      <trkpt lat="43.382869" lon="-4.304308">
        <ele>34.685742</ele>
        <time>2026-09-18T19:30:41.287Z</time>
      </trkpt>
      <trkpt lat="43.382730" lon="-4.304882">
        <ele>32.511784</ele>
        <time>2026-09-18T19:30:45.365Z</time>
      </trkpt>
      <trkpt lat="43.382528" lon="-4.305363">
        <ele>30.515672</ele>
        <time>2026-09-18T19:30:49.097Z</time>
      </trkpt>
      <trkpt lat="43.382283" lon="-4.306061">
        <ele>27.867248</ele>
        <time>2026-09-18T19:30:54.363Z</time>
      </trkpt>
      <trkpt lat="43.381925" lon="-4.306965">
        <ele>24.675559</ele>
        <time>2026-09-18T19:31:01.531Z</time>
      </trkpt>
      <trkpt lat="43.381264" lon="-4.308488">
        <ele>19.818311</ele>
        <time>2026-09-18T19:31:14.258Z</time>
      </trkpt>
      <trkpt lat="43.379530" lon="-4.312742">
        <ele>10.808683</ele>
        <time>2026-09-18T19:31:51.885Z</time>
      </trkpt>
      <trkpt lat="43.379207" lon="-4.313629">
        <ele>9.252000</ele>
        <time>2026-09-18T19:31:59.555Z</time>
      </trkpt>
      <trkpt lat="43.379061" lon="-4.314101">
        <ele>8.447112</ele>
        <time>2026-09-18T19:32:03.735Z</time>
      </trkpt>
      <trkpt lat="43.379052" lon="-4.314133">
        <ele>8.393273</ele>
        <time>2026-09-18T19:32:04.002Z</time>
      </trkpt>
      <trkpt lat="43.379032" lon="-4.314195">
        <ele>8.286839</ele>
        <time>2026-09-18T19:32:04.552Z</time>
      </trkpt>
      <trkpt lat="43.379012" lon="-4.314260">
        <ele>8.176085</ele>
        <time>2026-09-18T19:32:05.162Z</time>
      </trkpt>
      <trkpt lat="43.378916" lon="-4.314705">
        <ele>7.442997</ele>
        <time>2026-09-18T19:32:08.998Z</time>
      </trkpt>
      <trkpt lat="43.378871" lon="-4.315137">
        <ele>6.747958</ele>
        <time>2026-09-18T19:32:12.544Z</time>
      </trkpt>
      <trkpt lat="43.378871" lon="-4.315515">
        <ele>6.145950</ele>
        <time>2026-09-18T19:32:15.510Z</time>
      </trkpt>
      <trkpt lat="43.378916" lon="-4.315890">
        <ele>5.540635</ele>
        <time>2026-09-18T19:32:18.453Z</time>
      </trkpt>
      <trkpt lat="43.378953" lon="-4.316066">
        <ele>5.248846</ele>
        <time>2026-09-18T19:32:19.905Z</time>
      </trkpt>
      <trkpt lat="43.379101" lon="-4.316463">
        <ele>4.538263</ele>
        <time>2026-09-18T19:32:23.416Z</time>
      </trkpt>
      <trkpt lat="43.379457" lon="-4.317017">
        <ele>3.651471</ele>
        <time>2026-09-18T19:32:29.063Z</time>
      </trkpt>
      <trkpt lat="43.379618" lon="-4.317200">
        <ele>3.482045</ele>
        <time>2026-09-18T19:32:31.250Z</time>
      </trkpt>
      <trkpt lat="43.379817" lon="-4.317384">
        <ele>3.287529</ele>
        <time>2026-09-18T19:32:33.724Z</time>
      </trkpt>
      <trkpt lat="43.380293" lon="-4.317744">
        <ele>2.846859</ele>
        <time>2026-09-18T19:32:39.771Z</time>
      </trkpt>
      <trkpt lat="43.380729" lon="-4.318032">
        <ele>2.454485</ele>
        <time>2026-09-18T19:32:48.878Z</time>
      </trkpt>
      <trkpt lat="43.380860" lon="-4.318089">
        <ele>2.439000</ele>
        <time>2026-09-18T19:32:52.326Z</time>
      </trkpt>
      <trkpt lat="43.381322" lon="-4.318238">
        <ele>3.877481</ele>
        <time>2026-09-18T19:33:05.379Z</time>
      </trkpt>
      <trkpt lat="43.381456" lon="-4.318344">
        <ele>4.346043</ele>
        <time>2026-09-18T19:33:09.984Z</time>
      </trkpt>
      <trkpt lat="43.381639" lon="-4.318544">
        <ele>5.054505</ele>
        <time>2026-09-18T19:33:17.395Z</time>
      </trkpt>
      <trkpt lat="43.381859" lon="-4.318809">
        <ele>5.940880</ele>
        <time>2026-09-18T19:33:26.786Z</time>
      </trkpt>
      <trkpt lat="43.381958" lon="-4.319014">
        <ele>6.483156</ele>
        <time>2026-09-18T19:33:32.559Z</time>
      </trkpt>
      <trkpt lat="43.382014" lon="-4.319286">
        <ele>7.106011</ele>
        <time>2026-09-18T19:33:38.843Z</time>
      </trkpt>
      <trkpt lat="43.382010" lon="-4.319659">
        <ele>7.791116</ele>
        <time>2026-09-18T19:33:46.621Z</time>
      </trkpt>
      <trkpt lat="43.381976" lon="-4.320861">
        <ele>7.209193</ele>
        <time>2026-09-18T19:33:58.975Z</time>
      </trkpt>
      <trkpt lat="43.382007" lon="-4.321058">
        <ele>7.111684</ele>
        <time>2026-09-18T19:34:00.539Z</time>
      </trkpt>
      <trkpt lat="43.382073" lon="-4.321241">
        <ele>7.012855</ele>
        <time>2026-09-18T19:34:02.093Z</time>
      </trkpt>
      <trkpt lat="43.382247" lon="-4.321470">
        <ele>6.852586</ele>
        <time>2026-09-18T19:34:04.611Z</time>
      </trkpt>
      <trkpt lat="43.382446" lon="-4.321584">
        <ele>6.709106</ele>
        <time>2026-09-18T19:34:06.922Z</time>
      </trkpt>
      <trkpt lat="43.382695" lon="-4.321574">
        <ele>6.741198</ele>
        <time>2026-09-18T19:34:09.607Z</time>
      </trkpt>
      <trkpt lat="43.382925" lon="-4.321447">
        <ele>7.010119</ele>
        <time>2026-09-18T19:34:12.351Z</time>
      </trkpt>
      <trkpt lat="43.383053" lon="-4.321352">
        <ele>7.167930</ele>
        <time>2026-09-18T19:34:14.067Z</time>
      </trkpt>
      <trkpt lat="43.383231" lon="-4.321242">
        <ele>7.379665</ele>
        <time>2026-09-18T19:34:16.640Z</time>
      </trkpt>
      <trkpt lat="43.383452" lon="-4.321173">
        <ele>7.625569</ele>
        <time>2026-09-18T19:34:20.524Z</time>
      </trkpt>
      <trkpt lat="43.383852" lon="-4.321213">
        <ele>8.060755</ele>
        <time>2026-09-18T19:34:30.299Z</time>
      </trkpt>
      <trkpt lat="43.384163" lon="-4.321289">
        <ele>8.403503</ele>
        <time>2026-09-18T19:34:40.213Z</time>
      </trkpt>
      <trkpt lat="43.384344" lon="-4.321378">
        <ele>8.662217</ele>
        <time>2026-09-18T19:34:46.428Z</time>
      </trkpt>
      <trkpt lat="43.384515" lon="-4.321578">
        <ele>9.197767</ele>
        <time>2026-09-18T19:34:53.579Z</time>
      </trkpt>
      <trkpt lat="43.384624" lon="-4.321872">
        <ele>9.770150</ele>
        <time>2026-09-18T19:35:01.134Z</time>
      </trkpt>
      <trkpt lat="43.384637" lon="-4.322235">
        <ele>10.400448</ele>
        <time>2026-09-18T19:35:09.360Z</time>
      </trkpt>
      <trkpt lat="43.384482" lon="-4.323864">
        <ele>12.629686</ele>
        <time>2026-09-18T19:35:34.901Z</time>
      </trkpt>
      <trkpt lat="43.384341" lon="-4.325416">
        <ele>11.000537</ele>
        <time>2026-09-18T19:35:47.783Z</time>
      </trkpt>
      <trkpt lat="43.384076" lon="-4.328605">
        <ele>4.866270</ele>
        <time>2026-09-18T19:36:11.790Z</time>
      </trkpt>
      <trkpt lat="43.384082" lon="-4.328807">
        <ele>4.657605</ele>
        <time>2026-09-18T19:36:13.199Z</time>
      </trkpt>
      <trkpt lat="43.384135" lon="-4.329058">
        <ele>4.387827</ele>
        <time>2026-09-18T19:36:15.013Z</time>
      </trkpt>
      <trkpt lat="43.384599" lon="-4.330195">
        <ele>3.041945</ele>
        <time>2026-09-18T19:36:25.265Z</time>
      </trkpt>
      <trkpt lat="43.384633" lon="-4.330296">
        <ele>2.927061</ele>
        <time>2026-09-18T19:36:26.404Z</time>
      </trkpt>
      <trkpt lat="43.384870" lon="-4.330184">
        <ele>2.571182</ele>
        <time>2026-09-18T19:36:30.983Z</time>
      </trkpt>
      <trkpt lat="43.385256" lon="-4.330054">
        <ele>2.712191</ele>
        <time>2026-09-18T19:36:40.243Z</time>
      </trkpt>
      <trkpt lat="43.385468" lon="-4.330002">
        <ele>3.015642</ele>
        <time>2026-09-18T19:36:46.209Z</time>
      </trkpt>
      <trkpt lat="43.385691" lon="-4.329990">
        <ele>3.330124</ele>
        <time>2026-09-18T19:36:52.661Z</time>
      </trkpt>
      <trkpt lat="43.385862" lon="-4.330023">
        <ele>3.573448</ele>
        <time>2026-09-18T19:36:57.600Z</time>
      </trkpt>
      <trkpt lat="43.386294" lon="-4.330200">
        <ele>4.208618</ele>
        <time>2026-09-18T19:37:07.447Z</time>
      </trkpt>
      <trkpt lat="43.386424" lon="-4.330248">
        <ele>4.398288</ele>
        <time>2026-09-18T19:37:09.800Z</time>
      </trkpt>
      <trkpt lat="43.386708" lon="-4.330253">
        <ele>4.798522</ele>
        <time>2026-09-18T19:37:13.899Z</time>
      </trkpt>
      <trkpt lat="43.386864" lon="-4.330203">
        <ele>4.806760</ele>
        <time>2026-09-18T19:37:15.938Z</time>
      </trkpt>
      <trkpt lat="43.386943" lon="-4.330140">
        <ele>4.718157</ele>
        <time>2026-09-18T19:37:17.035Z</time>
      </trkpt>
      <trkpt lat="43.387128" lon="-4.329905">
        <ele>4.473840</ele>
        <time>2026-09-18T19:37:19.974Z</time>
      </trkpt>
      <trkpt lat="43.387275" lon="-4.329606">
        <ele>4.219268</ele>
        <time>2026-09-18T19:37:22.884Z</time>
      </trkpt>
      <trkpt lat="43.387437" lon="-4.328837">
        <ele>3.654648</ele>
        <time>2026-09-18T19:37:29.331Z</time>
      </trkpt>
      <trkpt lat="43.387535" lon="-4.328529">
        <ele>3.417543</ele>
        <time>2026-09-18T19:37:32.399Z</time>
      </trkpt>
      <trkpt lat="43.387691" lon="-4.328264">
        <ele>3.177048</ele>
        <time>2026-09-18T19:37:35.834Z</time>
      </trkpt>
      <trkpt lat="43.387788" lon="-4.328152">
        <ele>3.188679</ele>
        <time>2026-09-18T19:37:37.782Z</time>
      </trkpt>
      <trkpt lat="43.387942" lon="-4.328048">
        <ele>3.255643</ele>
        <time>2026-09-18T19:37:40.595Z</time>
      </trkpt>
      <trkpt lat="43.388114" lon="-4.328025">
        <ele>3.323102</ele>
        <time>2026-09-18T19:37:43.612Z</time>
      </trkpt>
      <trkpt lat="43.388281" lon="-4.328097">
        <ele>3.391416</ele>
        <time>2026-09-18T19:37:46.742Z</time>
      </trkpt>
      <trkpt lat="43.388354" lon="-4.328168">
        <ele>3.426312</ele>
        <time>2026-09-18T19:37:48.373Z</time>
      </trkpt>
      <trkpt lat="43.388511" lon="-4.328430">
        <ele>3.522645</ele>
        <time>2026-09-18T19:37:52.887Z</time>
      </trkpt>
      <trkpt lat="43.388679" lon="-4.328797">
        <ele>3.645689</ele>
        <time>2026-09-18T19:37:58.671Z</time>
      </trkpt>
      <trkpt lat="43.388769" lon="-4.329061">
        <ele>3.728411</ele>
        <time>2026-09-18T19:38:02.403Z</time>
      </trkpt>
      <trkpt lat="43.388990" lon="-4.330110">
        <ele>4.452226</ele>
        <time>2026-09-18T19:38:14.052Z</time>
      </trkpt>
      <trkpt lat="43.389139" lon="-4.330548">
        <ele>4.894714</ele>
        <time>2026-09-18T19:38:19.647Z</time>
      </trkpt>
      <trkpt lat="43.389301" lon="-4.330820">
        <ele>5.216486</ele>
        <time>2026-09-18T19:38:24.216Z</time>
      </trkpt>
      <trkpt lat="43.389350" lon="-4.330907">
        <ele>5.317196</ele>
        <time>2026-09-18T19:38:25.777Z</time>
      </trkpt>
      <trkpt lat="43.389616" lon="-4.331430">
        <ele>5.901271</ele>
        <time>2026-09-18T19:38:35.919Z</time>
      </trkpt>
      <trkpt lat="43.390057" lon="-4.332573">
        <ele>9.643563</ele>
        <time>2026-09-18T19:39:04.553Z</time>
      </trkpt>
      <trkpt lat="43.390069" lon="-4.332607">
        <ele>9.769493</ele>
        <time>2026-09-18T19:39:05.537Z</time>
      </trkpt>
      <trkpt lat="43.390078" lon="-4.332630">
        <ele>9.856524</ele>
        <time>2026-09-18T19:39:06.221Z</time>
      </trkpt>
      <trkpt lat="43.390229" lon="-4.333050">
        <ele>11.417709</ele>
        <time>2026-09-18T19:39:18.708Z</time>
      </trkpt>
      <trkpt lat="43.390268" lon="-4.333159">
        <ele>11.822492</ele>
        <time>2026-09-18T19:39:21.970Z</time>
      </trkpt>
      <trkpt lat="43.390824" lon="-4.334690">
        <ele>17.417644</ele>
        <time>2026-09-18T19:40:07.586Z</time>
      </trkpt>
      <trkpt lat="43.391270" lon="-4.335771">
        <ele>21.418848</ele>
        <time>2026-09-18T19:40:35.918Z</time>
      </trkpt>
      <trkpt lat="43.391361" lon="-4.335984">
        <ele>22.214156</ele>
        <time>2026-09-18T19:40:40.803Z</time>
      </trkpt>
      <trkpt lat="43.392263" lon="-4.338090">
        <ele>28.080413</ele>
        <time>2026-09-18T19:41:28.225Z</time>
      </trkpt>
      <trkpt lat="43.392648" lon="-4.339011">
        <ele>31.912269</ele>
        <time>2026-09-18T19:41:53.873Z</time>
      </trkpt>
      <trkpt lat="43.392854" lon="-4.339869">
        <ele>35.244682</ele>
        <time>2026-09-18T19:42:17.956Z</time>
      </trkpt>
      <trkpt lat="43.393030" lon="-4.340418">
        <ele>37.494531</ele>
        <time>2026-09-18T19:42:34.372Z</time>
      </trkpt>
      <trkpt lat="43.393526" lon="-4.341452">
        <ele>43.939206</ele>
        <time>2026-09-18T19:43:10.902Z</time>
      </trkpt>
      <trkpt lat="43.393721" lon="-4.341671">
        <ele>45.740895</ele>
        <time>2026-09-18T19:43:22.258Z</time>
      </trkpt>
      <trkpt lat="43.393831" lon="-4.341735">
        <ele>46.595785</ele>
        <time>2026-09-18T19:43:27.843Z</time>
      </trkpt>
      <trkpt lat="43.393944" lon="-4.341775">
        <ele>47.431000</ele>
        <time>2026-09-18T19:43:33.361Z</time>
      </trkpt>
      <trkpt lat="43.394308" lon="-4.341821">
        <ele>50.047575</ele>
        <time>2026-09-18T19:43:51.201Z</time>
      </trkpt>
      <trkpt lat="43.394535" lon="-4.341937">
        <ele>51.880550</ele>
        <time>2026-09-18T19:44:03.072Z</time>
      </trkpt>
      <trkpt lat="43.394687" lon="-4.342105">
        <ele>53.366472</ele>
        <time>2026-09-18T19:44:12.671Z</time>
      </trkpt>
      <trkpt lat="43.394769" lon="-4.342275">
        <ele>54.496563</ele>
        <time>2026-09-18T19:44:19.884Z</time>
      </trkpt>
      <trkpt lat="43.394804" lon="-4.342409">
        <ele>55.285200</ele>
        <time>2026-09-18T19:44:24.895Z</time>
      </trkpt>
      <trkpt lat="43.394836" lon="-4.342732">
        <ele>57.090655</ele>
        <time>2026-09-18T19:44:36.164Z</time>
      </trkpt>
      <trkpt lat="43.394755" lon="-4.345027">
        <ele>69.070044</ele>
        <time>2026-09-18T19:45:47.506Z</time>
      </trkpt>
      <trkpt lat="43.394790" lon="-4.347938">
        <ele>80.515184</ele>
        <time>2026-09-18T19:47:13.114Z</time>
      </trkpt>
      <trkpt lat="43.394813" lon="-4.348441">
        <ele>82.065496</ele>
        <time>2026-09-18T19:47:22.875Z</time>
      </trkpt>
      <trkpt lat="43.394939" lon="-4.349419">
        <ele>82.074821</ele>
        <time>2026-09-18T19:47:34.239Z</time>
      </trkpt>
      <trkpt lat="43.395016" lon="-4.349889">
        <ele>80.717738</ele>
        <time>2026-09-18T19:47:37.872Z</time>
      </trkpt>
      <trkpt lat="43.395168" lon="-4.350396">
        <ele>79.172895</ele>
        <time>2026-09-18T19:47:41.705Z</time>
      </trkpt>
      <trkpt lat="43.395214" lon="-4.350608">
        <ele>78.549701</ele>
        <time>2026-09-18T19:47:43.194Z</time>
      </trkpt>
      <trkpt lat="43.395299" lon="-4.351594">
        <ele>74.969415</ele>
        <time>2026-09-18T19:47:49.659Z</time>
      </trkpt>
      <trkpt lat="43.395310" lon="-4.351967">
        <ele>72.895223</ele>
        <time>2026-09-18T19:47:52.038Z</time>
      </trkpt>
      <trkpt lat="43.395293" lon="-4.352193">
        <ele>71.632797</ele>
        <time>2026-09-18T19:47:53.485Z</time>
      </trkpt>
      <trkpt lat="43.395223" lon="-4.352663">
        <ele>68.967061</ele>
        <time>2026-09-18T19:47:56.541Z</time>
      </trkpt>
      <trkpt lat="43.395167" lon="-4.352861">
        <ele>67.786520</ele>
        <time>2026-09-18T19:47:57.897Z</time>
      </trkpt>
      <trkpt lat="43.395000" lon="-4.353301">
        <ele>65.028340</ele>
        <time>2026-09-18T19:48:01.079Z</time>
      </trkpt>
      <trkpt lat="43.394199" lon="-4.355088">
        <ele>56.083323</ele>
        <time>2026-09-18T19:48:14.953Z</time>
      </trkpt>
      <trkpt lat="43.394000" lon="-4.355396">
        <ele>54.453232</ele>
        <time>2026-09-18T19:48:17.804Z</time>
      </trkpt>
      <trkpt lat="43.393487" lon="-4.355860">
        <ele>52.479691</ele>
        <time>2026-09-18T19:48:24.172Z</time>
      </trkpt>
      <trkpt lat="43.393327" lon="-4.356063">
        <ele>52.146496</ele>
        <time>2026-09-18T19:48:26.822Z</time>
      </trkpt>
      <trkpt lat="43.392971" lon="-4.356707">
        <ele>51.246244</ele>
        <time>2026-09-18T19:48:35.222Z</time>
      </trkpt>
      <trkpt lat="43.392934" lon="-4.356846">
        <ele>51.081547</ele>
        <time>2026-09-18T19:48:36.762Z</time>
      </trkpt>
      <trkpt lat="43.392928" lon="-4.356996">
        <ele>50.914409</ele>
        <time>2026-09-18T19:48:38.350Z</time>
      </trkpt>
      <trkpt lat="43.392905" lon="-4.357771">
        <ele>49.445610</ele>
        <time>2026-09-18T19:48:45.161Z</time>
      </trkpt>
      <trkpt lat="43.392959" lon="-4.358200">
        <ele>47.561940</ele>
        <time>2026-09-18T19:48:48.372Z</time>
      </trkpt>
      <trkpt lat="43.393109" lon="-4.358824">
        <ele>44.718381</ele>
        <time>2026-09-18T19:48:52.769Z</time>
      </trkpt>
      <trkpt lat="43.393255" lon="-4.359190">
        <ele>42.912016</ele>
        <time>2026-09-18T19:48:55.445Z</time>
      </trkpt>
      <trkpt lat="43.393505" lon="-4.359721">
        <ele>40.174658</ele>
        <time>2026-09-18T19:48:59.465Z</time>
      </trkpt>
      <trkpt lat="43.393569" lon="-4.359895">
        <ele>39.273320</ele>
        <time>2026-09-18T19:49:00.706Z</time>
      </trkpt>
      <trkpt lat="43.393641" lon="-4.360236">
        <ele>37.337337</ele>
        <time>2026-09-18T19:49:02.957Z</time>
      </trkpt>
      <trkpt lat="43.393714" lon="-4.361433">
        <ele>30.788505</ele>
        <time>2026-09-18T19:49:10.686Z</time>
      </trkpt>
      <trkpt lat="43.393701" lon="-4.361945">
        <ele>27.995445</ele>
        <time>2026-09-18T19:49:14.046Z</time>
      </trkpt>
      <trkpt lat="43.393271" lon="-4.364944">
        <ele>14.503562</ele>
        <time>2026-09-18T19:49:34.314Z</time>
      </trkpt>
      <trkpt lat="43.393216" lon="-4.365232">
        <ele>14.004719</ele>
        <time>2026-09-18T19:49:36.294Z</time>
      </trkpt>
      <trkpt lat="43.392995" lon="-4.366043">
        <ele>12.553735</ele>
        <time>2026-09-18T19:49:42.332Z</time>
      </trkpt>
      <trkpt lat="43.392831" lon="-4.366343">
        <ele>11.924835</ele>
        <time>2026-09-18T19:49:45.280Z</time>
      </trkpt>
      <trkpt lat="43.392622" lon="-4.366523">
        <ele>11.356435</ele>
        <time>2026-09-18T19:49:48.686Z</time>
      </trkpt>
      <trkpt lat="43.391743" lon="-4.366922">
        <ele>14.000039</ele>
        <time>2026-09-18T19:50:18.624Z</time>
      </trkpt>
      <trkpt lat="43.391593" lon="-4.367094">
        <ele>14.970989</ele>
        <time>2026-09-18T19:50:26.718Z</time>
      </trkpt>
      <trkpt lat="43.391538" lon="-4.367254">
        <ele>15.610605</ele>
        <time>2026-09-18T19:50:32.180Z</time>
      </trkpt>
      <trkpt lat="43.391523" lon="-4.367345">
        <ele>15.947805</ele>
        <time>2026-09-18T19:50:35.104Z</time>
      </trkpt>
      <trkpt lat="43.391539" lon="-4.367544">
        <ele>16.671316</ele>
        <time>2026-09-18T19:50:41.130Z</time>
      </trkpt>
      <trkpt lat="43.391666" lon="-4.368120">
        <ele>18.846498</ele>
        <time>2026-09-18T19:50:58.552Z</time>
      </trkpt>
      <trkpt lat="43.391714" lon="-4.368469">
        <ele>19.753968</ele>
        <time>2026-09-18T19:51:08.238Z</time>
      </trkpt>
      <trkpt lat="43.391662" lon="-4.368677">
        <ele>19.884144</ele>
        <time>2026-09-18T19:51:13.483Z</time>
      </trkpt>
      <trkpt lat="43.391576" lon="-4.368826">
        <ele>19.996754</ele>
        <time>2026-09-18T19:51:17.345Z</time>
      </trkpt>
      <trkpt lat="43.391041" lon="-4.369460">
        <ele>20.571750</ele>
        <time>2026-09-18T19:51:32.615Z</time>
      </trkpt>
      <trkpt lat="43.390912" lon="-4.369538">
        <ele>20.686502</ele>
        <time>2026-09-18T19:51:34.693Z</time>
      </trkpt>
      <trkpt lat="43.390749" lon="-4.369555">
        <ele>20.819630</ele>
        <time>2026-09-18T19:51:36.728Z</time>
      </trkpt>
      <trkpt lat="43.390611" lon="-4.369507">
        <ele>20.935552</ele>
        <time>2026-09-18T19:51:38.311Z</time>
      </trkpt>
      <trkpt lat="43.390416" lon="-4.369385">
        <ele>21.110003</ele>
        <time>2026-09-18T19:51:40.521Z</time>
      </trkpt>
      <trkpt lat="43.390329" lon="-4.369367">
        <ele>20.859658</ele>
        <time>2026-09-18T19:51:41.380Z</time>
      </trkpt>
      <trkpt lat="43.390173" lon="-4.369410">
        <ele>19.846785</ele>
        <time>2026-09-18T19:51:42.909Z</time>
      </trkpt>
      <trkpt lat="43.390046" lon="-4.369599">
        <ele>18.655881</ele>
        <time>2026-09-18T19:51:44.653Z</time>
      </trkpt>
      <trkpt lat="43.389890" lon="-4.370270">
        <ele>15.396590</ele>
        <time>2026-09-18T19:51:49.249Z</time>
      </trkpt>
      <trkpt lat="43.389757" lon="-4.370576">
        <ele>13.747025</ele>
        <time>2026-09-18T19:51:51.517Z</time>
      </trkpt>
      <trkpt lat="43.389137" lon="-4.371213">
        <ele>9.244061</ele>
        <time>2026-09-18T19:51:58.369Z</time>
      </trkpt>
      <trkpt lat="43.389024" lon="-4.371397">
        <ele>8.669319</ele>
        <time>2026-09-18T19:51:59.975Z</time>
      </trkpt>
      <trkpt lat="43.388986" lon="-4.371594">
        <ele>8.183047</ele>
        <time>2026-09-18T19:52:01.363Z</time>
      </trkpt>
      <trkpt lat="43.388969" lon="-4.372426">
        <ele>6.197304</ele>
        <time>2026-09-18T19:52:07.359Z</time>
      </trkpt>
      <trkpt lat="43.388968" lon="-4.372545">
        <ele>5.913378</ele>
        <time>2026-09-18T19:52:08.293Z</time>
      </trkpt>
      <trkpt lat="43.388987" lon="-4.372627">
        <ele>5.708041</ele>
        <time>2026-09-18T19:52:08.970Z</time>
      </trkpt>
      <trkpt lat="43.389072" lon="-4.372775">
        <ele>5.257990</ele>
        <time>2026-09-18T19:52:10.525Z</time>
      </trkpt>
      <trkpt lat="43.389130" lon="-4.372832">
        <ele>5.024003</ele>
        <time>2026-09-18T19:52:11.384Z</time>
      </trkpt>
      <trkpt lat="43.389609" lon="-4.373249">
        <ele>4.349573</ele>
        <time>2026-09-18T19:52:19.289Z</time>
      </trkpt>
      <trkpt lat="43.389741" lon="-4.373499">
        <ele>5.008881</ele>
        <time>2026-09-18T19:52:23.632Z</time>
      </trkpt>
      <trkpt lat="43.389914" lon="-4.374040">
        <ele>6.269930</ele>
        <time>2026-09-18T19:52:33.611Z</time>
      </trkpt>
      <trkpt lat="43.390028" lon="-4.374403">
        <ele>7.113627</ele>
        <time>2026-09-18T19:52:41.608Z</time>
      </trkpt>
      <trkpt lat="43.390204" lon="-4.375000">
        <ele>8.488159</ele>
        <time>2026-09-18T19:52:57.506Z</time>
      </trkpt>
      <trkpt lat="43.390231" lon="-4.375202">
        <ele>8.926359</ele>
        <time>2026-09-18T19:53:03.022Z</time>
      </trkpt>
      <trkpt lat="43.390249" lon="-4.375330">
        <ele>9.344994</ele>
        <time>2026-09-18T19:53:06.641Z</time>
      </trkpt>
      <trkpt lat="43.390254" lon="-4.375585">
        <ele>10.458318</ele>
        <time>2026-09-18T19:53:13.837Z</time>
      </trkpt>
      <trkpt lat="43.390226" lon="-4.375878">
        <ele>11.748093</ele>
        <time>2026-09-18T19:53:22.450Z</time>
      </trkpt>
      <trkpt lat="43.390150" lon="-4.376222">
        <ele>13.317294</ele>
        <time>2026-09-18T19:53:32.975Z</time>
      </trkpt>
      <trkpt lat="43.389541" lon="-4.377973">
        <ele>21.985385</ele>
        <time>2026-09-18T19:54:28.351Z</time>
      </trkpt>
      <trkpt lat="43.389244" lon="-4.378868">
        <ele>26.718217</ele>
        <time>2026-09-18T19:54:57.146Z</time>
      </trkpt>
      <trkpt lat="43.389111" lon="-4.379265">
        <ele>28.821064</ele>
        <time>2026-09-18T19:55:10.495Z</time>
      </trkpt>
      <trkpt lat="43.389014" lon="-4.379443">
        <ele>29.891297</ele>
        <time>2026-09-18T19:55:17.465Z</time>
      </trkpt>
      <trkpt lat="43.388877" lon="-4.379593">
        <ele>31.050178</ele>
        <time>2026-09-18T19:55:25.136Z</time>
      </trkpt>
      <trkpt lat="43.388696" lon="-4.379734">
        <ele>32.468355</ele>
        <time>2026-09-18T19:55:34.355Z</time>
      </trkpt>
      <trkpt lat="43.387735" lon="-4.380390">
        <ele>40.022635</ele>
        <time>2026-09-18T19:56:22.612Z</time>
      </trkpt>
      <trkpt lat="43.387450" lon="-4.380533">
        <ele>42.158862</ele>
        <time>2026-09-18T19:56:36.014Z</time>
      </trkpt>
      <trkpt lat="43.387150" lon="-4.380620">
        <ele>44.317866</ele>
        <time>2026-09-18T19:56:48.785Z</time>
      </trkpt>
      <trkpt lat="43.386850" lon="-4.380678">
        <ele>45.177571</ele>
        <time>2026-09-18T19:57:00.279Z</time>
      </trkpt>
      <trkpt lat="43.386666" lon="-4.380683">
        <ele>45.651062</ele>
        <time>2026-09-18T19:57:06.615Z</time>
      </trkpt>
      <trkpt lat="43.386367" lon="-4.380611">
        <ele>46.432027</ele>
        <time>2026-09-18T19:57:16.031Z</time>
      </trkpt>
      <trkpt lat="43.386117" lon="-4.380589">
        <ele>47.076547</ele>
        <time>2026-09-18T19:57:22.652Z</time>
      </trkpt>
      <trkpt lat="43.386027" lon="-4.380621">
        <ele>47.315706</ele>
        <time>2026-09-18T19:57:24.893Z</time>
      </trkpt>
      <trkpt lat="43.385871" lon="-4.380775">
        <ele>47.809673</ele>
        <time>2026-09-18T19:57:29.036Z</time>
      </trkpt>
      <trkpt lat="43.385805" lon="-4.380935">
        <ele>48.153670</ele>
        <time>2026-09-18T19:57:31.457Z</time>
      </trkpt>
      <trkpt lat="43.385741" lon="-4.381335">
        <ele>48.919497</ele>
        <time>2026-09-18T19:57:35.686Z</time>
      </trkpt>
      <trkpt lat="43.385229" lon="-4.382447">
        <ele>47.402208</ele>
        <time>2026-09-18T19:57:45.533Z</time>
      </trkpt>
      <trkpt lat="43.385109" lon="-4.382879">
        <ele>46.776850</ele>
        <time>2026-09-18T19:57:49.026Z</time>
      </trkpt>
      <trkpt lat="43.385070" lon="-4.383014">
        <ele>46.580412</ele>
        <time>2026-09-18T19:57:50.153Z</time>
      </trkpt>
      <trkpt lat="43.384926" lon="-4.383304">
        <ele>46.105488</ele>
        <time>2026-09-18T19:57:52.965Z</time>
      </trkpt>
      <trkpt lat="43.384716" lon="-4.382871">
        <ele>46.273918</ele>
        <time>2026-09-18T19:57:57.572Z</time>
      </trkpt>
      <trkpt lat="43.384608" lon="-4.382518">
        <ele>47.151106</ele>
        <time>2026-09-18T19:58:01.577Z</time>
      </trkpt>
      <trkpt lat="43.384525" lon="-4.381708">
        <ele>49.024586</ele>
        <time>2026-09-18T19:58:17.815Z</time>
      </trkpt>
      <trkpt lat="43.384414" lon="-4.381132">
        <ele>50.389382</ele>
        <time>2026-09-18T19:58:33.540Z</time>
      </trkpt>
      <trkpt lat="43.384344" lon="-4.381062">
        <ele>50.662081</ele>
        <time>2026-09-18T19:58:36.862Z</time>
      </trkpt>
      <trkpt lat="43.383808" lon="-4.380218">
        <ele>54.116174</ele>
        <time>2026-09-18T19:59:10.346Z</time>
      </trkpt>
      <trkpt lat="43.383602" lon="-4.380021">
        <ele>55.288810</ele>
        <time>2026-09-18T19:59:20.564Z</time>
      </trkpt>
      <trkpt lat="43.383474" lon="-4.379932">
        <ele>55.959178</ele>
        <time>2026-09-18T19:59:26.212Z</time>
      </trkpt>
      <trkpt lat="43.383264" lon="-4.379870">
        <ele>56.963127</ele>
        <time>2026-09-18T19:59:33.892Z</time>
      </trkpt>
      <trkpt lat="43.382757" lon="-4.379864">
        <ele>59.333095</ele>
        <time>2026-09-18T19:59:48.229Z</time>
      </trkpt>
      <trkpt lat="43.382427" lon="-4.379788">
        <ele>59.746414</ele>
        <time>2026-09-18T19:59:54.576Z</time>
      </trkpt>
      <trkpt lat="43.382052" lon="-4.379452">
        <ele>59.642166</ele>
        <time>2026-09-18T20:00:00.160Z</time>
      </trkpt>
      <trkpt lat="43.381618" lon="-4.379190">
        <ele>59.531760</ele>
        <time>2026-09-18T20:00:05.419Z</time>
      </trkpt>
      <trkpt lat="43.381422" lon="-4.379024">
        <ele>59.478144</ele>
        <time>2026-09-18T20:00:08.014Z</time>
      </trkpt>
      <trkpt lat="43.381093" lon="-4.378497">
        <ele>59.682975</ele>
        <time>2026-09-18T20:00:14.413Z</time>
      </trkpt>
      <trkpt lat="43.380440" lon="-4.377828">
        <ele>62.335807</ele>
        <time>2026-09-18T20:00:33.803Z</time>
      </trkpt>
      <trkpt lat="43.380200" lon="-4.377496">
        <ele>63.444756</ele>
        <time>2026-09-18T20:00:45.584Z</time>
      </trkpt>
      <trkpt lat="43.380007" lon="-4.377101">
        <ele>64.571957</ele>
        <time>2026-09-18T20:00:58.798Z</time>
      </trkpt>
      <trkpt lat="43.379793" lon="-4.376487">
        <ele>66.207933</ele>
        <time>2026-09-18T20:01:17.366Z</time>
      </trkpt>
      <trkpt lat="43.379673" lon="-4.376036">
        <ele>67.373497</ele>
        <time>2026-09-18T20:01:28.963Z</time>
      </trkpt>
      <trkpt lat="43.379631" lon="-4.375727">
        <ele>68.136407</ele>
        <time>2026-09-18T20:01:35.487Z</time>
      </trkpt>
      <trkpt lat="43.379583" lon="-4.375566">
        <ele>68.558731</ele>
        <time>2026-09-18T20:01:38.867Z</time>
      </trkpt>
      <trkpt lat="43.379402" lon="-4.375330">
        <ele>69.391379</ele>
        <time>2026-09-18T20:01:45.057Z</time>
      </trkpt>
      <trkpt lat="43.379269" lon="-4.375042">
        <ele>70.219479</ele>
        <time>2026-09-18T20:01:50.522Z</time>
      </trkpt>
      <trkpt lat="43.378918" lon="-4.374610">
        <ele>71.658074</ele>
        <time>2026-09-18T20:01:59.465Z</time>
      </trkpt>
      <trkpt lat="43.378118" lon="-4.373527">
        <ele>74.482076</ele>
        <time>2026-09-18T20:02:26.964Z</time>
      </trkpt>
      <trkpt lat="43.378073" lon="-4.373496">
        <ele>74.608706</ele>
        <time>2026-09-18T20:02:28.655Z</time>
      </trkpt>
      <trkpt lat="43.378089" lon="-4.373323">
        <ele>74.927651</ele>
        <time>2026-09-18T20:02:32.930Z</time>
      </trkpt>
      <trkpt lat="43.378075" lon="-4.373103">
        <ele>75.331542</ele>
        <time>2026-09-18T20:02:38.078Z</time>
      </trkpt>
      <trkpt lat="43.377800" lon="-4.372274">
        <ele>75.282042</ele>
        <time>2026-09-18T20:02:55.272Z</time>
      </trkpt>
      <trkpt lat="43.377801" lon="-4.371886">
        <ele>74.996606</ele>
        <time>2026-09-18T20:03:00.053Z</time>
      </trkpt>
      <trkpt lat="43.377954" lon="-4.370818">
        <ele>74.195814</ele>
        <time>2026-09-18T20:03:08.080Z</time>
      </trkpt>
      <trkpt lat="43.378020" lon="-4.370565">
        <ele>73.998070</ele>
        <time>2026-09-18T20:03:09.904Z</time>
      </trkpt>
      <trkpt lat="43.377929" lon="-4.369999">
        <ele>74.077293</ele>
        <time>2026-09-18T20:03:13.969Z</time>
      </trkpt>
      <trkpt lat="43.377974" lon="-4.369597">
        <ele>74.173919</ele>
        <time>2026-09-18T20:03:17.171Z</time>
      </trkpt>
      <trkpt lat="43.377972" lon="-4.369428">
        <ele>74.214073</ele>
        <time>2026-09-18T20:03:18.698Z</time>
      </trkpt>
      <trkpt lat="43.377885" lon="-4.369023">
        <ele>74.314400</ele>
        <time>2026-09-18T20:03:23.863Z</time>
      </trkpt>
      <trkpt lat="43.377656" lon="-4.368889">
        <ele>74.395736</ele>
        <time>2026-09-18T20:03:31.341Z</time>
      </trkpt>
      <trkpt lat="43.377196" lon="-4.368858">
        <ele>74.588389</ele>
        <time>2026-09-18T20:03:48.829Z</time>
      </trkpt>
      <trkpt lat="43.377097" lon="-4.368827">
        <ele>74.930226</ele>
        <time>2026-09-18T20:03:53.238Z</time>
      </trkpt>
      <trkpt lat="43.376941" lon="-4.368743">
        <ele>75.494239</ele>
        <time>2026-09-18T20:04:00.429Z</time>
      </trkpt>
      <trkpt lat="43.376623" lon="-4.368420">
        <ele>76.825049</ele>
        <time>2026-09-18T20:04:16.339Z</time>
      </trkpt>
      <trkpt lat="43.376398" lon="-4.368245">
        <ele>77.695251</ele>
        <time>2026-09-18T20:04:25.942Z</time>
      </trkpt>
      <trkpt lat="43.375135" lon="-4.367858">
        <ele>80.778356</ele>
        <time>2026-09-18T20:05:03.037Z</time>
      </trkpt>
      <trkpt lat="43.374444" lon="-4.367780">
        <ele>81.068813</ele>
        <time>2026-09-18T20:05:18.369Z</time>
      </trkpt>
      <trkpt lat="43.374387" lon="-4.367556">
        <ele>81.141083</ele>
        <time>2026-09-18T20:05:21.758Z</time>
      </trkpt>
      <trkpt lat="43.374248" lon="-4.367390">
        <ele>81.218195</ele>
        <time>2026-09-18T20:05:25.189Z</time>
      </trkpt>
      <trkpt lat="43.374263" lon="-4.367331">
        <ele>81.237229</ele>
        <time>2026-09-18T20:05:25.777Z</time>
      </trkpt>
      <trkpt lat="43.373817" lon="-4.366685">
        <ele>80.665786</ele>
        <time>2026-09-18T20:05:36.876Z</time>
      </trkpt>
      <trkpt lat="43.373700" lon="-4.366566">
        <ele>80.400846</ele>
        <time>2026-09-18T20:05:39.236Z</time>
      </trkpt>
      <trkpt lat="43.373476" lon="-4.366406">
        <ele>79.941274</ele>
        <time>2026-09-18T20:05:43.287Z</time>
      </trkpt>
      <trkpt lat="43.372799" lon="-4.366344">
        <ele>78.705826</ele>
        <time>2026-09-18T20:05:53.801Z</time>
      </trkpt>
      <trkpt lat="43.372655" lon="-4.366285">
        <ele>78.432241</ele>
        <time>2026-09-18T20:05:56.093Z</time>
      </trkpt>
      <trkpt lat="43.372547" lon="-4.366138">
        <ele>78.155603</ele>
        <time>2026-09-18T20:05:58.440Z</time>
      </trkpt>
      <trkpt lat="43.372348" lon="-4.365666">
        <ele>76.987084</ele>
        <time>2026-09-18T20:06:04.640Z</time>
      </trkpt>
      <trkpt lat="43.372245" lon="-4.365491">
        <ele>76.482001</ele>
        <time>2026-09-18T20:06:07.101Z</time>
      </trkpt>
      <trkpt lat="43.372127" lon="-4.365397">
        <ele>76.061234</ele>
        <time>2026-09-18T20:06:09.113Z</time>
      </trkpt>
      <trkpt lat="43.371904" lon="-4.365327">
        <ele>75.355414</ele>
        <time>2026-09-18T20:06:12.446Z</time>
      </trkpt>
      <trkpt lat="43.371516" lon="-4.365363">
        <ele>74.155403</ele>
        <time>2026-09-18T20:06:18.066Z</time>
      </trkpt>
      <trkpt lat="43.371352" lon="-4.365147">
        <ele>73.454788</ele>
        <time>2026-09-18T20:06:21.312Z</time>
      </trkpt>
      <trkpt lat="43.371065" lon="-4.364903">
        <ele>72.454926</ele>
        <time>2026-09-18T20:06:26.130Z</time>
      </trkpt>
      <trkpt lat="43.370874" lon="-4.364857">
        <ele>72.077096</ele>
        <time>2026-09-18T20:06:28.880Z</time>
      </trkpt>
      <trkpt lat="43.370584" lon="-4.365003">
        <ele>71.475370</ele>
        <time>2026-09-18T20:06:33.198Z</time>
      </trkpt>
      <trkpt lat="43.370078" lon="-4.365351">
        <ele>70.373062</ele>
        <time>2026-09-18T20:06:41.586Z</time>
      </trkpt>
      <trkpt lat="43.370071" lon="-4.365387">
        <ele>70.320277</ele>
        <time>2026-09-18T20:06:42.008Z</time>
      </trkpt>
      <trkpt lat="43.370090" lon="-4.365459">
        <ele>70.211781</ele>
        <time>2026-09-18T20:06:42.721Z</time>
      </trkpt>
      <trkpt lat="43.370068" lon="-4.365525">
        <ele>70.108935</ele>
        <time>2026-09-18T20:06:43.361Z</time>
      </trkpt>
      <trkpt lat="43.370022" lon="-4.365543">
        <ele>70.015747</ele>
        <time>2026-09-18T20:06:43.905Z</time>
      </trkpt>
      <trkpt lat="43.369745" lon="-4.365381">
        <ele>69.429252</ele>
        <time>2026-09-18T20:06:48.065Z</time>
      </trkpt>
      <trkpt lat="43.369475" lon="-4.365282">
        <ele>69.124581</ele>
        <time>2026-09-18T20:06:52.932Z</time>
      </trkpt>
      <trkpt lat="43.369105" lon="-4.365236">
        <ele>69.676205</ele>
        <time>2026-09-18T20:07:00.595Z</time>
      </trkpt>
      <trkpt lat="43.368720" lon="-4.365247">
        <ele>70.247985</ele>
        <time>2026-09-18T20:07:09.770Z</time>
      </trkpt>
      <trkpt lat="43.368249" lon="-4.365264">
        <ele>70.947578</ele>
        <time>2026-09-18T20:07:21.071Z</time>
      </trkpt>
      <trkpt lat="43.368057" lon="-4.365221">
        <ele>71.236418</ele>
        <time>2026-09-18T20:07:25.273Z</time>
      </trkpt>
      <trkpt lat="43.367857" lon="-4.365156">
        <ele>71.541558</ele>
        <time>2026-09-18T20:07:29.453Z</time>
      </trkpt>
      <trkpt lat="43.367680" lon="-4.365029">
        <ele>71.698244</ele>
        <time>2026-09-18T20:07:33.242Z</time>
      </trkpt>
      <trkpt lat="43.367397" lon="-4.364700">
        <ele>71.723421</ele>
        <time>2026-09-18T20:07:39.708Z</time>
      </trkpt>
      <trkpt lat="43.366898" lon="-4.363776">
        <ele>71.780279</ele>
        <time>2026-09-18T20:07:53.454Z</time>
      </trkpt>
      <trkpt lat="43.366799" lon="-4.363600">
        <ele>71.791271</ele>
        <time>2026-09-18T20:07:55.804Z</time>
      </trkpt>
      <trkpt lat="43.366276" lon="-4.362815">
        <ele>69.988524</ele>
        <time>2026-09-18T20:08:04.823Z</time>
      </trkpt>
      <trkpt lat="43.365875" lon="-4.362360">
        <ele>67.847480</ele>
        <time>2026-09-18T20:08:09.938Z</time>
      </trkpt>
      <trkpt lat="43.365589" lon="-4.362079">
        <ele>66.399863</ele>
        <time>2026-09-18T20:08:13.193Z</time>
      </trkpt>
      <trkpt lat="43.364321" lon="-4.361098">
        <ele>60.974915</ele>
        <time>2026-09-18T20:08:26.447Z</time>
      </trkpt>
      <trkpt lat="43.363943" lon="-4.360775">
        <ele>59.402053</ele>
        <time>2026-09-18T20:08:31.194Z</time>
      </trkpt>
      <trkpt lat="43.363691" lon="-4.360475">
        <ele>58.224084</ele>
        <time>2026-09-18T20:08:35.810Z</time>
      </trkpt>
      <trkpt lat="43.362991" lon="-4.359529">
        <ele>60.754065</ele>
        <time>2026-09-18T20:09:00.607Z</time>
      </trkpt>
      <trkpt lat="43.362647" lon="-4.359200">
        <ele>61.971100</ele>
        <time>2026-09-18T20:09:13.541Z</time>
      </trkpt>
      <trkpt lat="43.362192" lon="-4.358876">
        <ele>63.545437</ele>
        <time>2026-09-18T20:09:29.671Z</time>
      </trkpt>
      <trkpt lat="43.359344" lon="-4.356845">
        <ele>76.973392</ele>
        <time>2026-09-18T20:11:11.812Z</time>
      </trkpt>
      <trkpt lat="43.357398" lon="-4.355837">
        <ele>85.941680</ele>
        <time>2026-09-18T20:12:12.890Z</time>
      </trkpt>
      <trkpt lat="43.357182" lon="-4.355689">
        <ele>87.564782</ele>
        <time>2026-09-18T20:12:24.489Z</time>
      </trkpt>
      <trkpt lat="43.357018" lon="-4.355519">
        <ele>89.055485</ele>
        <time>2026-09-18T20:12:34.943Z</time>
      </trkpt>
      <trkpt lat="43.356809" lon="-4.355266">
        <ele>91.076522</ele>
        <time>2026-09-18T20:12:49.178Z</time>
      </trkpt>
      <trkpt lat="43.356538" lon="-4.354876">
        <ele>93.923719</ele>
        <time>2026-09-18T20:13:09.424Z</time>
      </trkpt>
      <trkpt lat="43.356355" lon="-4.354669">
        <ele>95.643651</ele>
        <time>2026-09-18T20:13:21.457Z</time>
      </trkpt>
      <trkpt lat="43.356215" lon="-4.354558">
        <ele>96.816662</ele>
        <time>2026-09-18T20:13:29.108Z</time>
      </trkpt>
      <trkpt lat="43.355907" lon="-4.354417">
        <ele>99.172987</ele>
        <time>2026-09-18T20:13:42.029Z</time>
      </trkpt>
      <trkpt lat="43.355471" lon="-4.354300">
        <ele>99.855526</ele>
        <time>2026-09-18T20:13:55.382Z</time>
      </trkpt>
      <trkpt lat="43.354735" lon="-4.354039">
        <ele>101.000327</ele>
        <time>2026-09-18T20:14:08.807Z</time>
      </trkpt>
      <trkpt lat="43.354698" lon="-4.354022">
        <ele>101.059084</ele>
        <time>2026-09-18T20:14:09.355Z</time>
      </trkpt>
      <trkpt lat="43.354079" lon="-4.353707">
        <ele>101.777694</ele>
        <time>2026-09-18T20:14:18.088Z</time>
      </trkpt>
      <trkpt lat="43.352820" lon="-4.353038">
        <ele>100.177246</ele>
        <time>2026-09-18T20:14:34.297Z</time>
      </trkpt>
      <trkpt lat="43.352572" lon="-4.352801">
        <ele>99.819146</ele>
        <time>2026-09-18T20:14:37.781Z</time>
      </trkpt>
      <trkpt lat="43.352492" lon="-4.352682">
        <ele>99.524024</ele>
        <time>2026-09-18T20:14:39.100Z</time>
      </trkpt>
      <trkpt lat="43.352333" lon="-4.352249">
        <ele>98.357514</ele>
        <time>2026-09-18T20:14:42.929Z</time>
      </trkpt>
      <trkpt lat="43.352296" lon="-4.351988">
        <ele>97.718050</ele>
        <time>2026-09-18T20:14:44.974Z</time>
      </trkpt>
      <trkpt lat="43.352338" lon="-4.351505">
        <ele>96.548265</ele>
        <time>2026-09-18T20:14:48.611Z</time>
      </trkpt>
      <trkpt lat="43.352803" lon="-4.349505">
        <ele>90.772568</ele>
        <time>2026-09-18T20:15:03.258Z</time>
      </trkpt>
      <trkpt lat="43.352936" lon="-4.348743">
        <ele>88.297904</ele>
        <time>2026-09-18T20:15:08.663Z</time>
      </trkpt>
      <trkpt lat="43.352961" lon="-4.348506">
        <ele>87.541651</ele>
        <time>2026-09-18T20:15:10.352Z</time>
      </trkpt>
      <trkpt lat="43.352961" lon="-4.347818">
        <ele>85.457999</ele>
        <time>2026-09-18T20:15:15.237Z</time>
      </trkpt>
      <trkpt lat="43.352875" lon="-4.347186">
        <ele>83.710930</ele>
        <time>2026-09-18T20:15:20.005Z</time>
      </trkpt>
      <trkpt lat="43.352725" lon="-4.346609">
        <ele>82.045927</ele>
        <time>2026-09-18T20:15:24.633Z</time>
      </trkpt>
      <trkpt lat="43.352449" lon="-4.345896">
        <ele>79.851145</ele>
        <time>2026-09-18T20:15:30.535Z</time>
      </trkpt>
      <trkpt lat="43.351179" lon="-4.342692">
        <ele>63.892904</ele>
        <time>2026-09-18T20:15:54.895Z</time>
      </trkpt>
      <trkpt lat="43.351097" lon="-4.342409">
        <ele>62.316982</ele>
        <time>2026-09-18T20:15:56.860Z</time>
      </trkpt>
      <trkpt lat="43.351022" lon="-4.342037">
        <ele>60.320002</ele>
        <time>2026-09-18T20:15:59.343Z</time>
      </trkpt>
      <trkpt lat="43.350904" lon="-4.341025">
        <ele>55.130660</ele>
        <time>2026-09-18T20:16:05.914Z</time>
      </trkpt>
      <trkpt lat="43.350860" lon="-4.340824">
        <ele>54.157725</ele>
        <time>2026-09-18T20:16:07.268Z</time>
      </trkpt>
      <trkpt lat="43.350771" lon="-4.340560">
        <ele>52.808978</ele>
        <time>2026-09-18T20:16:09.157Z</time>
      </trkpt>
      <trkpt lat="43.350617" lon="-4.340306">
        <ele>51.276145</ele>
        <time>2026-09-18T20:16:11.312Z</time>
      </trkpt>
      <trkpt lat="43.350420" lon="-4.340120">
        <ele>49.752987</ele>
        <time>2026-09-18T20:16:13.475Z</time>
      </trkpt>
      <trkpt lat="43.350171" lon="-4.340004">
        <ele>48.077243</ele>
        <time>2026-09-18T20:16:15.869Z</time>
      </trkpt>
      <trkpt lat="43.349352" lon="-4.339869">
        <ele>43.807279</ele>
        <time>2026-09-18T20:16:23.667Z</time>
      </trkpt>
      <trkpt lat="43.349114" lon="-4.339797">
        <ele>43.098321</ele>
        <time>2026-09-18T20:16:26.091Z</time>
      </trkpt>
      <trkpt lat="43.348860" lon="-4.339659">
        <ele>42.303789</ele>
        <time>2026-09-18T20:16:28.865Z</time>
      </trkpt>
      <trkpt lat="43.348476" lon="-4.339373">
        <ele>41.033309</ele>
        <time>2026-09-18T20:16:33.419Z</time>
      </trkpt>
      <trkpt lat="43.348078" lon="-4.339070">
        <ele>39.709828</ele>
        <time>2026-09-18T20:16:38.345Z</time>
      </trkpt>
      <trkpt lat="43.347519" lon="-4.338633">
        <ele>39.645052</ele>
        <time>2026-09-18T20:16:46.888Z</time>
      </trkpt>
      <trkpt lat="43.347280" lon="-4.338522">
        <ele>39.758121</ele>
        <time>2026-09-18T20:16:50.880Z</time>
      </trkpt>
      <trkpt lat="43.347097" lon="-4.338479">
        <ele>39.841333</ele>
        <time>2026-09-18T20:16:54.042Z</time>
      </trkpt>
      <trkpt lat="43.347051" lon="-4.338499">
        <ele>39.862958</ele>
        <time>2026-09-18T20:16:54.856Z</time>
      </trkpt>
      <trkpt lat="43.346884" lon="-4.338769">
        <ele>39.978491</ele>
        <time>2026-09-18T20:16:59.668Z</time>
      </trkpt>
      <trkpt lat="43.346800" lon="-4.338939">
        <ele>40.045483</ele>
        <time>2026-09-18T20:17:02.671Z</time>
      </trkpt>
      <trkpt lat="43.346647" lon="-4.339131">
        <ele>40.138324</ele>
        <time>2026-09-18T20:17:07.064Z</time>
      </trkpt>
      <trkpt lat="43.345191" lon="-4.340230">
        <ele>43.082447</ele>
        <time>2026-09-18T20:17:45.040Z</time>
      </trkpt>
      <trkpt lat="43.344263" lon="-4.340938">
        <ele>45.302372</ele>
        <time>2026-09-18T20:18:08.591Z</time>
      </trkpt>
      <trkpt lat="43.344029" lon="-4.341138">
        <ele>45.897816</ele>
        <time>2026-09-18T20:18:15.047Z</time>
      </trkpt>
      <trkpt lat="43.342879" lon="-4.342118">
        <ele>49.007925</ele>
        <time>2026-09-18T20:18:48.333Z</time>
      </trkpt>
      <trkpt lat="43.342637" lon="-4.342276">
        <ele>49.670981</ele>
        <time>2026-09-18T20:18:54.510Z</time>
      </trkpt>
      <trkpt lat="43.341779" lon="-4.342735">
        <ele>51.949647</ele>
        <time>2026-09-18T20:19:16.243Z</time>
      </trkpt>
      <trkpt lat="43.341604" lon="-4.342860">
        <ele>52.795805</ele>
        <time>2026-09-18T20:19:21.805Z</time>
      </trkpt>
      <trkpt lat="43.341354" lon="-4.343127">
        <ele>54.208185</ele>
        <time>2026-09-18T20:19:32.046Z</time>
      </trkpt>
      <trkpt lat="43.341164" lon="-4.343459">
        <ele>55.579040</ele>
        <time>2026-09-18T20:19:42.458Z</time>
      </trkpt>
      <trkpt lat="43.341048" lon="-4.343787">
        <ele>56.762543</ele>
        <time>2026-09-18T20:19:51.754Z</time>
      </trkpt>
      <trkpt lat="43.340978" lon="-4.344140">
        <ele>57.949818</ele>
        <time>2026-09-18T20:20:01.471Z</time>
      </trkpt>
      <trkpt lat="43.340946" lon="-4.344188">
        <ele>58.161112</ele>
        <time>2026-09-18T20:20:03.213Z</time>
      </trkpt>
      <trkpt lat="43.340886" lon="-4.344258">
        <ele>58.512196</ele>
        <time>2026-09-18T20:20:06.097Z</time>
      </trkpt>
      <trkpt lat="43.340794" lon="-4.344310">
        <ele>58.956003</ele>
        <time>2026-09-18T20:20:09.700Z</time>
      </trkpt>
      <trkpt lat="43.340665" lon="-4.344286">
        <ele>59.536811</ele>
        <time>2026-09-18T20:20:14.386Z</time>
      </trkpt>
      <trkpt lat="43.340482" lon="-4.344226">
        <ele>60.218343</ele>
        <time>2026-09-18T20:20:20.969Z</time>
      </trkpt>
      <trkpt lat="43.340239" lon="-4.344250">
        <ele>60.828039</ele>
        <time>2026-09-18T20:20:29.032Z</time>
      </trkpt>
      <trkpt lat="43.339992" lon="-4.344278">
        <ele>61.448276</ele>
        <time>2026-09-18T20:20:36.428Z</time>
      </trkpt>
      <trkpt lat="43.339854" lon="-4.344248">
        <ele>61.797924</ele>
        <time>2026-09-18T20:20:40.116Z</time>
      </trkpt>
      <trkpt lat="43.339709" lon="-4.344150">
        <ele>62.202270</ele>
        <time>2026-09-18T20:20:43.938Z</time>
      </trkpt>
      <trkpt lat="43.339312" lon="-4.343715">
        <ele>63.472695</ele>
        <time>2026-09-18T20:20:54.750Z</time>
      </trkpt>
      <trkpt lat="43.339127" lon="-4.343592">
        <ele>63.986962</ele>
        <time>2026-09-18T20:20:58.723Z</time>
      </trkpt>
      <trkpt lat="43.338985" lon="-4.343584">
        <ele>64.342628</ele>
        <time>2026-09-18T20:21:01.291Z</time>
      </trkpt>
      <trkpt lat="43.338844" lon="-4.343605">
        <ele>64.586064</ele>
        <time>2026-09-18T20:21:03.730Z</time>
      </trkpt>
      <trkpt lat="43.338685" lon="-4.343717">
        <ele>64.755594</ele>
        <time>2026-09-18T20:21:06.768Z</time>
      </trkpt>
      <trkpt lat="43.337927" lon="-4.344577">
        <ele>65.688165</ele>
        <time>2026-09-18T20:21:22.366Z</time>
      </trkpt>
      <trkpt lat="43.337738" lon="-4.344830">
        <ele>65.938479</ele>
        <time>2026-09-18T20:21:26.858Z</time>
      </trkpt>
      <trkpt lat="43.337291" lon="-4.345708">
        <ele>68.476710</ele>
        <time>2026-09-18T20:21:45.758Z</time>
      </trkpt>
      <trkpt lat="43.337132" lon="-4.345881">
        <ele>69.432376</ele>
        <time>2026-09-18T20:21:52.020Z</time>
      </trkpt>
      <trkpt lat="43.336946" lon="-4.346040">
        <ele>70.464657</ele>
        <time>2026-09-18T20:21:59.519Z</time>
      </trkpt>
      <trkpt lat="43.336802" lon="-4.346239">
        <ele>71.426946</ele>
        <time>2026-09-18T20:22:07.208Z</time>
      </trkpt>
      <trkpt lat="43.336534" lon="-4.346711">
        <ele>73.479642</ele>
        <time>2026-09-18T20:22:25.548Z</time>
      </trkpt>
      <trkpt lat="43.336215" lon="-4.347078">
        <ele>74.958557</ele>
        <time>2026-09-18T20:22:44.054Z</time>
      </trkpt>
      <trkpt lat="43.336135" lon="-4.347218">
        <ele>75.170657</ele>
        <time>2026-09-18T20:22:49.377Z</time>
      </trkpt>
      <trkpt lat="43.335945" lon="-4.347729">
        <ele>75.854351</ele>
        <time>2026-09-18T20:23:03.248Z</time>
      </trkpt>
      <trkpt lat="43.335764" lon="-4.348036">
        <ele>76.325148</ele>
        <time>2026-09-18T20:23:09.995Z</time>
      </trkpt>
      <trkpt lat="43.335624" lon="-4.348133">
        <ele>76.581927</ele>
        <time>2026-09-18T20:23:12.663Z</time>
      </trkpt>
      <trkpt lat="43.335391" lon="-4.348223">
        <ele>76.978334</ele>
        <time>2026-09-18T20:23:15.751Z</time>
      </trkpt>
      <trkpt lat="43.335178" lon="-4.348208">
        <ele>77.327665</ele>
        <time>2026-09-18T20:23:18.071Z</time>
      </trkpt>
      <trkpt lat="43.335067" lon="-4.348129">
        <ele>77.532388</ele>
        <time>2026-09-18T20:23:19.344Z</time>
      </trkpt>
      <trkpt lat="43.334665" lon="-4.347690">
        <ele>75.600047</ele>
        <time>2026-09-18T20:23:24.238Z</time>
      </trkpt>
      <trkpt lat="43.334455" lon="-4.347626">
        <ele>74.605035</ele>
        <time>2026-09-18T20:23:26.224Z</time>
      </trkpt>
      <trkpt lat="43.334218" lon="-4.347736">
        <ele>73.447917</ele>
        <time>2026-09-18T20:23:28.531Z</time>
      </trkpt>
      <trkpt lat="43.334049" lon="-4.347734">
        <ele>72.666118</ele>
        <time>2026-09-18T20:23:30.102Z</time>
      </trkpt>
      <trkpt lat="43.333734" lon="-4.347505">
        <ele>71.017794</ele>
        <time>2026-09-18T20:23:33.476Z</time>
      </trkpt>
      <trkpt lat="43.333543" lon="-4.347272">
        <ele>69.836581</ele>
        <time>2026-09-18T20:23:35.946Z</time>
      </trkpt>
      <trkpt lat="43.333446" lon="-4.347201">
        <ele>69.328240</ele>
        <time>2026-09-18T20:23:37.009Z</time>
      </trkpt>
      <trkpt lat="43.333303" lon="-4.347199">
        <ele>68.603078</ele>
        <time>2026-09-18T20:23:38.383Z</time>
      </trkpt>
      <trkpt lat="43.333122" lon="-4.347320">
        <ele>67.582453</ele>
        <time>2026-09-18T20:23:40.319Z</time>
      </trkpt>
      <trkpt lat="43.333003" lon="-4.347335">
        <ele>66.976464</ele>
        <time>2026-09-18T20:23:41.464Z</time>
      </trkpt>
      <trkpt lat="43.332598" lon="-4.347194">
        <ele>64.857847</ele>
        <time>2026-09-18T20:23:45.450Z</time>
      </trkpt>
      <trkpt lat="43.332412" lon="-4.347188">
        <ele>63.914366</ele>
        <time>2026-09-18T20:23:47.202Z</time>
      </trkpt>
      <trkpt lat="43.332059" lon="-4.347240">
        <ele>62.114029</ele>
        <time>2026-09-18T20:23:50.533Z</time>
      </trkpt>
      <trkpt lat="43.331755" lon="-4.347191">
        <ele>60.561861</ele>
        <time>2026-09-18T20:23:53.352Z</time>
      </trkpt>
      <trkpt lat="43.331662" lon="-4.347208">
        <ele>60.042341</ele>
        <time>2026-09-18T20:23:54.219Z</time>
      </trkpt>
      <trkpt lat="43.331488" lon="-4.347318">
        <ele>58.718931</ele>
        <time>2026-09-18T20:23:55.971Z</time>
      </trkpt>
      <trkpt lat="43.331241" lon="-4.347572">
        <ele>56.587441</ele>
        <time>2026-09-18T20:23:58.782Z</time>
      </trkpt>
      <trkpt lat="43.331023" lon="-4.347873">
        <ele>54.452402</ele>
        <time>2026-09-18T20:24:01.542Z</time>
      </trkpt>
      <trkpt lat="43.330904" lon="-4.348173">
        <ele>52.734814</ele>
        <time>2026-09-18T20:24:03.732Z</time>
      </trkpt>
      <trkpt lat="43.330831" lon="-4.348780">
        <ele>49.642307</ele>
        <time>2026-09-18T20:24:07.703Z</time>
      </trkpt>
      <trkpt lat="43.330796" lon="-4.348893">
        <ele>49.024964</ele>
        <time>2026-09-18T20:24:08.499Z</time>
      </trkpt>
      <trkpt lat="43.330684" lon="-4.349062">
        <ele>47.875788</ele>
        <time>2026-09-18T20:24:09.982Z</time>
      </trkpt>
      <trkpt lat="43.330443" lon="-4.349328">
        <ele>46.618159</ele>
        <time>2026-09-18T20:24:12.793Z</time>
      </trkpt>
      <trkpt lat="43.330148" lon="-4.349555">
        <ele>45.288698</ele>
        <time>2026-09-18T20:24:15.941Z</time>
      </trkpt>
      <trkpt lat="43.330031" lon="-4.349636">
        <ele>44.773544</ele>
        <time>2026-09-18T20:24:17.170Z</time>
      </trkpt>
      <trkpt lat="43.329971" lon="-4.349655">
        <ele>44.531414</ele>
        <time>2026-09-18T20:24:17.749Z</time>
      </trkpt>
      <trkpt lat="43.329886" lon="-4.349714">
        <ele>44.156959</ele>
        <time>2026-09-18T20:24:18.650Z</time>
      </trkpt>
      <trkpt lat="43.329498" lon="-4.349936">
        <ele>42.504262</ele>
        <time>2026-09-18T20:24:22.818Z</time>
      </trkpt>
      <trkpt lat="43.329420" lon="-4.350046">
        <ele>42.064829</ele>
        <time>2026-09-18T20:24:24.074Z</time>
      </trkpt>
      <trkpt lat="43.329366" lon="-4.350177">
        <ele>41.634104</ele>
        <time>2026-09-18T20:24:25.390Z</time>
      </trkpt>
      <trkpt lat="43.329352" lon="-4.350195">
        <ele>41.558723</ele>
        <time>2026-09-18T20:24:25.648Z</time>
      </trkpt>
      <trkpt lat="43.329304" lon="-4.350330">
        <ele>41.128878</ele>
        <time>2026-09-18T20:24:27.103Z</time>
      </trkpt>
      <trkpt lat="43.329135" lon="-4.350835">
        <ele>41.202961</ele>
        <time>2026-09-18T20:24:32.559Z</time>
      </trkpt>
      <trkpt lat="43.329092" lon="-4.351079">
        <ele>41.509975</ele>
        <time>2026-09-18T20:24:35.677Z</time>
      </trkpt>
      <trkpt lat="43.329041" lon="-4.351493">
        <ele>42.023456</ele>
        <time>2026-09-18T20:24:42.521Z</time>
      </trkpt>
      <trkpt lat="43.329012" lon="-4.351683">
        <ele>42.260863</ele>
        <time>2026-09-18T20:24:46.005Z</time>
      </trkpt>
      <trkpt lat="43.328965" lon="-4.351821">
        <ele>42.447202</ele>
        <time>2026-09-18T20:24:48.846Z</time>
      </trkpt>
      <trkpt lat="43.328902" lon="-4.351898">
        <ele>42.588918</ele>
        <time>2026-09-18T20:24:51.122Z</time>
      </trkpt>
      <trkpt lat="43.328839" lon="-4.351920">
        <ele>42.698191</ele>
        <time>2026-09-18T20:24:52.855Z</time>
      </trkpt>
      <trkpt lat="43.328672" lon="-4.351905">
        <ele>42.979535</ele>
        <time>2026-09-18T20:24:57.646Z</time>
      </trkpt>
      <trkpt lat="43.328210" lon="-4.351853">
        <ele>43.747803</ele>
        <time>2026-09-18T20:25:10.876Z</time>
      </trkpt>
      <trkpt lat="43.327647" lon="-4.351691">
        <ele>44.366090</ele>
        <time>2026-09-18T20:25:23.684Z</time>
      </trkpt>
      <trkpt lat="43.327358" lon="-4.351538">
        <ele>44.698979</ele>
        <time>2026-09-18T20:25:30.533Z</time>
      </trkpt>
      <trkpt lat="43.327117" lon="-4.351290">
        <ele>45.022573</ele>
        <time>2026-09-18T20:25:35.334Z</time>
      </trkpt>
      <trkpt lat="43.326784" lon="-4.350874">
        <ele>45.506242</ele>
        <time>2026-09-18T20:25:41.239Z</time>
      </trkpt>
      <trkpt lat="43.326685" lon="-4.350807">
        <ele>45.624854</ele>
        <time>2026-09-18T20:25:42.631Z</time>
      </trkpt>
      <trkpt lat="43.326029" lon="-4.350492">
        <ele>47.293739</ele>
        <time>2026-09-18T20:25:53.230Z</time>
      </trkpt>
      <trkpt lat="43.325721" lon="-4.350402">
        <ele>48.071653</ele>
        <time>2026-09-18T20:26:00.136Z</time>
      </trkpt>
      <trkpt lat="43.325415" lon="-4.350367">
        <ele>48.830237</ele>
        <time>2026-09-18T20:26:08.626Z</time>
      </trkpt>
      <trkpt lat="43.325203" lon="-4.350445">
        <ele>49.372418</ele>
        <time>2026-09-18T20:26:15.494Z</time>
      </trkpt>
      <trkpt lat="43.325055" lon="-4.350611">
        <ele>49.844322</ele>
        <time>2026-09-18T20:26:22.045Z</time>
      </trkpt>
      <trkpt lat="43.324981" lon="-4.350777">
        <ele>50.349539</ele>
        <time>2026-09-18T20:26:27.303Z</time>
      </trkpt>
      <trkpt lat="43.324936" lon="-4.350999">
        <ele>51.486416</ele>
        <time>2026-09-18T20:26:33.919Z</time>
      </trkpt>
      <trkpt lat="43.324833" lon="-4.352075">
        <ele>56.840242</ele>
        <time>2026-09-18T20:27:10.138Z</time>
      </trkpt>
      <trkpt lat="43.324785" lon="-4.352249">
        <ele>57.758254</ele>
        <time>2026-09-18T20:27:16.978Z</time>
      </trkpt>
      <trkpt lat="43.324714" lon="-4.352332">
        <ele>58.390282</ele>
        <time>2026-09-18T20:27:21.517Z</time>
      </trkpt>
      <trkpt lat="43.324436" lon="-4.352526">
        <ele>60.504471</ele>
        <time>2026-09-18T20:27:36.043Z</time>
      </trkpt>
      <trkpt lat="43.324488" lon="-4.353223">
        <ele>63.147362</ele>
        <time>2026-09-18T20:27:55.065Z</time>
      </trkpt>
      <trkpt lat="43.324645" lon="-4.354004">
        <ele>65.184077</ele>
        <time>2026-09-18T20:28:12.204Z</time>
      </trkpt>
      <trkpt lat="43.324719" lon="-4.354311">
        <ele>65.997016</ele>
        <time>2026-09-18T20:28:18.102Z</time>
      </trkpt>
      <trkpt lat="43.324759" lon="-4.354584">
        <ele>66.697014</ele>
        <time>2026-09-18T20:28:22.580Z</time>
      </trkpt>
      <trkpt lat="43.324736" lon="-4.355937">
        <ele>69.936338</ele>
        <time>2026-09-18T20:28:45.709Z</time>
      </trkpt>
      <trkpt lat="43.324844" lon="-4.356967">
        <ele>72.283369</ele>
        <time>2026-09-18T20:29:08.594Z</time>
      </trkpt>
      <trkpt lat="43.324841" lon="-4.357359">
        <ele>73.167519</ele>
        <time>2026-09-18T20:29:16.983Z</time>
      </trkpt>
      <trkpt lat="43.324793" lon="-4.357789">
        <ele>74.136912</ele>
        <time>2026-09-18T20:29:25.867Z</time>
      </trkpt>
      <trkpt lat="43.324710" lon="-4.358406">
        <ele>75.252005</ele>
        <time>2026-09-18T20:29:37.381Z</time>
      </trkpt>
      <trkpt lat="43.324549" lon="-4.359039">
        <ele>76.443719</ele>
        <time>2026-09-18T20:29:47.991Z</time>
      </trkpt>
      <trkpt lat="43.324070" lon="-4.359913">
        <ele>78.388409</ele>
        <time>2026-09-18T20:30:06.094Z</time>
      </trkpt>
      <trkpt lat="43.323967" lon="-4.360265">
        <ele>79.745616</ele>
        <time>2026-09-18T20:30:13.575Z</time>
      </trkpt>
      <trkpt lat="43.323859" lon="-4.360785">
        <ele>81.846979</ele>
        <time>2026-09-18T20:30:25.620Z</time>
      </trkpt>
      <trkpt lat="43.323654" lon="-4.362478">
        <ele>88.598314</ele>
        <time>2026-09-18T20:31:15.605Z</time>
      </trkpt>
      <trkpt lat="43.323644" lon="-4.363240">
        <ele>92.136378</ele>
        <time>2026-09-18T20:31:42.143Z</time>
      </trkpt>
      <trkpt lat="43.323660" lon="-4.363513">
        <ele>93.407852</ele>
        <time>2026-09-18T20:31:51.995Z</time>
      </trkpt>
      <trkpt lat="43.323677" lon="-4.363593">
        <ele>93.794761</ele>
        <time>2026-09-18T20:31:54.992Z</time>
      </trkpt>
      <trkpt lat="43.323864" lon="-4.364519">
        <ele>98.256143</ele>
        <time>2026-09-18T20:32:25.089Z</time>
      </trkpt>
      <trkpt lat="43.323928" lon="-4.365037">
        <ele>99.501517</ele>
        <time>2026-09-18T20:32:35.150Z</time>
      </trkpt>
      <trkpt lat="43.323914" lon="-4.365172">
        <ele>99.461654</ele>
        <time>2026-09-18T20:32:37.035Z</time>
      </trkpt>
      <trkpt lat="43.323857" lon="-4.365278">
        <ele>99.423122</ele>
        <time>2026-09-18T20:32:38.639Z</time>
      </trkpt>
      <trkpt lat="43.323771" lon="-4.365335">
        <ele>99.384757</ele>
        <time>2026-09-18T20:32:39.995Z</time>
      </trkpt>
      <trkpt lat="43.323721" lon="-4.365338">
        <ele>99.364647</ele>
        <time>2026-09-18T20:32:40.631Z</time>
      </trkpt>
      <trkpt lat="43.323600" lon="-4.365311">
        <ele>99.315390</ele>
        <time>2026-09-18T20:32:42.118Z</time>
      </trkpt>
      <trkpt lat="43.323320" lon="-4.365059">
        <ele>99.180907</ele>
        <time>2026-09-18T20:32:45.816Z</time>
      </trkpt>
      <trkpt lat="43.323155" lon="-4.364701">
        <ele>99.057020</ele>
        <time>2026-09-18T20:32:48.978Z</time>
      </trkpt>
      <trkpt lat="43.323071" lon="-4.364446">
        <ele>98.975191</ele>
        <time>2026-09-18T20:32:51.000Z</time>
      </trkpt>
      <trkpt lat="43.322983" lon="-4.364356">
        <ele>98.931116</ele>
        <time>2026-09-18T20:32:52.092Z</time>
      </trkpt>
      <trkpt lat="43.322905" lon="-4.364374">
        <ele>98.899335</ele>
        <time>2026-09-18T20:32:52.917Z</time>
      </trkpt>
      <trkpt lat="43.322873" lon="-4.364442">
        <ele>98.875660</ele>
        <time>2026-09-18T20:32:53.530Z</time>
      </trkpt>
      <trkpt lat="43.322665" lon="-4.365444">
        <ele>101.691513</ele>
        <time>2026-09-18T20:33:07.277Z</time>
      </trkpt>
      <trkpt lat="43.322567" lon="-4.366609">
        <ele>105.190817</ele>
        <time>2026-09-18T20:33:41.519Z</time>
      </trkpt>
      <trkpt lat="43.322624" lon="-4.367610">
        <ele>109.610950</ele>
        <time>2026-09-18T20:34:16.414Z</time>
      </trkpt>
      <trkpt lat="43.322628" lon="-4.367679">
        <ele>109.967545</ele>
        <time>2026-09-18T20:34:18.742Z</time>
      </trkpt>
      <trkpt lat="43.322665" lon="-4.368500">
        <ele>114.205210</ele>
        <time>2026-09-18T20:34:46.112Z</time>
      </trkpt>
      <trkpt lat="43.322599" lon="-4.369289">
        <ele>118.296694</ele>
        <time>2026-09-18T20:35:09.394Z</time>
      </trkpt>
      <trkpt lat="43.322630" lon="-4.371302">
        <ele>127.319150</ele>
        <time>2026-09-18T20:36:03.887Z</time>
      </trkpt>
      <trkpt lat="43.322597" lon="-4.372661">
        <ele>134.970516</ele>
        <time>2026-09-18T20:36:46.234Z</time>
      </trkpt>
      <trkpt lat="43.322642" lon="-4.373377">
        <ele>139.667762</ele>
        <time>2026-09-18T20:37:12.333Z</time>
      </trkpt>
      <trkpt lat="43.322641" lon="-4.374485">
        <ele>147.090182</ele>
        <time>2026-09-18T20:37:58.602Z</time>
      </trkpt>
      <trkpt lat="43.322730" lon="-4.375439">
        <ele>154.756977</ele>
        <time>2026-09-18T20:38:42.348Z</time>
      </trkpt>
      <trkpt lat="43.322738" lon="-4.377223">
        <ele>167.920058</ele>
        <time>2026-09-18T20:39:58.816Z</time>
      </trkpt>
      <trkpt lat="43.322719" lon="-4.377464">
        <ele>169.210081</ele>
        <time>2026-09-18T20:40:07.763Z</time>
      </trkpt>
      <trkpt lat="43.322397" lon="-4.379187">
        <ele>178.676988</ele>
        <time>2026-09-18T20:41:00.969Z</time>
      </trkpt>
      <trkpt lat="43.322291" lon="-4.379499">
        <ele>179.925697</ele>
        <time>2026-09-18T20:41:08.985Z</time>
      </trkpt>
      <trkpt lat="43.321937" lon="-4.380132">
        <ele>182.581523</ele>
        <time>2026-09-18T20:41:26.368Z</time>
      </trkpt>
      <trkpt lat="43.321870" lon="-4.380340">
        <ele>183.338200</ele>
        <time>2026-09-18T20:41:31.012Z</time>
      </trkpt>
      <trkpt lat="43.321478" lon="-4.381741">
        <ele>189.045158</ele>
        <time>2026-09-18T20:42:06.133Z</time>
      </trkpt>
      <trkpt lat="43.321400" lon="-4.382424">
        <ele>192.766506</ele>
        <time>2026-09-18T20:42:28.640Z</time>
      </trkpt>
      <trkpt lat="43.321220" lon="-4.384185">
        <ele>201.976860</ele>
        <time>2026-09-18T20:43:33.239Z</time>
      </trkpt>
      <trkpt lat="43.321155" lon="-4.384565">
        <ele>203.668394</ele>
        <time>2026-09-18T20:43:45.730Z</time>
      </trkpt>
      <trkpt lat="43.320857" lon="-4.385851">
        <ele>209.516811</ele>
        <time>2026-09-18T20:44:21.846Z</time>
      </trkpt>
      <trkpt lat="43.320371" lon="-4.387665">
        <ele>213.791965</ele>
        <time>2026-09-18T20:45:02.620Z</time>
      </trkpt>
      <trkpt lat="43.320217" lon="-4.388330">
        <ele>214.963858</ele>
        <time>2026-09-18T20:45:11.869Z</time>
      </trkpt>
      <trkpt lat="43.320221" lon="-4.388547">
        <ele>215.328367</ele>
        <time>2026-09-18T20:45:14.064Z</time>
      </trkpt>
      <trkpt lat="43.320318" lon="-4.389072">
        <ele>215.102990</ele>
        <time>2026-09-18T20:45:18.882Z</time>
      </trkpt>
      <trkpt lat="43.320344" lon="-4.389435">
        <ele>214.933960</ele>
        <time>2026-09-18T20:45:21.988Z</time>
      </trkpt>
      <trkpt lat="43.320358" lon="-4.389686">
        <ele>214.817304</ele>
        <time>2026-09-18T20:45:24.223Z</time>
      </trkpt>
      <trkpt lat="43.320413" lon="-4.390338">
        <ele>214.513139</ele>
        <time>2026-09-18T20:45:30.234Z</time>
      </trkpt>
      <trkpt lat="43.320507" lon="-4.391122">
        <ele>214.172949</ele>
        <time>2026-09-18T20:45:37.935Z</time>
      </trkpt>
      <trkpt lat="43.320684" lon="-4.393435">
        <ele>213.617061</ele>
        <time>2026-09-18T20:46:01.211Z</time>
      </trkpt>
      <trkpt lat="43.320711" lon="-4.394255">
        <ele>213.251651</ele>
        <time>2026-09-18T20:46:09.788Z</time>
      </trkpt>
      <trkpt lat="43.320639" lon="-4.395756">
        <ele>212.573608</ele>
        <time>2026-09-18T20:46:23.764Z</time>
      </trkpt>
      <trkpt lat="43.320977" lon="-4.396925">
        <ele>211.794958</ele>
        <time>2026-09-18T20:46:34.479Z</time>
      </trkpt>
      <trkpt lat="43.321587" lon="-4.398861">
        <ele>208.252200</ele>
        <time>2026-09-18T20:46:54.575Z</time>
      </trkpt>
      <trkpt lat="43.321778" lon="-4.399298">
        <ele>206.392530</ele>
        <time>2026-09-18T20:46:58.515Z</time>
      </trkpt>
      <trkpt lat="43.322062" lon="-4.399782">
        <ele>204.124274</ele>
        <time>2026-09-18T20:47:02.624Z</time>
      </trkpt>
      <trkpt lat="43.322164" lon="-4.399928">
        <ele>203.385887</ele>
        <time>2026-09-18T20:47:03.918Z</time>
      </trkpt>
      <trkpt lat="43.322268" lon="-4.399971">
        <ele>202.841337</ele>
        <time>2026-09-18T20:47:04.862Z</time>
      </trkpt>
      <trkpt lat="43.322354" lon="-4.399953">
        <ele>202.405151</ele>
        <time>2026-09-18T20:47:05.609Z</time>
      </trkpt>
      <trkpt lat="43.322415" lon="-4.399899">
        <ele>202.041347</ele>
        <time>2026-09-18T20:47:06.233Z</time>
      </trkpt>
      <trkpt lat="43.322455" lon="-4.399802">
        <ele>201.370141</ele>
        <time>2026-09-18T20:47:06.922Z</time>
      </trkpt>
      <trkpt lat="43.322471" lon="-4.399711">
        <ele>200.666581</ele>
        <time>2026-09-18T20:47:07.508Z</time>
      </trkpt>
      <trkpt lat="43.322464" lon="-4.399281">
        <ele>197.434292</ele>
        <time>2026-09-18T20:47:10.137Z</time>
      </trkpt>
      <trkpt lat="43.322502" lon="-4.399117">
        <ele>196.140819</ele>
        <time>2026-09-18T20:47:11.184Z</time>
      </trkpt>
      <trkpt lat="43.323223" lon="-4.398120">
        <ele>185.576341</ele>
        <time>2026-09-18T20:47:19.812Z</time>
      </trkpt>
      <trkpt lat="43.323452" lon="-4.397785">
        <ele>183.230210</ele>
        <time>2026-09-18T20:47:22.902Z</time>
      </trkpt>
      <trkpt lat="43.323577" lon="-4.397555">
        <ele>183.095174</ele>
        <time>2026-09-18T20:47:24.957Z</time>
      </trkpt>
      <trkpt lat="43.323734" lon="-4.397157">
        <ele>182.882226</ele>
        <time>2026-09-18T20:47:28.569Z</time>
      </trkpt>
      <trkpt lat="43.324660" lon="-4.394410">
        <ele>185.614921</ele>
        <time>2026-09-18T20:48:19.187Z</time>
      </trkpt>
      <trkpt lat="43.324801" lon="-4.394140">
        <ele>186.409835</ele>
        <time>2026-09-18T20:48:26.916Z</time>
      </trkpt>
      <trkpt lat="43.324933" lon="-4.393945">
        <ele>187.046891</ele>
        <time>2026-09-18T20:48:33.573Z</time>
      </trkpt>
      <trkpt lat="43.324992" lon="-4.393795">
        <ele>187.454724</ele>
        <time>2026-09-18T20:48:37.836Z</time>
      </trkpt>
      <trkpt lat="43.325036" lon="-4.393586">
        <ele>187.975096</ele>
        <time>2026-09-18T20:48:43.416Z</time>
      </trkpt>
      <trkpt lat="43.325075" lon="-4.393506">
        <ele>188.380600</ele>
        <time>2026-09-18T20:48:45.953Z</time>
      </trkpt>
      <trkpt lat="43.325379" lon="-4.393280">
        <ele>190.836962</ele>
        <time>2026-09-18T20:48:58.820Z</time>
      </trkpt>
      <trkpt lat="43.325598" lon="-4.393185">
        <ele>192.469128</ele>
        <time>2026-09-18T20:49:08.252Z</time>
      </trkpt>
      <trkpt lat="43.325743" lon="-4.393131">
        <ele>193.536841</ele>
        <time>2026-09-18T20:49:14.634Z</time>
      </trkpt>
      <trkpt lat="43.326130" lon="-4.393025">
        <ele>196.341446</ele>
        <time>2026-09-18T20:49:32.525Z</time>
      </trkpt>
      <trkpt lat="43.326262" lon="-4.393059">
        <ele>197.295940</ele>
        <time>2026-09-18T20:49:38.901Z</time>
      </trkpt>
      <trkpt lat="43.326315" lon="-4.393101">
        <ele>197.730738</ele>
        <time>2026-09-18T20:49:41.868Z</time>
      </trkpt>
      <trkpt lat="43.326363" lon="-4.393187">
        <ele>198.291177</ele>
        <time>2026-09-18T20:49:45.644Z</time>
      </trkpt>
      <trkpt lat="43.326392" lon="-4.393244">
        <ele>198.650807</ele>
        <time>2026-09-18T20:49:48.099Z</time>
      </trkpt>
      <trkpt lat="43.326650" lon="-4.393780">
        <ele>202.138314</ele>
        <time>2026-09-18T20:50:10.725Z</time>
      </trkpt>
      <trkpt lat="43.326882" lon="-4.394430">
        <ele>206.423971</ele>
        <time>2026-09-18T20:50:37.074Z</time>
      </trkpt>
      <trkpt lat="43.327079" lon="-4.395047">
        <ele>210.412415</ele>
        <time>2026-09-18T20:51:00.832Z</time>
      </trkpt>
      <trkpt lat="43.327241" lon="-4.395557">
        <ele>213.706448</ele>
        <time>2026-09-18T20:51:19.479Z</time>
      </trkpt>
      <trkpt lat="43.327612" lon="-4.396529">
        <ele>220.269733</ele>
        <time>2026-09-18T20:51:54.292Z</time>
      </trkpt>
      <trkpt lat="43.328126" lon="-4.397711">
        <ele>228.534615</ele>
        <time>2026-09-18T20:52:42.726Z</time>
      </trkpt>
      <trkpt lat="43.328321" lon="-4.398555">
        <ele>234.329162</ele>
        <time>2026-09-18T20:53:17.551Z</time>
      </trkpt>
      <trkpt lat="43.328695" lon="-4.399911">
        <ele>244.213618</ele>
        <time>2026-09-18T20:54:15.259Z</time>
      </trkpt>
      <trkpt lat="43.328715" lon="-4.400170">
        <ele>245.988858</ele>
        <time>2026-09-18T20:54:24.809Z</time>
      </trkpt>
      <trkpt lat="43.328694" lon="-4.400861">
        <ele>249.746911</ele>
        <time>2026-09-18T20:54:48.492Z</time>
      </trkpt>
      <trkpt lat="43.328738" lon="-4.401421">
        <ele>252.548397</ele>
        <time>2026-09-18T20:55:05.992Z</time>
      </trkpt>
      <trkpt lat="43.329015" lon="-4.403041">
        <ele>260.372517</ele>
        <time>2026-09-18T20:55:53.273Z</time>
      </trkpt>
      <trkpt lat="43.329163" lon="-4.403746">
        <ele>262.807762</ele>
        <time>2026-09-18T20:56:13.570Z</time>
      </trkpt>
      <trkpt lat="43.329192" lon="-4.404009">
        <ele>263.690578</ele>
        <time>2026-09-18T20:56:20.580Z</time>
      </trkpt>
      <trkpt lat="43.329206" lon="-4.404693">
        <ele>265.961537</ele>
        <time>2026-09-18T20:56:36.729Z</time>
      </trkpt>
      <trkpt lat="43.329168" lon="-4.405564">
        <ele>267.935224</ele>
        <time>2026-09-18T20:56:52.794Z</time>
      </trkpt>
      <trkpt lat="43.329138" lon="-4.405773">
        <ele>268.092958</ele>
        <time>2026-09-18T20:56:56.100Z</time>
      </trkpt>
      <trkpt lat="43.329119" lon="-4.405845">
        <ele>268.149669</ele>
        <time>2026-09-18T20:56:57.236Z</time>
      </trkpt>
      <trkpt lat="43.329008" lon="-4.406122">
        <ele>268.383831</ele>
        <time>2026-09-18T20:57:01.489Z</time>
      </trkpt>
      <trkpt lat="43.328758" lon="-4.406766">
        <ele>268.924324</ele>
        <time>2026-09-18T20:57:10.082Z</time>
      </trkpt>
      <trkpt lat="43.328612" lon="-4.407044">
        <ele>269.178206</ele>
        <time>2026-09-18T20:57:13.885Z</time>
      </trkpt>
      <trkpt lat="43.327546" lon="-4.408414">
        <ele>269.575775</ele>
        <time>2026-09-18T20:57:37.332Z</time>
      </trkpt>
      <trkpt lat="43.327419" lon="-4.408705">
        <ele>269.591894</ele>
        <time>2026-09-18T20:57:40.881Z</time>
      </trkpt>
      <trkpt lat="43.327345" lon="-4.409113">
        <ele>269.611867</ele>
        <time>2026-09-18T20:57:45.132Z</time>
      </trkpt>
      <trkpt lat="43.327388" lon="-4.409482">
        <ele>269.680258</ele>
        <time>2026-09-18T20:57:48.790Z</time>
      </trkpt>
      <trkpt lat="43.327457" lon="-4.409733">
        <ele>269.751868</ele>
        <time>2026-09-18T20:57:51.368Z</time>
      </trkpt>
      <trkpt lat="43.327742" lon="-4.410378">
        <ele>269.953271</ele>
        <time>2026-09-18T20:57:58.706Z</time>
      </trkpt>
      <trkpt lat="43.327982" lon="-4.410824">
        <ele>270.101326</ele>
        <time>2026-09-18T20:58:04.438Z</time>
      </trkpt>
      <trkpt lat="43.328578" lon="-4.411645">
        <ele>271.313707</ele>
        <time>2026-09-18T20:58:22.737Z</time>
      </trkpt>
      <trkpt lat="43.328688" lon="-4.411856">
        <ele>271.855592</ele>
        <time>2026-09-18T20:58:28.058Z</time>
      </trkpt>
      <trkpt lat="43.328724" lon="-4.411986">
        <ele>272.145960</ele>
        <time>2026-09-18T20:58:31.028Z</time>
      </trkpt>
      <trkpt lat="43.328843" lon="-4.413022">
        <ele>274.335354</ele>
        <time>2026-09-18T20:58:54.284Z</time>
      </trkpt>
      <trkpt lat="43.328896" lon="-4.413717">
        <ele>275.623781</ele>
        <time>2026-09-18T20:59:08.074Z</time>
      </trkpt>
      <trkpt lat="43.328890" lon="-4.413873">
        <ele>275.793052</ele>
        <time>2026-09-18T20:59:10.603Z</time>
      </trkpt>
      <trkpt lat="43.328828" lon="-4.414248">
        <ele>276.209749</ele>
        <time>2026-09-18T20:59:16.239Z</time>
      </trkpt>
      <trkpt lat="43.328667" lon="-4.414879">
        <ele>276.934313</ele>
        <time>2026-09-18T20:59:24.268Z</time>
      </trkpt>
      <trkpt lat="43.328607" lon="-4.415026">
        <ele>277.116958</ele>
        <time>2026-09-18T20:59:26.111Z</time>
      </trkpt>
      <trkpt lat="43.328468" lon="-4.415183">
        <ele>277.384933</ele>
        <time>2026-09-18T20:59:28.714Z</time>
      </trkpt>
      <trkpt lat="43.327233" lon="-4.415583">
        <ele>281.207145</ele>
        <time>2026-09-18T20:59:58.183Z</time>
      </trkpt>
      <trkpt lat="43.327071" lon="-4.415711">
        <ele>281.950800</ele>
        <time>2026-09-18T21:00:05.276Z</time>
      </trkpt>
      <trkpt lat="43.326820" lon="-4.416083">
        <ele>283.419761</ele>
        <time>2026-09-18T21:00:20.365Z</time>
      </trkpt>
      <trkpt lat="43.326659" lon="-4.416258">
        <ele>284.236632</ele>
        <time>2026-09-18T21:00:28.301Z</time>
      </trkpt>
      <trkpt lat="43.326207" lon="-4.416459">
        <ele>286.051931</ele>
        <time>2026-09-18T21:00:44.686Z</time>
      </trkpt>
      <trkpt lat="43.326121" lon="-4.416531">
        <ele>286.417124</ele>
        <time>2026-09-18T21:00:47.777Z</time>
      </trkpt>
      <trkpt lat="43.326075" lon="-4.416658">
        <ele>286.791427</ele>
        <time>2026-09-18T21:00:50.768Z</time>
      </trkpt>
      <trkpt lat="43.326082" lon="-4.416828">
        <ele>287.240659</ele>
        <time>2026-09-18T21:00:54.193Z</time>
      </trkpt>
      <trkpt lat="43.326361" lon="-4.417330">
        <ele>288.907391</ele>
        <time>2026-09-18T21:01:06.972Z</time>
      </trkpt>
      <trkpt lat="43.326401" lon="-4.417534">
        <ele>289.464814</ele>
        <time>2026-09-18T21:01:11.213Z</time>
      </trkpt>
      <trkpt lat="43.326385" lon="-4.417750">
        <ele>290.037635</ele>
        <time>2026-09-18T21:01:15.510Z</time>
      </trkpt>
      <trkpt lat="43.326357" lon="-4.417841">
        <ele>290.298314</ele>
        <time>2026-09-18T21:01:17.419Z</time>
      </trkpt>
      <trkpt lat="43.326231" lon="-4.418030">
        <ele>290.974676</ele>
        <time>2026-09-18T21:01:22.160Z</time>
      </trkpt>
      <trkpt lat="43.325756" lon="-4.418464">
        <ele>293.259994</ele>
        <time>2026-09-18T21:01:37.323Z</time>
      </trkpt>
      <trkpt lat="43.325663" lon="-4.418596">
        <ele>293.829409</ele>
        <time>2026-09-18T21:01:41.350Z</time>
      </trkpt>
      <trkpt lat="43.325603" lon="-4.418797">
        <ele>294.502647</ele>
        <time>2026-09-18T21:01:46.406Z</time>
      </trkpt>
      <trkpt lat="43.325603" lon="-4.418965">
        <ele>295.023230</ele>
        <time>2026-09-18T21:01:50.643Z</time>
      </trkpt>
      <trkpt lat="43.325663" lon="-4.419100">
        <ele>295.513450</ele>
        <time>2026-09-18T21:01:54.743Z</time>
      </trkpt>
      <trkpt lat="43.326323" lon="-4.419591">
        <ele>298.710076</ele>
        <time>2026-09-18T21:02:20.384Z</time>
      </trkpt>
      <trkpt lat="43.326421" lon="-4.419743">
        <ele>299.339437</ele>
        <time>2026-09-18T21:02:25.206Z</time>
      </trkpt>
      <trkpt lat="43.326610" lon="-4.420261">
        <ele>301.356427</ele>
        <time>2026-09-18T21:02:38.962Z</time>
      </trkpt>
      <trkpt lat="43.326644" lon="-4.420451">
        <ele>302.042932</ele>
        <time>2026-09-18T21:02:43.815Z</time>
      </trkpt>
      <trkpt lat="43.326683" lon="-4.420988">
        <ele>303.936408</ele>
        <time>2026-09-18T21:02:57.888Z</time>
      </trkpt>
      <trkpt lat="43.326659" lon="-4.421236">
        <ele>304.814203</ele>
        <time>2026-09-18T21:03:04.724Z</time>
      </trkpt>
      <trkpt lat="43.326350" lon="-4.422528">
        <ele>308.574387</ele>
        <time>2026-09-18T21:03:38.928Z</time>
      </trkpt>
      <trkpt lat="43.326288" lon="-4.422694">
        <ele>308.771897</ele>
        <time>2026-09-18T21:03:42.569Z</time>
      </trkpt>
      <trkpt lat="43.326031" lon="-4.423191">
        <ele>309.417319</ele>
        <time>2026-09-18T21:03:52.301Z</time>
      </trkpt>
      <trkpt lat="43.325794" lon="-4.423364">
        <ele>309.807763</ele>
        <time>2026-09-18T21:03:56.547Z</time>
      </trkpt>
      <trkpt lat="43.325716" lon="-4.423495">
        <ele>309.986947</ele>
        <time>2026-09-18T21:03:58.127Z</time>
      </trkpt>
      <trkpt lat="43.325679" lon="-4.424068">
        <ele>310.595839</ele>
        <time>2026-09-18T21:04:03.365Z</time>
      </trkpt>
      <trkpt lat="43.325638" lon="-4.424379">
        <ele>310.795915</ele>
        <time>2026-09-18T21:04:06.374Z</time>
      </trkpt>
      <trkpt lat="43.325499" lon="-4.424956">
        <ele>310.947606</ele>
        <time>2026-09-18T21:04:12.620Z</time>
      </trkpt>
      <trkpt lat="43.325421" lon="-4.425153">
        <ele>311.003582</ele>
        <time>2026-09-18T21:04:15.360Z</time>
      </trkpt>
      <trkpt lat="43.325106" lon="-4.425675">
        <ele>311.172845</ele>
        <time>2026-09-18T21:04:24.608Z</time>
      </trkpt>
      <trkpt lat="43.324970" lon="-4.425783">
        <ele>311.226728</ele>
        <time>2026-09-18T21:04:27.555Z</time>
      </trkpt>
      <trkpt lat="43.324765" lon="-4.425872">
        <ele>311.300480</ele>
        <time>2026-09-18T21:04:31.444Z</time>
      </trkpt>
      <trkpt lat="43.324671" lon="-4.426009">
        <ele>311.347480</ele>
        <time>2026-09-18T21:04:33.930Z</time>
      </trkpt>
      <trkpt lat="43.324648" lon="-4.426198">
        <ele>311.435840</ele>
        <time>2026-09-18T21:04:36.505Z</time>
      </trkpt>
      <trkpt lat="43.324655" lon="-4.426526">
        <ele>311.657065</ele>
        <time>2026-09-18T21:04:40.546Z</time>
      </trkpt>
      <trkpt lat="43.324623" lon="-4.426784">
        <ele>311.833512</ele>
        <time>2026-09-18T21:04:43.271Z</time>
      </trkpt>
      <trkpt lat="43.324395" lon="-4.427421">
        <ele>312.312127</ele>
        <time>2026-09-18T21:04:49.554Z</time>
      </trkpt>
      <trkpt lat="43.323825" lon="-4.428449">
        <ele>313.849506</ele>
        <time>2026-09-18T21:05:08.950Z</time>
      </trkpt>
      <trkpt lat="43.323686" lon="-4.428538">
        <ele>314.643350</ele>
        <time>2026-09-18T21:05:14.600Z</time>
      </trkpt>
      <trkpt lat="43.323549" lon="-4.428547">
        <ele>315.353411</ele>
        <time>2026-09-18T21:05:20.137Z</time>
      </trkpt>
      <trkpt lat="43.323394" lon="-4.428460">
        <ele>316.220169</ele>
        <time>2026-09-18T21:05:27.049Z</time>
      </trkpt>
      <trkpt lat="43.323310" lon="-4.428372">
        <ele>316.766938</ele>
        <time>2026-09-18T21:05:31.490Z</time>
      </trkpt>
      <trkpt lat="43.323186" lon="-4.428337">
        <ele>317.422283</ele>
        <time>2026-09-18T21:05:36.845Z</time>
      </trkpt>
      <trkpt lat="43.323062" lon="-4.428403">
        <ele>318.110679</ele>
        <time>2026-09-18T21:05:42.518Z</time>
      </trkpt>
      <trkpt lat="43.322894" lon="-4.428644">
        <ele>319.367784</ele>
        <time>2026-09-18T21:05:52.983Z</time>
      </trkpt>
      <trkpt lat="43.322627" lon="-4.428856">
        <ele>320.964086</ele>
        <time>2026-09-18T21:06:05.968Z</time>
      </trkpt>
      <trkpt lat="43.322587" lon="-4.428984">
        <ele>321.488765</ele>
        <time>2026-09-18T21:06:09.744Z</time>
      </trkpt>
      <trkpt lat="43.322578" lon="-4.429170">
        <ele>322.190844</ele>
        <time>2026-09-18T21:06:14.558Z</time>
      </trkpt>
      <trkpt lat="43.322927" lon="-4.429972">
        <ele>324.680067</ele>
        <time>2026-09-18T21:06:32.758Z</time>
      </trkpt>
      <trkpt lat="43.322987" lon="-4.430361">
        <ele>325.718485</ele>
        <time>2026-09-18T21:06:38.763Z</time>
      </trkpt>
      <trkpt lat="43.323009" lon="-4.430720">
        <ele>326.659300</ele>
        <time>2026-09-18T21:06:44.653Z</time>
      </trkpt>
      <trkpt lat="43.322987" lon="-4.431431">
        <ele>328.517687</ele>
        <time>2026-09-18T21:06:58.987Z</time>
      </trkpt>
      <trkpt lat="43.322633" lon="-4.432742">
        <ele>334.143270</ele>
        <time>2026-09-18T21:07:41.452Z</time>
      </trkpt>
      <trkpt lat="43.322337" lon="-4.433469">
        <ele>337.595720</ele>
        <time>2026-09-18T21:08:08.633Z</time>
      </trkpt>
      <trkpt lat="43.322136" lon="-4.434210">
        <ele>338.105373</ele>
        <time>2026-09-18T21:08:25.988Z</time>
      </trkpt>
      <trkpt lat="43.322050" lon="-4.434703">
        <ele>337.013485</ele>
        <time>2026-09-18T21:08:31.752Z</time>
      </trkpt>
      <trkpt lat="43.322168" lon="-4.436347">
        <ele>332.983894</ele>
        <time>2026-09-18T21:08:42.743Z</time>
      </trkpt>
      <trkpt lat="43.322121" lon="-4.436781">
        <ele>330.397364</ele>
        <time>2026-09-18T21:08:45.488Z</time>
      </trkpt>
      <trkpt lat="43.322112" lon="-4.436827">
        <ele>330.116569</ele>
        <time>2026-09-18T21:08:45.790Z</time>
      </trkpt>
      <trkpt lat="43.321744" lon="-4.438312">
        <ele>320.868857</ele>
        <time>2026-09-18T21:08:55.763Z</time>
      </trkpt>
      <trkpt lat="43.321754" lon="-4.438591">
        <ele>319.222204</ele>
        <time>2026-09-18T21:08:57.589Z</time>
      </trkpt>
      <trkpt lat="43.321843" lon="-4.438730">
        <ele>318.372597</ele>
        <time>2026-09-18T21:08:58.799Z</time>
      </trkpt>
      <trkpt lat="43.321934" lon="-4.438773">
        <ele>317.777370</ele>
        <time>2026-09-18T21:08:59.668Z</time>
      </trkpt>
      <trkpt lat="43.322308" lon="-4.438738">
        <ele>315.458578</ele>
        <time>2026-09-18T21:09:03.076Z</time>
      </trkpt>
      <trkpt lat="43.322404" lon="-4.438759">
        <ele>314.857283</ele>
        <time>2026-09-18T21:09:03.965Z</time>
      </trkpt>
      <trkpt lat="43.322498" lon="-4.438838">
        <ele>314.175761</ele>
        <time>2026-09-18T21:09:04.993Z</time>
      </trkpt>
      <trkpt lat="43.322530" lon="-4.438925">
        <ele>313.737060</ele>
        <time>2026-09-18T21:09:05.656Z</time>
      </trkpt>
      <trkpt lat="43.322561" lon="-4.440057">
        <ele>308.639356</ele>
        <time>2026-09-18T21:09:13.280Z</time>
      </trkpt>
      <trkpt lat="43.322586" lon="-4.440352">
        <ele>307.592723</ele>
        <time>2026-09-18T21:09:15.246Z</time>
      </trkpt>
      <trkpt lat="43.322672" lon="-4.440538">
        <ele>306.997741</ele>
        <time>2026-09-18T21:09:16.695Z</time>
      </trkpt>
      <trkpt lat="43.322834" lon="-4.440717">
        <ele>306.226419</ele>
        <time>2026-09-18T21:09:18.594Z</time>
      </trkpt>
      <trkpt lat="43.322910" lon="-4.440843">
        <ele>305.784545</ele>
        <time>2026-09-18T21:09:19.718Z</time>
      </trkpt>
      <trkpt lat="43.322925" lon="-4.440943">
        <ele>305.508896</ele>
        <time>2026-09-18T21:09:20.424Z</time>
      </trkpt>
      <trkpt lat="43.322918" lon="-4.441056">
        <ele>305.202725</ele>
        <time>2026-09-18T21:09:21.227Z</time>
      </trkpt>
      <trkpt lat="43.322807" lon="-4.441571">
        <ele>303.752641</ele>
        <time>2026-09-18T21:09:25.266Z</time>
      </trkpt>
      <trkpt lat="43.322796" lon="-4.441675">
        <ele>303.468919</ele>
        <time>2026-09-18T21:09:26.103Z</time>
      </trkpt>
      <trkpt lat="43.322832" lon="-4.441811">
        <ele>303.078210</ele>
        <time>2026-09-18T21:09:27.243Z</time>
      </trkpt>
      <trkpt lat="43.322873" lon="-4.441852">
        <ele>302.890058</ele>
        <time>2026-09-18T21:09:27.808Z</time>
      </trkpt>
      <trkpt lat="43.322963" lon="-4.441848">
        <ele>302.555899</ele>
        <time>2026-09-18T21:09:28.796Z</time>
      </trkpt>
      <trkpt lat="43.323457" lon="-4.441502">
        <ele>300.343999</ele>
        <time>2026-09-18T21:09:35.125Z</time>
      </trkpt>
      <trkpt lat="43.323558" lon="-4.441468">
        <ele>299.888361</ele>
        <time>2026-09-18T21:09:36.273Z</time>
      </trkpt>
      <trkpt lat="43.324057" lon="-4.441518">
        <ele>297.696055</ele>
        <time>2026-09-18T21:09:41.582Z</time>
      </trkpt>
      <trkpt lat="43.324137" lon="-4.441549">
        <ele>297.331851</ele>
        <time>2026-09-18T21:09:42.416Z</time>
      </trkpt>
      <trkpt lat="43.324184" lon="-4.441608">
        <ele>297.052953</ele>
        <time>2026-09-18T21:09:43.050Z</time>
      </trkpt>
      <trkpt lat="43.324199" lon="-4.441682">
        <ele>296.808080</ele>
        <time>2026-09-18T21:09:43.597Z</time>
      </trkpt>
      <trkpt lat="43.324192" lon="-4.441926">
        <ele>296.029685</ele>
        <time>2026-09-18T21:09:45.296Z</time>
      </trkpt>
      <trkpt lat="43.323973" lon="-4.443815">
        <ele>287.779330</ele>
        <time>2026-09-18T21:09:57.636Z</time>
      </trkpt>
      <trkpt lat="43.323939" lon="-4.443971">
        <ele>286.944451</ele>
        <time>2026-09-18T21:09:58.680Z</time>
      </trkpt>
      <trkpt lat="43.323814" lon="-4.444184">
        <ele>285.541461</ele>
        <time>2026-09-18T21:10:00.445Z</time>
      </trkpt>
      <trkpt lat="43.323163" lon="-4.445019">
        <ele>279.296640</ele>
        <time>2026-09-18T21:10:08.600Z</time>
      </trkpt>
      <trkpt lat="43.323080" lon="-4.445155">
        <ele>278.404331</ele>
        <time>2026-09-18T21:10:09.810Z</time>
      </trkpt>
      <trkpt lat="43.323046" lon="-4.445273">
        <ele>277.766364</ele>
        <time>2026-09-18T21:10:10.675Z</time>
      </trkpt>
      <trkpt lat="43.323042" lon="-4.445393">
        <ele>277.162538</ele>
        <time>2026-09-18T21:10:11.495Z</time>
      </trkpt>
      <trkpt lat="43.323089" lon="-4.445602">
        <ele>276.062932</ele>
        <time>2026-09-18T21:10:12.983Z</time>
      </trkpt>
      <trkpt lat="43.323329" lon="-4.445851">
        <ele>273.985335</ele>
        <time>2026-09-18T21:10:15.739Z</time>
      </trkpt>
      <trkpt lat="43.323367" lon="-4.445920">
        <ele>273.550328</ele>
        <time>2026-09-18T21:10:16.309Z</time>
      </trkpt>
      <trkpt lat="43.323397" lon="-4.446294">
        <ele>271.658996</ele>
        <time>2026-09-18T21:10:18.776Z</time>
      </trkpt>
      <trkpt lat="43.323401" lon="-4.446817">
        <ele>269.029953</ele>
        <time>2026-09-18T21:10:22.146Z</time>
      </trkpt>
      <trkpt lat="43.323386" lon="-4.446923">
        <ele>268.487150</ele>
        <time>2026-09-18T21:10:22.825Z</time>
      </trkpt>
      <trkpt lat="43.323216" lon="-4.447385">
        <ele>265.156263</ele>
        <time>2026-09-18T21:10:26.060Z</time>
      </trkpt>
      <trkpt lat="43.323121" lon="-4.447747">
        <ele>262.654575</ele>
        <time>2026-09-18T21:10:28.442Z</time>
      </trkpt>
      <trkpt lat="43.322476" lon="-4.449172">
        <ele>251.968791</ele>
        <time>2026-09-18T21:10:39.036Z</time>
      </trkpt>
      <trkpt lat="43.322376" lon="-4.449557">
        <ele>250.391527</ele>
        <time>2026-09-18T21:10:41.849Z</time>
      </trkpt>
      <trkpt lat="43.322344" lon="-4.449741">
        <ele>249.661603</ele>
        <time>2026-09-18T21:10:43.197Z</time>
      </trkpt>
      <trkpt lat="43.322349" lon="-4.450053">
        <ele>248.457533</ele>
        <time>2026-09-18T21:10:45.430Z</time>
      </trkpt>
      <trkpt lat="43.322405" lon="-4.450193">
        <ele>247.841114</ele>
        <time>2026-09-18T21:10:46.567Z</time>
      </trkpt>
      <trkpt lat="43.322623" lon="-4.450363">
        <ele>246.511874</ele>
        <time>2026-09-18T21:10:49.021Z</time>
      </trkpt>
      <trkpt lat="43.322651" lon="-4.450449">
        <ele>246.148352</ele>
        <time>2026-09-18T21:10:49.692Z</time>
      </trkpt>
      <trkpt lat="43.322643" lon="-4.450578">
        <ele>245.648833</ele>
        <time>2026-09-18T21:10:50.614Z</time>
      </trkpt>
      <trkpt lat="43.322458" lon="-4.450848">
        <ele>244.217814</ele>
        <time>2026-09-18T21:10:53.228Z</time>
      </trkpt>
      <trkpt lat="43.322244" lon="-4.451251">
        <ele>242.348409</ele>
        <time>2026-09-18T21:10:56.582Z</time>
      </trkpt>
      <trkpt lat="43.322070" lon="-4.451435">
        <ele>241.323486</ele>
        <time>2026-09-18T21:10:58.558Z</time>
      </trkpt>
      <trkpt lat="43.321967" lon="-4.451501">
        <ele>240.792932</ele>
        <time>2026-09-18T21:10:59.579Z</time>
      </trkpt>
      <trkpt lat="43.321212" lon="-4.451709">
        <ele>237.198004</ele>
        <time>2026-09-18T21:11:06.594Z</time>
      </trkpt>
      <trkpt lat="43.321000" lon="-4.451893">
        <ele>236.027454</ele>
        <time>2026-09-18T21:11:09.064Z</time>
      </trkpt>
      <trkpt lat="43.320936" lon="-4.452077">
        <ele>235.334737</ele>
        <time>2026-09-18T21:11:10.640Z</time>
      </trkpt>
      <trkpt lat="43.320950" lon="-4.452267">
        <ele>234.686093</ele>
        <time>2026-09-18T21:11:12.182Z</time>
      </trkpt>
      <trkpt lat="43.320977" lon="-4.452394">
        <ele>234.311352</ele>
        <time>2026-09-18T21:11:13.302Z</time>
      </trkpt>
      <trkpt lat="43.321157" lon="-4.452678">
        <ele>233.805018</ele>
        <time>2026-09-18T21:11:16.797Z</time>
      </trkpt>
      <trkpt lat="43.321169" lon="-4.452863">
        <ele>233.555340</ele>
        <time>2026-09-18T21:11:18.850Z</time>
      </trkpt>
      <trkpt lat="43.321155" lon="-4.452920">
        <ele>233.474467</ele>
        <time>2026-09-18T21:11:19.576Z</time>
      </trkpt>
      <trkpt lat="43.321104" lon="-4.452975">
        <ele>233.354688</ele>
        <time>2026-09-18T21:11:20.703Z</time>
      </trkpt>
      <trkpt lat="43.320829" lon="-4.453129">
        <ele>232.806001</ele>
        <time>2026-09-18T21:11:26.013Z</time>
      </trkpt>
      <trkpt lat="43.320558" lon="-4.453193">
        <ele>232.297921</ele>
        <time>2026-09-18T21:11:30.161Z</time>
      </trkpt>
      <trkpt lat="43.319846" lon="-4.453228">
        <ele>230.744867</ele>
        <time>2026-09-18T21:11:37.581Z</time>
      </trkpt>
      <trkpt lat="43.319316" lon="-4.453144">
        <ele>225.542787</ele>
        <time>2026-09-18T21:11:42.393Z</time>
      </trkpt>
      <trkpt lat="43.319243" lon="-4.453123">
        <ele>224.815568</ele>
        <time>2026-09-18T21:11:43.041Z</time>
      </trkpt>
      <trkpt lat="43.319104" lon="-4.453017">
        <ele>223.265603</ele>
        <time>2026-09-18T21:11:44.416Z</time>
      </trkpt>
      <trkpt lat="43.318758" lon="-4.452638">
        <ele>218.951581</ele>
        <time>2026-09-18T21:11:48.177Z</time>
      </trkpt>
      <trkpt lat="43.318614" lon="-4.452576">
        <ele>217.480213</ele>
        <time>2026-09-18T21:11:49.445Z</time>
      </trkpt>
      <trkpt lat="43.318483" lon="-4.452609">
        <ele>216.181603</ele>
        <time>2026-09-18T21:11:50.563Z</time>
      </trkpt>
      <trkpt lat="43.318347" lon="-4.452753">
        <ele>214.507665</ele>
        <time>2026-09-18T21:11:51.993Z</time>
      </trkpt>
      <trkpt lat="43.318266" lon="-4.452788">
        <ele>213.679754</ele>
        <time>2026-09-18T21:11:52.700Z</time>
      </trkpt>
      <trkpt lat="43.318196" lon="-4.452771">
        <ele>212.869363</ele>
        <time>2026-09-18T21:11:53.300Z</time>
      </trkpt>
      <trkpt lat="43.318110" lon="-4.452685">
        <ele>211.594936</ele>
        <time>2026-09-18T21:11:54.184Z</time>
      </trkpt>
      <trkpt lat="43.317928" lon="-4.452410">
        <ele>208.353873</ele>
        <time>2026-09-18T21:11:56.450Z</time>
      </trkpt>
      <trkpt lat="43.317840" lon="-4.452340">
        <ele>207.135506</ele>
        <time>2026-09-18T21:11:57.297Z</time>
      </trkpt>
      <trkpt lat="43.317742" lon="-4.452316">
        <ele>205.942679</ele>
        <time>2026-09-18T21:11:58.138Z</time>
      </trkpt>
      <trkpt lat="43.317526" lon="-4.452382">
        <ele>203.291168</ele>
        <time>2026-09-18T21:11:59.988Z</time>
      </trkpt>
      <trkpt lat="43.317209" lon="-4.452554">
        <ele>199.207287</ele>
        <time>2026-09-18T21:12:02.873Z</time>
      </trkpt>
      <trkpt lat="43.316887" lon="-4.452648">
        <ele>195.262697</ele>
        <time>2026-09-18T21:12:05.677Z</time>
      </trkpt>
      <trkpt lat="43.316664" lon="-4.452795">
        <ele>192.299048</ele>
        <time>2026-09-18T21:12:07.788Z</time>
      </trkpt>
      <trkpt lat="43.316285" lon="-4.453150">
        <ele>189.107246</ele>
        <time>2026-09-18T21:12:11.766Z</time>
      </trkpt>
      <trkpt lat="43.315788" lon="-4.453816">
        <ele>184.516195</ele>
        <time>2026-09-18T21:12:17.957Z</time>
      </trkpt>
      <trkpt lat="43.315733" lon="-4.453945">
        <ele>183.796672</ele>
        <time>2026-09-18T21:12:18.960Z</time>
      </trkpt>
      <trkpt lat="43.315691" lon="-4.454400">
        <ele>181.589512</ele>
        <time>2026-09-18T21:12:22.130Z</time>
      </trkpt>
      <trkpt lat="43.315694" lon="-4.454744">
        <ele>179.994585</ele>
        <time>2026-09-18T21:12:24.634Z</time>
      </trkpt>
      <trkpt lat="43.315758" lon="-4.455426">
        <ele>178.424093</ele>
        <time>2026-09-18T21:12:30.509Z</time>
      </trkpt>
      <trkpt lat="43.315749" lon="-4.455574">
        <ele>178.084904</ele>
        <time>2026-09-18T21:12:32.273Z</time>
      </trkpt>
      <trkpt lat="43.315719" lon="-4.455681">
        <ele>177.823015</ele>
        <time>2026-09-18T21:12:33.714Z</time>
      </trkpt>
      <trkpt lat="43.315370" lon="-4.456224">
        <ele>176.168309</ele>
        <time>2026-09-18T21:12:40.148Z</time>
      </trkpt>
      <trkpt lat="43.315199" lon="-4.456575">
        <ele>175.203561</ele>
        <time>2026-09-18T21:12:43.156Z</time>
      </trkpt>
      <trkpt lat="43.315149" lon="-4.456685">
        <ele>174.907340</ele>
        <time>2026-09-18T21:12:44.042Z</time>
      </trkpt>
      <trkpt lat="43.315096" lon="-4.456776">
        <ele>174.641122</ele>
        <time>2026-09-18T21:12:44.811Z</time>
      </trkpt>
      <trkpt lat="43.314990" lon="-4.456845">
        <ele>174.047107</ele>
        <time>2026-09-18T21:12:45.867Z</time>
      </trkpt>
      <trkpt lat="43.314811" lon="-4.456858">
        <ele>172.510879</ele>
        <time>2026-09-18T21:12:47.451Z</time>
      </trkpt>
      <trkpt lat="43.313895" lon="-4.456877">
        <ele>164.659570</ele>
        <time>2026-09-18T21:12:55.335Z</time>
      </trkpt>
      <trkpt lat="43.313806" lon="-4.456957">
        <ele>163.748160</ele>
        <time>2026-09-18T21:12:56.232Z</time>
      </trkpt>
      <trkpt lat="43.313459" lon="-4.457912">
        <ele>157.885154</ele>
        <time>2026-09-18T21:13:03.008Z</time>
      </trkpt>
      <trkpt lat="43.313442" lon="-4.458060">
        <ele>157.341663</ele>
        <time>2026-09-18T21:13:04.014Z</time>
      </trkpt>
      <trkpt lat="43.313539" lon="-4.458898">
        <ele>154.263749</ele>
        <time>2026-09-18T21:13:10.026Z</time>
      </trkpt>
      <trkpt lat="43.313535" lon="-4.459373">
        <ele>152.540661</ele>
        <time>2026-09-18T21:13:13.461Z</time>
      </trkpt>
      <trkpt lat="43.313683" lon="-4.460423">
        <ele>149.226572</ele>
        <time>2026-09-18T21:13:21.039Z</time>
      </trkpt>
      <trkpt lat="43.313623" lon="-4.460707">
        <ele>148.599597</ele>
        <time>2026-09-18T21:13:23.202Z</time>
      </trkpt>
      <trkpt lat="43.313585" lon="-4.460718">
        <ele>148.486443</ele>
        <time>2026-09-18T21:13:23.591Z</time>
      </trkpt>
      <trkpt lat="43.313520" lon="-4.460819">
        <ele>148.200572</ele>
        <time>2026-09-18T21:13:24.602Z</time>
      </trkpt>
      <trkpt lat="43.313504" lon="-4.460919">
        <ele>147.983496</ele>
        <time>2026-09-18T21:13:25.359Z</time>
      </trkpt>
      <trkpt lat="43.313531" lon="-4.461272">
        <ele>147.230976</ele>
        <time>2026-09-18T21:13:28.096Z</time>
      </trkpt>
      <trkpt lat="43.313597" lon="-4.461725">
        <ele>146.251505</ele>
        <time>2026-09-18T21:13:31.749Z</time>
      </trkpt>
      <trkpt lat="43.313794" lon="-4.462665">
        <ele>143.037823</ele>
        <time>2026-09-18T21:13:39.577Z</time>
      </trkpt>
      <trkpt lat="43.313724" lon="-4.462831">
        <ele>141.862728</ele>
        <time>2026-09-18T21:13:41.013Z</time>
      </trkpt>
      <trkpt lat="43.313603" lon="-4.462924">
        <ele>140.695759</ele>
        <time>2026-09-18T21:13:42.372Z</time>
      </trkpt>
      <trkpt lat="43.313277" lon="-4.462844">
        <ele>137.908251</ele>
        <time>2026-09-18T21:13:45.396Z</time>
      </trkpt>
      <trkpt lat="43.313164" lon="-4.462565">
        <ele>135.952564</ele>
        <time>2026-09-18T21:13:47.409Z</time>
      </trkpt>
      <trkpt lat="43.313039" lon="-4.462065">
        <ele>132.714489</ele>
        <time>2026-09-18T21:13:50.652Z</time>
      </trkpt>
      <trkpt lat="43.312691" lon="-4.461761">
        <ele>129.172112</ele>
        <time>2026-09-18T21:13:54.098Z</time>
      </trkpt>
      <trkpt lat="43.312523" lon="-4.461645">
        <ele>127.305072</ele>
        <time>2026-09-18T21:13:55.672Z</time>
      </trkpt>
      <trkpt lat="43.312362" lon="-4.461587">
        <ele>125.652248</ele>
        <time>2026-09-18T21:13:57.058Z</time>
      </trkpt>
      <trkpt lat="43.312274" lon="-4.461620">
        <ele>124.746418</ele>
        <time>2026-09-18T21:13:57.826Z</time>
      </trkpt>
      <trkpt lat="43.312210" lon="-4.461728">
        <ele>123.739983</ele>
        <time>2026-09-18T21:13:58.675Z</time>
      </trkpt>
      <trkpt lat="43.312072" lon="-4.462203">
        <ele>120.044302</ele>
        <time>2026-09-18T21:14:01.831Z</time>
      </trkpt>
      <trkpt lat="43.311702" lon="-4.463104">
        <ele>112.568646</ele>
        <time>2026-09-18T21:14:08.541Z</time>
      </trkpt>
      <trkpt lat="43.311583" lon="-4.464541">
        <ele>106.120428</ele>
        <time>2026-09-18T21:14:18.462Z</time>
      </trkpt>
      <trkpt lat="43.311550" lon="-4.465458">
        <ele>102.234510</ele>
        <time>2026-09-18T21:14:24.604Z</time>
      </trkpt>
      <trkpt lat="43.311378" lon="-4.466541">
        <ele>97.693978</ele>
        <time>2026-09-18T21:14:31.870Z</time>
      </trkpt>
      <trkpt lat="43.311252" lon="-4.467155">
        <ele>95.101992</ele>
        <time>2026-09-18T21:14:36.164Z</time>
      </trkpt>
      <trkpt lat="43.311198" lon="-4.467708">
        <ele>92.835015</ele>
        <time>2026-09-18T21:14:40.053Z</time>
      </trkpt>
      <trkpt lat="43.311271" lon="-4.468696">
        <ele>89.307367</ele>
        <time>2026-09-18T21:14:46.999Z</time>
      </trkpt>
      <trkpt lat="43.311245" lon="-4.468878">
        <ele>88.708299</ele>
        <time>2026-09-18T21:14:48.262Z</time>
      </trkpt>
      <trkpt lat="43.311129" lon="-4.469141">
        <ele>87.714954</ele>
        <time>2026-09-18T21:14:50.360Z</time>
      </trkpt>
      <trkpt lat="43.310930" lon="-4.469404">
        <ele>86.489435</ele>
        <time>2026-09-18T21:14:52.962Z</time>
      </trkpt>
      <trkpt lat="43.310300" lon="-4.469625">
        <ele>83.603257</ele>
        <time>2026-09-18T21:14:59.226Z</time>
      </trkpt>
      <trkpt lat="43.310221" lon="-4.469718">
        <ele>83.221073</ele>
        <time>2026-09-18T21:15:00.267Z</time>
      </trkpt>
      <trkpt lat="43.310123" lon="-4.470021">
        <ele>82.724110</ele>
        <time>2026-09-18T21:15:02.700Z</time>
      </trkpt>
      <trkpt lat="43.309794" lon="-4.470000">
        <ele>82.045731</ele>
        <time>2026-09-18T21:15:06.089Z</time>
      </trkpt>
      <trkpt lat="43.309646" lon="-4.470030">
        <ele>81.737594</ele>
        <time>2026-09-18T21:15:07.701Z</time>
      </trkpt>
      <trkpt lat="43.309441" lon="-4.470122">
        <ele>81.293408</ele>
        <time>2026-09-18T21:15:10.074Z</time>
      </trkpt>
      <trkpt lat="43.309357" lon="-4.470160">
        <ele>81.111258</ele>
        <time>2026-09-18T21:15:11.087Z</time>
      </trkpt>
      <trkpt lat="43.309059" lon="-4.470312">
        <ele>80.456548</ele>
        <time>2026-09-18T21:15:14.736Z</time>
      </trkpt>
      <trkpt lat="43.308714" lon="-4.470429">
        <ele>79.724627</ele>
        <time>2026-09-18T21:15:19.516Z</time>
      </trkpt>
      <trkpt lat="43.308515" lon="-4.470442">
        <ele>79.377975</ele>
        <time>2026-09-18T21:15:22.802Z</time>
      </trkpt>
      <trkpt lat="43.308334" lon="-4.470417">
        <ele>79.091365</ele>
        <time>2026-09-18T21:15:25.420Z</time>
      </trkpt>
      <trkpt lat="43.308311" lon="-4.470646">
        <ele>78.826332</ele>
        <time>2026-09-18T21:15:27.410Z</time>
      </trkpt>
      <trkpt lat="43.308237" lon="-4.471479">
        <ele>77.864221</ele>
        <time>2026-09-18T21:15:33.837Z</time>
      </trkpt>
      <trkpt lat="43.308222" lon="-4.471626">
        <ele>77.694039</ele>
        <time>2026-09-18T21:15:34.980Z</time>
      </trkpt>
      <trkpt lat="43.308039" lon="-4.471586">
        <ele>77.402090</ele>
        <time>2026-09-18T21:15:36.916Z</time>
      </trkpt>
      <trkpt lat="43.307885" lon="-4.471494">
        <ele>77.137522</ele>
        <time>2026-09-18T21:15:38.806Z</time>
      </trkpt>
      <trkpt lat="43.307549" lon="-4.471222">
        <ele>76.796994</ele>
        <time>2026-09-18T21:15:43.580Z</time>
      </trkpt>
      <trkpt lat="43.307524" lon="-4.471201">
        <ele>76.806214</ele>
        <time>2026-09-18T21:15:43.918Z</time>
      </trkpt>
      <trkpt lat="43.307491" lon="-4.471173">
        <ele>76.818417</ele>
        <time>2026-09-18T21:15:44.343Z</time>
      </trkpt>
      <trkpt lat="43.307292" lon="-4.470949">
        <ele>76.899359</ele>
        <time>2026-09-18T21:15:47.217Z</time>
      </trkpt>
      <trkpt lat="43.304779" lon="-4.466954">
        <ele>81.216619</ele>
        <time>2026-09-18T21:17:00.611Z</time>
      </trkpt>
      <trkpt lat="43.304683" lon="-4.466805">
        <ele>81.614014</ele>
        <time>2026-09-18T21:17:04.643Z</time>
      </trkpt>
      <trkpt lat="43.304628" lon="-4.466683">
        <ele>81.900596</ele>
        <time>2026-09-18T21:17:07.616Z</time>
      </trkpt>
      <trkpt lat="43.304289" lon="-4.465882">
        <ele>83.750947</ele>
        <time>2026-09-18T21:17:28.133Z</time>
      </trkpt>
      <trkpt lat="43.304158" lon="-4.465599">
        <ele>84.554276</ele>
        <time>2026-09-18T21:17:36.268Z</time>
      </trkpt>
      <trkpt lat="43.303750" lon="-4.465006">
        <ele>87.120527</ele>
        <time>2026-09-18T21:17:55.512Z</time>
      </trkpt>
      <trkpt lat="43.303512" lon="-4.464752">
        <ele>88.422706</ele>
        <time>2026-09-18T21:18:04.571Z</time>
      </trkpt>
      <trkpt lat="43.303142" lon="-4.464423">
        <ele>90.327082</ele>
        <time>2026-09-18T21:18:18.448Z</time>
      </trkpt>
      <trkpt lat="43.302899" lon="-4.464261">
        <ele>91.494181</ele>
        <time>2026-09-18T21:18:27.387Z</time>
      </trkpt>
      <trkpt lat="43.302603" lon="-4.464111">
        <ele>92.940513</ele>
        <time>2026-09-18T21:18:38.202Z</time>
      </trkpt>
      <trkpt lat="43.301578" lon="-4.463813">
        <ele>97.887022</ele>
        <time>2026-09-18T21:19:13.892Z</time>
      </trkpt>
      <trkpt lat="43.301382" lon="-4.463685">
        <ele>98.911601</ele>
        <time>2026-09-18T21:19:21.634Z</time>
      </trkpt>
      <trkpt lat="43.301236" lon="-4.463548">
        <ele>99.746313</ele>
        <time>2026-09-18T21:19:27.786Z</time>
      </trkpt>
      <trkpt lat="43.300594" lon="-4.462797">
        <ele>103.412265</ele>
        <time>2026-09-18T21:19:55.133Z</time>
      </trkpt>
      <trkpt lat="43.300062" lon="-4.462108">
        <ele>106.532067</ele>
        <time>2026-09-18T21:20:16.913Z</time>
      </trkpt>
      <trkpt lat="43.299962" lon="-4.461934">
        <ele>107.220648</ele>
        <time>2026-09-18T21:20:21.917Z</time>
      </trkpt>
      <trkpt lat="43.299808" lon="-4.461359">
        <ele>109.660000</ele>
        <time>2026-09-18T21:20:36.397Z</time>
      </trkpt>
      <trkpt lat="43.299684" lon="-4.461154">
        <ele>110.934085</ele>
        <time>2026-09-18T21:20:43.070Z</time>
      </trkpt>
      <trkpt lat="43.299403" lon="-4.460781">
        <ele>113.500075</ele>
        <time>2026-09-18T21:20:57.473Z</time>
      </trkpt>
      <trkpt lat="43.299114" lon="-4.460490">
        <ele>115.853180</ele>
        <time>2026-09-18T21:21:12.301Z</time>
      </trkpt>
      <trkpt lat="43.298692" lon="-4.460166">
        <ele>119.028010</ele>
        <time>2026-09-18T21:21:35.092Z</time>
      </trkpt>
      <trkpt lat="43.297855" lon="-4.459739">
        <ele>125.788454</ele>
        <time>2026-09-18T21:22:22.692Z</time>
      </trkpt>
      <trkpt lat="43.297253" lon="-4.459337">
        <ele>130.980545</ele>
        <time>2026-09-18T21:22:55.092Z</time>
      </trkpt>
      <trkpt lat="43.296924" lon="-4.459183">
        <ele>133.676673</ele>
        <time>2026-09-18T21:23:07.881Z</time>
      </trkpt>
      <trkpt lat="43.296621" lon="-4.458856">
        <ele>134.936348</ele>
        <time>2026-09-18T21:23:19.777Z</time>
      </trkpt>
      <trkpt lat="43.296557" lon="-4.458755">
        <ele>135.220839</ele>
        <time>2026-09-18T21:23:22.522Z</time>
      </trkpt>
      <trkpt lat="43.296398" lon="-4.458347">
        <ele>136.204026</ele>
        <time>2026-09-18T21:23:31.368Z</time>
      </trkpt>
      <trkpt lat="43.296292" lon="-4.458264">
        <ele>136.560144</ele>
        <time>2026-09-18T21:23:34.324Z</time>
      </trkpt>
      <trkpt lat="43.295917" lon="-4.458120">
        <ele>137.696669</ele>
        <time>2026-09-18T21:23:42.471Z</time>
      </trkpt>
      <trkpt lat="43.295819" lon="-4.458127">
        <ele>137.983105</ele>
        <time>2026-09-18T21:23:44.399Z</time>
      </trkpt>
      <trkpt lat="43.295757" lon="-4.458147">
        <ele>138.168996</ele>
        <time>2026-09-18T21:23:45.640Z</time>
      </trkpt>
      <trkpt lat="43.295492" lon="-4.458387">
        <ele>139.095424</ele>
        <time>2026-09-18T21:23:51.857Z</time>
      </trkpt>
      <trkpt lat="43.295322" lon="-4.458465">
        <ele>139.821264</ele>
        <time>2026-09-18T21:23:55.915Z</time>
      </trkpt>
      <trkpt lat="43.294659" lon="-4.458512">
        <ele>142.585354</ele>
        <time>2026-09-18T21:24:16.034Z</time>
      </trkpt>
      <trkpt lat="43.294381" lon="-4.458721">
        <ele>143.904764</ele>
        <time>2026-09-18T21:24:26.449Z</time>
      </trkpt>
      <trkpt lat="43.294235" lon="-4.458938">
        <ele>144.800275</ele>
        <time>2026-09-18T21:24:33.560Z</time>
      </trkpt>
      <trkpt lat="43.294124" lon="-4.459244">
        <ele>145.836359</ele>
        <time>2026-09-18T21:24:42.162Z</time>
      </trkpt>
      <trkpt lat="43.294034" lon="-4.459590">
        <ele>147.142761</ele>
        <time>2026-09-18T21:24:52.122Z</time>
      </trkpt>
      <trkpt lat="43.293665" lon="-4.461876">
        <ele>158.545143</ele>
        <time>2026-09-18T21:26:04.250Z</time>
      </trkpt>
      <trkpt lat="43.293653" lon="-4.462174">
        <ele>160.020636</ele>
        <time>2026-09-18T21:26:13.964Z</time>
      </trkpt>
      <trkpt lat="43.293668" lon="-4.462478">
        <ele>161.529030</ele>
        <time>2026-09-18T21:26:23.983Z</time>
      </trkpt>
      <trkpt lat="43.293741" lon="-4.463399">
        <ele>166.115353</ele>
        <time>2026-09-18T21:26:54.131Z</time>
      </trkpt>
      <trkpt lat="43.293746" lon="-4.463823">
        <ele>168.214620</ele>
        <time>2026-09-18T21:27:07.588Z</time>
      </trkpt>
      <trkpt lat="43.293737" lon="-4.464039">
        <ele>169.285668</ele>
        <time>2026-09-18T21:27:13.981Z</time>
      </trkpt>
      <trkpt lat="43.293619" lon="-4.464732">
        <ele>171.896611</ele>
        <time>2026-09-18T21:27:32.872Z</time>
      </trkpt>
      <trkpt lat="43.293603" lon="-4.465276">
        <ele>173.304343</ele>
        <time>2026-09-18T21:27:45.695Z</time>
      </trkpt>
      <trkpt lat="43.293667" lon="-4.466465">
        <ele>176.387054</ele>
        <time>2026-09-18T21:28:09.737Z</time>
      </trkpt>
      <trkpt lat="43.293653" lon="-4.467023">
        <ele>177.351502</ele>
        <time>2026-09-18T21:28:17.934Z</time>
      </trkpt>
      <trkpt lat="43.293609" lon="-4.467312">
        <ele>177.440055</ele>
        <time>2026-09-18T21:28:21.822Z</time>
      </trkpt>
      <trkpt lat="43.293145" lon="-4.468316">
        <ele>177.796749</ele>
        <time>2026-09-18T21:28:35.871Z</time>
      </trkpt>
      <trkpt lat="43.292585" lon="-4.469070">
        <ele>177.567954</ele>
        <time>2026-09-18T21:28:46.545Z</time>
      </trkpt>
      <trkpt lat="43.292369" lon="-4.469276">
        <ele>177.012346</ele>
        <time>2026-09-18T21:28:50.056Z</time>
      </trkpt>
      <trkpt lat="43.291921" lon="-4.469532">
        <ele>175.987082</ele>
        <time>2026-09-18T21:28:55.990Z</time>
      </trkpt>
      <trkpt lat="43.291774" lon="-4.469684">
        <ele>175.598319</ele>
        <time>2026-09-18T21:28:58.001Z</time>
      </trkpt>
      <trkpt lat="43.291654" lon="-4.469932">
        <ele>175.140295</ele>
        <time>2026-09-18T21:29:00.252Z</time>
      </trkpt>
      <trkpt lat="43.291570" lon="-4.470035">
        <ele>174.902385</ele>
        <time>2026-09-18T21:29:01.384Z</time>
      </trkpt>
      <trkpt lat="43.291209" lon="-4.470177">
        <ele>173.849718</ele>
        <time>2026-09-18T21:29:05.010Z</time>
      </trkpt>
      <trkpt lat="43.290882" lon="-4.470435">
        <ele>171.335090</ele>
        <time>2026-09-18T21:29:08.516Z</time>
      </trkpt>
      <trkpt lat="43.290737" lon="-4.470517">
        <ele>170.289436</ele>
        <time>2026-09-18T21:29:09.949Z</time>
      </trkpt>
      <trkpt lat="43.290425" lon="-4.470561">
        <ele>168.197917</ele>
        <time>2026-09-18T21:29:12.766Z</time>
      </trkpt>
      <trkpt lat="43.290083" lon="-4.470498">
        <ele>165.896864</ele>
        <time>2026-09-18T21:29:15.817Z</time>
      </trkpt>
      <trkpt lat="43.289954" lon="-4.470519">
        <ele>165.030603</ele>
        <time>2026-09-18T21:29:16.958Z</time>
      </trkpt>
      <trkpt lat="43.289296" lon="-4.470960">
        <ele>160.837056</ele>
        <time>2026-09-18T21:29:23.431Z</time>
      </trkpt>
      <trkpt lat="43.289183" lon="-4.471055">
        <ele>160.245207</ele>
        <time>2026-09-18T21:29:24.627Z</time>
      </trkpt>
      <trkpt lat="43.288967" lon="-4.471310">
        <ele>158.972885</ele>
        <time>2026-09-18T21:29:27.209Z</time>
      </trkpt>
      <trkpt lat="43.288765" lon="-4.471717">
        <ele>157.370980</ele>
        <time>2026-09-18T21:29:30.571Z</time>
      </trkpt>
      <trkpt lat="43.288598" lon="-4.472303">
        <ele>155.324517</ele>
        <time>2026-09-18T21:29:35.297Z</time>
      </trkpt>
      <trkpt lat="43.288497" lon="-4.473062">
        <ele>154.635228</ele>
        <time>2026-09-18T21:29:43.385Z</time>
      </trkpt>
      <trkpt lat="43.288324" lon="-4.473783">
        <ele>155.412594</ele>
        <time>2026-09-18T21:29:55.874Z</time>
      </trkpt>
      <trkpt lat="43.288324" lon="-4.474049">
        <ele>155.684973</ele>
        <time>2026-09-18T21:30:00.645Z</time>
      </trkpt>
      <trkpt lat="43.288366" lon="-4.474153">
        <ele>155.806759</ele>
        <time>2026-09-18T21:30:02.770Z</time>
      </trkpt>
      <trkpt lat="43.288379" lon="-4.474370">
        <ele>156.029714</ele>
        <time>2026-09-18T21:30:06.725Z</time>
      </trkpt>
      <trkpt lat="43.288299" lon="-4.474583">
        <ele>156.275145</ele>
        <time>2026-09-18T21:30:11.123Z</time>
      </trkpt>
      <trkpt lat="43.288149" lon="-4.474777">
        <ele>156.564953</ele>
        <time>2026-09-18T21:30:16.184Z</time>
      </trkpt>
      <trkpt lat="43.287238" lon="-4.477956">
        <ele>160.947289</ele>
        <time>2026-09-18T21:31:08.336Z</time>
      </trkpt>
      <trkpt lat="43.287097" lon="-4.478293">
        <ele>161.587069</ele>
        <time>2026-09-18T21:31:15.278Z</time>
      </trkpt>
      <trkpt lat="43.286679" lon="-4.478740">
        <ele>162.784827</ele>
        <time>2026-09-18T21:31:29.140Z</time>
      </trkpt>
      <trkpt lat="43.286593" lon="-4.478865">
        <ele>163.067925</ele>
        <time>2026-09-18T21:31:32.573Z</time>
      </trkpt>
      <trkpt lat="43.285996" lon="-4.480046">
        <ele>165.113944</ele>
        <time>2026-09-18T21:31:57.983Z</time>
      </trkpt>
      <trkpt lat="43.285654" lon="-4.480638">
        <ele>166.124951</ele>
        <time>2026-09-18T21:32:07.769Z</time>
      </trkpt>
      <trkpt lat="43.285083" lon="-4.481429">
        <ele>168.464001</ele>
        <time>2026-09-18T21:32:24.724Z</time>
      </trkpt>
      <trkpt lat="43.284581" lon="-4.482218">
        <ele>171.892334</ele>
        <time>2026-09-18T21:32:49.078Z</time>
      </trkpt>
      <trkpt lat="43.284075" lon="-4.482810">
        <ele>174.879466</ele>
        <time>2026-09-18T21:33:16.780Z</time>
      </trkpt>
      <trkpt lat="43.283921" lon="-4.483061">
        <ele>175.747846</ele>
        <time>2026-09-18T21:33:26.636Z</time>
      </trkpt>
      <trkpt lat="43.283843" lon="-4.483146">
        <ele>176.086031</ele>
        <time>2026-09-18T21:33:30.563Z</time>
      </trkpt>
      <trkpt lat="43.283596" lon="-4.483300">
        <ele>177.007387</ele>
        <time>2026-09-18T21:33:40.760Z</time>
      </trkpt>
      <trkpt lat="43.283025" lon="-4.483934">
        <ele>179.501254</ele>
        <time>2026-09-18T21:34:03.275Z</time>
      </trkpt>
      <trkpt lat="43.282909" lon="-4.484012">
        <ele>179.939944</ele>
        <time>2026-09-18T21:34:06.073Z</time>
      </trkpt>
      <trkpt lat="43.282524" lon="-4.484073">
        <ele>181.194890</ele>
        <time>2026-09-18T21:34:12.303Z</time>
      </trkpt>
      <trkpt lat="43.282029" lon="-4.484112">
        <ele>179.943432</ele>
        <time>2026-09-18T21:34:17.897Z</time>
      </trkpt>
      <trkpt lat="43.281739" lon="-4.484104">
        <ele>179.211310</ele>
        <time>2026-09-18T21:34:20.867Z</time>
      </trkpt>
      <trkpt lat="43.281587" lon="-4.484048">
        <ele>178.814095</ele>
        <time>2026-09-18T21:34:22.459Z</time>
      </trkpt>
      <trkpt lat="43.281346" lon="-4.483869">
        <ele>178.122570</ele>
        <time>2026-09-18T21:34:25.183Z</time>
      </trkpt>
      <trkpt lat="43.281217" lon="-4.483832">
        <ele>177.789945</ele>
        <time>2026-09-18T21:34:26.478Z</time>
      </trkpt>
      <trkpt lat="43.280888" lon="-4.483839">
        <ele>176.959433</ele>
        <time>2026-09-18T21:34:29.673Z</time>
      </trkpt>
      <trkpt lat="43.280591" lon="-4.483914">
        <ele>176.659993</ele>
        <time>2026-09-18T21:34:32.656Z</time>
      </trkpt>
      <trkpt lat="43.280478" lon="-4.483916">
        <ele>176.647482</ele>
        <time>2026-09-18T21:34:33.804Z</time>
      </trkpt>
      <trkpt lat="43.279854" lon="-4.483722">
        <ele>176.576652</ele>
        <time>2026-09-18T21:34:41.102Z</time>
      </trkpt>
      <trkpt lat="43.279278" lon="-4.483739">
        <ele>176.512868</ele>
        <time>2026-09-18T21:34:52.875Z</time>
      </trkpt>
      <trkpt lat="43.278959" lon="-4.483780">
        <ele>176.693574</ele>
        <time>2026-09-18T21:35:01.731Z</time>
      </trkpt>
      <trkpt lat="43.278804" lon="-4.483830">
        <ele>177.487155</ele>
        <time>2026-09-18T21:35:06.655Z</time>
      </trkpt>
      <trkpt lat="43.278739" lon="-4.483884">
        <ele>177.865781</ele>
        <time>2026-09-18T21:35:09.127Z</time>
      </trkpt>
      <trkpt lat="43.278479" lon="-4.484237">
        <ele>179.687914</ele>
        <time>2026-09-18T21:35:21.538Z</time>
      </trkpt>
      <trkpt lat="43.277951" lon="-4.484539">
        <ele>182.538662</ele>
        <time>2026-09-18T21:35:42.560Z</time>
      </trkpt>
      <trkpt lat="43.277755" lon="-4.484586">
        <ele>183.530356</ele>
        <time>2026-09-18T21:35:50.143Z</time>
      </trkpt>
      <trkpt lat="43.277067" lon="-4.484584">
        <ele>187.110243</ele>
        <time>2026-09-18T21:36:16.744Z</time>
      </trkpt>
      <trkpt lat="43.276211" lon="-4.484719">
        <ele>191.832704</ele>
        <time>2026-09-18T21:36:49.781Z</time>
      </trkpt>
      <trkpt lat="43.275590" lon="-4.484841">
        <ele>195.270971</ele>
        <time>2026-09-18T21:37:12.185Z</time>
      </trkpt>
      <trkpt lat="43.274968" lon="-4.484817">
        <ele>198.558366</ele>
        <time>2026-09-18T21:37:31.302Z</time>
      </trkpt>
      <trkpt lat="43.274806" lon="-4.484846">
        <ele>199.421142</ele>
        <time>2026-09-18T21:37:35.857Z</time>
      </trkpt>
      <trkpt lat="43.273196" lon="-4.485333">
        <ele>207.949285</ele>
        <time>2026-09-18T21:38:40.165Z</time>
      </trkpt>
      <trkpt lat="43.273100" lon="-4.485365">
        <ele>208.443015</ele>
        <time>2026-09-18T21:38:45.880Z</time>
      </trkpt>
      <trkpt lat="43.272908" lon="-4.485666">
        <ele>209.899240</ele>
        <time>2026-09-18T21:39:00.443Z</time>
      </trkpt>
      <trkpt lat="43.272334" lon="-4.485995">
        <ele>213.007851</ele>
        <time>2026-09-18T21:39:20.147Z</time>
      </trkpt>
      <trkpt lat="43.272198" lon="-4.485978">
        <ele>213.690379</ele>
        <time>2026-09-18T21:39:22.754Z</time>
      </trkpt>
      <trkpt lat="43.272120" lon="-4.485934">
        <ele>213.641147</ele>
        <time>2026-09-18T21:39:24.189Z</time>
      </trkpt>
      <trkpt lat="43.271875" lon="-4.485676">
        <ele>212.902523</ele>
        <time>2026-09-18T21:39:27.915Z</time>
      </trkpt>
      <trkpt lat="43.271774" lon="-4.485517">
        <ele>212.534957</ele>
        <time>2026-09-18T21:39:29.535Z</time>
      </trkpt>
      <trkpt lat="43.271551" lon="-4.485359">
        <ele>211.934626</ele>
        <time>2026-09-18T21:39:32.033Z</time>
      </trkpt>
      <trkpt lat="43.271310" lon="-4.485234">
        <ele>211.318294</ele>
        <time>2026-09-18T21:39:34.468Z</time>
      </trkpt>
      <trkpt lat="43.271143" lon="-4.485203">
        <ele>210.915118</ele>
        <time>2026-09-18T21:39:36.045Z</time>
      </trkpt>
      <trkpt lat="43.271064" lon="-4.485230">
        <ele>210.720349</ele>
        <time>2026-09-18T21:39:36.823Z</time>
      </trkpt>
      <trkpt lat="43.270944" lon="-4.485318">
        <ele>210.394889</ele>
        <time>2026-09-18T21:39:38.119Z</time>
      </trkpt>
      <trkpt lat="43.270807" lon="-4.485472">
        <ele>209.971332</ele>
        <time>2026-09-18T21:39:39.844Z</time>
      </trkpt>
      <trkpt lat="43.270656" lon="-4.485568">
        <ele>209.573239</ele>
        <time>2026-09-18T21:39:41.556Z</time>
      </trkpt>
      <trkpt lat="43.270322" lon="-4.485593">
        <ele>209.177285</ele>
        <time>2026-09-18T21:39:45.382Z</time>
      </trkpt>
      <trkpt lat="43.270185" lon="-4.485563">
        <ele>209.032449</ele>
        <time>2026-09-18T21:39:47.226Z</time>
      </trkpt>
      <trkpt lat="43.270048" lon="-4.485455">
        <ele>208.867532</ele>
        <time>2026-09-18T21:39:49.340Z</time>
      </trkpt>
      <trkpt lat="43.269343" lon="-4.485190">
        <ele>208.104436</ele>
        <time>2026-09-18T21:39:58.386Z</time>
      </trkpt>
      <trkpt lat="43.269120" lon="-4.485040">
        <ele>207.845197</ele>
        <time>2026-09-18T21:40:01.490Z</time>
      </trkpt>
      <trkpt lat="43.269004" lon="-4.485062">
        <ele>207.722943</ele>
        <time>2026-09-18T21:40:03.085Z</time>
      </trkpt>
      <trkpt lat="43.268837" lon="-4.485301">
        <ele>207.931461</ele>
        <time>2026-09-18T21:40:06.343Z</time>
      </trkpt>
      <trkpt lat="43.268744" lon="-4.485374">
        <ele>208.183746</ele>
        <time>2026-09-18T21:40:07.871Z</time>
      </trkpt>
      <trkpt lat="43.268148" lon="-4.485672">
        <ele>209.677577</ele>
        <time>2026-09-18T21:40:20.764Z</time>
      </trkpt>
      <trkpt lat="43.268014" lon="-4.485707">
        <ele>209.998830</ele>
        <time>2026-09-18T21:40:24.347Z</time>
      </trkpt>
      <trkpt lat="43.267743" lon="-4.485620">
        <ele>210.654294</ele>
        <time>2026-09-18T21:40:32.466Z</time>
      </trkpt>
      <trkpt lat="43.267574" lon="-4.485637">
        <ele>211.053388</ele>
        <time>2026-09-18T21:40:37.862Z</time>
      </trkpt>
      <trkpt lat="43.267447" lon="-4.485688">
        <ele>211.365023</ele>
        <time>2026-09-18T21:40:42.082Z</time>
      </trkpt>
      <trkpt lat="43.267130" lon="-4.485856">
        <ele>212.415540</ele>
        <time>2026-09-18T21:40:53.323Z</time>
      </trkpt>
      <trkpt lat="43.266430" lon="-4.486488">
        <ele>215.948049</ele>
        <time>2026-09-18T21:41:22.277Z</time>
      </trkpt>
      <trkpt lat="43.266264" lon="-4.486592">
        <ele>216.717435</ele>
        <time>2026-09-18T21:41:28.124Z</time>
      </trkpt>
      <trkpt lat="43.265904" lon="-4.486622">
        <ele>218.238266</ele>
        <time>2026-09-18T21:41:39.029Z</time>
      </trkpt>
      <trkpt lat="43.265545" lon="-4.486519">
        <ele>219.575490</ele>
        <time>2026-09-18T21:41:49.163Z</time>
      </trkpt>
      <trkpt lat="43.265222" lon="-4.486515">
        <ele>220.126893</ele>
        <time>2026-09-18T21:41:57.877Z</time>
      </trkpt>
      <trkpt lat="43.264928" lon="-4.486424">
        <ele>220.641358</ele>
        <time>2026-09-18T21:42:06.536Z</time>
      </trkpt>
      <trkpt lat="43.264261" lon="-4.486576">
        <ele>221.795537</ele>
        <time>2026-09-18T21:42:18.355Z</time>
      </trkpt>
      <trkpt lat="43.264032" lon="-4.486766">
        <ele>222.252263</ele>
        <time>2026-09-18T21:42:22.231Z</time>
      </trkpt>
      <trkpt lat="43.263918" lon="-4.486775">
        <ele>222.447189</ele>
        <time>2026-09-18T21:42:23.990Z</time>
      </trkpt>
      <trkpt lat="43.263752" lon="-4.486692">
        <ele>222.869589</ele>
        <time>2026-09-18T21:42:27.070Z</time>
      </trkpt>
      <trkpt lat="43.263545" lon="-4.486730">
        <ele>223.401748</ele>
        <time>2026-09-18T21:42:31.010Z</time>
      </trkpt>
      <trkpt lat="43.263415" lon="-4.486712">
        <ele>223.734687</ele>
        <time>2026-09-18T21:42:33.649Z</time>
      </trkpt>
      <trkpt lat="43.263354" lon="-4.486672">
        <ele>223.906937</ele>
        <time>2026-09-18T21:42:34.972Z</time>
      </trkpt>
      <trkpt lat="43.263142" lon="-4.486399">
        <ele>224.647507</ele>
        <time>2026-09-18T21:42:41.471Z</time>
      </trkpt>
      <trkpt lat="43.263003" lon="-4.486289">
        <ele>225.056306</ele>
        <time>2026-09-18T21:42:44.666Z</time>
      </trkpt>
      <trkpt lat="43.262813" lon="-4.486314">
        <ele>225.542672</ele>
        <time>2026-09-18T21:42:48.447Z</time>
      </trkpt>
      <trkpt lat="43.262517" lon="-4.486848">
        <ele>226.787972</ele>
        <time>2026-09-18T21:43:03.299Z</time>
      </trkpt>
      <trkpt lat="43.262433" lon="-4.486937">
        <ele>227.058323</ele>
        <time>2026-09-18T21:43:07.422Z</time>
      </trkpt>
      <trkpt lat="43.262316" lon="-4.486978">
        <ele>227.494503</ele>
        <time>2026-09-18T21:43:12.440Z</time>
      </trkpt>
      <trkpt lat="43.261741" lon="-4.486996">
        <ele>229.634380</ele>
        <time>2026-09-18T21:43:37.239Z</time>
      </trkpt>
      <trkpt lat="43.261012" lon="-4.486913">
        <ele>232.355974</ele>
        <time>2026-09-18T21:43:58.925Z</time>
      </trkpt>
      <trkpt lat="43.260859" lon="-4.486769">
        <ele>233.046095</ele>
        <time>2026-09-18T21:44:02.538Z</time>
      </trkpt>
      <trkpt lat="43.260519" lon="-4.486178">
        <ele>233.231387</ele>
        <time>2026-09-18T21:44:10.929Z</time>
      </trkpt>
      <trkpt lat="43.260356" lon="-4.485816">
        <ele>232.748884</ele>
        <time>2026-09-18T21:44:14.756Z</time>
      </trkpt>
      <trkpt lat="43.260110" lon="-4.485469">
        <ele>232.199877</ele>
        <time>2026-09-18T21:44:18.615Z</time>
      </trkpt>
      <trkpt lat="43.259935" lon="-4.485293">
        <ele>231.862196</ele>
        <time>2026-09-18T21:44:20.926Z</time>
      </trkpt>
      <trkpt lat="43.259699" lon="-4.485258">
        <ele>231.492672</ele>
        <time>2026-09-18T21:44:23.401Z</time>
      </trkpt>
      <trkpt lat="43.259620" lon="-4.485187">
        <ele>231.345691</ele>
        <time>2026-09-18T21:44:24.371Z</time>
      </trkpt>
      <trkpt lat="43.259263" lon="-4.484368">
        <ele>229.312922</ele>
        <time>2026-09-18T21:44:31.442Z</time>
      </trkpt>
      <trkpt lat="43.258945" lon="-4.483885">
        <ele>227.593445</ele>
        <time>2026-09-18T21:44:36.177Z</time>
      </trkpt>
      <trkpt lat="43.258792" lon="-4.483705">
        <ele>226.862856</ele>
        <time>2026-09-18T21:44:38.105Z</time>
      </trkpt>
      <trkpt lat="43.258479" lon="-4.483426">
        <ele>225.509690</ele>
        <time>2026-09-18T21:44:41.636Z</time>
      </trkpt>
      <trkpt lat="43.258299" lon="-4.483308">
        <ele>224.786409</ele>
        <time>2026-09-18T21:44:43.547Z</time>
      </trkpt>
      <trkpt lat="43.258052" lon="-4.483110">
        <ele>224.321778</ele>
        <time>2026-09-18T21:44:46.422Z</time>
      </trkpt>
      <trkpt lat="43.258097" lon="-4.483022">
        <ele>224.267676</ele>
        <time>2026-09-18T21:44:47.235Z</time>
      </trkpt>
      <trkpt lat="43.258163" lon="-4.482641">
        <ele>224.070625</ele>
        <time>2026-09-18T21:44:50.374Z</time>
      </trkpt>
      <trkpt lat="43.258154" lon="-4.482505">
        <ele>224.001914</ele>
        <time>2026-09-18T21:44:51.552Z</time>
      </trkpt>
      <trkpt lat="43.258113" lon="-4.482400">
        <ele>223.941969</ele>
        <time>2026-09-18T21:44:52.593Z</time>
      </trkpt>
      <trkpt lat="43.258020" lon="-4.482302">
        <ele>223.860976</ele>
        <time>2026-09-18T21:44:54.107Z</time>
      </trkpt>
      <trkpt lat="43.257773" lon="-4.482232">
        <ele>223.686730</ele>
        <time>2026-09-18T21:44:57.491Z</time>
      </trkpt>
      <trkpt lat="43.257610" lon="-4.482133">
        <ele>223.563591</ele>
        <time>2026-09-18T21:44:59.930Z</time>
      </trkpt>
      <trkpt lat="43.257100" lon="-4.481611">
        <ele>223.592405</ele>
        <time>2026-09-18T21:45:13.331Z</time>
      </trkpt>
      <trkpt lat="43.256958" lon="-4.481379">
        <ele>224.235520</ele>
        <time>2026-09-18T21:45:19.060Z</time>
      </trkpt>
      <trkpt lat="43.256874" lon="-4.481148">
        <ele>224.783442</ele>
        <time>2026-09-18T21:45:24.117Z</time>
      </trkpt>
      <trkpt lat="43.256779" lon="-4.480973">
        <ele>225.246633</ele>
        <time>2026-09-18T21:45:28.498Z</time>
      </trkpt>
      <trkpt lat="43.256403" lon="-4.480712">
        <ele>226.474294</ele>
        <time>2026-09-18T21:45:40.271Z</time>
      </trkpt>
      <trkpt lat="43.256313" lon="-4.480582">
        <ele>226.854930</ele>
        <time>2026-09-18T21:45:43.910Z</time>
      </trkpt>
      <trkpt lat="43.256248" lon="-4.480425">
        <ele>227.238180</ele>
        <time>2026-09-18T21:45:47.596Z</time>
      </trkpt>
      <trkpt lat="43.256140" lon="-4.479962">
        <ele>228.269906</ele>
        <time>2026-09-18T21:45:57.777Z</time>
      </trkpt>
      <trkpt lat="43.256019" lon="-4.479596">
        <ele>229.100589</ele>
        <time>2026-09-18T21:46:06.192Z</time>
      </trkpt>
      <trkpt lat="43.255636" lon="-4.479020">
        <ele>230.700513</ele>
        <time>2026-09-18T21:46:22.037Z</time>
      </trkpt>
      <trkpt lat="43.255435" lon="-4.478812">
        <ele>231.409423</ele>
        <time>2026-09-18T21:46:28.738Z</time>
      </trkpt>
      <trkpt lat="43.254210" lon="-4.478048">
        <ele>235.074794</ele>
        <time>2026-09-18T21:47:00.587Z</time>
      </trkpt>
      <trkpt lat="43.253053" lon="-4.477006">
        <ele>239.007542</ele>
        <time>2026-09-18T21:47:35.257Z</time>
      </trkpt>
      <trkpt lat="43.252097" lon="-4.476159">
        <ele>244.012657</ele>
        <time>2026-09-18T21:48:12.902Z</time>
      </trkpt>
      <trkpt lat="43.251858" lon="-4.475969">
        <ele>245.227565</ele>
        <time>2026-09-18T21:48:23.291Z</time>
      </trkpt>
      <trkpt lat="43.251805" lon="-4.475950">
        <ele>245.468533</ele>
        <time>2026-09-18T21:48:25.333Z</time>
      </trkpt>
      <trkpt lat="43.251530" lon="-4.475810">
        <ele>246.760603</ele>
        <time>2026-09-18T21:48:35.911Z</time>
      </trkpt>
      <trkpt lat="43.251012" lon="-4.475509">
        <ele>249.242175</ele>
        <time>2026-09-18T21:48:54.706Z</time>
      </trkpt>
      <trkpt lat="43.250942" lon="-4.475443">
        <ele>249.616813</ele>
        <time>2026-09-18T21:48:57.455Z</time>
      </trkpt>
      <trkpt lat="43.250600" lon="-4.475071">
        <ele>251.541790</ele>
        <time>2026-09-18T21:49:10.997Z</time>
      </trkpt>
      <trkpt lat="43.250177" lon="-4.474799">
        <ele>253.602530</ele>
        <time>2026-09-18T21:49:25.644Z</time>
      </trkpt>
      <trkpt lat="43.249644" lon="-4.474399">
        <ele>256.299126</ele>
        <time>2026-09-18T21:49:44.257Z</time>
      </trkpt>
      <trkpt lat="43.249538" lon="-4.474362">
        <ele>256.785286</ele>
        <time>2026-09-18T21:49:47.608Z</time>
      </trkpt>
      <trkpt lat="43.249416" lon="-4.474405">
        <ele>257.345161</ele>
        <time>2026-09-18T21:49:51.494Z</time>
      </trkpt>
      <trkpt lat="43.249148" lon="-4.474502">
        <ele>258.577123</ele>
        <time>2026-09-18T21:50:00.479Z</time>
      </trkpt>
      <trkpt lat="43.249054" lon="-4.474468">
        <ele>259.009211</ele>
        <time>2026-09-18T21:50:03.746Z</time>
      </trkpt>
      <trkpt lat="43.248997" lon="-4.474401">
        <ele>259.342752</ele>
        <time>2026-09-18T21:50:06.257Z</time>
      </trkpt>
      <trkpt lat="43.248898" lon="-4.474253">
        <ele>259.993334</ele>
        <time>2026-09-18T21:50:11.227Z</time>
      </trkpt>
      <trkpt lat="43.248814" lon="-4.474131">
        <ele>260.536873</ele>
        <time>2026-09-18T21:50:15.514Z</time>
      </trkpt>
      <trkpt lat="43.248677" lon="-4.473954">
        <ele>261.373083</ele>
        <time>2026-09-18T21:50:22.237Z</time>
      </trkpt>
      <trkpt lat="43.248525" lon="-4.473879">
        <ele>262.090186</ele>
        <time>2026-09-18T21:50:27.978Z</time>
      </trkpt>
      <trkpt lat="43.248341" lon="-4.473875">
        <ele>262.889134</ele>
        <time>2026-09-18T21:50:34.352Z</time>
      </trkpt>
      <trkpt lat="43.248198" lon="-4.473929">
        <ele>263.533034</ele>
        <time>2026-09-18T21:50:39.444Z</time>
      </trkpt>
      <trkpt lat="43.248029" lon="-4.474120">
        <ele>264.483392</ele>
        <time>2026-09-18T21:50:46.820Z</time>
      </trkpt>
      <trkpt lat="43.247948" lon="-4.474148">
        <ele>264.846035</ele>
        <time>2026-09-18T21:50:49.518Z</time>
      </trkpt>
      <trkpt lat="43.247696" lon="-4.474163">
        <ele>265.941136</ele>
        <time>2026-09-18T21:50:57.631Z</time>
      </trkpt>
      <trkpt lat="43.247542" lon="-4.474219">
        <ele>266.632793</ele>
        <time>2026-09-18T21:51:02.717Z</time>
      </trkpt>
      <trkpt lat="43.247349" lon="-4.474263">
        <ele>267.482189</ele>
        <time>2026-09-18T21:51:08.948Z</time>
      </trkpt>
      <trkpt lat="43.247257" lon="-4.474213">
        <ele>267.911771</ele>
        <time>2026-09-18T21:51:12.126Z</time>
      </trkpt>
      <trkpt lat="43.246965" lon="-4.473797">
        <ele>269.738754</ele>
        <time>2026-09-18T21:51:24.902Z</time>
      </trkpt>
      <trkpt lat="43.246951" lon="-4.473720">
        <ele>270.025297</ele>
        <time>2026-09-18T21:51:26.671Z</time>
      </trkpt>
      <trkpt lat="43.247003" lon="-4.473646">
        <ele>270.442087</ele>
        <time>2026-09-18T21:51:28.735Z</time>
      </trkpt>
      <trkpt lat="43.247760" lon="-4.473300">
        <ele>274.882055</ele>
        <time>2026-09-18T21:51:51.977Z</time>
      </trkpt>
      <trkpt lat="43.248080" lon="-4.473193">
        <ele>276.714882</ele>
        <time>2026-09-18T21:52:03.951Z</time>
      </trkpt>
      <trkpt lat="43.248162" lon="-4.473142">
        <ele>277.215846</ele>
        <time>2026-09-18T21:52:07.705Z</time>
      </trkpt>
      <trkpt lat="43.248222" lon="-4.473058">
        <ele>277.692730</ele>
        <time>2026-09-18T21:52:11.443Z</time>
      </trkpt>
      <trkpt lat="43.248273" lon="-4.472950">
        <ele>278.214450</ele>
        <time>2026-09-18T21:52:15.665Z</time>
      </trkpt>
      <trkpt lat="43.248401" lon="-4.472498">
        <ele>280.374819</ele>
        <time>2026-09-18T21:52:33.153Z</time>
      </trkpt>
      <trkpt lat="43.248451" lon="-4.472321">
        <ele>281.631553</ele>
        <time>2026-09-18T21:52:40.489Z</time>
      </trkpt>
      <trkpt lat="43.248616" lon="-4.471575">
        <ele>286.792567</ele>
        <time>2026-09-18T21:53:11.923Z</time>
      </trkpt>
      <trkpt lat="43.248853" lon="-4.471045">
        <ele>290.909453</ele>
        <time>2026-09-18T21:53:36.971Z</time>
      </trkpt>
      <trkpt lat="43.248928" lon="-4.470494">
        <ele>294.620074</ele>
        <time>2026-09-18T21:53:57.897Z</time>
      </trkpt>
      <trkpt lat="43.249201" lon="-4.469443">
        <ele>301.111130</ele>
        <time>2026-09-18T21:54:34.193Z</time>
      </trkpt>
      <trkpt lat="43.249241" lon="-4.469179">
        <ele>302.619954</ele>
        <time>2026-09-18T21:54:42.410Z</time>
      </trkpt>
      <trkpt lat="43.249215" lon="-4.468597">
        <ele>305.882634</ele>
        <time>2026-09-18T21:55:00.484Z</time>
      </trkpt>
      <trkpt lat="43.249262" lon="-4.468065">
        <ele>308.881237</ele>
        <time>2026-09-18T21:55:18.333Z</time>
      </trkpt>
      <trkpt lat="43.249235" lon="-4.467686">
        <ele>311.098457</ele>
        <time>2026-09-18T21:55:31.868Z</time>
      </trkpt>
      <trkpt lat="43.249411" lon="-4.467175">
        <ele>314.541512</ele>
        <time>2026-09-18T21:55:53.011Z</time>
      </trkpt>
      <trkpt lat="43.249434" lon="-4.467055">
        <ele>315.297339</ele>
        <time>2026-09-18T21:55:57.664Z</time>
      </trkpt>
      <trkpt lat="43.249410" lon="-4.466462">
        <ele>318.914992</ele>
        <time>2026-09-18T21:56:19.736Z</time>
      </trkpt>
      <trkpt lat="43.249475" lon="-4.466119">
        <ele>321.073827</ele>
        <time>2026-09-18T21:56:33.059Z</time>
      </trkpt>
      <trkpt lat="43.249465" lon="-4.465894">
        <ele>322.446895</ele>
        <time>2026-09-18T21:56:41.533Z</time>
      </trkpt>
      <trkpt lat="43.249521" lon="-4.464646">
        <ele>325.998595</ele>
        <time>2026-09-18T21:57:20.773Z</time>
      </trkpt>
      <trkpt lat="43.249488" lon="-4.464184">
        <ele>326.520710</ele>
        <time>2026-09-18T21:57:28.575Z</time>
      </trkpt>
      <trkpt lat="43.249533" lon="-4.463906">
        <ele>326.841012</ele>
        <time>2026-09-18T21:57:31.960Z</time>
      </trkpt>
      <trkpt lat="43.249605" lon="-4.463772">
        <ele>327.028296</ele>
        <time>2026-09-18T21:57:33.495Z</time>
      </trkpt>
      <trkpt lat="43.249763" lon="-4.463758">
        <ele>327.272780</ele>
        <time>2026-09-18T21:57:35.292Z</time>
      </trkpt>
      <trkpt lat="43.249891" lon="-4.463795">
        <ele>327.474765</ele>
        <time>2026-09-18T21:57:36.641Z</time>
      </trkpt>
      <trkpt lat="43.250006" lon="-4.463902">
        <ele>327.689280</ele>
        <time>2026-09-18T21:57:38.012Z</time>
      </trkpt>
      <trkpt lat="43.250108" lon="-4.464051">
        <ele>327.742918</ele>
        <time>2026-09-18T21:57:39.419Z</time>
      </trkpt>
      <trkpt lat="43.250165" lon="-4.464196">
        <ele>327.415637</ele>
        <time>2026-09-18T21:57:40.536Z</time>
      </trkpt>
      <trkpt lat="43.250304" lon="-4.464795">
        <ele>326.166928</ele>
        <time>2026-09-18T21:57:44.664Z</time>
      </trkpt>
      <trkpt lat="43.250427" lon="-4.465814">
        <ele>324.115302</ele>
        <time>2026-09-18T21:57:51.776Z</time>
      </trkpt>
      <trkpt lat="43.250633" lon="-4.466571">
        <ele>324.444548</ele>
        <time>2026-09-18T21:58:04.075Z</time>
      </trkpt>
      <trkpt lat="43.250757" lon="-4.466922">
        <ele>327.073354</ele>
        <time>2026-09-18T21:58:16.079Z</time>
      </trkpt>
      <trkpt lat="43.250853" lon="-4.466969">
        <ele>328.016306</ele>
        <time>2026-09-18T21:58:21.389Z</time>
      </trkpt>
      <trkpt lat="43.250942" lon="-4.466961">
        <ele>328.841478</ele>
        <time>2026-09-18T21:58:26.165Z</time>
      </trkpt>
      <trkpt lat="43.251320" lon="-4.466696">
        <ele>332.768193</ele>
        <time>2026-09-18T21:58:53.542Z</time>
      </trkpt>
      <trkpt lat="43.251516" lon="-4.466513">
        <ele>334.961120</ele>
        <time>2026-09-18T21:59:11.086Z</time>
      </trkpt>
      <trkpt lat="43.251737" lon="-4.466239">
        <ele>337.716050</ele>
        <time>2026-09-18T21:59:31.471Z</time>
      </trkpt>
      <trkpt lat="43.252009" lon="-4.465643">
        <ele>341.162251</ele>
        <time>2026-09-18T22:00:01.115Z</time>
      </trkpt>
      <trkpt lat="43.252096" lon="-4.465530">
        <ele>341.769986</ele>
        <time>2026-09-18T22:00:06.852Z</time>
      </trkpt>
      <trkpt lat="43.252212" lon="-4.465516">
        <ele>342.360903</ele>
        <time>2026-09-18T22:00:11.772Z</time>
      </trkpt>
      <trkpt lat="43.252271" lon="-4.465542">
        <ele>342.675345</ele>
        <time>2026-09-18T22:00:14.119Z</time>
      </trkpt>
      <trkpt lat="43.252343" lon="-4.465640">
        <ele>343.189825</ele>
        <time>2026-09-18T22:00:17.753Z</time>
      </trkpt>
      <trkpt lat="43.252396" lon="-4.465785">
        <ele>343.789446</ele>
        <time>2026-09-18T22:00:21.472Z</time>
      </trkpt>
      <trkpt lat="43.252471" lon="-4.466664">
        <ele>347.060451</ele>
        <time>2026-09-18T22:00:35.697Z</time>
      </trkpt>
      <trkpt lat="43.252447" lon="-4.466939">
        <ele>348.084123</ele>
        <time>2026-09-18T22:00:39.034Z</time>
      </trkpt>
      <trkpt lat="43.252330" lon="-4.467293">
        <ele>349.482181</ele>
        <time>2026-09-18T22:00:45.304Z</time>
      </trkpt>
      <trkpt lat="43.252325" lon="-4.467462">
        <ele>350.077143</ele>
        <time>2026-09-18T22:00:48.532Z</time>
      </trkpt>
      <trkpt lat="43.252350" lon="-4.467634">
        <ele>350.694097</ele>
        <time>2026-09-18T22:00:52.141Z</time>
      </trkpt>
      <trkpt lat="43.252387" lon="-4.467834">
        <ele>351.419953</ele>
        <time>2026-09-18T22:00:56.687Z</time>
      </trkpt>
      <trkpt lat="43.252687" lon="-4.468600">
        <ele>354.479257</ele>
        <time>2026-09-18T22:01:19.538Z</time>
      </trkpt>
      <trkpt lat="43.252961" lon="-4.469571">
        <ele>358.505973</ele>
        <time>2026-09-18T22:01:51.112Z</time>
      </trkpt>
      <trkpt lat="43.253125" lon="-4.469877">
        <ele>360.501985</ele>
        <time>2026-09-18T22:02:02.291Z</time>
      </trkpt>
      <trkpt lat="43.253703" lon="-4.470751">
        <ele>366.704249</ele>
        <time>2026-09-18T22:02:39.122Z</time>
      </trkpt>
      <trkpt lat="43.253804" lon="-4.470801">
        <ele>367.478716</ele>
        <time>2026-09-18T22:02:44.004Z</time>
      </trkpt>
      <trkpt lat="43.253884" lon="-4.470716">
        <ele>368.208399</ele>
        <time>2026-09-18T22:02:48.602Z</time>
      </trkpt>
      <trkpt lat="43.253880" lon="-4.470537">
        <ele>369.149257</ele>
        <time>2026-09-18T22:02:54.603Z</time>
      </trkpt>
      <trkpt lat="43.253505" lon="-4.469685">
        <ele>374.680427</ele>
        <time>2026-09-18T22:03:29.909Z</time>
      </trkpt>
      <trkpt lat="43.253463" lon="-4.469551">
        <ele>375.504552</ele>
        <time>2026-09-18T22:03:35.295Z</time>
      </trkpt>
      <trkpt lat="43.253453" lon="-4.469386">
        <ele>376.439906</ele>
        <time>2026-09-18T22:03:41.352Z</time>
      </trkpt>
      <trkpt lat="43.253500" lon="-4.468225">
        <ele>383.008847</ele>
        <time>2026-09-18T22:04:20.334Z</time>
      </trkpt>
      <trkpt lat="43.253623" lon="-4.466958">
        <ele>389.460715</ele>
        <time>2026-09-18T22:04:57.440Z</time>
      </trkpt>
      <trkpt lat="43.253684" lon="-4.465853">
        <ele>394.904890</ele>
        <time>2026-09-18T22:05:29.456Z</time>
      </trkpt>
      <trkpt lat="43.253738" lon="-4.463476">
        <ele>409.611660</ele>
        <time>2026-09-18T22:06:52.472Z</time>
      </trkpt>
      <trkpt lat="43.254019" lon="-4.462053">
        <ele>420.715175</ele>
        <time>2026-09-18T22:07:56.816Z</time>
      </trkpt>
      <trkpt lat="43.254211" lon="-4.460673">
        <ele>431.916465</ele>
        <time>2026-09-18T22:08:57.261Z</time>
      </trkpt>
      <trkpt lat="43.254745" lon="-4.458493">
        <ele>451.387890</ele>
        <time>2026-09-18T22:10:39.365Z</time>
      </trkpt>
      <trkpt lat="43.254896" lon="-4.457652">
        <ele>458.126980</ele>
        <time>2026-09-18T22:11:21.650Z</time>
      </trkpt>
      <trkpt lat="43.254965" lon="-4.457127">
        <ele>462.189313</ele>
        <time>2026-09-18T22:11:46.430Z</time>
      </trkpt>
      <trkpt lat="43.254936" lon="-4.456985">
        <ele>463.312319</ele>
        <time>2026-09-18T22:11:53.582Z</time>
      </trkpt>
      <trkpt lat="43.254876" lon="-4.456910">
        <ele>464.160670</ele>
        <time>2026-09-18T22:11:58.625Z</time>
      </trkpt>
      <trkpt lat="43.254770" lon="-4.456901">
        <ele>465.271059</ele>
        <time>2026-09-18T22:12:05.241Z</time>
      </trkpt>
      <trkpt lat="43.254574" lon="-4.456979">
        <ele>467.404655</ele>
        <time>2026-09-18T22:12:16.485Z</time>
      </trkpt>
      <trkpt lat="43.254197" lon="-4.457213">
        <ele>471.648634</ele>
        <time>2026-09-18T22:12:35.820Z</time>
      </trkpt>
      <trkpt lat="43.253906" lon="-4.457326">
        <ele>472.488376</ele>
        <time>2026-09-18T22:12:45.780Z</time>
      </trkpt>
      <trkpt lat="43.253492" lon="-4.457623">
        <ele>473.785430</ele>
        <time>2026-09-18T22:12:57.942Z</time>
      </trkpt>
      <trkpt lat="43.252921" lon="-4.457959">
        <ele>475.510462</ele>
        <time>2026-09-18T22:13:09.760Z</time>
      </trkpt>
      <trkpt lat="43.252698" lon="-4.458152">
        <ele>476.242445</ele>
        <time>2026-09-18T22:13:12.891Z</time>
      </trkpt>
      <trkpt lat="43.251963" lon="-4.458943">
        <ele>482.245252</ele>
        <time>2026-09-18T22:13:36.440Z</time>
      </trkpt>
      <trkpt lat="43.251842" lon="-4.458929">
        <ele>483.099808</ele>
        <time>2026-09-18T22:13:41.744Z</time>
      </trkpt>
      <trkpt lat="43.251822" lon="-4.458882">
        <ele>483.378821</ele>
        <time>2026-09-18T22:13:43.489Z</time>
      </trkpt>
      <trkpt lat="43.251828" lon="-4.458811">
        <ele>483.745191</ele>
        <time>2026-09-18T22:13:45.968Z</time>
      </trkpt>
      <trkpt lat="43.252227" lon="-4.458334">
        <ele>487.468435</ele>
        <time>2026-09-18T22:14:15.046Z</time>
      </trkpt>
      <trkpt lat="43.252522" lon="-4.457893">
        <ele>491.668914</ele>
        <time>2026-09-18T22:14:45.475Z</time>
      </trkpt>
      <trkpt lat="43.252861" lon="-4.457276">
        <ele>499.170227</ele>
        <time>2026-09-18T22:15:29.239Z</time>
      </trkpt>
      <trkpt lat="43.253431" lon="-4.456488">
        <ele>509.949363</ele>
        <time>2026-09-18T22:16:27.553Z</time>
      </trkpt>
      <trkpt lat="43.253792" lon="-4.455874">
        <ele>515.945683</ele>
        <time>2026-09-18T22:17:00.673Z</time>
      </trkpt>
      <trkpt lat="43.254123" lon="-4.455163">
        <ele>521.018681</ele>
        <time>2026-09-18T22:17:29.220Z</time>
      </trkpt>
      <trkpt lat="43.254227" lon="-4.454990">
        <ele>522.367242</ele>
        <time>2026-09-18T22:17:36.429Z</time>
      </trkpt>
      <trkpt lat="43.254525" lon="-4.454607">
        <ele>525.736530</ele>
        <time>2026-09-18T22:17:53.093Z</time>
      </trkpt>
      <trkpt lat="43.254784" lon="-4.454226">
        <ele>528.823464</ele>
        <time>2026-09-18T22:18:08.360Z</time>
      </trkpt>
      <trkpt lat="43.255530" lon="-4.453014">
        <ele>537.799853</ele>
        <time>2026-09-18T22:19:01.402Z</time>
      </trkpt>
      <trkpt lat="43.255836" lon="-4.452436">
        <ele>541.841949</ele>
        <time>2026-09-18T22:19:27.389Z</time>
      </trkpt>
      <trkpt lat="43.256095" lon="-4.451822">
        <ele>543.423155</ele>
        <time>2026-09-18T22:19:53.028Z</time>
      </trkpt>
      <trkpt lat="43.256183" lon="-4.451524">
        <ele>544.077468</ele>
        <time>2026-09-18T22:20:02.742Z</time>
      </trkpt>
      <trkpt lat="43.256340" lon="-4.450512">
        <ele>546.182862</ele>
        <time>2026-09-18T22:20:19.859Z</time>
      </trkpt>
      <trkpt lat="43.256472" lon="-4.449968">
        <ele>546.299438</ele>
        <time>2026-09-18T22:20:24.017Z</time>
      </trkpt>
      <trkpt lat="43.256556" lon="-4.449814">
        <ele>545.155828</ele>
        <time>2026-09-18T22:20:25.302Z</time>
      </trkpt>
      <trkpt lat="43.256726" lon="-4.449652">
        <ele>543.467007</ele>
        <time>2026-09-18T22:20:27.150Z</time>
      </trkpt>
      <trkpt lat="43.256789" lon="-4.449532">
        <ele>542.587747</ele>
        <time>2026-09-18T22:20:28.088Z</time>
      </trkpt>
      <trkpt lat="43.256812" lon="-4.448812">
        <ele>538.304097</ele>
        <time>2026-09-18T22:20:32.583Z</time>
      </trkpt>
      <trkpt lat="43.256891" lon="-4.448546">
        <ele>536.596640</ele>
        <time>2026-09-18T22:20:34.375Z</time>
      </trkpt>
      <trkpt lat="43.257028" lon="-4.448247">
        <ele>534.496983</ele>
        <time>2026-09-18T22:20:36.591Z</time>
      </trkpt>
      <trkpt lat="43.257043" lon="-4.448163">
        <ele>533.982917</ele>
        <time>2026-09-18T22:20:37.135Z</time>
      </trkpt>
      <trkpt lat="43.257043" lon="-4.447489">
        <ele>530.444177</ele>
        <time>2026-09-18T22:20:41.421Z</time>
      </trkpt>
      <trkpt lat="43.257067" lon="-4.447119">
        <ele>528.661680</ele>
        <time>2026-09-18T22:20:43.810Z</time>
      </trkpt>
      <trkpt lat="43.257266" lon="-4.445862">
        <ele>522.489030</ele>
        <time>2026-09-18T22:20:52.373Z</time>
      </trkpt>
      <trkpt lat="43.257278" lon="-4.445646">
        <ele>521.449533</ele>
        <time>2026-09-18T22:20:53.869Z</time>
      </trkpt>
      <trkpt lat="43.257150" lon="-4.444227">
        <ele>516.357051</ele>
        <time>2026-09-18T22:21:04.096Z</time>
      </trkpt>
      <trkpt lat="43.257038" lon="-4.442292">
        <ele>506.812250</ele>
        <time>2026-09-18T22:21:17.475Z</time>
      </trkpt>
      <trkpt lat="43.257001" lon="-4.441955">
        <ele>504.233499</ele>
        <time>2026-09-18T22:21:19.614Z</time>
      </trkpt>
      <trkpt lat="43.256847" lon="-4.441048">
        <ele>497.186556</ele>
        <time>2026-09-18T22:21:25.297Z</time>
      </trkpt>
      <trkpt lat="43.256658" lon="-4.440735">
        <ele>494.110046</ele>
        <time>2026-09-18T22:21:27.754Z</time>
      </trkpt>
      <trkpt lat="43.256443" lon="-4.440512">
        <ele>492.240377</ele>
        <time>2026-09-18T22:21:30.006Z</time>
      </trkpt>
      <trkpt lat="43.256319" lon="-4.440488">
        <ele>491.484757</ele>
        <time>2026-09-18T22:21:31.054Z</time>
      </trkpt>
      <trkpt lat="43.256153" lon="-4.440549">
        <ele>490.447852</ele>
        <time>2026-09-18T22:21:32.506Z</time>
      </trkpt>
      <trkpt lat="43.256076" lon="-4.440612">
        <ele>489.906996</ele>
        <time>2026-09-18T22:21:33.266Z</time>
      </trkpt>
      <trkpt lat="43.255987" lon="-4.440781">
        <ele>488.990488</ele>
        <time>2026-09-18T22:21:34.563Z</time>
      </trkpt>
      <trkpt lat="43.255587" lon="-4.442466">
        <ele>482.493594</ele>
        <time>2026-09-18T22:21:49.176Z</time>
      </trkpt>
      <trkpt lat="43.255459" lon="-4.442836">
        <ele>482.271509</ele>
        <time>2026-09-18T22:21:58.646Z</time>
      </trkpt>
      <trkpt lat="43.255243" lon="-4.443350">
        <ele>481.949767</ele>
        <time>2026-09-18T22:22:09.577Z</time>
      </trkpt>
      <trkpt lat="43.255175" lon="-4.443407">
        <ele>481.890458</ele>
        <time>2026-09-18T22:22:11.226Z</time>
      </trkpt>
      <trkpt lat="43.255083" lon="-4.443410">
        <ele>481.821951</ele>
        <time>2026-09-18T22:22:12.834Z</time>
      </trkpt>
      <trkpt lat="43.255012" lon="-4.443362">
        <ele>481.763036</ele>
        <time>2026-09-18T22:22:14.212Z</time>
      </trkpt>
      <trkpt lat="43.254898" lon="-4.443225">
        <ele>481.650256</ele>
        <time>2026-09-18T22:22:16.316Z</time>
      </trkpt>
      <trkpt lat="43.254660" lon="-4.442772">
        <ele>481.347412</ele>
        <time>2026-09-18T22:22:20.512Z</time>
      </trkpt>
      <trkpt lat="43.254615" lon="-4.442552">
        <ele>479.990593</ele>
        <time>2026-09-18T22:22:22.011Z</time>
      </trkpt>
      <trkpt lat="43.254514" lon="-4.441319">
        <ele>471.968807</ele>
        <time>2026-09-18T22:22:29.765Z</time>
      </trkpt>
      <trkpt lat="43.254474" lon="-4.441035">
        <ele>470.098686</ele>
        <time>2026-09-18T22:22:31.572Z</time>
      </trkpt>
      <trkpt lat="43.254361" lon="-4.440629">
        <ele>467.288696</ele>
        <time>2026-09-18T22:22:34.296Z</time>
      </trkpt>
      <trkpt lat="43.254019" lon="-4.440018">
        <ele>462.181377</ele>
        <time>2026-09-18T22:22:39.156Z</time>
      </trkpt>
      <trkpt lat="43.253985" lon="-4.439756">
        <ele>460.390461</ele>
        <time>2026-09-18T22:22:40.850Z</time>
      </trkpt>
      <trkpt lat="43.254032" lon="-4.439326">
        <ele>457.464343</ele>
        <time>2026-09-18T22:22:43.647Z</time>
      </trkpt>
      <trkpt lat="43.254031" lon="-4.439141">
        <ele>456.219340</ele>
        <time>2026-09-18T22:22:44.829Z</time>
      </trkpt>
      <trkpt lat="43.253988" lon="-4.438924">
        <ele>454.705940</ele>
        <time>2026-09-18T22:22:46.264Z</time>
      </trkpt>
      <trkpt lat="43.253755" lon="-4.438071">
        <ele>448.550436</ele>
        <time>2026-09-18T22:22:51.988Z</time>
      </trkpt>
      <trkpt lat="43.253554" lon="-4.437680">
        <ele>444.876603</ele>
        <time>2026-09-18T22:22:54.987Z</time>
      </trkpt>
      <trkpt lat="43.253691" lon="-4.435807">
        <ele>430.426266</ele>
        <time>2026-09-18T22:23:06.694Z</time>
      </trkpt>
      <trkpt lat="43.253728" lon="-4.435519">
        <ele>428.302620</ele>
        <time>2026-09-18T22:23:08.510Z</time>
      </trkpt>
      <trkpt lat="43.253700" lon="-4.434833">
        <ele>423.425142</ele>
        <time>2026-09-18T22:23:12.796Z</time>
      </trkpt>
      <trkpt lat="43.253525" lon="-4.434188">
        <ele>418.538964</ele>
        <time>2026-09-18T22:23:17.115Z</time>
      </trkpt>
      <trkpt lat="43.253455" lon="-4.433597">
        <ele>414.288390</ele>
        <time>2026-09-18T22:23:20.895Z</time>
      </trkpt>
      <trkpt lat="43.253347" lon="-4.432290">
        <ele>406.285861</ele>
        <time>2026-09-18T22:23:29.346Z</time>
      </trkpt>
      <trkpt lat="43.252867" lon="-4.431028">
        <ele>398.024651</ele>
        <time>2026-09-18T22:23:38.558Z</time>
      </trkpt>
      <trkpt lat="43.252556" lon="-4.430312">
        <ele>392.920392</ele>
        <time>2026-09-18T22:23:43.925Z</time>
      </trkpt>
      <trkpt lat="43.252014" lon="-4.429221">
        <ele>384.826336</ele>
        <time>2026-09-18T22:23:52.363Z</time>
      </trkpt>
      <trkpt lat="43.251873" lon="-4.429013">
        <ele>383.084787</ele>
        <time>2026-09-18T22:23:54.175Z</time>
      </trkpt>
      <trkpt lat="43.251581" lon="-4.428735">
        <ele>379.472620</ele>
        <time>2026-09-18T22:23:57.251Z</time>
      </trkpt>
      <trkpt lat="43.251508" lon="-4.428588">
        <ele>378.131187</ele>
        <time>2026-09-18T22:23:58.364Z</time>
      </trkpt>
      <trkpt lat="43.251281" lon="-4.427888">
        <ele>372.353930</ele>
        <time>2026-09-18T22:24:03.120Z</time>
      </trkpt>
      <trkpt lat="43.251014" lon="-4.427383">
        <ele>367.648970</ele>
        <time>2026-09-18T22:24:06.946Z</time>
      </trkpt>
      <trkpt lat="43.250680" lon="-4.426964">
        <ele>363.578083</ele>
        <time>2026-09-18T22:24:10.826Z</time>
      </trkpt>
      <trkpt lat="43.250446" lon="-4.426858">
        <ele>362.315523</ele>
        <time>2026-09-18T22:24:13.008Z</time>
      </trkpt>
      <trkpt lat="43.250394" lon="-4.426801">
        <ele>361.974579</ele>
        <time>2026-09-18T22:24:13.608Z</time>
      </trkpt>
      <trkpt lat="43.250382" lon="-4.426707">
        <ele>361.618419</ele>
        <time>2026-09-18T22:24:14.237Z</time>
      </trkpt>
      <trkpt lat="43.250422" lon="-4.426630">
        <ele>361.265451</ele>
        <time>2026-09-18T22:24:14.861Z</time>
      </trkpt>
      <trkpt lat="43.250461" lon="-4.426604">
        <ele>361.043307</ele>
        <time>2026-09-18T22:24:15.267Z</time>
      </trkpt>
      <trkpt lat="43.250582" lon="-4.426616">
        <ele>360.421705</ele>
        <time>2026-09-18T22:24:16.403Z</time>
      </trkpt>
      <trkpt lat="43.250689" lon="-4.426645">
        <ele>359.862871</ele>
        <time>2026-09-18T22:24:17.434Z</time>
      </trkpt>
      <trkpt lat="43.250859" lon="-4.426743">
        <ele>358.918147</ele>
        <time>2026-09-18T22:24:19.215Z</time>
      </trkpt>
      <trkpt lat="43.251215" lon="-4.427002">
        <ele>356.853779</ele>
        <time>2026-09-18T22:24:23.368Z</time>
      </trkpt>
      <trkpt lat="43.251497" lon="-4.427218">
        <ele>355.199200</ele>
        <time>2026-09-18T22:24:27.216Z</time>
      </trkpt>
      <trkpt lat="43.251766" lon="-4.427552">
        <ele>353.550668</ele>
        <time>2026-09-18T22:24:31.371Z</time>
      </trkpt>
      <trkpt lat="43.252370" lon="-4.428062">
        <ele>350.387546</ele>
        <time>2026-09-18T22:24:38.307Z</time>
      </trkpt>
      <trkpt lat="43.252979" lon="-4.428642">
        <ele>347.081278</ele>
        <time>2026-09-18T22:24:45.096Z</time>
      </trkpt>
      <trkpt lat="43.253309" lon="-4.428999">
        <ele>344.615037</ele>
        <time>2026-09-18T22:24:48.876Z</time>
      </trkpt>
      <trkpt lat="43.253698" lon="-4.429104">
        <ele>342.241883</ele>
        <time>2026-09-18T22:24:52.473Z</time>
      </trkpt>
      <trkpt lat="43.253789" lon="-4.429181">
        <ele>341.602014</ele>
        <time>2026-09-18T22:24:53.454Z</time>
      </trkpt>
      <trkpt lat="43.253905" lon="-4.429339">
        <ele>340.623912</ele>
        <time>2026-09-18T22:24:54.959Z</time>
      </trkpt>
      <trkpt lat="43.253997" lon="-4.429391">
        <ele>340.028355</ele>
        <time>2026-09-18T22:24:55.884Z</time>
      </trkpt>
      <trkpt lat="43.254059" lon="-4.429363">
        <ele>339.637658</ele>
        <time>2026-09-18T22:24:56.491Z</time>
      </trkpt>
      <trkpt lat="43.254105" lon="-4.429254">
        <ele>339.088427</ele>
        <time>2026-09-18T22:24:57.343Z</time>
      </trkpt>
      <trkpt lat="43.254092" lon="-4.429187">
        <ele>338.786133</ele>
        <time>2026-09-18T22:24:57.811Z</time>
      </trkpt>
      <trkpt lat="43.253987" lon="-4.428990">
        <ele>337.721834</ele>
        <time>2026-09-18T22:24:59.471Z</time>
      </trkpt>
      <trkpt lat="43.253892" lon="-4.428895">
        <ele>337.018315</ele>
        <time>2026-09-18T22:25:00.576Z</time>
      </trkpt>
      <trkpt lat="43.253686" lon="-4.428786">
        <ele>335.523108</ele>
        <time>2026-09-18T22:25:02.646Z</time>
      </trkpt>
      <trkpt lat="43.253541" lon="-4.428780">
        <ele>334.337436</ele>
        <time>2026-09-18T22:25:03.988Z</time>
      </trkpt>
      <trkpt lat="43.253392" lon="-4.428702">
        <ele>333.034094</ele>
        <time>2026-09-18T22:25:05.470Z</time>
      </trkpt>
      <trkpt lat="43.253061" lon="-4.428074">
        <ele>328.419458</ele>
        <time>2026-09-18T22:25:10.578Z</time>
      </trkpt>
      <trkpt lat="43.252886" lon="-4.427542">
        <ele>324.944479</ele>
        <time>2026-09-18T22:25:14.277Z</time>
      </trkpt>
      <trkpt lat="43.252720" lon="-4.427289">
        <ele>322.917374</ele>
        <time>2026-09-18T22:25:16.391Z</time>
      </trkpt>
      <trkpt lat="43.252722" lon="-4.427132">
        <ele>321.982617</ele>
        <time>2026-09-18T22:25:17.361Z</time>
      </trkpt>
      <trkpt lat="43.252804" lon="-4.426849">
        <ele>319.734998</ele>
        <time>2026-09-18T22:25:19.244Z</time>
      </trkpt>
      <trkpt lat="43.252856" lon="-4.426413">
        <ele>316.227003</ele>
        <time>2026-09-18T22:25:21.962Z</time>
      </trkpt>
      <trkpt lat="43.252879" lon="-4.425797">
        <ele>311.329476</ele>
        <time>2026-09-18T22:25:25.755Z</time>
      </trkpt>
      <trkpt lat="43.252868" lon="-4.425344">
        <ele>307.730610</ele>
        <time>2026-09-18T22:25:28.563Z</time>
      </trkpt>
      <trkpt lat="43.252893" lon="-4.425190">
        <ele>306.477829</ele>
        <time>2026-09-18T22:25:29.549Z</time>
      </trkpt>
      <trkpt lat="43.252931" lon="-4.425110">
        <ele>305.719473</ele>
        <time>2026-09-18T22:25:30.148Z</time>
      </trkpt>
      <trkpt lat="43.253213" lon="-4.424813">
        <ele>301.848014</ele>
        <time>2026-09-18T22:25:33.223Z</time>
      </trkpt>
      <trkpt lat="43.253231" lon="-4.424619">
        <ele>300.563406</ele>
        <time>2026-09-18T22:25:34.469Z</time>
      </trkpt>
      <trkpt lat="43.253132" lon="-4.424443">
        <ele>299.102689</ele>
        <time>2026-09-18T22:25:35.890Z</time>
      </trkpt>
      <trkpt lat="43.252852" lon="-4.424278">
        <ele>296.354693</ele>
        <time>2026-09-18T22:25:38.556Z</time>
      </trkpt>
      <trkpt lat="43.252735" lon="-4.424155">
        <ele>295.025711</ele>
        <time>2026-09-18T22:25:39.844Z</time>
      </trkpt>
      <trkpt lat="43.252294" lon="-4.423496">
        <ele>289.147221</ele>
        <time>2026-09-18T22:25:45.565Z</time>
      </trkpt>
      <trkpt lat="43.251727" lon="-4.422063">
        <ele>277.308180</ele>
        <time>2026-09-18T22:25:55.817Z</time>
      </trkpt>
      <trkpt lat="43.251641" lon="-4.421943">
        <ele>276.029430</ele>
        <time>2026-09-18T22:25:56.862Z</time>
      </trkpt>
      <trkpt lat="43.251225" lon="-4.421695">
        <ele>271.299745</ele>
        <time>2026-09-18T22:26:00.712Z</time>
      </trkpt>
      <trkpt lat="43.251119" lon="-4.421564">
        <ele>269.812415</ele>
        <time>2026-09-18T22:26:01.922Z</time>
      </trkpt>
      <trkpt lat="43.250888" lon="-4.420905">
        <ele>264.552578</ele>
        <time>2026-09-18T22:26:06.466Z</time>
      </trkpt>
      <trkpt lat="43.250847" lon="-4.420587">
        <ele>262.375373</ele>
        <time>2026-09-18T22:26:08.481Z</time>
      </trkpt>
      <trkpt lat="43.250955" lon="-4.419237">
        <ele>253.219285</ele>
        <time>2026-09-18T22:26:17.105Z</time>
      </trkpt>
      <trkpt lat="43.250991" lon="-4.419151">
        <ele>252.550562</ele>
        <time>2026-09-18T22:26:17.736Z</time>
      </trkpt>
      <trkpt lat="43.251250" lon="-4.418952">
        <ele>249.899017</ele>
        <time>2026-09-18T22:26:20.350Z</time>
      </trkpt>
      <trkpt lat="43.251317" lon="-4.418855">
        <ele>249.197213</ele>
        <time>2026-09-18T22:26:21.211Z</time>
      </trkpt>
      <trkpt lat="43.251744" lon="-4.417506">
        <ele>241.475377</ele>
        <time>2026-09-18T22:26:30.751Z</time>
      </trkpt>
      <trkpt lat="43.251849" lon="-4.417278">
        <ele>240.059236</ele>
        <time>2026-09-18T22:26:32.530Z</time>
      </trkpt>
      <trkpt lat="43.252006" lon="-4.417083">
        <ele>238.533283</ele>
        <time>2026-09-18T22:26:34.441Z</time>
      </trkpt>
      <trkpt lat="43.252184" lon="-4.416984">
        <ele>237.189200</ele>
        <time>2026-09-18T22:26:36.171Z</time>
      </trkpt>
      <trkpt lat="43.252482" lon="-4.416869">
        <ele>235.690661</ele>
        <time>2026-09-18T22:26:39.000Z</time>
      </trkpt>
      <trkpt lat="43.252672" lon="-4.416777">
        <ele>234.715334</ele>
        <time>2026-09-18T22:26:40.943Z</time>
      </trkpt>
      <trkpt lat="43.252793" lon="-4.416660">
        <ele>233.998878</ele>
        <time>2026-09-18T22:26:42.440Z</time>
      </trkpt>
      <trkpt lat="43.253075" lon="-4.416095">
        <ele>231.583850</ele>
        <time>2026-09-18T22:26:47.643Z</time>
      </trkpt>
      <trkpt lat="43.253160" lon="-4.415993">
        <ele>231.037346</ele>
        <time>2026-09-18T22:26:48.780Z</time>
      </trkpt>
      <trkpt lat="43.253346" lon="-4.415929">
        <ele>230.109063</ele>
        <time>2026-09-18T22:26:50.626Z</time>
      </trkpt>
      <trkpt lat="43.253394" lon="-4.415924">
        <ele>229.876024</ele>
        <time>2026-09-18T22:26:51.084Z</time>
      </trkpt>
      <trkpt lat="43.253557" lon="-4.415911">
        <ele>229.085600</ele>
        <time>2026-09-18T22:26:52.593Z</time>
      </trkpt>
      <trkpt lat="43.253747" lon="-4.415853">
        <ele>227.734100</ele>
        <time>2026-09-18T22:26:54.376Z</time>
      </trkpt>
      <trkpt lat="43.253896" lon="-4.415716">
        <ele>226.021480</ele>
        <time>2026-09-18T22:26:55.991Z</time>
      </trkpt>
      <trkpt lat="43.254085" lon="-4.415432">
        <ele>223.345568</ele>
        <time>2026-09-18T22:26:58.474Z</time>
      </trkpt>
      <trkpt lat="43.254091" lon="-4.415309">
        <ele>222.488090</ele>
        <time>2026-09-18T22:26:59.249Z</time>
      </trkpt>
      <trkpt lat="43.254043" lon="-4.415176">
        <ele>221.455620</ele>
        <time>2026-09-18T22:27:00.180Z</time>
      </trkpt>
      <trkpt lat="43.253879" lon="-4.415013">
        <ele>219.522052</ele>
        <time>2026-09-18T22:27:01.896Z</time>
      </trkpt>
      <trkpt lat="43.253684" lon="-4.414854">
        <ele>217.356075</ele>
        <time>2026-09-18T22:27:03.815Z</time>
      </trkpt>
      <trkpt lat="43.253443" lon="-4.414732">
        <ele>214.902968</ele>
        <time>2026-09-18T22:27:05.981Z</time>
      </trkpt>
      <trkpt lat="43.253139" lon="-4.414738">
        <ele>211.999342</ele>
        <time>2026-09-18T22:27:08.560Z</time>
      </trkpt>
      <trkpt lat="43.252911" lon="-4.414813">
        <ele>209.948321</ele>
        <time>2026-09-18T22:27:10.583Z</time>
      </trkpt>
      <trkpt lat="43.252814" lon="-4.414899">
        <ele>208.973139</ele>
        <time>2026-09-18T22:27:11.581Z</time>
      </trkpt>
      <trkpt lat="43.252372" lon="-4.415438">
        <ele>203.980360</ele>
        <time>2026-09-18T22:27:16.718Z</time>
      </trkpt>
      <trkpt lat="43.252311" lon="-4.415560">
        <ele>203.070083</ele>
        <time>2026-09-18T22:27:17.672Z</time>
      </trkpt>
      <trkpt lat="43.252215" lon="-4.415673">
        <ele>202.002129</ele>
        <time>2026-09-18T22:27:18.808Z</time>
      </trkpt>
      <trkpt lat="43.252094" lon="-4.415761">
        <ele>200.845692</ele>
        <time>2026-09-18T22:27:20.045Z</time>
      </trkpt>
      <trkpt lat="43.252031" lon="-4.415746">
        <ele>200.305677</ele>
        <time>2026-09-18T22:27:20.648Z</time>
      </trkpt>
      <trkpt lat="43.252020" lon="-4.415628">
        <ele>199.573898</ele>
        <time>2026-09-18T22:27:21.436Z</time>
      </trkpt>
      <trkpt lat="43.252455" lon="-4.414800">
        <ele>193.347139</ele>
        <time>2026-09-18T22:27:28.108Z</time>
      </trkpt>
      <trkpt lat="43.252986" lon="-4.413502">
        <ele>184.357655</ele>
        <time>2026-09-18T22:27:37.558Z</time>
      </trkpt>
      <trkpt lat="43.253097" lon="-4.413283">
        <ele>182.746574</ele>
        <time>2026-09-18T22:27:39.264Z</time>
      </trkpt>
      <trkpt lat="43.253273" lon="-4.412784">
        <ele>180.054833</ele>
        <time>2026-09-18T22:27:42.793Z</time>
      </trkpt>
      <trkpt lat="43.253306" lon="-4.412371">
        <ele>178.419231</ele>
        <time>2026-09-18T22:27:45.443Z</time>
      </trkpt>
      <trkpt lat="43.253706" lon="-4.411203">
        <ele>173.338272</ele>
        <time>2026-09-18T22:27:54.311Z</time>
      </trkpt>
      <trkpt lat="43.253737" lon="-4.411142">
        <ele>173.045457</ele>
        <time>2026-09-18T22:27:54.899Z</time>
      </trkpt>
      <trkpt lat="43.253788" lon="-4.411119">
        <ele>172.755310</ele>
        <time>2026-09-18T22:27:55.458Z</time>
      </trkpt>
      <trkpt lat="43.254023" lon="-4.411156">
        <ele>171.502421</ele>
        <time>2026-09-18T22:27:58.088Z</time>
      </trkpt>
      <trkpt lat="43.254065" lon="-4.411199">
        <ele>171.304390</ele>
        <time>2026-09-18T22:27:58.699Z</time>
      </trkpt>
      <trkpt lat="43.254199" lon="-4.411510">
        <ele>170.309616</ele>
        <time>2026-09-18T22:28:01.683Z</time>
      </trkpt>
      <trkpt lat="43.254264" lon="-4.411561">
        <ele>170.026638</ele>
        <time>2026-09-18T22:28:02.532Z</time>
      </trkpt>
      <trkpt lat="43.254355" lon="-4.411574">
        <ele>169.680813</ele>
        <time>2026-09-18T22:28:03.598Z</time>
      </trkpt>
      <trkpt lat="43.254839" lon="-4.411514">
        <ele>167.843914</ele>
        <time>2026-09-18T22:28:09.061Z</time>
      </trkpt>
      <trkpt lat="43.254938" lon="-4.411472">
        <ele>167.452251</ele>
        <time>2026-09-18T22:28:10.118Z</time>
      </trkpt>
      <trkpt lat="43.255039" lon="-4.411365">
        <ele>166.970055</ele>
        <time>2026-09-18T22:28:11.368Z</time>
      </trkpt>
      <trkpt lat="43.255192" lon="-4.411135">
        <ele>166.112523</ele>
        <time>2026-09-18T22:28:13.485Z</time>
      </trkpt>
      <trkpt lat="43.255385" lon="-4.410657">
        <ele>164.581976</ele>
        <time>2026-09-18T22:28:17.063Z</time>
      </trkpt>
      <trkpt lat="43.255429" lon="-4.410477">
        <ele>163.971963</ele>
        <time>2026-09-18T22:28:18.288Z</time>
      </trkpt>
      <trkpt lat="43.255451" lon="-4.410328">
        <ele>163.483513</ele>
        <time>2026-09-18T22:28:19.270Z</time>
      </trkpt>
      <trkpt lat="43.255451" lon="-4.409787">
        <ele>161.745376</ele>
        <time>2026-09-18T22:28:22.786Z</time>
      </trkpt>
      <trkpt lat="43.255398" lon="-4.409410">
        <ele>160.511782</ele>
        <time>2026-09-18T22:28:25.364Z</time>
      </trkpt>
      <trkpt lat="43.255313" lon="-4.409269">
        <ele>159.923720</ele>
        <time>2026-09-18T22:28:26.646Z</time>
      </trkpt>
      <trkpt lat="43.255023" lon="-4.409082">
        <ele>158.510369</ele>
        <time>2026-09-18T22:28:29.933Z</time>
      </trkpt>
      <trkpt lat="43.254788" lon="-4.408924">
        <ele>157.356083</ele>
        <time>2026-09-18T22:28:33.060Z</time>
      </trkpt>
      <trkpt lat="43.254681" lon="-4.408795">
        <ele>156.826863</ele>
        <time>2026-09-18T22:28:35.050Z</time>
      </trkpt>
      <trkpt lat="43.254394" lon="-4.408259">
        <ele>156.783718</ele>
        <time>2026-09-18T22:28:42.330Z</time>
      </trkpt>
      <trkpt lat="43.254348" lon="-4.408076">
        <ele>156.771163</ele>
        <time>2026-09-18T22:28:44.576Z</time>
      </trkpt>
      <trkpt lat="43.254304" lon="-4.407801">
        <ele>156.752903</ele>
        <time>2026-09-18T22:28:48.009Z</time>
      </trkpt>
      <trkpt lat="43.254225" lon="-4.407384">
        <ele>156.724959</ele>
        <time>2026-09-18T22:28:53.283Z</time>
      </trkpt>
      <trkpt lat="43.254377" lon="-4.407241">
        <ele>156.708552</ele>
        <time>2026-09-18T22:28:56.192Z</time>
      </trkpt>
      <trkpt lat="43.254433" lon="-4.407152">
        <ele>156.700924</ele>
        <time>2026-09-18T22:28:57.487Z</time>
      </trkpt>
      <trkpt lat="43.254500" lon="-4.407032">
        <ele>156.691118</ele>
        <time>2026-09-18T22:28:59.081Z</time>
      </trkpt>
      <trkpt lat="43.254695" lon="-4.406628">
        <ele>156.735726</ele>
        <time>2026-09-18T22:29:03.886Z</time>
      </trkpt>
      <trkpt lat="43.254747" lon="-4.406527">
        <ele>156.795074</ele>
        <time>2026-09-18T22:29:05.033Z</time>
      </trkpt>
      <trkpt lat="43.254629" lon="-4.406246">
        <ele>156.950707</ele>
        <time>2026-09-18T22:29:08.134Z</time>
      </trkpt>
      <trkpt lat="43.254204" lon="-4.405658">
        <ele>157.348190</ele>
        <time>2026-09-18T22:29:17.435Z</time>
      </trkpt>
      <trkpt lat="43.253940" lon="-4.405277">
        <ele>157.600518</ele>
        <time>2026-09-18T22:29:25.269Z</time>
      </trkpt>
      <trkpt lat="43.253876" lon="-4.405186">
        <ele>157.661216</ele>
        <time>2026-09-18T22:29:27.266Z</time>
      </trkpt>
      <trkpt lat="43.253631" lon="-4.404840">
        <ele>157.951061</ele>
        <time>2026-09-18T22:29:35.021Z</time>
      </trkpt>
      <trkpt lat="43.253343" lon="-4.404439">
        <ele>158.624433</ele>
        <time>2026-09-18T22:29:44.397Z</time>
      </trkpt>
      <trkpt lat="43.253199" lon="-4.404195">
        <ele>158.999934</ele>
        <time>2026-09-18T22:29:49.339Z</time>
      </trkpt>
      <trkpt lat="43.253019" lon="-4.403760">
        <ele>159.598139</ele>
        <time>2026-09-18T22:29:56.830Z</time>
      </trkpt>
      <trkpt lat="43.252905" lon="-4.403265">
        <ele>160.218888</ele>
        <time>2026-09-18T22:30:05.110Z</time>
      </trkpt>
      <trkpt lat="43.252872" lon="-4.402941">
        <ele>160.610061</ele>
        <time>2026-09-18T22:30:10.333Z</time>
      </trkpt>
      <trkpt lat="43.252878" lon="-4.402656">
        <ele>160.910285</ele>
        <time>2026-09-18T22:30:14.679Z</time>
      </trkpt>
      <trkpt lat="43.252906" lon="-4.402237">
        <ele>161.271722</ele>
        <time>2026-09-18T22:30:20.849Z</time>
      </trkpt>
      <trkpt lat="43.252949" lon="-4.401788">
        <ele>161.660737</ele>
        <time>2026-09-18T22:30:27.152Z</time>
      </trkpt>
      <trkpt lat="43.253065" lon="-4.400545">
        <ele>162.737213</ele>
        <time>2026-09-18T22:30:44.150Z</time>
      </trkpt>
      <trkpt lat="43.253092" lon="-4.400203">
        <ele>163.124981</ele>
        <time>2026-09-18T22:30:48.848Z</time>
      </trkpt>
      <trkpt lat="43.253098" lon="-4.399668">
        <ele>163.988861</ele>
        <time>2026-09-18T22:30:56.765Z</time>
      </trkpt>
      <trkpt lat="43.253027" lon="-4.399012">
        <ele>165.059628</ele>
        <time>2026-09-18T22:31:07.707Z</time>
      </trkpt>
      <trkpt lat="43.252514" lon="-4.396694">
        <ele>169.389239</ele>
        <time>2026-09-18T22:31:55.168Z</time>
      </trkpt>
      <trkpt lat="43.252483" lon="-4.396552">
        <ele>169.677256</ele>
        <time>2026-09-18T22:31:57.985Z</time>
      </trkpt>
      <trkpt lat="43.252382" lon="-4.396106">
        <ele>170.584703</ele>
        <time>2026-09-18T22:32:06.845Z</time>
      </trkpt>
      <trkpt lat="43.252092" lon="-4.394754">
        <ele>172.747468</ele>
        <time>2026-09-18T22:32:29.875Z</time>
      </trkpt>
      <trkpt lat="43.252037" lon="-4.394216">
        <ele>173.425672</ele>
        <time>2026-09-18T22:32:38.547Z</time>
      </trkpt>
      <trkpt lat="43.252037" lon="-4.393474">
        <ele>174.351958</ele>
        <time>2026-09-18T22:32:49.813Z</time>
      </trkpt>
      <trkpt lat="43.252192" lon="-4.390856">
        <ele>177.283283</ele>
        <time>2026-09-18T22:33:29.784Z</time>
      </trkpt>
      <trkpt lat="43.252396" lon="-4.387565">
        <ele>180.964554</ele>
        <time>2026-09-18T22:34:19.327Z</time>
      </trkpt>
      <trkpt lat="43.252667" lon="-4.385985">
        <ele>183.004349</ele>
        <time>2026-09-18T22:34:47.199Z</time>
      </trkpt>
      <trkpt lat="43.253152" lon="-4.384293">
        <ele>184.577412</ele>
        <time>2026-09-18T22:35:10.458Z</time>
      </trkpt>
      <trkpt lat="43.253219" lon="-4.383760">
        <ele>185.017499</ele>
        <time>2026-09-18T22:35:18.274Z</time>
      </trkpt>
      <trkpt lat="43.253099" lon="-4.382275">
        <ele>186.295170</ele>
        <time>2026-09-18T22:35:42.072Z</time>
      </trkpt>
      <trkpt lat="43.253000" lon="-4.381551">
        <ele>186.933489</ele>
        <time>2026-09-18T22:35:51.905Z</time>
      </trkpt>
      <trkpt lat="43.252984" lon="-4.380966">
        <ele>187.451037</ele>
        <time>2026-09-18T22:35:59.214Z</time>
      </trkpt>
      <trkpt lat="43.253050" lon="-4.380595">
        <ele>187.938546</ele>
        <time>2026-09-18T22:36:03.895Z</time>
      </trkpt>
      <trkpt lat="43.253103" lon="-4.380455">
        <ele>188.139957</ele>
        <time>2026-09-18T22:36:05.889Z</time>
      </trkpt>
      <trkpt lat="43.253190" lon="-4.380310">
        <ele>188.379770</ele>
        <time>2026-09-18T22:36:08.366Z</time>
      </trkpt>
      <trkpt lat="43.253562" lon="-4.379836">
        <ele>189.269257</ele>
        <time>2026-09-18T22:36:18.766Z</time>
      </trkpt>
      <trkpt lat="43.253768" lon="-4.379310">
        <ele>190.031611</ele>
        <time>2026-09-18T22:36:29.966Z</time>
      </trkpt>
      <trkpt lat="43.254061" lon="-4.378231">
        <ele>191.816134</ele>
        <time>2026-09-18T22:36:52.373Z</time>
      </trkpt>
      <trkpt lat="43.255423" lon="-4.373542">
        <ele>199.506133</ele>
        <time>2026-09-18T22:38:18.043Z</time>
      </trkpt>
      <trkpt lat="43.255622" lon="-4.372679">
        <ele>200.498163</ele>
        <time>2026-09-18T22:38:31.233Z</time>
      </trkpt>
      <trkpt lat="43.255757" lon="-4.371839">
        <ele>201.425885</ele>
        <time>2026-09-18T22:38:42.991Z</time>
      </trkpt>
      <trkpt lat="43.255854" lon="-4.370721">
        <ele>202.533411</ele>
        <time>2026-09-18T22:38:58.517Z</time>
      </trkpt>
      <trkpt lat="43.255880" lon="-4.369546">
        <ele>203.689763</ele>
        <time>2026-09-18T22:39:16.375Z</time>
      </trkpt>
      <trkpt lat="43.255885" lon="-4.369306">
        <ele>204.106644</ele>
        <time>2026-09-18T22:39:20.345Z</time>
      </trkpt>
      <trkpt lat="43.255899" lon="-4.368352">
        <ele>205.884903</ele>
        <time>2026-09-18T22:39:37.074Z</time>
      </trkpt>
      <trkpt lat="43.255901" lon="-4.368202">
        <ele>206.164494</ele>
        <time>2026-09-18T22:39:39.827Z</time>
      </trkpt>
      <trkpt lat="43.255991" lon="-4.363290">
        <ele>217.170423</ele>
        <time>2026-09-18T22:41:15.843Z</time>
      </trkpt>
      <trkpt lat="43.256069" lon="-4.362490">
        <ele>219.349571</ele>
        <time>2026-09-18T22:41:34.711Z</time>
      </trkpt>
      <trkpt lat="43.256231" lon="-4.361043">
        <ele>222.963052</ele>
        <time>2026-09-18T22:42:10.820Z</time>
      </trkpt>
      <trkpt lat="43.256234" lon="-4.360539">
        <ele>224.166350</ele>
        <time>2026-09-18T22:42:20.897Z</time>
      </trkpt>
      <trkpt lat="43.256194" lon="-4.359940">
        <ele>225.602411</ele>
        <time>2026-09-18T22:42:30.816Z</time>
      </trkpt>
      <trkpt lat="43.256123" lon="-4.359636">
        <ele>226.331754</ele>
        <time>2026-09-18T22:42:35.698Z</time>
      </trkpt>
      <trkpt lat="43.255991" lon="-4.359182">
        <ele>227.101914</ele>
        <time>2026-09-18T22:42:42.668Z</time>
      </trkpt>
      <trkpt lat="43.255944" lon="-4.359029">
        <ele>227.363528</ele>
        <time>2026-09-18T22:42:44.808Z</time>
      </trkpt>
      <trkpt lat="43.255882" lon="-4.358824">
        <ele>227.713244</ele>
        <time>2026-09-18T22:42:47.747Z</time>
      </trkpt>
      <trkpt lat="43.255812" lon="-4.358598">
        <ele>228.100166</ele>
        <time>2026-09-18T22:42:51.366Z</time>
      </trkpt>
      <trkpt lat="43.255652" lon="-4.358085">
        <ele>228.979386</ele>
        <time>2026-09-18T22:43:00.676Z</time>
      </trkpt>
      <trkpt lat="43.255488" lon="-4.357668">
        <ele>229.726037</ele>
        <time>2026-09-18T22:43:09.752Z</time>
      </trkpt>
      <trkpt lat="43.255210" lon="-4.357121">
        <ele>231.666851</ele>
        <time>2026-09-18T22:43:24.323Z</time>
      </trkpt>
      <trkpt lat="43.255018" lon="-4.356735">
        <ele>233.463799</ele>
        <time>2026-09-18T22:43:35.174Z</time>
      </trkpt>
      <trkpt lat="43.254989" lon="-4.356672">
        <ele>233.750309</ele>
        <time>2026-09-18T22:43:36.971Z</time>
      </trkpt>
      <trkpt lat="43.254708" lon="-4.356096">
        <ele>236.415485</ele>
        <time>2026-09-18T22:43:54.372Z</time>
      </trkpt>
      <trkpt lat="43.254581" lon="-4.355823">
        <ele>237.660806</ele>
        <time>2026-09-18T22:44:03.486Z</time>
      </trkpt>
      <trkpt lat="43.254472" lon="-4.355477">
        <ele>239.110041</ele>
        <time>2026-09-18T22:44:14.935Z</time>
      </trkpt>
      <trkpt lat="43.254434" lon="-4.355244">
        <ele>240.179013</ele>
        <time>2026-09-18T22:44:22.850Z</time>
      </trkpt>
      <trkpt lat="43.254450" lon="-4.354844">
        <ele>242.339239</ele>
        <time>2026-09-18T22:44:37.179Z</time>
      </trkpt>
      <trkpt lat="43.254502" lon="-4.354586">
        <ele>243.782777</ele>
        <time>2026-09-18T22:44:47.316Z</time>
      </trkpt>
      <trkpt lat="43.254584" lon="-4.354355">
        <ele>245.168507</ele>
        <time>2026-09-18T22:44:56.734Z</time>
      </trkpt>
      <trkpt lat="43.254708" lon="-4.354117">
        <ele>246.746480</ele>
        <time>2026-09-18T22:45:07.088Z</time>
      </trkpt>
      <trkpt lat="43.255095" lon="-4.353472">
        <ele>251.252841</ele>
        <time>2026-09-18T22:45:34.374Z</time>
      </trkpt>
      <trkpt lat="43.255471" lon="-4.352845">
        <ele>253.963434</ele>
        <time>2026-09-18T22:45:57.046Z</time>
      </trkpt>
      <trkpt lat="43.255534" lon="-4.352700">
        <ele>254.303162</ele>
        <time>2026-09-18T22:46:00.866Z</time>
      </trkpt>
      <trkpt lat="43.255597" lon="-4.352468">
        <ele>254.801362</ele>
        <time>2026-09-18T22:46:05.884Z</time>
      </trkpt>
      <trkpt lat="43.255758" lon="-4.351824">
        <ele>256.171369</ele>
        <time>2026-09-18T22:46:15.721Z</time>
      </trkpt>
      <trkpt lat="43.255852" lon="-4.351621">
        <ele>256.655391</ele>
        <time>2026-09-18T22:46:18.885Z</time>
      </trkpt>
      <trkpt lat="43.256158" lon="-4.351293">
        <ele>257.727884</ele>
        <time>2026-09-18T22:46:26.477Z</time>
      </trkpt>
      <trkpt lat="43.256613" lon="-4.350963">
        <ele>259.185835</ele>
        <time>2026-09-18T22:46:36.664Z</time>
      </trkpt>
      <trkpt lat="43.256812" lon="-4.350746">
        <ele>259.908969</ele>
        <time>2026-09-18T22:46:41.694Z</time>
      </trkpt>
      <trkpt lat="43.257089" lon="-4.350331">
        <ele>261.075600</ele>
        <time>2026-09-18T22:46:51.384Z</time>
      </trkpt>
      <trkpt lat="43.257396" lon="-4.349732">
        <ele>262.593568</ele>
        <time>2026-09-18T22:47:07.788Z</time>
      </trkpt>
      <trkpt lat="43.257449" lon="-4.349577">
        <ele>262.948437</ele>
        <time>2026-09-18T22:47:12.213Z</time>
      </trkpt>
      <trkpt lat="43.257473" lon="-4.349407">
        <ele>263.619841</ele>
        <time>2026-09-18T22:47:16.833Z</time>
      </trkpt>
      <trkpt lat="43.257600" lon="-4.347918">
        <ele>270.611446</ele>
        <time>2026-09-18T22:48:00.659Z</time>
      </trkpt>
      <trkpt lat="43.257636" lon="-4.347738">
        <ele>271.481977</ele>
        <time>2026-09-18T22:48:06.567Z</time>
      </trkpt>
      <trkpt lat="43.257825" lon="-4.347261">
        <ele>274.014442</ele>
        <time>2026-09-18T22:48:23.860Z</time>
      </trkpt>
      <trkpt lat="43.258072" lon="-4.346425">
        <ele>278.765628</ele>
        <time>2026-09-18T22:48:53.459Z</time>
      </trkpt>
      <trkpt lat="43.258165" lon="-4.346274">
        <ele>279.825416</ele>
        <time>2026-09-18T22:49:00.080Z</time>
      </trkpt>
      <trkpt lat="43.258498" lon="-4.346090">
        <ele>282.466763</ele>
        <time>2026-09-18T22:49:16.717Z</time>
      </trkpt>
      <trkpt lat="43.258579" lon="-4.346000">
        <ele>283.233500</ele>
        <time>2026-09-18T22:49:21.530Z</time>
      </trkpt>
      <trkpt lat="43.258682" lon="-4.345782">
        <ele>284.626081</ele>
        <time>2026-09-18T22:49:30.325Z</time>
      </trkpt>
      <trkpt lat="43.258798" lon="-4.345389">
        <ele>286.898560</ele>
        <time>2026-09-18T22:49:44.330Z</time>
      </trkpt>
      <trkpt lat="43.259189" lon="-4.344734">
        <ele>290.262379</ele>
        <time>2026-09-18T22:50:08.748Z</time>
      </trkpt>
      <trkpt lat="43.259294" lon="-4.344502">
        <ele>291.252001</ele>
        <time>2026-09-18T22:50:15.397Z</time>
      </trkpt>
      <trkpt lat="43.259357" lon="-4.344257">
        <ele>292.193337</ele>
        <time>2026-09-18T22:50:21.239Z</time>
      </trkpt>
      <trkpt lat="43.259502" lon="-4.343962">
        <ele>293.482767</ele>
        <time>2026-09-18T22:50:28.729Z</time>
      </trkpt>
      <trkpt lat="43.259891" lon="-4.343306">
        <ele>296.547657</ele>
        <time>2026-09-18T22:50:47.459Z</time>
      </trkpt>
      <trkpt lat="43.260086" lon="-4.343038">
        <ele>298.394439</ele>
        <time>2026-09-18T22:50:57.320Z</time>
      </trkpt>
      <trkpt lat="43.260088" lon="-4.342875">
        <ele>299.226181</ele>
        <time>2026-09-18T22:51:01.826Z</time>
      </trkpt>
      <trkpt lat="43.259977" lon="-4.342367">
        <ele>301.932142</ele>
        <time>2026-09-18T22:51:16.454Z</time>
      </trkpt>
      <trkpt lat="43.259986" lon="-4.342287">
        <ele>302.345143</ele>
        <time>2026-09-18T22:51:18.970Z</time>
      </trkpt>
      <trkpt lat="43.260053" lon="-4.342103">
        <ele>303.394720</ele>
        <time>2026-09-18T22:51:25.944Z</time>
      </trkpt>
      <trkpt lat="43.260270" lon="-4.341782">
        <ele>305.629306</ele>
        <time>2026-09-18T22:51:41.976Z</time>
      </trkpt>
      <trkpt lat="43.260296" lon="-4.341714">
        <ele>306.021151</ele>
        <time>2026-09-18T22:51:44.904Z</time>
      </trkpt>
      <trkpt lat="43.260312" lon="-4.341512">
        <ele>307.057827</ele>
        <time>2026-09-18T22:51:52.522Z</time>
      </trkpt>
      <trkpt lat="43.260242" lon="-4.341298">
        <ele>308.254729</ele>
        <time>2026-09-18T22:52:01.259Z</time>
      </trkpt>
      <trkpt lat="43.260134" lon="-4.341175">
        <ele>309.237733</ele>
        <time>2026-09-18T22:52:08.198Z</time>
      </trkpt>
      <trkpt lat="43.260022" lon="-4.341117">
        <ele>309.981933</ele>
        <time>2026-09-18T22:52:14.040Z</time>
      </trkpt>
      <trkpt lat="43.259824" lon="-4.341119">
        <ele>311.186462</ele>
        <time>2026-09-18T22:52:23.313Z</time>
      </trkpt>
      <trkpt lat="43.259676" lon="-4.341203">
        <ele>312.160669</ele>
        <time>2026-09-18T22:52:30.278Z</time>
      </trkpt>
      <trkpt lat="43.259536" lon="-4.341382">
        <ele>313.324366</ele>
        <time>2026-09-18T22:52:37.841Z</time>
      </trkpt>
      <trkpt lat="43.259086" lon="-4.341957">
        <ele>317.063752</ele>
        <time>2026-09-18T22:53:00.485Z</time>
      </trkpt>
      <trkpt lat="43.258618" lon="-4.342835">
        <ele>321.945566</ele>
        <time>2026-09-18T22:53:27.736Z</time>
      </trkpt>
      <trkpt lat="43.258372" lon="-4.343017">
        <ele>323.711476</ele>
        <time>2026-09-18T22:53:36.266Z</time>
      </trkpt>
      <trkpt lat="43.258246" lon="-4.343095">
        <ele>324.584922</ele>
        <time>2026-09-18T22:53:40.600Z</time>
      </trkpt>
      <trkpt lat="43.258129" lon="-4.343275">
        <ele>325.695321</ele>
        <time>2026-09-18T22:53:46.272Z</time>
      </trkpt>
      <trkpt lat="43.258091" lon="-4.343473">
        <ele>326.637702</ele>
        <time>2026-09-18T22:53:51.688Z</time>
      </trkpt>
      <trkpt lat="43.258105" lon="-4.343729">
        <ele>327.819228</ele>
        <time>2026-09-18T22:53:59.315Z</time>
      </trkpt>
      <trkpt lat="43.258083" lon="-4.343866">
        <ele>328.464899</ele>
        <time>2026-09-18T22:54:03.881Z</time>
      </trkpt>
      <trkpt lat="43.258015" lon="-4.344049">
        <ele>329.410430</ele>
        <time>2026-09-18T22:54:11.057Z</time>
      </trkpt>
      <trkpt lat="43.257607" lon="-4.344321">
        <ele>332.675077</ele>
        <time>2026-09-18T22:54:35.085Z</time>
      </trkpt>
      <trkpt lat="43.257134" lon="-4.344741">
        <ele>338.564310</ele>
        <time>2026-09-18T22:55:04.745Z</time>
      </trkpt>
      <trkpt lat="43.256777" lon="-4.344953">
        <ele>342.630910</ele>
        <time>2026-09-18T22:55:28.068Z</time>
      </trkpt>
      <trkpt lat="43.256591" lon="-4.345106">
        <ele>344.897828</ele>
        <time>2026-09-18T22:55:41.990Z</time>
      </trkpt>
      <trkpt lat="43.256508" lon="-4.345204">
        <ele>346.042323</ele>
        <time>2026-09-18T22:55:49.054Z</time>
      </trkpt>
      <trkpt lat="43.256337" lon="-4.345774">
        <ele>350.692541</ele>
        <time>2026-09-18T22:56:16.503Z</time>
      </trkpt>
      <trkpt lat="43.256204" lon="-4.345961">
        <ele>352.351897</ele>
        <time>2026-09-18T22:56:27.064Z</time>
      </trkpt>
      <trkpt lat="43.255965" lon="-4.346199">
        <ele>354.925471</ele>
        <time>2026-09-18T22:56:41.946Z</time>
      </trkpt>
      <trkpt lat="43.255712" lon="-4.346272">
        <ele>357.179020</ele>
        <time>2026-09-18T22:56:54.576Z</time>
      </trkpt>
      <trkpt lat="43.255586" lon="-4.346364">
        <ele>358.422993</ele>
        <time>2026-09-18T22:57:01.758Z</time>
      </trkpt>
      <trkpt lat="43.255500" lon="-4.346540">
        <ele>359.768523</ele>
        <time>2026-09-18T22:57:09.583Z</time>
      </trkpt>
      <trkpt lat="43.255439" lon="-4.346818">
        <ele>361.611789</ele>
        <time>2026-09-18T22:57:20.516Z</time>
      </trkpt>
      <trkpt lat="43.255452" lon="-4.347149">
        <ele>363.716223</ele>
        <time>2026-09-18T22:57:32.475Z</time>
      </trkpt>
      <trkpt lat="43.255416" lon="-4.347376">
        <ele>365.191122</ele>
        <time>2026-09-18T22:57:40.330Z</time>
      </trkpt>
      <trkpt lat="43.255355" lon="-4.347499">
        <ele>366.135848</ele>
        <time>2026-09-18T22:57:45.035Z</time>
      </trkpt>
      <trkpt lat="43.255012" lon="-4.347797">
        <ele>368.080518</ele>
        <time>2026-09-18T22:57:59.160Z</time>
      </trkpt>
      <trkpt lat="43.254936" lon="-4.347937">
        <ele>368.687581</ele>
        <time>2026-09-18T22:58:03.648Z</time>
      </trkpt>
      <trkpt lat="43.254887" lon="-4.348397">
        <ele>370.303856</ele>
        <time>2026-09-18T22:58:18.160Z</time>
      </trkpt>
      <trkpt lat="43.254818" lon="-4.348658">
        <ele>371.269194</ele>
        <time>2026-09-18T22:58:27.464Z</time>
      </trkpt>
      <trkpt lat="43.254540" lon="-4.349095">
        <ele>373.286458</ele>
        <time>2026-09-18T22:58:38.947Z</time>
      </trkpt>
      <trkpt lat="43.254378" lon="-4.349291">
        <ele>374.317171</ele>
        <time>2026-09-18T22:58:41.997Z</time>
      </trkpt>
      <trkpt lat="43.254118" lon="-4.349520">
        <ele>375.984020</ele>
        <time>2026-09-18T22:58:46.467Z</time>
      </trkpt>
      <trkpt lat="43.253981" lon="-4.349725">
        <ele>377.127762</ele>
        <time>2026-09-18T22:58:50.775Z</time>
      </trkpt>
      <trkpt lat="43.253891" lon="-4.349964">
        <ele>378.233822</ele>
        <time>2026-09-18T22:58:57.048Z</time>
      </trkpt>
      <trkpt lat="43.253794" lon="-4.350118">
        <ele>379.070807</ele>
        <time>2026-09-18T22:59:03.246Z</time>
      </trkpt>
      <trkpt lat="43.253678" lon="-4.350187">
        <ele>379.784351</ele>
        <time>2026-09-18T22:59:09.517Z</time>
      </trkpt>
      <trkpt lat="43.253547" lon="-4.350192">
        <ele>380.524043</ele>
        <time>2026-09-18T22:59:15.843Z</time>
      </trkpt>
      <trkpt lat="43.253370" lon="-4.350124">
        <ele>381.561461</ele>
        <time>2026-09-18T22:59:23.216Z</time>
      </trkpt>
      <trkpt lat="43.252599" lon="-4.349595">
        <ele>387.311111</ele>
        <time>2026-09-18T23:00:00.513Z</time>
      </trkpt>
      <trkpt lat="43.251852" lon="-4.349322">
        <ele>394.186171</ele>
        <time>2026-09-18T23:00:50.972Z</time>
      </trkpt>
      <trkpt lat="43.251717" lon="-4.349243">
        <ele>395.491355</ele>
        <time>2026-09-18T23:00:58.973Z</time>
      </trkpt>
      <trkpt lat="43.251480" lon="-4.349080">
        <ele>397.848882</ele>
        <time>2026-09-18T23:01:10.944Z</time>
      </trkpt>
      <trkpt lat="43.251052" lon="-4.348670">
        <ele>401.486482</ele>
        <time>2026-09-18T23:01:30.574Z</time>
      </trkpt>
      <trkpt lat="43.250900" lon="-4.348564">
        <ele>402.053671</ele>
        <time>2026-09-18T23:01:36.580Z</time>
      </trkpt>
      <trkpt lat="43.250848" lon="-4.348558">
        <ele>402.227282</ele>
        <time>2026-09-18T23:01:38.404Z</time>
      </trkpt>
      <trkpt lat="43.250676" lon="-4.348656">
        <ele>402.846834</ele>
        <time>2026-09-18T23:01:44.674Z</time>
      </trkpt>
      <trkpt lat="43.250391" lon="-4.349046">
        <ele>404.185554</ele>
        <time>2026-09-18T23:01:56.039Z</time>
      </trkpt>
      <trkpt lat="43.250299" lon="-4.349137">
        <ele>404.562794</ele>
        <time>2026-09-18T23:01:58.730Z</time>
      </trkpt>
      <trkpt lat="43.250105" lon="-4.349152">
        <ele>405.209242</ele>
        <time>2026-09-18T23:02:02.644Z</time>
      </trkpt>
      <trkpt lat="43.249828" lon="-4.348983">
        <ele>406.217701</ele>
        <time>2026-09-18T23:02:07.838Z</time>
      </trkpt>
      <trkpt lat="43.249685" lon="-4.348862">
        <ele>406.776551</ele>
        <time>2026-09-18T23:02:10.731Z</time>
      </trkpt>
      <trkpt lat="43.249558" lon="-4.348706">
        <ele>407.610539</ele>
        <time>2026-09-18T23:02:14.010Z</time>
      </trkpt>
      <trkpt lat="43.249178" lon="-4.348080">
        <ele>410.700022</ele>
        <time>2026-09-18T23:02:29.691Z</time>
      </trkpt>
      <trkpt lat="43.248851" lon="-4.347360">
        <ele>413.916917</ele>
        <time>2026-09-18T23:02:53.392Z</time>
      </trkpt>
      <trkpt lat="43.248621" lon="-4.346951">
        <ele>415.875923</ele>
        <time>2026-09-18T23:03:11.092Z</time>
      </trkpt>
      <trkpt lat="43.248537" lon="-4.346763">
        <ele>417.217113</ele>
        <time>2026-09-18T23:03:19.363Z</time>
      </trkpt>
      <trkpt lat="43.248482" lon="-4.346558">
        <ele>418.917576</ele>
        <time>2026-09-18T23:03:27.949Z</time>
      </trkpt>
      <trkpt lat="43.248447" lon="-4.346301">
        <ele>420.952656</ele>
        <time>2026-09-18T23:03:38.771Z</time>
      </trkpt>
      <trkpt lat="43.248463" lon="-4.346031">
        <ele>423.061204</ele>
        <time>2026-09-18T23:03:50.697Z</time>
      </trkpt>
      <trkpt lat="43.248601" lon="-4.345396">
        <ele>428.219167</ele>
        <time>2026-09-18T23:04:22.236Z</time>
      </trkpt>
      <trkpt lat="43.248667" lon="-4.344956">
        <ele>431.715862</ele>
        <time>2026-09-18T23:04:44.084Z</time>
      </trkpt>
      <trkpt lat="43.248710" lon="-4.344515">
        <ele>435.179089</ele>
        <time>2026-09-18T23:05:03.848Z</time>
      </trkpt>
      <trkpt lat="43.248688" lon="-4.344094">
        <ele>437.328963</ele>
        <time>2026-09-18T23:05:19.369Z</time>
      </trkpt>
      <trkpt lat="43.248623" lon="-4.343870">
        <ele>438.498065</ele>
        <time>2026-09-18T23:05:26.651Z</time>
      </trkpt>
      <trkpt lat="43.248552" lon="-4.343744">
        <ele>439.270464</ele>
        <time>2026-09-18T23:05:31.009Z</time>
      </trkpt>
      <trkpt lat="43.248173" lon="-4.343414">
        <ele>442.257937</ele>
        <time>2026-09-18T23:05:45.789Z</time>
      </trkpt>
      <trkpt lat="43.247903" lon="-4.343134">
        <ele>444.510357</ele>
        <time>2026-09-18T23:05:57.141Z</time>
      </trkpt>
      <trkpt lat="43.247822" lon="-4.343006">
        <ele>445.332490</ele>
        <time>2026-09-18T23:06:01.610Z</time>
      </trkpt>
      <trkpt lat="43.247762" lon="-4.342869">
        <ele>446.107585</ele>
        <time>2026-09-18T23:06:05.933Z</time>
      </trkpt>
      <trkpt lat="43.247730" lon="-4.342723">
        <ele>446.846845</ele>
        <time>2026-09-18T23:06:10.334Z</time>
      </trkpt>
      <trkpt lat="43.247723" lon="-4.342464">
        <ele>448.264370</ele>
        <time>2026-09-18T23:06:18.340Z</time>
      </trkpt>
      <trkpt lat="43.247776" lon="-4.342170">
        <ele>450.081598</ele>
        <time>2026-09-18T23:06:28.221Z</time>
      </trkpt>
      <trkpt lat="43.247938" lon="-4.341562">
        <ele>453.966014</ele>
        <time>2026-09-18T23:06:50.680Z</time>
      </trkpt>
      <trkpt lat="43.248101" lon="-4.341170">
        <ele>456.674276</ele>
        <time>2026-09-18T23:07:07.711Z</time>
      </trkpt>
      <trkpt lat="43.248158" lon="-4.340868">
        <ele>458.546115</ele>
        <time>2026-09-18T23:07:19.556Z</time>
      </trkpt>
      <trkpt lat="43.248095" lon="-4.340363">
        <ele>461.620227</ele>
        <time>2026-09-18T23:07:38.964Z</time>
      </trkpt>
      <trkpt lat="43.247896" lon="-4.339612">
        <ele>466.873502</ele>
        <time>2026-09-18T23:08:07.351Z</time>
      </trkpt>
      <trkpt lat="43.247912" lon="-4.339351">
        <ele>468.617660</ele>
        <time>2026-09-18T23:08:16.280Z</time>
      </trkpt>
      <trkpt lat="43.247968" lon="-4.339143">
        <ele>470.094330</ele>
        <time>2026-09-18T23:08:24.014Z</time>
      </trkpt>
      <trkpt lat="43.248018" lon="-4.339074">
        <ele>470.742451</ele>
        <time>2026-09-18T23:08:27.521Z</time>
      </trkpt>
      <trkpt lat="43.248417" lon="-4.338744">
        <ele>475.000919</ele>
        <time>2026-09-18T23:08:51.634Z</time>
      </trkpt>
      <trkpt lat="43.248575" lon="-4.338536">
        <ele>477.002132</ele>
        <time>2026-09-18T23:09:03.911Z</time>
      </trkpt>
      <trkpt lat="43.248617" lon="-4.338327">
        <ele>478.445854</ele>
        <time>2026-09-18T23:09:13.209Z</time>
      </trkpt>
      <trkpt lat="43.248599" lon="-4.338063">
        <ele>480.061002</ele>
        <time>2026-09-18T23:09:24.587Z</time>
      </trkpt>
      <trkpt lat="43.248612" lon="-4.337818">
        <ele>481.535452</ele>
        <time>2026-09-18T23:09:34.874Z</time>
      </trkpt>
      <trkpt lat="43.248655" lon="-4.337648">
        <ele>482.615609</ele>
        <time>2026-09-18T23:09:42.104Z</time>
      </trkpt>
      <trkpt lat="43.248822" lon="-4.337326">
        <ele>484.988210</ele>
        <time>2026-09-18T23:09:56.849Z</time>
      </trkpt>
      <trkpt lat="43.248864" lon="-4.337184">
        <ele>485.908117</ele>
        <time>2026-09-18T23:10:02.191Z</time>
      </trkpt>
      <trkpt lat="43.248902" lon="-4.336352">
        <ele>490.911782</ele>
        <time>2026-09-18T23:10:27.968Z</time>
      </trkpt>
      <trkpt lat="43.248893" lon="-4.335969">
        <ele>493.211832</ele>
        <time>2026-09-18T23:10:38.634Z</time>
      </trkpt>
      <trkpt lat="43.248697" lon="-4.335370">
        <ele>496.956541</ele>
        <time>2026-09-18T23:10:58.966Z</time>
      </trkpt>
      <trkpt lat="43.248599" lon="-4.334846">
        <ele>500.028522</ele>
        <time>2026-09-18T23:11:17.954Z</time>
      </trkpt>
      <trkpt lat="43.248638" lon="-4.334611">
        <ele>501.397137</ele>
        <time>2026-09-18T23:11:26.215Z</time>
      </trkpt>
      <trkpt lat="43.248874" lon="-4.334125">
        <ele>504.713874</ele>
        <time>2026-09-18T23:11:46.053Z</time>
      </trkpt>
      <trkpt lat="43.249035" lon="-4.333698">
        <ele>507.444124</ele>
        <time>2026-09-18T23:12:02.532Z</time>
      </trkpt>
      <trkpt lat="43.249086" lon="-4.333443">
        <ele>509.087495</ele>
        <time>2026-09-18T23:12:11.973Z</time>
      </trkpt>
      <trkpt lat="43.249083" lon="-4.333330">
        <ele>509.793839</ele>
        <time>2026-09-18T23:12:16.027Z</time>
      </trkpt>
      <trkpt lat="43.249065" lon="-4.333180">
        <ele>510.743472</ele>
        <time>2026-09-18T23:12:21.969Z</time>
      </trkpt>
      <trkpt lat="43.249056" lon="-4.333102">
        <ele>511.236789</ele>
        <time>2026-09-18T23:12:25.082Z</time>
      </trkpt>
      <trkpt lat="43.248754" lon="-4.332402">
        <ele>516.318957</ele>
        <time>2026-09-18T23:12:56.077Z</time>
      </trkpt>
      <trkpt lat="43.248644" lon="-4.332094">
        <ele>518.461779</ele>
        <time>2026-09-18T23:13:08.452Z</time>
      </trkpt>
      <trkpt lat="43.248594" lon="-4.331880">
        <ele>519.865669</ele>
        <time>2026-09-18T23:13:16.561Z</time>
      </trkpt>
      <trkpt lat="43.248605" lon="-4.331699">
        <ele>521.000256</ele>
        <time>2026-09-18T23:13:23.191Z</time>
      </trkpt>
      <trkpt lat="43.248712" lon="-4.331379">
        <ele>523.082873</ele>
        <time>2026-09-18T23:13:35.883Z</time>
      </trkpt>
      <trkpt lat="43.248721" lon="-4.331068">
        <ele>524.101207</ele>
        <time>2026-09-18T23:13:45.746Z</time>
      </trkpt>
      <trkpt lat="43.248623" lon="-4.330762">
        <ele>525.194883</ele>
        <time>2026-09-18T23:13:55.629Z</time>
      </trkpt>
      <trkpt lat="43.248454" lon="-4.330487">
        <ele>526.372091</ele>
        <time>2026-09-18T23:14:05.035Z</time>
      </trkpt>
      <trkpt lat="43.248208" lon="-4.330168">
        <ele>527.892076</ele>
        <time>2026-09-18T23:14:15.232Z</time>
      </trkpt>
      <trkpt lat="43.248004" lon="-4.329796">
        <ele>529.415581</ele>
        <time>2026-09-18T23:14:23.263Z</time>
      </trkpt>
      <trkpt lat="43.247966" lon="-4.329659">
        <ele>529.895224</ele>
        <time>2026-09-18T23:14:25.713Z</time>
      </trkpt>
      <trkpt lat="43.247928" lon="-4.329346">
        <ele>530.933440</ele>
        <time>2026-09-18T23:14:29.815Z</time>
      </trkpt>
      <trkpt lat="43.247873" lon="-4.329192">
        <ele>531.696201</ele>
        <time>2026-09-18T23:14:32.266Z</time>
      </trkpt>
      <trkpt lat="43.247482" lon="-4.328554">
        <ele>535.616986</ele>
        <time>2026-09-18T23:14:49.652Z</time>
      </trkpt>
      <trkpt lat="43.247311" lon="-4.328201">
        <ele>537.610516</ele>
        <time>2026-09-18T23:15:02.803Z</time>
      </trkpt>
      <trkpt lat="43.247116" lon="-4.327670">
        <ele>540.406908</ele>
        <time>2026-09-18T23:15:24.357Z</time>
      </trkpt>
      <trkpt lat="43.247062" lon="-4.327362">
        <ele>541.896629</ele>
        <time>2026-09-18T23:15:36.932Z</time>
      </trkpt>
      <trkpt lat="43.247081" lon="-4.326689">
        <ele>546.182722</ele>
        <time>2026-09-18T23:16:05.633Z</time>
      </trkpt>
      <trkpt lat="43.247055" lon="-4.326431">
        <ele>547.974187</ele>
        <time>2026-09-18T23:16:17.211Z</time>
      </trkpt>
      <trkpt lat="43.246975" lon="-4.326255">
        <ele>549.401108</ele>
        <time>2026-09-18T23:16:26.252Z</time>
      </trkpt>
      <trkpt lat="43.246772" lon="-4.325948">
        <ele>552.252995</ele>
        <time>2026-09-18T23:16:43.424Z</time>
      </trkpt>
      <trkpt lat="43.246625" lon="-4.325372">
        <ele>556.450962</ele>
        <time>2026-09-18T23:17:06.012Z</time>
      </trkpt>
      <trkpt lat="43.246550" lon="-4.325194">
        <ele>557.865357</ele>
        <time>2026-09-18T23:17:13.287Z</time>
      </trkpt>
      <trkpt lat="43.246387" lon="-4.324935">
        <ele>560.030974</ele>
        <time>2026-09-18T23:17:24.594Z</time>
      </trkpt>
      <trkpt lat="43.246184" lon="-4.324725">
        <ele>561.663964</ele>
        <time>2026-09-18T23:17:34.867Z</time>
      </trkpt>
      <trkpt lat="43.245964" lon="-4.324575">
        <ele>563.242073</ele>
        <time>2026-09-18T23:17:44.155Z</time>
      </trkpt>
      <trkpt lat="43.245781" lon="-4.324490">
        <ele>564.483229</ele>
        <time>2026-09-18T23:17:51.443Z</time>
      </trkpt>
      <trkpt lat="43.245575" lon="-4.324421">
        <ele>565.845502</ele>
        <time>2026-09-18T23:17:59.816Z</time>
      </trkpt>
      <trkpt lat="43.245488" lon="-4.324431">
        <ele>566.406390</ele>
        <time>2026-09-18T23:18:03.429Z</time>
      </trkpt>
      <trkpt lat="43.245118" lon="-4.324609">
        <ele>568.925192</ele>
        <time>2026-09-18T23:18:21.510Z</time>
      </trkpt>
      <trkpt lat="43.244900" lon="-4.324616">
        <ele>570.326119</ele>
        <time>2026-09-18T23:18:31.022Z</time>
      </trkpt>
      <trkpt lat="43.244679" lon="-4.324491">
        <ele>571.402234</ele>
        <time>2026-09-18T23:18:40.117Z</time>
      </trkpt>
      <trkpt lat="43.244390" lon="-4.324179">
        <ele>572.160924</ele>
        <time>2026-09-18T23:18:50.429Z</time>
      </trkpt>
      <trkpt lat="43.244313" lon="-4.324150">
        <ele>572.325690</ele>
        <time>2026-09-18T23:18:52.258Z</time>
      </trkpt>
      <trkpt lat="43.244210" lon="-4.324161">
        <ele>572.538880</ele>
        <time>2026-09-18T23:18:54.530Z</time>
      </trkpt>
      <trkpt lat="43.244092" lon="-4.324211">
        <ele>572.793717</ele>
        <time>2026-09-18T23:18:57.017Z</time>
      </trkpt>
      <trkpt lat="43.243983" lon="-4.324316">
        <ele>573.068498</ele>
        <time>2026-09-18T23:18:59.490Z</time>
      </trkpt>
      <trkpt lat="43.243611" lon="-4.324858">
        <ele>574.187905</ele>
        <time>2026-09-18T23:19:08.630Z</time>
      </trkpt>
      <trkpt lat="43.243367" lon="-4.325027">
        <ele>574.751873</ele>
        <time>2026-09-18T23:19:12.013Z</time>
      </trkpt>
      <trkpt lat="43.243110" lon="-4.325005">
        <ele>575.891960</ele>
        <time>2026-09-18T23:19:15.383Z</time>
      </trkpt>
      <trkpt lat="43.242565" lon="-4.324731">
        <ele>578.974452</ele>
        <time>2026-09-18T23:19:31.344Z</time>
      </trkpt>
      <trkpt lat="43.242200" lon="-4.324612">
        <ele>580.966881</ele>
        <time>2026-09-18T23:19:48.593Z</time>
      </trkpt>
      <trkpt lat="43.241354" lon="-4.324500">
        <ele>584.826832</ele>
        <time>2026-09-18T23:20:31.105Z</time>
      </trkpt>
      <trkpt lat="43.241145" lon="-4.324544">
        <ele>585.238054</ele>
        <time>2026-09-18T23:20:40.401Z</time>
      </trkpt>
      <trkpt lat="43.241046" lon="-4.324595">
        <ele>585.443704</ele>
        <time>2026-09-18T23:20:44.628Z</time>
      </trkpt>
      <trkpt lat="43.240855" lon="-4.324730">
        <ele>585.861515</ele>
        <time>2026-09-18T23:20:51.775Z</time>
      </trkpt>
      <trkpt lat="43.240421" lon="-4.325158">
        <ele>586.900807</ele>
        <time>2026-09-18T23:21:01.090Z</time>
      </trkpt>
      <trkpt lat="43.240227" lon="-4.325259">
        <ele>587.304328</ele>
        <time>2026-09-18T23:21:03.285Z</time>
      </trkpt>
      <trkpt lat="43.240110" lon="-4.325258">
        <ele>587.531878</ele>
        <time>2026-09-18T23:21:04.478Z</time>
      </trkpt>
      <trkpt lat="43.239884" lon="-4.325140">
        <ele>587.826968</ele>
        <time>2026-09-18T23:21:06.858Z</time>
      </trkpt>
      <trkpt lat="43.239711" lon="-4.324925">
        <ele>586.837704</ele>
        <time>2026-09-18T23:21:09.134Z</time>
      </trkpt>
      <trkpt lat="43.239656" lon="-4.324777">
        <ele>586.324627</ele>
        <time>2026-09-18T23:21:10.295Z</time>
      </trkpt>
      <trkpt lat="43.239640" lon="-4.324616">
        <ele>585.822831</ele>
        <time>2026-09-18T23:21:11.425Z</time>
      </trkpt>
      <trkpt lat="43.239700" lon="-4.323815">
        <ele>583.336190</ele>
        <time>2026-09-18T23:21:16.968Z</time>
      </trkpt>
      <trkpt lat="43.239698" lon="-4.323598">
        <ele>582.666011</ele>
        <time>2026-09-18T23:21:18.483Z</time>
      </trkpt>
      <trkpt lat="43.239651" lon="-4.323371">
        <ele>581.937240</ele>
        <time>2026-09-18T23:21:20.161Z</time>
      </trkpt>
      <trkpt lat="43.239495" lon="-4.323090">
        <ele>580.846216</ele>
        <time>2026-09-18T23:21:22.753Z</time>
      </trkpt>
      <trkpt lat="43.239217" lon="-4.322789">
        <ele>578.553536</ele>
        <time>2026-09-18T23:21:26.214Z</time>
      </trkpt>
      <trkpt lat="43.238961" lon="-4.322575">
        <ele>576.253469</ele>
        <time>2026-09-18T23:21:29.025Z</time>
      </trkpt>
      <trkpt lat="43.238850" lon="-4.322544">
        <ele>575.384239</ele>
        <time>2026-09-18T23:21:30.061Z</time>
      </trkpt>
      <trkpt lat="43.238647" lon="-4.322579">
        <ele>573.814240</ele>
        <time>2026-09-18T23:21:31.906Z</time>
      </trkpt>
      <trkpt lat="43.237311" lon="-4.323141">
        <ele>561.980684</ele>
        <time>2026-09-18T23:21:43.943Z</time>
      </trkpt>
      <trkpt lat="43.236379" lon="-4.323610">
        <ele>551.895291</ele>
        <time>2026-09-18T23:21:52.446Z</time>
      </trkpt>
      <trkpt lat="43.236204" lon="-4.323620">
        <ele>550.115753</ele>
        <time>2026-09-18T23:21:53.962Z</time>
      </trkpt>
      <trkpt lat="43.235264" lon="-4.322882">
        <ele>539.816632</ele>
        <time>2026-09-18T23:22:03.283Z</time>
      </trkpt>
      <trkpt lat="43.234629" lon="-4.322134">
        <ele>531.969549</ele>
        <time>2026-09-18T23:22:10.514Z</time>
      </trkpt>
      <trkpt lat="43.234498" lon="-4.322012">
        <ele>530.919810</ele>
        <time>2026-09-18T23:22:11.892Z</time>
      </trkpt>
      <trkpt lat="43.234025" lon="-4.321676">
        <ele>528.354787</ele>
        <time>2026-09-18T23:22:16.791Z</time>
      </trkpt>
      <trkpt lat="43.233910" lon="-4.321480">
        <ele>527.471764</ele>
        <time>2026-09-18T23:22:18.555Z</time>
      </trkpt>
      <trkpt lat="43.233884" lon="-4.321290">
        <ele>526.793425</ele>
        <time>2026-09-18T23:22:19.945Z</time>
      </trkpt>
      <trkpt lat="43.233896" lon="-4.321195">
        <ele>526.455112</ele>
        <time>2026-09-18T23:22:20.638Z</time>
      </trkpt>
      <trkpt lat="43.233963" lon="-4.321052">
        <ele>525.858547</ele>
        <time>2026-09-18T23:22:21.915Z</time>
      </trkpt>
      <trkpt lat="43.234025" lon="-4.320964">
        <ele>525.429006</ele>
        <time>2026-09-18T23:22:22.810Z</time>
      </trkpt>
      <trkpt lat="43.234116" lon="-4.320919">
        <ele>524.963164</ele>
        <time>2026-09-18T23:22:23.805Z</time>
      </trkpt>
      <trkpt lat="43.234383" lon="-4.320864">
        <ele>523.662860</ele>
        <time>2026-09-18T23:22:26.630Z</time>
      </trkpt>
      <trkpt lat="43.234458" lon="-4.320814">
        <ele>523.261299</ele>
        <time>2026-09-18T23:22:27.488Z</time>
      </trkpt>
      <trkpt lat="43.234541" lon="-4.320746">
        <ele>522.795767</ele>
        <time>2026-09-18T23:22:28.508Z</time>
      </trkpt>
      <trkpt lat="43.234719" lon="-4.320490">
        <ele>521.097358</ele>
        <time>2026-09-18T23:22:31.210Z</time>
      </trkpt>
      <trkpt lat="43.234808" lon="-4.320221">
        <ele>519.653387</ele>
        <time>2026-09-18T23:22:33.407Z</time>
      </trkpt>
      <trkpt lat="43.234943" lon="-4.319608">
        <ele>516.523435</ele>
        <time>2026-09-18T23:22:37.743Z</time>
      </trkpt>
      <trkpt lat="43.234951" lon="-4.319478">
        <ele>515.885794</ele>
        <time>2026-09-18T23:22:38.577Z</time>
      </trkpt>
      <trkpt lat="43.234930" lon="-4.319357">
        <ele>515.277854</ele>
        <time>2026-09-18T23:22:39.377Z</time>
      </trkpt>
      <trkpt lat="43.234854" lon="-4.319116">
        <ele>513.994348</ele>
        <time>2026-09-18T23:22:41.060Z</time>
      </trkpt>
      <trkpt lat="43.234743" lon="-4.318963">
        <ele>512.939027</ele>
        <time>2026-09-18T23:22:42.434Z</time>
      </trkpt>
      <trkpt lat="43.234225" lon="-4.318397">
        <ele>506.632044</ele>
        <time>2026-09-18T23:22:48.117Z</time>
      </trkpt>
      <trkpt lat="43.233879" lon="-4.317900">
        <ele>500.361045</ele>
        <time>2026-09-18T23:22:52.334Z</time>
      </trkpt>
      <trkpt lat="43.233714" lon="-4.317716">
        <ele>497.699108</ele>
        <time>2026-09-18T23:22:54.120Z</time>
      </trkpt>
      <trkpt lat="43.232965" lon="-4.317470">
        <ele>488.055471</ele>
        <time>2026-09-18T23:23:00.558Z</time>
      </trkpt>
      <trkpt lat="43.232072" lon="-4.316679">
        <ele>474.665635</ele>
        <time>2026-09-18T23:23:09.417Z</time>
      </trkpt>
      <trkpt lat="43.231957" lon="-4.316531">
        <ele>472.679531</ele>
        <time>2026-09-18T23:23:10.739Z</time>
      </trkpt>
      <trkpt lat="43.231746" lon="-4.316178">
        <ele>468.488421</ele>
        <time>2026-09-18T23:23:13.557Z</time>
      </trkpt>
      <trkpt lat="43.231594" lon="-4.315848">
        <ele>465.216234</ele>
        <time>2026-09-18T23:23:15.999Z</time>
      </trkpt>
      <trkpt lat="43.231492" lon="-4.315475">
        <ele>463.578956</ele>
        <time>2026-09-18T23:23:18.555Z</time>
      </trkpt>
      <trkpt lat="43.231424" lon="-4.315103">
        <ele>462.002816</ele>
        <time>2026-09-18T23:23:21.129Z</time>
      </trkpt>
      <trkpt lat="43.231383" lon="-4.314571">
        <ele>459.804325</ele>
        <time>2026-09-18T23:23:24.950Z</time>
      </trkpt>
      <trkpt lat="43.231431" lon="-4.314147">
        <ele>458.040958</ele>
        <time>2026-09-18T23:23:28.198Z</time>
      </trkpt>
      <trkpt lat="43.231591" lon="-4.313798">
        <ele>456.346411</ele>
        <time>2026-09-18T23:23:31.264Z</time>
      </trkpt>
      <trkpt lat="43.231825" lon="-4.313572">
        <ele>454.431128</ele>
        <time>2026-09-18T23:23:34.006Z</time>
      </trkpt>
      <trkpt lat="43.231918" lon="-4.313375">
        <ele>452.974568</ele>
        <time>2026-09-18T23:23:35.584Z</time>
      </trkpt>
      <trkpt lat="43.231930" lon="-4.313093">
        <ele>451.221767</ele>
        <time>2026-09-18T23:23:37.436Z</time>
      </trkpt>
      <trkpt lat="43.231885" lon="-4.312625">
        <ele>448.292632</ele>
        <time>2026-09-18T23:23:40.439Z</time>
      </trkpt>
      <trkpt lat="43.231617" lon="-4.312033">
        <ele>443.967904</ele>
        <time>2026-09-18T23:23:44.774Z</time>
      </trkpt>
      <trkpt lat="43.231591" lon="-4.311894">
        <ele>443.077430</ele>
        <time>2026-09-18T23:23:45.664Z</time>
      </trkpt>
      <trkpt lat="43.231573" lon="-4.311504">
        <ele>440.652604</ele>
        <time>2026-09-18T23:23:48.087Z</time>
      </trkpt>
      <trkpt lat="43.231600" lon="-4.310754">
        <ele>436.698567</ele>
        <time>2026-09-18T23:23:52.804Z</time>
      </trkpt>
      <trkpt lat="43.231924" lon="-4.309170">
        <ele>428.284689</ele>
        <time>2026-09-18T23:24:03.943Z</time>
      </trkpt>
      <trkpt lat="43.231998" lon="-4.308910">
        <ele>426.719575</ele>
        <time>2026-09-18T23:24:05.850Z</time>
      </trkpt>
      <trkpt lat="43.232029" lon="-4.308840">
        <ele>426.190484</ele>
        <time>2026-09-18T23:24:06.401Z</time>
      </trkpt>
      <trkpt lat="43.232192" lon="-4.308703">
        <ele>424.496089</ele>
        <time>2026-09-18T23:24:08.142Z</time>
      </trkpt>
      <trkpt lat="43.232257" lon="-4.308660">
        <ele>423.856428</ele>
        <time>2026-09-18T23:24:08.798Z</time>
      </trkpt>
      <trkpt lat="43.232418" lon="-4.308541">
        <ele>422.235375</ele>
        <time>2026-09-18T23:24:10.434Z</time>
      </trkpt>
      <trkpt lat="43.232504" lon="-4.308410">
        <ele>421.096459</ele>
        <time>2026-09-18T23:24:11.582Z</time>
      </trkpt>
      <trkpt lat="43.232951" lon="-4.307379">
        <ele>413.347579</ele>
        <time>2026-09-18T23:24:19.153Z</time>
      </trkpt>
      <trkpt lat="43.233163" lon="-4.306624">
        <ele>407.483598</ele>
        <time>2026-09-18T23:24:24.100Z</time>
      </trkpt>
      <trkpt lat="43.233341" lon="-4.306131">
        <ele>403.245753</ele>
        <time>2026-09-18T23:24:27.471Z</time>
      </trkpt>
      <trkpt lat="43.233393" lon="-4.305759">
        <ele>400.328303</ele>
        <time>2026-09-18T23:24:29.813Z</time>
      </trkpt>
      <trkpt lat="43.233511" lon="-4.305446">
        <ele>397.613916</ele>
        <time>2026-09-18T23:24:32.007Z</time>
      </trkpt>
      <trkpt lat="43.233740" lon="-4.305106">
        <ele>394.047636</ele>
        <time>2026-09-18T23:24:34.936Z</time>
      </trkpt>
      <trkpt lat="43.233905" lon="-4.304936">
        <ele>392.217132</ele>
        <time>2026-09-18T23:24:36.769Z</time>
      </trkpt>
      <trkpt lat="43.234334" lon="-4.304684">
        <ele>390.402643</ele>
        <time>2026-09-18T23:24:41.051Z</time>
      </trkpt>
      <trkpt lat="43.234519" lon="-4.304615">
        <ele>389.657195</ele>
        <time>2026-09-18T23:24:42.900Z</time>
      </trkpt>
      <trkpt lat="43.234631" lon="-4.304619">
        <ele>389.221542</ele>
        <time>2026-09-18T23:24:43.999Z</time>
      </trkpt>
      <trkpt lat="43.235429" lon="-4.304806">
        <ele>386.073664</ele>
        <time>2026-09-18T23:24:52.910Z</time>
      </trkpt>
      <trkpt lat="43.235644" lon="-4.304889">
        <ele>385.121956</ele>
        <time>2026-09-18T23:24:55.816Z</time>
      </trkpt>
      <trkpt lat="43.235873" lon="-4.305141">
        <ele>383.552564</ele>
        <time>2026-09-18T23:24:59.294Z</time>
      </trkpt>
      <trkpt lat="43.236119" lon="-4.305493">
        <ele>381.652455</ele>
        <time>2026-09-18T23:25:02.937Z</time>
      </trkpt>
      <trkpt lat="43.236276" lon="-4.305793">
        <ele>380.213545</ele>
        <time>2026-09-18T23:25:05.456Z</time>
      </trkpt>
      <trkpt lat="43.236394" lon="-4.306108">
        <ele>378.833759</ele>
        <time>2026-09-18T23:25:07.783Z</time>
      </trkpt>
      <trkpt lat="43.236466" lon="-4.306205">
        <ele>378.294322</ele>
        <time>2026-09-18T23:25:08.676Z</time>
      </trkpt>
      <trkpt lat="43.236527" lon="-4.306242">
        <ele>377.937728</ele>
        <time>2026-09-18T23:25:09.262Z</time>
      </trkpt>
      <trkpt lat="43.236632" lon="-4.306260">
        <ele>377.371930</ele>
        <time>2026-09-18T23:25:10.191Z</time>
      </trkpt>
      <trkpt lat="43.237282" lon="-4.306205">
        <ele>372.721539</ele>
        <time>2026-09-18T23:25:15.838Z</time>
      </trkpt>
      <trkpt lat="43.237628" lon="-4.306204">
        <ele>369.745799</ele>
        <time>2026-09-18T23:25:18.845Z</time>
      </trkpt>
      <trkpt lat="43.237846" lon="-4.306297">
        <ele>367.782454</ele>
        <time>2026-09-18T23:25:20.835Z</time>
      </trkpt>
      <trkpt lat="43.238200" lon="-4.306552">
        <ele>364.344161</ele>
        <time>2026-09-18T23:25:24.300Z</time>
      </trkpt>
      <trkpt lat="43.238517" lon="-4.306991">
        <ele>360.471396</ele>
        <time>2026-09-18T23:25:28.272Z</time>
      </trkpt>
      <trkpt lat="43.238650" lon="-4.306993">
        <ele>359.577886</ele>
        <time>2026-09-18T23:25:29.474Z</time>
      </trkpt>
      <trkpt lat="43.238695" lon="-4.306959">
        <ele>359.245286</ele>
        <time>2026-09-18T23:25:29.942Z</time>
      </trkpt>
      <trkpt lat="43.238751" lon="-4.306853">
        <ele>358.627635</ele>
        <time>2026-09-18T23:25:30.802Z</time>
      </trkpt>
      <trkpt lat="43.238773" lon="-4.306668">
        <ele>357.743422</ele>
        <time>2026-09-18T23:25:32.043Z</time>
      </trkpt>
      <trkpt lat="43.238743" lon="-4.306557">
        <ele>357.184952</ele>
        <time>2026-09-18T23:25:32.829Z</time>
      </trkpt>
      <trkpt lat="43.238597" lon="-4.306346">
        <ele>355.812241</ele>
        <time>2026-09-18T23:25:34.748Z</time>
      </trkpt>
      <trkpt lat="43.238156" lon="-4.306057">
        <ele>352.648022</ele>
        <time>2026-09-18T23:25:39.191Z</time>
      </trkpt>
      <trkpt lat="43.237661" lon="-4.305644">
        <ele>348.897238</ele>
        <time>2026-09-18T23:25:44.523Z</time>
      </trkpt>
      <trkpt lat="43.237436" lon="-4.305543">
        <ele>347.274479</ele>
        <time>2026-09-18T23:25:46.745Z</time>
      </trkpt>
      <trkpt lat="43.237324" lon="-4.305505">
        <ele>346.476929</ele>
        <time>2026-09-18T23:25:47.809Z</time>
      </trkpt>
      <trkpt lat="43.237229" lon="-4.305431">
        <ele>345.721824</ele>
        <time>2026-09-18T23:25:48.810Z</time>
      </trkpt>
      <trkpt lat="43.237177" lon="-4.305362">
        <ele>345.221847</ele>
        <time>2026-09-18T23:25:49.476Z</time>
      </trkpt>
      <trkpt lat="43.237094" lon="-4.305157">
        <ele>344.040692</ele>
        <time>2026-09-18T23:25:51.030Z</time>
      </trkpt>
      <trkpt lat="43.236862" lon="-4.304810">
        <ele>341.668727</ele>
        <time>2026-09-18T23:25:54.122Z</time>
      </trkpt>
      <trkpt lat="43.236791" lon="-4.304665">
        <ele>340.788851</ele>
        <time>2026-09-18T23:25:55.257Z</time>
      </trkpt>
      <trkpt lat="43.236714" lon="-4.304161">
        <ele>338.195356</ele>
        <time>2026-09-18T23:25:58.595Z</time>
      </trkpt>
      <trkpt lat="43.236622" lon="-4.303954">
        <ele>336.974163</ele>
        <time>2026-09-18T23:26:00.160Z</time>
      </trkpt>
      <trkpt lat="43.236310" lon="-4.303702">
        <ele>333.795604</ele>
        <time>2026-09-18T23:26:03.345Z</time>
      </trkpt>
      <trkpt lat="43.235735" lon="-4.303050">
        <ele>326.691435</ele>
        <time>2026-09-18T23:26:09.868Z</time>
      </trkpt>
      <trkpt lat="43.235567" lon="-4.302798">
        <ele>324.321005</ele>
        <time>2026-09-18T23:26:12.021Z</time>
      </trkpt>
      <trkpt lat="43.235377" lon="-4.302422">
        <ele>321.145525</ele>
        <time>2026-09-18T23:26:14.886Z</time>
      </trkpt>
      <trkpt lat="43.235157" lon="-4.302124">
        <ele>317.931430</ele>
        <time>2026-09-18T23:26:17.505Z</time>
      </trkpt>
      <trkpt lat="43.234839" lon="-4.301750">
        <ele>312.780557</ele>
        <time>2026-09-18T23:26:21.019Z</time>
      </trkpt>
      <trkpt lat="43.234668" lon="-4.301609">
        <ele>310.326908</ele>
        <time>2026-09-18T23:26:22.686Z</time>
      </trkpt>
      <trkpt lat="43.234481" lon="-4.301529">
        <ele>307.917673</ele>
        <time>2026-09-18T23:26:24.329Z</time>
      </trkpt>
      <trkpt lat="43.234214" lon="-4.301487">
        <ele>304.612073</ele>
        <time>2026-09-18T23:26:26.591Z</time>
      </trkpt>
      <trkpt lat="43.233990" lon="-4.301513">
        <ele>301.847037</ele>
        <time>2026-09-18T23:26:28.493Z</time>
      </trkpt>
      <trkpt lat="43.233659" lon="-4.301716">
        <ele>297.387795</ele>
        <time>2026-09-18T23:26:31.550Z</time>
      </trkpt>
      <trkpt lat="43.232971" lon="-4.301892">
        <ele>290.524186</ele>
        <time>2026-09-18T23:26:37.483Z</time>
      </trkpt>
      <trkpt lat="43.232516" lon="-4.301851">
        <ele>286.105192</ele>
        <time>2026-09-18T23:26:41.429Z</time>
      </trkpt>
      <trkpt lat="43.232160" lon="-4.301871">
        <ele>282.652233</ele>
        <time>2026-09-18T23:26:44.578Z</time>
      </trkpt>
      <trkpt lat="43.231959" lon="-4.301906">
        <ele>280.688685</ele>
        <time>2026-09-18T23:26:46.402Z</time>
      </trkpt>
      <trkpt lat="43.231668" lon="-4.302044">
        <ele>277.845203</ele>
        <time>2026-09-18T23:26:49.145Z</time>
      </trkpt>
      <trkpt lat="43.231533" lon="-4.302135">
        <ele>276.497012</ele>
        <time>2026-09-18T23:26:50.472Z</time>
      </trkpt>
      <trkpt lat="43.231328" lon="-4.302201">
        <ele>274.609536</ele>
        <time>2026-09-18T23:26:52.327Z</time>
      </trkpt>
      <trkpt lat="43.231139" lon="-4.302133">
        <ele>272.858118</ele>
        <time>2026-09-18T23:26:54.051Z</time>
      </trkpt>
      <trkpt lat="43.231013" lon="-4.301970">
        <ele>271.306038</ele>
        <time>2026-09-18T23:26:55.572Z</time>
      </trkpt>
      <trkpt lat="43.230905" lon="-4.301685">
        <ele>269.207976</ele>
        <time>2026-09-18T23:26:57.606Z</time>
      </trkpt>
      <trkpt lat="43.230780" lon="-4.301457">
        <ele>267.344411</ele>
        <time>2026-09-18T23:26:59.404Z</time>
      </trkpt>
      <trkpt lat="43.230678" lon="-4.301329">
        <ele>266.105525</ele>
        <time>2026-09-18T23:27:00.595Z</time>
      </trkpt>
      <trkpt lat="43.230398" lon="-4.301088">
        <ele>263.208991</ele>
        <time>2026-09-18T23:27:03.424Z</time>
      </trkpt>
      <trkpt lat="43.229903" lon="-4.300682">
        <ele>259.148813</ele>
        <time>2026-09-18T23:27:08.329Z</time>
      </trkpt>
      <trkpt lat="43.229703" lon="-4.300638">
        <ele>257.722655</ele>
        <time>2026-09-18T23:27:10.093Z</time>
      </trkpt>
      <trkpt lat="43.229115" lon="-4.300822">
        <ele>253.476354</ele>
        <time>2026-09-18T23:27:15.615Z</time>
      </trkpt>
      <trkpt lat="43.228859" lon="-4.300858">
        <ele>251.664445</ele>
        <time>2026-09-18T23:27:18.178Z</time>
      </trkpt>
      <trkpt lat="43.228701" lon="-4.300973">
        <ele>250.740486</ele>
        <time>2026-09-18T23:27:20.078Z</time>
      </trkpt>
      <trkpt lat="43.228558" lon="-4.301194">
        <ele>250.556374</ele>
        <time>2026-09-18T23:27:22.561Z</time>
      </trkpt>
      <trkpt lat="43.228450" lon="-4.301335">
        <ele>250.428941</ele>
        <time>2026-09-18T23:27:24.375Z</time>
      </trkpt>
      <trkpt lat="43.228316" lon="-4.301425">
        <ele>250.301401</ele>
        <time>2026-09-18T23:27:26.367Z</time>
      </trkpt>
      <trkpt lat="43.228189" lon="-4.301498">
        <ele>250.183689</ele>
        <time>2026-09-18T23:27:28.478Z</time>
      </trkpt>
      <trkpt lat="43.227788" lon="-4.301602">
        <ele>249.834801</ele>
        <time>2026-09-18T23:27:35.715Z</time>
      </trkpt>
      <trkpt lat="43.227671" lon="-4.301565">
        <ele>249.732156</ele>
        <time>2026-09-18T23:27:37.790Z</time>
      </trkpt>
      <trkpt lat="43.227576" lon="-4.301498">
        <ele>249.640843</ele>
        <time>2026-09-18T23:27:39.466Z</time>
      </trkpt>
      <trkpt lat="43.227366" lon="-4.301296">
        <ele>249.421605</ele>
        <time>2026-09-18T23:27:42.831Z</time>
      </trkpt>
      <trkpt lat="43.227281" lon="-4.301364">
        <ele>249.337493</ele>
        <time>2026-09-18T23:27:44.088Z</time>
      </trkpt>
      <trkpt lat="43.227049" lon="-4.301492">
        <ele>248.910575</ele>
        <time>2026-09-18T23:27:47.068Z</time>
      </trkpt>
      <trkpt lat="43.226961" lon="-4.301527">
        <ele>248.699119</ele>
        <time>2026-09-18T23:27:48.122Z</time>
      </trkpt>
      <trkpt lat="43.226925" lon="-4.301538">
        <ele>248.613998</ele>
        <time>2026-09-18T23:27:48.539Z</time>
      </trkpt>
      <trkpt lat="43.226787" lon="-4.301177">
        <ele>247.928435</ele>
        <time>2026-09-18T23:27:53.247Z</time>
      </trkpt>
      <trkpt lat="43.226716" lon="-4.300840">
        <ele>247.338491</ele>
        <time>2026-09-18T23:27:57.187Z</time>
      </trkpt>
      <trkpt lat="43.226681" lon="-4.300772">
        <ele>247.198483</ele>
        <time>2026-09-18T23:27:58.091Z</time>
      </trkpt>
      <trkpt lat="43.226583" lon="-4.300688">
        <ele>246.931815</ele>
        <time>2026-09-18T23:27:59.835Z</time>
      </trkpt>
      <trkpt lat="43.226520" lon="-4.300568">
        <ele>246.683086</ele>
        <time>2026-09-18T23:28:01.417Z</time>
      </trkpt>
      <trkpt lat="43.226473" lon="-4.300490">
        <ele>246.512872</ele>
        <time>2026-09-18T23:28:02.477Z</time>
      </trkpt>
      <trkpt lat="43.226366" lon="-4.300440">
        <ele>246.251999</ele>
        <time>2026-09-18T23:28:04.109Z</time>
      </trkpt>
      <trkpt lat="43.226326" lon="-4.300392">
        <ele>246.129367</ele>
        <time>2026-09-18T23:28:04.863Z</time>
      </trkpt>
      <trkpt lat="43.226213" lon="-4.300136">
        <ele>245.626018</ele>
        <time>2026-09-18T23:28:08.015Z</time>
      </trkpt>
      <trkpt lat="43.226148" lon="-4.300058">
        <ele>245.426741</ele>
        <time>2026-09-18T23:28:09.282Z</time>
      </trkpt>
      <trkpt lat="43.225896" lon="-4.299950">
        <ele>244.909956</ele>
        <time>2026-09-18T23:28:13.236Z</time>
      </trkpt>
      <trkpt lat="43.225747" lon="-4.299989">
        <ele>244.675336</ele>
        <time>2026-09-18T23:28:15.513Z</time>
      </trkpt>
      <trkpt lat="43.225694" lon="-4.299820">
        <ele>244.467972</ele>
        <time>2026-09-18T23:28:17.533Z</time>
      </trkpt>
      <trkpt lat="43.225624" lon="-4.299693">
        <ele>244.288498</ele>
        <time>2026-09-18T23:28:19.312Z</time>
      </trkpt>
      <trkpt lat="43.225508" lon="-4.299759">
        <ele>244.094267</ele>
        <time>2026-09-18T23:28:21.264Z</time>
      </trkpt>
      <trkpt lat="43.225322" lon="-4.299762">
        <ele>243.806552</ele>
        <time>2026-09-18T23:28:24.196Z</time>
      </trkpt>
      <trkpt lat="43.225324" lon="-4.299836">
        <ele>243.723092</ele>
        <time>2026-09-18T23:28:25.068Z</time>
      </trkpt>
      <trkpt lat="43.225266" lon="-4.300101">
        <ele>243.411238</ele>
        <time>2026-09-18T23:28:28.407Z</time>
      </trkpt>
      <trkpt lat="43.225058" lon="-4.299938">
        <ele>243.040757</ele>
        <time>2026-09-18T23:28:32.496Z</time>
      </trkpt>
      <trkpt lat="43.224913" lon="-4.299852">
        <ele>242.796429</ele>
        <time>2026-09-18T23:28:35.338Z</time>
      </trkpt>
      <trkpt lat="43.224837" lon="-4.299859">
        <ele>242.678612</ele>
        <time>2026-09-18T23:28:36.753Z</time>
      </trkpt>
      <trkpt lat="43.224668" lon="-4.299955">
        <ele>242.395704</ele>
        <time>2026-09-18T23:28:40.239Z</time>
      </trkpt>
      <trkpt lat="43.224514" lon="-4.300095">
        <ele>242.409480</ele>
        <time>2026-09-18T23:28:43.893Z</time>
      </trkpt>
      <trkpt lat="43.224412" lon="-4.300083">
        <ele>242.481437</ele>
        <time>2026-09-18T23:28:46.024Z</time>
      </trkpt>
      <trkpt lat="43.223658" lon="-4.299810">
        <ele>243.029550</ele>
        <time>2026-09-18T23:29:03.590Z</time>
      </trkpt>
      <trkpt lat="43.223325" lon="-4.299756">
        <ele>243.265240</ele>
        <time>2026-09-18T23:29:11.931Z</time>
      </trkpt>
      <trkpt lat="43.223199" lon="-4.299796">
        <ele>243.356143</ele>
        <time>2026-09-18T23:29:15.190Z</time>
      </trkpt>
      <trkpt lat="43.222938" lon="-4.299962">
        <ele>243.558341</ele>
        <time>2026-09-18T23:29:22.443Z</time>
      </trkpt>
      <trkpt lat="43.222189" lon="-4.300161">
        <ele>244.753148</ele>
        <time>2026-09-18T23:29:42.260Z</time>
      </trkpt>
      <trkpt lat="43.221943" lon="-4.300179">
        <ele>245.147975</ele>
        <time>2026-09-18T23:29:48.798Z</time>
      </trkpt>
      <trkpt lat="43.221403" lon="-4.300094">
        <ele>246.019115</ele>
        <time>2026-09-18T23:30:03.555Z</time>
      </trkpt>
      <trkpt lat="43.221080" lon="-4.300231">
        <ele>246.571393</ele>
        <time>2026-09-18T23:30:12.929Z</time>
      </trkpt>
      <trkpt lat="43.220668" lon="-4.300136">
        <ele>247.312217</ele>
        <time>2026-09-18T23:30:24.666Z</time>
      </trkpt>
      <trkpt lat="43.219774" lon="-4.300459">
        <ele>248.951536</ele>
        <time>2026-09-18T23:30:50.152Z</time>
      </trkpt>
      <trkpt lat="43.219460" lon="-4.300375">
        <ele>249.518821</ele>
        <time>2026-09-18T23:30:58.617Z</time>
      </trkpt>
      <trkpt lat="43.218986" lon="-4.300156">
        <ele>250.281779</ele>
        <time>2026-09-18T23:31:11.682Z</time>
      </trkpt>
      <trkpt lat="43.218398" lon="-4.300091">
        <ele>251.155762</ele>
        <time>2026-09-18T23:31:26.887Z</time>
      </trkpt>
      <trkpt lat="43.218143" lon="-4.300116">
        <ele>251.534524</ele>
        <time>2026-09-18T23:31:33.535Z</time>
      </trkpt>
      <trkpt lat="43.217610" lon="-4.300321">
        <ele>252.356655</ele>
        <time>2026-09-18T23:31:48.096Z</time>
      </trkpt>
      <trkpt lat="43.216979" lon="-4.300497">
        <ele>253.362083</ele>
        <time>2026-09-18T23:32:05.343Z</time>
      </trkpt>
      <trkpt lat="43.216957" lon="-4.300558">
        <ele>253.439532</ele>
        <time>2026-09-18T23:32:06.660Z</time>
      </trkpt>
      <trkpt lat="43.216609" lon="-4.300643">
        <ele>253.991461</ele>
        <time>2026-09-18T23:32:16.211Z</time>
      </trkpt>
      <trkpt lat="43.216265" lon="-4.300802">
        <ele>254.558257</ele>
        <time>2026-09-18T23:32:25.928Z</time>
      </trkpt>
      <trkpt lat="43.215831" lon="-4.300878">
        <ele>255.223925</ele>
        <time>2026-09-18T23:32:37.258Z</time>
      </trkpt>
      <trkpt lat="43.215586" lon="-4.300982">
        <ele>255.563848</ele>
        <time>2026-09-18T23:32:43.681Z</time>
      </trkpt>
      <trkpt lat="43.215421" lon="-4.301002">
        <ele>255.783402</ele>
        <time>2026-09-18T23:32:47.746Z</time>
      </trkpt>
      <trkpt lat="43.215171" lon="-4.300934">
        <ele>256.121217</ele>
        <time>2026-09-18T23:32:53.933Z</time>
      </trkpt>
      <trkpt lat="43.215033" lon="-4.300938">
        <ele>256.304172</ele>
        <time>2026-09-18T23:32:57.258Z</time>
      </trkpt>
      <trkpt lat="43.214746" lon="-4.301028">
        <ele>256.694389</ele>
        <time>2026-09-18T23:33:04.406Z</time>
      </trkpt>
      <trkpt lat="43.214510" lon="-4.301026">
        <ele>257.007205</ele>
        <time>2026-09-18T23:33:10.223Z</time>
      </trkpt>
      <trkpt lat="43.214274" lon="-4.301071">
        <ele>257.323021</ele>
        <time>2026-09-18T23:33:16.308Z</time>
      </trkpt>
      <trkpt lat="43.213803" lon="-4.301267">
        <ele>258.307630</ele>
        <time>2026-09-18T23:33:30.055Z</time>
      </trkpt>
      <trkpt lat="43.213561" lon="-4.301269">
        <ele>258.857225</ele>
        <time>2026-09-18T23:33:37.856Z</time>
      </trkpt>
      <trkpt lat="43.213054" lon="-4.301363">
        <ele>260.019092</ele>
        <time>2026-09-18T23:33:54.294Z</time>
      </trkpt>
      <trkpt lat="43.212953" lon="-4.301418">
        <ele>260.265869</ele>
        <time>2026-09-18T23:33:57.685Z</time>
      </trkpt>
      <trkpt lat="43.212878" lon="-4.301538">
        <ele>260.527517</ele>
        <time>2026-09-18T23:34:01.231Z</time>
      </trkpt>
      <trkpt lat="43.212807" lon="-4.301974">
        <ele>261.266956</ele>
        <time>2026-09-18T23:34:11.046Z</time>
      </trkpt>
      <trkpt lat="43.211557" lon="-4.301516">
        <ele>262.946772</ele>
        <time>2026-09-18T23:34:36.770Z</time>
      </trkpt>
      <trkpt lat="43.211340" lon="-4.301437">
        <ele>263.210875</ele>
        <time>2026-09-18T23:34:40.389Z</time>
      </trkpt>
      <trkpt lat="43.209927" lon="-4.300921">
        <ele>264.815947</ele>
        <time>2026-09-18T23:35:07.233Z</time>
      </trkpt>
      <trkpt lat="43.209557" lon="-4.300844">
        <ele>265.214706</ele>
        <time>2026-09-18T23:35:14.622Z</time>
      </trkpt>
      <trkpt lat="43.209289" lon="-4.300828">
        <ele>265.500542</ele>
        <time>2026-09-18T23:35:19.989Z</time>
      </trkpt>
      <trkpt lat="43.208953" lon="-4.300855">
        <ele>265.953506</ele>
        <time>2026-09-18T23:35:26.926Z</time>
      </trkpt>
      <trkpt lat="43.208642" lon="-4.300948">
        <ele>266.430344</ele>
        <time>2026-09-18T23:35:33.460Z</time>
      </trkpt>
      <trkpt lat="43.208483" lon="-4.301029">
        <ele>266.684426</ele>
        <time>2026-09-18T23:35:36.920Z</time>
      </trkpt>
      <trkpt lat="43.208162" lon="-4.301231">
        <ele>267.213476</ele>
        <time>2026-09-18T23:35:44.316Z</time>
      </trkpt>
      <trkpt lat="43.207815" lon="-4.301512">
        <ele>267.817102</ele>
        <time>2026-09-18T23:35:52.958Z</time>
      </trkpt>
      <trkpt lat="43.206476" lon="-4.302606">
        <ele>270.371001</ele>
        <time>2026-09-18T23:36:25.532Z</time>
      </trkpt>
      <trkpt lat="43.205510" lon="-4.303403">
        <ele>272.284529</ele>
        <time>2026-09-18T23:36:51.007Z</time>
      </trkpt>
      <trkpt lat="43.205237" lon="-4.303582">
        <ele>272.804531</ele>
        <time>2026-09-18T23:36:57.771Z</time>
      </trkpt>
      <trkpt lat="43.205076" lon="-4.303644">
        <ele>273.091916</ele>
        <time>2026-09-18T23:37:01.484Z</time>
      </trkpt>
      <trkpt lat="43.204816" lon="-4.303646">
        <ele>273.538753</ele>
        <time>2026-09-18T23:37:07.185Z</time>
      </trkpt>
      <trkpt lat="43.204464" lon="-4.303747">
        <ele>274.156782</ele>
        <time>2026-09-18T23:37:14.991Z</time>
      </trkpt>
      <trkpt lat="43.203199" lon="-4.304220">
        <ele>275.738996</ele>
        <time>2026-09-18T23:37:40.627Z</time>
      </trkpt>
      <trkpt lat="43.202759" lon="-4.304373">
        <ele>276.254750</ele>
        <time>2026-09-18T23:37:49.000Z</time>
      </trkpt>
      <trkpt lat="43.202514" lon="-4.304463">
        <ele>276.548348</ele>
        <time>2026-09-18T23:37:53.660Z</time>
      </trkpt>
      <trkpt lat="43.202199" lon="-4.304585">
        <ele>276.949154</ele>
        <time>2026-09-18T23:37:59.635Z</time>
      </trkpt>
      <trkpt lat="43.201173" lon="-4.304956">
        <ele>278.248440</ele>
        <time>2026-09-18T23:38:20.008Z</time>
      </trkpt>
      <trkpt lat="43.201148" lon="-4.304965">
        <ele>278.280090</ele>
        <time>2026-09-18T23:38:20.537Z</time>
      </trkpt>
      <trkpt lat="43.200971" lon="-4.305028">
        <ele>278.504010</ele>
        <time>2026-09-18T23:38:24.375Z</time>
      </trkpt>
      <trkpt lat="43.200841" lon="-4.305075">
        <ele>278.668635</ele>
        <time>2026-09-18T23:38:27.200Z</time>
      </trkpt>
      <trkpt lat="43.199727" lon="-4.305481">
        <ele>281.053530</ele>
        <time>2026-09-18T23:38:53.754Z</time>
      </trkpt>
      <trkpt lat="43.199013" lon="-4.305744">
        <ele>282.600030</ele>
        <time>2026-09-18T23:39:11.840Z</time>
      </trkpt>
      <trkpt lat="43.198300" lon="-4.305988">
        <ele>284.238579</ele>
        <time>2026-09-18T23:39:29.368Z</time>
      </trkpt>
      <trkpt lat="43.197992" lon="-4.306058">
        <ele>284.934709</ele>
        <time>2026-09-18T23:39:36.635Z</time>
      </trkpt>
      <trkpt lat="43.197917" lon="-4.306069">
        <ele>285.102895</ele>
        <time>2026-09-18T23:39:38.388Z</time>
      </trkpt>
      <trkpt lat="43.197688" lon="-4.306091">
        <ele>285.614762</ele>
        <time>2026-09-18T23:39:43.652Z</time>
      </trkpt>
      <trkpt lat="43.191065" lon="-4.305851">
        <ele>299.756816</ele>
        <time>2026-09-18T23:42:21.006Z</time>
      </trkpt>
      <trkpt lat="43.190611" lon="-4.305911">
        <ele>300.438694</ele>
        <time>2026-09-18T23:42:30.388Z</time>
      </trkpt>
      <trkpt lat="43.190410" lon="-4.305981">
        <ele>300.748726</ele>
        <time>2026-09-18T23:42:34.514Z</time>
      </trkpt>
      <trkpt lat="43.189157" lon="-4.306817">
        <ele>301.961291</ele>
        <time>2026-09-18T23:42:55.184Z</time>
      </trkpt>
      <trkpt lat="43.188909" lon="-4.306902">
        <ele>302.146248</ele>
        <time>2026-09-18T23:42:59.314Z</time>
      </trkpt>
      <trkpt lat="43.188749" lon="-4.306911">
        <ele>302.262113</ele>
        <time>2026-09-18T23:43:02.117Z</time>
      </trkpt>
      <trkpt lat="43.188560" lon="-4.306894">
        <ele>302.399157</ele>
        <time>2026-09-18T23:43:05.751Z</time>
      </trkpt>
      <trkpt lat="43.186532" lon="-4.306421">
        <ele>308.616931</ele>
        <time>2026-09-18T23:44:04.476Z</time>
      </trkpt>
      <trkpt lat="43.186262" lon="-4.306315">
        <ele>309.470802</ele>
        <time>2026-09-18T23:44:12.476Z</time>
      </trkpt>
      <trkpt lat="43.182966" lon="-4.303352">
        <ele>320.794782</ele>
        <time>2026-09-18T23:45:56.113Z</time>
      </trkpt>
      <trkpt lat="43.182874" lon="-4.303264">
        <ele>321.088082</ele>
        <time>2026-09-18T23:45:59.318Z</time>
      </trkpt>
      <trkpt lat="43.182478" lon="-4.302655">
        <ele>322.643893</ele>
        <time>2026-09-18T23:46:15.202Z</time>
      </trkpt>
      <trkpt lat="43.181683" lon="-4.301290">
        <ele>323.895182</ele>
        <time>2026-09-18T23:46:41.401Z</time>
      </trkpt>
      <trkpt lat="43.180798" lon="-4.299796">
        <ele>323.201593</ele>
        <time>2026-09-18T23:46:59.296Z</time>
      </trkpt>
      <trkpt lat="43.180177" lon="-4.298756">
        <ele>321.385625</ele>
        <time>2026-09-18T23:47:09.514Z</time>
      </trkpt>
      <trkpt lat="43.180014" lon="-4.298526">
        <ele>320.980064</ele>
        <time>2026-09-18T23:47:11.973Z</time>
      </trkpt>
      <trkpt lat="43.179960" lon="-4.298482">
        <ele>320.947810</ele>
        <time>2026-09-18T23:47:12.651Z</time>
      </trkpt>
      <trkpt lat="43.179818" lon="-4.298416">
        <ele>320.870820</ele>
        <time>2026-09-18T23:47:14.290Z</time>
      </trkpt>
      <trkpt lat="43.179716" lon="-4.298388">
        <ele>320.817404</ele>
        <time>2026-09-18T23:47:15.430Z</time>
      </trkpt>
      <trkpt lat="43.178343" lon="-4.298350">
        <ele>320.112234</ele>
        <time>2026-09-18T23:47:33.782Z</time>
      </trkpt>
      <trkpt lat="43.177991" lon="-4.298424">
        <ele>321.416369</ele>
        <time>2026-09-18T23:47:41.505Z</time>
      </trkpt>
      <trkpt lat="43.177781" lon="-4.298523">
        <ele>322.533397</ele>
        <time>2026-09-18T23:47:46.862Z</time>
      </trkpt>
      <trkpt lat="43.177056" lon="-4.298922">
        <ele>326.463053</ele>
        <time>2026-09-18T23:48:09.962Z</time>
      </trkpt>
      <trkpt lat="43.176878" lon="-4.299001">
        <ele>327.404162</ele>
        <time>2026-09-18T23:48:17.579Z</time>
      </trkpt>
      <trkpt lat="43.176625" lon="-4.299062">
        <ele>328.696332</ele>
        <time>2026-09-18T23:48:30.374Z</time>
      </trkpt>
      <trkpt lat="43.176467" lon="-4.299040">
        <ele>330.218391</ele>
        <time>2026-09-18T23:48:39.700Z</time>
      </trkpt>
      <trkpt lat="43.176282" lon="-4.298981">
        <ele>332.989748</ele>
        <time>2026-09-18T23:48:52.266Z</time>
      </trkpt>
      <trkpt lat="43.176128" lon="-4.298921">
        <ele>335.325683</ele>
        <time>2026-09-18T23:49:04.082Z</time>
      </trkpt>
      <trkpt lat="43.176002" lon="-4.298880">
        <ele>337.215189</ele>
        <time>2026-09-18T23:49:14.219Z</time>
      </trkpt>
      <trkpt lat="43.175888" lon="-4.298844">
        <ele>338.922089</ele>
        <time>2026-09-18T23:49:23.884Z</time>
      </trkpt>
      <trkpt lat="43.175697" lon="-4.298772">
        <ele>341.812338</ele>
        <time>2026-09-18T23:49:40.726Z</time>
      </trkpt>
      <trkpt lat="43.175068" lon="-4.298655">
        <ele>351.074067</ele>
        <time>2026-09-18T23:50:34.215Z</time>
      </trkpt>
      <trkpt lat="43.174754" lon="-4.298528">
        <ele>355.604989</ele>
        <time>2026-09-18T23:51:00.088Z</time>
      </trkpt>
      <trkpt lat="43.174611" lon="-4.298436">
        <ele>356.759020</ele>
        <time>2026-09-18T23:51:11.594Z</time>
      </trkpt>
      <trkpt lat="43.174295" lon="-4.298184">
        <ele>359.429749</ele>
        <time>2026-09-18T23:51:34.396Z</time>
      </trkpt>
      <trkpt lat="43.174156" lon="-4.298029">
        <ele>360.738691</ele>
        <time>2026-09-18T23:51:43.396Z</time>
      </trkpt>
      <trkpt lat="43.174007" lon="-4.297853">
        <ele>362.175489</ele>
        <time>2026-09-18T23:51:51.723Z</time>
      </trkpt>
      <trkpt lat="43.173070" lon="-4.296358">
        <ele>367.980572</ele>
        <time>2026-09-18T23:52:28.345Z</time>
      </trkpt>
      <trkpt lat="43.172872" lon="-4.295972">
        <ele>367.668442</ele>
        <time>2026-09-18T23:52:33.107Z</time>
      </trkpt>
      <trkpt lat="43.172643" lon="-4.295173">
        <ele>367.100629</ele>
        <time>2026-09-18T23:52:39.699Z</time>
      </trkpt>
      <trkpt lat="43.172236" lon="-4.294010">
        <ele>366.006904</ele>
        <time>2026-09-18T23:52:48.568Z</time>
      </trkpt>
      <trkpt lat="43.172009" lon="-4.293485">
        <ele>365.446790</ele>
        <time>2026-09-18T23:52:53.226Z</time>
      </trkpt>
      <trkpt lat="43.171858" lon="-4.293231">
        <ele>365.146056</ele>
        <time>2026-09-18T23:52:57.032Z</time>
      </trkpt>
      <trkpt lat="43.171709" lon="-4.293100">
        <ele>364.923328</ele>
        <time>2026-09-18T23:53:01.073Z</time>
      </trkpt>
      <trkpt lat="43.171214" lon="-4.292909">
        <ele>365.781720</ele>
        <time>2026-09-18T23:53:17.036Z</time>
      </trkpt>
      <trkpt lat="43.170786" lon="-4.292579">
        <ele>367.995145</ele>
        <time>2026-09-18T23:53:36.604Z</time>
      </trkpt>
      <trkpt lat="43.170318" lon="-4.292336">
        <ele>370.250965</ele>
        <time>2026-09-18T23:53:56.231Z</time>
      </trkpt>
      <trkpt lat="43.169750" lon="-4.291530">
        <ele>373.769456</ele>
        <time>2026-09-18T23:54:20.411Z</time>
      </trkpt>
      <trkpt lat="43.169667" lon="-4.291405">
        <ele>374.249680</ele>
        <time>2026-09-18T23:54:22.552Z</time>
      </trkpt>
      <trkpt lat="43.169589" lon="-4.291286">
        <ele>374.704199</ele>
        <time>2026-09-18T23:54:24.416Z</time>
      </trkpt>
      <trkpt lat="43.169437" lon="-4.291049">
        <ele>375.600761</ele>
        <time>2026-09-18T23:54:27.841Z</time>
      </trkpt>
      <trkpt lat="43.169201" lon="-4.290500">
        <ele>377.411120</ele>
        <time>2026-09-18T23:54:37.237Z</time>
      </trkpt>
      <trkpt lat="43.169145" lon="-4.290292">
        <ele>378.040988</ele>
        <time>2026-09-18T23:54:42.599Z</time>
      </trkpt>
      <trkpt lat="43.169028" lon="-4.289633">
        <ele>380.056044</ele>
        <time>2026-09-18T23:55:06.981Z</time>
      </trkpt>
      <trkpt lat="43.168986" lon="-4.289494">
        <ele>380.634826</ele>
        <time>2026-09-18T23:55:13.017Z</time>
      </trkpt>
      <trkpt lat="43.168908" lon="-4.289388">
        <ele>381.214071</ele>
        <time>2026-09-18T23:55:19.018Z</time>
      </trkpt>
      <trkpt lat="43.168817" lon="-4.289372">
        <ele>381.697972</ele>
        <time>2026-09-18T23:55:23.706Z</time>
      </trkpt>
      <trkpt lat="43.168715" lon="-4.289414">
        <ele>382.259699</ele>
        <time>2026-09-18T23:55:28.736Z</time>
      </trkpt>
      <trkpt lat="43.168251" lon="-4.289722">
        <ele>384.978750</ele>
        <time>2026-09-18T23:55:50.931Z</time>
      </trkpt>
      <trkpt lat="43.168135" lon="-4.289707">
        <ele>385.593296</ele>
        <time>2026-09-18T23:55:55.320Z</time>
      </trkpt>
      <trkpt lat="43.168093" lon="-4.289622">
        <ele>385.988256</ele>
        <time>2026-09-18T23:55:58.227Z</time>
      </trkpt>
      <trkpt lat="43.168107" lon="-4.289486">
        <ele>386.516618</ele>
        <time>2026-09-18T23:56:01.992Z</time>
      </trkpt>
      <trkpt lat="43.168427" lon="-4.288843">
        <ele>389.225837</ele>
        <time>2026-09-18T23:56:17.022Z</time>
      </trkpt>
      <trkpt lat="43.168533" lon="-4.288483">
        <ele>389.326268</ele>
        <time>2026-09-18T23:56:20.016Z</time>
      </trkpt>
      <trkpt lat="43.168506" lon="-4.288341">
        <ele>389.364229</ele>
        <time>2026-09-18T23:56:21.031Z</time>
      </trkpt>
      <trkpt lat="43.168132" lon="-4.287503">
        <ele>389.618376</ele>
        <time>2026-09-18T23:56:28.019Z</time>
      </trkpt>
      <trkpt lat="43.168000" lon="-4.287304">
        <ele>389.687961</ele>
        <time>2026-09-18T23:56:31.758Z</time>
      </trkpt>
      <trkpt lat="43.167699" lon="-4.286979">
        <ele>389.823852</ele>
        <time>2026-09-18T23:56:43.329Z</time>
      </trkpt>
      <trkpt lat="43.167309" lon="-4.286683">
        <ele>394.074554</ele>
        <time>2026-09-18T23:57:02.776Z</time>
      </trkpt>
      <trkpt lat="43.167155" lon="-4.286593">
        <ele>395.885471</ele>
        <time>2026-09-18T23:57:11.685Z</time>
      </trkpt>
      <trkpt lat="43.166719" lon="-4.286479">
        <ele>400.686893</ele>
        <time>2026-09-18T23:57:39.052Z</time>
      </trkpt>
      <trkpt lat="43.166243" lon="-4.286176">
        <ele>406.363924</ele>
        <time>2026-09-18T23:58:16.569Z</time>
      </trkpt>
      <trkpt lat="43.165887" lon="-4.286035">
        <ele>410.373502</ele>
        <time>2026-09-18T23:58:43.521Z</time>
      </trkpt>
      <trkpt lat="43.165590" lon="-4.285830">
        <ele>413.974107</ele>
        <time>2026-09-18T23:59:06.854Z</time>
      </trkpt>
      <trkpt lat="43.165011" lon="-4.285271">
        <ele>421.642282</ele>
        <time>2026-09-18T23:59:51.147Z</time>
      </trkpt>
      <trkpt lat="43.164770" lon="-4.284947">
        <ele>425.297236</ele>
        <time>2026-09-19T00:00:09.038Z</time>
      </trkpt>
      <trkpt lat="43.164541" lon="-4.284534">
        <ele>428.980512</ele>
        <time>2026-09-19T00:00:25.828Z</time>
      </trkpt>
      <trkpt lat="43.164274" lon="-4.284306">
        <ele>430.104689</ele>
        <time>2026-09-19T00:00:37.849Z</time>
      </trkpt>
      <trkpt lat="43.164187" lon="-4.284189">
        <ele>430.540227</ele>
        <time>2026-09-19T00:00:42.175Z</time>
      </trkpt>
      <trkpt lat="43.164158" lon="-4.284084">
        <ele>430.832902</ele>
        <time>2026-09-19T00:00:44.986Z</time>
      </trkpt>
      <trkpt lat="43.164110" lon="-4.283648">
        <ele>431.982322</ele>
        <time>2026-09-19T00:00:55.459Z</time>
      </trkpt>
      <trkpt lat="43.164102" lon="-4.283318">
        <ele>432.843028</ele>
        <time>2026-09-19T00:01:02.222Z</time>
      </trkpt>
      <trkpt lat="43.164038" lon="-4.283117">
        <ele>433.414735</ele>
        <time>2026-09-19T00:01:06.236Z</time>
      </trkpt>
      <trkpt lat="43.163834" lon="-4.282716">
        <ele>434.689184</ele>
        <time>2026-09-19T00:01:13.942Z</time>
      </trkpt>
      <trkpt lat="43.163794" lon="-4.282497">
        <ele>435.173708</ele>
        <time>2026-09-19T00:01:17.163Z</time>
      </trkpt>
      <trkpt lat="43.163695" lon="-4.280869">
        <ele>433.377005</ele>
        <time>2026-09-19T00:01:29.939Z</time>
      </trkpt>
      <trkpt lat="43.163701" lon="-4.280735">
        <ele>433.229353</ele>
        <time>2026-09-19T00:01:30.867Z</time>
      </trkpt>
      <trkpt lat="43.163876" lon="-4.279890">
        <ele>433.345406</ele>
        <time>2026-09-19T00:01:37.734Z</time>
      </trkpt>
      <trkpt lat="43.163876" lon="-4.279708">
        <ele>434.090106</ele>
        <time>2026-09-19T00:01:39.868Z</time>
      </trkpt>
      <trkpt lat="43.163813" lon="-4.279582">
        <ele>434.715170</ele>
        <time>2026-09-19T00:01:42.045Z</time>
      </trkpt>
      <trkpt lat="43.163707" lon="-4.279567">
        <ele>435.312964</ele>
        <time>2026-09-19T00:01:44.424Z</time>
      </trkpt>
      <trkpt lat="43.163588" lon="-4.279618">
        <ele>436.012381</ele>
        <time>2026-09-19T00:01:47.551Z</time>
      </trkpt>
      <trkpt lat="43.163011" lon="-4.279975">
        <ele>439.563567</ele>
        <time>2026-09-19T00:02:14.690Z</time>
      </trkpt>
      <trkpt lat="43.162396" lon="-4.280261">
        <ele>443.035051</ele>
        <time>2026-09-19T00:02:54.396Z</time>
      </trkpt>
      <trkpt lat="43.162020" lon="-4.280343">
        <ele>444.583679</ele>
        <time>2026-09-19T00:03:15.754Z</time>
      </trkpt>
      <trkpt lat="43.161724" lon="-4.280360">
        <ele>445.788728</ele>
        <time>2026-09-19T00:03:29.789Z</time>
      </trkpt>
      <trkpt lat="43.161521" lon="-4.280348">
        <ele>446.615208</ele>
        <time>2026-09-19T00:03:37.681Z</time>
      </trkpt>
      <trkpt lat="43.161197" lon="-4.280264">
        <ele>447.956451</ele>
        <time>2026-09-19T00:03:46.094Z</time>
      </trkpt>
      <trkpt lat="43.160601" lon="-4.280246">
        <ele>449.705941</ele>
        <time>2026-09-19T00:03:52.078Z</time>
      </trkpt>
      <trkpt lat="43.160372" lon="-4.280191">
        <ele>449.328668</ele>
        <time>2026-09-19T00:03:54.164Z</time>
      </trkpt>
      <trkpt lat="43.160299" lon="-4.280149">
        <ele>449.200197</ele>
        <time>2026-09-19T00:03:54.874Z</time>
      </trkpt>
      <trkpt lat="43.160205" lon="-4.280041">
        <ele>449.001171</ele>
        <time>2026-09-19T00:03:55.964Z</time>
      </trkpt>
      <trkpt lat="43.159965" lon="-4.279584">
        <ele>448.334599</ele>
        <time>2026-09-19T00:03:59.760Z</time>
      </trkpt>
      <trkpt lat="43.159883" lon="-4.279486">
        <ele>448.158067</ele>
        <time>2026-09-19T00:04:00.840Z</time>
      </trkpt>
      <trkpt lat="43.159766" lon="-4.279436">
        <ele>447.959193</ele>
        <time>2026-09-19T00:04:02.153Z</time>
      </trkpt>
      <trkpt lat="43.159684" lon="-4.279443">
        <ele>447.825869</ele>
        <time>2026-09-19T00:04:03.093Z</time>
      </trkpt>
      <trkpt lat="43.159478" lon="-4.279603">
        <ele>447.441655</ele>
        <time>2026-09-19T00:04:07.040Z</time>
      </trkpt>
      <trkpt lat="43.159417" lon="-4.279725">
        <ele>447.266571</ele>
        <time>2026-09-19T00:04:09.803Z</time>
      </trkpt>
      <trkpt lat="43.159310" lon="-4.280133">
        <ele>448.024566</ele>
        <time>2026-09-19T00:04:21.633Z</time>
      </trkpt>
      <trkpt lat="43.159268" lon="-4.280775">
        <ele>451.545318</ele>
        <time>2026-09-19T00:04:46.848Z</time>
      </trkpt>
      <trkpt lat="43.159166" lon="-4.281024">
        <ele>453.105167</ele>
        <time>2026-09-19T00:05:00.069Z</time>
      </trkpt>
      <trkpt lat="43.158930" lon="-4.281309">
        <ele>455.460199</ele>
        <time>2026-09-19T00:05:20.505Z</time>
      </trkpt>
      <trkpt lat="43.158696" lon="-4.281477">
        <ele>457.438126</ele>
        <time>2026-09-19T00:05:34.715Z</time>
      </trkpt>
      <trkpt lat="43.158564" lon="-4.281517">
        <ele>458.450394</ele>
        <time>2026-09-19T00:05:40.695Z</time>
      </trkpt>
      <trkpt lat="43.158524" lon="-4.281523">
        <ele>458.751700</ele>
        <time>2026-09-19T00:05:42.377Z</time>
      </trkpt>
      <trkpt lat="43.158246" lon="-4.281597">
        <ele>460.374035</ele>
        <time>2026-09-19T00:05:51.039Z</time>
      </trkpt>
      <trkpt lat="43.158077" lon="-4.281736">
        <ele>460.117130</ele>
        <time>2026-09-19T00:05:54.835Z</time>
      </trkpt>
      <trkpt lat="43.157939" lon="-4.281928">
        <ele>459.860826</ele>
        <time>2026-09-19T00:05:57.199Z</time>
      </trkpt>
      <trkpt lat="43.157846" lon="-4.281995">
        <ele>459.723877</ele>
        <time>2026-09-19T00:05:58.326Z</time>
      </trkpt>
      <trkpt lat="43.157799" lon="-4.281991">
        <ele>459.662493</ele>
        <time>2026-09-19T00:05:58.811Z</time>
      </trkpt>
      <trkpt lat="43.157733" lon="-4.281923">
        <ele>459.554870</ele>
        <time>2026-09-19T00:05:59.654Z</time>
      </trkpt>
      <trkpt lat="43.157699" lon="-4.281681">
        <ele>459.320525</ele>
        <time>2026-09-19T00:06:01.441Z</time>
      </trkpt>
      <trkpt lat="43.157633" lon="-4.281518">
        <ele>459.143254</ele>
        <time>2026-09-19T00:06:02.783Z</time>
      </trkpt>
      <trkpt lat="43.157564" lon="-4.281445">
        <ele>459.029639</ele>
        <time>2026-09-19T00:06:03.631Z</time>
      </trkpt>
      <trkpt lat="43.157482" lon="-4.281413">
        <ele>458.918503</ele>
        <time>2026-09-19T00:06:04.486Z</time>
      </trkpt>
      <trkpt lat="43.156665" lon="-4.281568">
        <ele>458.018992</ele>
        <time>2026-09-19T00:06:12.782Z</time>
      </trkpt>
      <trkpt lat="43.156192" lon="-4.281792">
        <ele>457.807387</ele>
        <time>2026-09-19T00:06:19.589Z</time>
      </trkpt>
      <trkpt lat="43.155849" lon="-4.282027">
        <ele>457.645244</ele>
        <time>2026-09-19T00:06:26.636Z</time>
      </trkpt>
      <trkpt lat="43.155492" lon="-4.282108">
        <ele>457.492233</ele>
        <time>2026-09-19T00:06:33.724Z</time>
      </trkpt>
      <trkpt lat="43.155278" lon="-4.282015">
        <ele>457.397305</ele>
        <time>2026-09-19T00:06:37.560Z</time>
      </trkpt>
      <trkpt lat="43.154879" lon="-4.281733">
        <ele>457.325549</ele>
        <time>2026-09-19T00:06:43.387Z</time>
      </trkpt>
      <trkpt lat="43.154507" lon="-4.281673">
        <ele>457.305395</ele>
        <time>2026-09-19T00:06:47.686Z</time>
      </trkpt>
      <trkpt lat="43.154042" lon="-4.281455">
        <ele>457.278951</ele>
        <time>2026-09-19T00:06:53.817Z</time>
      </trkpt>
      <trkpt lat="43.153857" lon="-4.281432">
        <ele>457.268956</ele>
        <time>2026-09-19T00:06:56.760Z</time>
      </trkpt>
      <trkpt lat="43.153740" lon="-4.281497">
        <ele>457.262163</ele>
        <time>2026-09-19T00:06:58.894Z</time>
      </trkpt>
      <trkpt lat="43.153502" lon="-4.281821">
        <ele>457.271437</ele>
        <time>2026-09-19T00:07:05.433Z</time>
      </trkpt>
      <trkpt lat="43.153295" lon="-4.282024">
        <ele>457.458007</ele>
        <time>2026-09-19T00:07:11.169Z</time>
      </trkpt>
      <trkpt lat="43.153071" lon="-4.282193">
        <ele>457.645432</ele>
        <time>2026-09-19T00:07:17.425Z</time>
      </trkpt>
      <trkpt lat="43.152916" lon="-4.282265">
        <ele>457.765397</ele>
        <time>2026-09-19T00:07:21.619Z</time>
      </trkpt>
      <trkpt lat="43.151168" lon="-4.282631">
        <ele>456.434316</ele>
        <time>2026-09-19T00:07:48.477Z</time>
      </trkpt>
      <trkpt lat="43.150934" lon="-4.282683">
        <ele>455.689793</ele>
        <time>2026-09-19T00:07:50.770Z</time>
      </trkpt>
      <trkpt lat="43.150684" lon="-4.282793">
        <ele>454.865152</ele>
        <time>2026-09-19T00:07:53.253Z</time>
      </trkpt>
      <trkpt lat="43.150449" lon="-4.282941">
        <ele>454.052905</ele>
        <time>2026-09-19T00:07:55.663Z</time>
      </trkpt>
      <trkpt lat="43.150235" lon="-4.283135">
        <ele>453.247092</ele>
        <time>2026-09-19T00:07:58.033Z</time>
      </trkpt>
      <trkpt lat="43.150061" lon="-4.283558">
        <ele>452.122454</ele>
        <time>2026-09-19T00:08:01.279Z</time>
      </trkpt>
      <trkpt lat="43.149935" lon="-4.283995">
        <ele>451.029295</ele>
        <time>2026-09-19T00:08:04.499Z</time>
      </trkpt>
      <trkpt lat="43.149866" lon="-4.284159">
        <ele>450.588866</ele>
        <time>2026-09-19T00:08:05.839Z</time>
      </trkpt>
      <trkpt lat="43.149400" lon="-4.285153">
        <ele>447.840117</ele>
        <time>2026-09-19T00:08:15.089Z</time>
      </trkpt>
      <trkpt lat="43.148797" lon="-4.286317">
        <ele>447.528026</ele>
        <time>2026-09-19T00:08:29.122Z</time>
      </trkpt>
      <trkpt lat="43.148652" lon="-4.286545">
        <ele>447.620070</ele>
        <time>2026-09-19T00:08:33.242Z</time>
      </trkpt>
      <trkpt lat="43.148378" lon="-4.286876">
        <ele>447.772412</ele>
        <time>2026-09-19T00:08:40.921Z</time>
      </trkpt>
      <trkpt lat="43.148057" lon="-4.287173">
        <ele>447.912548</ele>
        <time>2026-09-19T00:08:49.706Z</time>
      </trkpt>
      <trkpt lat="43.147447" lon="-4.287592">
        <ele>446.584228</ele>
        <time>2026-09-19T00:09:02.836Z</time>
      </trkpt>
      <trkpt lat="43.147173" lon="-4.287700">
        <ele>446.029189</ele>
        <time>2026-09-19T00:09:06.200Z</time>
      </trkpt>
      <trkpt lat="43.146890" lon="-4.287744">
        <ele>445.474715</ele>
        <time>2026-09-19T00:09:09.123Z</time>
      </trkpt>
      <trkpt lat="43.146547" lon="-4.287626">
        <ele>444.786254</ele>
        <time>2026-09-19T00:09:12.458Z</time>
      </trkpt>
      <trkpt lat="43.145819" lon="-4.287153">
        <ele>441.615294</ele>
        <time>2026-09-19T00:09:19.753Z</time>
      </trkpt>
      <trkpt lat="43.145739" lon="-4.287124">
        <ele>441.240978</ele>
        <time>2026-09-19T00:09:20.497Z</time>
      </trkpt>
      <trkpt lat="43.145676" lon="-4.287124">
        <ele>440.956002</ele>
        <time>2026-09-19T00:09:21.065Z</time>
      </trkpt>
      <trkpt lat="43.145343" lon="-4.287273">
        <ele>439.371464</ele>
        <time>2026-09-19T00:09:24.306Z</time>
      </trkpt>
      <trkpt lat="43.144846" lon="-4.287372">
        <ele>437.099704</ele>
        <time>2026-09-19T00:09:29.344Z</time>
      </trkpt>
      <trkpt lat="43.144593" lon="-4.287467">
        <ele>436.310541</ele>
        <time>2026-09-19T00:09:32.439Z</time>
      </trkpt>
      <trkpt lat="43.143467" lon="-4.288073">
        <ele>436.569521</ele>
        <time>2026-09-19T00:09:51.373Z</time>
      </trkpt>
      <trkpt lat="43.142907" lon="-4.288575">
        <ele>437.128463</ele>
        <time>2026-09-19T00:10:04.539Z</time>
      </trkpt>
      <trkpt lat="43.142807" lon="-4.288636">
        <ele>437.429163</ele>
        <time>2026-09-19T00:10:06.976Z</time>
      </trkpt>
      <trkpt lat="43.142150" lon="-4.288853">
        <ele>439.285733</ele>
        <time>2026-09-19T00:10:24.144Z</time>
      </trkpt>
      <trkpt lat="43.141972" lon="-4.289008">
        <ele>439.865088</ele>
        <time>2026-09-19T00:10:30.038Z</time>
      </trkpt>
      <trkpt lat="43.141610" lon="-4.289460">
        <ele>441.210413</ele>
        <time>2026-09-19T00:10:44.062Z</time>
      </trkpt>
      <trkpt lat="43.141312" lon="-4.289685">
        <ele>442.385067</ele>
        <time>2026-09-19T00:10:54.053Z</time>
      </trkpt>
      <trkpt lat="43.140643" lon="-4.290037">
        <ele>445.251453</ele>
        <time>2026-09-19T00:11:15.656Z</time>
      </trkpt>
      <trkpt lat="43.140561" lon="-4.290085">
        <ele>445.608113</ele>
        <time>2026-09-19T00:11:18.381Z</time>
      </trkpt>
      <trkpt lat="43.139729" lon="-4.290479">
        <ele>449.183735</ele>
        <time>2026-09-19T00:11:45.844Z</time>
      </trkpt>
      <trkpt lat="43.139382" lon="-4.290793">
        <ele>451.134516</ele>
        <time>2026-09-19T00:12:00.114Z</time>
      </trkpt>
      <trkpt lat="43.139243" lon="-4.290884">
        <ele>451.857210</ele>
        <time>2026-09-19T00:12:05.463Z</time>
      </trkpt>
      <trkpt lat="43.139080" lon="-4.290917">
        <ele>452.630209</ele>
        <time>2026-09-19T00:12:11.188Z</time>
      </trkpt>
      <trkpt lat="43.138599" lon="-4.290918">
        <ele>454.886780</ele>
        <time>2026-09-19T00:12:27.643Z</time>
      </trkpt>
      <trkpt lat="43.138204" lon="-4.291066">
        <ele>456.807900</ele>
        <time>2026-09-19T00:12:41.529Z</time>
      </trkpt>
      <trkpt lat="43.137801" lon="-4.291272">
        <ele>458.585273</ele>
        <time>2026-09-19T00:12:55.946Z</time>
      </trkpt>
      <trkpt lat="43.137598" lon="-4.291442">
        <ele>459.530870</ele>
        <time>2026-09-19T00:13:04.015Z</time>
      </trkpt>
      <trkpt lat="43.137065" lon="-4.292247">
        <ele>462.683585</ele>
        <time>2026-09-19T00:13:30.026Z</time>
      </trkpt>
      <trkpt lat="43.136930" lon="-4.292403">
        <ele>463.385478</ele>
        <time>2026-09-19T00:13:35.062Z</time>
      </trkpt>
      <trkpt lat="43.136786" lon="-4.292495">
        <ele>464.016983</ele>
        <time>2026-09-19T00:13:39.326Z</time>
      </trkpt>
      <trkpt lat="43.136294" lon="-4.292694">
        <ele>464.741550</ele>
        <time>2026-09-19T00:13:50.896Z</time>
      </trkpt>
      <trkpt lat="43.136221" lon="-4.292722">
        <ele>464.803618</ele>
        <time>2026-09-19T00:13:52.305Z</time>
      </trkpt>
      <trkpt lat="43.136095" lon="-4.292713">
        <ele>464.906924</ele>
        <time>2026-09-19T00:13:54.593Z</time>
      </trkpt>
      <trkpt lat="43.135574" lon="-4.292458">
        <ele>465.359897</ele>
        <time>2026-09-19T00:14:02.824Z</time>
      </trkpt>
      <trkpt lat="43.135444" lon="-4.292421">
        <ele>465.468609</ele>
        <time>2026-09-19T00:14:04.534Z</time>
      </trkpt>
      <trkpt lat="43.134969" lon="-4.292507">
        <ele>465.860907</ele>
        <time>2026-09-19T00:14:10.719Z</time>
      </trkpt>
      <trkpt lat="43.134253" lon="-4.292526">
        <ele>467.756807</ele>
        <time>2026-09-19T00:14:25.316Z</time>
      </trkpt>
      <trkpt lat="43.134109" lon="-4.292564">
        <ele>468.150794</ele>
        <time>2026-09-19T00:14:29.452Z</time>
      </trkpt>
      <trkpt lat="43.133960" lon="-4.292707">
        <ele>468.639522</ele>
        <time>2026-09-19T00:14:34.955Z</time>
      </trkpt>
      <trkpt lat="43.133735" lon="-4.293165">
        <ele>469.721997</ele>
        <time>2026-09-19T00:14:48.052Z</time>
      </trkpt>
      <trkpt lat="43.133519" lon="-4.293510">
        <ele>470.613234</ele>
        <time>2026-09-19T00:14:58.643Z</time>
      </trkpt>
      <trkpt lat="43.133166" lon="-4.293876">
        <ele>471.768272</ele>
        <time>2026-09-19T00:15:11.655Z</time>
      </trkpt>
      <trkpt lat="43.132917" lon="-4.294005">
        <ele>472.461141</ele>
        <time>2026-09-19T00:15:18.433Z</time>
      </trkpt>
      <trkpt lat="43.132559" lon="-4.294105">
        <ele>473.412105</ele>
        <time>2026-09-19T00:15:26.819Z</time>
      </trkpt>
      <trkpt lat="43.131987" lon="-4.294135">
        <ele>474.901996</ele>
        <time>2026-09-19T00:15:39.281Z</time>
      </trkpt>
      <trkpt lat="43.131774" lon="-4.294190">
        <ele>475.471300</ele>
        <time>2026-09-19T00:15:44.435Z</time>
      </trkpt>
      <trkpt lat="43.131678" lon="-4.294294">
        <ele>475.810570</ele>
        <time>2026-09-19T00:15:47.468Z</time>
      </trkpt>
      <trkpt lat="43.131645" lon="-4.294377">
        <ele>476.001799</ele>
        <time>2026-09-19T00:15:49.215Z</time>
      </trkpt>
      <trkpt lat="43.131586" lon="-4.294732">
        <ele>476.738422</ele>
        <time>2026-09-19T00:15:56.043Z</time>
      </trkpt>
      <trkpt lat="43.131477" lon="-4.295035">
        <ele>477.421882</ele>
        <time>2026-09-19T00:16:02.591Z</time>
      </trkpt>
      <trkpt lat="43.131340" lon="-4.295259">
        <ele>478.013186</ele>
        <time>2026-09-19T00:16:08.511Z</time>
      </trkpt>
      <trkpt lat="43.131228" lon="-4.295374">
        <ele>478.401186</ele>
        <time>2026-09-19T00:16:12.434Z</time>
      </trkpt>
      <trkpt lat="43.131059" lon="-4.295483">
        <ele>478.919013</ele>
        <time>2026-09-19T00:16:17.584Z</time>
      </trkpt>
      <trkpt lat="43.130144" lon="-4.295794">
        <ele>481.702101</ele>
        <time>2026-09-19T00:16:41.930Z</time>
      </trkpt>
      <trkpt lat="43.129815" lon="-4.295956">
        <ele>482.813068</ele>
        <time>2026-09-19T00:16:49.831Z</time>
      </trkpt>
      <trkpt lat="43.129755" lon="-4.296050">
        <ele>483.102691</ele>
        <time>2026-09-19T00:16:51.927Z</time>
      </trkpt>
      <trkpt lat="43.129720" lon="-4.296208">
        <ele>483.485635</ele>
        <time>2026-09-19T00:16:54.797Z</time>
      </trkpt>
      <trkpt lat="43.129716" lon="-4.296623">
        <ele>484.448192</ele>
        <time>2026-09-19T00:17:02.579Z</time>
      </trkpt>
      <trkpt lat="43.129689" lon="-4.296689">
        <ele>484.623667</ele>
        <time>2026-09-19T00:17:04.150Z</time>
      </trkpt>
      <trkpt lat="43.129617" lon="-4.296750">
        <ele>484.892676</ele>
        <time>2026-09-19T00:17:06.536Z</time>
      </trkpt>
      <trkpt lat="43.129451" lon="-4.296831">
        <ele>485.452649</ele>
        <time>2026-09-19T00:17:11.882Z</time>
      </trkpt>
      <trkpt lat="43.129266" lon="-4.296949">
        <ele>486.109476</ele>
        <time>2026-09-19T00:17:18.793Z</time>
      </trkpt>
      <trkpt lat="43.129206" lon="-4.297026">
        <ele>486.554778</ele>
        <time>2026-09-19T00:17:21.773Z</time>
      </trkpt>
      <trkpt lat="43.129009" lon="-4.297274">
        <ele>488.003904</ele>
        <time>2026-09-19T00:17:32.382Z</time>
      </trkpt>
      <trkpt lat="43.128839" lon="-4.297398">
        <ele>489.047120</ele>
        <time>2026-09-19T00:17:40.056Z</time>
      </trkpt>
      <trkpt lat="43.128503" lon="-4.297474">
        <ele>490.891816</ele>
        <time>2026-09-19T00:17:52.304Z</time>
      </trkpt>
      <trkpt lat="43.127977" lon="-4.297494">
        <ele>493.742178</ele>
        <time>2026-09-19T00:18:11.253Z</time>
      </trkpt>
      <trkpt lat="43.127681" lon="-4.297458">
        <ele>495.351871</ele>
        <time>2026-09-19T00:18:22.805Z</time>
      </trkpt>
      <trkpt lat="43.127236" lon="-4.297146">
        <ele>497.765410</ele>
        <time>2026-09-19T00:18:42.301Z</time>
      </trkpt>
      <trkpt lat="43.127071" lon="-4.297110">
        <ele>498.550903</ele>
        <time>2026-09-19T00:18:48.544Z</time>
      </trkpt>
      <trkpt lat="43.126094" lon="-4.297186">
        <ele>503.151501</ele>
        <time>2026-09-19T00:19:20.833Z</time>
      </trkpt>
      <trkpt lat="43.125670" lon="-4.297105">
        <ele>504.685942</ele>
        <time>2026-09-19T00:19:33.848Z</time>
      </trkpt>
      <trkpt lat="43.125071" lon="-4.297163">
        <ele>505.967697</ele>
        <time>2026-09-19T00:19:47.077Z</time>
      </trkpt>
      <trkpt lat="43.124938" lon="-4.297121">
        <ele>506.259029</ele>
        <time>2026-09-19T00:19:49.483Z</time>
      </trkpt>
      <trkpt lat="43.124128" lon="-4.296538">
        <ele>508.367070</ele>
        <time>2026-09-19T00:20:07.917Z</time>
      </trkpt>
      <trkpt lat="43.123470" lon="-4.296251">
        <ele>512.544297</ele>
        <time>2026-09-19T00:20:27.185Z</time>
      </trkpt>
      <trkpt lat="43.123267" lon="-4.296073">
        <ele>514.002249</ele>
        <time>2026-09-19T00:20:36.456Z</time>
      </trkpt>
      <trkpt lat="43.122939" lon="-4.295655">
        <ele>516.712044</ele>
        <time>2026-09-19T00:20:57.447Z</time>
      </trkpt>
      <trkpt lat="43.122764" lon="-4.295446">
        <ele>518.116398</ele>
        <time>2026-09-19T00:21:09.646Z</time>
      </trkpt>
      <trkpt lat="43.122577" lon="-4.295318">
        <ele>519.563799</ele>
        <time>2026-09-19T00:21:21.413Z</time>
      </trkpt>
      <trkpt lat="43.122422" lon="-4.295260">
        <ele>521.012266</ele>
        <time>2026-09-19T00:21:30.599Z</time>
      </trkpt>
      <trkpt lat="43.122005" lon="-4.295229">
        <ele>524.776955</ele>
        <time>2026-09-19T00:21:54.690Z</time>
      </trkpt>
      <trkpt lat="43.121921" lon="-4.295199">
        <ele>525.559501</ele>
        <time>2026-09-19T00:21:59.777Z</time>
      </trkpt>
      <trkpt lat="43.121870" lon="-4.295146">
        <ele>526.136553</ele>
        <time>2026-09-19T00:22:03.492Z</time>
      </trkpt>
      <trkpt lat="43.121795" lon="-4.295006">
        <ele>527.279227</ele>
        <time>2026-09-19T00:22:10.930Z</time>
      </trkpt>
      <trkpt lat="43.121690" lon="-4.294710">
        <ele>529.444708</ele>
        <time>2026-09-19T00:22:25.234Z</time>
      </trkpt>
      <trkpt lat="43.121100" lon="-4.293476">
        <ele>536.953654</ele>
        <time>2026-09-19T00:23:10.675Z</time>
      </trkpt>
      <trkpt lat="43.121015" lon="-4.293267">
        <ele>537.647395</ele>
        <time>2026-09-19T00:23:15.295Z</time>
      </trkpt>
      <trkpt lat="43.120838" lon="-4.292682">
        <ele>539.483629</ele>
        <time>2026-09-19T00:23:26.740Z</time>
      </trkpt>
      <trkpt lat="43.120633" lon="-4.292427">
        <ele>540.583593</ele>
        <time>2026-09-19T00:23:33.342Z</time>
      </trkpt>
      <trkpt lat="43.120314" lon="-4.292225">
        <ele>541.979652</ele>
        <time>2026-09-19T00:23:41.553Z</time>
      </trkpt>
      <trkpt lat="43.119981" lon="-4.292035">
        <ele>544.088427</ele>
        <time>2026-09-19T00:23:51.548Z</time>
      </trkpt>
      <trkpt lat="43.119865" lon="-4.291998">
        <ele>544.867475</ele>
        <time>2026-09-19T00:23:55.461Z</time>
      </trkpt>
      <trkpt lat="43.119056" lon="-4.291922">
        <ele>550.171563</ele>
        <time>2026-09-19T00:24:30.475Z</time>
      </trkpt>
      <trkpt lat="43.118606" lon="-4.291763">
        <ele>553.211330</ele>
        <time>2026-09-19T00:24:54.673Z</time>
      </trkpt>
      <trkpt lat="43.118088" lon="-4.291734">
        <ele>556.073593</ele>
        <time>2026-09-19T00:25:19.300Z</time>
      </trkpt>
      <trkpt lat="43.117724" lon="-4.291556">
        <ele>558.060430</ele>
        <time>2026-09-19T00:25:34.152Z</time>
      </trkpt>
      <trkpt lat="43.117392" lon="-4.291525">
        <ele>559.771089</ele>
        <time>2026-09-19T00:25:44.025Z</time>
      </trkpt>
      <trkpt lat="43.117091" lon="-4.291349">
        <ele>561.453477</ele>
        <time>2026-09-19T00:25:52.331Z</time>
      </trkpt>
      <trkpt lat="43.116933" lon="-4.291196">
        <ele>562.448129</ele>
        <time>2026-09-19T00:25:57.164Z</time>
      </trkpt>
      <trkpt lat="43.116559" lon="-4.290740">
        <ele>565.433019</ele>
        <time>2026-09-19T00:26:11.912Z</time>
      </trkpt>
      <trkpt lat="43.116377" lon="-4.290623">
        <ele>566.725047</ele>
        <time>2026-09-19T00:26:19.346Z</time>
      </trkpt>
      <trkpt lat="43.116178" lon="-4.290600">
        <ele>568.008492</ele>
        <time>2026-09-19T00:26:27.253Z</time>
      </trkpt>
      <trkpt lat="43.116044" lon="-4.290676">
        <ele>568.940549</ele>
        <time>2026-09-19T00:26:33.450Z</time>
      </trkpt>
      <trkpt lat="43.115969" lon="-4.290772">
        <ele>569.600206</ele>
        <time>2026-09-19T00:26:38.064Z</time>
      </trkpt>
      <trkpt lat="43.115841" lon="-4.291141">
        <ele>571.516796</ele>
        <time>2026-09-19T00:26:51.741Z</time>
      </trkpt>
      <trkpt lat="43.115768" lon="-4.291238">
        <ele>572.170379</ele>
        <time>2026-09-19T00:26:56.590Z</time>
      </trkpt>
      <trkpt lat="43.115560" lon="-4.291247">
        <ele>573.507786</ele>
        <time>2026-09-19T00:27:07.083Z</time>
      </trkpt>
      <trkpt lat="43.115454" lon="-4.291138">
        <ele>574.359576</ele>
        <time>2026-09-19T00:27:13.693Z</time>
      </trkpt>
      <trkpt lat="43.115415" lon="-4.290934">
        <ele>575.237912</ele>
        <time>2026-09-19T00:27:21.239Z</time>
      </trkpt>
      <trkpt lat="43.115406" lon="-4.290502">
        <ele>576.718091</ele>
        <time>2026-09-19T00:27:35.987Z</time>
      </trkpt>
      <trkpt lat="43.115428" lon="-4.290003">
        <ele>578.430252</ele>
        <time>2026-09-19T00:27:49.999Z</time>
      </trkpt>
      <trkpt lat="43.115391" lon="-4.289763">
        <ele>579.270370</ele>
        <time>2026-09-19T00:27:55.407Z</time>
      </trkpt>
      <trkpt lat="43.115290" lon="-4.289578">
        <ele>580.061589</ele>
        <time>2026-09-19T00:28:00.047Z</time>
      </trkpt>
      <trkpt lat="43.114827" lon="-4.289275">
        <ele>582.469066</ele>
        <time>2026-09-19T00:28:12.779Z</time>
      </trkpt>
      <trkpt lat="43.113976" lon="-4.288657">
        <ele>586.445729</ele>
        <time>2026-09-19T00:28:36.766Z</time>
      </trkpt>
      <trkpt lat="43.113707" lon="-4.288555">
        <ele>587.558594</ele>
        <time>2026-09-19T00:28:44.643Z</time>
      </trkpt>
      <trkpt lat="43.113381" lon="-4.288528">
        <ele>588.860768</ele>
        <time>2026-09-19T00:28:55.054Z</time>
      </trkpt>
      <trkpt lat="43.113190" lon="-4.288605">
        <ele>589.654601</ele>
        <time>2026-09-19T00:29:02.092Z</time>
      </trkpt>
      <trkpt lat="43.113064" lon="-4.288714">
        <ele>590.248768</ele>
        <time>2026-09-19T00:29:07.722Z</time>
      </trkpt>
      <trkpt lat="43.112802" lon="-4.289173">
        <ele>593.961830</ele>
        <time>2026-09-19T00:29:25.643Z</time>
      </trkpt>
      <trkpt lat="43.112669" lon="-4.289309">
        <ele>595.579400</ele>
        <time>2026-09-19T00:29:33.588Z</time>
      </trkpt>
      <trkpt lat="43.112276" lon="-4.289522">
        <ele>599.698562</ele>
        <time>2026-09-19T00:29:55.519Z</time>
      </trkpt>
      <trkpt lat="43.112122" lon="-4.289657">
        <ele>601.480505</ele>
        <time>2026-09-19T00:30:05.524Z</time>
      </trkpt>
      <trkpt lat="43.112028" lon="-4.289893">
        <ele>603.393292</ele>
        <time>2026-09-19T00:30:16.888Z</time>
      </trkpt>
      <trkpt lat="43.111927" lon="-4.290559">
        <ele>608.252876</ele>
        <time>2026-09-19T00:30:48.570Z</time>
      </trkpt>
      <trkpt lat="43.111866" lon="-4.290807">
        <ele>610.353878</ele>
        <time>2026-09-19T00:31:02.062Z</time>
      </trkpt>
      <trkpt lat="43.111786" lon="-4.291015">
        <ele>612.241358</ele>
        <time>2026-09-19T00:31:14.881Z</time>
      </trkpt>
      <trkpt lat="43.111254" lon="-4.291823">
        <ele>620.976917</ele>
        <time>2026-09-19T00:32:17.298Z</time>
      </trkpt>
      <trkpt lat="43.111025" lon="-4.291987">
        <ele>623.818741</ele>
        <time>2026-09-19T00:32:29.326Z</time>
      </trkpt>
      <trkpt lat="43.110836" lon="-4.292050">
        <ele>625.957906</ele>
        <time>2026-09-19T00:32:35.793Z</time>
      </trkpt>
      <trkpt lat="43.110687" lon="-4.292052">
        <ele>627.596598</ele>
        <time>2026-09-19T00:32:39.751Z</time>
      </trkpt>
      <trkpt lat="43.110564" lon="-4.292018">
        <ele>628.204106</ele>
        <time>2026-09-19T00:32:42.816Z</time>
      </trkpt>
      <trkpt lat="43.110462" lon="-4.291952">
        <ele>628.587601</ele>
        <time>2026-09-19T00:32:45.414Z</time>
      </trkpt>
      <trkpt lat="43.110422" lon="-4.291899">
        <ele>628.776791</ele>
        <time>2026-09-19T00:32:46.802Z</time>
      </trkpt>
      <trkpt lat="43.110394" lon="-4.291780">
        <ele>629.087086</ele>
        <time>2026-09-19T00:32:48.694Z</time>
      </trkpt>
      <trkpt lat="43.110438" lon="-4.291394">
        <ele>630.056668</ele>
        <time>2026-09-19T00:32:54.651Z</time>
      </trkpt>
      <trkpt lat="43.110492" lon="-4.291274">
        <ele>630.406517</ele>
        <time>2026-09-19T00:32:56.940Z</time>
      </trkpt>
      <trkpt lat="43.110546" lon="-4.291217">
        <ele>630.638275</ele>
        <time>2026-09-19T00:32:58.181Z</time>
      </trkpt>
      <trkpt lat="43.110720" lon="-4.291129">
        <ele>631.268826</ele>
        <time>2026-09-19T00:33:01.507Z</time>
      </trkpt>
      <trkpt lat="43.110853" lon="-4.290958">
        <ele>631.888934</ele>
        <time>2026-09-19T00:33:04.404Z</time>
      </trkpt>
      <trkpt lat="43.110976" lon="-4.290664">
        <ele>632.729900</ele>
        <time>2026-09-19T00:33:08.043Z</time>
      </trkpt>
      <trkpt lat="43.111034" lon="-4.290353">
        <ele>633.526520</ele>
        <time>2026-09-19T00:33:14.645Z</time>
      </trkpt>
      <trkpt lat="43.111009" lon="-4.290033">
        <ele>634.600086</ele>
        <time>2026-09-19T00:33:26.449Z</time>
      </trkpt>
      <trkpt lat="43.110915" lon="-4.289489">
        <ele>637.070353</ele>
        <time>2026-09-19T00:33:52.369Z</time>
      </trkpt>
      <trkpt lat="43.110934" lon="-4.288855">
        <ele>639.874258</ele>
        <time>2026-09-19T00:34:18.009Z</time>
      </trkpt>
      <trkpt lat="43.110912" lon="-4.288683">
        <ele>640.645876</ele>
        <time>2026-09-19T00:34:23.839Z</time>
      </trkpt>
      <trkpt lat="43.110813" lon="-4.288397">
        <ele>642.044538</ele>
        <time>2026-09-19T00:34:32.126Z</time>
      </trkpt>
      <trkpt lat="43.110778" lon="-4.288227">
        <ele>642.825044</ele>
        <time>2026-09-19T00:34:35.591Z</time>
      </trkpt>
      <trkpt lat="43.110772" lon="-4.288109">
        <ele>643.347732</ele>
        <time>2026-09-19T00:34:37.453Z</time>
      </trkpt>
      <trkpt lat="43.110814" lon="-4.287884">
        <ele>644.373960</ele>
        <time>2026-09-19T00:34:40.501Z</time>
      </trkpt>
      <trkpt lat="43.110904" lon="-4.287754">
        <ele>644.788078</ele>
        <time>2026-09-19T00:34:42.421Z</time>
      </trkpt>
      <trkpt lat="43.111212" lon="-4.287596">
        <ele>644.318432</ele>
        <time>2026-09-19T00:34:46.454Z</time>
      </trkpt>
      <trkpt lat="43.111574" lon="-4.287193">
        <ele>643.652321</ele>
        <time>2026-09-19T00:34:51.393Z</time>
      </trkpt>
      <trkpt lat="43.111872" lon="-4.286967">
        <ele>643.165921</ele>
        <time>2026-09-19T00:34:54.919Z</time>
      </trkpt>
      <trkpt lat="43.112095" lon="-4.286757">
        <ele>642.779494</ele>
        <time>2026-09-19T00:34:57.710Z</time>
      </trkpt>
      <trkpt lat="43.112557" lon="-4.286250">
        <ele>643.304863</ele>
        <time>2026-09-19T00:35:04.190Z</time>
      </trkpt>
      <trkpt lat="43.113158" lon="-4.285884">
        <ele>645.966009</ele>
        <time>2026-09-19T00:35:19.825Z</time>
      </trkpt>
      <trkpt lat="43.113237" lon="-4.285796">
        <ele>646.377988</ele>
        <time>2026-09-19T00:35:22.929Z</time>
      </trkpt>
      <trkpt lat="43.113321" lon="-4.285584">
        <ele>647.090449</ele>
        <time>2026-09-19T00:35:28.758Z</time>
      </trkpt>
      <trkpt lat="43.113327" lon="-4.285461">
        <ele>647.454556</ele>
        <time>2026-09-19T00:35:32.126Z</time>
      </trkpt>
      <trkpt lat="43.113304" lon="-4.285349">
        <ele>647.798203</ele>
        <time>2026-09-19T00:35:35.245Z</time>
      </trkpt>
      <trkpt lat="43.113250" lon="-4.285254">
        <ele>648.153829</ele>
        <time>2026-09-19T00:35:38.743Z</time>
      </trkpt>
      <trkpt lat="43.113086" lon="-4.285127">
        <ele>648.916070</ele>
        <time>2026-09-19T00:35:46.823Z</time>
      </trkpt>
      <trkpt lat="43.110505" lon="-4.284090">
        <ele>676.521821</ele>
        <time>2026-09-19T00:38:35.691Z</time>
      </trkpt>
      <trkpt lat="43.110046" lon="-4.283810">
        <ele>680.948161</ele>
        <time>2026-09-19T00:39:00.990Z</time>
      </trkpt>
      <trkpt lat="43.109078" lon="-4.282886">
        <ele>688.837005</ele>
        <time>2026-09-19T00:39:42.577Z</time>
      </trkpt>
      <trkpt lat="43.108924" lon="-4.282639">
        <ele>689.957545</ele>
        <time>2026-09-19T00:39:49.656Z</time>
      </trkpt>
      <trkpt lat="43.108767" lon="-4.282301">
        <ele>691.339571</ele>
        <time>2026-09-19T00:39:58.957Z</time>
      </trkpt>
      <trkpt lat="43.108617" lon="-4.282127">
        <ele>692.268395</ele>
        <time>2026-09-19T00:40:05.411Z</time>
      </trkpt>
      <trkpt lat="43.108119" lon="-4.281413">
        <ele>695.655101</ele>
        <time>2026-09-19T00:40:29.716Z</time>
      </trkpt>
      <trkpt lat="43.107901" lon="-4.281195">
        <ele>696.910052</ele>
        <time>2026-09-19T00:40:39.320Z</time>
      </trkpt>
      <trkpt lat="43.107534" lon="-4.280674">
        <ele>699.367520</ele>
        <time>2026-09-19T00:40:58.094Z</time>
      </trkpt>
      <trkpt lat="43.107346" lon="-4.280460">
        <ele>700.504052</ele>
        <time>2026-09-19T00:41:06.163Z</time>
      </trkpt>
      <trkpt lat="43.106807" lon="-4.280059">
        <ele>703.661915</ele>
        <time>2026-09-19T00:41:24.601Z</time>
      </trkpt>
      <trkpt lat="43.106249" lon="-4.279759">
        <ele>707.984857</ele>
        <time>2026-09-19T00:41:43.469Z</time>
      </trkpt>
      <trkpt lat="43.105791" lon="-4.279578">
        <ele>711.422483</ele>
        <time>2026-09-19T00:42:02.411Z</time>
      </trkpt>
      <trkpt lat="43.105346" lon="-4.279508">
        <ele>714.652720</ele>
        <time>2026-09-19T00:42:26.423Z</time>
      </trkpt>
      <trkpt lat="43.105146" lon="-4.279546">
        <ele>716.263012</ele>
        <time>2026-09-19T00:42:39.501Z</time>
      </trkpt>
      <trkpt lat="43.104908" lon="-4.279776">
        <ele>719.323837</ele>
        <time>2026-09-19T00:43:00.217Z</time>
      </trkpt>
      <trkpt lat="43.104605" lon="-4.279985">
        <ele>722.888819</ele>
        <time>2026-09-19T00:43:25.825Z</time>
      </trkpt>
      <trkpt lat="43.104283" lon="-4.280504">
        <ele>728.114194</ele>
        <time>2026-09-19T00:44:00.057Z</time>
      </trkpt>
      <trkpt lat="43.104175" lon="-4.280561">
        <ele>729.330432</ele>
        <time>2026-09-19T00:44:06.794Z</time>
      </trkpt>
      <trkpt lat="43.104035" lon="-4.280495">
        <ele>730.886300</ele>
        <time>2026-09-19T00:44:14.655Z</time>
      </trkpt>
      <trkpt lat="43.103976" lon="-4.280438">
        <ele>731.645006</ele>
        <time>2026-09-19T00:44:18.204Z</time>
      </trkpt>
      <trkpt lat="43.103905" lon="-4.280291">
        <ele>732.997276</ele>
        <time>2026-09-19T00:44:23.936Z</time>
      </trkpt>
      <trkpt lat="43.103893" lon="-4.280202">
        <ele>733.691654</ele>
        <time>2026-09-19T00:44:26.559Z</time>
      </trkpt>
      <trkpt lat="43.103911" lon="-4.279955">
        <ele>734.629860</ele>
        <time>2026-09-19T00:44:32.710Z</time>
      </trkpt>
      <trkpt lat="43.104042" lon="-4.279129">
        <ele>734.332155</ele>
        <time>2026-09-19T00:44:41.715Z</time>
      </trkpt>
      <trkpt lat="43.104181" lon="-4.278536">
        <ele>734.112799</ele>
        <time>2026-09-19T00:44:46.097Z</time>
      </trkpt>
      <trkpt lat="43.104192" lon="-4.278364">
        <ele>734.051989</ele>
        <time>2026-09-19T00:44:47.283Z</time>
      </trkpt>
      <trkpt lat="43.104093" lon="-4.277985">
        <ele>733.910218</ele>
        <time>2026-09-19T00:44:50.178Z</time>
      </trkpt>
      <trkpt lat="43.103937" lon="-4.277692">
        <ele>734.106200</ele>
        <time>2026-09-19T00:44:53.163Z</time>
      </trkpt>
      <trkpt lat="43.103797" lon="-4.277526">
        <ele>735.324288</ele>
        <time>2026-09-19T00:44:56.145Z</time>
      </trkpt>
      <trkpt lat="43.103481" lon="-4.277274">
        <ele>737.729641</ele>
        <time>2026-09-19T00:45:06.274Z</time>
      </trkpt>
      <trkpt lat="43.103240" lon="-4.277214">
        <ele>739.340937</ele>
        <time>2026-09-19T00:45:16.344Z</time>
      </trkpt>
      <trkpt lat="43.103011" lon="-4.277268">
        <ele>740.869482</ele>
        <time>2026-09-19T00:45:28.627Z</time>
      </trkpt>
      <trkpt lat="43.102810" lon="-4.277393">
        <ele>742.321594</ele>
        <time>2026-09-19T00:45:42.363Z</time>
      </trkpt>
      <trkpt lat="43.102392" lon="-4.277570">
        <ele>745.199649</ele>
        <time>2026-09-19T00:46:09.019Z</time>
      </trkpt>
      <trkpt lat="43.101958" lon="-4.277926">
        <ele>749.609282</ele>
        <time>2026-09-19T00:46:37.292Z</time>
      </trkpt>
      <trkpt lat="43.101853" lon="-4.277931">
        <ele>750.559018</ele>
        <time>2026-09-19T00:46:43.071Z</time>
      </trkpt>
      <trkpt lat="43.101805" lon="-4.277892">
        <ele>751.063528</ele>
        <time>2026-09-19T00:46:46.224Z</time>
      </trkpt>
      <trkpt lat="43.101728" lon="-4.277748">
        <ele>752.241579</ele>
        <time>2026-09-19T00:46:53.321Z</time>
      </trkpt>
      <trkpt lat="43.101677" lon="-4.277157">
        <ele>756.169457</ele>
        <time>2026-09-19T00:47:15.526Z</time>
      </trkpt>
      <trkpt lat="43.101603" lon="-4.276957">
        <ele>757.649319</ele>
        <time>2026-09-19T00:47:23.304Z</time>
      </trkpt>
      <trkpt lat="43.101487" lon="-4.276817">
        <ele>759.046957</ele>
        <time>2026-09-19T00:47:30.423Z</time>
      </trkpt>
      <trkpt lat="43.101341" lon="-4.276769">
        <ele>760.404236</ele>
        <time>2026-09-19T00:47:37.363Z</time>
      </trkpt>
      <trkpt lat="43.100828" lon="-4.276742">
        <ele>763.304499</ele>
        <time>2026-09-19T00:48:00.438Z</time>
      </trkpt>
      <trkpt lat="43.100507" lon="-4.276573">
        <ele>764.695361</ele>
        <time>2026-09-19T00:48:13.495Z</time>
      </trkpt>
      <trkpt lat="43.100199" lon="-4.276513">
        <ele>765.953565</ele>
        <time>2026-09-19T00:48:23.231Z</time>
      </trkpt>
      <trkpt lat="43.100128" lon="-4.276473">
        <ele>766.264061</ele>
        <time>2026-09-19T00:48:25.807Z</time>
      </trkpt>
      <trkpt lat="43.100121" lon="-4.276322">
        <ele>766.710868</ele>
        <time>2026-09-19T00:48:28.464Z</time>
      </trkpt>
      <trkpt lat="43.100223" lon="-4.276206">
        <ele>767.247077</ele>
        <time>2026-09-19T00:48:31.531Z</time>
      </trkpt>
      <trkpt lat="43.100654" lon="-4.275861">
        <ele>769.285079</ele>
        <time>2026-09-19T00:48:40.597Z</time>
      </trkpt>
      <trkpt lat="43.101486" lon="-4.275110">
        <ele>774.108931</ele>
        <time>2026-09-19T00:48:58.188Z</time>
      </trkpt>
      <trkpt lat="43.101655" lon="-4.274914">
        <ele>775.180993</ele>
        <time>2026-09-19T00:49:08.154Z</time>
      </trkpt>
      <trkpt lat="43.101792" lon="-4.274699">
        <ele>776.189653</ele>
        <time>2026-09-19T00:49:18.789Z</time>
      </trkpt>
      <trkpt lat="43.101861" lon="-4.274486">
        <ele>777.013309</ele>
        <time>2026-09-19T00:49:28.166Z</time>
      </trkpt>
      <trkpt lat="43.101894" lon="-4.274266">
        <ele>777.807172</ele>
        <time>2026-09-19T00:49:37.811Z</time>
      </trkpt>
      <trkpt lat="43.101894" lon="-4.274036">
        <ele>779.571206</ele>
        <time>2026-09-19T00:49:48.229Z</time>
      </trkpt>
      <trkpt lat="43.101855" lon="-4.273789">
        <ele>781.607674</ele>
        <time>2026-09-19T00:50:00.302Z</time>
      </trkpt>
      <trkpt lat="43.101705" lon="-4.273369">
        <ele>785.375469</ele>
        <time>2026-09-19T00:50:23.260Z</time>
      </trkpt>
      <trkpt lat="43.101287" lon="-4.272654">
        <ele>792.756750</ele>
        <time>2026-09-19T00:51:07.629Z</time>
      </trkpt>
      <trkpt lat="43.101036" lon="-4.272344">
        <ele>796.487076</ele>
        <time>2026-09-19T00:51:27.298Z</time>
      </trkpt>
      <trkpt lat="43.100630" lon="-4.271740">
        <ele>799.297572</ele>
        <time>2026-09-19T00:51:52.545Z</time>
      </trkpt>
      <trkpt lat="43.100527" lon="-4.271614">
        <ele>799.742545</ele>
        <time>2026-09-19T00:51:56.221Z</time>
      </trkpt>
      <trkpt lat="43.100230" lon="-4.271351">
        <ele>800.882081</ele>
        <time>2026-09-19T00:52:02.292Z</time>
      </trkpt>
      <trkpt lat="43.100184" lon="-4.271267">
        <ele>801.129101</ele>
        <time>2026-09-19T00:52:03.301Z</time>
      </trkpt>
      <trkpt lat="43.100174" lon="-4.271174">
        <ele>801.350250</ele>
        <time>2026-09-19T00:52:04.191Z</time>
      </trkpt>
      <trkpt lat="43.100207" lon="-4.271076">
        <ele>801.604139</ele>
        <time>2026-09-19T00:52:05.191Z</time>
      </trkpt>
      <trkpt lat="43.100839" lon="-4.270447">
        <ele>804.928606</ele>
        <time>2026-09-19T00:52:18.417Z</time>
      </trkpt>
      <trkpt lat="43.100882" lon="-4.270329">
        <ele>805.658057</ele>
        <time>2026-09-19T00:52:21.264Z</time>
      </trkpt>
      <trkpt lat="43.100862" lon="-4.270183">
        <ele>806.479700</ele>
        <time>2026-09-19T00:52:24.824Z</time>
      </trkpt>
      <trkpt lat="43.100740" lon="-4.269912">
        <ele>808.240665</ele>
        <time>2026-09-19T00:52:33.440Z</time>
      </trkpt>
      <trkpt lat="43.100516" lon="-4.269563">
        <ele>810.810848</ele>
        <time>2026-09-19T00:52:49.439Z</time>
      </trkpt>
      <trkpt lat="43.100165" lon="-4.269058">
        <ele>814.667330</ele>
        <time>2026-09-19T00:53:20.070Z</time>
      </trkpt>
      <trkpt lat="43.099943" lon="-4.268783">
        <ele>816.934921</ele>
        <time>2026-09-19T00:53:39.244Z</time>
      </trkpt>
      <trkpt lat="43.099606" lon="-4.268114">
        <ele>822.064097</ele>
        <time>2026-09-19T00:54:13.529Z</time>
      </trkpt>
      <trkpt lat="43.099452" lon="-4.267523">
        <ele>826.048675</ele>
        <time>2026-09-19T00:54:34.148Z</time>
      </trkpt>
      <trkpt lat="43.099232" lon="-4.267113">
        <ele>829.279520</ele>
        <time>2026-09-19T00:54:50.023Z</time>
      </trkpt>
      <trkpt lat="43.099173" lon="-4.267028">
        <ele>830.024222</ele>
        <time>2026-09-19T00:54:53.746Z</time>
      </trkpt>
      <trkpt lat="43.098787" lon="-4.266476">
        <ele>834.203476</ele>
        <time>2026-09-19T00:55:19.955Z</time>
      </trkpt>
      <trkpt lat="43.098307" lon="-4.265930">
        <ele>837.876830</ele>
        <time>2026-09-19T00:55:49.010Z</time>
      </trkpt>
      <trkpt lat="43.098134" lon="-4.265810">
        <ele>839.018467</ele>
        <time>2026-09-19T00:55:57.136Z</time>
      </trkpt>
      <trkpt lat="43.097839" lon="-4.265677">
        <ele>840.846825</ele>
        <time>2026-09-19T00:56:09.168Z</time>
      </trkpt>
      <trkpt lat="43.097330" lon="-4.264473">
        <ele>843.512975</ele>
        <time>2026-09-19T00:56:33.893Z</time>
      </trkpt>
      <trkpt lat="43.096953" lon="-4.263769">
        <ele>843.658031</ele>
        <time>2026-09-19T00:56:40.818Z</time>
      </trkpt>
      <trkpt lat="43.096300" lon="-4.262580">
        <ele>847.461039</ele>
        <time>2026-09-19T00:56:55.310Z</time>
      </trkpt>
      <trkpt lat="43.096180" lon="-4.262438">
        <ele>848.601072</ele>
        <time>2026-09-19T00:57:00.342Z</time>
      </trkpt>
      <trkpt lat="43.096073" lon="-4.262417">
        <ele>849.378094</ele>
        <time>2026-09-19T00:57:04.318Z</time>
      </trkpt>
      <trkpt lat="43.096028" lon="-4.262438">
        <ele>849.719840</ele>
        <time>2026-09-19T00:57:06.181Z</time>
      </trkpt>
      <trkpt lat="43.095975" lon="-4.262535">
        <ele>850.355762</ele>
        <time>2026-09-19T00:57:09.933Z</time>
      </trkpt>
      <trkpt lat="43.095938" lon="-4.262777">
        <ele>851.653586</ele>
        <time>2026-09-19T00:57:18.401Z</time>
      </trkpt>
      <trkpt lat="43.095915" lon="-4.263916">
        <ele>858.790148</ele>
        <time>2026-09-19T00:58:14.106Z</time>
      </trkpt>
      <trkpt lat="43.095893" lon="-4.264157">
        <ele>861.673105</ele>
        <time>2026-09-19T00:58:28.497Z</time>
      </trkpt>
      <trkpt lat="43.095840" lon="-4.264430">
        <ele>865.026213</ele>
        <time>2026-09-19T00:58:45.687Z</time>
      </trkpt>
      <trkpt lat="43.095670" lon="-4.265017">
        <ele>872.521967</ele>
        <time>2026-09-19T00:59:27.572Z</time>
      </trkpt>
      <trkpt lat="43.095525" lon="-4.265388">
        <ele>877.516909</ele>
        <time>2026-09-19T00:59:57.951Z</time>
      </trkpt>
      <trkpt lat="43.095321" lon="-4.265729">
        <ele>882.749597</ele>
        <time>2026-09-19T01:00:24.943Z</time>
      </trkpt>
      <trkpt lat="43.094950" lon="-4.266031">
        <ele>888.020325</ele>
        <time>2026-09-19T01:00:54.657Z</time>
      </trkpt>
      <trkpt lat="43.094808" lon="-4.266087">
        <ele>889.321842</ele>
        <time>2026-09-19T01:01:03.186Z</time>
      </trkpt>
      <trkpt lat="43.094703" lon="-4.266081">
        <ele>890.247453</ele>
        <time>2026-09-19T01:01:08.778Z</time>
      </trkpt>
      <trkpt lat="43.094667" lon="-4.265998">
        <ele>890.868343</ele>
        <time>2026-09-19T01:01:12.542Z</time>
      </trkpt>
      <trkpt lat="43.094689" lon="-4.265828">
        <ele>891.978751</ele>
        <time>2026-09-19T01:01:18.827Z</time>
      </trkpt>
      <trkpt lat="43.094791" lon="-4.265570">
        <ele>893.865689</ele>
        <time>2026-09-19T01:01:28.208Z</time>
      </trkpt>
      <trkpt lat="43.094824" lon="-4.265409">
        <ele>894.941192</ele>
        <time>2026-09-19T01:01:33.316Z</time>
      </trkpt>
      <trkpt lat="43.094836" lon="-4.265169">
        <ele>896.488385</ele>
        <time>2026-09-19T01:01:39.837Z</time>
      </trkpt>
      <trkpt lat="43.094795" lon="-4.264852">
        <ele>898.558929</ele>
        <time>2026-09-19T01:01:47.879Z</time>
      </trkpt>
      <trkpt lat="43.094614" lon="-4.264137">
        <ele>902.924442</ele>
        <time>2026-09-19T01:02:11.537Z</time>
      </trkpt>
      <trkpt lat="43.094526" lon="-4.263884">
        <ele>904.171353</ele>
        <time>2026-09-19T01:02:21.270Z</time>
      </trkpt>
      <trkpt lat="43.094354" lon="-4.263598">
        <ele>905.819938</ele>
        <time>2026-09-19T01:02:32.434Z</time>
      </trkpt>
      <trkpt lat="43.094288" lon="-4.263532">
        <ele>906.317908</ele>
        <time>2026-09-19T01:02:35.842Z</time>
      </trkpt>
      <trkpt lat="43.093932" lon="-4.263337">
        <ele>908.654226</ele>
        <time>2026-09-19T01:02:51.883Z</time>
      </trkpt>
      <trkpt lat="43.093869" lon="-4.263275">
        <ele>909.126952</ele>
        <time>2026-09-19T01:02:55.130Z</time>
      </trkpt>
      <trkpt lat="43.093834" lon="-4.263127">
        <ele>909.819160</ele>
        <time>2026-09-19T01:03:00.069Z</time>
      </trkpt>
      <trkpt lat="43.093987" lon="-4.262680">
        <ele>912.015768</ele>
        <time>2026-09-19T01:03:14.879Z</time>
      </trkpt>
      <trkpt lat="43.094036" lon="-4.262154">
        <ele>913.480179</ele>
        <time>2026-09-19T01:03:26.882Z</time>
      </trkpt>
      <trkpt lat="43.094011" lon="-4.261869">
        <ele>914.050446</ele>
        <time>2026-09-19T01:03:30.207Z</time>
      </trkpt>
      <trkpt lat="43.093898" lon="-4.261459">
        <ele>914.921059</ele>
        <time>2026-09-19T01:03:34.170Z</time>
      </trkpt>
      <trkpt lat="43.093130" lon="-4.259752">
        <ele>918.544651</ele>
        <time>2026-09-19T01:04:14.149Z</time>
      </trkpt>
      <trkpt lat="43.092845" lon="-4.259219">
        <ele>919.480301</ele>
        <time>2026-09-19T01:04:27.551Z</time>
      </trkpt>
      <trkpt lat="43.092567" lon="-4.258822">
        <ele>920.259337</ele>
        <time>2026-09-19T01:04:37.589Z</time>
      </trkpt>
      <trkpt lat="43.091899" lon="-4.258103">
        <ele>922.349952</ele>
        <time>2026-09-19T01:04:47.926Z</time>
      </trkpt>
      <trkpt lat="43.091613" lon="-4.257594">
        <ele>923.784493</ele>
        <time>2026-09-19T01:04:57.314Z</time>
      </trkpt>
      <trkpt lat="43.091470" lon="-4.257386">
        <ele>924.422598</ele>
        <time>2026-09-19T01:05:02.689Z</time>
      </trkpt>
      <trkpt lat="43.091325" lon="-4.257305">
        <ele>924.901599</ele>
        <time>2026-09-19T01:05:07.509Z</time>
      </trkpt>
      <trkpt lat="43.091182" lon="-4.257337">
        <ele>925.344801</ele>
        <time>2026-09-19T01:05:12.213Z</time>
      </trkpt>
      <trkpt lat="43.090808" lon="-4.257538">
        <ele>926.573719</ele>
        <time>2026-09-19T01:05:27.190Z</time>
      </trkpt>
      <trkpt lat="43.090303" lon="-4.257634">
        <ele>931.458069</ele>
        <time>2026-09-19T01:05:54.201Z</time>
      </trkpt>
      <trkpt lat="43.089782" lon="-4.257588">
        <ele>936.614798</ele>
        <time>2026-09-19T01:06:24.473Z</time>
      </trkpt>
      <trkpt lat="43.089354" lon="-4.257616">
        <ele>940.847080</ele>
        <time>2026-09-19T01:06:47.491Z</time>
      </trkpt>
      <trkpt lat="43.088943" lon="-4.257502">
        <ele>945.207468</ele>
        <time>2026-09-19T01:07:11.495Z</time>
      </trkpt>
      <trkpt lat="43.088704" lon="-4.257512">
        <ele>948.455840</ele>
        <time>2026-09-19T01:07:26.904Z</time>
      </trkpt>
      <trkpt lat="43.088635" lon="-4.257544">
        <ele>949.445521</ele>
        <time>2026-09-19T01:07:31.715Z</time>
      </trkpt>
      <trkpt lat="43.088531" lon="-4.257647">
        <ele>951.189201</ele>
        <time>2026-09-19T01:07:40.619Z</time>
      </trkpt>
      <trkpt lat="43.088444" lon="-4.257896">
        <ele>953.927766</ele>
        <time>2026-09-19T01:07:55.464Z</time>
      </trkpt>
      <trkpt lat="43.088315" lon="-4.258081">
        <ele>956.465488</ele>
        <time>2026-09-19T01:08:09.746Z</time>
      </trkpt>
      <trkpt lat="43.088070" lon="-4.258292">
        <ele>960.397450</ele>
        <time>2026-09-19T01:08:32.722Z</time>
      </trkpt>
      <trkpt lat="43.087954" lon="-4.258354">
        <ele>962.089127</ele>
        <time>2026-09-19T01:08:42.864Z</time>
      </trkpt>
      <trkpt lat="43.087579" lon="-4.258496">
        <ele>967.374781</ele>
        <time>2026-09-19T01:09:13.639Z</time>
      </trkpt>
      <trkpt lat="43.086866" lon="-4.258710">
        <ele>972.304399</ele>
        <time>2026-09-19T01:09:56.464Z</time>
      </trkpt>
      <trkpt lat="43.086688" lon="-4.258716">
        <ele>973.295632</ele>
        <time>2026-09-19T01:10:03.022Z</time>
      </trkpt>
      <trkpt lat="43.086573" lon="-4.258641">
        <ele>974.004751</ele>
        <time>2026-09-19T01:10:06.926Z</time>
      </trkpt>
      <trkpt lat="43.086528" lon="-4.258525">
        <ele>974.538781</ele>
        <time>2026-09-19T01:10:09.225Z</time>
      </trkpt>
      <trkpt lat="43.086521" lon="-4.258390">
        <ele>975.089037</ele>
        <time>2026-09-19T01:10:11.569Z</time>
      </trkpt>
      <trkpt lat="43.086542" lon="-4.258332">
        <ele>975.352238</ele>
        <time>2026-09-19T01:10:12.516Z</time>
      </trkpt>
      <trkpt lat="43.086605" lon="-4.258268">
        <ele>975.788947</ele>
        <time>2026-09-19T01:10:14.296Z</time>
      </trkpt>
      <trkpt lat="43.086823" lon="-4.258117">
        <ele>977.149006</ele>
        <time>2026-09-19T01:10:18.687Z</time>
      </trkpt>
      <trkpt lat="43.087037" lon="-4.257926">
        <ele>978.571094</ele>
        <time>2026-09-19T01:10:22.333Z</time>
      </trkpt>
      <trkpt lat="43.087195" lon="-4.257695">
        <ele>979.211390</ele>
        <time>2026-09-19T01:10:25.256Z</time>
      </trkpt>
      <trkpt lat="43.087264" lon="-4.257499">
        <ele>979.525594</ele>
        <time>2026-09-19T01:10:27.258Z</time>
      </trkpt>
      <trkpt lat="43.087821" lon="-4.255305">
        <ele>983.921929</ele>
        <time>2026-09-19T01:11:07.788Z</time>
      </trkpt>
      <trkpt lat="43.087845" lon="-4.254997">
        <ele>985.365132</ele>
        <time>2026-09-19T01:11:16.641Z</time>
      </trkpt>
      <trkpt lat="43.087817" lon="-4.254677">
        <ele>986.866765</ele>
        <time>2026-09-19T01:11:26.755Z</time>
      </trkpt>
      <trkpt lat="43.087767" lon="-4.254531">
        <ele>987.618101</ele>
        <time>2026-09-19T01:11:32.137Z</time>
      </trkpt>
      <trkpt lat="43.087593" lon="-4.254194">
        <ele>989.541065</ele>
        <time>2026-09-19T01:11:46.348Z</time>
      </trkpt>
      <trkpt lat="43.086954" lon="-4.253603">
        <ele>994.562680</ele>
        <time>2026-09-19T01:12:20.793Z</time>
      </trkpt>
      <trkpt lat="43.086782" lon="-4.253378">
        <ele>996.350144</ele>
        <time>2026-09-19T01:12:31.453Z</time>
      </trkpt>
      <trkpt lat="43.086563" lon="-4.252992">
        <ele>999.032531</ele>
        <time>2026-09-19T01:12:47.787Z</time>
      </trkpt>
      <trkpt lat="43.086392" lon="-4.252635">
        <ele>1001.375461</ele>
        <time>2026-09-19T01:13:02.530Z</time>
      </trkpt>
      <trkpt lat="43.086249" lon="-4.252434">
        <ele>1002.915381</ele>
        <time>2026-09-19T01:13:12.565Z</time>
      </trkpt>
      <trkpt lat="43.086115" lon="-4.252339">
        <ele>1004.049250</ele>
        <time>2026-09-19T01:13:20.001Z</time>
      </trkpt>
      <trkpt lat="43.085615" lon="-4.252253">
        <ele>1007.708615</ele>
        <time>2026-09-19T01:13:42.494Z</time>
      </trkpt>
      <trkpt lat="43.085255" lon="-4.252101">
        <ele>1009.708381</ele>
        <time>2026-09-19T01:13:56.061Z</time>
      </trkpt>
      <trkpt lat="43.085031" lon="-4.251875">
        <ele>1011.185373</ele>
        <time>2026-09-19T01:14:05.396Z</time>
      </trkpt>
      <trkpt lat="43.085008" lon="-4.251816">
        <ele>1011.444650</ele>
        <time>2026-09-19T01:14:07.014Z</time>
      </trkpt>
      <trkpt lat="43.085011" lon="-4.251620">
        <ele>1012.204678</ele>
        <time>2026-09-19T01:14:11.510Z</time>
      </trkpt>
      <trkpt lat="43.085075" lon="-4.251470">
        <ele>1012.878167</ele>
        <time>2026-09-19T01:14:15.308Z</time>
      </trkpt>
      <trkpt lat="43.085406" lon="-4.250998">
        <ele>1015.415007</ele>
        <time>2026-09-19T01:14:32.523Z</time>
      </trkpt>
      <trkpt lat="43.085489" lon="-4.250831">
        <ele>1016.198128</ele>
        <time>2026-09-19T01:14:38.289Z</time>
      </trkpt>
      <trkpt lat="43.085648" lon="-4.250334">
        <ele>1017.626430</ele>
        <time>2026-09-19T01:14:52.710Z</time>
      </trkpt>
      <trkpt lat="43.085723" lon="-4.249963">
        <ele>1018.373277</ele>
        <time>2026-09-19T01:15:01.392Z</time>
      </trkpt>
      <trkpt lat="43.085696" lon="-4.249703">
        <ele>1018.882780</ele>
        <time>2026-09-19T01:15:07.449Z</time>
      </trkpt>
      <trkpt lat="43.085588" lon="-4.249319">
        <ele>1019.681116</ele>
        <time>2026-09-19T01:15:16.475Z</time>
      </trkpt>
      <trkpt lat="43.085592" lon="-4.249213">
        <ele>1019.887043</ele>
        <time>2026-09-19T01:15:18.515Z</time>
      </trkpt>
      <trkpt lat="43.085673" lon="-4.249089">
        <ele>1020.209806</ele>
        <time>2026-09-19T01:15:21.670Z</time>
      </trkpt>
      <trkpt lat="43.085817" lon="-4.249086">
        <ele>1020.592382</ele>
        <time>2026-09-19T01:15:25.176Z</time>
      </trkpt>
      <trkpt lat="43.086061" lon="-4.249180">
        <ele>1021.265729</ele>
        <time>2026-09-19T01:15:30.428Z</time>
      </trkpt>
      <trkpt lat="43.086599" lon="-4.249652">
        <ele>1021.836471</ele>
        <time>2026-09-19T01:15:37.249Z</time>
      </trkpt>
      <trkpt lat="43.086679" lon="-4.249699">
        <ele>1021.856769</ele>
        <time>2026-09-19T01:15:38.092Z</time>
      </trkpt>
      <trkpt lat="43.086893" lon="-4.249730">
        <ele>1021.906945</ele>
        <time>2026-09-19T01:15:40.238Z</time>
      </trkpt>
      <trkpt lat="43.087345" lon="-4.249710">
        <ele>1022.012391</ele>
        <time>2026-09-19T01:15:46.670Z</time>
      </trkpt>
      <trkpt lat="43.087596" lon="-4.249663">
        <ele>1022.071461</ele>
        <time>2026-09-19T01:15:52.232Z</time>
      </trkpt>
      <trkpt lat="43.087814" lon="-4.249603">
        <ele>1022.123308</ele>
        <time>2026-09-19T01:15:58.145Z</time>
      </trkpt>
      <trkpt lat="43.088747" lon="-4.249225">
        <ele>1028.157654</ele>
        <time>2026-09-19T01:16:30.550Z</time>
      </trkpt>
      <trkpt lat="43.088913" lon="-4.249134">
        <ele>1029.393712</ele>
        <time>2026-09-19T01:16:38.151Z</time>
      </trkpt>
      <trkpt lat="43.089230" lon="-4.248877">
        <ele>1031.940330</ele>
        <time>2026-09-19T01:16:56.453Z</time>
      </trkpt>
      <trkpt lat="43.089424" lon="-4.248644">
        <ele>1033.724161</ele>
        <time>2026-09-19T01:17:11.152Z</time>
      </trkpt>
      <trkpt lat="43.089501" lon="-4.248471">
        <ele>1034.826833</ele>
        <time>2026-09-19T01:17:20.116Z</time>
      </trkpt>
      <trkpt lat="43.089505" lon="-4.248275">
        <ele>1036.293310</ele>
        <time>2026-09-19T01:17:28.871Z</time>
      </trkpt>
      <trkpt lat="43.089477" lon="-4.248135">
        <ele>1037.378941</ele>
        <time>2026-09-19T01:17:35.509Z</time>
      </trkpt>
      <trkpt lat="43.089164" lon="-4.247188">
        <ele>1045.153292</ele>
        <time>2026-09-19T01:18:21.815Z</time>
      </trkpt>
      <trkpt lat="43.089064" lon="-4.246918">
        <ele>1047.417515</ele>
        <time>2026-09-19T01:18:34.539Z</time>
      </trkpt>
      <trkpt lat="43.088775" lon="-4.246152">
        <ele>1053.453689</ele>
        <time>2026-09-19T01:19:07.557Z</time>
      </trkpt>
      <trkpt lat="43.088470" lon="-4.245440">
        <ele>1056.683257</ele>
        <time>2026-09-19T01:19:32.171Z</time>
      </trkpt>
      <trkpt lat="43.088422" lon="-4.245151">
        <ele>1057.842846</ele>
        <time>2026-09-19T01:19:39.850Z</time>
      </trkpt>
      <trkpt lat="43.088415" lon="-4.244952">
        <ele>1058.622339</ele>
        <time>2026-09-19T01:19:44.632Z</time>
      </trkpt>
      <trkpt lat="43.088446" lon="-4.244136">
        <ele>1061.819267</ele>
        <time>2026-09-19T01:20:01.778Z</time>
      </trkpt>
      <trkpt lat="43.088519" lon="-4.243966">
        <ele>1062.590853</ele>
        <time>2026-09-19T01:20:05.622Z</time>
      </trkpt>
      <trkpt lat="43.088669" lon="-4.243853">
        <ele>1063.416761</ele>
        <time>2026-09-19T01:20:10.295Z</time>
      </trkpt>
      <trkpt lat="43.088999" lon="-4.243835">
        <ele>1065.000555</ele>
        <time>2026-09-19T01:20:19.871Z</time>
      </trkpt>
      <trkpt lat="43.089193" lon="-4.243742">
        <ele>1065.986261</ele>
        <time>2026-09-19T01:20:26.249Z</time>
      </trkpt>
      <trkpt lat="43.089456" lon="-4.243480">
        <ele>1067.545954</ele>
        <time>2026-09-19T01:20:36.919Z</time>
      </trkpt>
      <trkpt lat="43.089565" lon="-4.243333">
        <ele>1068.279622</ele>
        <time>2026-09-19T01:20:42.251Z</time>
      </trkpt>
      <trkpt lat="43.089673" lon="-4.243103">
        <ele>1069.237255</ele>
        <time>2026-09-19T01:20:49.818Z</time>
      </trkpt>
      <trkpt lat="43.089747" lon="-4.242835">
        <ele>1070.240675</ele>
        <time>2026-09-19T01:20:58.192Z</time>
      </trkpt>
      <trkpt lat="43.089892" lon="-4.241661">
        <ele>1074.795433</ele>
        <time>2026-09-19T01:21:34.096Z</time>
      </trkpt>
      <trkpt lat="43.089877" lon="-4.241306">
        <ele>1076.193045</ele>
        <time>2026-09-19T01:21:43.855Z</time>
      </trkpt>
      <trkpt lat="43.089746" lon="-4.240517">
        <ele>1079.373241</ele>
        <time>2026-09-19T01:22:03.825Z</time>
      </trkpt>
      <trkpt lat="43.089693" lon="-4.240337">
        <ele>1080.136048</ele>
        <time>2026-09-19T01:22:08.318Z</time>
      </trkpt>
      <trkpt lat="43.089482" lon="-4.239889">
        <ele>1082.181378</ele>
        <time>2026-09-19T01:22:20.247Z</time>
      </trkpt>
      <trkpt lat="43.089391" lon="-4.239584">
        <ele>1083.426154</ele>
        <time>2026-09-19T01:22:27.836Z</time>
      </trkpt>
      <trkpt lat="43.089340" lon="-4.238761">
        <ele>1086.546696</ele>
        <time>2026-09-19T01:22:48.545Z</time>
      </trkpt>
      <trkpt lat="43.089312" lon="-4.238580">
        <ele>1087.245705</ele>
        <time>2026-09-19T01:22:53.490Z</time>
      </trkpt>
      <trkpt lat="43.089213" lon="-4.238252">
        <ele>1088.586589</ele>
        <time>2026-09-19T01:23:03.280Z</time>
      </trkpt>
      <trkpt lat="43.088732" lon="-4.237059">
        <ele>1094.957048</ele>
        <time>2026-09-19T01:23:43.843Z</time>
      </trkpt>
      <trkpt lat="43.088610" lon="-4.236852">
        <ele>1096.314219</ele>
        <time>2026-09-19T01:23:51.990Z</time>
      </trkpt>
      <trkpt lat="43.088428" lon="-4.236699">
        <ele>1097.806246</ele>
        <time>2026-09-19T01:24:00.983Z</time>
      </trkpt>
      <trkpt lat="43.087967" lon="-4.236435">
        <ele>1101.297287</ele>
        <time>2026-09-19T01:24:22.958Z</time>
      </trkpt>
      <trkpt lat="43.087833" lon="-4.236260">
        <ele>1102.590989</ele>
        <time>2026-09-19T01:24:31.645Z</time>
      </trkpt>
      <trkpt lat="43.087655" lon="-4.235959">
        <ele>1104.653603</ele>
        <time>2026-09-19T01:24:45.362Z</time>
      </trkpt>
      <trkpt lat="43.087504" lon="-4.235842">
        <ele>1105.925554</ele>
        <time>2026-09-19T01:24:53.722Z</time>
      </trkpt>
      <trkpt lat="43.086993" lon="-4.235665">
        <ele>1109.789777</ele>
        <time>2026-09-19T01:25:18.316Z</time>
      </trkpt>
      <trkpt lat="43.086791" lon="-4.235568">
        <ele>1111.359096</ele>
        <time>2026-09-19T01:25:27.721Z</time>
      </trkpt>
      <trkpt lat="43.086417" lon="-4.235466">
        <ele>1114.154806</ele>
        <time>2026-09-19T01:25:43.816Z</time>
      </trkpt>
      <trkpt lat="43.086339" lon="-4.235336">
        <ele>1115.055614</ele>
        <time>2026-09-19T01:25:49.018Z</time>
      </trkpt>
      <trkpt lat="43.086282" lon="-4.234985">
        <ele>1116.682998</ele>
        <time>2026-09-19T01:25:59.850Z</time>
      </trkpt>
      <trkpt lat="43.086243" lon="-4.234872">
        <ele>1117.148868</ele>
        <time>2026-09-19T01:26:03.494Z</time>
      </trkpt>
      <trkpt lat="43.086030" lon="-4.234521">
        <ele>1118.849926</ele>
        <time>2026-09-19T01:26:15.879Z</time>
      </trkpt>
      <trkpt lat="43.085859" lon="-4.234343">
        <ele>1119.946252</ele>
        <time>2026-09-19T01:26:23.134Z</time>
      </trkpt>
      <trkpt lat="43.085753" lon="-4.234288">
        <ele>1120.524802</ele>
        <time>2026-09-19T01:26:26.799Z</time>
      </trkpt>
      <trkpt lat="43.085365" lon="-4.234224">
        <ele>1122.519413</ele>
        <time>2026-09-19T01:26:39.162Z</time>
      </trkpt>
      <trkpt lat="43.085248" lon="-4.234160">
        <ele>1123.162453</ele>
        <time>2026-09-19T01:26:43.140Z</time>
      </trkpt>
      <trkpt lat="43.084703" lon="-4.233368">
        <ele>1126.691397</ele>
        <time>2026-09-19T01:27:10.536Z</time>
      </trkpt>
      <trkpt lat="43.084604" lon="-4.233268">
        <ele>1127.156854</ele>
        <time>2026-09-19T01:27:14.814Z</time>
      </trkpt>
      <trkpt lat="43.084415" lon="-4.233138">
        <ele>1127.957082</ele>
        <time>2026-09-19T01:27:21.920Z</time>
      </trkpt>
      <trkpt lat="43.084211" lon="-4.233087">
        <ele>1128.741664</ele>
        <time>2026-09-19T01:27:28.485Z</time>
      </trkpt>
      <trkpt lat="43.083995" lon="-4.233130">
        <ele>1129.567480</ele>
        <time>2026-09-19T01:27:35.207Z</time>
      </trkpt>
      <trkpt lat="43.083742" lon="-4.233296">
        <ele>1130.628923</ele>
        <time>2026-09-19T01:27:43.194Z</time>
      </trkpt>
      <trkpt lat="43.083570" lon="-4.233326">
        <ele>1131.284934</ele>
        <time>2026-09-19T01:27:47.601Z</time>
      </trkpt>
      <trkpt lat="43.083508" lon="-4.233303">
        <ele>1131.527964</ele>
        <time>2026-09-19T01:27:49.144Z</time>
      </trkpt>
      <trkpt lat="43.083401" lon="-4.233195">
        <ele>1132.026667</ele>
        <time>2026-09-19T01:27:52.172Z</time>
      </trkpt>
      <trkpt lat="43.083126" lon="-4.232583">
        <ele>1133.826377</ele>
        <time>2026-09-19T01:28:02.955Z</time>
      </trkpt>
      <trkpt lat="43.083056" lon="-4.232475">
        <ele>1134.188035</ele>
        <time>2026-09-19T01:28:05.371Z</time>
      </trkpt>
      <trkpt lat="43.082944" lon="-4.232381">
        <ele>1134.638535</ele>
        <time>2026-09-19T01:28:08.513Z</time>
      </trkpt>
      <trkpt lat="43.082831" lon="-4.232323">
        <ele>1135.052381</ele>
        <time>2026-09-19T01:28:11.454Z</time>
      </trkpt>
      <trkpt lat="43.082570" lon="-4.232295">
        <ele>1135.950175</ele>
        <time>2026-09-19T01:28:18.236Z</time>
      </trkpt>
      <trkpt lat="43.082453" lon="-4.232312">
        <ele>1136.353658</ele>
        <time>2026-09-19T01:28:21.630Z</time>
      </trkpt>
      <trkpt lat="43.082301" lon="-4.232407">
        <ele>1136.926654</ele>
        <time>2026-09-19T01:28:26.894Z</time>
      </trkpt>
      <trkpt lat="43.082237" lon="-4.232485">
        <ele>1137.220485</ele>
        <time>2026-09-19T01:28:29.758Z</time>
      </trkpt>
      <trkpt lat="43.082138" lon="-4.232689">
        <ele>1137.833948</ele>
        <time>2026-09-19T01:28:36.201Z</time>
      </trkpt>
      <trkpt lat="43.082099" lon="-4.232925">
        <ele>1138.693565</ele>
        <time>2026-09-19T01:28:43.118Z</time>
      </trkpt>
      <trkpt lat="43.082086" lon="-4.233204">
        <ele>1140.014064</ele>
        <time>2026-09-19T01:28:51.841Z</time>
      </trkpt>
      <trkpt lat="43.082042" lon="-4.233372">
        <ele>1140.857066</ele>
        <time>2026-09-19T01:28:57.750Z</time>
      </trkpt>
      <trkpt lat="43.081936" lon="-4.233508">
        <ele>1141.796519</ele>
        <time>2026-09-19T01:29:04.680Z</time>
      </trkpt>
      <trkpt lat="43.081551" lon="-4.233776">
        <ele>1144.589651</ele>
        <time>2026-09-19T01:29:25.739Z</time>
      </trkpt>
      <trkpt lat="43.081465" lon="-4.233809">
        <ele>1145.167246</ele>
        <time>2026-09-19T01:29:29.598Z</time>
      </trkpt>
      <trkpt lat="43.081283" lon="-4.233810">
        <ele>1146.344257</ele>
        <time>2026-09-19T01:29:36.977Z</time>
      </trkpt>
      <trkpt lat="43.080666" lon="-4.233589">
        <ele>1150.416893</ele>
        <time>2026-09-19T01:29:59.823Z</time>
      </trkpt>
      <trkpt lat="43.080155" lon="-4.233605">
        <ele>1153.471665</ele>
        <time>2026-09-19T01:30:17.088Z</time>
      </trkpt>
      <trkpt lat="43.080027" lon="-4.233707">
        <ele>1154.356795</ele>
        <time>2026-09-19T01:30:22.256Z</time>
      </trkpt>
      <trkpt lat="43.079917" lon="-4.233899">
        <ele>1155.421988</ele>
        <time>2026-09-19T01:30:28.707Z</time>
      </trkpt>
      <trkpt lat="43.079369" lon="-4.235258">
        <ele>1162.117487</ele>
        <time>2026-09-19T01:31:17.110Z</time>
      </trkpt>
      <trkpt lat="43.079194" lon="-4.235549">
        <ele>1163.682929</ele>
        <time>2026-09-19T01:31:29.055Z</time>
      </trkpt>
      <trkpt lat="43.079112" lon="-4.235625">
        <ele>1164.245958</ele>
        <time>2026-09-19T01:31:33.100Z</time>
      </trkpt>
      <trkpt lat="43.079026" lon="-4.235661">
        <ele>1164.757288</ele>
        <time>2026-09-19T01:31:36.638Z</time>
      </trkpt>
      <trkpt lat="43.078813" lon="-4.235669">
        <ele>1165.968832</ele>
        <time>2026-09-19T01:31:44.549Z</time>
      </trkpt>
      <trkpt lat="43.078559" lon="-4.235619">
        <ele>1167.427893</ele>
        <time>2026-09-19T01:31:53.475Z</time>
      </trkpt>
      <trkpt lat="43.078414" lon="-4.235528">
        <ele>1168.334838</ele>
        <time>2026-09-19T01:31:58.838Z</time>
      </trkpt>
      <trkpt lat="43.078198" lon="-4.235317">
        <ele>1169.843559</ele>
        <time>2026-09-19T01:32:07.756Z</time>
      </trkpt>
      <trkpt lat="43.078080" lon="-4.235267">
        <ele>1170.545891</ele>
        <time>2026-09-19T01:32:11.849Z</time>
      </trkpt>
      <trkpt lat="43.077886" lon="-4.235331">
        <ele>1171.503872</ele>
        <time>2026-09-19T01:32:18.353Z</time>
      </trkpt>
      <trkpt lat="43.077507" lon="-4.235581">
        <ele>1173.435868</ele>
        <time>2026-09-19T01:32:32.244Z</time>
      </trkpt>
      <trkpt lat="43.077222" lon="-4.235619">
        <ele>1174.750885</ele>
        <time>2026-09-19T01:32:41.857Z</time>
      </trkpt>
      <trkpt lat="43.076785" lon="-4.235595">
        <ele>1176.759362</ele>
        <time>2026-09-19T01:32:56.864Z</time>
      </trkpt>
      <trkpt lat="43.076611" lon="-4.235527">
        <ele>1177.590353</ele>
        <time>2026-09-19T01:33:03.212Z</time>
      </trkpt>
      <trkpt lat="43.076450" lon="-4.235417">
        <ele>1178.416684</ele>
        <time>2026-09-19T01:33:09.496Z</time>
      </trkpt>
      <trkpt lat="43.076014" lon="-4.234997">
        <ele>1180.328164</ele>
        <time>2026-09-19T01:33:26.193Z</time>
      </trkpt>
      <trkpt lat="43.075624" lon="-4.234668">
        <ele>1181.819153</ele>
        <time>2026-09-19T01:33:38.054Z</time>
      </trkpt>
      <trkpt lat="43.075314" lon="-4.234450">
        <ele>1182.953453</ele>
        <time>2026-09-19T01:33:46.144Z</time>
      </trkpt>
      <trkpt lat="43.074930" lon="-4.234232">
        <ele>1184.306477</ele>
        <time>2026-09-19T01:33:56.814Z</time>
      </trkpt>
      <trkpt lat="43.074728" lon="-4.234184">
        <ele>1184.987649</ele>
        <time>2026-09-19T01:34:02.928Z</time>
      </trkpt>
      <trkpt lat="43.074516" lon="-4.234183">
        <ele>1185.775796</ele>
        <time>2026-09-19T01:34:09.448Z</time>
      </trkpt>
      <trkpt lat="43.074319" lon="-4.234207">
        <ele>1186.511068</ele>
        <time>2026-09-19T01:34:15.464Z</time>
      </trkpt>
      <trkpt lat="43.074063" lon="-4.234239">
        <ele>1187.466746</ele>
        <time>2026-09-19T01:34:23.196Z</time>
      </trkpt>
      <trkpt lat="43.073928" lon="-4.234281">
        <ele>1187.981426</ele>
        <time>2026-09-19T01:34:27.355Z</time>
      </trkpt>
      <trkpt lat="43.073608" lon="-4.234470">
        <ele>1189.277072</ele>
        <time>2026-09-19T01:34:37.321Z</time>
      </trkpt>
      <trkpt lat="43.073528" lon="-4.234478">
        <ele>1189.575276</ele>
        <time>2026-09-19T01:34:39.531Z</time>
      </trkpt>
      <trkpt lat="43.073424" lon="-4.234461">
        <ele>1189.964659</ele>
        <time>2026-09-19T01:34:42.432Z</time>
      </trkpt>
      <trkpt lat="43.072945" lon="-4.234232">
        <ele>1191.984842</ele>
        <time>2026-09-19T01:34:57.853Z</time>
      </trkpt>
      <trkpt lat="43.072700" lon="-4.234217">
        <ele>1193.320663</ele>
        <time>2026-09-19T01:35:05.849Z</time>
      </trkpt>
      <trkpt lat="43.072498" lon="-4.234268">
        <ele>1194.439490</ele>
        <time>2026-09-19T01:35:12.629Z</time>
      </trkpt>
      <trkpt lat="43.072390" lon="-4.234343">
        <ele>1195.099116</ele>
        <time>2026-09-19T01:35:16.696Z</time>
      </trkpt>
      <trkpt lat="43.072007" lon="-4.234718">
        <ele>1197.663954</ele>
        <time>2026-09-19T01:35:34.841Z</time>
      </trkpt>
      <trkpt lat="43.071760" lon="-4.234902">
        <ele>1199.195638</ele>
        <time>2026-09-19T01:35:46.440Z</time>
      </trkpt>
      <trkpt lat="43.071663" lon="-4.234939">
        <ele>1199.744113</ele>
        <time>2026-09-19T01:35:50.647Z</time>
      </trkpt>
      <trkpt lat="43.070958" lon="-4.234943">
        <ele>1204.170368</ele>
        <time>2026-09-19T01:36:18.678Z</time>
      </trkpt>
      <trkpt lat="43.070816" lon="-4.234881">
        <ele>1205.196160</ele>
        <time>2026-09-19T01:36:24.107Z</time>
      </trkpt>
      <trkpt lat="43.070200" lon="-4.234479">
        <ele>1209.892767</ele>
        <time>2026-09-19T01:36:49.991Z</time>
      </trkpt>
      <trkpt lat="43.069759" lon="-4.234323">
        <ele>1213.027558</ele>
        <time>2026-09-19T01:37:11.160Z</time>
      </trkpt>
      <trkpt lat="43.069375" lon="-4.234295">
        <ele>1215.801693</ele>
        <time>2026-09-19T01:37:32.316Z</time>
      </trkpt>
      <trkpt lat="43.068683" lon="-4.234508">
        <ele>1221.004956</ele>
        <time>2026-09-19T01:38:10.916Z</time>
      </trkpt>
      <trkpt lat="43.068546" lon="-4.234508">
        <ele>1222.009987</ele>
        <time>2026-09-19T01:38:17.635Z</time>
      </trkpt>
      <trkpt lat="43.068493" lon="-4.234473">
        <ele>1222.441675</ele>
        <time>2026-09-19T01:38:20.291Z</time>
      </trkpt>
      <trkpt lat="43.068440" lon="-4.234417">
        <ele>1222.932838</ele>
        <time>2026-09-19T01:38:23.254Z</time>
      </trkpt>
      <trkpt lat="43.068379" lon="-4.234245">
        <ele>1223.957505</ele>
        <time>2026-09-19T01:38:28.999Z</time>
      </trkpt>
      <trkpt lat="43.068101" lon="-4.232922">
        <ele>1229.299795</ele>
        <time>2026-09-19T01:38:55.294Z</time>
      </trkpt>
      <trkpt lat="43.068018" lon="-4.232678">
        <ele>1230.075238</ele>
        <time>2026-09-19T01:38:59.214Z</time>
      </trkpt>
      <trkpt lat="43.067919" lon="-4.232512">
        <ele>1230.692616</ele>
        <time>2026-09-19T01:39:02.799Z</time>
      </trkpt>
      <trkpt lat="43.067825" lon="-4.232422">
        <ele>1231.145006</ele>
        <time>2026-09-19T01:39:05.774Z</time>
      </trkpt>
      <trkpt lat="43.067624" lon="-4.232321">
        <ele>1231.989408</ele>
        <time>2026-09-19T01:39:12.074Z</time>
      </trkpt>
      <trkpt lat="43.067450" lon="-4.232316">
        <ele>1232.675760</ele>
        <time>2026-09-19T01:39:17.875Z</time>
      </trkpt>
      <trkpt lat="43.066593" lon="-4.232470">
        <ele>1237.433697</ele>
        <time>2026-09-19T01:39:54.195Z</time>
      </trkpt>
      <trkpt lat="43.066425" lon="-4.232533">
        <ele>1238.571068</ele>
        <time>2026-09-19T01:40:02.299Z</time>
      </trkpt>
      <trkpt lat="43.065962" lon="-4.232797">
        <ele>1241.846021</ele>
        <time>2026-09-19T01:40:24.928Z</time>
      </trkpt>
      <trkpt lat="43.065795" lon="-4.232849">
        <ele>1242.964301</ele>
        <time>2026-09-19T01:40:32.318Z</time>
      </trkpt>
      <trkpt lat="43.065535" lon="-4.232844">
        <ele>1244.662130</ele>
        <time>2026-09-19T01:40:43.100Z</time>
      </trkpt>
      <trkpt lat="43.064375" lon="-4.232601">
        <ele>1247.567935</ele>
        <time>2026-09-19T01:41:20.852Z</time>
      </trkpt>
      <trkpt lat="43.064069" lon="-4.232539">
        <ele>1248.121759</ele>
        <time>2026-09-19T01:41:26.534Z</time>
      </trkpt>
      <trkpt lat="43.064028" lon="-4.232530">
        <ele>1248.196102</ele>
        <time>2026-09-19T01:41:27.159Z</time>
      </trkpt>
      <trkpt lat="43.063705" lon="-4.232457">
        <ele>1248.782223</ele>
        <time>2026-09-19T01:41:31.226Z</time>
      </trkpt>
      <trkpt lat="43.061902" lon="-4.232059">
        <ele>1239.783427</ele>
        <time>2026-09-19T01:41:48.250Z</time>
      </trkpt>
      <trkpt lat="43.061659" lon="-4.231963">
        <ele>1238.003754</ele>
        <time>2026-09-19T01:41:50.470Z</time>
      </trkpt>
      <trkpt lat="43.061475" lon="-4.231852">
        <ele>1236.408443</ele>
        <time>2026-09-19T01:41:52.228Z</time>
      </trkpt>
      <trkpt lat="43.061096" lon="-4.231478">
        <ele>1232.701531</ele>
        <time>2026-09-19T01:41:56.322Z</time>
      </trkpt>
      <trkpt lat="43.060823" lon="-4.231143">
        <ele>1229.792583</ele>
        <time>2026-09-19T01:41:59.551Z</time>
      </trkpt>
      <trkpt lat="43.060554" lon="-4.230716">
        <ele>1226.524388</ele>
        <time>2026-09-19T01:42:03.197Z</time>
      </trkpt>
      <trkpt lat="43.060325" lon="-4.230252">
        <ele>1223.208850</ele>
        <time>2026-09-19T01:42:06.807Z</time>
      </trkpt>
      <trkpt lat="43.060164" lon="-4.230036">
        <ele>1221.349100</ele>
        <time>2026-09-19T01:42:08.805Z</time>
      </trkpt>
      <trkpt lat="43.059922" lon="-4.229859">
        <ele>1219.085655</ele>
        <time>2026-09-19T01:42:11.228Z</time>
      </trkpt>
      <trkpt lat="43.059335" lon="-4.229503">
        <ele>1213.789346</ele>
        <time>2026-09-19T01:42:16.853Z</time>
      </trkpt>
      <trkpt lat="43.059115" lon="-4.229288">
        <ele>1211.559389</ele>
        <time>2026-09-19T01:42:19.220Z</time>
      </trkpt>
      <trkpt lat="43.059060" lon="-4.229194">
        <ele>1210.833559</ele>
        <time>2026-09-19T01:42:19.987Z</time>
      </trkpt>
      <trkpt lat="43.058998" lon="-4.228991">
        <ele>1209.535805</ele>
        <time>2026-09-19T01:42:21.396Z</time>
      </trkpt>
      <trkpt lat="43.058939" lon="-4.228552">
        <ele>1206.956189</ele>
        <time>2026-09-19T01:42:24.273Z</time>
      </trkpt>
      <trkpt lat="43.058708" lon="-4.228092">
        <ele>1203.730422</ele>
        <time>2026-09-19T01:42:27.906Z</time>
      </trkpt>
      <trkpt lat="43.058545" lon="-4.227864">
        <ele>1201.886940</ele>
        <time>2026-09-19T01:42:29.993Z</time>
      </trkpt>
      <trkpt lat="43.058422" lon="-4.227736">
        <ele>1200.664765</ele>
        <time>2026-09-19T01:42:31.369Z</time>
      </trkpt>
      <trkpt lat="43.057877" lon="-4.227291">
        <ele>1195.582197</ele>
        <time>2026-09-19T01:42:37.015Z</time>
      </trkpt>
      <trkpt lat="43.057745" lon="-4.227155">
        <ele>1194.022057</ele>
        <time>2026-09-19T01:42:38.464Z</time>
      </trkpt>
      <trkpt lat="43.057488" lon="-4.226802">
        <ele>1190.583911</ele>
        <time>2026-09-19T01:42:41.606Z</time>
      </trkpt>
      <trkpt lat="43.057345" lon="-4.226542">
        <ele>1188.338639</ele>
        <time>2026-09-19T01:42:43.642Z</time>
      </trkpt>
      <trkpt lat="43.057068" lon="-4.225845">
        <ele>1182.864393</ele>
        <time>2026-09-19T01:42:48.608Z</time>
      </trkpt>
      <trkpt lat="43.056918" lon="-4.225676">
        <ele>1181.029787</ele>
        <time>2026-09-19T01:42:50.286Z</time>
      </trkpt>
      <trkpt lat="43.056536" lon="-4.225414">
        <ele>1177.372146</ele>
        <time>2026-09-19T01:42:53.998Z</time>
      </trkpt>
      <trkpt lat="43.056207" lon="-4.224931">
        <ele>1173.679022</ele>
        <time>2026-09-19T01:42:58.262Z</time>
      </trkpt>
      <trkpt lat="43.056106" lon="-4.224734">
        <ele>1172.333049</ele>
        <time>2026-09-19T01:42:59.818Z</time>
      </trkpt>
      <trkpt lat="43.056020" lon="-4.224541">
        <ele>1171.068728</ele>
        <time>2026-09-19T01:43:01.295Z</time>
      </trkpt>
      <trkpt lat="43.055968" lon="-4.224201">
        <ele>1169.125920</ele>
        <time>2026-09-19T01:43:03.570Z</time>
      </trkpt>
      <trkpt lat="43.056041" lon="-4.223748">
        <ele>1166.531436</ele>
        <time>2026-09-19T01:43:06.642Z</time>
      </trkpt>
      <trkpt lat="43.056041" lon="-4.223595">
        <ele>1165.675717</ele>
        <time>2026-09-19T01:43:07.657Z</time>
      </trkpt>
      <trkpt lat="43.055944" lon="-4.223259">
        <ele>1163.876608</ele>
        <time>2026-09-19T01:43:10.061Z</time>
      </trkpt>
      <trkpt lat="43.055587" lon="-4.222416">
        <ele>1159.199059</ele>
        <time>2026-09-19T01:43:16.502Z</time>
      </trkpt>
      <trkpt lat="43.055399" lon="-4.222079">
        <ele>1157.163609</ele>
        <time>2026-09-19T01:43:19.290Z</time>
      </trkpt>
      <trkpt lat="43.055207" lon="-4.221853">
        <ele>1155.499755</ele>
        <time>2026-09-19T01:43:21.595Z</time>
      </trkpt>
      <trkpt lat="43.054916" lon="-4.221412">
        <ele>1152.420900</ele>
        <time>2026-09-19T01:43:25.579Z</time>
      </trkpt>
      <trkpt lat="43.054775" lon="-4.221116">
        <ele>1150.215839</ele>
        <time>2026-09-19T01:43:27.971Z</time>
      </trkpt>
      <trkpt lat="43.054423" lon="-4.219991">
        <ele>1142.578613</ele>
        <time>2026-09-19T01:43:35.805Z</time>
      </trkpt>
      <trkpt lat="43.054351" lon="-4.219824">
        <ele>1141.368545</ele>
        <time>2026-09-19T01:43:37.017Z</time>
      </trkpt>
      <trkpt lat="43.054274" lon="-4.219780">
        <ele>1140.655901</ele>
        <time>2026-09-19T01:43:37.733Z</time>
      </trkpt>
      <trkpt lat="43.053975" lon="-4.219444">
        <ele>1137.271407</ele>
        <time>2026-09-19T01:43:41.045Z</time>
      </trkpt>
      <trkpt lat="43.053790" lon="-4.219148">
        <ele>1134.557085</ele>
        <time>2026-09-19T01:43:43.474Z</time>
      </trkpt>
      <trkpt lat="43.053711" lon="-4.218869">
        <ele>1132.471965</ele>
        <time>2026-09-19T01:43:45.333Z</time>
      </trkpt>
      <trkpt lat="43.053700" lon="-4.218632">
        <ele>1130.817068</ele>
        <time>2026-09-19T01:43:46.801Z</time>
      </trkpt>
      <trkpt lat="43.053803" lon="-4.218039">
        <ele>1126.569523</ele>
        <time>2026-09-19T01:43:50.597Z</time>
      </trkpt>
      <trkpt lat="43.053767" lon="-4.217513">
        <ele>1122.887978</ele>
        <time>2026-09-19T01:43:53.976Z</time>
      </trkpt>
      <trkpt lat="43.053821" lon="-4.217061">
        <ele>1120.396954</ele>
        <time>2026-09-19T01:43:56.996Z</time>
      </trkpt>
      <trkpt lat="43.053762" lon="-4.216017">
        <ele>1117.394336</ele>
        <time>2026-09-19T01:44:04.462Z</time>
      </trkpt>
      <trkpt lat="43.053832" lon="-4.215027">
        <ele>1114.542244</ele>
        <time>2026-09-19T01:44:12.358Z</time>
      </trkpt>
      <trkpt lat="43.053775" lon="-4.214799">
        <ele>1113.851247</ele>
        <time>2026-09-19T01:44:14.221Z</time>
      </trkpt>
      <trkpt lat="43.053638" lon="-4.214534">
        <ele>1112.304787</ele>
        <time>2026-09-19T01:44:16.666Z</time>
      </trkpt>
      <trkpt lat="43.053540" lon="-4.214510">
        <ele>1111.649244</ele>
        <time>2026-09-19T01:44:17.666Z</time>
      </trkpt>
      <trkpt lat="43.053375" lon="-4.214520">
        <ele>1110.561716</ele>
        <time>2026-09-19T01:44:19.265Z</time>
      </trkpt>
      <trkpt lat="43.053210" lon="-4.214602">
        <ele>1109.405834</ele>
        <time>2026-09-19T01:44:20.907Z</time>
      </trkpt>
      <trkpt lat="43.053135" lon="-4.214672">
        <ele>1108.808069</ele>
        <time>2026-09-19T01:44:21.735Z</time>
      </trkpt>
      <trkpt lat="43.052872" lon="-4.215067">
        <ele>1106.236866</ele>
        <time>2026-09-19T01:44:25.197Z</time>
      </trkpt>
      <trkpt lat="43.052349" lon="-4.215487">
        <ele>1102.243958</ele>
        <time>2026-09-19T01:44:30.441Z</time>
      </trkpt>
      <trkpt lat="43.052243" lon="-4.215519">
        <ele>1101.435937</ele>
        <time>2026-09-19T01:44:31.377Z</time>
      </trkpt>
      <trkpt lat="43.051986" lon="-4.215466">
        <ele>1099.374465</ele>
        <time>2026-09-19T01:44:33.640Z</time>
      </trkpt>
      <trkpt lat="43.051609" lon="-4.215188">
        <ele>1095.977709</ele>
        <time>2026-09-19T01:44:37.437Z</time>
      </trkpt>
      <trkpt lat="43.051417" lon="-4.214994">
        <ele>1094.084681</ele>
        <time>2026-09-19T01:44:39.559Z</time>
      </trkpt>
      <trkpt lat="43.051229" lon="-4.214676">
        <ele>1091.713865</ele>
        <time>2026-09-19T01:44:42.216Z</time>
      </trkpt>
      <trkpt lat="43.051132" lon="-4.214599">
        <ele>1090.824413</ele>
        <time>2026-09-19T01:44:43.216Z</time>
      </trkpt>
      <trkpt lat="43.051010" lon="-4.214591">
        <ele>1089.855630</ele>
        <time>2026-09-19T01:44:44.318Z</time>
      </trkpt>
      <trkpt lat="43.050939" lon="-4.214636">
        <ele>1089.235009</ele>
        <time>2026-09-19T01:44:45.027Z</time>
      </trkpt>
      <trkpt lat="43.050832" lon="-4.214830">
        <ele>1087.826230</ele>
        <time>2026-09-19T01:44:46.629Z</time>
      </trkpt>
      <trkpt lat="43.050749" lon="-4.214911">
        <ele>1086.875813</ele>
        <time>2026-09-19T01:44:47.544Z</time>
      </trkpt>
      <trkpt lat="43.050518" lon="-4.214958">
        <ele>1084.648722</ele>
        <time>2026-09-19T01:44:49.625Z</time>
      </trkpt>
      <trkpt lat="43.050194" lon="-4.214924">
        <ele>1081.549903</ele>
        <time>2026-09-19T01:44:52.476Z</time>
      </trkpt>
      <trkpt lat="43.049876" lon="-4.214794">
        <ele>1078.384946</ele>
        <time>2026-09-19T01:44:55.326Z</time>
      </trkpt>
      <trkpt lat="43.049773" lon="-4.214794">
        <ele>1077.402712</ele>
        <time>2026-09-19T01:44:56.206Z</time>
      </trkpt>
      <trkpt lat="43.049529" lon="-4.214910">
        <ele>1074.939444</ele>
        <time>2026-09-19T01:44:58.398Z</time>
      </trkpt>
      <trkpt lat="43.049201" lon="-4.215143">
        <ele>1071.415215</ele>
        <time>2026-09-19T01:45:01.543Z</time>
      </trkpt>
      <trkpt lat="43.049107" lon="-4.215183">
        <ele>1070.490392</ele>
        <time>2026-09-19T01:45:02.388Z</time>
      </trkpt>
      <trkpt lat="43.048984" lon="-4.215187">
        <ele>1069.498771</ele>
        <time>2026-09-19T01:45:03.437Z</time>
      </trkpt>
      <trkpt lat="43.048225" lon="-4.214842">
        <ele>1063.052818</ele>
        <time>2026-09-19T01:45:10.351Z</time>
      </trkpt>
      <trkpt lat="43.047820" lon="-4.214762">
        <ele>1059.754813</ele>
        <time>2026-09-19T01:45:14.028Z</time>
      </trkpt>
      <trkpt lat="43.047645" lon="-4.214641">
        <ele>1058.174540</ele>
        <time>2026-09-19T01:45:15.846Z</time>
      </trkpt>
      <trkpt lat="43.047511" lon="-4.214383">
        <ele>1056.310252</ele>
        <time>2026-09-19T01:45:18.017Z</time>
      </trkpt>
      <trkpt lat="43.047443" lon="-4.214307">
        <ele>1055.686447</ele>
        <time>2026-09-19T01:45:18.849Z</time>
      </trkpt>
      <trkpt lat="43.047300" lon="-4.214231">
        <ele>1054.671834</ele>
        <time>2026-09-19T01:45:20.311Z</time>
      </trkpt>
      <trkpt lat="43.046848" lon="-4.214232">
        <ele>1051.682365</ele>
        <time>2026-09-19T01:45:24.610Z</time>
      </trkpt>
      <trkpt lat="43.046578" lon="-4.214309">
        <ele>1049.858252</ele>
        <time>2026-09-19T01:45:27.142Z</time>
      </trkpt>
      <trkpt lat="43.046442" lon="-4.214444">
        <ele>1048.747017</ele>
        <time>2026-09-19T01:45:28.665Z</time>
      </trkpt>
      <trkpt lat="43.046285" lon="-4.214681">
        <ele>1047.200911</ele>
        <time>2026-09-19T01:45:30.754Z</time>
      </trkpt>
      <trkpt lat="43.046160" lon="-4.215021">
        <ele>1045.361308</ele>
        <time>2026-09-19T01:45:33.202Z</time>
      </trkpt>
      <trkpt lat="43.046030" lon="-4.215248">
        <ele>1043.919703</ele>
        <time>2026-09-19T01:45:35.034Z</time>
      </trkpt>
      <trkpt lat="43.045818" lon="-4.215451">
        <ele>1041.813531</ele>
        <time>2026-09-19T01:45:37.271Z</time>
      </trkpt>
      <trkpt lat="43.045504" lon="-4.215668">
        <ele>1038.950184</ele>
        <time>2026-09-19T01:45:40.328Z</time>
      </trkpt>
      <trkpt lat="43.045202" lon="-4.215837">
        <ele>1036.294364</ele>
        <time>2026-09-19T01:45:43.186Z</time>
      </trkpt>
      <trkpt lat="43.045033" lon="-4.215982">
        <ele>1034.670694</ele>
        <time>2026-09-19T01:45:44.942Z</time>
      </trkpt>
      <trkpt lat="43.044872" lon="-4.216047">
        <ele>1033.304347</ele>
        <time>2026-09-19T01:45:46.423Z</time>
      </trkpt>
      <trkpt lat="43.044574" lon="-4.216060">
        <ele>1030.877479</ele>
        <time>2026-09-19T01:45:49.091Z</time>
      </trkpt>
      <trkpt lat="43.044100" lon="-4.216066">
        <ele>1027.385584</ele>
        <time>2026-09-19T01:45:53.385Z</time>
      </trkpt>
      <trkpt lat="43.042668" lon="-4.216573">
        <ele>1017.100553</ele>
        <time>2026-09-19T01:46:06.762Z</time>
      </trkpt>
      <trkpt lat="43.042145" lon="-4.216996">
        <ele>1011.880015</ele>
        <time>2026-09-19T01:46:12.089Z</time>
      </trkpt>
      <trkpt lat="43.042017" lon="-4.217154">
        <ele>1010.393667</ele>
        <time>2026-09-19T01:46:13.595Z</time>
      </trkpt>
      <trkpt lat="43.041935" lon="-4.217309">
        <ele>1009.187916</ele>
        <time>2026-09-19T01:46:14.812Z</time>
      </trkpt>
      <trkpt lat="43.041816" lon="-4.217769">
        <ele>1006.113030</ele>
        <time>2026-09-19T01:46:17.905Z</time>
      </trkpt>
      <trkpt lat="43.041763" lon="-4.217835">
        <ele>1005.495142</ele>
        <time>2026-09-19T01:46:18.524Z</time>
      </trkpt>
      <trkpt lat="43.041019" lon="-4.218175">
        <ele>999.185640</ele>
        <time>2026-09-19T01:46:25.346Z</time>
      </trkpt>
      <trkpt lat="43.040875" lon="-4.218208">
        <ele>998.131658</ele>
        <time>2026-09-19T01:46:26.625Z</time>
      </trkpt>
      <trkpt lat="43.040197" lon="-4.218240">
        <ele>993.234424</ele>
        <time>2026-09-19T01:46:32.699Z</time>
      </trkpt>
      <trkpt lat="43.040047" lon="-4.218190">
        <ele>992.119938</ele>
        <time>2026-09-19T01:46:34.113Z</time>
      </trkpt>
      <trkpt lat="43.039541" lon="-4.217884">
        <ele>988.165241</ele>
        <time>2026-09-19T01:46:39.228Z</time>
      </trkpt>
      <trkpt lat="43.039319" lon="-4.217842">
        <ele>986.701319</ele>
        <time>2026-09-19T01:46:41.296Z</time>
      </trkpt>
      <trkpt lat="43.039160" lon="-4.217870">
        <ele>985.654149</ele>
        <time>2026-09-19T01:46:42.769Z</time>
      </trkpt>
      <trkpt lat="43.038975" lon="-4.217954">
        <ele>984.380905</ele>
        <time>2026-09-19T01:46:44.563Z</time>
      </trkpt>
      <trkpt lat="43.038708" lon="-4.218142">
        <ele>982.419430</ele>
        <time>2026-09-19T01:46:47.284Z</time>
      </trkpt>
      <trkpt lat="43.037729" lon="-4.219126">
        <ele>974.923172</ele>
        <time>2026-09-19T01:46:58.159Z</time>
      </trkpt>
      <trkpt lat="43.037602" lon="-4.219155">
        <ele>974.242453</ele>
        <time>2026-09-19T01:46:59.320Z</time>
      </trkpt>
      <trkpt lat="43.037152" lon="-4.219124">
        <ele>971.860348</ele>
        <time>2026-09-19T01:47:03.462Z</time>
      </trkpt>
      <trkpt lat="43.037036" lon="-4.219133">
        <ele>971.246086</ele>
        <time>2026-09-19T01:47:04.547Z</time>
      </trkpt>
      <trkpt lat="43.036925" lon="-4.219192">
        <ele>970.616512</ele>
        <time>2026-09-19T01:47:05.676Z</time>
      </trkpt>
      <trkpt lat="43.036890" lon="-4.219222">
        <ele>970.398156</ele>
        <time>2026-09-19T01:47:06.067Z</time>
      </trkpt>
      <trkpt lat="43.036818" lon="-4.219322">
        <ele>969.855734</ele>
        <time>2026-09-19T01:47:07.049Z</time>
      </trkpt>
      <trkpt lat="43.036045" lon="-4.220488">
        <ele>965.862877</ele>
        <time>2026-09-19T01:47:18.690Z</time>
      </trkpt>
      <trkpt lat="43.035113" lon="-4.221875">
        <ele>963.123884</ele>
        <time>2026-09-19T01:47:34.668Z</time>
      </trkpt>
      <trkpt lat="43.034827" lon="-4.222322">
        <ele>962.555685</ele>
        <time>2026-09-19T01:47:39.797Z</time>
      </trkpt>
      <trkpt lat="43.034562" lon="-4.222614">
        <ele>962.110433</ele>
        <time>2026-09-19T01:47:43.940Z</time>
      </trkpt>
      <trkpt lat="43.034435" lon="-4.222702">
        <ele>961.924148</ele>
        <time>2026-09-19T01:47:45.680Z</time>
      </trkpt>
      <trkpt lat="43.034353" lon="-4.222780">
        <ele>961.793459</ele>
        <time>2026-09-19T01:47:46.921Z</time>
      </trkpt>
      <trkpt lat="43.034230" lon="-4.223095">
        <ele>961.451873</ele>
        <time>2026-09-19T01:47:50.117Z</time>
      </trkpt>
      <trkpt lat="43.034105" lon="-4.223418">
        <ele>961.102301</ele>
        <time>2026-09-19T01:47:53.185Z</time>
      </trkpt>
      <trkpt lat="43.034020" lon="-4.223593">
        <ele>960.799382</ele>
        <time>2026-09-19T01:47:54.875Z</time>
      </trkpt>
      <trkpt lat="43.033994" lon="-4.223647">
        <ele>960.703393</ele>
        <time>2026-09-19T01:47:55.390Z</time>
      </trkpt>
      <trkpt lat="43.033832" lon="-4.223896">
        <ele>960.208554</ele>
        <time>2026-09-19T01:47:58.064Z</time>
      </trkpt>
      <trkpt lat="43.033764" lon="-4.223955">
        <ele>960.045024</ele>
        <time>2026-09-19T01:47:58.945Z</time>
      </trkpt>
      <trkpt lat="43.033580" lon="-4.224029">
        <ele>959.655534</ele>
        <time>2026-09-19T01:48:01.029Z</time>
      </trkpt>
      <trkpt lat="43.032735" lon="-4.224076">
        <ele>957.938040</ele>
        <time>2026-09-19T01:48:10.296Z</time>
      </trkpt>
      <trkpt lat="43.032481" lon="-4.224089">
        <ele>957.419265</ele>
        <time>2026-09-19T01:48:12.998Z</time>
      </trkpt>
      <trkpt lat="43.029329" lon="-4.224297">
        <ele>949.281782</ele>
        <time>2026-09-19T01:48:46.322Z</time>
      </trkpt>
      <trkpt lat="43.026443" lon="-4.224448">
        <ele>940.677478</ele>
        <time>2026-09-19T01:49:15.733Z</time>
      </trkpt>
      <trkpt lat="43.026402" lon="-4.224450">
        <ele>940.560259</ele>
        <time>2026-09-19T01:49:16.156Z</time>
      </trkpt>
      <trkpt lat="43.024302" lon="-4.224567">
        <ele>934.771817</ele>
        <time>2026-09-19T01:49:38.025Z</time>
      </trkpt>
      <trkpt lat="43.021795" lon="-4.224700">
        <ele>928.360704</ele>
        <time>2026-09-19T01:50:04.478Z</time>
      </trkpt>
      <trkpt lat="43.021392" lon="-4.224677">
        <ele>927.583370</ele>
        <time>2026-09-19T01:50:08.777Z</time>
      </trkpt>
      <trkpt lat="43.021085" lon="-4.224640">
        <ele>927.042132</ele>
        <time>2026-09-19T01:50:12.108Z</time>
      </trkpt>
      <trkpt lat="43.021020" lon="-4.224710">
        <ele>926.896844</ele>
        <time>2026-09-19T01:50:13.010Z</time>
      </trkpt>
      <trkpt lat="43.020972" lon="-4.224730">
        <ele>926.808723</ele>
        <time>2026-09-19T01:50:13.563Z</time>
      </trkpt>
      <trkpt lat="43.020880" lon="-4.224714">
        <ele>926.645853</ele>
        <time>2026-09-19T01:50:14.582Z</time>
      </trkpt>
      <trkpt lat="43.020804" lon="-4.224641">
        <ele>926.482760</ele>
        <time>2026-09-19T01:50:15.603Z</time>
      </trkpt>
      <trkpt lat="43.020771" lon="-4.224551">
        <ele>926.353485</ele>
        <time>2026-09-19T01:50:16.426Z</time>
      </trkpt>
      <trkpt lat="43.020766" lon="-4.224459">
        <ele>926.235035</ele>
        <time>2026-09-19T01:50:17.178Z</time>
      </trkpt>
      <trkpt lat="43.020836" lon="-4.224292">
        <ele>925.987874</ele>
        <time>2026-09-19T01:50:18.771Z</time>
      </trkpt>
      <trkpt lat="43.020835" lon="-4.223986">
        <ele>925.594979</ele>
        <time>2026-09-19T01:50:21.366Z</time>
      </trkpt>
      <trkpt lat="43.020758" lon="-4.223551">
        <ele>925.020320</ele>
        <time>2026-09-19T01:50:25.294Z</time>
      </trkpt>
      <trkpt lat="43.020692" lon="-4.223187">
        <ele>924.856373</ele>
        <time>2026-09-19T01:50:28.726Z</time>
      </trkpt>
      <trkpt lat="43.020440" lon="-4.221893">
        <ele>924.393163</ele>
        <time>2026-09-19T01:50:42.415Z</time>
      </trkpt>
      <trkpt lat="43.020073" lon="-4.219924">
        <ele>922.660426</ele>
        <time>2026-09-19T01:51:02.318Z</time>
      </trkpt>
      <trkpt lat="43.019506" lon="-4.216917">
        <ele>917.771060</ele>
        <time>2026-09-19T01:51:25.856Z</time>
      </trkpt>
      <trkpt lat="43.019340" lon="-4.216105">
        <ele>916.411161</ele>
        <time>2026-09-19T01:51:32.692Z</time>
      </trkpt>
      <trkpt lat="43.019233" lon="-4.215758">
        <ele>915.972342</ele>
        <time>2026-09-19T01:51:35.921Z</time>
      </trkpt>
      <trkpt lat="43.019085" lon="-4.215425">
        <ele>915.518258</ele>
        <time>2026-09-19T01:51:39.318Z</time>
      </trkpt>
      <trkpt lat="43.018837" lon="-4.215008">
        <ele>914.891909</ele>
        <time>2026-09-19T01:51:44.032Z</time>
      </trkpt>
      <trkpt lat="43.018690" lon="-4.214793">
        <ele>914.548911</ele>
        <time>2026-09-19T01:51:46.608Z</time>
      </trkpt>
      <trkpt lat="43.017991" lon="-4.213726">
        <ele>912.431496</ele>
        <time>2026-09-19T01:51:58.149Z</time>
      </trkpt>
      <trkpt lat="43.017872" lon="-4.213037">
        <ele>911.232738</ele>
        <time>2026-09-19T01:52:03.554Z</time>
      </trkpt>
      <trkpt lat="43.017735" lon="-4.212048">
        <ele>909.548272</ele>
        <time>2026-09-19T01:52:11.285Z</time>
      </trkpt>
      <trkpt lat="43.017395" lon="-4.209584">
        <ele>905.840612</ele>
        <time>2026-09-19T01:52:31.389Z</time>
      </trkpt>
      <trkpt lat="43.016944" lon="-4.206056">
        <ele>902.018942</ele>
        <time>2026-09-19T01:53:01.525Z</time>
      </trkpt>
      <trkpt lat="43.016750" lon="-4.205142">
        <ele>901.146388</ele>
        <time>2026-09-19T01:53:09.937Z</time>
      </trkpt>
      <trkpt lat="43.016448" lon="-4.204159">
        <ele>900.557651</ele>
        <time>2026-09-19T01:53:19.747Z</time>
      </trkpt>
      <trkpt lat="43.015163" lon="-4.200272">
        <ele>899.120407</ele>
        <time>2026-09-19T01:54:01.163Z</time>
      </trkpt>
      <trkpt lat="43.015103" lon="-4.200001">
        <ele>899.247841</ele>
        <time>2026-09-19T01:54:04.206Z</time>
      </trkpt>
      <trkpt lat="43.015049" lon="-4.199534">
        <ele>899.460629</ele>
        <time>2026-09-19T01:54:09.352Z</time>
      </trkpt>
      <trkpt lat="43.015046" lon="-4.199238">
        <ele>899.593858</ele>
        <time>2026-09-19T01:54:12.552Z</time>
      </trkpt>
      <trkpt lat="43.015081" lon="-4.198881">
        <ele>899.755966</ele>
        <time>2026-09-19T01:54:16.788Z</time>
      </trkpt>
      <trkpt lat="43.015194" lon="-4.198396">
        <ele>899.985057</ele>
        <time>2026-09-19T01:54:24.133Z</time>
      </trkpt>
      <trkpt lat="43.015464" lon="-4.197778">
        <ele>900.530033</ele>
        <time>2026-09-19T01:54:36.538Z</time>
      </trkpt>
      <trkpt lat="43.016010" lon="-4.196891">
        <ele>901.769437</ele>
        <time>2026-09-19T01:54:56.601Z</time>
      </trkpt>
      <trkpt lat="43.016182" lon="-4.196496">
        <ele>902.260865</ele>
        <time>2026-09-19T01:55:03.602Z</time>
      </trkpt>
      <trkpt lat="43.016315" lon="-4.196066">
        <ele>902.759934</ele>
        <time>2026-09-19T01:55:09.556Z</time>
      </trkpt>
      <trkpt lat="43.016475" lon="-4.195030">
        <ele>902.425425</ele>
        <time>2026-09-19T01:55:19.145Z</time>
      </trkpt>
      <trkpt lat="43.016619" lon="-4.194096">
        <ele>902.102572</ele>
        <time>2026-09-19T01:55:27.572Z</time>
      </trkpt>
      <trkpt lat="43.016790" lon="-4.193363">
        <ele>901.583428</ele>
        <time>2026-09-19T01:55:36.544Z</time>
      </trkpt>
      <trkpt lat="43.017018" lon="-4.192568">
        <ele>900.572084</ele>
        <time>2026-09-19T01:55:46.826Z</time>
      </trkpt>
      <trkpt lat="43.017178" lon="-4.192056">
        <ele>899.912671</ele>
        <time>2026-09-19T01:55:51.515Z</time>
      </trkpt>
      <trkpt lat="43.017192" lon="-4.192015">
        <ele>899.859081</ele>
        <time>2026-09-19T01:55:51.868Z</time>
      </trkpt>
      <trkpt lat="43.017265" lon="-4.191795">
        <ele>899.572965</ele>
        <time>2026-09-19T01:55:53.666Z</time>
      </trkpt>
      <trkpt lat="43.017426" lon="-4.191296">
        <ele>898.713831</ele>
        <time>2026-09-19T01:55:57.515Z</time>
      </trkpt>
      <trkpt lat="43.017564" lon="-4.190846">
        <ele>896.967643</ele>
        <time>2026-09-19T01:56:00.862Z</time>
      </trkpt>
      <trkpt lat="43.017715" lon="-4.190235">
        <ele>894.659722</ele>
        <time>2026-09-19T01:56:05.146Z</time>
      </trkpt>
      <trkpt lat="43.017783" lon="-4.189699">
        <ele>892.713047</ele>
        <time>2026-09-19T01:56:08.793Z</time>
      </trkpt>
      <trkpt lat="43.017798" lon="-4.188597">
        <ele>889.383135</ele>
        <time>2026-09-19T01:56:16.760Z</time>
      </trkpt>
      <trkpt lat="43.017794" lon="-4.188529">
        <ele>889.241670</ele>
        <time>2026-09-19T01:56:17.293Z</time>
      </trkpt>
      <trkpt lat="43.017787" lon="-4.188384">
        <ele>888.940333</ele>
        <time>2026-09-19T01:56:18.420Z</time>
      </trkpt>
      <trkpt lat="43.017722" lon="-4.187630">
        <ele>887.365955</ele>
        <time>2026-09-19T01:56:24.267Z</time>
      </trkpt>
      <trkpt lat="43.017661" lon="-4.187203">
        <ele>886.463753</ele>
        <time>2026-09-19T01:56:27.673Z</time>
      </trkpt>
      <trkpt lat="43.017646" lon="-4.187120">
        <ele>886.286458</ele>
        <time>2026-09-19T01:56:28.355Z</time>
      </trkpt>
      <trkpt lat="43.017444" lon="-4.186168">
        <ele>884.310663</ele>
        <time>2026-09-19T01:56:35.971Z</time>
      </trkpt>
      <trkpt lat="43.017418" lon="-4.186056">
        <ele>884.088655</ele>
        <time>2026-09-19T01:56:36.861Z</time>
      </trkpt>
      <trkpt lat="43.017190" lon="-4.185171">
        <ele>882.315887</ele>
        <time>2026-09-19T01:56:43.932Z</time>
      </trkpt>
      <trkpt lat="43.016494" lon="-4.182402">
        <ele>877.256225</ele>
        <time>2026-09-19T01:57:06.857Z</time>
      </trkpt>
      <trkpt lat="43.016153" lon="-4.181171">
        <ele>875.677017</ele>
        <time>2026-09-19T01:57:17.320Z</time>
      </trkpt>
      <trkpt lat="43.015958" lon="-4.180628">
        <ele>875.119195</ele>
        <time>2026-09-19T01:57:22.423Z</time>
      </trkpt>
      <trkpt lat="43.015727" lon="-4.180096">
        <ele>874.548666</ele>
        <time>2026-09-19T01:57:28.008Z</time>
      </trkpt>
      <trkpt lat="43.014911" lon="-4.178590">
        <ele>873.815850</ele>
        <time>2026-09-19T01:57:47.947Z</time>
      </trkpt>
      <trkpt lat="43.013411" lon="-4.175912">
        <ele>872.574300</ele>
        <time>2026-09-19T01:58:20.286Z</time>
      </trkpt>
      <trkpt lat="43.012636" lon="-4.174668">
        <ele>871.928733</ele>
        <time>2026-09-19T01:58:35.665Z</time>
      </trkpt>
      <trkpt lat="43.012218" lon="-4.174069">
        <ele>871.603162</ele>
        <time>2026-09-19T01:58:43.664Z</time>
      </trkpt>
      <trkpt lat="43.009840" lon="-4.170836">
        <ele>871.140216</ele>
        <time>2026-09-19T01:59:31.998Z</time>
      </trkpt>
      <trkpt lat="43.009812" lon="-4.170796">
        <ele>871.136481</ele>
        <time>2026-09-19T01:59:32.618Z</time>
      </trkpt>
      <trkpt lat="43.007800" lon="-4.167923">
        <ele>870.636731</ele>
        <time>2026-09-19T02:00:15.616Z</time>
      </trkpt>
      <trkpt lat="43.007306" lon="-4.167229">
        <ele>870.246422</ele>
        <time>2026-09-19T02:00:24.392Z</time>
      </trkpt>
      <trkpt lat="43.007245" lon="-4.167139">
        <ele>870.196968</ele>
        <time>2026-09-19T02:00:25.512Z</time>
      </trkpt>
      <trkpt lat="43.007164" lon="-4.167028">
        <ele>870.133772</ele>
        <time>2026-09-19T02:00:26.886Z</time>
      </trkpt>
      <trkpt lat="43.007099" lon="-4.166933">
        <ele>870.055059</ele>
        <time>2026-09-19T02:00:28.000Z</time>
      </trkpt>
      <trkpt lat="43.006700" lon="-4.166388">
        <ele>869.434988</ele>
        <time>2026-09-19T02:00:34.722Z</time>
      </trkpt>
      <trkpt lat="43.005603" lon="-4.164782">
        <ele>867.619183</ele>
        <time>2026-09-19T02:00:54.198Z</time>
      </trkpt>
      <trkpt lat="43.005101" lon="-4.163969">
        <ele>866.673294</ele>
        <time>2026-09-19T02:01:03.331Z</time>
      </trkpt>
      <trkpt lat="43.004651" lon="-4.163071">
        <ele>865.690343</ele>
        <time>2026-09-19T02:01:12.723Z</time>
      </trkpt>
      <trkpt lat="43.003723" lon="-4.160840">
        <ele>863.192191</ele>
        <time>2026-09-19T02:01:34.956Z</time>
      </trkpt>
      <trkpt lat="43.003137" lon="-4.159409">
        <ele>861.332184</ele>
        <time>2026-09-19T02:01:48.608Z</time>
      </trkpt>
      <trkpt lat="43.002904" lon="-4.158843">
        <ele>860.622723</ele>
        <time>2026-09-19T02:01:53.934Z</time>
      </trkpt>
      <trkpt lat="43.002770" lon="-4.158521">
        <ele>860.251604</ele>
        <time>2026-09-19T02:01:56.970Z</time>
      </trkpt>
      <trkpt lat="43.002539" lon="-4.157956">
        <ele>859.603190</ele>
        <time>2026-09-19T02:02:02.324Z</time>
      </trkpt>
      <trkpt lat="43.002222" lon="-4.157182">
        <ele>858.714549</ele>
        <time>2026-09-19T02:02:09.999Z</time>
      </trkpt>
      <trkpt lat="43.000982" lon="-4.154154">
        <ele>856.702328</ele>
        <time>2026-09-19T02:02:42.283Z</time>
      </trkpt>
      <trkpt lat="43.000785" lon="-4.153692">
        <ele>856.492896</ele>
        <time>2026-09-19T02:02:47.276Z</time>
      </trkpt>
      <trkpt lat="43.000573" lon="-4.153178">
        <ele>856.261802</ele>
        <time>2026-09-19T02:02:53.215Z</time>
      </trkpt>
      <trkpt lat="43.000502" lon="-4.153006">
        <ele>856.184456</ele>
        <time>2026-09-19T02:02:55.192Z</time>
      </trkpt>
      <trkpt lat="43.000488" lon="-4.152970">
        <ele>856.168489</ele>
        <time>2026-09-19T02:02:55.569Z</time>
      </trkpt>
      <trkpt lat="43.000400" lon="-4.152760">
        <ele>856.073706</ele>
        <time>2026-09-19T02:02:57.917Z</time>
      </trkpt>
      <trkpt lat="43.000285" lon="-4.152493">
        <ele>855.931054</ele>
        <time>2026-09-19T02:03:01.044Z</time>
      </trkpt>
      <trkpt lat="43.000192" lon="-4.152179">
        <ele>855.736830</ele>
        <time>2026-09-19T02:03:04.407Z</time>
      </trkpt>
      <trkpt lat="43.000148" lon="-4.151932">
        <ele>855.591080</ele>
        <time>2026-09-19T02:03:07.011Z</time>
      </trkpt>
      <trkpt lat="43.000106" lon="-4.151457">
        <ele>855.316770</ele>
        <time>2026-09-19T02:03:11.826Z</time>
      </trkpt>
      <trkpt lat="42.999985" lon="-4.150112">
        <ele>854.503263</ele>
        <time>2026-09-19T02:03:23.809Z</time>
      </trkpt>
      <trkpt lat="42.999977" lon="-4.150033">
        <ele>854.423015</ele>
        <time>2026-09-19T02:03:24.486Z</time>
      </trkpt>
      <trkpt lat="42.999967" lon="-4.149930">
        <ele>854.318468</ele>
        <time>2026-09-19T02:03:25.355Z</time>
      </trkpt>
      <trkpt lat="42.999955" lon="-4.149798">
        <ele>854.184628</ele>
        <time>2026-09-19T02:03:26.478Z</time>
      </trkpt>
      <trkpt lat="42.999947" lon="-4.149706">
        <ele>854.091406</ele>
        <time>2026-09-19T02:03:27.250Z</time>
      </trkpt>
      <trkpt lat="42.999815" lon="-4.148210">
        <ele>852.575219</ele>
        <time>2026-09-19T02:03:39.585Z</time>
      </trkpt>
      <trkpt lat="42.999813" lon="-4.147970">
        <ele>852.333716</ele>
        <time>2026-09-19T02:03:41.683Z</time>
      </trkpt>
      <trkpt lat="42.999842" lon="-4.147747">
        <ele>852.112935</ele>
        <time>2026-09-19T02:03:43.782Z</time>
      </trkpt>
      <trkpt lat="42.999959" lon="-4.147209">
        <ele>852.056935</ele>
        <time>2026-09-19T02:03:49.495Z</time>
      </trkpt>
      <trkpt lat="42.999960" lon="-4.147102">
        <ele>852.046258</ele>
        <time>2026-09-19T02:03:50.570Z</time>
      </trkpt>
      <trkpt lat="43.000024" lon="-4.146976">
        <ele>852.030953</ele>
        <time>2026-09-19T02:03:52.049Z</time>
      </trkpt>
      <trkpt lat="43.000088" lon="-4.146533">
        <ele>851.985900</ele>
        <time>2026-09-19T02:03:56.511Z</time>
      </trkpt>
      <trkpt lat="43.000128" lon="-4.146260">
        <ele>851.958121</ele>
        <time>2026-09-19T02:03:59.532Z</time>
      </trkpt>
      <trkpt lat="43.000150" lon="-4.146099">
        <ele>851.941780</ele>
        <time>2026-09-19T02:04:01.496Z</time>
      </trkpt>
      <trkpt lat="43.000189" lon="-4.145732">
        <ele>851.904780</ele>
        <time>2026-09-19T02:04:06.004Z</time>
      </trkpt>
      <trkpt lat="43.000193" lon="-4.145680">
        <ele>851.899563</ele>
        <time>2026-09-19T02:04:06.696Z</time>
      </trkpt>
      <trkpt lat="43.000205" lon="-4.145415">
        <ele>851.873073</ele>
        <time>2026-09-19T02:04:10.020Z</time>
      </trkpt>
      <trkpt lat="43.000254" lon="-4.144702">
        <ele>851.826504</ele>
        <time>2026-09-19T02:04:18.642Z</time>
      </trkpt>
      <trkpt lat="43.000262" lon="-4.144573">
        <ele>851.818403</ele>
        <time>2026-09-19T02:04:20.027Z</time>
      </trkpt>
      <trkpt lat="43.000334" lon="-4.143318">
        <ele>851.739639</ele>
        <time>2026-09-19T02:04:33.609Z</time>
      </trkpt>
      <trkpt lat="43.000405" lon="-4.142047">
        <ele>850.978878</ele>
        <time>2026-09-19T02:04:45.186Z</time>
      </trkpt>
      <trkpt lat="43.000416" lon="-4.141895">
        <ele>850.850096</ele>
        <time>2026-09-19T02:04:46.489Z</time>
      </trkpt>
      <trkpt lat="43.000446" lon="-4.141478">
        <ele>850.496813</ele>
        <time>2026-09-19T02:04:50.034Z</time>
      </trkpt>
      <trkpt lat="43.000457" lon="-4.141318">
        <ele>850.361317</ele>
        <time>2026-09-19T02:04:51.402Z</time>
      </trkpt>
      <trkpt lat="43.000465" lon="-4.141211">
        <ele>850.270631</ele>
        <time>2026-09-19T02:04:52.324Z</time>
      </trkpt>
      <trkpt lat="43.000479" lon="-4.140608">
        <ele>849.761966</ele>
        <time>2026-09-19T02:04:57.549Z</time>
      </trkpt>
      <trkpt lat="43.000479" lon="-4.140568">
        <ele>849.728241</ele>
        <time>2026-09-19T02:04:57.891Z</time>
      </trkpt>
      <trkpt lat="43.000473" lon="-4.140402">
        <ele>849.605536</ele>
        <time>2026-09-19T02:04:59.306Z</time>
      </trkpt>
      <trkpt lat="43.000438" lon="-4.140324">
        <ele>849.553843</ele>
        <time>2026-09-19T02:05:00.061Z</time>
      </trkpt>
      <trkpt lat="43.000464" lon="-4.140218">
        <ele>849.490688</ele>
        <time>2026-09-19T02:05:00.976Z</time>
      </trkpt>
      <trkpt lat="43.000496" lon="-4.140191">
        <ele>849.461645</ele>
        <time>2026-09-19T02:05:01.406Z</time>
      </trkpt>
      <trkpt lat="43.000469" lon="-4.140040">
        <ele>849.373836</ele>
        <time>2026-09-19T02:05:02.676Z</time>
      </trkpt>
      <trkpt lat="43.000469" lon="-4.139316">
        <ele>848.964862</ele>
        <time>2026-09-19T02:05:09.062Z</time>
      </trkpt>
      <trkpt lat="43.000453" lon="-4.139235">
        <ele>848.917468</ele>
        <time>2026-09-19T02:05:09.886Z</time>
      </trkpt>
      <trkpt lat="43.000362" lon="-4.139145">
        <ele>848.830722</ele>
        <time>2026-09-19T02:05:11.444Z</time>
      </trkpt>
      <trkpt lat="43.000337" lon="-4.139121">
        <ele>848.807128</ele>
        <time>2026-09-19T02:05:11.889Z</time>
      </trkpt>
      <trkpt lat="43.000224" lon="-4.138964">
        <ele>848.682698</ele>
        <time>2026-09-19T02:05:14.198Z</time>
      </trkpt>
      <trkpt lat="43.000158" lon="-4.138834">
        <ele>848.593303</ele>
        <time>2026-09-19T02:05:15.888Z</time>
      </trkpt>
      <trkpt lat="43.000052" lon="-4.138667">
        <ele>848.468394</ele>
        <time>2026-09-19T02:05:18.286Z</time>
      </trkpt>
      <trkpt lat="42.999980" lon="-4.138647">
        <ele>848.411647</ele>
        <time>2026-09-19T02:05:19.397Z</time>
      </trkpt>
      <trkpt lat="42.999932" lon="-4.138634">
        <ele>848.373852</ele>
        <time>2026-09-19T02:05:20.082Z</time>
      </trkpt>
      <trkpt lat="42.999755" lon="-4.138610">
        <ele>848.227741</ele>
        <time>2026-09-19T02:05:22.606Z</time>
      </trkpt>
      <trkpt lat="42.999428" lon="-4.138523">
        <ele>847.822681</ele>
        <time>2026-09-19T02:05:26.999Z</time>
      </trkpt>
      <trkpt lat="42.999392" lon="-4.138514">
        <ele>847.778183</ele>
        <time>2026-09-19T02:05:27.444Z</time>
      </trkpt>
      <trkpt lat="42.999444" lon="-4.138163">
        <ele>847.459710</ele>
        <time>2026-09-19T02:05:30.592Z</time>
      </trkpt>
      <trkpt lat="42.999401" lon="-4.137940">
        <ele>847.254626</ele>
        <time>2026-09-19T02:05:32.723Z</time>
      </trkpt>
      <trkpt lat="42.999353" lon="-4.137701">
        <ele>847.034223</ele>
        <time>2026-09-19T02:05:35.017Z</time>
      </trkpt>
      <trkpt lat="42.999307" lon="-4.137486">
        <ele>846.835016</ele>
        <time>2026-09-19T02:05:36.932Z</time>
      </trkpt>
      <trkpt lat="42.999253" lon="-4.137234">
        <ele>846.601499</ele>
        <time>2026-09-19T02:05:39.088Z</time>
      </trkpt>
      <trkpt lat="42.999200" lon="-4.136976">
        <ele>846.363188</ele>
        <time>2026-09-19T02:05:41.219Z</time>
      </trkpt>
      <trkpt lat="42.999149" lon="-4.136736">
        <ele>846.140937</ele>
        <time>2026-09-19T02:05:43.210Z</time>
      </trkpt>
      <trkpt lat="42.999087" lon="-4.136418">
        <ele>845.764076</ele>
        <time>2026-09-19T02:05:45.801Z</time>
      </trkpt>
      <trkpt lat="42.999052" lon="-4.136415">
        <ele>845.704846</ele>
        <time>2026-09-19T02:05:46.173Z</time>
      </trkpt>
      <trkpt lat="42.999015" lon="-4.136365">
        <ele>845.616983</ele>
        <time>2026-09-19T02:05:46.733Z</time>
      </trkpt>
      <trkpt lat="42.999012" lon="-4.136339">
        <ele>845.584469</ele>
        <time>2026-09-19T02:05:46.937Z</time>
      </trkpt>
      <trkpt lat="42.999050" lon="-4.136257">
        <ele>845.464557</ele>
        <time>2026-09-19T02:05:47.691Z</time>
      </trkpt>
      <trkpt lat="42.999117" lon="-4.136275">
        <ele>845.349232</ele>
        <time>2026-09-19T02:05:48.429Z</time>
      </trkpt>
      <trkpt lat="42.999809" lon="-4.135574">
        <ele>843.894651</ele>
        <time>2026-09-19T02:05:58.081Z</time>
      </trkpt>
      <trkpt lat="42.999853" lon="-4.135557">
        <ele>843.817427</ele>
        <time>2026-09-19T02:05:58.608Z</time>
      </trkpt>
      <trkpt lat="42.999854" lon="-4.135498">
        <ele>843.744528</ele>
        <time>2026-09-19T02:05:59.121Z</time>
      </trkpt>
      <trkpt lat="42.999883" lon="-4.135453">
        <ele>843.670442</ele>
        <time>2026-09-19T02:05:59.628Z</time>
      </trkpt>
      <trkpt lat="42.999925" lon="-4.135442">
        <ele>843.598215</ele>
        <time>2026-09-19T02:06:00.135Z</time>
      </trkpt>
      <trkpt lat="42.999964" lon="-4.135469">
        <ele>843.524383</ele>
        <time>2026-09-19T02:06:00.644Z</time>
      </trkpt>
      <trkpt lat="42.999988" lon="-4.135413">
        <ele>843.444209</ele>
        <time>2026-09-19T02:06:01.219Z</time>
      </trkpt>
      <trkpt lat="43.000234" lon="-4.135160">
        <ele>842.989550</ele>
        <time>2026-09-19T02:06:04.875Z</time>
      </trkpt>
      <trkpt lat="43.000841" lon="-4.134574">
        <ele>842.533167</ele>
        <time>2026-09-19T02:06:13.822Z</time>
      </trkpt>
      <trkpt lat="43.001069" lon="-4.134352">
        <ele>842.361252</ele>
        <time>2026-09-19T02:06:17.563Z</time>
      </trkpt>
      <trkpt lat="43.001209" lon="-4.134215">
        <ele>842.255511</ele>
        <time>2026-09-19T02:06:19.816Z</time>
      </trkpt>
      <trkpt lat="43.001407" lon="-4.134031">
        <ele>842.108471</ele>
        <time>2026-09-19T02:06:22.971Z</time>
      </trkpt>
      <trkpt lat="43.001812" lon="-4.133634">
        <ele>842.097848</ele>
        <time>2026-09-19T02:06:30.812Z</time>
      </trkpt>
      <trkpt lat="43.001491" lon="-4.132987">
        <ele>842.613488</ele>
        <time>2026-09-19T02:06:44.187Z</time>
      </trkpt>
      <trkpt lat="43.001580" lon="-4.132908">
        <ele>842.709178</ele>
        <time>2026-09-19T02:06:46.711Z</time>
      </trkpt>
      <trkpt lat="43.001455" lon="-4.132384">
        <ele>843.072690</ele>
        <time>2026-09-19T02:06:55.455Z</time>
      </trkpt>
      <trkpt lat="43.001368" lon="-4.131832">
        <ele>843.445108</ele>
        <time>2026-09-19T02:07:04.438Z</time>
      </trkpt>
      <trkpt lat="43.001353" lon="-4.131287">
        <ele>844.627945</ele>
        <time>2026-09-19T02:07:16.892Z</time>
      </trkpt>
      <trkpt lat="43.001297" lon="-4.130985">
        <ele>845.482295</ele>
        <time>2026-09-19T02:07:25.121Z</time>
      </trkpt>
      <trkpt lat="43.001246" lon="-4.130697">
        <ele>846.294872</ele>
        <time>2026-09-19T02:07:33.250Z</time>
      </trkpt>
      <trkpt lat="43.001265" lon="-4.130638">
        <ele>846.471653</ele>
        <time>2026-09-19T02:07:35.133Z</time>
      </trkpt>
      <trkpt lat="43.001325" lon="-4.130626">
        <ele>846.699021</ele>
        <time>2026-09-19T02:07:37.275Z</time>
      </trkpt>
      <trkpt lat="43.001391" lon="-4.130693">
        <ele>847.007238</ele>
        <time>2026-09-19T02:07:40.640Z</time>
      </trkpt>
      <trkpt lat="43.001416" lon="-4.130788">
        <ele>847.284099</ele>
        <time>2026-09-19T02:07:43.349Z</time>
      </trkpt>
      <trkpt lat="43.001567" lon="-4.130681">
        <ele>847.921796</ele>
        <time>2026-09-19T02:07:50.044Z</time>
      </trkpt>
      <trkpt lat="43.001655" lon="-4.130681">
        <ele>848.251758</ele>
        <time>2026-09-19T02:07:53.642Z</time>
      </trkpt>
      <trkpt lat="43.001918" lon="-4.130824">
        <ele>849.313000</ele>
        <time>2026-09-19T02:08:04.727Z</time>
      </trkpt>
      <trkpt lat="43.001998" lon="-4.130804">
        <ele>849.617938</ele>
        <time>2026-09-19T02:08:07.723Z</time>
      </trkpt>
      <trkpt lat="43.002391" lon="-4.130362">
        <ele>850.622981</ele>
        <time>2026-09-19T02:08:27.283Z</time>
      </trkpt>
      <trkpt lat="43.002905" lon="-4.129539">
        <ele>851.425558</ele>
        <time>2026-09-19T02:08:47.727Z</time>
      </trkpt>
      <trkpt lat="43.003042" lon="-4.129279">
        <ele>851.663198</ele>
        <time>2026-09-19T02:08:51.911Z</time>
      </trkpt>
      <trkpt lat="43.003159" lon="-4.129181">
        <ele>851.802326</ele>
        <time>2026-09-19T02:08:54.191Z</time>
      </trkpt>
      <trkpt lat="43.003605" lon="-4.129068">
        <ele>851.788345</ele>
        <time>2026-09-19T02:09:01.502Z</time>
      </trkpt>
      <trkpt lat="43.003768" lon="-4.127655">
        <ele>849.501063</ele>
        <time>2026-09-19T02:09:12.846Z</time>
      </trkpt>
      <trkpt lat="43.003736" lon="-4.127292">
        <ele>848.916436</ele>
        <time>2026-09-19T02:09:15.554Z</time>
      </trkpt>
      <trkpt lat="43.003628" lon="-4.126727">
        <ele>848.065712</ele>
        <time>2026-09-19T02:09:19.976Z</time>
      </trkpt>
      <trkpt lat="43.003610" lon="-4.126641">
        <ele>847.983033</ele>
        <time>2026-09-19T02:09:20.685Z</time>
      </trkpt>
      <trkpt lat="43.003461" lon="-4.125961">
        <ele>847.326920</ele>
        <time>2026-09-19T02:09:26.529Z</time>
      </trkpt>
      <trkpt lat="43.003418" lon="-4.125772">
        <ele>847.143974</ele>
        <time>2026-09-19T02:09:28.287Z</time>
      </trkpt>
      <trkpt lat="43.003085" lon="-4.124267">
        <ele>845.629710</ele>
        <time>2026-09-19T02:09:43.301Z</time>
      </trkpt>
      <trkpt lat="43.003015" lon="-4.123957">
        <ele>845.245054</ele>
        <time>2026-09-19T02:09:46.561Z</time>
      </trkpt>
      <trkpt lat="43.002588" lon="-4.122076">
        <ele>842.885117</ele>
        <time>2026-09-19T02:10:02.511Z</time>
      </trkpt>
      <trkpt lat="43.002450" lon="-4.121502">
        <ele>841.947172</ele>
        <time>2026-09-19T02:10:07.100Z</time>
      </trkpt>
      <trkpt lat="43.002390" lon="-4.121200">
        <ele>841.461379</ele>
        <time>2026-09-19T02:10:09.450Z</time>
      </trkpt>
      <trkpt lat="43.002088" lon="-4.121228">
        <ele>840.818877</ele>
        <time>2026-09-19T02:10:12.589Z</time>
      </trkpt>
      <trkpt lat="43.001315" lon="-4.121263">
        <ele>839.177194</ele>
        <time>2026-09-19T02:10:21.284Z</time>
      </trkpt>
      <trkpt lat="43.001074" lon="-4.121267">
        <ele>839.043293</ele>
        <time>2026-09-19T02:10:24.234Z</time>
      </trkpt>
      <trkpt lat="43.000613" lon="-4.121271">
        <ele>838.793877</ele>
        <time>2026-09-19T02:10:30.080Z</time>
      </trkpt>
      <trkpt lat="43.000465" lon="-4.121270">
        <ele>838.713804</ele>
        <time>2026-09-19T02:10:32.089Z</time>
      </trkpt>
      <trkpt lat="42.997630" lon="-4.121260">
        <ele>838.185413</ele>
        <time>2026-09-19T02:11:12.936Z</time>
      </trkpt>
      <trkpt lat="42.997203" lon="-4.121245">
        <ele>838.502964</ele>
        <time>2026-09-19T02:11:20.014Z</time>
      </trkpt>
      <trkpt lat="42.997010" lon="-4.121239">
        <ele>838.646484</ele>
        <time>2026-09-19T02:11:23.449Z</time>
      </trkpt>
      <trkpt lat="42.996917" lon="-4.121250">
        <ele>838.715882</ele>
        <time>2026-09-19T02:11:25.095Z</time>
      </trkpt>
      <trkpt lat="42.996548" lon="-4.121318">
        <ele>838.992690</ele>
        <time>2026-09-19T02:11:31.925Z</time>
      </trkpt>
      <trkpt lat="42.996223" lon="-4.121444">
        <ele>839.243832</ele>
        <time>2026-09-19T02:11:38.360Z</time>
      </trkpt>
      <trkpt lat="42.996002" lon="-4.121543">
        <ele>839.416725</ele>
        <time>2026-09-19T02:11:42.967Z</time>
      </trkpt>
      <trkpt lat="42.994295" lon="-4.122674">
        <ele>841.753326</ele>
        <time>2026-09-19T02:12:19.792Z</time>
      </trkpt>
      <trkpt lat="42.993809" lon="-4.122922">
        <ele>842.730444</ele>
        <time>2026-09-19T02:12:31.060Z</time>
      </trkpt>
      <trkpt lat="42.993047" lon="-4.123175">
        <ele>844.207471</ele>
        <time>2026-09-19T02:12:49.026Z</time>
      </trkpt>
      <trkpt lat="42.992398" lon="-4.123399">
        <ele>845.438240</ele>
        <time>2026-09-19T02:13:05.097Z</time>
      </trkpt>
      <trkpt lat="42.992215" lon="-4.123397">
        <ele>845.757376</ele>
        <time>2026-09-19T02:13:09.415Z</time>
      </trkpt>
      <trkpt lat="42.992100" lon="-4.123426">
        <ele>845.961302</ele>
        <time>2026-09-19T02:13:12.098Z</time>
      </trkpt>
      <trkpt lat="42.991981" lon="-4.123508">
        <ele>846.193690</ele>
        <time>2026-09-19T02:13:15.115Z</time>
      </trkpt>
      <trkpt lat="42.991837" lon="-4.123673">
        <ele>846.521339</ele>
        <time>2026-09-19T02:13:19.221Z</time>
      </trkpt>
      <trkpt lat="42.991582" lon="-4.124135">
        <ele>847.259594</ele>
        <time>2026-09-19T02:13:28.169Z</time>
      </trkpt>
      <trkpt lat="42.991449" lon="-4.124263">
        <ele>847.543231</ele>
        <time>2026-09-19T02:13:31.425Z</time>
      </trkpt>
      <trkpt lat="42.990873" lon="-4.124446">
        <ele>848.506772</ele>
        <time>2026-09-19T02:13:43.541Z</time>
      </trkpt>
      <trkpt lat="42.990578" lon="-4.124446">
        <ele>848.928245</ele>
        <time>2026-09-19T02:13:49.387Z</time>
      </trkpt>
      <trkpt lat="42.990427" lon="-4.124378">
        <ele>849.155385</ele>
        <time>2026-09-19T02:13:52.527Z</time>
      </trkpt>
      <trkpt lat="42.990217" lon="-4.124228">
        <ele>849.493901</ele>
        <time>2026-09-19T02:13:57.367Z</time>
      </trkpt>
      <trkpt lat="42.989874" lon="-4.124233">
        <ele>849.983980</ele>
        <time>2026-09-19T02:14:04.469Z</time>
      </trkpt>
      <trkpt lat="42.989824" lon="-4.123927">
        <ele>850.311655</ele>
        <time>2026-09-19T02:14:09.194Z</time>
      </trkpt>
      <trkpt lat="42.989787" lon="-4.123584">
        <ele>850.673993</ele>
        <time>2026-09-19T02:14:14.501Z</time>
      </trkpt>
      <trkpt lat="42.989785" lon="-4.123154">
        <ele>851.126224</ele>
        <time>2026-09-19T02:14:21.234Z</time>
      </trkpt>
      <trkpt lat="42.989914" lon="-4.122516">
        <ele>851.823540</ele>
        <time>2026-09-19T02:14:31.315Z</time>
      </trkpt>
      <trkpt lat="42.990451" lon="-4.120241">
        <ele>854.086184</ele>
        <time>2026-09-19T02:15:06.898Z</time>
      </trkpt>
      <trkpt lat="42.990656" lon="-4.119372">
        <ele>854.797580</ele>
        <time>2026-09-19T02:15:19.632Z</time>
      </trkpt>
      <trkpt lat="42.990722" lon="-4.118718">
        <ele>855.318248</ele>
        <time>2026-09-19T02:15:28.145Z</time>
      </trkpt>
      <trkpt lat="42.990617" lon="-4.117883">
        <ele>856.093618</ele>
        <time>2026-09-19T02:15:38.838Z</time>
      </trkpt>
      <trkpt lat="42.989902" lon="-4.112921">
        <ele>862.499099</ele>
        <time>2026-09-19T02:16:57.347Z</time>
      </trkpt>
      <trkpt lat="42.989930" lon="-4.112194">
        <ele>863.974063</ele>
        <time>2026-09-19T02:17:12.882Z</time>
      </trkpt>
      <trkpt lat="42.990181" lon="-4.110936">
        <ele>866.212992</ele>
        <time>2026-09-19T02:17:41.274Z</time>
      </trkpt>
      <trkpt lat="42.990211" lon="-4.110641">
        <ele>866.618399</ele>
        <time>2026-09-19T02:17:47.155Z</time>
      </trkpt>
      <trkpt lat="42.990225" lon="-4.110403">
        <ele>866.943403</ele>
        <time>2026-09-19T02:17:51.601Z</time>
      </trkpt>
      <trkpt lat="42.990203" lon="-4.109899">
        <ele>867.630653</ele>
        <time>2026-09-19T02:17:59.879Z</time>
      </trkpt>
      <trkpt lat="42.990076" lon="-4.109261">
        <ele>868.530662</ele>
        <time>2026-09-19T02:18:08.121Z</time>
      </trkpt>
      <trkpt lat="42.989960" lon="-4.108920">
        <ele>868.322850</ele>
        <time>2026-09-19T02:18:11.812Z</time>
      </trkpt>
      <trkpt lat="42.989523" lon="-4.107980">
        <ele>866.290041</ele>
        <time>2026-09-19T02:18:20.943Z</time>
      </trkpt>
      <trkpt lat="42.989392" lon="-4.107653">
        <ele>865.609573</ele>
        <time>2026-09-19T02:18:23.689Z</time>
      </trkpt>
      <trkpt lat="42.989307" lon="-4.107320">
        <ele>864.965856</ele>
        <time>2026-09-19T02:18:26.208Z</time>
      </trkpt>
      <trkpt lat="42.989253" lon="-4.106707">
        <ele>863.616525</ele>
        <time>2026-09-19T02:18:30.507Z</time>
      </trkpt>
      <trkpt lat="42.989266" lon="-4.106303">
        <ele>862.476345</ele>
        <time>2026-09-19T02:18:33.309Z</time>
      </trkpt>
      <trkpt lat="42.989180" lon="-4.105611">
        <ele>860.497290</ele>
        <time>2026-09-19T02:18:38.290Z</time>
      </trkpt>
      <trkpt lat="42.989025" lon="-4.105180">
        <ele>859.143157</ele>
        <time>2026-09-19T02:18:41.751Z</time>
      </trkpt>
      <trkpt lat="42.988727" lon="-4.104793">
        <ele>857.558860</ele>
        <time>2026-09-19T02:18:45.880Z</time>
      </trkpt>
      <trkpt lat="42.988408" lon="-4.104536">
        <ele>856.626343</ele>
        <time>2026-09-19T02:18:49.726Z</time>
      </trkpt>
      <trkpt lat="42.988152" lon="-4.104441">
        <ele>856.031557</ele>
        <time>2026-09-19T02:18:52.601Z</time>
      </trkpt>
      <trkpt lat="42.988020" lon="-4.104418">
        <ele>855.733187</ele>
        <time>2026-09-19T02:18:54.099Z</time>
      </trkpt>
      <trkpt lat="42.987880" lon="-4.104410">
        <ele>855.418999</ele>
        <time>2026-09-19T02:18:55.664Z</time>
      </trkpt>
      <trkpt lat="42.987500" lon="-4.104491">
        <ele>854.556652</ele>
        <time>2026-09-19T02:18:59.828Z</time>
      </trkpt>
      <trkpt lat="42.987229" lon="-4.104649">
        <ele>853.896050</ele>
        <time>2026-09-19T02:19:03.007Z</time>
      </trkpt>
      <trkpt lat="42.985608" lon="-4.106262">
        <ele>850.109169</ele>
        <time>2026-09-19T02:19:25.636Z</time>
      </trkpt>
      <trkpt lat="42.985360" lon="-4.106454">
        <ele>849.583750</ele>
        <time>2026-09-19T02:19:28.653Z</time>
      </trkpt>
      <trkpt lat="42.985196" lon="-4.106521">
        <ele>849.267627</ele>
        <time>2026-09-19T02:19:30.473Z</time>
      </trkpt>
      <trkpt lat="42.985060" lon="-4.106540">
        <ele>849.015145</ele>
        <time>2026-09-19T02:19:31.923Z</time>
      </trkpt>
      <trkpt lat="42.984848" lon="-4.106518">
        <ele>848.622483</ele>
        <time>2026-09-19T02:19:34.193Z</time>
      </trkpt>
      <trkpt lat="42.984748" lon="-4.106483">
        <ele>848.431839</ele>
        <time>2026-09-19T02:19:35.300Z</time>
      </trkpt>
      <trkpt lat="42.984527" lon="-4.106332">
        <ele>847.975537</ele>
        <time>2026-09-19T02:19:37.940Z</time>
      </trkpt>
      <trkpt lat="42.984328" lon="-4.106088">
        <ele>847.481827</ele>
        <time>2026-09-19T02:19:40.886Z</time>
      </trkpt>
      <trkpt lat="42.984000" lon="-4.105491">
        <ele>846.647025</ele>
        <time>2026-09-19T02:19:47.375Z</time>
      </trkpt>
      <trkpt lat="42.983820" lon="-4.105255">
        <ele>846.608234</ele>
        <time>2026-09-19T02:19:50.644Z</time>
      </trkpt>
      <trkpt lat="42.983683" lon="-4.105128">
        <ele>846.582489</ele>
        <time>2026-09-19T02:19:52.937Z</time>
      </trkpt>
      <trkpt lat="42.982490" lon="-4.104277">
        <ele>846.433088</ele>
        <time>2026-09-19T02:20:13.629Z</time>
      </trkpt>
      <trkpt lat="42.982116" lon="-4.104066">
        <ele>846.744115</ele>
        <time>2026-09-19T02:20:20.247Z</time>
      </trkpt>
      <trkpt lat="42.981785" lon="-4.104028">
        <ele>846.999457</ele>
        <time>2026-09-19T02:20:25.820Z</time>
      </trkpt>
      <trkpt lat="42.979828" lon="-4.104260">
        <ele>849.191915</ele>
        <time>2026-09-19T02:21:03.414Z</time>
      </trkpt>
      <trkpt lat="42.979624" lon="-4.104226">
        <ele>849.494886</ele>
        <time>2026-09-19T02:21:08.048Z</time>
      </trkpt>
      <trkpt lat="42.979444" lon="-4.104134">
        <ele>849.778192</ele>
        <time>2026-09-19T02:21:12.473Z</time>
      </trkpt>
      <trkpt lat="42.979251" lon="-4.103990">
        <ele>850.102348</ele>
        <time>2026-09-19T02:21:17.632Z</time>
      </trkpt>
      <trkpt lat="42.978437" lon="-4.102808">
        <ele>852.008873</ele>
        <time>2026-09-19T02:21:44.222Z</time>
      </trkpt>
      <trkpt lat="42.978208" lon="-4.102551">
        <ele>852.493070</ele>
        <time>2026-09-19T02:21:50.231Z</time>
      </trkpt>
      <trkpt lat="42.978070" lon="-4.102449">
        <ele>852.749443</ele>
        <time>2026-09-19T02:21:53.319Z</time>
      </trkpt>
      <trkpt lat="42.977775" lon="-4.102360">
        <ele>853.243118</ele>
        <time>2026-09-19T02:21:58.926Z</time>
      </trkpt>
      <trkpt lat="42.977621" lon="-4.102371">
        <ele>853.641067</ele>
        <time>2026-09-19T02:22:01.748Z</time>
      </trkpt>
      <trkpt lat="42.977389" lon="-4.102470">
        <ele>854.457274</ele>
        <time>2026-09-19T02:22:06.486Z</time>
      </trkpt>
      <trkpt lat="42.977188" lon="-4.102607">
        <ele>855.211559</ele>
        <time>2026-09-19T02:22:11.374Z</time>
      </trkpt>
      <trkpt lat="42.976871" lon="-4.102811">
        <ele>856.388226</ele>
        <time>2026-09-19T02:22:20.999Z</time>
      </trkpt>
      <trkpt lat="42.976730" lon="-4.102876">
        <ele>856.887949</ele>
        <time>2026-09-19T02:22:25.693Z</time>
      </trkpt>
      <trkpt lat="42.976425" lon="-4.102911">
        <ele>857.915825</ele>
        <time>2026-09-19T02:22:35.925Z</time>
      </trkpt>
      <trkpt lat="42.976154" lon="-4.102844">
        <ele>858.840686</ele>
        <time>2026-09-19T02:22:45.524Z</time>
      </trkpt>
      <trkpt lat="42.975796" lon="-4.102593">
        <ele>860.423278</ele>
        <time>2026-09-19T02:23:00.623Z</time>
      </trkpt>
      <trkpt lat="42.974085" lon="-4.101127">
        <ele>867.430220</ele>
        <time>2026-09-19T02:24:05.124Z</time>
      </trkpt>
      <trkpt lat="42.973915" lon="-4.100956">
        <ele>867.538320</ele>
        <time>2026-09-19T02:24:08.056Z</time>
      </trkpt>
      <trkpt lat="42.973758" lon="-4.100706">
        <ele>867.661773</ele>
        <time>2026-09-19T02:24:11.264Z</time>
      </trkpt>
      <trkpt lat="42.973688" lon="-4.100428">
        <ele>867.771939</ele>
        <time>2026-09-19T02:24:13.998Z</time>
      </trkpt>
      <trkpt lat="42.973673" lon="-4.100264">
        <ele>867.833870</ele>
        <time>2026-09-19T02:24:15.489Z</time>
      </trkpt>
      <trkpt lat="42.973706" lon="-4.099942">
        <ele>867.955706</ele>
        <time>2026-09-19T02:24:18.350Z</time>
      </trkpt>
      <trkpt lat="42.973779" lon="-4.099690">
        <ele>868.057265</ele>
        <time>2026-09-19T02:24:20.670Z</time>
      </trkpt>
      <trkpt lat="42.974378" lon="-4.098433">
        <ele>866.988085</ele>
        <time>2026-09-19T02:24:32.996Z</time>
      </trkpt>
      <trkpt lat="42.974653" lon="-4.097804">
        <ele>866.370897</ele>
        <time>2026-09-19T02:24:39.693Z</time>
      </trkpt>
      <trkpt lat="42.974726" lon="-4.097494">
        <ele>866.096595</ele>
        <time>2026-09-19T02:24:42.653Z</time>
      </trkpt>
      <trkpt lat="42.974716" lon="-4.097027">
        <ele>867.206073</ele>
        <time>2026-09-19T02:24:47.109Z</time>
      </trkpt>
      <trkpt lat="42.974597" lon="-4.096642">
        <ele>868.394836</ele>
        <time>2026-09-19T02:24:52.720Z</time>
      </trkpt>
      <trkpt lat="42.974501" lon="-4.096491">
        <ele>868.963817</ele>
        <time>2026-09-19T02:24:56.477Z</time>
      </trkpt>
      <trkpt lat="42.974389" lon="-4.096323">
        <ele>869.610275</ele>
        <time>2026-09-19T02:25:01.620Z</time>
      </trkpt>
      <trkpt lat="42.974237" lon="-4.096198">
        <ele>870.299890</ele>
        <time>2026-09-19T02:25:07.711Z</time>
      </trkpt>
      <trkpt lat="42.973983" lon="-4.096088">
        <ele>871.335696</ele>
        <time>2026-09-19T02:25:17.888Z</time>
      </trkpt>
      <trkpt lat="42.973702" lon="-4.096073">
        <ele>872.428914</ele>
        <time>2026-09-19T02:25:29.834Z</time>
      </trkpt>
      <trkpt lat="42.973422" lon="-4.096206">
        <ele>874.214953</ele>
        <time>2026-09-19T02:25:43.646Z</time>
      </trkpt>
      <trkpt lat="42.972044" lon="-4.097072">
        <ele>886.997008</ele>
        <time>2026-09-19T02:27:03.474Z</time>
      </trkpt>
      <trkpt lat="42.971898" lon="-4.097118">
        <ele>888.216488</ele>
        <time>2026-09-19T02:27:10.202Z</time>
      </trkpt>
      <trkpt lat="42.971742" lon="-4.097127">
        <ele>888.627849</ele>
        <time>2026-09-19T02:27:16.650Z</time>
      </trkpt>
      <trkpt lat="42.971485" lon="-4.097009">
        <ele>889.342123</ele>
        <time>2026-09-19T02:27:26.462Z</time>
      </trkpt>
      <trkpt lat="42.971359" lon="-4.096864">
        <ele>889.776088</ele>
        <time>2026-09-19T02:27:31.576Z</time>
      </trkpt>
      <trkpt lat="42.971267" lon="-4.096694">
        <ele>890.183694</ele>
        <time>2026-09-19T02:27:35.892Z</time>
      </trkpt>
      <trkpt lat="42.971189" lon="-4.096336">
        <ele>890.903760</ele>
        <time>2026-09-19T02:27:42.348Z</time>
      </trkpt>
      <trkpt lat="42.971200" lon="-4.096134">
        <ele>891.294235</ele>
        <time>2026-09-19T02:27:45.237Z</time>
      </trkpt>
      <trkpt lat="42.971256" lon="-4.095867">
        <ele>891.829662</ele>
        <time>2026-09-19T02:27:48.496Z</time>
      </trkpt>
      <trkpt lat="42.971335" lon="-4.095641">
        <ele>892.312487</ele>
        <time>2026-09-19T02:27:50.909Z</time>
      </trkpt>
      <trkpt lat="42.972254" lon="-4.093197">
        <ele>890.461072</ele>
        <time>2026-09-19T02:28:14.520Z</time>
      </trkpt>
      <trkpt lat="42.972516" lon="-4.092628">
        <ele>888.657281</ele>
        <time>2026-09-19T02:28:19.740Z</time>
      </trkpt>
      <trkpt lat="42.972615" lon="-4.092487">
        <ele>888.115903</ele>
        <time>2026-09-19T02:28:21.175Z</time>
      </trkpt>
      <trkpt lat="42.972775" lon="-4.092334">
        <ele>887.376538</ele>
        <time>2026-09-19T02:28:23.089Z</time>
      </trkpt>
      <trkpt lat="42.972982" lon="-4.092200">
        <ele>886.509307</ele>
        <time>2026-09-19T02:28:25.282Z</time>
      </trkpt>
      <trkpt lat="42.973321" lon="-4.092061">
        <ele>885.169238</ele>
        <time>2026-09-19T02:28:28.591Z</time>
      </trkpt>
      <trkpt lat="42.973473" lon="-4.091970">
        <ele>884.540929</ele>
        <time>2026-09-19T02:28:30.140Z</time>
      </trkpt>
      <trkpt lat="42.973608" lon="-4.091848">
        <ele>883.928148</ele>
        <time>2026-09-19T02:28:31.652Z</time>
      </trkpt>
      <trkpt lat="42.973728" lon="-4.091689">
        <ele>883.452891</ele>
        <time>2026-09-19T02:28:33.225Z</time>
      </trkpt>
      <trkpt lat="42.973890" lon="-4.091277">
        <ele>882.792514</ele>
        <time>2026-09-19T02:28:36.574Z</time>
      </trkpt>
      <trkpt lat="42.973918" lon="-4.091049">
        <ele>882.466100</ele>
        <time>2026-09-19T02:28:38.325Z</time>
      </trkpt>
      <trkpt lat="42.973899" lon="-4.090720">
        <ele>882.000145</ele>
        <time>2026-09-19T02:28:41.029Z</time>
      </trkpt>
      <trkpt lat="42.973778" lon="-4.090362">
        <ele>881.443364</ele>
        <time>2026-09-19T02:28:44.740Z</time>
      </trkpt>
      <trkpt lat="42.973403" lon="-4.089753">
        <ele>880.319541</ele>
        <time>2026-09-19T02:28:53.349Z</time>
      </trkpt>
      <trkpt lat="42.973240" lon="-4.089388">
        <ele>879.702486</ele>
        <time>2026-09-19T02:28:57.750Z</time>
      </trkpt>
      <trkpt lat="42.973144" lon="-4.088993">
        <ele>879.096641</ele>
        <time>2026-09-19T02:29:01.261Z</time>
      </trkpt>
      <trkpt lat="42.973123" lon="-4.088716">
        <ele>878.691285</ele>
        <time>2026-09-19T02:29:03.414Z</time>
      </trkpt>
      <trkpt lat="42.973147" lon="-4.088265">
        <ele>878.033082</ele>
        <time>2026-09-19T02:29:06.782Z</time>
      </trkpt>
      <trkpt lat="42.973214" lon="-4.087745">
        <ele>877.264531</ele>
        <time>2026-09-19T02:29:10.660Z</time>
      </trkpt>
      <trkpt lat="42.973225" lon="-4.087469">
        <ele>876.862195</ele>
        <time>2026-09-19T02:29:12.772Z</time>
      </trkpt>
      <trkpt lat="42.973208" lon="-4.087308">
        <ele>876.625418</ele>
        <time>2026-09-19T02:29:14.059Z</time>
      </trkpt>
      <trkpt lat="42.973125" lon="-4.086988">
        <ele>876.430357</ele>
        <time>2026-09-19T02:29:16.890Z</time>
      </trkpt>
      <trkpt lat="42.972978" lon="-4.086735">
        <ele>876.282443</ele>
        <time>2026-09-19T02:29:19.817Z</time>
      </trkpt>
      <trkpt lat="42.972844" lon="-4.086600">
        <ele>876.178274</ele>
        <time>2026-09-19T02:29:22.145Z</time>
      </trkpt>
      <trkpt lat="42.972669" lon="-4.086480">
        <ele>876.055759</ele>
        <time>2026-09-19T02:29:25.473Z</time>
      </trkpt>
      <trkpt lat="42.972134" lon="-4.086344">
        <ele>875.715244</ele>
        <time>2026-09-19T02:29:35.428Z</time>
      </trkpt>
      <trkpt lat="42.971973" lon="-4.086224">
        <ele>875.600492</ele>
        <time>2026-09-19T02:29:38.284Z</time>
      </trkpt>
      <trkpt lat="42.971887" lon="-4.086129">
        <ele>875.531298</ele>
        <time>2026-09-19T02:29:39.833Z</time>
      </trkpt>
      <trkpt lat="42.971826" lon="-4.085996">
        <ele>875.459430</ele>
        <time>2026-09-19T02:29:41.279Z</time>
      </trkpt>
      <trkpt lat="42.971778" lon="-4.085756">
        <ele>875.015580</ele>
        <time>2026-09-19T02:29:43.353Z</time>
      </trkpt>
      <trkpt lat="42.971816" lon="-4.085398">
        <ele>874.284344</ele>
        <time>2026-09-19T02:29:46.111Z</time>
      </trkpt>
      <trkpt lat="42.971985" lon="-4.085134">
        <ele>873.575285</ele>
        <time>2026-09-19T02:29:48.668Z</time>
      </trkpt>
      <trkpt lat="42.972269" lon="-4.084990">
        <ele>872.738439</ele>
        <time>2026-09-19T02:29:51.636Z</time>
      </trkpt>
      <trkpt lat="42.972823" lon="-4.084894">
        <ele>871.195680</ele>
        <time>2026-09-19T02:29:57.133Z</time>
      </trkpt>
      <trkpt lat="42.972961" lon="-4.084814">
        <ele>870.781558</ele>
        <time>2026-09-19T02:29:58.671Z</time>
      </trkpt>
      <trkpt lat="42.973099" lon="-4.084670">
        <ele>870.455867</ele>
        <time>2026-09-19T02:30:00.510Z</time>
      </trkpt>
      <trkpt lat="42.973169" lon="-4.084532">
        <ele>870.421677</ele>
        <time>2026-09-19T02:30:01.847Z</time>
      </trkpt>
      <trkpt lat="42.973216" lon="-4.084386">
        <ele>870.389200</ele>
        <time>2026-09-19T02:30:03.168Z</time>
      </trkpt>
      <trkpt lat="42.973226" lon="-4.084252">
        <ele>870.361775</ele>
        <time>2026-09-19T02:30:04.305Z</time>
      </trkpt>
      <trkpt lat="42.973210" lon="-4.084068">
        <ele>870.324047</ele>
        <time>2026-09-19T02:30:05.965Z</time>
      </trkpt>
      <trkpt lat="42.973101" lon="-4.083777">
        <ele>870.257484</ele>
        <time>2026-09-19T02:30:09.257Z</time>
      </trkpt>
      <trkpt lat="42.971739" lon="-4.082322">
        <ele>869.656627</ele>
        <time>2026-09-19T02:30:40.922Z</time>
      </trkpt>
      <trkpt lat="42.971632" lon="-4.082156">
        <ele>869.584074</ele>
        <time>2026-09-19T02:30:42.987Z</time>
      </trkpt>
      <trkpt lat="42.971484" lon="-4.081699">
        <ele>869.420173</ele>
        <time>2026-09-19T02:30:47.306Z</time>
      </trkpt>
      <trkpt lat="42.971469" lon="-4.081451">
        <ele>869.338562</ele>
        <time>2026-09-19T02:30:49.359Z</time>
      </trkpt>
      <trkpt lat="42.971490" lon="-4.081197">
        <ele>869.254730</ele>
        <time>2026-09-19T02:30:51.470Z</time>
      </trkpt>
      <trkpt lat="42.971568" lon="-4.080856">
        <ele>869.116927</ele>
        <time>2026-09-19T02:30:54.457Z</time>
      </trkpt>
      <trkpt lat="42.971669" lon="-4.080660">
        <ele>868.982070</ele>
        <time>2026-09-19T02:30:56.514Z</time>
      </trkpt>
      <trkpt lat="42.971986" lon="-4.080229">
        <ele>868.638293</ele>
        <time>2026-09-19T02:31:01.823Z</time>
      </trkpt>
      <trkpt lat="42.972173" lon="-4.079883">
        <ele>868.396314</ele>
        <time>2026-09-19T02:31:05.395Z</time>
      </trkpt>
      <trkpt lat="42.972241" lon="-4.079598">
        <ele>868.227682</ele>
        <time>2026-09-19T02:31:08.100Z</time>
      </trkpt>
      <trkpt lat="42.972241" lon="-4.079347">
        <ele>868.086485</ele>
        <time>2026-09-19T02:31:10.611Z</time>
      </trkpt>
      <trkpt lat="42.972207" lon="-4.079084">
        <ele>867.936246</ele>
        <time>2026-09-19T02:31:13.616Z</time>
      </trkpt>
      <trkpt lat="42.972127" lon="-4.078835">
        <ele>867.784137</ele>
        <time>2026-09-19T02:31:16.939Z</time>
      </trkpt>
      <trkpt lat="42.971976" lon="-4.078606">
        <ele>868.122302</ele>
        <time>2026-09-19T02:31:21.063Z</time>
      </trkpt>
      <trkpt lat="42.971836" lon="-4.078468">
        <ele>868.381092</ele>
        <time>2026-09-19T02:31:24.394Z</time>
      </trkpt>
      <trkpt lat="42.971669" lon="-4.078373">
        <ele>868.652288</ele>
        <time>2026-09-19T02:31:27.789Z</time>
      </trkpt>
      <trkpt lat="42.971211" lon="-4.078246">
        <ele>869.352931</ele>
        <time>2026-09-19T02:31:36.279Z</time>
      </trkpt>
      <trkpt lat="42.971056" lon="-4.078155">
        <ele>869.605848</ele>
        <time>2026-09-19T02:31:39.871Z</time>
      </trkpt>
      <trkpt lat="42.970918" lon="-4.078004">
        <ele>869.870885</ele>
        <time>2026-09-19T02:31:44.155Z</time>
      </trkpt>
      <trkpt lat="42.970863" lon="-4.077886">
        <ele>870.024363</ele>
        <time>2026-09-19T02:31:46.769Z</time>
      </trkpt>
      <trkpt lat="42.970813" lon="-4.077682">
        <ele>870.260371</ele>
        <time>2026-09-19T02:31:50.883Z</time>
      </trkpt>
      <trkpt lat="42.970811" lon="-4.077529">
        <ele>870.428239</ele>
        <time>2026-09-19T02:31:53.855Z</time>
      </trkpt>
      <trkpt lat="42.970884" lon="-4.077233">
        <ele>870.923930</ele>
        <time>2026-09-19T02:32:00.009Z</time>
      </trkpt>
      <trkpt lat="42.971272" lon="-4.076674">
        <ele>872.214063</ele>
        <time>2026-09-19T02:32:15.500Z</time>
      </trkpt>
      <trkpt lat="42.971393" lon="-4.076422">
        <ele>872.718753</ele>
        <time>2026-09-19T02:32:21.110Z</time>
      </trkpt>
      <trkpt lat="42.971441" lon="-4.076027">
        <ele>873.389200</ele>
        <time>2026-09-19T02:32:28.092Z</time>
      </trkpt>
      <trkpt lat="42.971394" lon="-4.075768">
        <ele>873.836008</ele>
        <time>2026-09-19T02:32:32.521Z</time>
      </trkpt>
      <trkpt lat="42.971246" lon="-4.075450">
        <ele>874.467054</ele>
        <time>2026-09-19T02:32:38.319Z</time>
      </trkpt>
      <trkpt lat="42.970405" lon="-4.074306">
        <ele>875.609263</ele>
        <time>2026-09-19T02:32:58.635Z</time>
      </trkpt>
      <trkpt lat="42.970237" lon="-4.074029">
        <ele>875.845255</ele>
        <time>2026-09-19T02:33:02.987Z</time>
      </trkpt>
      <trkpt lat="42.970179" lon="-4.073862">
        <ele>875.966507</ele>
        <time>2026-09-19T02:33:05.394Z</time>
      </trkpt>
      <trkpt lat="42.970150" lon="-4.073676">
        <ele>876.091248</ele>
        <time>2026-09-19T02:33:07.997Z</time>
      </trkpt>
      <trkpt lat="42.970153" lon="-4.073474">
        <ele>876.237549</ele>
        <time>2026-09-19T02:33:10.880Z</time>
      </trkpt>
      <trkpt lat="42.970187" lon="-4.073309">
        <ele>876.451498</ele>
        <time>2026-09-19T02:33:13.419Z</time>
      </trkpt>
      <trkpt lat="42.970237" lon="-4.073143">
        <ele>876.675552</ele>
        <time>2026-09-19T02:33:16.221Z</time>
      </trkpt>
      <trkpt lat="42.970533" lon="-4.072636">
        <ele>877.485090</ele>
        <time>2026-09-19T02:33:27.360Z</time>
      </trkpt>
      <trkpt lat="42.970583" lon="-4.072508">
        <ele>877.666187</ele>
        <time>2026-09-19T02:33:29.982Z</time>
      </trkpt>
      <trkpt lat="42.970658" lon="-4.072226">
        <ele>878.040682</ele>
        <time>2026-09-19T02:33:35.212Z</time>
      </trkpt>
      <trkpt lat="42.970689" lon="-4.071963">
        <ele>878.373164</ele>
        <time>2026-09-19T02:33:39.573Z</time>
      </trkpt>
      <trkpt lat="42.970644" lon="-4.071564">
        <ele>878.877038</ele>
        <time>2026-09-19T02:33:46.094Z</time>
      </trkpt>
      <trkpt lat="42.970600" lon="-4.071413">
        <ele>879.079897</ele>
        <time>2026-09-19T02:33:48.633Z</time>
      </trkpt>
      <trkpt lat="42.970409" lon="-4.071097">
        <ele>879.389450</ele>
        <time>2026-09-19T02:33:54.756Z</time>
      </trkpt>
      <trkpt lat="42.970174" lon="-4.070875">
        <ele>879.564152</ele>
        <time>2026-09-19T02:34:00.244Z</time>
      </trkpt>
      <trkpt lat="42.969864" lon="-4.070669">
        <ele>879.774950</ele>
        <time>2026-09-19T02:34:06.404Z</time>
      </trkpt>
      <trkpt lat="42.969730" lon="-4.070527">
        <ele>879.878645</ele>
        <time>2026-09-19T02:34:09.125Z</time>
      </trkpt>
      <trkpt lat="42.969569" lon="-4.070280">
        <ele>880.026664</ele>
        <time>2026-09-19T02:34:12.775Z</time>
      </trkpt>
      <trkpt lat="42.969480" lon="-4.070080">
        <ele>880.131409</ele>
        <time>2026-09-19T02:34:15.265Z</time>
      </trkpt>
      <trkpt lat="42.968468" lon="-4.066185">
        <ele>880.570221</ele>
        <time>2026-09-19T02:35:02.021Z</time>
      </trkpt>
      <trkpt lat="42.968408" lon="-4.065890">
        <ele>880.544743</ele>
        <time>2026-09-19T02:35:05.754Z</time>
      </trkpt>
      <trkpt lat="42.968388" lon="-4.065674">
        <ele>880.526626</ele>
        <time>2026-09-19T02:35:08.306Z</time>
      </trkpt>
      <trkpt lat="42.968411" lon="-4.065390">
        <ele>880.502849</ele>
        <time>2026-09-19T02:35:11.466Z</time>
      </trkpt>
      <trkpt lat="42.968676" lon="-4.064551">
        <ele>879.578294</ele>
        <time>2026-09-19T02:35:20.027Z</time>
      </trkpt>
      <trkpt lat="42.968733" lon="-4.064293">
        <ele>878.973785</ele>
        <time>2026-09-19T02:35:22.238Z</time>
      </trkpt>
      <trkpt lat="42.968759" lon="-4.063938">
        <ele>878.173525</ele>
        <time>2026-09-19T02:35:25.020Z</time>
      </trkpt>
      <trkpt lat="42.968744" lon="-4.063695">
        <ele>877.626529</ele>
        <time>2026-09-19T02:35:26.834Z</time>
      </trkpt>
      <trkpt lat="42.968611" lon="-4.062698">
        <ele>875.353352</ele>
        <time>2026-09-19T02:35:33.974Z</time>
      </trkpt>
      <trkpt lat="42.968598" lon="-4.062370">
        <ele>874.581707</ele>
        <time>2026-09-19T02:35:36.233Z</time>
      </trkpt>
      <trkpt lat="42.968671" lon="-4.061988">
        <ele>873.602429</ele>
        <time>2026-09-19T02:35:38.938Z</time>
      </trkpt>
      <trkpt lat="42.968902" lon="-4.061402">
        <ele>871.951440</ele>
        <time>2026-09-19T02:35:43.590Z</time>
      </trkpt>
      <trkpt lat="42.969178" lon="-4.060834">
        <ele>870.260254</ele>
        <time>2026-09-19T02:35:48.653Z</time>
      </trkpt>
      <trkpt lat="42.969360" lon="-4.060524">
        <ele>869.274445</ele>
        <time>2026-09-19T02:35:51.890Z</time>
      </trkpt>
      <trkpt lat="42.969943" lon="-4.059655">
        <ele>868.059135</ele>
        <time>2026-09-19T02:36:03.258Z</time>
      </trkpt>
      <trkpt lat="42.970260" lon="-4.059249">
        <ele>867.593642</ele>
        <time>2026-09-19T02:36:09.493Z</time>
      </trkpt>
      <trkpt lat="42.970576" lon="-4.058823">
        <ele>867.118054</ele>
        <time>2026-09-19T02:36:14.832Z</time>
      </trkpt>
      <trkpt lat="42.970677" lon="-4.058645">
        <ele>866.941459</ele>
        <time>2026-09-19T02:36:16.659Z</time>
      </trkpt>
      <trkpt lat="42.970748" lon="-4.058480">
        <ele>866.537741</ele>
        <time>2026-09-19T02:36:18.155Z</time>
      </trkpt>
      <trkpt lat="42.970847" lon="-4.058142">
        <ele>865.697095</ele>
        <time>2026-09-19T02:36:20.941Z</time>
      </trkpt>
      <trkpt lat="42.971098" lon="-4.057095">
        <ele>863.153137</ele>
        <time>2026-09-19T02:36:28.952Z</time>
      </trkpt>
      <trkpt lat="42.971186" lon="-4.056907">
        <ele>862.637823</ele>
        <time>2026-09-19T02:36:30.554Z</time>
      </trkpt>
      <trkpt lat="42.971626" lon="-4.056259">
        <ele>860.433118</ele>
        <time>2026-09-19T02:36:37.053Z</time>
      </trkpt>
      <trkpt lat="42.971792" lon="-4.055943">
        <ele>859.308746</ele>
        <time>2026-09-19T02:36:39.909Z</time>
      </trkpt>
      <trkpt lat="42.972158" lon="-4.055375">
        <ele>857.121156</ele>
        <time>2026-09-19T02:36:45.445Z</time>
      </trkpt>
      <trkpt lat="42.972314" lon="-4.055071">
        <ele>856.047937</ele>
        <time>2026-09-19T02:36:48.086Z</time>
      </trkpt>
      <trkpt lat="42.972442" lon="-4.054727">
        <ele>854.932481</ele>
        <time>2026-09-19T02:36:50.821Z</time>
      </trkpt>
      <trkpt lat="42.972549" lon="-4.054199">
        <ele>853.007313</ele>
        <time>2026-09-19T02:36:54.614Z</time>
      </trkpt>
      <trkpt lat="42.972596" lon="-4.053987">
        <ele>852.090837</ele>
        <time>2026-09-19T02:36:56.116Z</time>
      </trkpt>
      <trkpt lat="42.972644" lon="-4.053759">
        <ele>851.109274</ele>
        <time>2026-09-19T02:36:57.725Z</time>
      </trkpt>
      <trkpt lat="42.972723" lon="-4.053257">
        <ele>848.984882</ele>
        <time>2026-09-19T02:37:01.190Z</time>
      </trkpt>
      <trkpt lat="42.972697" lon="-4.052950">
        <ele>847.706269</ele>
        <time>2026-09-19T02:37:03.273Z</time>
      </trkpt>
      <trkpt lat="42.972598" lon="-4.052706">
        <ele>846.551958</ele>
        <time>2026-09-19T02:37:05.138Z</time>
      </trkpt>
      <trkpt lat="42.972525" lon="-4.052620">
        <ele>846.007000</ele>
        <time>2026-09-19T02:37:06.020Z</time>
      </trkpt>
      <trkpt lat="42.972359" lon="-4.052496">
        <ele>844.937312</ele>
        <time>2026-09-19T02:37:07.751Z</time>
      </trkpt>
      <trkpt lat="42.972140" lon="-4.052458">
        <ele>843.633407</ele>
        <time>2026-09-19T02:37:09.797Z</time>
      </trkpt>
      <trkpt lat="42.971921" lon="-4.052519">
        <ele>842.119759</ele>
        <time>2026-09-19T02:37:11.860Z</time>
      </trkpt>
      <trkpt lat="42.971698" lon="-4.052640">
        <ele>840.494841</ele>
        <time>2026-09-19T02:37:14.081Z</time>
      </trkpt>
      <trkpt lat="42.970650" lon="-4.053208">
        <ele>832.859622</ele>
        <time>2026-09-19T02:37:24.004Z</time>
      </trkpt>
      <trkpt lat="42.970554" lon="-4.053238">
        <ele>832.192690</ele>
        <time>2026-09-19T02:37:24.895Z</time>
      </trkpt>
      <trkpt lat="42.970447" lon="-4.053201">
        <ele>831.860965</ele>
        <time>2026-09-19T02:37:25.908Z</time>
      </trkpt>
      <trkpt lat="42.970399" lon="-4.053096">
        <ele>831.988736</ele>
        <time>2026-09-19T02:37:26.762Z</time>
      </trkpt>
      <trkpt lat="42.970288" lon="-4.052519">
        <ele>832.604445</ele>
        <time>2026-09-19T02:37:31.143Z</time>
      </trkpt>
      <trkpt lat="42.970163" lon="-4.052141">
        <ele>833.032536</ele>
        <time>2026-09-19T02:37:35.841Z</time>
      </trkpt>
      <trkpt lat="42.969712" lon="-4.051236">
        <ele>834.162553</ele>
        <time>2026-09-19T02:38:05.689Z</time>
      </trkpt>
      <trkpt lat="42.969714" lon="-4.051154">
        <ele>834.247226</ele>
        <time>2026-09-19T02:38:08.763Z</time>
      </trkpt>
      <trkpt lat="42.969782" lon="-4.051042">
        <ele>834.569405</ele>
        <time>2026-09-19T02:38:13.720Z</time>
      </trkpt>
      <trkpt lat="42.969926" lon="-4.050824">
        <ele>835.603845</ele>
        <time>2026-09-19T02:38:23.831Z</time>
      </trkpt>
      <trkpt lat="42.970123" lon="-4.050301">
        <ele>837.675717</ele>
        <time>2026-09-19T02:38:41.629Z</time>
      </trkpt>
      <trkpt lat="42.970248" lon="-4.050052">
        <ele>838.739311</ele>
        <time>2026-09-19T02:38:49.445Z</time>
      </trkpt>
      <trkpt lat="42.970388" lon="-4.049866">
        <ele>839.679179</ele>
        <time>2026-09-19T02:38:55.963Z</time>
      </trkpt>
      <trkpt lat="42.970807" lon="-4.049434">
        <ele>842.205680</ele>
        <time>2026-09-19T02:39:09.728Z</time>
      </trkpt>
      <trkpt lat="42.970943" lon="-4.049206">
        <ele>843.106668</ele>
        <time>2026-09-19T02:39:15.040Z</time>
      </trkpt>
      <trkpt lat="42.971031" lon="-4.048952">
        <ele>843.577283</ele>
        <time>2026-09-19T02:39:20.152Z</time>
      </trkpt>
      <trkpt lat="42.971282" lon="-4.047555">
        <ele>845.986164</ele>
        <time>2026-09-19T02:39:47.660Z</time>
      </trkpt>
      <trkpt lat="42.971308" lon="-4.047305">
        <ele>846.409015</ele>
        <time>2026-09-19T02:39:52.587Z</time>
      </trkpt>
      <trkpt lat="42.971292" lon="-4.047075">
        <ele>846.795904</ele>
        <time>2026-09-19T02:39:56.388Z</time>
      </trkpt>
      <trkpt lat="42.971237" lon="-4.046855">
        <ele>847.155039</ele>
        <time>2026-09-19T02:39:59.386Z</time>
      </trkpt>
      <trkpt lat="42.971057" lon="-4.046535">
        <ele>847.589782</ele>
        <time>2026-09-19T02:40:03.339Z</time>
      </trkpt>
      <trkpt lat="42.970757" lon="-4.046192">
        <ele>848.165547</ele>
        <time>2026-09-19T02:40:08.952Z</time>
      </trkpt>
      <trkpt lat="42.970606" lon="-4.045878">
        <ele>848.570257</ele>
        <time>2026-09-19T02:40:13.350Z</time>
      </trkpt>
      <trkpt lat="42.970553" lon="-4.045679">
        <ele>848.798356</ele>
        <time>2026-09-19T02:40:16.220Z</time>
      </trkpt>
      <trkpt lat="42.970515" lon="-4.045301">
        <ele>849.209321</ele>
        <time>2026-09-19T02:40:22.327Z</time>
      </trkpt>
      <trkpt lat="42.970506" lon="-4.045033">
        <ele>849.498286</ele>
        <time>2026-09-19T02:40:27.511Z</time>
      </trkpt>
      <trkpt lat="42.970391" lon="-4.042534">
        <ele>855.761831</ele>
        <time>2026-09-19T02:41:25.980Z</time>
      </trkpt>
      <trkpt lat="42.970404" lon="-4.042254">
        <ele>856.371251</ele>
        <time>2026-09-19T02:41:30.453Z</time>
      </trkpt>
      <trkpt lat="42.970425" lon="-4.042037">
        <ele>856.641179</ele>
        <time>2026-09-19T02:41:33.714Z</time>
      </trkpt>
      <trkpt lat="42.970583" lon="-4.041388">
        <ele>857.484642</ele>
        <time>2026-09-19T02:41:43.229Z</time>
      </trkpt>
      <trkpt lat="42.970878" lon="-4.040460">
        <ele>858.732352</ele>
        <time>2026-09-19T02:41:59.130Z</time>
      </trkpt>
      <trkpt lat="42.971187" lon="-4.039458">
        <ele>859.076777</ele>
        <time>2026-09-19T02:42:15.039Z</time>
      </trkpt>
      <trkpt lat="42.971279" lon="-4.039114">
        <ele>858.956478</ele>
        <time>2026-09-19T02:42:20.606Z</time>
      </trkpt>
      <trkpt lat="42.971303" lon="-4.038713">
        <ele>858.824328</ele>
        <time>2026-09-19T02:42:25.568Z</time>
      </trkpt>
      <trkpt lat="42.971250" lon="-4.038325">
        <ele>858.694686</ele>
        <time>2026-09-19T02:42:28.956Z</time>
      </trkpt>
      <trkpt lat="42.971223" lon="-4.038121">
        <ele>858.626595</ele>
        <time>2026-09-19T02:42:30.543Z</time>
      </trkpt>
      <trkpt lat="42.971218" lon="-4.038011">
        <ele>858.590395</ele>
        <time>2026-09-19T02:42:31.343Z</time>
      </trkpt>
      <trkpt lat="42.971253" lon="-4.037699">
        <ele>858.486720</ele>
        <time>2026-09-19T02:42:33.614Z</time>
      </trkpt>
      <trkpt lat="42.971348" lon="-4.037441">
        <ele>858.185232</ele>
        <time>2026-09-19T02:42:35.722Z</time>
      </trkpt>
      <trkpt lat="42.971556" lon="-4.037143">
        <ele>857.729101</ele>
        <time>2026-09-19T02:42:38.889Z</time>
      </trkpt>
      <trkpt lat="42.971935" lon="-4.036676">
        <ele>856.956690</ele>
        <time>2026-09-19T02:42:44.442Z</time>
      </trkpt>
      <trkpt lat="42.972027" lon="-4.036561">
        <ele>856.767972</ele>
        <time>2026-09-19T02:42:45.750Z</time>
      </trkpt>
      <trkpt lat="42.972200" lon="-4.036346">
        <ele>856.414034</ele>
        <time>2026-09-19T02:42:48.319Z</time>
      </trkpt>
      <trkpt lat="42.972438" lon="-4.036036">
        <ele>855.916382</ele>
        <time>2026-09-19T02:42:52.777Z</time>
      </trkpt>
      <trkpt lat="42.972513" lon="-4.035855">
        <ele>855.838364</ele>
        <time>2026-09-19T02:42:55.621Z</time>
      </trkpt>
      <trkpt lat="42.972560" lon="-4.035667">
        <ele>856.094386</ele>
        <time>2026-09-19T02:42:58.847Z</time>
      </trkpt>
      <trkpt lat="42.972588" lon="-4.035403">
        <ele>856.438151</ele>
        <time>2026-09-19T02:43:03.926Z</time>
      </trkpt>
      <trkpt lat="42.972559" lon="-4.035187">
        <ele>856.721152</ele>
        <time>2026-09-19T02:43:08.485Z</time>
      </trkpt>
      <trkpt lat="42.972519" lon="-4.035040">
        <ele>856.923263</ele>
        <time>2026-09-19T02:43:11.626Z</time>
      </trkpt>
      <trkpt lat="42.972369" lon="-4.034725">
        <ele>857.407594</ele>
        <time>2026-09-19T02:43:18.744Z</time>
      </trkpt>
      <trkpt lat="42.971843" lon="-4.034259">
        <ele>858.511624</ele>
        <time>2026-09-19T02:43:34.529Z</time>
      </trkpt>
      <trkpt lat="42.971786" lon="-4.034180">
        <ele>858.654603</ele>
        <time>2026-09-19T02:43:36.265Z</time>
      </trkpt>
      <trkpt lat="42.971679" lon="-4.033898">
        <ele>858.803342</ele>
        <time>2026-09-19T02:43:40.533Z</time>
      </trkpt>
      <trkpt lat="42.971666" lon="-4.033753">
        <ele>858.640333</ele>
        <time>2026-09-19T02:43:42.169Z</time>
      </trkpt>
      <trkpt lat="42.971677" lon="-4.033538">
        <ele>858.399839</ele>
        <time>2026-09-19T02:43:44.322Z</time>
      </trkpt>
      <trkpt lat="42.971758" lon="-4.033269">
        <ele>858.075250</ele>
        <time>2026-09-19T02:43:46.833Z</time>
      </trkpt>
      <trkpt lat="42.971994" lon="-4.033023">
        <ele>857.622610</ele>
        <time>2026-09-19T02:43:49.963Z</time>
      </trkpt>
      <trkpt lat="42.972198" lon="-4.032968">
        <ele>857.305507</ele>
        <time>2026-09-19T02:43:52.123Z</time>
      </trkpt>
      <trkpt lat="42.972633" lon="-4.032938">
        <ele>856.641274</ele>
        <time>2026-09-19T02:43:56.840Z</time>
      </trkpt>
      <trkpt lat="42.972850" lon="-4.032844">
        <ele>856.294117</ele>
        <time>2026-09-19T02:43:59.239Z</time>
      </trkpt>
      <trkpt lat="42.973008" lon="-4.032686">
        <ele>855.923406</ele>
        <time>2026-09-19T02:44:01.286Z</time>
      </trkpt>
      <trkpt lat="42.973114" lon="-4.032539">
        <ele>855.603661</ele>
        <time>2026-09-19T02:44:02.877Z</time>
      </trkpt>
      <trkpt lat="42.973207" lon="-4.032247">
        <ele>855.110290</ele>
        <time>2026-09-19T02:44:05.356Z</time>
      </trkpt>
      <trkpt lat="42.973542" lon="-4.030749">
        <ele>852.683591</ele>
        <time>2026-09-19T02:44:17.659Z</time>
      </trkpt>
      <trkpt lat="42.973551" lon="-4.030357">
        <ele>852.443492</ele>
        <time>2026-09-19T02:44:20.988Z</time>
      </trkpt>
      <trkpt lat="42.973501" lon="-4.030072">
        <ele>852.551414</ele>
        <time>2026-09-19T02:44:23.604Z</time>
      </trkpt>
      <trkpt lat="42.973276" lon="-4.029101">
        <ele>852.926475</ele>
        <time>2026-09-19T02:44:34.390Z</time>
      </trkpt>
      <trkpt lat="42.973112" lon="-4.028969">
        <ele>853.022263</ele>
        <time>2026-09-19T02:44:39.842Z</time>
      </trkpt>
      <trkpt lat="42.973070" lon="-4.028901">
        <ele>853.055032</ele>
        <time>2026-09-19T02:44:41.747Z</time>
      </trkpt>
      <trkpt lat="42.972983" lon="-4.028669">
        <ele>853.151030</ele>
        <time>2026-09-19T02:44:47.666Z</time>
      </trkpt>
      <trkpt lat="42.972927" lon="-4.028389">
        <ele>853.257920</ele>
        <time>2026-09-19T02:44:54.386Z</time>
      </trkpt>
      <trkpt lat="42.972857" lon="-4.028246">
        <ele>853.419662</ele>
        <time>2026-09-19T02:44:58.292Z</time>
      </trkpt>
      <trkpt lat="42.972728" lon="-4.028067">
        <ele>853.723214</ele>
        <time>2026-09-19T02:45:03.817Z</time>
      </trkpt>
      <trkpt lat="42.972653" lon="-4.027847">
        <ele>854.016450</ele>
        <time>2026-09-19T02:45:08.533Z</time>
      </trkpt>
      <trkpt lat="42.972431" lon="-4.027810">
        <ele>854.385743</ele>
        <time>2026-09-19T02:45:13.984Z</time>
      </trkpt>
      <trkpt lat="42.972229" lon="-4.027663">
        <ele>854.763633</ele>
        <time>2026-09-19T02:45:19.855Z</time>
      </trkpt>
      <trkpt lat="42.972171" lon="-4.027552">
        <ele>854.928429</ele>
        <time>2026-09-19T02:45:22.540Z</time>
      </trkpt>
      <trkpt lat="42.972133" lon="-4.027426">
        <ele>855.093086</ele>
        <time>2026-09-19T02:45:25.295Z</time>
      </trkpt>
      <trkpt lat="42.972141" lon="-4.027214">
        <ele>855.349564</ele>
        <time>2026-09-19T02:45:29.731Z</time>
      </trkpt>
      <trkpt lat="42.972191" lon="-4.027012">
        <ele>855.607207</ele>
        <time>2026-09-19T02:45:34.366Z</time>
      </trkpt>
      <trkpt lat="42.972313" lon="-4.026893">
        <ele>855.854703</ele>
        <time>2026-09-19T02:45:38.824Z</time>
      </trkpt>
      <trkpt lat="42.972360" lon="-4.026729">
        <ele>856.067503</ele>
        <time>2026-09-19T02:45:41.763Z</time>
      </trkpt>
      <trkpt lat="42.972443" lon="-4.026475">
        <ele>856.279664</ele>
        <time>2026-09-19T02:45:45.918Z</time>
      </trkpt>
      <trkpt lat="42.972542" lon="-4.026197">
        <ele>856.355387</ele>
        <time>2026-09-19T02:45:49.595Z</time>
      </trkpt>
      <trkpt lat="42.972557" lon="-4.025785">
        <ele>856.456417</ele>
        <time>2026-09-19T02:45:53.290Z</time>
      </trkpt>
      <trkpt lat="42.972519" lon="-4.025485">
        <ele>856.530985</ele>
        <time>2026-09-19T02:45:55.890Z</time>
      </trkpt>
      <trkpt lat="42.972481" lon="-4.025103">
        <ele>856.625404</ele>
        <time>2026-09-19T02:45:59.909Z</time>
      </trkpt>
      <trkpt lat="42.972506" lon="-4.024918">
        <ele>856.671479</ele>
        <time>2026-09-19T02:46:02.342Z</time>
      </trkpt>
      <trkpt lat="42.972542" lon="-4.024814">
        <ele>856.699657</ele>
        <time>2026-09-19T02:46:03.888Z</time>
      </trkpt>
      <trkpt lat="42.972697" lon="-4.024517">
        <ele>856.789005</ele>
        <time>2026-09-19T02:46:08.968Z</time>
      </trkpt>
      <trkpt lat="42.972775" lon="-4.024385">
        <ele>856.830560</ele>
        <time>2026-09-19T02:46:11.177Z</time>
      </trkpt>
      <trkpt lat="42.972806" lon="-4.024327">
        <ele>856.848152</ele>
        <time>2026-09-19T02:46:12.028Z</time>
      </trkpt>
      <trkpt lat="42.972901" lon="-4.024144">
        <ele>857.119632</ele>
        <time>2026-09-19T02:46:14.771Z</time>
      </trkpt>
      <trkpt lat="42.972949" lon="-4.024053">
        <ele>857.259584</ele>
        <time>2026-09-19T02:46:16.175Z</time>
      </trkpt>
      <trkpt lat="42.973129" lon="-4.023610">
        <ele>857.891748</ele>
        <time>2026-09-19T02:46:22.919Z</time>
      </trkpt>
      <trkpt lat="42.973203" lon="-4.023259">
        <ele>858.347452</ele>
        <time>2026-09-19T02:46:29.121Z</time>
      </trkpt>
      <trkpt lat="42.973242" lon="-4.022672">
        <ele>859.082774</ele>
        <time>2026-09-19T02:46:41.442Z</time>
      </trkpt>
      <trkpt lat="42.973178" lon="-4.021430">
        <ele>859.632267</ele>
        <time>2026-09-19T02:47:01.493Z</time>
      </trkpt>
      <trkpt lat="42.973114" lon="-4.020231">
        <ele>859.038367</ele>
        <time>2026-09-19T02:47:12.508Z</time>
      </trkpt>
      <trkpt lat="42.973102" lon="-4.019919">
        <ele>858.884021</ele>
        <time>2026-09-19T02:47:14.919Z</time>
      </trkpt>
      <trkpt lat="42.973020" lon="-4.018567">
        <ele>857.515743</ele>
        <time>2026-09-19T02:47:25.146Z</time>
      </trkpt>
      <trkpt lat="42.972888" lon="-4.018132">
        <ele>856.950822</ele>
        <time>2026-09-19T02:47:28.744Z</time>
      </trkpt>
      <trkpt lat="42.972837" lon="-4.018059">
        <ele>856.829743</ele>
        <time>2026-09-19T02:47:29.544Z</time>
      </trkpt>
      <trkpt lat="42.972767" lon="-4.017943">
        <ele>856.649369</ele>
        <time>2026-09-19T02:47:30.761Z</time>
      </trkpt>
      <trkpt lat="42.972536" lon="-4.017686">
        <ele>856.161022</ele>
        <time>2026-09-19T02:47:34.289Z</time>
      </trkpt>
      <trkpt lat="42.971989" lon="-4.017134">
        <ele>856.400053</ele>
        <time>2026-09-19T02:47:47.540Z</time>
      </trkpt>
      <trkpt lat="42.971772" lon="-4.016874">
        <ele>856.832343</ele>
        <time>2026-09-19T02:47:54.318Z</time>
      </trkpt>
      <trkpt lat="42.971656" lon="-4.016701">
        <ele>857.089537</ele>
        <time>2026-09-19T02:47:58.487Z</time>
      </trkpt>
      <trkpt lat="42.971560" lon="-4.016451">
        <ele>857.398994</ele>
        <time>2026-09-19T02:48:03.608Z</time>
      </trkpt>
      <trkpt lat="42.971507" lon="-4.016126">
        <ele>857.763953</ele>
        <time>2026-09-19T02:48:09.303Z</time>
      </trkpt>
      <trkpt lat="42.971517" lon="-4.015896">
        <ele>858.016491</ele>
        <time>2026-09-19T02:48:13.145Z</time>
      </trkpt>
      <trkpt lat="42.971583" lon="-4.015597">
        <ele>858.358800</ele>
        <time>2026-09-19T02:48:18.103Z</time>
      </trkpt>
      <trkpt lat="42.971645" lon="-4.015454">
        <ele>858.458103</ele>
        <time>2026-09-19T02:48:20.609Z</time>
      </trkpt>
      <trkpt lat="42.971847" lon="-4.015155">
        <ele>858.506562</ele>
        <time>2026-09-19T02:48:25.903Z</time>
      </trkpt>
      <trkpt lat="42.972750" lon="-4.014331">
        <ele>858.683259</ele>
        <time>2026-09-19T02:48:41.137Z</time>
      </trkpt>
      <trkpt lat="42.972848" lon="-4.014209">
        <ele>858.704832</ele>
        <time>2026-09-19T02:48:43.036Z</time>
      </trkpt>
      <trkpt lat="42.972925" lon="-4.014080">
        <ele>858.724655</ele>
        <time>2026-09-19T02:48:44.757Z</time>
      </trkpt>
      <trkpt lat="42.973061" lon="-4.013749">
        <ele>858.735149</ele>
        <time>2026-09-19T02:48:48.640Z</time>
      </trkpt>
      <trkpt lat="42.973160" lon="-4.013206">
        <ele>858.722436</ele>
        <time>2026-09-19T02:48:54.268Z</time>
      </trkpt>
      <trkpt lat="42.973382" lon="-4.011975">
        <ele>858.693633</ele>
        <time>2026-09-19T02:49:07.244Z</time>
      </trkpt>
      <trkpt lat="42.973373" lon="-4.011819">
        <ele>858.690078</ele>
        <time>2026-09-19T02:49:08.923Z</time>
      </trkpt>
      <trkpt lat="42.973328" lon="-4.011619">
        <ele>858.685324</ele>
        <time>2026-09-19T02:49:11.237Z</time>
      </trkpt>
      <trkpt lat="42.973254" lon="-4.011443">
        <ele>858.846283</ele>
        <time>2026-09-19T02:49:13.759Z</time>
      </trkpt>
      <trkpt lat="42.973157" lon="-4.011312">
        <ele>859.010967</ele>
        <time>2026-09-19T02:49:16.395Z</time>
      </trkpt>
      <trkpt lat="42.973085" lon="-4.011228">
        <ele>859.125289</ele>
        <time>2026-09-19T02:49:18.367Z</time>
      </trkpt>
      <trkpt lat="42.972927" lon="-4.011142">
        <ele>859.330673</ele>
        <time>2026-09-19T02:49:22.061Z</time>
      </trkpt>
      <trkpt lat="42.972283" lon="-4.010978">
        <ele>860.121786</ele>
        <time>2026-09-19T02:49:37.829Z</time>
      </trkpt>
      <trkpt lat="42.972120" lon="-4.010860">
        <ele>860.344543</ele>
        <time>2026-09-19T02:49:42.220Z</time>
      </trkpt>
      <trkpt lat="42.972031" lon="-4.010744">
        <ele>860.493064</ele>
        <time>2026-09-19T02:49:44.931Z</time>
      </trkpt>
      <trkpt lat="42.971954" lon="-4.010578">
        <ele>860.666737</ele>
        <time>2026-09-19T02:49:47.755Z</time>
      </trkpt>
      <trkpt lat="42.971926" lon="-4.010300">
        <ele>860.792746</ele>
        <time>2026-09-19T02:49:51.086Z</time>
      </trkpt>
      <trkpt lat="42.971943" lon="-4.010140">
        <ele>860.633675</ele>
        <time>2026-09-19T02:49:52.746Z</time>
      </trkpt>
      <trkpt lat="42.971990" lon="-4.009979">
        <ele>860.463130</ele>
        <time>2026-09-19T02:49:54.338Z</time>
      </trkpt>
      <trkpt lat="42.972091" lon="-4.009807">
        <ele>860.246146</ele>
        <time>2026-09-19T02:49:56.205Z</time>
      </trkpt>
      <trkpt lat="42.972243" lon="-4.009677">
        <ele>860.005036</ele>
        <time>2026-09-19T02:49:58.148Z</time>
      </trkpt>
      <trkpt lat="42.972634" lon="-4.009441">
        <ele>859.430283</ele>
        <time>2026-09-19T02:50:02.495Z</time>
      </trkpt>
      <trkpt lat="42.973408" lon="-4.008953">
        <ele>858.589865</ele>
        <time>2026-09-19T02:50:11.755Z</time>
      </trkpt>
      <trkpt lat="42.973521" lon="-4.008848">
        <ele>858.770174</ele>
        <time>2026-09-19T02:50:14.096Z</time>
      </trkpt>
      <trkpt lat="42.973650" lon="-4.008571">
        <ele>859.087192</ele>
        <time>2026-09-19T02:50:19.676Z</time>
      </trkpt>
      <trkpt lat="42.973681" lon="-4.008405">
        <ele>859.252600</ele>
        <time>2026-09-19T02:50:23.053Z</time>
      </trkpt>
      <trkpt lat="42.973687" lon="-4.008204">
        <ele>859.446824</ele>
        <time>2026-09-19T02:50:26.994Z</time>
      </trkpt>
      <trkpt lat="42.973625" lon="-4.007968">
        <ele>859.688921</ele>
        <time>2026-09-19T02:50:31.931Z</time>
      </trkpt>
      <trkpt lat="42.973249" lon="-4.007394">
        <ele>860.432763</ele>
        <time>2026-09-19T02:50:45.881Z</time>
      </trkpt>
      <trkpt lat="42.973185" lon="-4.007237">
        <ele>860.606283</ele>
        <time>2026-09-19T02:50:48.673Z</time>
      </trkpt>
      <trkpt lat="42.973151" lon="-4.007008">
        <ele>860.794466</ele>
        <time>2026-09-19T02:50:51.943Z</time>
      </trkpt>
      <trkpt lat="42.973200" lon="-4.006677">
        <ele>860.511308</ele>
        <time>2026-09-19T02:50:56.165Z</time>
      </trkpt>
      <trkpt lat="42.973505" lon="-4.006162">
        <ele>859.955767</ele>
        <time>2026-09-19T02:51:02.268Z</time>
      </trkpt>
      <trkpt lat="42.974044" lon="-4.005342">
        <ele>859.031519</ele>
        <time>2026-09-19T02:51:10.811Z</time>
      </trkpt>
      <trkpt lat="42.974148" lon="-4.005192">
        <ele>858.858251</ele>
        <time>2026-09-19T02:51:12.496Z</time>
      </trkpt>
      <trkpt lat="42.974238" lon="-4.005034">
        <ele>858.719348</ele>
        <time>2026-09-19T02:51:14.191Z</time>
      </trkpt>
      <trkpt lat="42.974308" lon="-4.004849">
        <ele>858.628646</ele>
        <time>2026-09-19T02:51:15.943Z</time>
      </trkpt>
      <trkpt lat="42.974378" lon="-4.004575">
        <ele>858.502256</ele>
        <time>2026-09-19T02:51:18.374Z</time>
      </trkpt>
      <trkpt lat="42.974396" lon="-4.004174">
        <ele>858.327295</ele>
        <time>2026-09-19T02:51:21.868Z</time>
      </trkpt>
      <trkpt lat="42.974360" lon="-4.003694">
        <ele>858.117164</ele>
        <time>2026-09-19T02:51:26.431Z</time>
      </trkpt>
      <trkpt lat="42.974364" lon="-4.003380">
        <ele>857.980398</ele>
        <time>2026-09-19T02:51:29.389Z</time>
      </trkpt>
      <trkpt lat="42.974372" lon="-4.003209">
        <ele>857.905777</ele>
        <time>2026-09-19T02:51:31.123Z</time>
      </trkpt>
      <trkpt lat="42.974415" lon="-4.002977">
        <ele>857.801552</ele>
        <time>2026-09-19T02:51:33.737Z</time>
      </trkpt>
      <trkpt lat="42.974531" lon="-4.002601">
        <ele>857.912765</ele>
        <time>2026-09-19T02:51:38.923Z</time>
      </trkpt>
      <trkpt lat="42.974717" lon="-4.002083">
        <ele>858.952043</ele>
        <time>2026-09-19T02:51:47.798Z</time>
      </trkpt>
      <trkpt lat="42.975208" lon="-4.000737">
        <ele>861.660939</ele>
        <time>2026-09-19T02:52:19.083Z</time>
      </trkpt>
      <trkpt lat="42.975233" lon="-4.000669">
        <ele>861.798007</ele>
        <time>2026-09-19T02:52:20.585Z</time>
      </trkpt>
      <trkpt lat="42.975358" lon="-4.000327">
        <ele>862.206905</ele>
        <time>2026-09-19T02:52:27.797Z</time>
      </trkpt>
      <trkpt lat="42.975587" lon="-3.999702">
        <ele>862.536264</ele>
        <time>2026-09-19T02:52:39.965Z</time>
      </trkpt>
      <trkpt lat="42.975789" lon="-3.999176">
        <ele>862.816176</ele>
        <time>2026-09-19T02:52:48.273Z</time>
      </trkpt>
      <trkpt lat="42.975897" lon="-3.998949">
        <ele>862.943762</ele>
        <time>2026-09-19T02:52:50.889Z</time>
      </trkpt>
      <trkpt lat="42.976063" lon="-3.998707">
        <ele>863.100067</ele>
        <time>2026-09-19T02:52:53.718Z</time>
      </trkpt>
      <trkpt lat="42.976530" lon="-3.998219">
        <ele>862.517393</ele>
        <time>2026-09-19T02:53:00.222Z</time>
      </trkpt>
      <trkpt lat="42.976740" lon="-3.997943">
        <ele>861.856193</ele>
        <time>2026-09-19T02:53:03.406Z</time>
      </trkpt>
      <trkpt lat="42.976814" lon="-3.997765">
        <ele>861.516246</ele>
        <time>2026-09-19T02:53:05.007Z</time>
      </trkpt>
      <trkpt lat="42.976882" lon="-3.997531">
        <ele>861.098168</ele>
        <time>2026-09-19T02:53:06.925Z</time>
      </trkpt>
      <trkpt lat="42.976984" lon="-3.996667">
        <ele>859.644965</ele>
        <time>2026-09-19T02:53:13.542Z</time>
      </trkpt>
      <trkpt lat="42.977093" lon="-3.996329">
        <ele>859.023449</ele>
        <time>2026-09-19T02:53:16.474Z</time>
      </trkpt>
      <trkpt lat="42.977257" lon="-3.996081">
        <ele>858.438594</ele>
        <time>2026-09-19T02:53:19.160Z</time>
      </trkpt>
      <trkpt lat="42.977334" lon="-3.995979">
        <ele>858.182179</ele>
        <time>2026-09-19T02:53:20.345Z</time>
      </trkpt>
      <trkpt lat="42.977528" lon="-3.995805">
        <ele>857.627305</ele>
        <time>2026-09-19T02:53:22.923Z</time>
      </trkpt>
      <trkpt lat="42.977937" lon="-3.995548">
        <ele>856.550863</ele>
        <time>2026-09-19T02:53:27.873Z</time>
      </trkpt>
      <trkpt lat="42.978998" lon="-3.994918">
        <ele>853.098748</ele>
        <time>2026-09-19T02:53:39.878Z</time>
      </trkpt>
      <trkpt lat="42.979383" lon="-3.994671">
        <ele>851.446623</ele>
        <time>2026-09-19T02:53:44.023Z</time>
      </trkpt>
      <trkpt lat="42.979663" lon="-3.994441">
        <ele>850.177632</ele>
        <time>2026-09-19T02:53:47.164Z</time>
      </trkpt>
      <trkpt lat="42.980004" lon="-3.994113">
        <ele>848.557868</ele>
        <time>2026-09-19T02:53:51.118Z</time>
      </trkpt>
      <trkpt lat="42.981027" lon="-3.992967">
        <ele>844.023490</ele>
        <time>2026-09-19T02:54:04.012Z</time>
      </trkpt>
      <trkpt lat="42.981127" lon="-3.992857">
        <ele>843.592111</ele>
        <time>2026-09-19T02:54:05.343Z</time>
      </trkpt>
      <trkpt lat="42.982113" lon="-3.991718">
        <ele>841.100296</ele>
        <time>2026-09-19T02:54:19.601Z</time>
      </trkpt>
      <trkpt lat="42.982368" lon="-3.991494">
        <ele>840.805821</ele>
        <time>2026-09-19T02:54:23.716Z</time>
      </trkpt>
      <trkpt lat="42.982506" lon="-3.991395">
        <ele>840.654412</ele>
        <time>2026-09-19T02:54:25.997Z</time>
      </trkpt>
      <trkpt lat="42.982900" lon="-3.991229">
        <ele>840.253873</ele>
        <time>2026-09-19T02:54:32.486Z</time>
      </trkpt>
      <trkpt lat="42.983113" lon="-3.991191">
        <ele>839.994908</ele>
        <time>2026-09-19T02:54:35.631Z</time>
      </trkpt>
      <trkpt lat="42.983351" lon="-3.991194">
        <ele>839.565336</ele>
        <time>2026-09-19T02:54:38.954Z</time>
      </trkpt>
      <trkpt lat="42.983947" lon="-3.991322">
        <ele>838.476452</ele>
        <time>2026-09-19T02:54:46.162Z</time>
      </trkpt>
      <trkpt lat="42.984664" lon="-3.991280">
        <ele>837.181188</ele>
        <time>2026-09-19T02:54:53.606Z</time>
      </trkpt>
      <trkpt lat="42.984704" lon="-3.991276">
        <ele>837.108802</ele>
        <time>2026-09-19T02:54:54.003Z</time>
      </trkpt>
      <trkpt lat="42.984981" lon="-3.991240">
        <ele>836.643273</ele>
        <time>2026-09-19T02:54:56.762Z</time>
      </trkpt>
      <trkpt lat="42.985212" lon="-3.991108">
        <ele>836.257428</ele>
        <time>2026-09-19T02:54:59.231Z</time>
      </trkpt>
      <trkpt lat="42.986263" lon="-3.990144">
        <ele>834.306926</ele>
        <time>2026-09-19T02:55:13.785Z</time>
      </trkpt>
      <trkpt lat="42.986551" lon="-3.989922">
        <ele>834.524876</ele>
        <time>2026-09-19T02:55:19.782Z</time>
      </trkpt>
      <trkpt lat="42.986762" lon="-3.989848">
        <ele>835.036413</ele>
        <time>2026-09-19T02:55:24.237Z</time>
      </trkpt>
      <trkpt lat="42.986970" lon="-3.989837">
        <ele>835.525224</ele>
        <time>2026-09-19T02:55:28.847Z</time>
      </trkpt>
      <trkpt lat="42.987479" lon="-3.989916">
        <ele>836.728185</ele>
        <time>2026-09-19T02:55:41.799Z</time>
      </trkpt>
      <trkpt lat="42.987742" lon="-3.989901">
        <ele>837.346325</ele>
        <time>2026-09-19T02:55:49.054Z</time>
      </trkpt>
      <trkpt lat="42.988099" lon="-3.989764">
        <ele>838.217071</ele>
        <time>2026-09-19T02:55:59.787Z</time>
      </trkpt>
      <trkpt lat="42.988290" lon="-3.989639">
        <ele>838.958392</ele>
        <time>2026-09-19T02:56:06.528Z</time>
      </trkpt>
      <trkpt lat="42.988460" lon="-3.989453">
        <ele>839.777870</ele>
        <time>2026-09-19T02:56:13.606Z</time>
      </trkpt>
      <trkpt lat="42.988602" lon="-3.989198">
        <ele>840.660154</ele>
        <time>2026-09-19T02:56:21.450Z</time>
      </trkpt>
      <trkpt lat="42.988709" lon="-3.988866">
        <ele>841.658922</ele>
        <time>2026-09-19T02:56:30.252Z</time>
      </trkpt>
      <trkpt lat="42.988760" lon="-3.988417">
        <ele>842.909821</ele>
        <time>2026-09-19T02:56:41.052Z</time>
      </trkpt>
      <trkpt lat="42.988699" lon="-3.987741">
        <ele>844.784937</ele>
        <time>2026-09-19T02:56:55.073Z</time>
      </trkpt>
      <trkpt lat="42.988572" lon="-3.987255">
        <ele>845.509835</ele>
        <time>2026-09-19T02:57:04.200Z</time>
      </trkpt>
      <trkpt lat="42.988524" lon="-3.987144">
        <ele>845.645649</ele>
        <time>2026-09-19T02:57:06.299Z</time>
      </trkpt>
      <trkpt lat="42.988394" lon="-3.986839">
        <ele>846.017452</ele>
        <time>2026-09-19T02:57:11.604Z</time>
      </trkpt>
      <trkpt lat="42.988282" lon="-3.986575">
        <ele>846.338896</ele>
        <time>2026-09-19T02:57:15.981Z</time>
      </trkpt>
      <trkpt lat="42.988120" lon="-3.986177">
        <ele>846.818627</ele>
        <time>2026-09-19T02:57:22.119Z</time>
      </trkpt>
      <trkpt lat="42.987893" lon="-3.985609">
        <ele>847.500353</ele>
        <time>2026-09-19T02:57:30.373Z</time>
      </trkpt>
      <trkpt lat="42.987779" lon="-3.985305">
        <ele>847.669592</ele>
        <time>2026-09-19T02:57:35.072Z</time>
      </trkpt>
      <trkpt lat="42.987588" lon="-3.985002">
        <ele>847.672038</ele>
        <time>2026-09-19T02:57:40.753Z</time>
      </trkpt>
      <trkpt lat="42.987471" lon="-3.984711">
        <ele>847.674068</ele>
        <time>2026-09-19T02:57:45.204Z</time>
      </trkpt>
      <trkpt lat="42.987440" lon="-3.984444">
        <ele>847.675721</ele>
        <time>2026-09-19T02:57:48.614Z</time>
      </trkpt>
      <trkpt lat="42.987437" lon="-3.984327">
        <ele>847.676437</ele>
        <time>2026-09-19T02:57:49.949Z</time>
      </trkpt>
      <trkpt lat="42.987502" lon="-3.984017">
        <ele>847.678409</ele>
        <time>2026-09-19T02:57:53.379Z</time>
      </trkpt>
      <trkpt lat="42.987922" lon="-3.983026">
        <ele>847.541701</ele>
        <time>2026-09-19T02:58:03.486Z</time>
      </trkpt>
      <trkpt lat="42.988011" lon="-3.982820">
        <ele>847.432401</ele>
        <time>2026-09-19T02:58:05.498Z</time>
      </trkpt>
      <trkpt lat="42.988398" lon="-3.981936">
        <ele>846.961747</ele>
        <time>2026-09-19T02:58:14.629Z</time>
      </trkpt>
      <trkpt lat="42.988569" lon="-3.981559">
        <ele>846.759092</ele>
        <time>2026-09-19T02:58:19.282Z</time>
      </trkpt>
      <trkpt lat="42.988743" lon="-3.981282">
        <ele>846.592289</ele>
        <time>2026-09-19T02:58:23.689Z</time>
      </trkpt>
      <trkpt lat="42.988856" lon="-3.981141">
        <ele>846.501589</ele>
        <time>2026-09-19T02:58:26.331Z</time>
      </trkpt>
      <trkpt lat="42.989171" lon="-3.980879">
        <ele>846.288912</ele>
        <time>2026-09-19T02:58:32.447Z</time>
      </trkpt>
      <trkpt lat="42.989396" lon="-3.980652">
        <ele>846.127619</ele>
        <time>2026-09-19T02:58:36.594Z</time>
      </trkpt>
      <trkpt lat="42.989589" lon="-3.980370">
        <ele>845.964680</ele>
        <time>2026-09-19T02:58:40.374Z</time>
      </trkpt>
      <trkpt lat="42.989678" lon="-3.980171">
        <ele>845.866269</ele>
        <time>2026-09-19T02:58:42.554Z</time>
      </trkpt>
      <trkpt lat="42.989790" lon="-3.979707">
        <ele>845.660117</ele>
        <time>2026-09-19T02:58:46.886Z</time>
      </trkpt>
      <trkpt lat="42.989818" lon="-3.979233">
        <ele>845.365185</ele>
        <time>2026-09-19T02:58:50.832Z</time>
      </trkpt>
      <trkpt lat="42.989593" lon="-3.978079">
        <ele>844.110124</ele>
        <time>2026-09-19T02:59:00.221Z</time>
      </trkpt>
      <trkpt lat="42.989596" lon="-3.977650">
        <ele>843.659273</ele>
        <time>2026-09-19T02:59:03.863Z</time>
      </trkpt>
      <trkpt lat="42.989693" lon="-3.977186">
        <ele>843.152140</ele>
        <time>2026-09-19T02:59:08.150Z</time>
      </trkpt>
      <trkpt lat="42.990822" lon="-3.973283">
        <ele>843.557507</ele>
        <time>2026-09-19T02:59:55.208Z</time>
      </trkpt>
      <trkpt lat="42.991041" lon="-3.972503">
        <ele>843.886138</ele>
        <time>2026-09-19T03:00:06.365Z</time>
      </trkpt>
      <trkpt lat="42.991096" lon="-3.971900">
        <ele>844.613579</ele>
        <time>2026-09-19T03:00:15.575Z</time>
      </trkpt>
      <trkpt lat="42.991081" lon="-3.971554">
        <ele>845.075942</ele>
        <time>2026-09-19T03:00:21.173Z</time>
      </trkpt>
      <trkpt lat="42.991010" lon="-3.971188">
        <ele>845.581052</ele>
        <time>2026-09-19T03:00:27.923Z</time>
      </trkpt>
      <trkpt lat="42.990900" lon="-3.970844">
        <ele>846.081871</ele>
        <time>2026-09-19T03:00:34.739Z</time>
      </trkpt>
      <trkpt lat="42.990564" lon="-3.970220">
        <ele>847.115492</ele>
        <time>2026-09-19T03:00:48.021Z</time>
      </trkpt>
      <trkpt lat="42.990428" lon="-3.969986">
        <ele>847.214825</ele>
        <time>2026-09-19T03:00:52.853Z</time>
      </trkpt>
      <trkpt lat="42.990211" lon="-3.969595">
        <ele>847.243503</ele>
        <time>2026-09-19T03:00:59.869Z</time>
      </trkpt>
      <trkpt lat="42.989643" lon="-3.968551">
        <ele>847.319528</ele>
        <time>2026-09-19T03:01:14.101Z</time>
      </trkpt>
      <trkpt lat="42.989529" lon="-3.968298">
        <ele>847.336891</ele>
        <time>2026-09-19T03:01:16.529Z</time>
      </trkpt>
      <trkpt lat="42.989272" lon="-3.967802">
        <ele>846.620055</ele>
        <time>2026-09-19T03:01:21.438Z</time>
      </trkpt>
      <trkpt lat="42.989166" lon="-3.967502">
        <ele>846.109208</ele>
        <time>2026-09-19T03:01:23.976Z</time>
      </trkpt>
      <trkpt lat="42.989144" lon="-3.967325">
        <ele>845.833921</ele>
        <time>2026-09-19T03:01:25.348Z</time>
      </trkpt>
      <trkpt lat="42.989176" lon="-3.966626">
        <ele>844.760036</ele>
        <time>2026-09-19T03:01:30.781Z</time>
      </trkpt>
      <trkpt lat="42.989175" lon="-3.966122">
        <ele>843.987242</ele>
        <time>2026-09-19T03:01:34.519Z</time>
      </trkpt>
      <trkpt lat="42.989093" lon="-3.964418">
        <ele>842.887909</ele>
        <time>2026-09-19T03:01:49.972Z</time>
      </trkpt>
      <trkpt lat="42.989053" lon="-3.964107">
        <ele>842.737190</ele>
        <time>2026-09-19T03:01:54.097Z</time>
      </trkpt>
      <trkpt lat="42.988958" lon="-3.963735">
        <ele>842.549123</ele>
        <time>2026-09-19T03:01:58.661Z</time>
      </trkpt>
      <trkpt lat="42.988769" lon="-3.963210">
        <ele>842.444853</ele>
        <time>2026-09-19T03:02:04.574Z</time>
      </trkpt>
      <trkpt lat="42.988651" lon="-3.962987">
        <ele>842.488943</ele>
        <time>2026-09-19T03:02:07.307Z</time>
      </trkpt>
      <trkpt lat="42.988148" lon="-3.962184">
        <ele>842.658298</ele>
        <time>2026-09-19T03:02:16.917Z</time>
      </trkpt>
      <trkpt lat="42.987641" lon="-3.961353">
        <ele>843.611619</ele>
        <time>2026-09-19T03:02:31.369Z</time>
      </trkpt>
      <trkpt lat="42.987448" lon="-3.960912">
        <ele>845.435187</ele>
        <time>2026-09-19T03:02:42.839Z</time>
      </trkpt>
      <trkpt lat="42.987201" lon="-3.960207">
        <ele>848.209016</ele>
        <time>2026-09-19T03:03:05.103Z</time>
      </trkpt>
      <trkpt lat="42.987032" lon="-3.959910">
        <ele>849.544238</ele>
        <time>2026-09-19T03:03:17.155Z</time>
      </trkpt>
      <trkpt lat="42.986739" lon="-3.959445">
        <ele>851.538018</ele>
        <time>2026-09-19T03:03:36.225Z</time>
      </trkpt>
      <trkpt lat="42.986677" lon="-3.959278">
        <ele>851.597515</ele>
        <time>2026-09-19T03:03:41.300Z</time>
      </trkpt>
      <trkpt lat="42.986612" lon="-3.958955">
        <ele>851.703943</ele>
        <time>2026-09-19T03:03:49.277Z</time>
      </trkpt>
      <trkpt lat="42.986519" lon="-3.958502">
        <ele>851.853419</ele>
        <time>2026-09-19T03:03:57.959Z</time>
      </trkpt>
      <trkpt lat="42.986461" lon="-3.958373">
        <ele>851.901524</ele>
        <time>2026-09-19T03:04:00.155Z</time>
      </trkpt>
      <trkpt lat="42.986223" lon="-3.957772">
        <ele>852.118642</ele>
        <time>2026-09-19T03:04:06.401Z</time>
      </trkpt>
      <trkpt lat="42.986293" lon="-3.956850">
        <ele>850.910257</ele>
        <time>2026-09-19T03:04:12.821Z</time>
      </trkpt>
      <trkpt lat="42.986202" lon="-3.956564">
        <ele>849.680516</ele>
        <time>2026-09-19T03:04:14.889Z</time>
      </trkpt>
      <trkpt lat="42.986103" lon="-3.956386">
        <ele>848.798848</ele>
        <time>2026-09-19T03:04:16.373Z</time>
      </trkpt>
      <trkpt lat="42.985848" lon="-3.955915">
        <ele>846.488405</ele>
        <time>2026-09-19T03:04:20.273Z</time>
      </trkpt>
      <trkpt lat="42.985523" lon="-3.955178">
        <ele>843.095253</ele>
        <time>2026-09-19T03:04:26.073Z</time>
      </trkpt>
      <trkpt lat="42.985333" lon="-3.954496">
        <ele>841.792895</ele>
        <time>2026-09-19T03:04:31.228Z</time>
      </trkpt>
      <trkpt lat="42.985326" lon="-3.954360">
        <ele>841.609845</ele>
        <time>2026-09-19T03:04:32.264Z</time>
      </trkpt>
      <trkpt lat="42.985318" lon="-3.953308">
        <ele>840.197314</ele>
        <time>2026-09-19T03:04:41.375Z</time>
      </trkpt>
      <trkpt lat="42.985305" lon="-3.953139">
        <ele>839.969157</ele>
        <time>2026-09-19T03:04:43.111Z</time>
      </trkpt>
      <trkpt lat="42.985263" lon="-3.953012">
        <ele>839.782027</ele>
        <time>2026-09-19T03:04:44.497Z</time>
      </trkpt>
      <trkpt lat="42.985102" lon="-3.952755">
        <ele>839.327732</ele>
        <time>2026-09-19T03:04:48.055Z</time>
      </trkpt>
      <trkpt lat="42.984887" lon="-3.952548">
        <ele>839.266320</ele>
        <time>2026-09-19T03:04:52.711Z</time>
      </trkpt>
      <trkpt lat="42.984529" lon="-3.952281">
        <ele>839.203379</ele>
        <time>2026-09-19T03:05:01.725Z</time>
      </trkpt>
      <trkpt lat="42.984390" lon="-3.952147">
        <ele>839.177128</ele>
        <time>2026-09-19T03:05:05.244Z</time>
      </trkpt>
      <trkpt lat="42.984109" lon="-3.951746">
        <ele>839.114434</ele>
        <time>2026-09-19T03:05:10.443Z</time>
      </trkpt>
      <trkpt lat="42.983885" lon="-3.951347">
        <ele>839.057649</ele>
        <time>2026-09-19T03:05:14.701Z</time>
      </trkpt>
      <trkpt lat="42.983757" lon="-3.951199">
        <ele>839.031774</ele>
        <time>2026-09-19T03:05:16.663Z</time>
      </trkpt>
      <trkpt lat="42.983397" lon="-3.950839">
        <ele>838.761660</ele>
        <time>2026-09-19T03:05:21.883Z</time>
      </trkpt>
      <trkpt lat="42.982995" lon="-3.950311">
        <ele>838.406978</ele>
        <time>2026-09-19T03:05:28.341Z</time>
      </trkpt>
      <trkpt lat="42.982926" lon="-3.950158">
        <ele>838.323326</ele>
        <time>2026-09-19T03:05:29.820Z</time>
      </trkpt>
      <trkpt lat="42.982833" lon="-3.949824">
        <ele>838.156996</ele>
        <time>2026-09-19T03:05:32.978Z</time>
      </trkpt>
      <trkpt lat="42.982715" lon="-3.949320">
        <ele>837.910703</ele>
        <time>2026-09-19T03:05:40.060Z</time>
      </trkpt>
      <trkpt lat="42.982486" lon="-3.947781">
        <ele>839.773377</ele>
        <time>2026-09-19T03:06:05.168Z</time>
      </trkpt>
      <trkpt lat="42.982310" lon="-3.946598">
        <ele>841.325215</ele>
        <time>2026-09-19T03:06:25.665Z</time>
      </trkpt>
      <trkpt lat="42.981337" lon="-3.941619">
        <ele>848.278466</ele>
        <time>2026-09-19T03:07:49.983Z</time>
      </trkpt>
      <trkpt lat="42.980956" lon="-3.939706">
        <ele>850.217206</ele>
        <time>2026-09-19T03:08:20.355Z</time>
      </trkpt>
      <trkpt lat="42.980201" lon="-3.935341">
        <ele>848.642805</ele>
        <time>2026-09-19T03:09:03.340Z</time>
      </trkpt>
      <trkpt lat="42.980072" lon="-3.933920">
        <ele>847.710426</ele>
        <time>2026-09-19T03:09:16.089Z</time>
      </trkpt>
      <trkpt lat="42.979976" lon="-3.932774">
        <ele>846.889183</ele>
        <time>2026-09-19T03:09:26.301Z</time>
      </trkpt>
      <trkpt lat="42.979707" lon="-3.930984">
        <ele>845.930400</ele>
        <time>2026-09-19T03:09:43.142Z</time>
      </trkpt>
      <trkpt lat="42.979568" lon="-3.930051">
        <ele>845.478266</ele>
        <time>2026-09-19T03:09:52.223Z</time>
      </trkpt>
      <trkpt lat="42.979523" lon="-3.929569">
        <ele>845.434812</ele>
        <time>2026-09-19T03:09:57.130Z</time>
      </trkpt>
      <trkpt lat="42.979489" lon="-3.929102">
        <ele>845.392843</ele>
        <time>2026-09-19T03:10:02.092Z</time>
      </trkpt>
      <trkpt lat="42.979449" lon="-3.928536">
        <ele>845.341991</ele>
        <time>2026-09-19T03:10:08.168Z</time>
      </trkpt>
      <trkpt lat="42.979434" lon="-3.928245">
        <ele>845.315903</ele>
        <time>2026-09-19T03:10:11.212Z</time>
      </trkpt>
      <trkpt lat="42.979363" lon="-3.927357">
        <ele>845.216513</ele>
        <time>2026-09-19T03:10:21.265Z</time>
      </trkpt>
      <trkpt lat="42.979229" lon="-3.926640">
        <ele>845.099968</ele>
        <time>2026-09-19T03:10:29.643Z</time>
      </trkpt>
      <trkpt lat="42.979195" lon="-3.926507">
        <ele>845.077781</ele>
        <time>2026-09-19T03:10:31.199Z</time>
      </trkpt>
      <trkpt lat="42.979023" lon="-3.925905">
        <ele>844.976000</ele>
        <time>2026-09-19T03:10:37.756Z</time>
      </trkpt>
      <trkpt lat="42.978929" lon="-3.925593">
        <ele>844.922860</ele>
        <time>2026-09-19T03:10:40.969Z</time>
      </trkpt>
      <trkpt lat="42.978364" lon="-3.923667">
        <ele>844.542073</ele>
        <time>2026-09-19T03:11:00.194Z</time>
      </trkpt>
      <trkpt lat="42.977506" lon="-3.921449">
        <ele>846.157432</ele>
        <time>2026-09-19T03:11:33.822Z</time>
      </trkpt>
      <trkpt lat="42.977425" lon="-3.921220">
        <ele>846.401579</ele>
        <time>2026-09-19T03:11:38.108Z</time>
      </trkpt>
      <trkpt lat="42.977383" lon="-3.920990">
        <ele>846.629118</ele>
        <time>2026-09-19T03:11:42.204Z</time>
      </trkpt>
      <trkpt lat="42.976424" lon="-3.910709">
        <ele>867.352431</ele>
        <time>2026-09-19T03:14:59.424Z</time>
      </trkpt>
      <trkpt lat="42.976389" lon="-3.903363">
        <ele>881.059436</ele>
        <time>2026-09-19T03:17:10.440Z</time>
      </trkpt>
      <trkpt lat="42.976384" lon="-3.902271">
        <ele>884.295719</ele>
        <time>2026-09-19T03:17:39.359Z</time>
      </trkpt>
      <trkpt lat="42.976380" lon="-3.901373">
        <ele>886.957055</ele>
        <time>2026-09-19T03:18:00.801Z</time>
      </trkpt>
      <trkpt lat="42.976368" lon="-3.900956">
        <ele>887.743081</ele>
        <time>2026-09-19T03:18:08.875Z</time>
      </trkpt>
      <trkpt lat="42.976292" lon="-3.900289">
        <ele>888.735255</ele>
        <time>2026-09-19T03:18:19.855Z</time>
      </trkpt>
      <trkpt lat="42.976177" lon="-3.899444">
        <ele>889.998543</ele>
        <time>2026-09-19T03:18:33.247Z</time>
      </trkpt>
      <trkpt lat="42.976037" lon="-3.898344">
        <ele>890.455285</ele>
        <time>2026-09-19T03:18:50.514Z</time>
      </trkpt>
      <trkpt lat="42.976064" lon="-3.897910">
        <ele>890.052128</ele>
        <time>2026-09-19T03:18:55.835Z</time>
      </trkpt>
      <trkpt lat="42.976171" lon="-3.897548">
        <ele>889.690752</ele>
        <time>2026-09-19T03:18:59.551Z</time>
      </trkpt>
      <trkpt lat="42.976251" lon="-3.897376">
        <ele>889.502103</ele>
        <time>2026-09-19T03:19:01.265Z</time>
      </trkpt>
      <trkpt lat="42.976489" lon="-3.897059">
        <ele>889.081689</ele>
        <time>2026-09-19T03:19:04.767Z</time>
      </trkpt>
      <trkpt lat="42.976785" lon="-3.896760">
        <ele>888.554200</ele>
        <time>2026-09-19T03:19:08.368Z</time>
      </trkpt>
      <trkpt lat="42.977674" lon="-3.895888">
        <ele>883.169016</ele>
        <time>2026-09-19T03:19:18.552Z</time>
      </trkpt>
      <trkpt lat="42.977876" lon="-3.895604">
        <ele>881.742847</ele>
        <time>2026-09-19T03:19:21.257Z</time>
      </trkpt>
      <trkpt lat="42.978030" lon="-3.895283">
        <ele>880.360718</ele>
        <time>2026-09-19T03:19:23.908Z</time>
      </trkpt>
      <trkpt lat="42.978078" lon="-3.895064">
        <ele>879.628981</ele>
        <time>2026-09-19T03:19:25.499Z</time>
      </trkpt>
      <trkpt lat="42.978062" lon="-3.894608">
        <ele>878.591231</ele>
        <time>2026-09-19T03:19:28.725Z</time>
      </trkpt>
      <trkpt lat="42.978004" lon="-3.894315">
        <ele>877.901247</ele>
        <time>2026-09-19T03:19:30.914Z</time>
      </trkpt>
      <trkpt lat="42.977900" lon="-3.894046">
        <ele>877.209639</ele>
        <time>2026-09-19T03:19:33.176Z</time>
      </trkpt>
      <trkpt lat="42.977131" lon="-3.892892">
        <ele>873.500461</ele>
        <time>2026-09-19T03:19:45.663Z</time>
      </trkpt>
      <trkpt lat="42.977037" lon="-3.892722">
        <ele>872.870572</ele>
        <time>2026-09-19T03:19:47.286Z</time>
      </trkpt>
      <trkpt lat="42.976922" lon="-3.892408">
        <ele>871.832595</ele>
        <time>2026-09-19T03:19:49.894Z</time>
      </trkpt>
      <trkpt lat="42.976447" lon="-3.890692">
        <ele>866.401388</ele>
        <time>2026-09-19T03:20:02.619Z</time>
      </trkpt>
      <trkpt lat="42.976138" lon="-3.889575">
        <ele>862.818418</ele>
        <time>2026-09-19T03:20:10.918Z</time>
      </trkpt>
      <trkpt lat="42.976093" lon="-3.889408">
        <ele>862.284453</ele>
        <time>2026-09-19T03:20:12.205Z</time>
      </trkpt>
      <trkpt lat="42.975850" lon="-3.888460">
        <ele>859.300363</ele>
        <time>2026-09-19T03:20:19.620Z</time>
      </trkpt>
      <trkpt lat="42.975779" lon="-3.888072">
        <ele>858.226464</ele>
        <time>2026-09-19T03:20:22.625Z</time>
      </trkpt>
      <trkpt lat="42.975731" lon="-3.887392">
        <ele>856.392135</ele>
        <time>2026-09-19T03:20:27.674Z</time>
      </trkpt>
      <trkpt lat="42.975747" lon="-3.887030">
        <ele>855.418365</ele>
        <time>2026-09-19T03:20:30.300Z</time>
      </trkpt>
      <trkpt lat="42.975789" lon="-3.886144">
        <ele>853.034400</ele>
        <time>2026-09-19T03:20:36.611Z</time>
      </trkpt>
      <trkpt lat="42.976283" lon="-3.886152">
        <ele>851.047923</ele>
        <time>2026-09-19T03:20:41.366Z</time>
      </trkpt>
      <trkpt lat="42.977519" lon="-3.886198">
        <ele>846.055845</ele>
        <time>2026-09-19T03:20:53.430Z</time>
      </trkpt>
      <trkpt lat="42.977918" lon="-3.886176">
        <ele>844.775095</ele>
        <time>2026-09-19T03:20:57.386Z</time>
      </trkpt>
      <trkpt lat="42.978259" lon="-3.886068">
        <ele>843.737341</ele>
        <time>2026-09-19T03:21:00.888Z</time>
      </trkpt>
      <trkpt lat="42.978527" lon="-3.885868">
        <ele>842.832086</ele>
        <time>2026-09-19T03:21:04.002Z</time>
      </trkpt>
      <trkpt lat="42.978723" lon="-3.885641">
        <ele>842.070455</ele>
        <time>2026-09-19T03:21:06.664Z</time>
      </trkpt>
      <trkpt lat="42.978939" lon="-3.885519">
        <ele>841.377556</ele>
        <time>2026-09-19T03:21:09.104Z</time>
      </trkpt>
      <trkpt lat="42.979591" lon="-3.885438">
        <ele>840.111926</ele>
        <time>2026-09-19T03:21:16.172Z</time>
      </trkpt>
      <trkpt lat="42.979682" lon="-3.885404">
        <ele>840.037057</ele>
        <time>2026-09-19T03:21:17.251Z</time>
      </trkpt>
      <trkpt lat="42.979798" lon="-3.885281">
        <ele>839.920543</ele>
        <time>2026-09-19T03:21:18.988Z</time>
      </trkpt>
      <trkpt lat="42.979849" lon="-3.885118">
        <ele>839.817611</ele>
        <time>2026-09-19T03:21:20.583Z</time>
      </trkpt>
      <trkpt lat="42.979857" lon="-3.884960">
        <ele>839.725655</ele>
        <time>2026-09-19T03:21:22.064Z</time>
      </trkpt>
      <trkpt lat="42.979789" lon="-3.884531">
        <ele>839.470792</ele>
        <time>2026-09-19T03:21:26.385Z</time>
      </trkpt>
      <trkpt lat="42.979668" lon="-3.884073">
        <ele>839.188062</ele>
        <time>2026-09-19T03:21:31.515Z</time>
      </trkpt>
      <trkpt lat="42.979649" lon="-3.883716">
        <ele>838.980235</ele>
        <time>2026-09-19T03:21:35.557Z</time>
      </trkpt>
      <trkpt lat="42.979760" lon="-3.882011">
        <ele>839.424801</ele>
        <time>2026-09-19T03:21:56.441Z</time>
      </trkpt>
      <trkpt lat="42.980038" lon="-3.879948">
        <ele>839.952327</ele>
        <time>2026-09-19T03:22:22.000Z</time>
      </trkpt>
      <trkpt lat="42.980156" lon="-3.879331">
        <ele>840.091063</ele>
        <time>2026-09-19T03:22:29.024Z</time>
      </trkpt>
      <trkpt lat="42.980240" lon="-3.879135">
        <ele>840.140479</ele>
        <time>2026-09-19T03:22:31.476Z</time>
      </trkpt>
      <trkpt lat="42.980363" lon="-3.878937">
        <ele>840.196987</ele>
        <time>2026-09-19T03:22:34.246Z</time>
      </trkpt>
      <trkpt lat="42.983910" lon="-3.874026">
        <ele>841.669566</ele>
        <time>2026-09-19T03:23:55.789Z</time>
      </trkpt>
      <trkpt lat="42.990370" lon="-3.865074">
        <ele>841.832938</ele>
        <time>2026-09-19T03:26:11.232Z</time>
      </trkpt>
      <trkpt lat="42.992927" lon="-3.861510">
        <ele>844.370143</ele>
        <time>2026-09-19T03:27:16.799Z</time>
      </trkpt>
      <trkpt lat="42.993357" lon="-3.860954">
        <ele>844.986953</ele>
        <time>2026-09-19T03:27:26.812Z</time>
      </trkpt>
      <trkpt lat="42.993893" lon="-3.860583">
        <ele>845.666033</ele>
        <time>2026-09-19T03:27:38.786Z</time>
      </trkpt>
      <trkpt lat="42.994131" lon="-3.860250">
        <ele>846.050959</ele>
        <time>2026-09-19T03:27:46.019Z</time>
      </trkpt>
      <trkpt lat="42.994538" lon="-3.859294">
        <ele>846.627933</ele>
        <time>2026-09-19T03:28:02.203Z</time>
      </trkpt>
      <trkpt lat="42.995616" lon="-3.859223">
        <ele>846.952381</ele>
        <time>2026-09-19T03:28:19.958Z</time>
      </trkpt>
      <trkpt lat="42.996209" lon="-3.859196">
        <ele>846.772244</ele>
        <time>2026-09-19T03:28:27.186Z</time>
      </trkpt>
      <trkpt lat="42.998563" lon="-3.859067">
        <ele>844.863482</ele>
        <time>2026-09-19T03:28:55.777Z</time>
      </trkpt>
      <trkpt lat="42.999779" lon="-3.858994">
        <ele>844.447322</ele>
        <time>2026-09-19T03:29:13.213Z</time>
      </trkpt>
      <trkpt lat="43.003718" lon="-3.858781">
        <ele>845.911372</ele>
        <time>2026-09-19T03:30:17.653Z</time>
      </trkpt>
      <trkpt lat="43.005351" lon="-3.858690">
        <ele>846.599815</ele>
        <time>2026-09-19T03:30:46.338Z</time>
      </trkpt>
      <trkpt lat="43.005523" lon="-3.858665">
        <ele>846.609895</ele>
        <time>2026-09-19T03:30:49.060Z</time>
      </trkpt>
      <trkpt lat="43.005787" lon="-3.858571">
        <ele>846.625792</ele>
        <time>2026-09-19T03:30:53.190Z</time>
      </trkpt>
      <trkpt lat="43.007379" lon="-3.857680">
        <ele>845.868122</ele>
        <time>2026-09-19T03:31:16.771Z</time>
      </trkpt>
      <trkpt lat="43.007759" lon="-3.857369">
        <ele>845.421573</ele>
        <time>2026-09-19T03:31:22.203Z</time>
      </trkpt>
      <trkpt lat="43.008194" lon="-3.856947">
        <ele>844.883785</ele>
        <time>2026-09-19T03:31:28.375Z</time>
      </trkpt>
      <trkpt lat="43.008807" lon="-3.856318">
        <ele>843.228707</ele>
        <time>2026-09-19T03:31:36.368Z</time>
      </trkpt>
      <trkpt lat="43.008846" lon="-3.856277">
        <ele>843.121100</ele>
        <time>2026-09-19T03:31:36.879Z</time>
      </trkpt>
      <trkpt lat="43.009555" lon="-3.855529">
        <ele>841.162283</ele>
        <time>2026-09-19T03:31:46.306Z</time>
      </trkpt>
      <trkpt lat="43.011099" lon="-3.853954">
        <ele>839.580041</ele>
        <time>2026-09-19T03:32:10.615Z</time>
      </trkpt>
      <trkpt lat="43.011662" lon="-3.853585">
        <ele>840.060665</ele>
        <time>2026-09-19T03:32:22.033Z</time>
      </trkpt>
      <trkpt lat="43.012438" lon="-3.853341">
        <ele>840.673649</ele>
        <time>2026-09-19T03:32:37.630Z</time>
      </trkpt>
      <trkpt lat="43.012810" lon="-3.853297">
        <ele>840.957989</ele>
        <time>2026-09-19T03:32:44.661Z</time>
      </trkpt>
      <trkpt lat="43.013555" lon="-3.853292">
        <ele>841.396517</ele>
        <time>2026-09-19T03:32:57.947Z</time>
      </trkpt>
      <trkpt lat="43.014160" lon="-3.853399">
        <ele>841.755599</ele>
        <time>2026-09-19T03:33:08.290Z</time>
      </trkpt>
      <trkpt lat="43.014997" lon="-3.853745">
        <ele>841.856137</ele>
        <time>2026-09-19T03:33:22.265Z</time>
      </trkpt>
      <trkpt lat="43.015151" lon="-3.853807">
        <ele>841.802214</ele>
        <time>2026-09-19T03:33:24.691Z</time>
      </trkpt>
      <trkpt lat="43.019658" lon="-3.855586">
        <ele>839.987017</ele>
        <time>2026-09-19T03:34:27.145Z</time>
      </trkpt>
      <trkpt lat="43.020333" lon="-3.855867">
        <ele>839.850641</ele>
        <time>2026-09-19T03:34:36.462Z</time>
      </trkpt>
      <trkpt lat="43.021772" lon="-3.856352">
        <ele>839.902824</ele>
        <time>2026-09-19T03:34:58.648Z</time>
      </trkpt>
      <trkpt lat="43.022046" lon="-3.856458">
        <ele>840.125489</ele>
        <time>2026-09-19T03:35:03.560Z</time>
      </trkpt>
      <trkpt lat="43.022295" lon="-3.856567">
        <ele>840.329929</ele>
        <time>2026-09-19T03:35:08.246Z</time>
      </trkpt>
      <trkpt lat="43.022537" lon="-3.856690">
        <ele>840.531808</ele>
        <time>2026-09-19T03:35:13.048Z</time>
      </trkpt>
      <trkpt lat="43.022721" lon="-3.856829">
        <ele>840.696176</ele>
        <time>2026-09-19T03:35:17.054Z</time>
      </trkpt>
      <trkpt lat="43.023075" lon="-3.857194">
        <ele>841.042831</ele>
        <time>2026-09-19T03:35:25.633Z</time>
      </trkpt>
      <trkpt lat="43.023151" lon="-3.857321">
        <ele>841.195827</ele>
        <time>2026-09-19T03:35:27.906Z</time>
      </trkpt>
      <trkpt lat="43.023317" lon="-3.857117">
        <ele>841.554535</ele>
        <time>2026-09-19T03:35:32.209Z</time>
      </trkpt>
      <trkpt lat="43.023445" lon="-3.857114">
        <ele>841.760316</ele>
        <time>2026-09-19T03:35:34.676Z</time>
      </trkpt>
      <trkpt lat="43.025487" lon="-3.857929">
        <ele>846.497132</ele>
        <time>2026-09-19T03:36:21.362Z</time>
      </trkpt>
      <trkpt lat="43.026353" lon="-3.858281">
        <ele>849.533546</ele>
        <time>2026-09-19T03:36:49.551Z</time>
      </trkpt>
      <trkpt lat="43.026415" lon="-3.858306">
        <ele>849.750794</ele>
        <time>2026-09-19T03:36:51.846Z</time>
      </trkpt>
      <trkpt lat="43.026547" lon="-3.858360">
        <ele>850.361014</ele>
        <time>2026-09-19T03:36:56.819Z</time>
      </trkpt>
      <trkpt lat="43.027800" lon="-3.858860">
        <ele>858.027938</ele>
        <time>2026-09-19T03:37:46.351Z</time>
      </trkpt>
      <trkpt lat="43.028200" lon="-3.859047">
        <ele>860.510972</ele>
        <time>2026-09-19T03:38:04.166Z</time>
      </trkpt>
      <trkpt lat="43.028295" lon="-3.859126">
        <ele>861.241418</ele>
        <time>2026-09-19T03:38:08.973Z</time>
      </trkpt>
      <trkpt lat="43.028476" lon="-3.859302">
        <ele>862.719407</ele>
        <time>2026-09-19T03:38:18.307Z</time>
      </trkpt>
      <trkpt lat="43.028601" lon="-3.859432">
        <ele>863.764482</ele>
        <time>2026-09-19T03:38:24.944Z</time>
      </trkpt>
      <trkpt lat="43.028828" lon="-3.859740">
        <ele>865.892419</ele>
        <time>2026-09-19T03:38:38.019Z</time>
      </trkpt>
      <trkpt lat="43.029106" lon="-3.860094">
        <ele>868.420221</ele>
        <time>2026-09-19T03:38:53.077Z</time>
      </trkpt>
      <trkpt lat="43.029225" lon="-3.860186">
        <ele>869.329966</ele>
        <time>2026-09-19T03:38:58.709Z</time>
      </trkpt>
      <trkpt lat="43.029469" lon="-3.860311">
        <ele>871.064067</ele>
        <time>2026-09-19T03:39:10.701Z</time>
      </trkpt>
      <trkpt lat="43.029621" lon="-3.860344">
        <ele>872.088376</ele>
        <time>2026-09-19T03:39:17.824Z</time>
      </trkpt>
      <trkpt lat="43.029861" lon="-3.860326">
        <ele>873.460182</ele>
        <time>2026-09-19T03:39:28.050Z</time>
      </trkpt>
      <trkpt lat="43.030772" lon="-3.860236">
        <ele>878.318154</ele>
        <time>2026-09-19T03:40:02.158Z</time>
      </trkpt>
      <trkpt lat="43.031319" lon="-3.860224">
        <ele>881.227868</ele>
        <time>2026-09-19T03:40:21.183Z</time>
      </trkpt>
      <trkpt lat="43.031482" lon="-3.860262">
        <ele>882.107318</ele>
        <time>2026-09-19T03:40:26.254Z</time>
      </trkpt>
      <trkpt lat="43.031753" lon="-3.860452">
        <ele>882.990357</ele>
        <time>2026-09-19T03:40:34.642Z</time>
      </trkpt>
      <trkpt lat="43.031981" lon="-3.860854">
        <ele>884.061882</ele>
        <time>2026-09-19T03:40:43.495Z</time>
      </trkpt>
      <trkpt lat="43.032594" lon="-3.862432">
        <ele>888.361350</ele>
        <time>2026-09-19T03:41:15.136Z</time>
      </trkpt>
      <trkpt lat="43.032806" lon="-3.862725">
        <ele>890.118922</ele>
        <time>2026-09-19T03:41:24.584Z</time>
      </trkpt>
      <trkpt lat="43.032958" lon="-3.862872">
        <ele>891.204566</ele>
        <time>2026-09-19T03:41:30.996Z</time>
      </trkpt>
      <trkpt lat="43.034222" lon="-3.863344">
        <ele>899.517519</ele>
        <time>2026-09-19T03:42:26.771Z</time>
      </trkpt>
      <trkpt lat="43.034574" lon="-3.863371">
        <ele>902.882795</ele>
        <time>2026-09-19T03:42:45.681Z</time>
      </trkpt>
      <trkpt lat="43.034927" lon="-3.863284">
        <ele>906.306579</ele>
        <time>2026-09-19T03:43:06.022Z</time>
      </trkpt>
      <trkpt lat="43.035057" lon="-3.863208">
        <ele>907.656035</ele>
        <time>2026-09-19T03:43:13.988Z</time>
      </trkpt>
      <trkpt lat="43.035301" lon="-3.863002">
        <ele>910.392903</ele>
        <time>2026-09-19T03:43:29.976Z</time>
      </trkpt>
      <trkpt lat="43.035528" lon="-3.862689">
        <ele>913.469296</ele>
        <time>2026-09-19T03:43:48.071Z</time>
      </trkpt>
      <trkpt lat="43.036169" lon="-3.861733">
        <ele>921.455120</ele>
        <time>2026-09-19T03:44:40.720Z</time>
      </trkpt>
      <trkpt lat="43.037028" lon="-3.860521">
        <ele>930.823836</ele>
        <time>2026-09-19T03:45:32.384Z</time>
      </trkpt>
      <trkpt lat="43.037363" lon="-3.860067">
        <ele>933.134973</ele>
        <time>2026-09-19T03:45:50.245Z</time>
      </trkpt>
      <trkpt lat="43.037580" lon="-3.859882">
        <ele>934.388164</ele>
        <time>2026-09-19T03:45:59.373Z</time>
      </trkpt>
      <trkpt lat="43.038258" lon="-3.859465">
        <ele>938.031635</ele>
        <time>2026-09-19T03:46:20.532Z</time>
      </trkpt>
      <trkpt lat="43.038426" lon="-3.859400">
        <ele>938.948484</ele>
        <time>2026-09-19T03:46:25.945Z</time>
      </trkpt>
      <trkpt lat="43.038626" lon="-3.859396">
        <ele>940.094489</ele>
        <time>2026-09-19T03:46:32.325Z</time>
      </trkpt>
      <trkpt lat="43.038825" lon="-3.859432">
        <ele>941.244566</ele>
        <time>2026-09-19T03:46:38.800Z</time>
      </trkpt>
      <trkpt lat="43.038980" lon="-3.859506">
        <ele>942.185138</ele>
        <time>2026-09-19T03:46:44.322Z</time>
      </trkpt>
      <trkpt lat="43.039766" lon="-3.860159">
        <ele>947.453648</ele>
        <time>2026-09-19T03:47:19.056Z</time>
      </trkpt>
      <trkpt lat="43.040021" lon="-3.860300">
        <ele>949.088128</ele>
        <time>2026-09-19T03:47:32.546Z</time>
      </trkpt>
      <trkpt lat="43.040179" lon="-3.860327">
        <ele>950.269781</ele>
        <time>2026-09-19T03:47:40.592Z</time>
      </trkpt>
      <trkpt lat="43.040363" lon="-3.860317">
        <ele>951.636351</ele>
        <time>2026-09-19T03:47:50.098Z</time>
      </trkpt>
      <trkpt lat="43.040484" lon="-3.860275">
        <ele>952.562757</ele>
        <time>2026-09-19T03:47:56.588Z</time>
      </trkpt>
      <trkpt lat="43.041581" lon="-3.859702">
        <ele>961.276824</ele>
        <time>2026-09-19T03:48:50.518Z</time>
      </trkpt>
      <trkpt lat="43.041746" lon="-3.859643">
        <ele>962.413996</ele>
        <time>2026-09-19T03:48:56.929Z</time>
      </trkpt>
      <trkpt lat="43.042435" lon="-3.859516">
        <ele>965.751348</ele>
        <time>2026-09-19T03:49:19.286Z</time>
      </trkpt>
      <trkpt lat="43.042633" lon="-3.859477">
        <ele>966.711624</ele>
        <time>2026-09-19T03:49:25.153Z</time>
      </trkpt>
      <trkpt lat="43.042910" lon="-3.859396">
        <ele>968.071362</ele>
        <time>2026-09-19T03:49:33.360Z</time>
      </trkpt>
      <trkpt lat="43.042949" lon="-3.859292">
        <ele>968.481456</ele>
        <time>2026-09-19T03:49:35.874Z</time>
      </trkpt>
      <trkpt lat="43.042940" lon="-3.859223">
        <ele>968.727356</ele>
        <time>2026-09-19T03:49:37.481Z</time>
      </trkpt>
      <trkpt lat="43.042836" lon="-3.859077">
        <ele>969.442624</ele>
        <time>2026-09-19T03:49:42.300Z</time>
      </trkpt>
      <trkpt lat="43.041762" lon="-3.858058">
        <ele>976.337767</ele>
        <time>2026-09-19T03:50:31.920Z</time>
      </trkpt>
      <trkpt lat="43.041508" lon="-3.857791">
        <ele>978.070171</ele>
        <time>2026-09-19T03:50:44.308Z</time>
      </trkpt>
      <trkpt lat="43.041278" lon="-3.857392">
        <ele>980.078932</ele>
        <time>2026-09-19T03:50:57.876Z</time>
      </trkpt>
      <trkpt lat="43.040805" lon="-3.856378">
        <ele>983.734909</ele>
        <time>2026-09-19T03:51:26.065Z</time>
      </trkpt>
      <trkpt lat="43.040246" lon="-3.855332">
        <ele>987.545712</ele>
        <time>2026-09-19T03:51:52.142Z</time>
      </trkpt>
      <trkpt lat="43.040076" lon="-3.854224">
        <ele>991.397457</ele>
        <time>2026-09-19T03:52:20.066Z</time>
      </trkpt>
      <trkpt lat="43.040016" lon="-3.853662">
        <ele>993.349451</ele>
        <time>2026-09-19T03:52:34.560Z</time>
      </trkpt>
      <trkpt lat="43.039951" lon="-3.852949">
        <ele>995.818899</ele>
        <time>2026-09-19T03:52:55.562Z</time>
      </trkpt>
      <trkpt lat="43.039966" lon="-3.852660">
        <ele>996.058683</ele>
        <time>2026-09-19T03:53:03.586Z</time>
      </trkpt>
      <trkpt lat="43.040054" lon="-3.852262">
        <ele>995.619746</ele>
        <time>2026-09-19T03:53:12.177Z</time>
      </trkpt>
      <trkpt lat="43.040324" lon="-3.851612">
        <ele>994.830528</ele>
        <time>2026-09-19T03:53:18.615Z</time>
      </trkpt>
      <trkpt lat="43.040494" lon="-3.851298">
        <ele>994.418035</ele>
        <time>2026-09-19T03:53:21.368Z</time>
      </trkpt>
      <trkpt lat="43.040757" lon="-3.851056">
        <ele>993.960274</ele>
        <time>2026-09-19T03:53:24.361Z</time>
      </trkpt>
      <trkpt lat="43.041005" lon="-3.850899">
        <ele>993.341588</ele>
        <time>2026-09-19T03:53:26.899Z</time>
      </trkpt>
      <trkpt lat="43.041247" lon="-3.850852">
        <ele>991.904067</ele>
        <time>2026-09-19T03:53:29.129Z</time>
      </trkpt>
      <trkpt lat="43.041574" lon="-3.850877">
        <ele>989.977909</ele>
        <time>2026-09-19T03:53:32.050Z</time>
      </trkpt>
      <trkpt lat="43.041725" lon="-3.850859">
        <ele>989.086482</ele>
        <time>2026-09-19T03:53:33.399Z</time>
      </trkpt>
      <trkpt lat="43.042252" lon="-3.850727">
        <ele>985.935576</ele>
        <time>2026-09-19T03:53:38.237Z</time>
      </trkpt>
      <trkpt lat="43.042386" lon="-3.850732">
        <ele>985.147200</ele>
        <time>2026-09-19T03:53:39.477Z</time>
      </trkpt>
      <trkpt lat="43.042965" lon="-3.850859">
        <ele>982.594642</ele>
        <time>2026-09-19T03:53:45.138Z</time>
      </trkpt>
      <trkpt lat="43.043160" lon="-3.850941">
        <ele>982.184378</ele>
        <time>2026-09-19T03:53:47.199Z</time>
      </trkpt>
      <trkpt lat="43.043384" lon="-3.851151">
        <ele>981.638299</ele>
        <time>2026-09-19T03:53:49.938Z</time>
      </trkpt>
      <trkpt lat="43.043479" lon="-3.851209">
        <ele>981.429090</ele>
        <time>2026-09-19T03:53:50.992Z</time>
      </trkpt>
      <trkpt lat="43.043596" lon="-3.851222">
        <ele>981.193019</ele>
        <time>2026-09-19T03:53:52.233Z</time>
      </trkpt>
      <trkpt lat="43.044294" lon="-3.851160">
        <ele>979.786327</ele>
        <time>2026-09-19T03:54:01.999Z</time>
      </trkpt>
      <trkpt lat="43.044640" lon="-3.851169">
        <ele>979.216807</ele>
        <time>2026-09-19T03:54:08.091Z</time>
      </trkpt>
      <trkpt lat="43.045261" lon="-3.851240">
        <ele>978.412821</ele>
        <time>2026-09-19T03:54:15.988Z</time>
      </trkpt>
      <trkpt lat="43.046106" lon="-3.851234">
        <ele>977.322613</ele>
        <time>2026-09-19T03:54:24.797Z</time>
      </trkpt>
      <trkpt lat="43.046811" lon="-3.851379">
        <ele>978.063953</ele>
        <time>2026-09-19T03:54:33.498Z</time>
      </trkpt>
      <trkpt lat="43.047631" lon="-3.851420">
        <ele>979.448711</ele>
        <time>2026-09-19T03:54:53.486Z</time>
      </trkpt>
      <trkpt lat="43.047975" lon="-3.851359">
        <ele>980.034101</ele>
        <time>2026-09-19T03:55:04.841Z</time>
      </trkpt>
      <trkpt lat="43.048313" lon="-3.851189">
        <ele>981.208976</ele>
        <time>2026-09-19T03:55:17.374Z</time>
      </trkpt>
      <trkpt lat="43.049747" lon="-3.849941">
        <ele>986.939801</ele>
        <time>2026-09-19T03:56:08.138Z</time>
      </trkpt>
      <trkpt lat="43.049778" lon="-3.849916">
        <ele>986.976015</ele>
        <time>2026-09-19T03:56:08.900Z</time>
      </trkpt>
      <trkpt lat="43.050869" lon="-3.848941">
        <ele>988.287437</ele>
        <time>2026-09-19T03:56:31.982Z</time>
      </trkpt>
      <trkpt lat="43.051096" lon="-3.848839">
        <ele>988.527898</ele>
        <time>2026-09-19T03:56:35.174Z</time>
      </trkpt>
      <trkpt lat="43.051697" lon="-3.848779">
        <ele>989.338661</ele>
        <time>2026-09-19T03:56:42.982Z</time>
      </trkpt>
      <trkpt lat="43.051977" lon="-3.848693">
        <ele>989.730425</ele>
        <time>2026-09-19T03:56:47.374Z</time>
      </trkpt>
      <trkpt lat="43.052308" lon="-3.848522">
        <ele>990.213432</ele>
        <time>2026-09-19T03:56:54.354Z</time>
      </trkpt>
      <trkpt lat="43.052569" lon="-3.848259">
        <ele>990.655922</ele>
        <time>2026-09-19T03:57:02.053Z</time>
      </trkpt>
      <trkpt lat="43.052598" lon="-3.848164">
        <ele>990.758629</ele>
        <time>2026-09-19T03:57:04.028Z</time>
      </trkpt>
      <trkpt lat="43.052601" lon="-3.848048">
        <ele>990.874422</ele>
        <time>2026-09-19T03:57:06.330Z</time>
      </trkpt>
      <trkpt lat="43.052576" lon="-3.847928">
        <ele>990.998902</ele>
        <time>2026-09-19T03:57:08.940Z</time>
      </trkpt>
      <trkpt lat="43.052399" lon="-3.847385">
        <ele>992.980808</ele>
        <time>2026-09-19T03:57:23.922Z</time>
      </trkpt>
      <trkpt lat="43.052011" lon="-3.846334">
        <ele>996.991294</ele>
        <time>2026-09-19T03:57:58.874Z</time>
      </trkpt>
      <trkpt lat="43.051931" lon="-3.846042">
        <ele>998.053422</ele>
        <time>2026-09-19T03:58:07.146Z</time>
      </trkpt>
      <trkpt lat="43.051828" lon="-3.844985">
        <ele>999.256365</ele>
        <time>2026-09-19T03:58:25.900Z</time>
      </trkpt>
      <trkpt lat="43.051868" lon="-3.844654">
        <ele>999.184471</ele>
        <time>2026-09-19T03:58:29.405Z</time>
      </trkpt>
      <trkpt lat="43.052102" lon="-3.843809">
        <ele>998.990830</ele>
        <time>2026-09-19T03:58:37.474Z</time>
      </trkpt>
      <trkpt lat="43.052171" lon="-3.843483">
        <ele>998.918100</ele>
        <time>2026-09-19T03:58:40.079Z</time>
      </trkpt>
      <trkpt lat="43.052300" lon="-3.843114">
        <ele>998.597375</ele>
        <time>2026-09-19T03:58:43.049Z</time>
      </trkpt>
      <trkpt lat="43.052450" lon="-3.842862">
        <ele>998.143437</ele>
        <time>2026-09-19T03:58:45.403Z</time>
      </trkpt>
      <trkpt lat="43.052805" lon="-3.842586">
        <ele>997.363084</ele>
        <time>2026-09-19T03:58:49.514Z</time>
      </trkpt>
      <trkpt lat="43.053022" lon="-3.842455">
        <ele>996.909776</ele>
        <time>2026-09-19T03:58:52.048Z</time>
      </trkpt>
      <trkpt lat="43.053635" lon="-3.842202">
        <ele>995.686044</ele>
        <time>2026-09-19T03:58:59.827Z</time>
      </trkpt>
      <trkpt lat="43.053958" lon="-3.841878">
        <ele>995.043047</ele>
        <time>2026-09-19T03:59:05.993Z</time>
      </trkpt>
      <trkpt lat="43.054142" lon="-3.841738">
        <ele>994.736441</ele>
        <time>2026-09-19T03:59:10.006Z</time>
      </trkpt>
      <trkpt lat="43.054752" lon="-3.841576">
        <ele>993.831477</ele>
        <time>2026-09-19T03:59:19.698Z</time>
      </trkpt>
      <trkpt lat="43.054881" lon="-3.841560">
        <ele>993.642834</ele>
        <time>2026-09-19T03:59:21.146Z</time>
      </trkpt>
      <trkpt lat="43.055221" lon="-3.841598">
        <ele>993.146016</ele>
        <time>2026-09-19T03:59:24.544Z</time>
      </trkpt>
      <trkpt lat="43.055744" lon="-3.841700">
        <ele>993.468966</ele>
        <time>2026-09-19T03:59:29.476Z</time>
      </trkpt>
      <trkpt lat="43.055976" lon="-3.841835">
        <ele>994.015698</ele>
        <time>2026-09-19T03:59:31.924Z</time>
      </trkpt>
      <trkpt lat="43.056084" lon="-3.841943">
        <ele>994.305782</ele>
        <time>2026-09-19T03:59:33.354Z</time>
      </trkpt>
      <trkpt lat="43.056478" lon="-3.842202">
        <ele>995.253711</ele>
        <time>2026-09-19T03:59:42.133Z</time>
      </trkpt>
      <trkpt lat="43.056683" lon="-3.842186">
        <ele>995.699020</ele>
        <time>2026-09-19T03:59:49.863Z</time>
      </trkpt>
      <trkpt lat="43.056737" lon="-3.842099">
        <ele>995.879909</ele>
        <time>2026-09-19T03:59:53.478Z</time>
      </trkpt>
      <trkpt lat="43.056753" lon="-3.841943">
        <ele>996.129535</ele>
        <time>2026-09-19T03:59:59.013Z</time>
      </trkpt>
      <trkpt lat="43.056737" lon="-3.841641">
        <ele>996.609349</ele>
        <time>2026-09-19T04:00:11.014Z</time>
      </trkpt>
      <trkpt lat="43.056667" lon="-3.841376">
        <ele>997.823181</ele>
        <time>2026-09-19T04:00:23.784Z</time>
      </trkpt>
      <trkpt lat="43.056667" lon="-3.840826">
        <ele>1000.663601</ele>
        <time>2026-09-19T04:00:49.167Z</time>
      </trkpt>
      <trkpt lat="43.056710" lon="-3.840562">
        <ele>1002.060465</ele>
        <time>2026-09-19T04:01:00.510Z</time>
      </trkpt>
      <trkpt lat="43.056850" lon="-3.840098">
        <ele>1004.653007</ele>
        <time>2026-09-19T04:01:17.725Z</time>
      </trkpt>
      <trkpt lat="43.057012" lon="-3.839833">
        <ele>1006.437383</ele>
        <time>2026-09-19T04:01:26.302Z</time>
      </trkpt>
      <trkpt lat="43.057378" lon="-3.839495">
        <ele>1009.454050</ele>
        <time>2026-09-19T04:01:37.225Z</time>
      </trkpt>
      <trkpt lat="43.057872" lon="-3.839302">
        <ele>1010.160203</ele>
        <time>2026-09-19T04:01:47.391Z</time>
      </trkpt>
      <trkpt lat="43.057927" lon="-3.839238">
        <ele>1010.259435</ele>
        <time>2026-09-19T04:01:48.801Z</time>
      </trkpt>
      <trkpt lat="43.058205" lon="-3.838045">
        <ele>1011.517062</ele>
        <time>2026-09-19T04:02:07.955Z</time>
      </trkpt>
      <trkpt lat="43.058449" lon="-3.837661">
        <ele>1011.706954</ele>
        <time>2026-09-19T04:02:15.407Z</time>
      </trkpt>
      <trkpt lat="43.058619" lon="-3.837530">
        <ele>1011.296365</ele>
        <time>2026-09-19T04:02:18.118Z</time>
      </trkpt>
      <trkpt lat="43.058763" lon="-3.837495">
        <ele>1010.988565</ele>
        <time>2026-09-19T04:02:19.839Z</time>
      </trkpt>
      <trkpt lat="43.059284" lon="-3.837543">
        <ele>1009.889602</ele>
        <time>2026-09-19T04:02:25.133Z</time>
      </trkpt>
      <trkpt lat="43.059669" lon="-3.837400">
        <ele>1009.050034</ele>
        <time>2026-09-19T04:02:28.993Z</time>
      </trkpt>
      <trkpt lat="43.059782" lon="-3.837401">
        <ele>1008.812213</ele>
        <time>2026-09-19T04:02:30.125Z</time>
      </trkpt>
      <trkpt lat="43.059899" lon="-3.837434">
        <ele>1008.560804</ele>
        <time>2026-09-19T04:02:31.363Z</time>
      </trkpt>
      <trkpt lat="43.060212" lon="-3.837643">
        <ele>1007.781477</ele>
        <time>2026-09-19T04:02:35.228Z</time>
      </trkpt>
      <trkpt lat="43.060546" lon="-3.837729">
        <ele>1006.951039</ele>
        <time>2026-09-19T04:02:39.286Z</time>
      </trkpt>
      <trkpt lat="43.060665" lon="-3.837734">
        <ele>1006.660128</ele>
        <time>2026-09-19T04:02:40.704Z</time>
      </trkpt>
      <trkpt lat="43.061115" lon="-3.837612">
        <ele>1005.539199</ele>
        <time>2026-09-19T04:02:45.793Z</time>
      </trkpt>
      <trkpt lat="43.061353" lon="-3.837611">
        <ele>1004.957649</ele>
        <time>2026-09-19T04:02:48.229Z</time>
      </trkpt>
      <trkpt lat="43.061537" lon="-3.837708">
        <ele>1004.475852</ele>
        <time>2026-09-19T04:02:50.230Z</time>
      </trkpt>
      <trkpt lat="43.061872" lon="-3.838034">
        <ele>1003.580223</ele>
        <time>2026-09-19T04:02:54.419Z</time>
      </trkpt>
      <trkpt lat="43.062133" lon="-3.838336">
        <ele>1003.109158</ele>
        <time>2026-09-19T04:02:57.796Z</time>
      </trkpt>
      <trkpt lat="43.062306" lon="-3.838621">
        <ele>1002.736027</ele>
        <time>2026-09-19T04:03:00.457Z</time>
      </trkpt>
      <trkpt lat="43.062386" lon="-3.838685">
        <ele>1002.608308</ele>
        <time>2026-09-19T04:03:01.387Z</time>
      </trkpt>
      <trkpt lat="43.063325" lon="-3.838964">
        <ele>1001.283923</ele>
        <time>2026-09-19T04:03:13.824Z</time>
      </trkpt>
      <trkpt lat="43.064181" lon="-3.838998">
        <ele>1002.066068</ele>
        <time>2026-09-19T04:03:38.008Z</time>
      </trkpt>
      <trkpt lat="43.064329" lon="-3.839057">
        <ele>1002.219921</ele>
        <time>2026-09-19T04:03:41.459Z</time>
      </trkpt>
      <trkpt lat="43.064453" lon="-3.839146">
        <ele>1002.359665</ele>
        <time>2026-09-19T04:03:44.412Z</time>
      </trkpt>
      <trkpt lat="43.064789" lon="-3.839441">
        <ele>1002.758077</ele>
        <time>2026-09-19T04:03:51.471Z</time>
      </trkpt>
      <trkpt lat="43.064951" lon="-3.839666">
        <ele>1002.988424</ele>
        <time>2026-09-19T04:03:54.485Z</time>
      </trkpt>
      <trkpt lat="43.065042" lon="-3.839860">
        <ele>1002.675480</ele>
        <time>2026-09-19T04:03:56.541Z</time>
      </trkpt>
      <trkpt lat="43.065680" lon="-3.842144">
        <ele>997.505307</ele>
        <time>2026-09-19T04:04:14.129Z</time>
      </trkpt>
      <trkpt lat="43.065706" lon="-3.842299">
        <ele>997.395685</ele>
        <time>2026-09-19T04:04:15.336Z</time>
      </trkpt>
      <trkpt lat="43.065703" lon="-3.842448">
        <ele>997.292940</ele>
        <time>2026-09-19T04:04:16.509Z</time>
      </trkpt>
      <trkpt lat="43.065671" lon="-3.842589">
        <ele>997.191166</ele>
        <time>2026-09-19T04:04:17.720Z</time>
      </trkpt>
      <trkpt lat="43.065573" lon="-3.842805">
        <ele>997.015902</ele>
        <time>2026-09-19T04:04:19.936Z</time>
      </trkpt>
      <trkpt lat="43.065559" lon="-3.842938">
        <ele>996.923278</ele>
        <time>2026-09-19T04:04:21.183Z</time>
      </trkpt>
      <trkpt lat="43.065564" lon="-3.843033">
        <ele>996.857624</ele>
        <time>2026-09-19T04:04:22.065Z</time>
      </trkpt>
      <trkpt lat="43.065654" lon="-3.843240">
        <ele>996.691582</ele>
        <time>2026-09-19T04:04:24.393Z</time>
      </trkpt>
      <trkpt lat="43.065881" lon="-3.843449">
        <ele>996.433461</ele>
        <time>2026-09-19T04:04:28.190Z</time>
      </trkpt>
      <trkpt lat="43.066331" lon="-3.843753">
        <ele>995.959987</ele>
        <time>2026-09-19T04:04:35.987Z</time>
      </trkpt>
      <trkpt lat="43.066933" lon="-3.844053">
        <ele>995.868815</ele>
        <time>2026-09-19T04:04:47.804Z</time>
      </trkpt>
      <trkpt lat="43.067448" lon="-3.844228">
        <ele>995.831845</ele>
        <time>2026-09-19T04:04:57.467Z</time>
      </trkpt>
      <trkpt lat="43.068222" lon="-3.844439">
        <ele>995.295930</ele>
        <time>2026-09-19T04:05:08.199Z</time>
      </trkpt>
      <trkpt lat="43.068956" lon="-3.844717">
        <ele>991.869937</ele>
        <time>2026-09-19T04:05:15.632Z</time>
      </trkpt>
      <trkpt lat="43.069045" lon="-3.844803">
        <ele>991.379862</ele>
        <time>2026-09-19T04:05:16.623Z</time>
      </trkpt>
      <trkpt lat="43.069123" lon="-3.844935">
        <ele>990.821920</ele>
        <time>2026-09-19T04:05:17.752Z</time>
      </trkpt>
      <trkpt lat="43.069312" lon="-3.845562">
        <ele>988.592877</ele>
        <time>2026-09-19T04:05:22.232Z</time>
      </trkpt>
      <trkpt lat="43.069421" lon="-3.845825">
        <ele>987.627197</ele>
        <time>2026-09-19T04:05:24.253Z</time>
      </trkpt>
      <trkpt lat="43.069517" lon="-3.845991">
        <ele>987.138913</ele>
        <time>2026-09-19T04:05:25.677Z</time>
      </trkpt>
      <trkpt lat="43.069894" lon="-3.846450">
        <ele>985.546069</ele>
        <time>2026-09-19T04:05:30.494Z</time>
      </trkpt>
      <trkpt lat="43.070196" lon="-3.846683">
        <ele>984.451646</ele>
        <time>2026-09-19T04:05:34.159Z</time>
      </trkpt>
      <trkpt lat="43.070519" lon="-3.846866">
        <ele>983.348043</ele>
        <time>2026-09-19T04:05:38.254Z</time>
      </trkpt>
      <trkpt lat="43.071389" lon="-3.847182">
        <ele>980.474665</ele>
        <time>2026-09-19T04:05:48.782Z</time>
      </trkpt>
      <trkpt lat="43.071808" lon="-3.847330">
        <ele>979.079807</ele>
        <time>2026-09-19T04:05:53.087Z</time>
      </trkpt>
      <trkpt lat="43.072269" lon="-3.847624">
        <ele>977.440457</ele>
        <time>2026-09-19T04:05:58.013Z</time>
      </trkpt>
      <trkpt lat="43.073053" lon="-3.848189">
        <ele>974.093250</ele>
        <time>2026-09-19T04:06:06.606Z</time>
      </trkpt>
      <trkpt lat="43.073845" lon="-3.848665">
        <ele>970.466104</ele>
        <time>2026-09-19T04:06:15.047Z</time>
      </trkpt>
      <trkpt lat="43.075090" lon="-3.849652">
        <ele>964.153942</ele>
        <time>2026-09-19T04:06:28.849Z</time>
      </trkpt>
      <trkpt lat="43.075948" lon="-3.850244">
        <ele>959.905187</ele>
        <time>2026-09-19T04:06:38.055Z</time>
      </trkpt>
      <trkpt lat="43.076185" lon="-3.850404">
        <ele>958.793395</ele>
        <time>2026-09-19T04:06:40.600Z</time>
      </trkpt>
      <trkpt lat="43.076321" lon="-3.850537">
        <ele>958.090201</ele>
        <time>2026-09-19T04:06:42.214Z</time>
      </trkpt>
      <trkpt lat="43.076838" lon="-3.851154">
        <ele>955.204548</ele>
        <time>2026-09-19T04:06:48.867Z</time>
      </trkpt>
      <trkpt lat="43.077610" lon="-3.852005">
        <ele>951.120614</ele>
        <time>2026-09-19T04:06:58.520Z</time>
      </trkpt>
      <trkpt lat="43.077830" lon="-3.852150">
        <ele>950.136843</ele>
        <time>2026-09-19T04:07:00.935Z</time>
      </trkpt>
      <trkpt lat="43.077957" lon="-3.852187">
        <ele>949.613690</ele>
        <time>2026-09-19T04:07:02.210Z</time>
      </trkpt>
      <trkpt lat="43.078234" lon="-3.852162">
        <ele>948.495207</ele>
        <time>2026-09-19T04:07:04.926Z</time>
      </trkpt>
      <trkpt lat="43.078522" lon="-3.852041">
        <ele>947.281418</ele>
        <time>2026-09-19T04:07:07.863Z</time>
      </trkpt>
      <trkpt lat="43.078666" lon="-3.851938">
        <ele>946.626817</ele>
        <time>2026-09-19T04:07:09.442Z</time>
      </trkpt>
      <trkpt lat="43.079599" lon="-3.851087">
        <ele>942.309457</ele>
        <time>2026-09-19T04:07:20.262Z</time>
      </trkpt>
      <trkpt lat="43.079736" lon="-3.850872">
        <ele>941.514967</ele>
        <time>2026-09-19T04:07:22.311Z</time>
      </trkpt>
      <trkpt lat="43.079787" lon="-3.850574">
        <ele>940.662690</ele>
        <time>2026-09-19T04:07:24.548Z</time>
      </trkpt>
      <trkpt lat="43.079938" lon="-3.849467">
        <ele>937.465022</ele>
        <time>2026-09-19T04:07:32.990Z</time>
      </trkpt>
      <trkpt lat="43.079935" lon="-3.849344">
        <ele>937.107581</ele>
        <time>2026-09-19T04:07:33.909Z</time>
      </trkpt>
      <trkpt lat="43.079910" lon="-3.849228">
        <ele>936.756309</ele>
        <time>2026-09-19T04:07:34.801Z</time>
      </trkpt>
      <trkpt lat="43.079863" lon="-3.849137">
        <ele>936.432606</ele>
        <time>2026-09-19T04:07:35.619Z</time>
      </trkpt>
      <trkpt lat="43.079443" lon="-3.848626">
        <ele>934.198329</ele>
        <time>2026-09-19T04:07:41.076Z</time>
      </trkpt>
      <trkpt lat="43.079350" lon="-3.848446">
        <ele>933.557957</ele>
        <time>2026-09-19T04:07:42.589Z</time>
      </trkpt>
      <trkpt lat="43.079278" lon="-3.848247">
        <ele>932.912950</ele>
        <time>2026-09-19T04:07:44.108Z</time>
      </trkpt>
      <trkpt lat="43.079099" lon="-3.847292">
        <ele>930.437646</ele>
        <time>2026-09-19T04:07:50.948Z</time>
      </trkpt>
      <trkpt lat="43.079092" lon="-3.846990">
        <ele>929.753396</ele>
        <time>2026-09-19T04:07:53.137Z</time>
      </trkpt>
      <trkpt lat="43.079160" lon="-3.846297">
        <ele>928.169941</ele>
        <time>2026-09-19T04:07:58.673Z</time>
      </trkpt>
      <trkpt lat="43.079265" lon="-3.845947">
        <ele>927.313087</ele>
        <time>2026-09-19T04:08:01.749Z</time>
      </trkpt>
      <trkpt lat="43.079484" lon="-3.845648">
        <ele>926.354177</ele>
        <time>2026-09-19T04:08:05.190Z</time>
      </trkpt>
      <trkpt lat="43.079534" lon="-3.845537">
        <ele>926.014237</ele>
        <time>2026-09-19T04:08:06.228Z</time>
      </trkpt>
      <trkpt lat="43.079552" lon="-3.845438">
        <ele>925.724815</ele>
        <time>2026-09-19T04:08:07.028Z</time>
      </trkpt>
      <trkpt lat="43.079527" lon="-3.845248">
        <ele>925.177131</ele>
        <time>2026-09-19T04:08:08.496Z</time>
      </trkpt>
      <trkpt lat="43.079087" lon="-3.844584">
        <ele>922.633739</ele>
        <time>2026-09-19T04:08:14.924Z</time>
      </trkpt>
      <trkpt lat="43.078898" lon="-3.844258">
        <ele>921.452985</ele>
        <time>2026-09-19T04:08:17.796Z</time>
      </trkpt>
      <trkpt lat="43.078812" lon="-3.844045">
        <ele>920.762547</ele>
        <time>2026-09-19T04:08:19.453Z</time>
      </trkpt>
      <trkpt lat="43.078699" lon="-3.843562">
        <ele>919.323740</ele>
        <time>2026-09-19T04:08:22.945Z</time>
      </trkpt>
      <trkpt lat="43.078611" lon="-3.843196">
        <ele>918.441054</ele>
        <time>2026-09-19T04:08:25.688Z</time>
      </trkpt>
      <trkpt lat="43.078582" lon="-3.842964">
        <ele>917.911232</ele>
        <time>2026-09-19T04:08:27.408Z</time>
      </trkpt>
      <trkpt lat="43.078626" lon="-3.842499">
        <ele>916.855774</ele>
        <time>2026-09-19T04:08:30.957Z</time>
      </trkpt>
      <trkpt lat="43.078700" lon="-3.842197">
        <ele>916.138743</ele>
        <time>2026-09-19T04:08:33.444Z</time>
      </trkpt>
      <trkpt lat="43.078829" lon="-3.842004">
        <ele>915.549859</ele>
        <time>2026-09-19T04:08:35.529Z</time>
      </trkpt>
      <trkpt lat="43.079019" lon="-3.841807">
        <ele>914.815354</ele>
        <time>2026-09-19T04:08:38.102Z</time>
      </trkpt>
      <trkpt lat="43.079098" lon="-3.841631">
        <ele>914.350354</ele>
        <time>2026-09-19T04:08:39.708Z</time>
      </trkpt>
      <trkpt lat="43.079114" lon="-3.841537">
        <ele>914.133093</ele>
        <time>2026-09-19T04:08:40.456Z</time>
      </trkpt>
      <trkpt lat="43.079113" lon="-3.840566">
        <ele>911.816702</ele>
        <time>2026-09-19T04:08:47.706Z</time>
      </trkpt>
      <trkpt lat="43.079194" lon="-3.839881">
        <ele>910.138658</ele>
        <time>2026-09-19T04:08:52.705Z</time>
      </trkpt>
      <trkpt lat="43.079194" lon="-3.839450">
        <ele>909.096408</ele>
        <time>2026-09-19T04:08:55.815Z</time>
      </trkpt>
      <trkpt lat="43.079144" lon="-3.839050">
        <ele>908.115059</ele>
        <time>2026-09-19T04:08:58.760Z</time>
      </trkpt>
      <trkpt lat="43.079164" lon="-3.838733">
        <ele>907.399537</ele>
        <time>2026-09-19T04:09:01.077Z</time>
      </trkpt>
      <trkpt lat="43.079868" lon="-3.835827">
        <ele>901.376471</ele>
        <time>2026-09-19T04:09:24.351Z</time>
      </trkpt>
      <trkpt lat="43.079924" lon="-3.835516">
        <ele>900.870762</ele>
        <time>2026-09-19T04:09:26.959Z</time>
      </trkpt>
      <trkpt lat="43.079909" lon="-3.835181">
        <ele>900.340870</ele>
        <time>2026-09-19T04:09:29.712Z</time>
      </trkpt>
      <trkpt lat="43.079685" lon="-3.834444">
        <ele>899.080570</ele>
        <time>2026-09-19T04:09:36.232Z</time>
      </trkpt>
      <trkpt lat="43.079612" lon="-3.834014">
        <ele>898.399380</ele>
        <time>2026-09-19T04:09:39.780Z</time>
      </trkpt>
      <trkpt lat="43.079553" lon="-3.832903">
        <ele>896.728599</ele>
        <time>2026-09-19T04:09:48.460Z</time>
      </trkpt>
      <trkpt lat="43.079586" lon="-3.832445">
        <ele>896.038313</ele>
        <time>2026-09-19T04:09:51.979Z</time>
      </trkpt>
      <trkpt lat="43.079873" lon="-3.831560">
        <ele>894.898427</ele>
        <time>2026-09-19T04:09:59.913Z</time>
      </trkpt>
      <trkpt lat="43.079963" lon="-3.831356">
        <ele>894.806846</ele>
        <time>2026-09-19T04:10:02.062Z</time>
      </trkpt>
      <trkpt lat="43.080175" lon="-3.831079">
        <ele>894.652670</ele>
        <time>2026-09-19T04:10:06.054Z</time>
      </trkpt>
      <trkpt lat="43.080860" lon="-3.830314">
        <ele>894.187599</ele>
        <time>2026-09-19T04:10:19.881Z</time>
      </trkpt>
      <trkpt lat="43.080941" lon="-3.830226">
        <ele>894.133198</ele>
        <time>2026-09-19T04:10:21.644Z</time>
      </trkpt>
      <trkpt lat="43.081825" lon="-3.829010">
        <ele>891.844458</ele>
        <time>2026-09-19T04:10:37.151Z</time>
      </trkpt>
      <trkpt lat="43.081985" lon="-3.828732">
        <ele>891.330172</ele>
        <time>2026-09-19T04:10:39.804Z</time>
      </trkpt>
      <trkpt lat="43.082039" lon="-3.828574">
        <ele>891.076700</ele>
        <time>2026-09-19T04:10:41.084Z</time>
      </trkpt>
      <trkpt lat="43.082200" lon="-3.827941">
        <ele>889.525514</ele>
        <time>2026-09-19T04:10:45.826Z</time>
      </trkpt>
      <trkpt lat="43.082368" lon="-3.826666">
        <ele>884.773870</ele>
        <time>2026-09-19T04:10:54.642Z</time>
      </trkpt>
      <trkpt lat="43.082486" lon="-3.826238">
        <ele>883.096040</ele>
        <time>2026-09-19T04:10:57.746Z</time>
      </trkpt>
      <trkpt lat="43.083047" lon="-3.824827">
        <ele>877.935963</ele>
        <time>2026-09-19T04:11:08.777Z</time>
      </trkpt>
      <trkpt lat="43.083459" lon="-3.823820">
        <ele>874.432558</ele>
        <time>2026-09-19T04:11:17.243Z</time>
      </trkpt>
      <trkpt lat="43.083952" lon="-3.822362">
        <ele>870.210294</ele>
        <time>2026-09-19T04:11:29.355Z</time>
      </trkpt>
      <trkpt lat="43.084068" lon="-3.822129">
        <ele>869.481155</ele>
        <time>2026-09-19T04:11:31.393Z</time>
      </trkpt>
      <trkpt lat="43.084260" lon="-3.821835">
        <ele>868.461360</ele>
        <time>2026-09-19T04:11:34.184Z</time>
      </trkpt>
      <trkpt lat="43.084426" lon="-3.821656">
        <ele>867.713279</ele>
        <time>2026-09-19T04:11:36.202Z</time>
      </trkpt>
      <trkpt lat="43.084978" lon="-3.821200">
        <ele>864.598392</ele>
        <time>2026-09-19T04:11:42.301Z</time>
      </trkpt>
      <trkpt lat="43.085575" lon="-3.820756">
        <ele>861.272947</ele>
        <time>2026-09-19T04:11:48.745Z</time>
      </trkpt>
      <trkpt lat="43.085801" lon="-3.820468">
        <ele>859.761750</ele>
        <time>2026-09-19T04:11:51.662Z</time>
      </trkpt>
      <trkpt lat="43.086016" lon="-3.820315">
        <ele>858.540409</ele>
        <time>2026-09-19T04:11:53.943Z</time>
      </trkpt>
      <trkpt lat="43.087483" lon="-3.819850">
        <ele>850.023810</ele>
        <time>2026-09-19T04:12:07.856Z</time>
      </trkpt>
      <trkpt lat="43.087797" lon="-3.819800">
        <ele>848.290016</ele>
        <time>2026-09-19T04:12:10.733Z</time>
      </trkpt>
      <trkpt lat="43.088395" lon="-3.819774">
        <ele>845.370915</ele>
        <time>2026-09-19T04:12:16.282Z</time>
      </trkpt>
      <trkpt lat="43.089002" lon="-3.819653">
        <ele>842.378157</ele>
        <time>2026-09-19T04:12:22.059Z</time>
      </trkpt>
      <trkpt lat="43.089260" lon="-3.819554">
        <ele>841.070889</ele>
        <time>2026-09-19T04:12:24.570Z</time>
      </trkpt>
      <trkpt lat="43.089531" lon="-3.819432">
        <ele>839.710204</ele>
        <time>2026-09-19T04:12:27.422Z</time>
      </trkpt>
      <trkpt lat="43.089947" lon="-3.819172">
        <ele>837.875474</ele>
        <time>2026-09-19T04:12:32.305Z</time>
      </trkpt>
      <trkpt lat="43.090053" lon="-3.819084">
        <ele>837.378119</ele>
        <time>2026-09-19T04:12:33.660Z</time>
      </trkpt>
      <trkpt lat="43.090465" lon="-3.818623">
        <ele>835.243387</ele>
        <time>2026-09-19T04:12:39.100Z</time>
      </trkpt>
      <trkpt lat="43.091028" lon="-3.818113">
        <ele>832.498089</ele>
        <time>2026-09-19T04:12:45.389Z</time>
      </trkpt>
      <trkpt lat="43.091298" lon="-3.817925">
        <ele>830.846930</ele>
        <time>2026-09-19T04:12:48.148Z</time>
      </trkpt>
      <trkpt lat="43.091880" lon="-3.817897">
        <ele>827.672396</ele>
        <time>2026-09-19T04:12:53.476Z</time>
      </trkpt>
      <trkpt lat="43.092432" lon="-3.817748">
        <ele>824.605453</ele>
        <time>2026-09-19T04:12:58.731Z</time>
      </trkpt>
      <trkpt lat="43.092731" lon="-3.817615">
        <ele>822.891724</ele>
        <time>2026-09-19T04:13:01.667Z</time>
      </trkpt>
      <trkpt lat="43.093120" lon="-3.817380">
        <ele>820.297152</ele>
        <time>2026-09-19T04:13:05.935Z</time>
      </trkpt>
      <trkpt lat="43.093326" lon="-3.817319">
        <ele>819.007435</ele>
        <time>2026-09-19T04:13:07.940Z</time>
      </trkpt>
      <trkpt lat="43.093512" lon="-3.817346">
        <ele>817.862864</ele>
        <time>2026-09-19T04:13:09.665Z</time>
      </trkpt>
      <trkpt lat="43.093783" lon="-3.817393">
        <ele>816.191280</ele>
        <time>2026-09-19T04:13:12.158Z</time>
      </trkpt>
      <trkpt lat="43.094007" lon="-3.817443">
        <ele>814.802460</ele>
        <time>2026-09-19T04:13:14.204Z</time>
      </trkpt>
      <trkpt lat="43.094499" lon="-3.817678">
        <ele>811.582374</ele>
        <time>2026-09-19T04:13:18.773Z</time>
      </trkpt>
      <trkpt lat="43.095822" lon="-3.818618">
        <ele>801.111178</ele>
        <time>2026-09-19T04:13:32.058Z</time>
      </trkpt>
      <trkpt lat="43.096235" lon="-3.818879">
        <ele>798.452543</ele>
        <time>2026-09-19T04:13:36.297Z</time>
      </trkpt>
      <trkpt lat="43.096621" lon="-3.819065">
        <ele>796.788664</ele>
        <time>2026-09-19T04:13:40.232Z</time>
      </trkpt>
      <trkpt lat="43.097146" lon="-3.819240">
        <ele>794.591585</ele>
        <time>2026-09-19T04:13:45.585Z</time>
      </trkpt>
      <trkpt lat="43.097757" lon="-3.819352">
        <ele>792.084981</ele>
        <time>2026-09-19T04:13:51.901Z</time>
      </trkpt>
      <trkpt lat="43.098845" lon="-3.819398">
        <ele>787.672056</ele>
        <time>2026-09-19T04:14:02.621Z</time>
      </trkpt>
      <trkpt lat="43.099079" lon="-3.819398">
        <ele>786.723544</ele>
        <time>2026-09-19T04:14:04.836Z</time>
      </trkpt>
      <trkpt lat="43.100170" lon="-3.819262">
        <ele>781.204784</ele>
        <time>2026-09-19T04:14:15.369Z</time>
      </trkpt>
      <trkpt lat="43.100477" lon="-3.819297">
        <ele>779.371477</ele>
        <time>2026-09-19T04:14:18.253Z</time>
      </trkpt>
      <trkpt lat="43.100954" lon="-3.819432">
        <ele>776.472824</ele>
        <time>2026-09-19T04:14:22.661Z</time>
      </trkpt>
      <trkpt lat="43.101153" lon="-3.819517">
        <ele>775.232297</ele>
        <time>2026-09-19T04:14:24.515Z</time>
      </trkpt>
      <trkpt lat="43.101324" lon="-3.819671">
        <ele>774.014364</ele>
        <time>2026-09-19T04:14:26.323Z</time>
      </trkpt>
      <trkpt lat="43.101478" lon="-3.819927">
        <ele>772.763246</ele>
        <time>2026-09-19T04:14:28.463Z</time>
      </trkpt>
      <trkpt lat="43.101529" lon="-3.820059">
        <ele>772.208605</ele>
        <time>2026-09-19T04:14:29.421Z</time>
      </trkpt>
      <trkpt lat="43.101695" lon="-3.820822">
        <ele>769.251775</ele>
        <time>2026-09-19T04:14:34.652Z</time>
      </trkpt>
      <trkpt lat="43.101871" lon="-3.821192">
        <ele>767.611745</ele>
        <time>2026-09-19T04:14:37.704Z</time>
      </trkpt>
      <trkpt lat="43.102184" lon="-3.821449">
        <ele>765.755473</ele>
        <time>2026-09-19T04:14:41.412Z</time>
      </trkpt>
      <trkpt lat="43.102564" lon="-3.821620">
        <ele>764.471618</ele>
        <time>2026-09-19T04:14:46.120Z</time>
      </trkpt>
      <trkpt lat="43.102656" lon="-3.821629">
        <ele>764.350405</ele>
        <time>2026-09-19T04:14:47.459Z</time>
      </trkpt>
      <trkpt lat="43.102895" lon="-3.821576">
        <ele>764.032224</ele>
        <time>2026-09-19T04:14:51.191Z</time>
      </trkpt>
      <trkpt lat="43.103083" lon="-3.821451">
        <ele>763.757582</ele>
        <time>2026-09-19T04:14:54.579Z</time>
      </trkpt>
      <trkpt lat="43.103193" lon="-3.821308">
        <ele>763.558271</ele>
        <time>2026-09-19T04:14:57.010Z</time>
      </trkpt>
      <trkpt lat="43.103846" lon="-3.819855">
        <ele>761.469878</ele>
        <time>2026-09-19T04:15:10.998Z</time>
      </trkpt>
      <trkpt lat="43.104187" lon="-3.819326">
        <ele>760.111092</ele>
        <time>2026-09-19T04:15:16.169Z</time>
      </trkpt>
      <trkpt lat="43.104399" lon="-3.819130">
        <ele>759.436536</ele>
        <time>2026-09-19T04:15:18.720Z</time>
      </trkpt>
      <trkpt lat="43.104509" lon="-3.819076">
        <ele>759.128365</ele>
        <time>2026-09-19T04:15:19.887Z</time>
      </trkpt>
      <trkpt lat="43.104685" lon="-3.819054">
        <ele>758.662275</ele>
        <time>2026-09-19T04:15:21.649Z</time>
      </trkpt>
      <trkpt lat="43.105733" lon="-3.818999">
        <ele>757.984725</ele>
        <time>2026-09-19T04:15:33.095Z</time>
      </trkpt>
      <trkpt lat="43.106111" lon="-3.818867">
        <ele>758.198194</ele>
        <time>2026-09-19T04:15:40.788Z</time>
      </trkpt>
      <trkpt lat="43.106794" lon="-3.819690">
        <ele>759.086983</ele>
        <time>2026-09-19T04:16:08.267Z</time>
      </trkpt>
      <trkpt lat="43.107096" lon="-3.820177">
        <ele>760.504641</ele>
        <time>2026-09-19T04:16:24.240Z</time>
      </trkpt>
      <trkpt lat="43.107302" lon="-3.820568">
        <ele>761.574435</ele>
        <time>2026-09-19T04:16:36.386Z</time>
      </trkpt>
      <trkpt lat="43.107575" lon="-3.820757">
        <ele>762.504018</ele>
        <time>2026-09-19T04:16:46.870Z</time>
      </trkpt>
      <trkpt lat="43.107769" lon="-3.820830">
        <ele>763.115417</ele>
        <time>2026-09-19T04:16:53.493Z</time>
      </trkpt>
      <trkpt lat="43.108042" lon="-3.820848">
        <ele>763.946010</ele>
        <time>2026-09-19T04:17:02.193Z</time>
      </trkpt>
      <trkpt lat="43.108607" lon="-3.820702">
        <ele>764.192658</ele>
        <time>2026-09-19T04:17:18.883Z</time>
      </trkpt>
      <trkpt lat="43.109238" lon="-3.820708">
        <ele>764.330854</ele>
        <time>2026-09-19T04:17:33.549Z</time>
      </trkpt>
      <trkpt lat="43.109898" lon="-3.820784">
        <ele>764.319278</ele>
        <time>2026-09-19T04:17:44.363Z</time>
      </trkpt>
      <trkpt lat="43.110758" lon="-3.820962">
        <ele>759.436839</ele>
        <time>2026-09-19T04:17:56.706Z</time>
      </trkpt>
      <trkpt lat="43.111565" lon="-3.821265">
        <ele>754.739624</ele>
        <time>2026-09-19T04:18:07.388Z</time>
      </trkpt>
      <trkpt lat="43.111330" lon="-3.821414">
        <ele>752.293367</ele>
        <time>2026-09-19T04:18:10.567Z</time>
      </trkpt>
      <trkpt lat="43.109591" lon="-3.822143">
        <ele>732.328773</ele>
        <time>2026-09-19T04:18:32.438Z</time>
      </trkpt>
      <trkpt lat="43.109056" lon="-3.822418">
        <ele>725.026776</ele>
        <time>2026-09-19T04:18:39.242Z</time>
      </trkpt>
      <trkpt lat="43.108639" lon="-3.822713">
        <ele>719.029435</ele>
        <time>2026-09-19T04:18:44.798Z</time>
      </trkpt>
      <trkpt lat="43.108271" lon="-3.822903">
        <ele>714.003982</ele>
        <time>2026-09-19T04:18:49.440Z</time>
      </trkpt>
      <trkpt lat="43.107881" lon="-3.823045">
        <ele>709.454994</ele>
        <time>2026-09-19T04:18:54.141Z</time>
      </trkpt>
      <trkpt lat="43.107610" lon="-3.823088">
        <ele>706.625182</ele>
        <time>2026-09-19T04:18:57.327Z</time>
      </trkpt>
      <trkpt lat="43.106527" lon="-3.823062">
        <ele>695.389772</ele>
        <time>2026-09-19T04:19:10.542Z</time>
      </trkpt>
      <trkpt lat="43.105501" lon="-3.822946">
        <ele>689.500902</ele>
        <time>2026-09-19T04:19:24.902Z</time>
      </trkpt>
      <trkpt lat="43.105329" lon="-3.823005">
        <ele>688.673434</ele>
        <time>2026-09-19T04:19:27.622Z</time>
      </trkpt>
      <trkpt lat="43.105218" lon="-3.823109">
        <ele>688.045825</ele>
        <time>2026-09-19T04:19:29.646Z</time>
      </trkpt>
      <trkpt lat="43.105105" lon="-3.823345">
        <ele>687.084234</ele>
        <time>2026-09-19T04:19:32.658Z</time>
      </trkpt>
      <trkpt lat="43.105033" lon="-3.823663">
        <ele>685.949844</ele>
        <time>2026-09-19T04:19:36.092Z</time>
      </trkpt>
      <trkpt lat="43.104769" lon="-3.824456">
        <ele>681.095405</ele>
        <time>2026-09-19T04:19:44.418Z</time>
      </trkpt>
      <trkpt lat="43.104688" lon="-3.824916">
        <ele>677.996520</ele>
        <time>2026-09-19T04:19:48.716Z</time>
      </trkpt>
      <trkpt lat="43.104521" lon="-3.825146">
        <ele>675.872207</ele>
        <time>2026-09-19T04:19:51.599Z</time>
      </trkpt>
      <trkpt lat="43.104095" lon="-3.825528">
        <ele>671.304961</ele>
        <time>2026-09-19T04:19:57.746Z</time>
      </trkpt>
      <trkpt lat="43.103756" lon="-3.825674">
        <ele>667.952809</ele>
        <time>2026-09-19T04:20:02.014Z</time>
      </trkpt>
      <trkpt lat="43.103545" lon="-3.825707">
        <ele>665.642553</ele>
        <time>2026-09-19T04:20:04.559Z</time>
      </trkpt>
      <trkpt lat="43.102806" lon="-3.825641">
        <ele>657.586349</ele>
        <time>2026-09-19T04:20:13.492Z</time>
      </trkpt>
      <trkpt lat="43.102627" lon="-3.825594">
        <ele>655.603657</ele>
        <time>2026-09-19T04:20:15.703Z</time>
      </trkpt>
      <trkpt lat="43.102496" lon="-3.825488">
        <ele>653.948467</ele>
        <time>2026-09-19T04:20:17.548Z</time>
      </trkpt>
      <trkpt lat="43.102242" lon="-3.825150">
        <ele>650.095935</ele>
        <time>2026-09-19T04:20:21.855Z</time>
      </trkpt>
      <trkpt lat="43.101978" lon="-3.824967">
        <ele>647.359359</ele>
        <time>2026-09-19T04:20:25.430Z</time>
      </trkpt>
      <trkpt lat="43.101612" lon="-3.824951">
        <ele>644.160676</ele>
        <time>2026-09-19T04:20:29.833Z</time>
      </trkpt>
      <trkpt lat="43.101363" lon="-3.825064">
        <ele>641.869338</ele>
        <time>2026-09-19T04:20:32.994Z</time>
      </trkpt>
      <trkpt lat="43.100634" lon="-3.825163">
        <ele>635.470207</ele>
        <time>2026-09-19T04:20:42.149Z</time>
      </trkpt>
      <trkpt lat="43.100314" lon="-3.825100">
        <ele>633.125713</ele>
        <time>2026-09-19T04:20:46.540Z</time>
      </trkpt>
      <trkpt lat="43.099719" lon="-3.824744">
        <ele>630.266257</ele>
        <time>2026-09-19T04:20:56.027Z</time>
      </trkpt>
      <trkpt lat="43.099527" lon="-3.824460">
        <ele>629.021698</ele>
        <time>2026-09-19T04:21:00.176Z</time>
      </trkpt>
      <trkpt lat="43.099413" lon="-3.824418">
        <ele>628.501806</ele>
        <time>2026-09-19T04:21:01.885Z</time>
      </trkpt>
      <trkpt lat="43.099276" lon="-3.824448">
        <ele>627.890809</ele>
        <time>2026-09-19T04:21:03.857Z</time>
      </trkpt>
      <trkpt lat="43.099160" lon="-3.824550">
        <ele>627.283728</ele>
        <time>2026-09-19T04:21:05.762Z</time>
      </trkpt>
      <trkpt lat="43.098959" lon="-3.824819">
        <ele>626.046081</ele>
        <time>2026-09-19T04:21:09.501Z</time>
      </trkpt>
      <trkpt lat="43.098527" lon="-3.825616">
        <ele>624.463122</ele>
        <time>2026-09-19T04:21:19.030Z</time>
      </trkpt>
      <trkpt lat="43.098363" lon="-3.826081">
        <ele>623.743949</ele>
        <time>2026-09-19T04:21:24.228Z</time>
      </trkpt>
      <trkpt lat="43.098300" lon="-3.826200">
        <ele>623.539245</ele>
        <time>2026-09-19T04:21:25.820Z</time>
      </trkpt>
      <trkpt lat="43.098204" lon="-3.826270">
        <ele>623.331811</ele>
        <time>2026-09-19T04:21:27.541Z</time>
      </trkpt>
      <trkpt lat="43.097971" lon="-3.826253">
        <ele>622.886784</ele>
        <time>2026-09-19T04:21:32.052Z</time>
      </trkpt>
      <trkpt lat="43.097819" lon="-3.826281">
        <ele>622.594266</ele>
        <time>2026-09-19T04:21:36.506Z</time>
      </trkpt>
      <trkpt lat="43.097515" lon="-3.826415">
        <ele>623.327326</ele>
        <time>2026-09-19T04:21:49.728Z</time>
      </trkpt>
      <trkpt lat="43.097449" lon="-3.826504">
        <ele>624.008139</ele>
        <time>2026-09-19T04:21:54.354Z</time>
      </trkpt>
      <trkpt lat="43.097441" lon="-3.826582">
        <ele>624.430881</ele>
        <time>2026-09-19T04:21:57.279Z</time>
      </trkpt>
      <trkpt lat="43.097461" lon="-3.826663">
        <ele>624.889797</ele>
        <time>2026-09-19T04:22:00.627Z</time>
      </trkpt>
      <trkpt lat="43.097714" lon="-3.826812">
        <ele>626.914064</ele>
        <time>2026-09-19T04:22:15.708Z</time>
      </trkpt>
      <trkpt lat="43.097873" lon="-3.826979">
        <ele>628.386878</ele>
        <time>2026-09-19T04:22:26.884Z</time>
      </trkpt>
      <trkpt lat="43.098121" lon="-3.827449">
        <ele>631.499090</ele>
        <time>2026-09-19T04:22:50.464Z</time>
      </trkpt>
      <trkpt lat="43.098194" lon="-3.827510">
        <ele>632.127650</ele>
        <time>2026-09-19T04:22:55.161Z</time>
      </trkpt>
      <trkpt lat="43.098566" lon="-3.827545">
        <ele>634.868381</ele>
        <time>2026-09-19T04:23:15.406Z</time>
      </trkpt>
      <trkpt lat="43.099002" lon="-3.827748">
        <ele>636.931362</ele>
        <time>2026-09-19T04:23:38.478Z</time>
      </trkpt>
      <trkpt lat="43.099264" lon="-3.827948">
        <ele>638.084386</ele>
        <time>2026-09-19T04:23:51.041Z</time>
      </trkpt>
      <trkpt lat="43.099410" lon="-3.828098">
        <ele>638.785985</ele>
        <time>2026-09-19T04:23:58.014Z</time>
      </trkpt>
      <trkpt lat="43.099960" lon="-3.828843">
        <ele>641.759620</ele>
        <time>2026-09-19T04:24:22.465Z</time>
      </trkpt>
      <trkpt lat="43.100060" lon="-3.828985">
        <ele>642.313352</ele>
        <time>2026-09-19T04:24:25.745Z</time>
      </trkpt>
      <trkpt lat="43.100152" lon="-3.829174">
        <ele>641.559936</ele>
        <time>2026-09-19T04:24:28.810Z</time>
      </trkpt>
      <trkpt lat="43.100256" lon="-3.829303">
        <ele>640.746782</ele>
        <time>2026-09-19T04:24:31.082Z</time>
      </trkpt>
      <trkpt lat="43.100512" lon="-3.829442">
        <ele>639.150854</ele>
        <time>2026-09-19T04:24:35.115Z</time>
      </trkpt>
      <trkpt lat="43.100875" lon="-3.829555">
        <ele>636.993514</ele>
        <time>2026-09-19T04:24:40.102Z</time>
      </trkpt>
      <trkpt lat="43.101359" lon="-3.829629">
        <ele>634.171179</ele>
        <time>2026-09-19T04:24:46.199Z</time>
      </trkpt>
      <trkpt lat="43.101741" lon="-3.829629">
        <ele>631.946283</ele>
        <time>2026-09-19T04:24:50.838Z</time>
      </trkpt>
      <trkpt lat="43.102327" lon="-3.829678">
        <ele>626.057866</ele>
        <time>2026-09-19T04:24:57.889Z</time>
      </trkpt>
      <trkpt lat="43.103218" lon="-3.829659">
        <ele>617.120214</ele>
        <time>2026-09-19T04:25:08.742Z</time>
      </trkpt>
      <trkpt lat="43.105045" lon="-3.829735">
        <ele>600.406790</ele>
        <time>2026-09-19T04:25:31.407Z</time>
      </trkpt>
      <trkpt lat="43.106555" lon="-3.829519">
        <ele>587.385780</ele>
        <time>2026-09-19T04:25:50.138Z</time>
      </trkpt>
      <trkpt lat="43.107036" lon="-3.829382">
        <ele>583.216128</ele>
        <time>2026-09-19T04:25:56.291Z</time>
      </trkpt>
      <trkpt lat="43.107406" lon="-3.829155">
        <ele>581.757006</ele>
        <time>2026-09-19T04:26:01.498Z</time>
      </trkpt>
      <trkpt lat="43.107724" lon="-3.829051">
        <ele>580.959631</ele>
        <time>2026-09-19T04:26:05.959Z</time>
      </trkpt>
      <trkpt lat="43.108268" lon="-3.829076">
        <ele>579.632116</ele>
        <time>2026-09-19T04:26:14.449Z</time>
      </trkpt>
      <trkpt lat="43.108426" lon="-3.829128">
        <ele>579.235800</ele>
        <time>2026-09-19T04:26:17.723Z</time>
      </trkpt>
      <trkpt lat="43.108747" lon="-3.829317">
        <ele>578.383646</ele>
        <time>2026-09-19T04:26:26.809Z</time>
      </trkpt>
      <trkpt lat="43.109131" lon="-3.829596">
        <ele>578.987418</ele>
        <time>2026-09-19T04:26:39.934Z</time>
      </trkpt>
      <trkpt lat="43.109615" lon="-3.829883">
        <ele>580.231337</ele>
        <time>2026-09-19T04:26:56.313Z</time>
      </trkpt>
      <trkpt lat="43.109741" lon="-3.829927">
        <ele>580.538021</ele>
        <time>2026-09-19T04:27:00.103Z</time>
      </trkpt>
      <trkpt lat="43.110648" lon="-3.830570">
        <ele>582.535559</ele>
        <time>2026-09-19T04:27:31.870Z</time>
      </trkpt>
      <trkpt lat="43.110742" lon="-3.830716">
        <ele>582.613192</ele>
        <time>2026-09-19T04:27:35.852Z</time>
      </trkpt>
      <trkpt lat="43.110808" lon="-3.830921">
        <ele>582.702543</ele>
        <time>2026-09-19T04:27:40.196Z</time>
      </trkpt>
      <trkpt lat="43.110930" lon="-3.831477">
        <ele>582.934073</ele>
        <time>2026-09-19T04:27:50.387Z</time>
      </trkpt>
      <trkpt lat="43.110968" lon="-3.831570">
        <ele>582.976576</ele>
        <time>2026-09-19T04:27:52.157Z</time>
      </trkpt>
      <trkpt lat="43.111030" lon="-3.831671">
        <ele>583.029201</ele>
        <time>2026-09-19T04:27:54.352Z</time>
      </trkpt>
      <trkpt lat="43.111308" lon="-3.831879">
        <ele>583.202243</ele>
        <time>2026-09-19T04:28:01.400Z</time>
      </trkpt>
      <trkpt lat="43.111376" lon="-3.831975">
        <ele>583.255587</ele>
        <time>2026-09-19T04:28:03.288Z</time>
      </trkpt>
      <trkpt lat="43.111432" lon="-3.832090">
        <ele>583.310714</ele>
        <time>2026-09-19T04:28:05.078Z</time>
      </trkpt>
      <trkpt lat="43.111440" lon="-3.832345">
        <ele>583.286156</ele>
        <time>2026-09-19T04:28:08.092Z</time>
      </trkpt>
      <trkpt lat="43.111478" lon="-3.832400">
        <ele>583.108290</ele>
        <time>2026-09-19T04:28:08.962Z</time>
      </trkpt>
      <trkpt lat="43.111723" lon="-3.832438">
        <ele>582.314987</ele>
        <time>2026-09-19T04:28:12.622Z</time>
      </trkpt>
      <trkpt lat="43.111885" lon="-3.832550">
        <ele>581.731143</ele>
        <time>2026-09-19T04:28:15.172Z</time>
      </trkpt>
      <trkpt lat="43.111997" lon="-3.832692">
        <ele>581.240131</ele>
        <time>2026-09-19T04:28:17.266Z</time>
      </trkpt>
      <trkpt lat="43.112077" lon="-3.832922">
        <ele>580.641728</ele>
        <time>2026-09-19T04:28:19.777Z</time>
      </trkpt>
      <trkpt lat="43.112153" lon="-3.833429">
        <ele>579.426056</ele>
        <time>2026-09-19T04:28:24.897Z</time>
      </trkpt>
      <trkpt lat="43.112435" lon="-3.833955">
        <ele>577.893232</ele>
        <time>2026-09-19T04:28:31.707Z</time>
      </trkpt>
      <trkpt lat="43.112615" lon="-3.834171">
        <ele>577.430765</ele>
        <time>2026-09-19T04:28:35.469Z</time>
      </trkpt>
      <trkpt lat="43.112761" lon="-3.834469">
        <ele>577.123431</ele>
        <time>2026-09-19T04:28:40.087Z</time>
      </trkpt>
      <trkpt lat="43.112817" lon="-3.834636">
        <ele>576.966056</ele>
        <time>2026-09-19T04:28:42.806Z</time>
      </trkpt>
      <trkpt lat="43.112887" lon="-3.835083">
        <ele>576.574564</ele>
        <time>2026-09-19T04:28:50.135Z</time>
      </trkpt>
      <trkpt lat="43.112983" lon="-3.835513">
        <ele>576.189504</ele>
        <time>2026-09-19T04:28:56.018Z</time>
      </trkpt>
      <trkpt lat="43.112985" lon="-3.835740">
        <ele>575.995101</ele>
        <time>2026-09-19T04:28:58.982Z</time>
      </trkpt>
      <trkpt lat="43.113061" lon="-3.836260">
        <ele>575.540969</ele>
        <time>2026-09-19T04:29:05.940Z</time>
      </trkpt>
      <trkpt lat="43.113147" lon="-3.836471">
        <ele>574.891495</ele>
        <time>2026-09-19T04:29:08.869Z</time>
      </trkpt>
      <trkpt lat="43.113424" lon="-3.836523">
        <ele>573.674474</ele>
        <time>2026-09-19T04:29:13.147Z</time>
      </trkpt>
      <trkpt lat="43.113936" lon="-3.836934">
        <ele>571.091327</ele>
        <time>2026-09-19T04:29:21.151Z</time>
      </trkpt>
      <trkpt lat="43.114336" lon="-3.837177">
        <ele>569.186636</ele>
        <time>2026-09-19T04:29:26.789Z</time>
      </trkpt>
      <trkpt lat="43.115111" lon="-3.837424">
        <ele>566.954574</ele>
        <time>2026-09-19T04:29:37.605Z</time>
      </trkpt>
      <trkpt lat="43.115451" lon="-3.837656">
        <ele>566.348098</ele>
        <time>2026-09-19T04:29:42.998Z</time>
      </trkpt>
      <trkpt lat="43.115885" lon="-3.838108">
        <ele>565.477636</ele>
        <time>2026-09-19T04:29:52.021Z</time>
      </trkpt>
      <trkpt lat="43.116053" lon="-3.838428">
        <ele>565.018232</ele>
        <time>2026-09-19T04:29:59.228Z</time>
      </trkpt>
      <trkpt lat="43.116127" lon="-3.838738">
        <ele>565.342290</ele>
        <time>2026-09-19T04:30:06.837Z</time>
      </trkpt>
      <trkpt lat="43.116111" lon="-3.839067">
        <ele>566.669915</ele>
        <time>2026-09-19T04:30:16.116Z</time>
      </trkpt>
      <trkpt lat="43.115983" lon="-3.839914">
        <ele>570.152600</ele>
        <time>2026-09-19T04:30:47.084Z</time>
      </trkpt>
      <trkpt lat="43.115843" lon="-3.840483">
        <ele>572.570276</ele>
        <time>2026-09-19T04:31:09.863Z</time>
      </trkpt>
      <trkpt lat="43.115761" lon="-3.840708">
        <ele>573.582853</ele>
        <time>2026-09-19T04:31:19.138Z</time>
      </trkpt>
      <trkpt lat="43.115693" lon="-3.841092">
        <ele>574.580077</ele>
        <time>2026-09-19T04:31:31.395Z</time>
      </trkpt>
      <trkpt lat="43.115774" lon="-3.841219">
        <ele>574.376120</ele>
        <time>2026-09-19T04:31:35.579Z</time>
      </trkpt>
      <trkpt lat="43.115827" lon="-3.841367">
        <ele>574.176755</ele>
        <time>2026-09-19T04:31:39.108Z</time>
      </trkpt>
      <trkpt lat="43.115818" lon="-3.841491">
        <ele>574.026054</ele>
        <time>2026-09-19T04:31:41.451Z</time>
      </trkpt>
      <trkpt lat="43.115869" lon="-3.841615">
        <ele>573.853927</ele>
        <time>2026-09-19T04:31:43.791Z</time>
      </trkpt>
      <trkpt lat="43.115915" lon="-3.841990">
        <ele>573.394055</ele>
        <time>2026-09-19T04:31:48.677Z</time>
      </trkpt>
      <trkpt lat="43.116033" lon="-3.842201">
        <ele>573.072600</ele>
        <time>2026-09-19T04:31:51.588Z</time>
      </trkpt>
      <trkpt lat="43.116204" lon="-3.842313">
        <ele>572.758584</ele>
        <time>2026-09-19T04:31:54.215Z</time>
      </trkpt>
      <trkpt lat="43.116276" lon="-3.842417">
        <ele>572.585241</ele>
        <time>2026-09-19T04:31:55.618Z</time>
      </trkpt>
      <trkpt lat="43.116324" lon="-3.842524">
        <ele>572.433357</ele>
        <time>2026-09-19T04:31:56.833Z</time>
      </trkpt>
      <trkpt lat="43.116335" lon="-3.842790">
        <ele>572.111151</ele>
        <time>2026-09-19T04:31:59.406Z</time>
      </trkpt>
      <trkpt lat="43.116008" lon="-3.843778">
        <ele>569.395749</ele>
        <time>2026-09-19T04:32:09.648Z</time>
      </trkpt>
      <trkpt lat="43.115895" lon="-3.844010">
        <ele>568.553849</ele>
        <time>2026-09-19T04:32:12.424Z</time>
      </trkpt>
      <trkpt lat="43.115498" lon="-3.844545">
        <ele>566.250973</ele>
        <time>2026-09-19T04:32:20.422Z</time>
      </trkpt>
      <trkpt lat="43.115337" lon="-3.844705">
        <ele>565.428463</ele>
        <time>2026-09-19T04:32:23.443Z</time>
      </trkpt>
      <trkpt lat="43.114836" lon="-3.845335">
        <ele>563.689639</ele>
        <time>2026-09-19T04:32:34.205Z</time>
      </trkpt>
      <trkpt lat="43.114731" lon="-3.845533">
        <ele>563.421972</ele>
        <time>2026-09-19T04:32:37.071Z</time>
      </trkpt>
      <trkpt lat="43.114577" lon="-3.845997">
        <ele>562.864495</ele>
        <time>2026-09-19T04:32:43.063Z</time>
      </trkpt>
      <trkpt lat="43.114254" lon="-3.846428">
        <ele>562.188911</ele>
        <time>2026-09-19T04:32:50.216Z</time>
      </trkpt>
      <trkpt lat="43.114240" lon="-3.846544">
        <ele>562.060316</ele>
        <time>2026-09-19T04:32:51.607Z</time>
      </trkpt>
      <trkpt lat="43.114259" lon="-3.846628">
        <ele>561.964134</ele>
        <time>2026-09-19T04:32:52.689Z</time>
      </trkpt>
      <trkpt lat="43.114764" lon="-3.846676">
        <ele>562.203830</ele>
        <time>2026-09-19T04:33:02.248Z</time>
      </trkpt>
      <trkpt lat="43.114969" lon="-3.846613">
        <ele>562.676506</ele>
        <time>2026-09-19T04:33:07.329Z</time>
      </trkpt>
      <trkpt lat="43.115305" lon="-3.846615">
        <ele>563.432453</ele>
        <time>2026-09-19T04:33:17.623Z</time>
      </trkpt>
      <trkpt lat="43.115578" lon="-3.846698">
        <ele>564.061599</ele>
        <time>2026-09-19T04:33:27.281Z</time>
      </trkpt>
      <trkpt lat="43.116344" lon="-3.846762">
        <ele>565.704995</ele>
        <time>2026-09-19T04:33:54.794Z</time>
      </trkpt>
      <trkpt lat="43.116766" lon="-3.846891">
        <ele>566.086585</ele>
        <time>2026-09-19T04:34:08.170Z</time>
      </trkpt>
      <trkpt lat="43.116853" lon="-3.846874">
        <ele>566.164143</ele>
        <time>2026-09-19T04:34:10.596Z</time>
      </trkpt>
      <trkpt lat="43.117561" lon="-3.846414">
        <ele>566.855691</ele>
        <time>2026-09-19T04:34:27.824Z</time>
      </trkpt>
      <trkpt lat="43.117671" lon="-3.846381">
        <ele>566.955070</ele>
        <time>2026-09-19T04:34:29.712Z</time>
      </trkpt>
      <trkpt lat="43.117953" lon="-3.846385">
        <ele>567.203959</ele>
        <time>2026-09-19T04:34:34.186Z</time>
      </trkpt>
      <trkpt lat="43.118253" lon="-3.846508">
        <ele>567.215281</ele>
        <time>2026-09-19T04:34:39.275Z</time>
      </trkpt>
      <trkpt lat="43.118346" lon="-3.846499">
        <ele>567.207312</ele>
        <time>2026-09-19T04:34:40.887Z</time>
      </trkpt>
      <trkpt lat="43.119077" lon="-3.846155">
        <ele>567.141250</ele>
        <time>2026-09-19T04:34:58.845Z</time>
      </trkpt>
      <trkpt lat="43.119737" lon="-3.845993">
        <ele>567.032204</ele>
        <time>2026-09-19T04:35:13.985Z</time>
      </trkpt>
      <trkpt lat="43.119943" lon="-3.845975">
        <ele>566.111345</ele>
        <time>2026-09-19T04:35:17.610Z</time>
      </trkpt>
      <trkpt lat="43.120237" lon="-3.845873">
        <ele>564.758372</ele>
        <time>2026-09-19T04:35:22.533Z</time>
      </trkpt>
      <trkpt lat="43.120336" lon="-3.845307">
        <ele>562.863147</ele>
        <time>2026-09-19T04:35:28.626Z</time>
      </trkpt>
      <trkpt lat="43.120371" lon="-3.845200">
        <ele>562.481340</ele>
        <time>2026-09-19T04:35:29.788Z</time>
      </trkpt>
      <trkpt lat="43.120426" lon="-3.845038">
        <ele>561.899555</ele>
        <time>2026-09-19T04:35:31.521Z</time>
      </trkpt>
      <trkpt lat="43.120578" lon="-3.844708">
        <ele>560.628927</ele>
        <time>2026-09-19T04:35:35.169Z</time>
      </trkpt>
      <trkpt lat="43.120663" lon="-3.844429">
        <ele>559.644473</ele>
        <time>2026-09-19T04:35:37.891Z</time>
      </trkpt>
      <trkpt lat="43.120716" lon="-3.844391">
        <ele>559.377613</ele>
        <time>2026-09-19T04:35:38.622Z</time>
      </trkpt>
      <trkpt lat="43.120998" lon="-3.844411">
        <ele>557.646109</ele>
        <time>2026-09-19T04:35:42.121Z</time>
      </trkpt>
      <trkpt lat="43.121116" lon="-3.844393">
        <ele>556.851476</ele>
        <time>2026-09-19T04:35:43.609Z</time>
      </trkpt>
      <trkpt lat="43.121246" lon="-3.844281">
        <ele>555.823675</ele>
        <time>2026-09-19T04:35:45.555Z</time>
      </trkpt>
      <trkpt lat="43.121372" lon="-3.844072">
        <ele>554.499449</ele>
        <time>2026-09-19T04:35:48.110Z</time>
      </trkpt>
      <trkpt lat="43.121474" lon="-3.843975">
        <ele>553.668440</ele>
        <time>2026-09-19T04:35:49.714Z</time>
      </trkpt>
      <trkpt lat="43.122098" lon="-3.843703">
        <ele>549.285837</ele>
        <time>2026-09-19T04:35:58.376Z</time>
      </trkpt>
      <trkpt lat="43.122213" lon="-3.843683">
        <ele>548.509987</ele>
        <time>2026-09-19T04:35:59.933Z</time>
      </trkpt>
      <trkpt lat="43.122282" lon="-3.843703">
        <ele>548.037961</ele>
        <time>2026-09-19T04:36:00.900Z</time>
      </trkpt>
      <trkpt lat="43.122758" lon="-3.843053">
        <ele>541.494463</ele>
        <time>2026-09-19T04:36:09.685Z</time>
      </trkpt>
      <trkpt lat="43.123246" lon="-3.842754">
        <ele>535.815406</ele>
        <time>2026-09-19T04:36:16.251Z</time>
      </trkpt>
      <trkpt lat="43.123219" lon="-3.842603">
        <ele>534.609941</ele>
        <time>2026-09-19T04:36:17.607Z</time>
      </trkpt>
      <trkpt lat="43.122716" lon="-3.841734">
        <ele>524.924760</ele>
        <time>2026-09-19T04:36:27.071Z</time>
      </trkpt>
      <trkpt lat="43.122681" lon="-3.841444">
        <ele>521.347073</ele>
        <time>2026-09-19T04:36:29.540Z</time>
      </trkpt>
      <trkpt lat="43.122844" lon="-3.840913">
        <ele>514.335646</ele>
        <time>2026-09-19T04:36:34.380Z</time>
      </trkpt>
      <trkpt lat="43.122828" lon="-3.840233">
        <ele>506.054692</ele>
        <time>2026-09-19T04:36:40.099Z</time>
      </trkpt>
      <trkpt lat="43.122969" lon="-3.839492">
        <ele>497.093603</ele>
        <time>2026-09-19T04:36:46.565Z</time>
      </trkpt>
      <trkpt lat="43.123030" lon="-3.839255">
        <ele>494.961136</ele>
        <time>2026-09-19T04:36:48.697Z</time>
      </trkpt>
      <trkpt lat="43.123145" lon="-3.839000">
        <ele>492.417583</ele>
        <time>2026-09-19T04:36:51.249Z</time>
      </trkpt>
      <trkpt lat="43.123235" lon="-3.838719">
        <ele>489.813662</ele>
        <time>2026-09-19T04:36:53.875Z</time>
      </trkpt>
      <trkpt lat="43.123254" lon="-3.838544">
        <ele>488.312347</ele>
        <time>2026-09-19T04:36:55.403Z</time>
      </trkpt>
      <trkpt lat="43.123411" lon="-3.838039">
        <ele>483.654600</ele>
        <time>2026-09-19T04:37:00.183Z</time>
      </trkpt>
      <trkpt lat="43.123581" lon="-3.837877">
        <ele>481.247142</ele>
        <time>2026-09-19T04:37:02.707Z</time>
      </trkpt>
      <trkpt lat="43.123991" lon="-3.837574">
        <ele>476.890075</ele>
        <time>2026-09-19T04:37:08.685Z</time>
      </trkpt>
      <trkpt lat="43.124356" lon="-3.837456">
        <ele>476.445391</ele>
        <time>2026-09-19T04:37:14.161Z</time>
      </trkpt>
      <trkpt lat="43.124615" lon="-3.837460">
        <ele>476.138262</ele>
        <time>2026-09-19T04:37:18.971Z</time>
      </trkpt>
      <trkpt lat="43.124961" lon="-3.837570">
        <ele>475.717092</ele>
        <time>2026-09-19T04:37:27.507Z</time>
      </trkpt>
      <trkpt lat="43.125618" lon="-3.837934">
        <ele>474.875835</ele>
        <time>2026-09-19T04:37:47.706Z</time>
      </trkpt>
      <trkpt lat="43.126937" lon="-3.838474">
        <ele>471.354828</ele>
        <time>2026-09-19T04:38:10.161Z</time>
      </trkpt>
      <trkpt lat="43.127494" lon="-3.838623">
        <ele>469.417787</ele>
        <time>2026-09-19T04:38:17.464Z</time>
      </trkpt>
      <trkpt lat="43.127696" lon="-3.838662">
        <ele>468.218507</ele>
        <time>2026-09-19T04:38:20.065Z</time>
      </trkpt>
      <trkpt lat="43.128087" lon="-3.838680">
        <ele>465.918538</ele>
        <time>2026-09-19T04:38:25.097Z</time>
      </trkpt>
      <trkpt lat="43.128490" lon="-3.838548">
        <ele>463.482565</ele>
        <time>2026-09-19T04:38:30.611Z</time>
      </trkpt>
      <trkpt lat="43.128653" lon="-3.838570">
        <ele>462.519657</ele>
        <time>2026-09-19T04:38:32.831Z</time>
      </trkpt>
      <trkpt lat="43.128807" lon="-3.838684">
        <ele>461.490619</ele>
        <time>2026-09-19T04:38:35.214Z</time>
      </trkpt>
      <trkpt lat="43.129140" lon="-3.839189">
        <ele>458.063604</ele>
        <time>2026-09-19T04:38:41.888Z</time>
      </trkpt>
      <trkpt lat="43.129342" lon="-3.839303">
        <ele>456.204483</ele>
        <time>2026-09-19T04:38:44.717Z</time>
      </trkpt>
      <trkpt lat="43.129733" lon="-3.839369">
        <ele>452.851916</ele>
        <time>2026-09-19T04:38:49.672Z</time>
      </trkpt>
      <trkpt lat="43.130213" lon="-3.839338">
        <ele>448.762577</ele>
        <time>2026-09-19T04:38:55.468Z</time>
      </trkpt>
      <trkpt lat="43.130412" lon="-3.839272">
        <ele>447.020184</ele>
        <time>2026-09-19T04:38:57.900Z</time>
      </trkpt>
      <trkpt lat="43.131084" lon="-3.838842">
        <ele>442.055840</ele>
        <time>2026-09-19T04:39:07.054Z</time>
      </trkpt>
      <trkpt lat="43.131257" lon="-3.838847">
        <ele>441.121210</ele>
        <time>2026-09-19T04:39:09.384Z</time>
      </trkpt>
      <trkpt lat="43.131404" lon="-3.838891">
        <ele>440.308499</ele>
        <time>2026-09-19T04:39:11.521Z</time>
      </trkpt>
      <trkpt lat="43.131779" lon="-3.839211">
        <ele>437.922367</ele>
        <time>2026-09-19T04:39:18.241Z</time>
      </trkpt>
      <trkpt lat="43.132080" lon="-3.839808">
        <ele>435.062145</ele>
        <time>2026-09-19T04:39:26.183Z</time>
      </trkpt>
      <trkpt lat="43.132179" lon="-3.839900">
        <ele>434.356812</ele>
        <time>2026-09-19T04:39:27.858Z</time>
      </trkpt>
      <trkpt lat="43.132278" lon="-3.839908">
        <ele>433.701655</ele>
        <time>2026-09-19T04:39:29.204Z</time>
      </trkpt>
      <trkpt lat="43.132442" lon="-3.839794">
        <ele>432.486795</ele>
        <time>2026-09-19T04:39:31.575Z</time>
      </trkpt>
      <trkpt lat="43.132813" lon="-3.839790">
        <ele>430.035792</ele>
        <time>2026-09-19T04:39:36.166Z</time>
      </trkpt>
      <trkpt lat="43.133370" lon="-3.839667">
        <ele>426.308624</ele>
        <time>2026-09-19T04:39:43.079Z</time>
      </trkpt>
      <trkpt lat="43.133543" lon="-3.839584">
        <ele>425.097714</ele>
        <time>2026-09-19T04:39:45.397Z</time>
      </trkpt>
      <trkpt lat="43.133703" lon="-3.839452">
        <ele>423.863929</ele>
        <time>2026-09-19T04:39:47.870Z</time>
      </trkpt>
      <trkpt lat="43.133956" lon="-3.839395">
        <ele>422.282337</ele>
        <time>2026-09-19T04:39:51.599Z</time>
      </trkpt>
      <trkpt lat="43.134072" lon="-3.839549">
        <ele>421.405696</ele>
        <time>2026-09-19T04:39:54.165Z</time>
      </trkpt>
      <trkpt lat="43.134405" lon="-3.839897">
        <ele>419.132630</ele>
        <time>2026-09-19T04:40:01.159Z</time>
      </trkpt>
      <trkpt lat="43.134734" lon="-3.840242">
        <ele>416.884035</ele>
        <time>2026-09-19T04:40:07.239Z</time>
      </trkpt>
      <trkpt lat="43.134882" lon="-3.840343">
        <ele>415.986627</ele>
        <time>2026-09-19T04:40:09.448Z</time>
      </trkpt>
      <trkpt lat="43.135013" lon="-3.840369">
        <ele>415.268173</ele>
        <time>2026-09-19T04:40:11.170Z</time>
      </trkpt>
      <trkpt lat="43.135179" lon="-3.840352">
        <ele>414.364654</ele>
        <time>2026-09-19T04:40:13.274Z</time>
      </trkpt>
      <trkpt lat="43.135477" lon="-3.840154">
        <ele>412.331359</ele>
        <time>2026-09-19T04:40:17.293Z</time>
      </trkpt>
      <trkpt lat="43.135689" lon="-3.839935">
        <ele>410.166966</ele>
        <time>2026-09-19T04:40:20.449Z</time>
      </trkpt>
      <trkpt lat="43.136025" lon="-3.839382">
        <ele>405.885988</ele>
        <time>2026-09-19T04:40:26.658Z</time>
      </trkpt>
      <trkpt lat="43.136143" lon="-3.839285">
        <ele>404.764186</ele>
        <time>2026-09-19T04:40:28.318Z</time>
      </trkpt>
      <trkpt lat="43.136275" lon="-3.839285">
        <ele>403.688057</ele>
        <time>2026-09-19T04:40:29.930Z</time>
      </trkpt>
      <trkpt lat="43.136681" lon="-3.839509">
        <ele>400.119955</ele>
        <time>2026-09-19T04:40:35.726Z</time>
      </trkpt>
      <trkpt lat="43.136870" lon="-3.839531">
        <ele>398.573585</ele>
        <time>2026-09-19T04:40:38.692Z</time>
      </trkpt>
      <trkpt lat="43.137210" lon="-3.839496">
        <ele>397.944267</ele>
        <time>2026-09-19T04:40:46.328Z</time>
      </trkpt>
      <trkpt lat="43.137427" lon="-3.839606">
        <ele>397.630570</ele>
        <time>2026-09-19T04:40:52.623Z</time>
      </trkpt>
      <trkpt lat="43.138170" lon="-3.840093">
        <ele>396.513898</ele>
        <time>2026-09-19T04:41:09.498Z</time>
      </trkpt>
      <trkpt lat="43.138503" lon="-3.840185">
        <ele>396.053325</ele>
        <time>2026-09-19T04:41:14.529Z</time>
      </trkpt>
      <trkpt lat="43.138906" lon="-3.840238">
        <ele>395.386273</ele>
        <time>2026-09-19T04:41:20.092Z</time>
      </trkpt>
      <trkpt lat="43.139262" lon="-3.840137">
        <ele>394.757987</ele>
        <time>2026-09-19T04:41:25.043Z</time>
      </trkpt>
      <trkpt lat="43.139464" lon="-3.840141">
        <ele>394.408853</ele>
        <time>2026-09-19T04:41:27.841Z</time>
      </trkpt>
      <trkpt lat="43.139925" lon="-3.840281">
        <ele>393.592825</ele>
        <time>2026-09-19T04:41:35.550Z</time>
      </trkpt>
      <trkpt lat="43.140411" lon="-3.840689">
        <ele>392.836690</ele>
        <time>2026-09-19T04:41:51.552Z</time>
      </trkpt>
      <trkpt lat="43.140619" lon="-3.840825">
        <ele>392.855899</ele>
        <time>2026-09-19T04:41:58.675Z</time>
      </trkpt>
      <trkpt lat="43.140808" lon="-3.840909">
        <ele>392.872460</ele>
        <time>2026-09-19T04:42:04.539Z</time>
      </trkpt>
      <trkpt lat="43.141193" lon="-3.840966">
        <ele>392.904737</ele>
        <time>2026-09-19T04:42:14.987Z</time>
      </trkpt>
      <trkpt lat="43.141410" lon="-3.840940">
        <ele>392.922894</ele>
        <time>2026-09-19T04:42:19.786Z</time>
      </trkpt>
      <trkpt lat="43.141967" lon="-3.840742">
        <ele>392.970857</ele>
        <time>2026-09-19T04:42:29.386Z</time>
      </trkpt>
      <trkpt lat="43.142316" lon="-3.840685">
        <ele>391.304151</ele>
        <time>2026-09-19T04:42:34.423Z</time>
      </trkpt>
      <trkpt lat="43.143162" lon="-3.840839">
        <ele>386.363330</ele>
        <time>2026-09-19T04:42:45.882Z</time>
      </trkpt>
      <trkpt lat="43.143664" lon="-3.840817">
        <ele>383.455581</ele>
        <time>2026-09-19T04:42:52.294Z</time>
      </trkpt>
      <trkpt lat="43.143998" lon="-3.840720">
        <ele>381.129385</ele>
        <time>2026-09-19T04:42:56.495Z</time>
      </trkpt>
      <trkpt lat="43.144357" lon="-3.840660">
        <ele>378.360366</ele>
        <time>2026-09-19T04:43:00.872Z</time>
      </trkpt>
      <trkpt lat="43.144675" lon="-3.840675">
        <ele>375.924181</ele>
        <time>2026-09-19T04:43:04.709Z</time>
      </trkpt>
      <trkpt lat="43.145181" lon="-3.840810">
        <ele>371.977308</ele>
        <time>2026-09-19T04:43:11.054Z</time>
      </trkpt>
      <trkpt lat="43.145318" lon="-3.840814">
        <ele>370.928140</ele>
        <time>2026-09-19T04:43:12.839Z</time>
      </trkpt>
      <trkpt lat="43.145336" lon="-3.840758">
        <ele>370.586296</ele>
        <time>2026-09-19T04:43:13.435Z</time>
      </trkpt>
      <trkpt lat="43.145363" lon="-3.840601">
        <ele>369.685214</ele>
        <time>2026-09-19T04:43:15.059Z</time>
      </trkpt>
      <trkpt lat="43.145830" lon="-3.840441">
        <ele>369.603858</ele>
        <time>2026-09-19T04:43:23.038Z</time>
      </trkpt>
      <trkpt lat="43.146635" lon="-3.840019">
        <ele>371.522767</ele>
        <time>2026-09-19T04:43:54.512Z</time>
      </trkpt>
      <trkpt lat="43.146871" lon="-3.839938">
        <ele>372.064431</ele>
        <time>2026-09-19T04:44:05.322Z</time>
      </trkpt>
      <trkpt lat="43.147547" lon="-3.839843">
        <ele>373.235233</ele>
        <time>2026-09-19T04:44:30.820Z</time>
      </trkpt>
      <trkpt lat="43.148360" lon="-3.840031">
        <ele>374.266618</ele>
        <time>2026-09-19T04:44:46.235Z</time>
      </trkpt>
      <trkpt lat="43.148798" lon="-3.839955">
        <ele>374.818902</ele>
        <time>2026-09-19T04:44:54.334Z</time>
      </trkpt>
      <trkpt lat="43.149072" lon="-3.840000">
        <ele>375.561991</ele>
        <time>2026-09-19T04:45:01.007Z</time>
      </trkpt>
      <trkpt lat="43.149346" lon="-3.839962">
        <ele>377.071506</ele>
        <time>2026-09-19T04:45:09.232Z</time>
      </trkpt>
      <trkpt lat="43.149853" lon="-3.839772">
        <ele>379.952467</ele>
        <time>2026-09-19T04:45:30.671Z</time>
      </trkpt>
      <trkpt lat="43.150419" lon="-3.839211">
        <ele>383.780956</ele>
        <time>2026-09-19T04:46:09.848Z</time>
      </trkpt>
      <trkpt lat="43.150657" lon="-3.839060">
        <ele>384.912329</ele>
        <time>2026-09-19T04:46:24.572Z</time>
      </trkpt>
      <trkpt lat="43.151343" lon="-3.838519">
        <ele>385.011545</ele>
        <time>2026-09-19T04:46:52.841Z</time>
      </trkpt>
      <trkpt lat="43.151412" lon="-3.838347">
        <ele>385.029497</ele>
        <time>2026-09-19T04:46:55.442Z</time>
      </trkpt>
      <trkpt lat="43.151512" lon="-3.838235">
        <ele>385.045686</ele>
        <time>2026-09-19T04:46:57.520Z</time>
      </trkpt>
      <trkpt lat="43.151610" lon="-3.838224">
        <ele>385.058012</ele>
        <time>2026-09-19T04:46:58.988Z</time>
      </trkpt>
      <trkpt lat="43.151745" lon="-3.838347">
        <ele>385.078334</ele>
        <time>2026-09-19T04:47:01.319Z</time>
      </trkpt>
      <trkpt lat="43.152071" lon="-3.838372">
        <ele>385.119266</ele>
        <time>2026-09-19T04:47:05.703Z</time>
      </trkpt>
      <trkpt lat="43.152360" lon="-3.838266">
        <ele>383.479820</ele>
        <time>2026-09-19T04:47:09.513Z</time>
      </trkpt>
      <trkpt lat="43.152952" lon="-3.837894">
        <ele>378.321046</ele>
        <time>2026-09-19T04:47:17.517Z</time>
      </trkpt>
      <trkpt lat="43.153364" lon="-3.837705">
        <ele>374.879495</ele>
        <time>2026-09-19T04:47:22.870Z</time>
      </trkpt>
      <trkpt lat="43.153538" lon="-3.837670">
        <ele>373.486402</ele>
        <time>2026-09-19T04:47:25.068Z</time>
      </trkpt>
      <trkpt lat="43.154127" lon="-3.837722">
        <ele>370.636582</ele>
        <time>2026-09-19T04:47:32.532Z</time>
      </trkpt>
      <trkpt lat="43.154514" lon="-3.837863">
        <ele>370.259637</ele>
        <time>2026-09-19T04:47:38.181Z</time>
      </trkpt>
      <trkpt lat="43.154749" lon="-3.837814">
        <ele>370.035879</ele>
        <time>2026-09-19T04:47:42.291Z</time>
      </trkpt>
      <trkpt lat="43.154865" lon="-3.837743">
        <ele>369.916294</ele>
        <time>2026-09-19T04:47:45.189Z</time>
      </trkpt>
      <trkpt lat="43.155041" lon="-3.837491">
        <ele>369.676722</ele>
        <time>2026-09-19T04:47:53.320Z</time>
      </trkpt>
      <trkpt lat="43.155259" lon="-3.836933">
        <ele>369.242049</ele>
        <time>2026-09-19T04:48:10.970Z</time>
      </trkpt>
      <trkpt lat="43.155356" lon="-3.836066">
        <ele>367.271029</ele>
        <time>2026-09-19T04:48:31.602Z</time>
      </trkpt>
      <trkpt lat="43.155523" lon="-3.835577">
        <ele>365.977477</ele>
        <time>2026-09-19T04:48:37.588Z</time>
      </trkpt>
      <trkpt lat="43.155684" lon="-3.835244">
        <ele>365.020380</ele>
        <time>2026-09-19T04:48:41.345Z</time>
      </trkpt>
      <trkpt lat="43.155886" lon="-3.835120">
        <ele>364.293509</ele>
        <time>2026-09-19T04:48:44.086Z</time>
      </trkpt>
      <trkpt lat="43.156279" lon="-3.834985">
        <ele>363.030415</ele>
        <time>2026-09-19T04:48:48.999Z</time>
      </trkpt>
      <trkpt lat="43.156415" lon="-3.834977">
        <ele>362.677694</ele>
        <time>2026-09-19T04:48:50.650Z</time>
      </trkpt>
      <trkpt lat="43.156542" lon="-3.834980">
        <ele>362.348569</ele>
        <time>2026-09-19T04:48:52.215Z</time>
      </trkpt>
      <trkpt lat="43.156664" lon="-3.835030">
        <ele>362.018623</ele>
        <time>2026-09-19T04:48:53.824Z</time>
      </trkpt>
      <trkpt lat="43.156890" lon="-3.835193">
        <ele>361.356917</ele>
        <time>2026-09-19T04:48:57.134Z</time>
      </trkpt>
      <trkpt lat="43.157025" lon="-3.835249">
        <ele>360.991447</ele>
        <time>2026-09-19T04:48:59.095Z</time>
      </trkpt>
      <trkpt lat="43.157173" lon="-3.835199">
        <ele>360.596483</ele>
        <time>2026-09-19T04:49:01.408Z</time>
      </trkpt>
      <trkpt lat="43.157261" lon="-3.835109">
        <ele>360.311995</ele>
        <time>2026-09-19T04:49:03.321Z</time>
      </trkpt>
      <trkpt lat="43.157365" lon="-3.834926">
        <ele>359.873509</ele>
        <time>2026-09-19T04:49:07.170Z</time>
      </trkpt>
      <trkpt lat="43.157707" lon="-3.833932">
        <ele>359.101170</ele>
        <time>2026-09-19T04:49:39.098Z</time>
      </trkpt>
      <trkpt lat="43.157957" lon="-3.833359">
        <ele>359.833073</ele>
        <time>2026-09-19T04:50:00.335Z</time>
      </trkpt>
      <trkpt lat="43.158039" lon="-3.833123">
        <ele>360.119625</ele>
        <time>2026-09-19T04:50:06.989Z</time>
      </trkpt>
      <trkpt lat="43.158090" lon="-3.832890">
        <ele>360.386290</ele>
        <time>2026-09-19T04:50:11.472Z</time>
      </trkpt>
      <trkpt lat="43.158232" lon="-3.832536">
        <ele>360.829146</ele>
        <time>2026-09-19T04:50:16.363Z</time>
      </trkpt>
      <trkpt lat="43.158293" lon="-3.832477">
        <ele>360.941333</ele>
        <time>2026-09-19T04:50:17.447Z</time>
      </trkpt>
      <trkpt lat="43.158412" lon="-3.832432">
        <ele>361.126837</ele>
        <time>2026-09-19T04:50:19.172Z</time>
      </trkpt>
      <trkpt lat="43.158656" lon="-3.832396">
        <ele>360.808191</ele>
        <time>2026-09-19T04:50:22.449Z</time>
      </trkpt>
      <trkpt lat="43.158785" lon="-3.832345">
        <ele>360.196919</ele>
        <time>2026-09-19T04:50:24.260Z</time>
      </trkpt>
      <trkpt lat="43.159073" lon="-3.832159">
        <ele>358.747431</ele>
        <time>2026-09-19T04:50:28.588Z</time>
      </trkpt>
      <trkpt lat="43.159483" lon="-3.832186">
        <ele>356.878553</ele>
        <time>2026-09-19T04:50:34.290Z</time>
      </trkpt>
      <trkpt lat="43.159521" lon="-3.832277">
        <ele>356.530307</ele>
        <time>2026-09-19T04:50:35.347Z</time>
      </trkpt>
      <trkpt lat="43.159677" lon="-3.832330">
        <ele>355.798554</ele>
        <time>2026-09-19T04:50:37.565Z</time>
      </trkpt>
      <trkpt lat="43.159869" lon="-3.832330">
        <ele>354.924380</ele>
        <time>2026-09-19T04:50:40.183Z</time>
      </trkpt>
      <trkpt lat="43.159925" lon="-3.832305">
        <ele>354.656235</ele>
        <time>2026-09-19T04:50:41.002Z</time>
      </trkpt>
      <trkpt lat="43.160230" lon="-3.831761">
        <ele>351.747697</ele>
        <time>2026-09-19T04:50:47.992Z</time>
      </trkpt>
      <trkpt lat="43.160353" lon="-3.831656">
        <ele>350.540063</ele>
        <time>2026-09-19T04:50:50.052Z</time>
      </trkpt>
      <trkpt lat="43.161840" lon="-3.830685">
        <ele>336.673721</ele>
        <time>2026-09-19T04:51:10.251Z</time>
      </trkpt>
      <trkpt lat="43.162026" lon="-3.830533">
        <ele>334.680726</ele>
        <time>2026-09-19T04:51:12.885Z</time>
      </trkpt>
      <trkpt lat="43.162307" lon="-3.830205">
        <ele>331.283978</ele>
        <time>2026-09-19T04:51:17.449Z</time>
      </trkpt>
      <trkpt lat="43.162577" lon="-3.830045">
        <ele>328.576707</ele>
        <time>2026-09-19T04:51:21.141Z</time>
      </trkpt>
      <trkpt lat="43.162813" lon="-3.829719">
        <ele>325.493197</ele>
        <time>2026-09-19T04:51:25.374Z</time>
      </trkpt>
      <trkpt lat="43.162952" lon="-3.829374">
        <ele>322.847217</ele>
        <time>2026-09-19T04:51:28.996Z</time>
      </trkpt>
      <trkpt lat="43.162993" lon="-3.829152">
        <ele>321.200244</ele>
        <time>2026-09-19T04:51:31.067Z</time>
      </trkpt>
      <trkpt lat="43.163173" lon="-3.828500">
        <ele>314.694340</ele>
        <time>2026-09-19T04:51:37.093Z</time>
      </trkpt>
      <trkpt lat="43.163218" lon="-3.828093">
        <ele>310.852713</ele>
        <time>2026-09-19T04:51:40.610Z</time>
      </trkpt>
      <trkpt lat="43.163269" lon="-3.827955">
        <ele>309.408989</ele>
        <time>2026-09-19T04:51:41.929Z</time>
      </trkpt>
      <trkpt lat="43.163421" lon="-3.827744">
        <ele>306.641430</ele>
        <time>2026-09-19T04:51:44.454Z</time>
      </trkpt>
      <trkpt lat="43.163519" lon="-3.827708">
        <ele>305.343358</ele>
        <time>2026-09-19T04:51:45.651Z</time>
      </trkpt>
      <trkpt lat="43.163731" lon="-3.827700">
        <ele>302.629934</ele>
        <time>2026-09-19T04:51:48.125Z</time>
      </trkpt>
      <trkpt lat="43.163822" lon="-3.828728">
        <ele>296.051136</ele>
        <time>2026-09-19T04:51:54.463Z</time>
      </trkpt>
      <trkpt lat="43.163983" lon="-3.829185">
        <ele>293.918477</ele>
        <time>2026-09-19T04:51:57.774Z</time>
      </trkpt>
      <trkpt lat="43.164039" lon="-3.829272">
        <ele>293.430890</ele>
        <time>2026-09-19T04:51:58.645Z</time>
      </trkpt>
      <trkpt lat="43.164166" lon="-3.829367">
        <ele>292.597406</ele>
        <time>2026-09-19T04:52:00.145Z</time>
      </trkpt>
      <trkpt lat="43.164360" lon="-3.829460">
        <ele>291.413393</ele>
        <time>2026-09-19T04:52:02.364Z</time>
      </trkpt>
      <trkpt lat="43.164546" lon="-3.829532">
        <ele>290.299929</ele>
        <time>2026-09-19T04:52:04.523Z</time>
      </trkpt>
      <trkpt lat="43.164729" lon="-3.829674">
        <ele>289.088495</ele>
        <time>2026-09-19T04:52:07.028Z</time>
      </trkpt>
      <trkpt lat="43.165465" lon="-3.830449">
        <ele>290.178737</ele>
        <time>2026-09-19T04:52:20.562Z</time>
      </trkpt>
      <trkpt lat="43.165639" lon="-3.830745">
        <ele>290.879541</ele>
        <time>2026-09-19T04:52:27.317Z</time>
      </trkpt>
      <trkpt lat="43.165748" lon="-3.831105">
        <ele>291.598078</ele>
        <time>2026-09-19T04:52:35.612Z</time>
      </trkpt>
      <trkpt lat="43.165843" lon="-3.831677">
        <ele>292.679499</ele>
        <time>2026-09-19T04:52:50.843Z</time>
      </trkpt>
      <trkpt lat="43.165860" lon="-3.831933">
        <ele>293.750004</ele>
        <time>2026-09-19T04:52:58.589Z</time>
      </trkpt>
      <trkpt lat="43.165751" lon="-3.833443">
        <ele>300.809995</ele>
        <time>2026-09-19T04:53:53.542Z</time>
      </trkpt>
      <trkpt lat="43.165782" lon="-3.833813">
        <ele>302.542838</ele>
        <time>2026-09-19T04:54:05.769Z</time>
      </trkpt>
      <trkpt lat="43.165835" lon="-3.834014">
        <ele>303.537279</ele>
        <time>2026-09-19T04:54:11.342Z</time>
      </trkpt>
      <trkpt lat="43.166283" lon="-3.834757">
        <ele>301.862140</ele>
        <time>2026-09-19T04:54:22.315Z</time>
      </trkpt>
      <trkpt lat="43.166451" lon="-3.834942">
        <ele>301.000668</ele>
        <time>2026-09-19T04:54:24.339Z</time>
      </trkpt>
      <trkpt lat="43.167040" lon="-3.835240">
        <ele>298.490661</ele>
        <time>2026-09-19T04:54:29.862Z</time>
      </trkpt>
      <trkpt lat="43.167572" lon="-3.835226">
        <ele>297.065075</ele>
        <time>2026-09-19T04:54:34.566Z</time>
      </trkpt>
      <trkpt lat="43.167813" lon="-3.835249">
        <ele>297.093980</ele>
        <time>2026-09-19T04:54:36.801Z</time>
      </trkpt>
      <trkpt lat="43.167987" lon="-3.835401">
        <ele>297.118666</ele>
        <time>2026-09-19T04:54:38.835Z</time>
      </trkpt>
      <trkpt lat="43.168118" lon="-3.835624">
        <ele>297.143654</ele>
        <time>2026-09-19T04:54:41.122Z</time>
      </trkpt>
      <trkpt lat="43.168169" lon="-3.835762">
        <ele>297.157155</ele>
        <time>2026-09-19T04:54:42.567Z</time>
      </trkpt>
      <trkpt lat="43.168507" lon="-3.837576">
        <ele>300.234865</ele>
        <time>2026-09-19T04:55:32.410Z</time>
      </trkpt>
      <trkpt lat="43.168486" lon="-3.837938">
        <ele>301.789369</ele>
        <time>2026-09-19T04:55:44.770Z</time>
      </trkpt>
      <trkpt lat="43.168444" lon="-3.838201">
        <ele>302.941863</ele>
        <time>2026-09-19T04:55:53.479Z</time>
      </trkpt>
      <trkpt lat="43.168256" lon="-3.838927">
        <ele>306.239724</ele>
        <time>2026-09-19T04:56:16.835Z</time>
      </trkpt>
      <trkpt lat="43.168135" lon="-3.840009">
        <ele>306.182663</ele>
        <time>2026-09-19T04:56:42.223Z</time>
      </trkpt>
      <trkpt lat="43.168089" lon="-3.840594">
        <ele>304.859008</ele>
        <time>2026-09-19T04:56:46.825Z</time>
      </trkpt>
      <trkpt lat="43.168153" lon="-3.840998">
        <ele>303.928969</ele>
        <time>2026-09-19T04:56:49.616Z</time>
      </trkpt>
      <trkpt lat="43.168418" lon="-3.842313">
        <ele>297.000744</ele>
        <time>2026-09-19T04:56:58.212Z</time>
      </trkpt>
      <trkpt lat="43.168434" lon="-3.842635">
        <ele>294.285925</ele>
        <time>2026-09-19T04:57:00.176Z</time>
      </trkpt>
      <trkpt lat="43.168385" lon="-3.842962">
        <ele>291.477873</ele>
        <time>2026-09-19T04:57:02.202Z</time>
      </trkpt>
      <trkpt lat="43.168196" lon="-3.843814">
        <ele>283.987006</ele>
        <time>2026-09-19T04:57:07.674Z</time>
      </trkpt>
      <trkpt lat="43.167950" lon="-3.844445">
        <ele>279.924941</ele>
        <time>2026-09-19T04:57:12.138Z</time>
      </trkpt>
      <trkpt lat="43.167755" lon="-3.844727">
        <ele>278.454402</ele>
        <time>2026-09-19T04:57:14.593Z</time>
      </trkpt>
      <trkpt lat="43.167202" lon="-3.845309">
        <ele>274.837311</ele>
        <time>2026-09-19T04:57:21.032Z</time>
      </trkpt>
      <trkpt lat="43.167007" lon="-3.845586">
        <ele>273.380435</ele>
        <time>2026-09-19T04:57:24.190Z</time>
      </trkpt>
      <trkpt lat="43.166019" lon="-3.847247">
        <ele>276.021137</ele>
        <time>2026-09-19T04:58:07.007Z</time>
      </trkpt>
      <trkpt lat="43.165795" lon="-3.847774">
        <ele>277.297644</ele>
        <time>2026-09-19T04:58:21.400Z</time>
      </trkpt>
      <trkpt lat="43.165775" lon="-3.847890">
        <ele>277.589027</ele>
        <time>2026-09-19T04:58:23.963Z</time>
      </trkpt>
      <trkpt lat="43.165782" lon="-3.848040">
        <ele>277.971669</ele>
        <time>2026-09-19T04:58:27.236Z</time>
      </trkpt>
      <trkpt lat="43.165854" lon="-3.848274">
        <ele>278.618211</ele>
        <time>2026-09-19T04:58:32.345Z</time>
      </trkpt>
      <trkpt lat="43.166014" lon="-3.848433">
        <ele>279.307925</ele>
        <time>2026-09-19T04:58:36.981Z</time>
      </trkpt>
      <trkpt lat="43.166152" lon="-3.848504">
        <ele>279.822383</ele>
        <time>2026-09-19T04:58:40.371Z</time>
      </trkpt>
      <trkpt lat="43.166259" lon="-3.848597">
        <ele>280.264566</ele>
        <time>2026-09-19T04:58:43.319Z</time>
      </trkpt>
      <trkpt lat="43.166663" lon="-3.849067">
        <ele>282.113866</ele>
        <time>2026-09-19T04:58:57.423Z</time>
      </trkpt>
      <trkpt lat="43.166871" lon="-3.849307">
        <ele>283.062726</ele>
        <time>2026-09-19T04:59:06.149Z</time>
      </trkpt>
      <trkpt lat="43.166989" lon="-3.849523">
        <ele>283.715075</ele>
        <time>2026-09-19T04:59:12.997Z</time>
      </trkpt>
      <trkpt lat="43.167206" lon="-3.850103">
        <ele>284.889361</ele>
        <time>2026-09-19T04:59:30.526Z</time>
      </trkpt>
      <trkpt lat="43.167329" lon="-3.850433">
        <ele>285.556963</ele>
        <time>2026-09-19T04:59:39.615Z</time>
      </trkpt>
      <trkpt lat="43.167457" lon="-3.850835">
        <ele>286.347141</ele>
        <time>2026-09-19T04:59:50.056Z</time>
      </trkpt>
      <trkpt lat="43.167596" lon="-3.851442">
        <ele>287.493239</ele>
        <time>2026-09-19T05:00:00.305Z</time>
      </trkpt>
      <trkpt lat="43.167615" lon="-3.852841">
        <ele>283.116115</ele>
        <time>2026-09-19T05:00:10.338Z</time>
      </trkpt>
      <trkpt lat="43.167556" lon="-3.853104">
        <ele>281.849600</ele>
        <time>2026-09-19T05:00:12.122Z</time>
      </trkpt>
      <trkpt lat="43.167356" lon="-3.853541">
        <ele>279.474947</ele>
        <time>2026-09-19T05:00:15.423Z</time>
      </trkpt>
      <trkpt lat="43.167325" lon="-3.853884">
        <ele>277.884091</ele>
        <time>2026-09-19T05:00:17.611Z</time>
      </trkpt>
      <trkpt lat="43.167119" lon="-3.855159">
        <ele>269.665825</ele>
        <time>2026-09-19T05:00:25.810Z</time>
      </trkpt>
      <trkpt lat="43.167037" lon="-3.856068">
        <ele>263.530995</ele>
        <time>2026-09-19T05:00:31.555Z</time>
      </trkpt>
      <trkpt lat="43.166879" lon="-3.856852">
        <ele>260.604027</ele>
        <time>2026-09-19T05:00:36.734Z</time>
      </trkpt>
      <trkpt lat="43.166823" lon="-3.857138">
        <ele>260.976769</ele>
        <time>2026-09-19T05:00:38.794Z</time>
      </trkpt>
      <trkpt lat="43.166822" lon="-3.857361">
        <ele>261.257470</ele>
        <time>2026-09-19T05:00:40.698Z</time>
      </trkpt>
      <trkpt lat="43.166844" lon="-3.857514">
        <ele>261.453761</ele>
        <time>2026-09-19T05:00:42.933Z</time>
      </trkpt>
      <trkpt lat="43.166923" lon="-3.857892">
        <ele>261.948706</ele>
        <time>2026-09-19T05:00:51.162Z</time>
      </trkpt>
      <trkpt lat="43.166940" lon="-3.857966">
        <ele>262.046362</ele>
        <time>2026-09-19T05:00:52.640Z</time>
      </trkpt>
      <trkpt lat="43.167013" lon="-3.858404">
        <ele>262.611893</ele>
        <time>2026-09-19T05:01:03.334Z</time>
      </trkpt>
      <trkpt lat="43.167004" lon="-3.859099">
        <ele>264.011101</ele>
        <time>2026-09-19T05:01:28.468Z</time>
      </trkpt>
      <trkpt lat="43.167018" lon="-3.859262">
        <ele>264.827641</ele>
        <time>2026-09-19T05:01:36.195Z</time>
      </trkpt>
      <trkpt lat="43.167074" lon="-3.859557">
        <ele>266.344181</ele>
        <time>2026-09-19T05:01:50.999Z</time>
      </trkpt>
      <trkpt lat="43.167161" lon="-3.859844">
        <ele>267.890437</ele>
        <time>2026-09-19T05:02:06.781Z</time>
      </trkpt>
      <trkpt lat="43.167437" lon="-3.860351">
        <ele>271.037903</ele>
        <time>2026-09-19T05:02:31.984Z</time>
      </trkpt>
      <trkpt lat="43.167649" lon="-3.860612">
        <ele>272.981405</ele>
        <time>2026-09-19T05:02:41.486Z</time>
      </trkpt>
      <trkpt lat="43.167827" lon="-3.860966">
        <ele>275.120529</ele>
        <time>2026-09-19T05:02:49.894Z</time>
      </trkpt>
      <trkpt lat="43.168447" lon="-3.861636">
        <ele>271.613618</ele>
        <time>2026-09-19T05:02:57.602Z</time>
      </trkpt>
      <trkpt lat="43.168689" lon="-3.861786">
        <ele>270.156059</ele>
        <time>2026-09-19T05:02:59.937Z</time>
      </trkpt>
      <trkpt lat="43.169125" lon="-3.861954">
        <ele>267.670501</ele>
        <time>2026-09-19T05:03:03.852Z</time>
      </trkpt>
      <trkpt lat="43.169945" lon="-3.862322">
        <ele>265.719447</ele>
        <time>2026-09-19T05:03:11.603Z</time>
      </trkpt>
      <trkpt lat="43.170257" lon="-3.862508">
        <ele>265.728033</ele>
        <time>2026-09-19T05:03:16.429Z</time>
      </trkpt>
      <trkpt lat="43.170319" lon="-3.862618">
        <ele>265.730591</ele>
        <time>2026-09-19T05:03:18.670Z</time>
      </trkpt>
      <trkpt lat="43.170368" lon="-3.862816">
        <ele>265.734440</ele>
        <time>2026-09-19T05:03:22.509Z</time>
      </trkpt>
      <trkpt lat="43.170326" lon="-3.863983">
        <ele>266.101112</ele>
        <time>2026-09-19T05:03:51.913Z</time>
      </trkpt>
      <trkpt lat="43.170328" lon="-3.864786">
        <ele>267.440606</ele>
        <time>2026-09-19T05:04:14.030Z</time>
      </trkpt>
      <trkpt lat="43.170378" lon="-3.865835">
        <ele>269.194178</ele>
        <time>2026-09-19T05:04:29.396Z</time>
      </trkpt>
      <trkpt lat="43.170654" lon="-3.867186">
        <ele>267.780899</ele>
        <time>2026-09-19T05:04:40.821Z</time>
      </trkpt>
      <trkpt lat="43.170776" lon="-3.867551">
        <ele>266.943989</ele>
        <time>2026-09-19T05:04:43.986Z</time>
      </trkpt>
      <trkpt lat="43.171022" lon="-3.868113">
        <ele>265.577754</ele>
        <time>2026-09-19T05:04:48.799Z</time>
      </trkpt>
      <trkpt lat="43.171468" lon="-3.868642">
        <ele>263.350290</ele>
        <time>2026-09-19T05:04:54.265Z</time>
      </trkpt>
      <trkpt lat="43.171761" lon="-3.868815">
        <ele>261.845273</ele>
        <time>2026-09-19T05:04:57.229Z</time>
      </trkpt>
      <trkpt lat="43.172138" lon="-3.868916">
        <ele>260.033047</ele>
        <time>2026-09-19T05:05:00.808Z</time>
      </trkpt>
      <trkpt lat="43.172356" lon="-3.869073">
        <ele>258.871344</ele>
        <time>2026-09-19T05:05:03.120Z</time>
      </trkpt>
      <trkpt lat="43.172533" lon="-3.869282">
        <ele>257.769347</ele>
        <time>2026-09-19T05:05:05.279Z</time>
      </trkpt>
      <trkpt lat="43.172614" lon="-3.869442">
        <ele>257.099210</ele>
        <time>2026-09-19T05:05:06.629Z</time>
      </trkpt>
      <trkpt lat="43.172661" lon="-3.869601">
        <ele>256.508919</ele>
        <time>2026-09-19T05:05:07.846Z</time>
      </trkpt>
      <trkpt lat="43.172656" lon="-3.869766">
        <ele>256.147761</ele>
        <time>2026-09-19T05:05:09.063Z</time>
      </trkpt>
      <trkpt lat="43.172627" lon="-3.869858">
        <ele>256.041664</ele>
        <time>2026-09-19T05:05:09.805Z</time>
      </trkpt>
      <trkpt lat="43.170346" lon="-3.874288">
        <ele>250.563753</ele>
        <time>2026-09-19T05:05:59.062Z</time>
      </trkpt>
      <trkpt lat="43.168881" lon="-3.877241">
        <ele>244.249321</ele>
        <time>2026-09-19T05:06:25.005Z</time>
      </trkpt>
      <trkpt lat="43.168811" lon="-3.877386">
        <ele>243.981765</ele>
        <time>2026-09-19T05:06:27.080Z</time>
      </trkpt>
      <trkpt lat="43.168801" lon="-3.877415">
        <ele>243.932407</ele>
        <time>2026-09-19T05:06:27.448Z</time>
      </trkpt>
      <trkpt lat="43.168737" lon="-3.877638">
        <ele>243.563673</ele>
        <time>2026-09-19T05:06:30.683Z</time>
      </trkpt>
      <trkpt lat="43.168723" lon="-3.877792">
        <ele>243.324882</ele>
        <time>2026-09-19T05:06:32.832Z</time>
      </trkpt>
      <trkpt lat="43.168833" lon="-3.879329">
        <ele>243.290072</ele>
        <time>2026-09-19T05:06:57.543Z</time>
      </trkpt>
      <trkpt lat="43.168889" lon="-3.879693">
        <ele>243.313560</ele>
        <time>2026-09-19T05:07:00.830Z</time>
      </trkpt>
      <trkpt lat="43.169037" lon="-3.880320">
        <ele>243.295329</ele>
        <time>2026-09-19T05:07:06.083Z</time>
      </trkpt>
      <trkpt lat="43.168996" lon="-3.880975">
        <ele>241.862610</ele>
        <time>2026-09-19T05:07:11.396Z</time>
      </trkpt>
      <trkpt lat="43.168991" lon="-3.881629">
        <ele>240.437239</ele>
        <time>2026-09-19T05:07:16.234Z</time>
      </trkpt>
      <trkpt lat="43.169034" lon="-3.882289">
        <ele>238.993144</ele>
        <time>2026-09-19T05:07:20.898Z</time>
      </trkpt>
      <trkpt lat="43.169155" lon="-3.883285">
        <ele>237.357517</ele>
        <time>2026-09-19T05:07:28.309Z</time>
      </trkpt>
      <trkpt lat="43.169148" lon="-3.883469">
        <ele>237.147181</ele>
        <time>2026-09-19T05:07:29.696Z</time>
      </trkpt>
      <trkpt lat="43.168785" lon="-3.885231">
        <ele>235.061843</ele>
        <time>2026-09-19T05:07:45.877Z</time>
      </trkpt>
      <trkpt lat="43.168643" lon="-3.885817">
        <ele>234.388900</ele>
        <time>2026-09-19T05:07:54.826Z</time>
      </trkpt>
      <trkpt lat="43.168573" lon="-3.886287">
        <ele>233.866127</ele>
        <time>2026-09-19T05:08:00.614Z</time>
      </trkpt>
      <trkpt lat="43.168338" lon="-3.887209">
        <ele>232.801747</ele>
        <time>2026-09-19T05:08:08.540Z</time>
      </trkpt>
      <trkpt lat="43.168239" lon="-3.887808">
        <ele>231.486383</ele>
        <time>2026-09-19T05:08:12.749Z</time>
      </trkpt>
      <trkpt lat="43.168206" lon="-3.888163">
        <ele>230.363285</ele>
        <time>2026-09-19T05:08:15.169Z</time>
      </trkpt>
      <trkpt lat="43.168194" lon="-3.888922">
        <ele>227.980778</ele>
        <time>2026-09-19T05:08:20.277Z</time>
      </trkpt>
      <trkpt lat="43.168252" lon="-3.893267">
        <ele>216.261847</ele>
        <time>2026-09-19T05:08:52.472Z</time>
      </trkpt>
      <trkpt lat="43.168256" lon="-3.893595">
        <ele>215.215501</ele>
        <time>2026-09-19T05:08:54.625Z</time>
      </trkpt>
      <trkpt lat="43.168259" lon="-3.893890">
        <ele>214.274467</ele>
        <time>2026-09-19T05:08:56.645Z</time>
      </trkpt>
      <trkpt lat="43.168265" lon="-3.894254">
        <ele>213.113144</ele>
        <time>2026-09-19T05:08:59.131Z</time>
      </trkpt>
      <trkpt lat="43.168277" lon="-3.894850">
        <ele>211.211398</ele>
        <time>2026-09-19T05:09:03.189Z</time>
      </trkpt>
      <trkpt lat="43.168317" lon="-3.895085">
        <ele>210.871222</ele>
        <time>2026-09-19T05:09:04.902Z</time>
      </trkpt>
      <trkpt lat="43.168374" lon="-3.895230">
        <ele>210.691693</ele>
        <time>2026-09-19T05:09:06.198Z</time>
      </trkpt>
      <trkpt lat="43.168529" lon="-3.895429">
        <ele>210.374373</ele>
        <time>2026-09-19T05:09:08.499Z</time>
      </trkpt>
      <trkpt lat="43.169651" lon="-3.896609">
        <ele>208.932263</ele>
        <time>2026-09-19T05:09:25.135Z</time>
      </trkpt>
      <trkpt lat="43.169840" lon="-3.896980">
        <ele>210.719997</ele>
        <time>2026-09-19T05:09:32.917Z</time>
      </trkpt>
      <trkpt lat="43.170028" lon="-3.897457">
        <ele>212.861885</ele>
        <time>2026-09-19T05:09:51.013Z</time>
      </trkpt>
      <trkpt lat="43.170065" lon="-3.897570">
        <ele>213.351203</ele>
        <time>2026-09-19T05:09:55.427Z</time>
      </trkpt>
      <trkpt lat="43.170081" lon="-3.897743">
        <ele>214.040095</ele>
        <time>2026-09-19T05:10:01.606Z</time>
      </trkpt>
      <trkpt lat="43.170020" lon="-3.897925">
        <ele>214.831352</ele>
        <time>2026-09-19T05:10:08.892Z</time>
      </trkpt>
      <trkpt lat="43.169964" lon="-3.898061">
        <ele>215.448319</ele>
        <time>2026-09-19T05:10:14.475Z</time>
      </trkpt>
      <trkpt lat="43.169879" lon="-3.898177">
        <ele>216.097904</ele>
        <time>2026-09-19T05:10:20.334Z</time>
      </trkpt>
      <trkpt lat="43.169814" lon="-3.898215">
        <ele>216.480643</ele>
        <time>2026-09-19T05:10:23.397Z</time>
      </trkpt>
      <trkpt lat="43.169749" lon="-3.898253">
        <ele>216.863383</ele>
        <time>2026-09-19T05:10:26.955Z</time>
      </trkpt>
      <trkpt lat="43.169880" lon="-3.898433">
        <ele>217.867924</ele>
        <time>2026-09-19T05:10:34.864Z</time>
      </trkpt>
      <trkpt lat="43.170222" lon="-3.898849">
        <ele>218.304674</ele>
        <time>2026-09-19T05:10:52.958Z</time>
      </trkpt>
      <trkpt lat="43.170884" lon="-3.899754">
        <ele>218.664369</ele>
        <time>2026-09-19T05:11:05.689Z</time>
      </trkpt>
      <trkpt lat="43.171221" lon="-3.900220">
        <ele>218.804323</ele>
        <time>2026-09-19T05:11:10.229Z</time>
      </trkpt>
      <trkpt lat="43.171437" lon="-3.900439">
        <ele>218.317999</ele>
        <time>2026-09-19T05:11:12.826Z</time>
      </trkpt>
      <trkpt lat="43.171694" lon="-3.900557">
        <ele>217.827352</ele>
        <time>2026-09-19T05:11:15.511Z</time>
      </trkpt>
      <trkpt lat="43.171857" lon="-3.900579">
        <ele>217.530842</ele>
        <time>2026-09-19T05:11:17.188Z</time>
      </trkpt>
      <trkpt lat="43.172424" lon="-3.900557">
        <ele>216.503972</ele>
        <time>2026-09-19T05:11:23.620Z</time>
      </trkpt>
      <trkpt lat="43.172727" lon="-3.900605">
        <ele>215.951793</ele>
        <time>2026-09-19T05:11:29.226Z</time>
      </trkpt>
      <trkpt lat="43.172934" lon="-3.900711">
        <ele>215.587032</ele>
        <time>2026-09-19T05:11:33.086Z</time>
      </trkpt>
      <trkpt lat="43.173608" lon="-3.901373">
        <ele>215.696456</ele>
        <time>2026-09-19T05:11:46.111Z</time>
      </trkpt>
      <trkpt lat="43.173926" lon="-3.901712">
        <ele>215.749619</ele>
        <time>2026-09-19T05:11:53.594Z</time>
      </trkpt>
      <trkpt lat="43.178313" lon="-3.906464">
        <ele>213.582659</ele>
        <time>2026-09-19T05:13:06.390Z</time>
      </trkpt>
      <trkpt lat="43.178379" lon="-3.906528">
        <ele>213.573141</ele>
        <time>2026-09-19T05:13:08.046Z</time>
      </trkpt>
      <trkpt lat="43.179396" lon="-3.907662">
        <ele>214.597741</ele>
        <time>2026-09-19T05:13:34.868Z</time>
      </trkpt>
      <trkpt lat="43.180396" lon="-3.908963">
        <ele>215.058786</ele>
        <time>2026-09-19T05:13:59.699Z</time>
      </trkpt>
      <trkpt lat="43.180761" lon="-3.909387">
        <ele>214.815553</ele>
        <time>2026-09-19T05:14:05.744Z</time>
      </trkpt>
      <trkpt lat="43.180997" lon="-3.909592">
        <ele>214.673503</ele>
        <time>2026-09-19T05:14:09.049Z</time>
      </trkpt>
      <trkpt lat="43.181670" lon="-3.910038">
        <ele>214.260639</ele>
        <time>2026-09-19T05:14:17.458Z</time>
      </trkpt>
      <trkpt lat="43.182020" lon="-3.910209">
        <ele>214.034102</ele>
        <time>2026-09-19T05:14:21.650Z</time>
      </trkpt>
      <trkpt lat="43.182618" lon="-3.910460">
        <ele>213.652799</ele>
        <time>2026-09-19T05:14:29.749Z</time>
      </trkpt>
      <trkpt lat="43.183858" lon="-3.910507">
        <ele>213.913931</ele>
        <time>2026-09-19T05:14:52.156Z</time>
      </trkpt>
      <trkpt lat="43.183914" lon="-3.910522">
        <ele>213.955258</ele>
        <time>2026-09-19T05:14:53.408Z</time>
      </trkpt>
      <trkpt lat="43.184303" lon="-3.910622">
        <ele>214.241913</ele>
        <time>2026-09-19T05:15:02.026Z</time>
      </trkpt>
      <trkpt lat="43.184548" lon="-3.910773">
        <ele>214.436460</ele>
        <time>2026-09-19T05:15:07.411Z</time>
      </trkpt>
      <trkpt lat="43.184746" lon="-3.910951">
        <ele>214.607933</ele>
        <time>2026-09-19T05:15:11.767Z</time>
      </trkpt>
      <trkpt lat="43.185030" lon="-3.911277">
        <ele>213.575010</ele>
        <time>2026-09-19T05:15:17.901Z</time>
      </trkpt>
      <trkpt lat="43.185834" lon="-3.912341">
        <ele>209.415902</ele>
        <time>2026-09-19T05:15:28.750Z</time>
      </trkpt>
      <trkpt lat="43.185882" lon="-3.912385">
        <ele>209.200982</ele>
        <time>2026-09-19T05:15:29.264Z</time>
      </trkpt>
      <trkpt lat="43.185992" lon="-3.912463">
        <ele>208.740008</ele>
        <time>2026-09-19T05:15:30.387Z</time>
      </trkpt>
      <trkpt lat="43.186258" lon="-3.912549">
        <ele>207.572617</ele>
        <time>2026-09-19T05:15:32.877Z</time>
      </trkpt>
      <trkpt lat="43.186384" lon="-3.912555">
        <ele>206.817050</ele>
        <time>2026-09-19T05:15:34.014Z</time>
      </trkpt>
      <trkpt lat="43.186686" lon="-3.912502">
        <ele>204.992420</ele>
        <time>2026-09-19T05:15:36.748Z</time>
      </trkpt>
      <trkpt lat="43.187012" lon="-3.912444">
        <ele>203.022347</ele>
        <time>2026-09-19T05:15:39.674Z</time>
      </trkpt>
      <trkpt lat="43.187297" lon="-3.912438">
        <ele>201.314153</ele>
        <time>2026-09-19T05:15:42.338Z</time>
      </trkpt>
      <trkpt lat="43.187816" lon="-3.912575">
        <ele>198.146725</ele>
        <time>2026-09-19T05:15:47.371Z</time>
      </trkpt>
      <trkpt lat="43.188073" lon="-3.912666">
        <ele>196.703599</ele>
        <time>2026-09-19T05:15:49.809Z</time>
      </trkpt>
      <trkpt lat="43.188368" lon="-3.912784">
        <ele>195.291018</ele>
        <time>2026-09-19T05:15:52.604Z</time>
      </trkpt>
      <trkpt lat="43.188850" lon="-3.912921">
        <ele>193.028234</ele>
        <time>2026-09-19T05:15:57.100Z</time>
      </trkpt>
      <trkpt lat="43.189084" lon="-3.912929">
        <ele>191.952225</ele>
        <time>2026-09-19T05:15:59.322Z</time>
      </trkpt>
      <trkpt lat="43.189765" lon="-3.912833">
        <ele>188.878474</ele>
        <time>2026-09-19T05:16:06.215Z</time>
      </trkpt>
      <trkpt lat="43.190012" lon="-3.912840">
        <ele>188.459341</ele>
        <time>2026-09-19T05:16:08.887Z</time>
      </trkpt>
      <trkpt lat="43.190164" lon="-3.912887">
        <ele>188.194996</ele>
        <time>2026-09-19T05:16:10.737Z</time>
      </trkpt>
      <trkpt lat="43.190449" lon="-3.913049">
        <ele>187.671607</ele>
        <time>2026-09-19T05:16:15.078Z</time>
      </trkpt>
      <trkpt lat="43.190631" lon="-3.913212">
        <ele>187.302842</ele>
        <time>2026-09-19T05:16:18.219Z</time>
      </trkpt>
      <trkpt lat="43.190899" lon="-3.913602">
        <ele>186.639948</ele>
        <time>2026-09-19T05:16:24.118Z</time>
      </trkpt>
      <trkpt lat="43.191174" lon="-3.914327">
        <ele>185.439441</ele>
        <time>2026-09-19T05:16:30.218Z</time>
      </trkpt>
      <trkpt lat="43.191224" lon="-3.914438">
        <ele>185.150928</ele>
        <time>2026-09-19T05:16:31.132Z</time>
      </trkpt>
      <trkpt lat="43.191342" lon="-3.914595">
        <ele>184.652329</ele>
        <time>2026-09-19T05:16:32.713Z</time>
      </trkpt>
      <trkpt lat="43.191656" lon="-3.914882">
        <ele>183.507918</ele>
        <time>2026-09-19T05:16:36.401Z</time>
      </trkpt>
      <trkpt lat="43.191742" lon="-3.914965">
        <ele>183.188989</ele>
        <time>2026-09-19T05:16:37.422Z</time>
      </trkpt>
      <trkpt lat="43.191816" lon="-3.915036">
        <ele>182.915094</ele>
        <time>2026-09-19T05:16:38.308Z</time>
      </trkpt>
      <trkpt lat="43.192006" lon="-3.915256">
        <ele>182.160963</ele>
        <time>2026-09-19T05:16:40.797Z</time>
      </trkpt>
      <trkpt lat="43.192357" lon="-3.915795">
        <ele>180.562927</ele>
        <time>2026-09-19T05:16:46.301Z</time>
      </trkpt>
      <trkpt lat="43.192628" lon="-3.916043">
        <ele>179.897409</ele>
        <time>2026-09-19T05:16:50.127Z</time>
      </trkpt>
      <trkpt lat="43.192870" lon="-3.916310">
        <ele>179.317214</ele>
        <time>2026-09-19T05:16:54.632Z</time>
      </trkpt>
      <trkpt lat="43.193322" lon="-3.916932">
        <ele>178.121106</ele>
        <time>2026-09-19T05:17:01.824Z</time>
      </trkpt>
      <trkpt lat="43.193427" lon="-3.916901">
        <ele>177.920459</ele>
        <time>2026-09-19T05:17:03.438Z</time>
      </trkpt>
      <trkpt lat="43.193604" lon="-3.917024">
        <ele>177.549783</ele>
        <time>2026-09-19T05:17:06.446Z</time>
      </trkpt>
      <trkpt lat="43.193862" lon="-3.917272">
        <ele>176.953190</ele>
        <time>2026-09-19T05:17:11.414Z</time>
      </trkpt>
      <trkpt lat="43.194161" lon="-3.917292">
        <ele>176.345784</ele>
        <time>2026-09-19T05:17:15.956Z</time>
      </trkpt>
      <trkpt lat="43.194319" lon="-3.917241">
        <ele>176.016438</ele>
        <time>2026-09-19T05:17:18.309Z</time>
      </trkpt>
      <trkpt lat="43.194454" lon="-3.917358">
        <ele>175.692421</ele>
        <time>2026-09-19T05:17:20.611Z</time>
      </trkpt>
      <trkpt lat="43.194474" lon="-3.917406">
        <ele>175.610639</ele>
        <time>2026-09-19T05:17:21.196Z</time>
      </trkpt>
      <trkpt lat="43.194420" lon="-3.917861">
        <ele>174.928722</ele>
        <time>2026-09-19T05:17:26.330Z</time>
      </trkpt>
      <trkpt lat="43.194434" lon="-3.918064">
        <ele>174.627094</ele>
        <time>2026-09-19T05:17:28.679Z</time>
      </trkpt>
      <trkpt lat="43.194609" lon="-3.918369">
        <ele>174.052953</ele>
        <time>2026-09-19T05:17:33.390Z</time>
      </trkpt>
      <trkpt lat="43.194602" lon="-3.918607">
        <ele>173.700607</ele>
        <time>2026-09-19T05:17:36.574Z</time>
      </trkpt>
      <trkpt lat="43.194626" lon="-3.918659">
        <ele>173.609568</ele>
        <time>2026-09-19T05:17:37.475Z</time>
      </trkpt>
      <trkpt lat="43.194712" lon="-3.918686">
        <ele>173.430557</ele>
        <time>2026-09-19T05:17:39.081Z</time>
      </trkpt>
      <trkpt lat="43.194727" lon="-3.918806">
        <ele>173.301201</ele>
        <time>2026-09-19T05:17:40.875Z</time>
      </trkpt>
      <trkpt lat="43.194795" lon="-3.918841">
        <ele>173.202199</ele>
        <time>2026-09-19T05:17:42.154Z</time>
      </trkpt>
      <trkpt lat="43.195138" lon="-3.919097">
        <ele>172.669919</ele>
        <time>2026-09-19T05:17:48.604Z</time>
      </trkpt>
      <trkpt lat="43.195476" lon="-3.919569">
        <ele>172.012439</ele>
        <time>2026-09-19T05:17:56.491Z</time>
      </trkpt>
      <trkpt lat="43.196090" lon="-3.920354">
        <ele>170.867206</ele>
        <time>2026-09-19T05:18:10.434Z</time>
      </trkpt>
      <trkpt lat="43.196239" lon="-3.920700">
        <ele>170.462662</ele>
        <time>2026-09-19T05:18:15.197Z</time>
      </trkpt>
      <trkpt lat="43.196415" lon="-3.920941">
        <ele>170.119258</ele>
        <time>2026-09-19T05:18:19.252Z</time>
      </trkpt>
      <trkpt lat="43.196619" lon="-3.921144">
        <ele>169.771240</ele>
        <time>2026-09-19T05:18:23.411Z</time>
      </trkpt>
      <trkpt lat="43.197024" lon="-3.921398">
        <ele>169.156301</ele>
        <time>2026-09-19T05:18:30.822Z</time>
      </trkpt>
      <trkpt lat="43.197285" lon="-3.921617">
        <ele>168.733809</ele>
        <time>2026-09-19T05:18:36.032Z</time>
      </trkpt>
      <trkpt lat="43.197566" lon="-3.921879">
        <ele>168.338167</ele>
        <time>2026-09-19T05:18:41.771Z</time>
      </trkpt>
      <trkpt lat="43.197855" lon="-3.922236">
        <ele>167.993808</ele>
        <time>2026-09-19T05:18:48.374Z</time>
      </trkpt>
      <trkpt lat="43.197916" lon="-3.922135">
        <ele>167.909147</ele>
        <time>2026-09-19T05:18:50.042Z</time>
      </trkpt>
      <trkpt lat="43.198100" lon="-3.921719">
        <ele>167.595066</ele>
        <time>2026-09-19T05:18:56.265Z</time>
      </trkpt>
      <trkpt lat="43.198604" lon="-3.920132">
        <ele>166.505282</ele>
        <time>2026-09-19T05:19:19.171Z</time>
      </trkpt>
      <trkpt lat="43.199215" lon="-3.918639">
        <ele>165.476448</ele>
        <time>2026-09-19T05:19:41.376Z</time>
      </trkpt>
      <trkpt lat="43.199348" lon="-3.918265">
        <ele>165.143965</ele>
        <time>2026-09-19T05:19:46.527Z</time>
      </trkpt>
      <trkpt lat="43.199403" lon="-3.918167">
        <ele>165.033178</ele>
        <time>2026-09-19T05:19:48.055Z</time>
      </trkpt>
      <trkpt lat="43.199482" lon="-3.918096">
        <ele>164.917125</ele>
        <time>2026-09-19T05:19:49.645Z</time>
      </trkpt>
      <trkpt lat="43.199574" lon="-3.918056">
        <ele>164.798533</ele>
        <time>2026-09-19T05:19:51.292Z</time>
      </trkpt>
      <trkpt lat="43.199650" lon="-3.918044">
        <ele>164.704528</ele>
        <time>2026-09-19T05:19:52.574Z</time>
      </trkpt>
      <trkpt lat="43.199734" lon="-3.918085">
        <ele>164.594970</ele>
        <time>2026-09-19T05:19:54.066Z</time>
      </trkpt>
      <trkpt lat="43.199823" lon="-3.918251">
        <ele>164.410388</ele>
        <time>2026-09-19T05:19:56.589Z</time>
      </trkpt>
      <trkpt lat="43.200944" lon="-3.920725">
        <ele>161.819386</ele>
        <time>2026-09-19T05:20:32.322Z</time>
      </trkpt>
      <trkpt lat="43.201489" lon="-3.921680">
        <ele>160.769837</ele>
        <time>2026-09-19T05:20:47.468Z</time>
      </trkpt>
      <trkpt lat="43.202328" lon="-3.922743">
        <ele>159.506586</ele>
        <time>2026-09-19T05:21:07.082Z</time>
      </trkpt>
      <trkpt lat="43.202508" lon="-3.922924">
        <ele>159.259732</ele>
        <time>2026-09-19T05:21:10.898Z</time>
      </trkpt>
      <trkpt lat="43.203529" lon="-3.923952">
        <ele>157.932579</ele>
        <time>2026-09-19T05:21:32.400Z</time>
      </trkpt>
      <trkpt lat="43.203927" lon="-3.924579">
        <ele>157.305011</ele>
        <time>2026-09-19T05:21:43.127Z</time>
      </trkpt>
      <trkpt lat="43.204086" lon="-3.924985">
        <ele>156.980769</ele>
        <time>2026-09-19T05:21:49.167Z</time>
      </trkpt>
      <trkpt lat="43.204103" lon="-3.925082">
        <ele>156.914635</ele>
        <time>2026-09-19T05:21:50.475Z</time>
      </trkpt>
      <trkpt lat="43.204120" lon="-3.925186">
        <ele>156.843981</ele>
        <time>2026-09-19T05:21:51.867Z</time>
      </trkpt>
      <trkpt lat="43.204100" lon="-3.925320">
        <ele>156.753309</ele>
        <time>2026-09-19T05:21:53.646Z</time>
      </trkpt>
      <trkpt lat="43.204040" lon="-3.925457">
        <ele>156.647359</ele>
        <time>2026-09-19T05:21:55.726Z</time>
      </trkpt>
      <trkpt lat="43.203994" lon="-3.925508">
        <ele>156.593572</ele>
        <time>2026-09-19T05:21:56.773Z</time>
      </trkpt>
      <trkpt lat="43.203932" lon="-3.925593">
        <ele>156.513859</ele>
        <time>2026-09-19T05:21:58.339Z</time>
      </trkpt>
      <trkpt lat="43.203924" lon="-3.925617">
        <ele>156.496364</ele>
        <time>2026-09-19T05:21:58.678Z</time>
      </trkpt>
      <trkpt lat="43.203913" lon="-3.925702">
        <ele>156.439136</ele>
        <time>2026-09-19T05:21:59.798Z</time>
      </trkpt>
      <trkpt lat="43.203929" lon="-3.925748">
        <ele>156.405349</ele>
        <time>2026-09-19T05:22:00.452Z</time>
      </trkpt>
      <trkpt lat="43.204153" lon="-3.926226">
        <ele>156.028647</ele>
        <time>2026-09-19T05:22:07.772Z</time>
      </trkpt>
      <trkpt lat="43.204416" lon="-3.926557">
        <ele>155.704066</ele>
        <time>2026-09-19T05:22:13.988Z</time>
      </trkpt>
      <trkpt lat="43.204482" lon="-3.926639">
        <ele>155.623088</ele>
        <time>2026-09-19T05:22:15.512Z</time>
      </trkpt>
      <trkpt lat="43.206006" lon="-3.928212">
        <ele>153.332843</ele>
        <time>2026-09-19T05:22:47.581Z</time>
      </trkpt>
      <trkpt lat="43.207290" lon="-3.929344">
        <ele>151.573314</ele>
        <time>2026-09-19T05:23:13.818Z</time>
      </trkpt>
      <trkpt lat="43.209079" lon="-3.930759">
        <ele>149.103604</ele>
        <time>2026-09-19T05:23:48.752Z</time>
      </trkpt>
      <trkpt lat="43.209774" lon="-3.931128">
        <ele>148.396818</ele>
        <time>2026-09-19T05:24:01.485Z</time>
      </trkpt>
      <trkpt lat="43.210239" lon="-3.931304">
        <ele>147.941986</ele>
        <time>2026-09-19T05:24:09.845Z</time>
      </trkpt>
      <trkpt lat="43.210686" lon="-3.931556">
        <ele>147.486310</ele>
        <time>2026-09-19T05:24:18.534Z</time>
      </trkpt>
      <trkpt lat="43.211099" lon="-3.932064">
        <ele>147.049885</ele>
        <time>2026-09-19T05:24:28.745Z</time>
      </trkpt>
      <trkpt lat="43.211219" lon="-3.932253">
        <ele>146.912689</ele>
        <time>2026-09-19T05:24:32.091Z</time>
      </trkpt>
      <trkpt lat="43.211246" lon="-3.932400">
        <ele>146.829714</ele>
        <time>2026-09-19T05:24:34.101Z</time>
      </trkpt>
      <trkpt lat="43.211264" lon="-3.932600">
        <ele>146.719413</ele>
        <time>2026-09-19T05:24:36.772Z</time>
      </trkpt>
      <trkpt lat="43.211325" lon="-3.932697">
        <ele>146.649289</ele>
        <time>2026-09-19T05:24:38.477Z</time>
      </trkpt>
      <trkpt lat="43.211524" lon="-3.932770">
        <ele>146.494594</ele>
        <time>2026-09-19T05:24:42.195Z</time>
      </trkpt>
      <trkpt lat="43.211787" lon="-3.932918">
        <ele>146.281118</ele>
        <time>2026-09-19T05:24:47.283Z</time>
      </trkpt>
      <trkpt lat="43.212618" lon="-3.933815">
        <ele>145.382711</ele>
        <time>2026-09-19T05:25:05.506Z</time>
      </trkpt>
      <trkpt lat="43.213791" lon="-3.934914">
        <ele>144.212446</ele>
        <time>2026-09-19T05:25:30.687Z</time>
      </trkpt>
      <trkpt lat="43.214307" lon="-3.935440">
        <ele>143.816539</ele>
        <time>2026-09-19T05:25:42.559Z</time>
      </trkpt>
      <trkpt lat="43.214574" lon="-3.935928">
        <ele>143.542638</ele>
        <time>2026-09-19T05:25:50.718Z</time>
      </trkpt>
      <trkpt lat="43.214760" lon="-3.936083">
        <ele>143.408610</ele>
        <time>2026-09-19T05:25:54.679Z</time>
      </trkpt>
      <trkpt lat="43.215385" lon="-3.936955">
        <ele>142.960378</ele>
        <time>2026-09-19T05:26:10.970Z</time>
      </trkpt>
      <trkpt lat="43.215633" lon="-3.937360">
        <ele>142.774514</ele>
        <time>2026-09-19T05:26:18.149Z</time>
      </trkpt>
      <trkpt lat="43.215936" lon="-3.937989">
        <ele>142.509594</ele>
        <time>2026-09-19T05:26:28.819Z</time>
      </trkpt>
      <trkpt lat="43.216176" lon="-3.938408">
        <ele>142.103962</ele>
        <time>2026-09-19T05:26:36.205Z</time>
      </trkpt>
      <trkpt lat="43.216619" lon="-3.938960">
        <ele>141.345044</ele>
        <time>2026-09-19T05:26:46.705Z</time>
      </trkpt>
      <trkpt lat="43.216812" lon="-3.939158">
        <ele>141.039423</ele>
        <time>2026-09-19T05:26:50.697Z</time>
      </trkpt>
      <trkpt lat="43.217018" lon="-3.939315">
        <ele>140.740570</ele>
        <time>2026-09-19T05:26:54.507Z</time>
      </trkpt>
      <trkpt lat="43.217218" lon="-3.939426">
        <ele>140.466958</ele>
        <time>2026-09-19T05:26:57.941Z</time>
      </trkpt>
      <trkpt lat="43.217779" lon="-3.939608">
        <ele>139.549501</ele>
        <time>2026-09-19T05:27:06.889Z</time>
      </trkpt>
      <trkpt lat="43.218041" lon="-3.939657">
        <ele>139.071886</ele>
        <time>2026-09-19T05:27:10.987Z</time>
      </trkpt>
      <trkpt lat="43.218300" lon="-3.939661">
        <ele>138.604035</ele>
        <time>2026-09-19T05:27:15.073Z</time>
      </trkpt>
      <trkpt lat="43.218849" lon="-3.939552">
        <ele>137.602072</ele>
        <time>2026-09-19T05:27:23.816Z</time>
      </trkpt>
      <trkpt lat="43.219054" lon="-3.939497">
        <ele>137.224778</ele>
        <time>2026-09-19T05:27:27.253Z</time>
      </trkpt>
      <trkpt lat="43.219264" lon="-3.939536">
        <ele>136.905825</ele>
        <time>2026-09-19T05:27:30.814Z</time>
      </trkpt>
      <trkpt lat="43.219324" lon="-3.939484">
        <ele>136.874654</ele>
        <time>2026-09-19T05:27:32.062Z</time>
      </trkpt>
      <trkpt lat="43.219501" lon="-3.939293">
        <ele>136.775750</ele>
        <time>2026-09-19T05:27:35.975Z</time>
      </trkpt>
      <trkpt lat="43.220179" lon="-3.938533">
        <ele>136.391216</ele>
        <time>2026-09-19T05:28:07.141Z</time>
      </trkpt>
      <trkpt lat="43.220227" lon="-3.938479">
        <ele>136.363953</ele>
        <time>2026-09-19T05:28:08.374Z</time>
      </trkpt>
      <trkpt lat="43.221627" lon="-3.936902">
        <ele>136.083383</ele>
        <time>2026-09-19T05:28:46.318Z</time>
      </trkpt>
      <trkpt lat="43.221775" lon="-3.936750">
        <ele>136.075818</ele>
        <time>2026-09-19T05:28:49.772Z</time>
      </trkpt>
      <trkpt lat="43.221936" lon="-3.936562">
        <ele>136.067167</ele>
        <time>2026-09-19T05:28:53.668Z</time>
      </trkpt>
      <trkpt lat="43.222132" lon="-3.936331">
        <ele>135.948954</ele>
        <time>2026-09-19T05:28:58.383Z</time>
      </trkpt>
      <trkpt lat="43.222553" lon="-3.935970">
        <ele>135.569841</ele>
        <time>2026-09-19T05:29:07.387Z</time>
      </trkpt>
      <trkpt lat="43.222841" lon="-3.935787">
        <ele>135.327468</ele>
        <time>2026-09-19T05:29:13.093Z</time>
      </trkpt>
      <trkpt lat="43.223211" lon="-3.935626">
        <ele>135.031042</ele>
        <time>2026-09-19T05:29:19.937Z</time>
      </trkpt>
      <trkpt lat="43.223508" lon="-3.935476">
        <ele>134.789356</ele>
        <time>2026-09-19T05:29:25.397Z</time>
      </trkpt>
      <trkpt lat="43.223593" lon="-3.935607">
        <ele>134.691745</ele>
        <time>2026-09-19T05:29:26.912Z</time>
      </trkpt>
      <trkpt lat="43.223735" lon="-3.935516">
        <ele>134.652705</ele>
        <time>2026-09-19T05:29:29.531Z</time>
      </trkpt>
      <trkpt lat="43.224804" lon="-3.935275">
        <ele>134.395441</ele>
        <time>2026-09-19T05:29:49.682Z</time>
      </trkpt>
      <trkpt lat="43.225022" lon="-3.935231">
        <ele>134.343115</ele>
        <time>2026-09-19T05:29:54.403Z</time>
      </trkpt>
      <trkpt lat="43.225433" lon="-3.935153">
        <ele>134.284721</ele>
        <time>2026-09-19T05:30:03.726Z</time>
      </trkpt>
      <trkpt lat="43.225855" lon="-3.935188">
        <ele>134.416146</ele>
        <time>2026-09-19T05:30:13.659Z</time>
      </trkpt>
      <trkpt lat="43.226078" lon="-3.935269">
        <ele>134.487856</ele>
        <time>2026-09-19T05:30:19.291Z</time>
      </trkpt>
      <trkpt lat="43.226187" lon="-3.935340">
        <ele>134.525364</ele>
        <time>2026-09-19T05:30:22.184Z</time>
      </trkpt>
      <trkpt lat="43.226458" lon="-3.935517">
        <ele>134.618662</ele>
        <time>2026-09-19T05:30:28.914Z</time>
      </trkpt>
      <trkpt lat="43.226766" lon="-3.935835">
        <ele>134.738478</ele>
        <time>2026-09-19T05:30:36.643Z</time>
      </trkpt>
      <trkpt lat="43.228367" lon="-3.937829">
        <ele>133.678907</ele>
        <time>2026-09-19T05:31:16.583Z</time>
      </trkpt>
      <trkpt lat="43.229061" lon="-3.938703">
        <ele>132.568426</ele>
        <time>2026-09-19T05:31:32.219Z</time>
      </trkpt>
      <trkpt lat="43.229570" lon="-3.939222">
        <ele>131.820837</ele>
        <time>2026-09-19T05:31:42.775Z</time>
      </trkpt>
      <trkpt lat="43.229813" lon="-3.939406">
        <ele>131.534652</ele>
        <time>2026-09-19T05:31:47.549Z</time>
      </trkpt>
      <trkpt lat="43.230189" lon="-3.939630">
        <ele>131.161695</ele>
        <time>2026-09-19T05:31:54.805Z</time>
      </trkpt>
      <trkpt lat="43.231158" lon="-3.940054">
        <ele>130.236293</ele>
        <time>2026-09-19T05:32:12.896Z</time>
      </trkpt>
      <trkpt lat="43.233143" lon="-3.940996">
        <ele>128.190041</ele>
        <time>2026-09-19T05:32:49.199Z</time>
      </trkpt>
      <trkpt lat="43.233843" lon="-3.941161">
        <ele>127.455833</ele>
        <time>2026-09-19T05:33:02.351Z</time>
      </trkpt>
      <trkpt lat="43.234192" lon="-3.941176">
        <ele>127.094883</ele>
        <time>2026-09-19T05:33:08.514Z</time>
      </trkpt>
      <trkpt lat="43.234490" lon="-3.941142">
        <ele>126.785767</ele>
        <time>2026-09-19T05:33:13.685Z</time>
      </trkpt>
      <trkpt lat="43.235181" lon="-3.940967">
        <ele>125.959292</ele>
        <time>2026-09-19T05:33:25.035Z</time>
      </trkpt>
      <trkpt lat="43.235931" lon="-3.940565">
        <ele>124.893247</ele>
        <time>2026-09-19T05:33:37.841Z</time>
      </trkpt>
      <trkpt lat="43.236882" lon="-3.940093">
        <ele>123.962085</ele>
        <time>2026-09-19T05:33:55.978Z</time>
      </trkpt>
      <trkpt lat="43.237870" lon="-3.939563">
        <ele>123.750428</ele>
        <time>2026-09-19T05:34:17.831Z</time>
      </trkpt>
      <trkpt lat="43.238097" lon="-3.939493">
        <ele>123.704006</ele>
        <time>2026-09-19T05:34:22.542Z</time>
      </trkpt>
      <trkpt lat="43.238658" lon="-3.939320">
        <ele>123.489309</ele>
        <time>2026-09-19T05:34:33.569Z</time>
      </trkpt>
      <trkpt lat="43.239376" lon="-3.939166">
        <ele>123.176289</ele>
        <time>2026-09-19T05:34:47.092Z</time>
      </trkpt>
      <trkpt lat="43.241703" lon="-3.938833">
        <ele>121.901750</ele>
        <time>2026-09-19T05:35:30.634Z</time>
      </trkpt>
      <trkpt lat="43.242752" lon="-3.938639">
        <ele>120.703549</ele>
        <time>2026-09-19T05:35:48.543Z</time>
      </trkpt>
      <trkpt lat="43.244508" lon="-3.938389">
        <ele>118.666410</ele>
        <time>2026-09-19T05:36:18.055Z</time>
      </trkpt>
      <trkpt lat="43.246640" lon="-3.938065">
        <ele>116.029118</ele>
        <time>2026-09-19T05:36:55.729Z</time>
      </trkpt>
      <trkpt lat="43.248474" lon="-3.937761">
        <ele>113.064374</ele>
        <time>2026-09-19T05:37:24.539Z</time>
      </trkpt>
      <trkpt lat="43.249037" lon="-3.937634">
        <ele>112.179241</ele>
        <time>2026-09-19T05:37:34.353Z</time>
      </trkpt>
      <trkpt lat="43.249944" lon="-3.937538">
        <ele>111.573328</ele>
        <time>2026-09-19T05:37:51.247Z</time>
      </trkpt>
      <trkpt lat="43.251668" lon="-3.937187">
        <ele>110.975754</ele>
        <time>2026-09-19T05:38:23.042Z</time>
      </trkpt>
      <trkpt lat="43.252112" lon="-3.937029">
        <ele>110.942912</ele>
        <time>2026-09-19T05:38:32.575Z</time>
      </trkpt>
      <trkpt lat="43.252553" lon="-3.936814">
        <ele>110.961796</ele>
        <time>2026-09-19T05:38:43.436Z</time>
      </trkpt>
      <trkpt lat="43.253401" lon="-3.936234">
        <ele>111.550987</ele>
        <time>2026-09-19T05:39:06.403Z</time>
      </trkpt>
      <trkpt lat="43.254874" lon="-3.935241">
        <ele>111.770455</ele>
        <time>2026-09-19T05:39:41.508Z</time>
      </trkpt>
      <trkpt lat="43.255139" lon="-3.935092">
        <ele>111.683433</ele>
        <time>2026-09-19T05:39:46.913Z</time>
      </trkpt>
      <trkpt lat="43.255325" lon="-3.935037">
        <ele>111.625613</ele>
        <time>2026-09-19T05:39:50.390Z</time>
      </trkpt>
      <trkpt lat="43.255911" lon="-3.934970">
        <ele>111.156400</ele>
        <time>2026-09-19T05:40:00.735Z</time>
      </trkpt>
      <trkpt lat="43.256236" lon="-3.935013">
        <ele>110.334606</ele>
        <time>2026-09-19T05:40:06.208Z</time>
      </trkpt>
      <trkpt lat="43.257447" lon="-3.935356">
        <ele>107.222422</ele>
        <time>2026-09-19T05:40:24.152Z</time>
      </trkpt>
      <trkpt lat="43.257435" lon="-3.935549">
        <ele>106.931572</ele>
        <time>2026-09-19T05:40:26.180Z</time>
      </trkpt>
      <trkpt lat="43.257323" lon="-3.935950">
        <ele>106.691556</ele>
        <time>2026-09-19T05:40:30.833Z</time>
      </trkpt>
      <trkpt lat="43.257296" lon="-3.936670">
        <ele>106.288646</ele>
        <time>2026-09-19T05:40:39.845Z</time>
      </trkpt>
      <trkpt lat="43.257323" lon="-3.935950">
        <ele>105.885737</ele>
        <time>2026-09-19T05:40:51.006Z</time>
      </trkpt>
      <trkpt lat="43.257435" lon="-3.935549">
        <ele>105.645721</ele>
        <time>2026-09-19T05:40:58.918Z</time>
      </trkpt>
      <trkpt lat="43.257447" lon="-3.935356">
        <ele>105.566492</ele>
        <time>2026-09-19T05:41:02.619Z</time>
      </trkpt>
      <trkpt lat="43.259004" lon="-3.935839">
        <ele>105.186832</ele>
        <time>2026-09-19T05:41:33.467Z</time>
      </trkpt>
      <trkpt lat="43.265276" lon="-3.937877">
        <ele>97.843870</ele>
        <time>2026-09-19T05:43:22.026Z</time>
      </trkpt>
      <trkpt lat="43.265991" lon="-3.938027">
        <ele>97.359922</ele>
        <time>2026-09-19T05:43:37.005Z</time>
      </trkpt>
      <trkpt lat="43.266600" lon="-3.938059">
        <ele>96.741962</ele>
        <time>2026-09-19T05:43:48.879Z</time>
      </trkpt>
      <trkpt lat="43.268774" lon="-3.937929">
        <ele>94.369328</ele>
        <time>2026-09-19T05:44:24.562Z</time>
      </trkpt>
      <trkpt lat="43.269741" lon="-3.937913">
        <ele>93.413897</ele>
        <time>2026-09-19T05:44:42.300Z</time>
      </trkpt>
      <trkpt lat="43.270570" lon="-3.937969">
        <ele>92.260140</ele>
        <time>2026-09-19T05:44:57.618Z</time>
      </trkpt>
      <trkpt lat="43.271296" lon="-3.938210">
        <ele>91.215091</ele>
        <time>2026-09-19T05:45:09.519Z</time>
      </trkpt>
      <trkpt lat="43.272070" lon="-3.938604">
        <ele>89.738563</ele>
        <time>2026-09-19T05:45:21.998Z</time>
      </trkpt>
      <trkpt lat="43.272375" lon="-3.938771">
        <ele>89.098764</ele>
        <time>2026-09-19T05:45:27.034Z</time>
      </trkpt>
      <trkpt lat="43.272631" lon="-3.938911">
        <ele>88.561843</ele>
        <time>2026-09-19T05:45:31.347Z</time>
      </trkpt>
      <trkpt lat="43.273590" lon="-3.939436">
        <ele>87.062341</ele>
        <time>2026-09-19T05:45:48.708Z</time>
      </trkpt>
      <trkpt lat="43.273737" lon="-3.939533">
        <ele>86.942032</ele>
        <time>2026-09-19T05:45:51.664Z</time>
      </trkpt>
      <trkpt lat="43.274549" lon="-3.940053">
        <ele>86.281100</ele>
        <time>2026-09-19T05:46:07.914Z</time>
      </trkpt>
      <trkpt lat="43.275639" lon="-3.940640">
        <ele>86.184194</ele>
        <time>2026-09-19T05:46:30.537Z</time>
      </trkpt>
      <trkpt lat="43.275813" lon="-3.940666">
        <ele>86.212208</ele>
        <time>2026-09-19T05:46:34.281Z</time>
      </trkpt>
      <trkpt lat="43.275872" lon="-3.940669">
        <ele>86.221658</ele>
        <time>2026-09-19T05:46:35.555Z</time>
      </trkpt>
      <trkpt lat="43.277487" lon="-3.941592">
        <ele>86.568137</ele>
        <time>2026-09-19T05:47:16.030Z</time>
      </trkpt>
      <trkpt lat="43.279082" lon="-3.942447">
        <ele>86.033208</ele>
        <time>2026-09-19T05:47:47.976Z</time>
      </trkpt>
      <trkpt lat="43.280129" lon="-3.942989">
        <ele>84.881044</ele>
        <time>2026-09-19T05:48:07.341Z</time>
      </trkpt>
      <trkpt lat="43.280441" lon="-3.943209">
        <ele>84.204919</ele>
        <time>2026-09-19T05:48:13.160Z</time>
      </trkpt>
      <trkpt lat="43.281088" lon="-3.943541">
        <ele>82.873381</ele>
        <time>2026-09-19T05:48:24.035Z</time>
      </trkpt>
      <trkpt lat="43.282303" lon="-3.944235">
        <ele>80.056928</ele>
        <time>2026-09-19T05:48:43.696Z</time>
      </trkpt>
      <trkpt lat="43.282380" lon="-3.944280">
        <ele>79.867451</ele>
        <time>2026-09-19T05:48:44.956Z</time>
      </trkpt>
      <trkpt lat="43.283249" lon="-3.944975">
        <ele>77.732728</ele>
        <time>2026-09-19T05:49:00.864Z</time>
      </trkpt>
      <trkpt lat="43.283994" lon="-3.945730">
        <ele>76.717972</ele>
        <time>2026-09-19T05:49:16.834Z</time>
      </trkpt>
      <trkpt lat="43.284083" lon="-3.945804">
        <ele>76.603943</ele>
        <time>2026-09-19T05:49:18.664Z</time>
      </trkpt>
      <trkpt lat="43.284752" lon="-3.946647">
        <ele>75.721035</ele>
        <time>2026-09-19T05:49:34.740Z</time>
      </trkpt>
      <trkpt lat="43.285376" lon="-3.947588">
        <ele>75.103964</ele>
        <time>2026-09-19T05:49:51.118Z</time>
      </trkpt>
      <trkpt lat="43.286290" lon="-3.949009">
        <ele>75.039544</ele>
        <time>2026-09-19T05:50:17.382Z</time>
      </trkpt>
      <trkpt lat="43.287824" lon="-3.951443">
        <ele>76.440209</ele>
        <time>2026-09-19T05:51:14.598Z</time>
      </trkpt>
      <trkpt lat="43.287877" lon="-3.951537">
        <ele>76.502251</ele>
        <time>2026-09-19T05:51:16.486Z</time>
      </trkpt>
      <trkpt lat="43.287994" lon="-3.951746">
        <ele>76.639825</ele>
        <time>2026-09-19T05:51:20.701Z</time>
      </trkpt>
      <trkpt lat="43.288254" lon="-3.952330">
        <ele>76.507299</ele>
        <time>2026-09-19T05:51:30.709Z</time>
      </trkpt>
      <trkpt lat="43.289070" lon="-3.954716">
        <ele>74.389453</ele>
        <time>2026-09-19T05:52:03.078Z</time>
      </trkpt>
      <trkpt lat="43.289438" lon="-3.955723">
        <ele>73.052658</ele>
        <time>2026-09-19T05:52:16.003Z</time>
      </trkpt>
      <trkpt lat="43.289621" lon="-3.956126">
        <ele>72.489143</ele>
        <time>2026-09-19T05:52:21.617Z</time>
      </trkpt>
      <trkpt lat="43.289955" lon="-3.956739">
        <ele>71.750206</ele>
        <time>2026-09-19T05:52:30.926Z</time>
      </trkpt>
      <trkpt lat="43.290327" lon="-3.957246">
        <ele>71.159642</ele>
        <time>2026-09-19T05:52:39.777Z</time>
      </trkpt>
      <trkpt lat="43.290718" lon="-3.957635">
        <ele>70.615560</ele>
        <time>2026-09-19T05:52:48.165Z</time>
      </trkpt>
      <trkpt lat="43.291057" lon="-3.957896">
        <ele>70.177591</ele>
        <time>2026-09-19T05:52:55.030Z</time>
      </trkpt>
      <trkpt lat="43.291375" lon="-3.958103">
        <ele>69.881525</ele>
        <time>2026-09-19T05:53:01.045Z</time>
      </trkpt>
      <trkpt lat="43.292712" lon="-3.958975">
        <ele>68.734318</ele>
        <time>2026-09-19T05:53:27.356Z</time>
      </trkpt>
      <trkpt lat="43.293065" lon="-3.959153">
        <ele>68.591261</ele>
        <time>2026-09-19T05:53:34.340Z</time>
      </trkpt>
      <trkpt lat="43.293787" lon="-3.959520">
        <ele>68.327587</ele>
        <time>2026-09-19T05:53:50.713Z</time>
      </trkpt>
      <trkpt lat="43.294075" lon="-3.959770">
        <ele>68.210906</ele>
        <time>2026-09-19T05:53:57.274Z</time>
      </trkpt>
      <trkpt lat="43.294570" lon="-3.960288">
        <ele>67.820336</ele>
        <time>2026-09-19T05:54:08.119Z</time>
      </trkpt>
      <trkpt lat="43.295027" lon="-3.960750">
        <ele>67.262708</ele>
        <time>2026-09-19T05:54:17.986Z</time>
      </trkpt>
      <trkpt lat="43.295888" lon="-3.961631">
        <ele>66.376558</ele>
        <time>2026-09-19T05:54:35.960Z</time>
      </trkpt>
      <trkpt lat="43.295982" lon="-3.961743">
        <ele>66.430307</ele>
        <time>2026-09-19T05:54:38.377Z</time>
      </trkpt>
      <trkpt lat="43.296022" lon="-3.961787">
        <ele>66.452443</ele>
        <time>2026-09-19T05:54:39.406Z</time>
      </trkpt>
      <trkpt lat="43.296063" lon="-3.961824">
        <ele>66.473633</ele>
        <time>2026-09-19T05:54:40.398Z</time>
      </trkpt>
      <trkpt lat="43.296160" lon="-3.961903">
        <ele>66.522345</ele>
        <time>2026-09-19T05:54:42.676Z</time>
      </trkpt>
      <trkpt lat="43.299135" lon="-3.964888">
        <ele>68.643898</ele>
        <time>2026-09-19T05:56:10.341Z</time>
      </trkpt>
      <trkpt lat="43.299388" lon="-3.965145">
        <ele>68.615812</ele>
        <time>2026-09-19T05:56:15.589Z</time>
      </trkpt>
      <trkpt lat="43.299871" lon="-3.965639">
        <ele>68.562064</ele>
        <time>2026-09-19T05:56:23.215Z</time>
      </trkpt>
      <trkpt lat="43.300094" lon="-3.965865">
        <ele>68.537328</ele>
        <time>2026-09-19T05:56:26.232Z</time>
      </trkpt>
      <trkpt lat="43.300395" lon="-3.966240">
        <ele>68.635932</ele>
        <time>2026-09-19T05:56:31.705Z</time>
      </trkpt>
      <trkpt lat="43.300542" lon="-3.966465">
        <ele>68.702342</ele>
        <time>2026-09-19T05:56:35.357Z</time>
      </trkpt>
      <trkpt lat="43.300561" lon="-3.966585">
        <ele>68.729314</ele>
        <time>2026-09-19T05:56:36.759Z</time>
      </trkpt>
      <trkpt lat="43.300572" lon="-3.967183">
        <ele>68.860698</ele>
        <time>2026-09-19T05:56:43.206Z</time>
      </trkpt>
      <trkpt lat="43.300600" lon="-3.967271">
        <ele>68.881792</ele>
        <time>2026-09-19T05:56:44.188Z</time>
      </trkpt>
      <trkpt lat="43.300576" lon="-3.967451">
        <ele>68.921984</ele>
        <time>2026-09-19T05:56:46.173Z</time>
      </trkpt>
      <trkpt lat="43.300749" lon="-3.967454">
        <ele>68.974199</ele>
        <time>2026-09-19T05:56:48.953Z</time>
      </trkpt>
      <trkpt lat="43.300896" lon="-3.967458">
        <ele>69.018571</ele>
        <time>2026-09-19T05:56:51.628Z</time>
      </trkpt>
      <trkpt lat="43.301180" lon="-3.967453">
        <ele>69.034341</ele>
        <time>2026-09-19T05:56:58.352Z</time>
      </trkpt>
      <trkpt lat="43.301544" lon="-3.967390">
        <ele>68.883626</ele>
        <time>2026-09-19T05:57:08.192Z</time>
      </trkpt>
      <trkpt lat="43.301837" lon="-3.967320">
        <ele>68.761454</ele>
        <time>2026-09-19T05:57:13.777Z</time>
      </trkpt>
      <trkpt lat="43.302146" lon="-3.967147">
        <ele>68.624382</ele>
        <time>2026-09-19T05:57:18.019Z</time>
      </trkpt>
      <trkpt lat="43.302270" lon="-3.967032">
        <ele>68.562925</ele>
        <time>2026-09-19T05:57:19.735Z</time>
      </trkpt>
      <trkpt lat="43.303817" lon="-3.965637">
        <ele>63.916981</ele>
        <time>2026-09-19T05:57:38.965Z</time>
      </trkpt>
      <trkpt lat="43.304758" lon="-3.965183">
        <ele>60.619184</ele>
        <time>2026-09-19T05:57:48.344Z</time>
      </trkpt>
      <trkpt lat="43.305007" lon="-3.965001">
        <ele>59.714856</ele>
        <time>2026-09-19T05:57:51.044Z</time>
      </trkpt>
      <trkpt lat="43.305268" lon="-3.964725">
        <ele>58.658857</ele>
        <time>2026-09-19T05:57:54.305Z</time>
      </trkpt>
      <trkpt lat="43.305481" lon="-3.964365">
        <ele>57.576230</ele>
        <time>2026-09-19T05:57:57.838Z</time>
      </trkpt>
      <trkpt lat="43.305650" lon="-3.963917">
        <ele>56.457907</ele>
        <time>2026-09-19T05:58:02.033Z</time>
      </trkpt>
      <trkpt lat="43.305910" lon="-3.962711">
        <ele>57.487021</ele>
        <time>2026-09-19T05:58:18.358Z</time>
      </trkpt>
      <trkpt lat="43.305997" lon="-3.962432">
        <ele>57.735367</ele>
        <time>2026-09-19T05:58:23.725Z</time>
      </trkpt>
      <trkpt lat="43.306174" lon="-3.962064">
        <ele>58.096279</ele>
        <time>2026-09-19T05:58:31.658Z</time>
      </trkpt>
      <trkpt lat="43.306274" lon="-3.961917">
        <ele>58.260919</ele>
        <time>2026-09-19T05:58:35.272Z</time>
      </trkpt>
      <trkpt lat="43.306482" lon="-3.961695">
        <ele>58.623524</ele>
        <time>2026-09-19T05:58:41.396Z</time>
      </trkpt>
      <trkpt lat="43.306780" lon="-3.961499">
        <ele>59.262839</ele>
        <time>2026-09-19T05:58:48.712Z</time>
      </trkpt>
      <trkpt lat="43.307294" lon="-3.961313">
        <ele>60.291401</ele>
        <time>2026-09-19T05:59:01.157Z</time>
      </trkpt>
      <trkpt lat="43.307509" lon="-3.961238">
        <ele>60.720649</ele>
        <time>2026-09-19T05:59:06.325Z</time>
      </trkpt>
      <trkpt lat="43.307861" lon="-3.961116">
        <ele>61.423143</ele>
        <time>2026-09-19T05:59:14.771Z</time>
      </trkpt>
      <trkpt lat="43.308852" lon="-3.960749">
        <ele>62.432413</ele>
        <time>2026-09-19T05:59:35.072Z</time>
      </trkpt>
      <trkpt lat="43.309186" lon="-3.960566">
        <ele>62.663892</ele>
        <time>2026-09-19T05:59:42.273Z</time>
      </trkpt>
      <trkpt lat="43.310240" lon="-3.959875">
        <ele>62.388403</ele>
        <time>2026-09-19T05:59:58.212Z</time>
      </trkpt>
      <trkpt lat="43.310547" lon="-3.959719">
        <ele>61.906078</ele>
        <time>2026-09-19T06:00:02.061Z</time>
      </trkpt>
      <trkpt lat="43.310855" lon="-3.959563">
        <ele>61.422371</ele>
        <time>2026-09-19T06:00:05.670Z</time>
      </trkpt>
      <trkpt lat="43.311900" lon="-3.959173">
        <ele>59.929906</ele>
        <time>2026-09-19T06:00:17.339Z</time>
      </trkpt>
      <trkpt lat="43.312182" lon="-3.959121">
        <ele>59.579733</ele>
        <time>2026-09-19T06:00:20.444Z</time>
      </trkpt>
      <trkpt lat="43.312441" lon="-3.959144">
        <ele>59.260311</ele>
        <time>2026-09-19T06:00:23.434Z</time>
      </trkpt>
      <trkpt lat="43.314950" lon="-3.959585">
        <ele>57.259198</ele>
        <time>2026-09-19T06:00:58.024Z</time>
      </trkpt>
      <trkpt lat="43.315464" lon="-3.959702">
        <ele>55.581163</ele>
        <time>2026-09-19T06:01:03.999Z</time>
      </trkpt>
      <trkpt lat="43.315732" lon="-3.959869">
        <ele>54.451238</ele>
        <time>2026-09-19T06:01:06.938Z</time>
      </trkpt>
      <trkpt lat="43.315889" lon="-3.960032">
        <ele>53.695702</ele>
        <time>2026-09-19T06:01:08.842Z</time>
      </trkpt>
      <trkpt lat="43.316313" lon="-3.959672">
        <ele>51.781969</ele>
        <time>2026-09-19T06:01:15.575Z</time>
      </trkpt>
      <trkpt lat="43.316800" lon="-3.959326">
        <ele>49.941786</ele>
        <time>2026-09-19T06:01:22.834Z</time>
      </trkpt>
      <trkpt lat="43.317114" lon="-3.959181">
        <ele>49.214450</ele>
        <time>2026-09-19T06:01:27.147Z</time>
      </trkpt>
      <trkpt lat="43.317608" lon="-3.959091">
        <ele>48.120267</ele>
        <time>2026-09-19T06:01:34.327Z</time>
      </trkpt>
      <trkpt lat="43.318069" lon="-3.958892">
        <ele>47.059282</ele>
        <time>2026-09-19T06:01:43.568Z</time>
      </trkpt>
      <trkpt lat="43.318542" lon="-3.958817">
        <ele>46.736864</ele>
        <time>2026-09-19T06:01:56.189Z</time>
      </trkpt>
      <trkpt lat="43.318459" lon="-3.959401">
        <ele>47.853916</ele>
        <time>2026-09-19T06:02:09.534Z</time>
      </trkpt>
      <trkpt lat="43.317578" lon="-3.962324">
        <ele>52.573160</ele>
        <time>2026-09-19T06:03:23.446Z</time>
      </trkpt>
      <trkpt lat="43.317809" lon="-3.962466">
        <ele>52.942167</ele>
        <time>2026-09-19T06:03:26.593Z</time>
      </trkpt>
      <trkpt lat="43.318011" lon="-3.962546">
        <ele>53.248715</ele>
        <time>2026-09-19T06:03:29.144Z</time>
      </trkpt>
      <trkpt lat="43.318204" lon="-3.962609">
        <ele>53.537983</ele>
        <time>2026-09-19T06:03:31.536Z</time>
      </trkpt>
      <trkpt lat="43.318418" lon="-3.962636">
        <ele>53.878182</ele>
        <time>2026-09-19T06:03:34.248Z</time>
      </trkpt>
      <trkpt lat="43.318869" lon="-3.962598">
        <ele>54.610328</ele>
        <time>2026-09-19T06:03:40.309Z</time>
      </trkpt>
      <trkpt lat="43.319105" lon="-3.962517">
        <ele>55.004471</ele>
        <time>2026-09-19T06:03:44.568Z</time>
      </trkpt>
      <trkpt lat="43.319341" lon="-3.962437">
        <ele>55.398329</ele>
        <time>2026-09-19T06:03:50.505Z</time>
      </trkpt>
      <trkpt lat="43.319441" lon="-3.962404">
        <ele>55.564968</ele>
        <time>2026-09-19T06:03:53.534Z</time>
      </trkpt>
      <trkpt lat="43.319594" lon="-3.962354">
        <ele>55.819791</ele>
        <time>2026-09-19T06:03:58.506Z</time>
      </trkpt>
      <trkpt lat="43.319780" lon="-3.962291">
        <ele>56.130191</ele>
        <time>2026-09-19T06:04:04.694Z</time>
      </trkpt>
      <trkpt lat="43.319933" lon="-3.962235">
        <ele>56.386742</ele>
        <time>2026-09-19T06:04:09.792Z</time>
      </trkpt>
      <trkpt lat="43.320170" lon="-3.962152">
        <ele>56.547848</ele>
        <time>2026-09-19T06:04:17.358Z</time>
      </trkpt>
      <trkpt lat="43.320389" lon="-3.962093">
        <ele>56.580543</ele>
        <time>2026-09-19T06:04:23.360Z</time>
      </trkpt>
      <trkpt lat="43.320705" lon="-3.962065">
        <ele>56.626934</ele>
        <time>2026-09-19T06:04:30.041Z</time>
      </trkpt>
      <trkpt lat="43.320852" lon="-3.962086">
        <ele>56.648586</ele>
        <time>2026-09-19T06:04:32.500Z</time>
      </trkpt>
      <trkpt lat="43.321028" lon="-3.962117">
        <ele>56.674581</ele>
        <time>2026-09-19T06:04:35.030Z</time>
      </trkpt>
      <trkpt lat="43.321283" lon="-3.962182">
        <ele>56.712576</ele>
        <time>2026-09-19T06:04:38.103Z</time>
      </trkpt>
      <trkpt lat="43.321347" lon="-3.962190">
        <ele>56.721991</ele>
        <time>2026-09-19T06:04:38.784Z</time>
      </trkpt>
      <trkpt lat="43.321480" lon="-3.962238">
        <ele>56.742136</ele>
        <time>2026-09-19T06:04:40.243Z</time>
      </trkpt>
      <trkpt lat="43.321507" lon="-3.962288">
        <ele>56.748773</ele>
        <time>2026-09-19T06:04:40.729Z</time>
      </trkpt>
      <trkpt lat="43.321534" lon="-3.962264">
        <ele>56.753483</ele>
        <time>2026-09-19T06:04:41.059Z</time>
      </trkpt>
      <trkpt lat="43.321625" lon="-3.962258">
        <ele>56.766831</ele>
        <time>2026-09-19T06:04:41.995Z</time>
      </trkpt>
      <trkpt lat="43.321670" lon="-3.962299">
        <ele>56.774740</ele>
        <time>2026-09-19T06:04:42.551Z</time>
      </trkpt>
      <trkpt lat="43.321915" lon="-3.962430">
        <ele>56.480732</ele>
        <time>2026-09-19T06:04:45.184Z</time>
      </trkpt>
      <trkpt lat="43.321963" lon="-3.962502">
        <ele>56.354213</ele>
        <time>2026-09-19T06:04:45.898Z</time>
      </trkpt>
      <trkpt lat="43.322054" lon="-3.962563">
        <ele>56.173920</ele>
        <time>2026-09-19T06:04:46.910Z</time>
      </trkpt>
      <trkpt lat="43.322386" lon="-3.962790">
        <ele>55.513600</ele>
        <time>2026-09-19T06:04:50.732Z</time>
      </trkpt>
      <trkpt lat="43.322690" lon="-3.963014">
        <ele>54.899369</ele>
        <time>2026-09-19T06:04:54.628Z</time>
      </trkpt>
      <trkpt lat="43.323001" lon="-3.963240">
        <ele>54.272919</ele>
        <time>2026-09-19T06:04:58.954Z</time>
      </trkpt>
      <trkpt lat="43.323565" lon="-3.963659">
        <ele>53.303518</ele>
        <time>2026-09-19T06:05:07.380Z</time>
      </trkpt>
      <trkpt lat="43.324072" lon="-3.964039">
        <ele>52.665571</ele>
        <time>2026-09-19T06:05:15.261Z</time>
      </trkpt>
      <trkpt lat="43.325426" lon="-3.965080">
        <ele>49.972988</ele>
        <time>2026-09-19T06:05:32.881Z</time>
      </trkpt>
      <trkpt lat="43.325805" lon="-3.965365">
        <ele>48.773020</ele>
        <time>2026-09-19T06:05:37.263Z</time>
      </trkpt>
      <trkpt lat="43.326856" lon="-3.966157">
        <ele>45.672720</ele>
        <time>2026-09-19T06:05:49.252Z</time>
      </trkpt>
      <trkpt lat="43.327157" lon="-3.966387">
        <ele>44.905236</ele>
        <time>2026-09-19T06:05:52.789Z</time>
      </trkpt>
      <trkpt lat="43.327534" lon="-3.966671">
        <ele>43.947160</ele>
        <time>2026-09-19T06:05:57.408Z</time>
      </trkpt>
      <trkpt lat="43.327692" lon="-3.966790">
        <ele>43.545652</ele>
        <time>2026-09-19T06:05:59.489Z</time>
      </trkpt>
      <trkpt lat="43.327850" lon="-3.966909">
        <ele>43.144143</ele>
        <time>2026-09-19T06:06:01.658Z</time>
      </trkpt>
      <trkpt lat="43.328367" lon="-3.967308">
        <ele>42.433115</ele>
        <time>2026-09-19T06:06:09.110Z</time>
      </trkpt>
      <trkpt lat="43.328624" lon="-3.967503">
        <ele>42.297029</ele>
        <time>2026-09-19T06:06:13.144Z</time>
      </trkpt>
      <trkpt lat="43.328836" lon="-3.967664">
        <ele>42.184748</ele>
        <time>2026-09-19T06:06:16.474Z</time>
      </trkpt>
      <trkpt lat="43.329091" lon="-3.967852">
        <ele>42.050605</ele>
        <time>2026-09-19T06:06:20.410Z</time>
      </trkpt>
      <trkpt lat="43.329299" lon="-3.968013">
        <ele>41.939944</ele>
        <time>2026-09-19T06:06:23.753Z</time>
      </trkpt>
      <trkpt lat="43.329374" lon="-3.968069">
        <ele>41.900377</ele>
        <time>2026-09-19T06:06:24.975Z</time>
      </trkpt>
      <trkpt lat="43.329593" lon="-3.968234">
        <ele>41.784603</ele>
        <time>2026-09-19T06:06:28.473Z</time>
      </trkpt>
      <trkpt lat="43.329940" lon="-3.968509">
        <ele>41.662299</ele>
        <time>2026-09-19T06:06:33.925Z</time>
      </trkpt>
      <trkpt lat="43.330126" lon="-3.968682">
        <ele>41.599259</ele>
        <time>2026-09-19T06:06:36.947Z</time>
      </trkpt>
      <trkpt lat="43.330580" lon="-3.969144">
        <ele>41.440698</ele>
        <time>2026-09-19T06:06:44.284Z</time>
      </trkpt>
      <trkpt lat="43.330666" lon="-3.969298">
        <ele>41.401054</ele>
        <time>2026-09-19T06:06:46.235Z</time>
      </trkpt>
      <trkpt lat="43.330721" lon="-3.969530">
        <ele>41.351229</ele>
        <time>2026-09-19T06:06:48.870Z</time>
      </trkpt>
      <trkpt lat="43.330765" lon="-3.970262">
        <ele>41.234126</ele>
        <time>2026-09-19T06:06:57.048Z</time>
      </trkpt>
      <trkpt lat="43.330818" lon="-3.970496">
        <ele>41.214873</ele>
        <time>2026-09-19T06:06:59.812Z</time>
      </trkpt>
      <trkpt lat="43.330888" lon="-3.970636">
        <ele>41.201528</ele>
        <time>2026-09-19T06:07:01.726Z</time>
      </trkpt>
      <trkpt lat="43.330962" lon="-3.970651">
        <ele>41.193450</ele>
        <time>2026-09-19T06:07:02.897Z</time>
      </trkpt>
      <trkpt lat="43.331057" lon="-3.970725">
        <ele>41.181658</ele>
        <time>2026-09-19T06:07:04.658Z</time>
      </trkpt>
      <trkpt lat="43.331113" lon="-3.970864">
        <ele>41.169176</ele>
        <time>2026-09-19T06:07:06.480Z</time>
      </trkpt>
      <trkpt lat="43.331119" lon="-3.970960">
        <ele>41.161606</ele>
        <time>2026-09-19T06:07:07.597Z</time>
      </trkpt>
      <trkpt lat="43.331194" lon="-3.971111">
        <ele>41.147243</ele>
        <time>2026-09-19T06:07:09.785Z</time>
      </trkpt>
      <trkpt lat="43.331320" lon="-3.971263">
        <ele>41.129140</ele>
        <time>2026-09-19T06:07:12.569Z</time>
      </trkpt>
      <trkpt lat="43.331982" lon="-3.971714">
        <ele>40.897412</ele>
        <time>2026-09-19T06:07:22.680Z</time>
      </trkpt>
      <trkpt lat="43.332133" lon="-3.971766">
        <ele>40.650212</ele>
        <time>2026-09-19T06:07:24.495Z</time>
      </trkpt>
      <trkpt lat="43.332306" lon="-3.971766">
        <ele>40.375484</ele>
        <time>2026-09-19T06:07:26.461Z</time>
      </trkpt>
      <trkpt lat="43.332436" lon="-3.971757">
        <ele>40.168779</ele>
        <time>2026-09-19T06:07:27.915Z</time>
      </trkpt>
      <trkpt lat="43.332489" lon="-3.971796">
        <ele>40.073316</ele>
        <time>2026-09-19T06:07:28.575Z</time>
      </trkpt>
      <trkpt lat="43.332546" lon="-3.971913">
        <ele>39.910657</ele>
        <time>2026-09-19T06:07:29.696Z</time>
      </trkpt>
      <trkpt lat="43.332614" lon="-3.972086">
        <ele>39.683514</ele>
        <time>2026-09-19T06:07:31.254Z</time>
      </trkpt>
      <trkpt lat="43.332744" lon="-3.972304">
        <ele>39.357894</ele>
        <time>2026-09-19T06:07:33.448Z</time>
      </trkpt>
      <trkpt lat="43.333158" lon="-3.972764">
        <ele>38.512581</ele>
        <time>2026-09-19T06:07:38.988Z</time>
      </trkpt>
      <trkpt lat="43.334140" lon="-3.973859">
        <ele>39.380887</ele>
        <time>2026-09-19T06:07:55.919Z</time>
      </trkpt>
      <trkpt lat="43.334386" lon="-3.974109">
        <ele>39.717262</ele>
        <time>2026-09-19T06:08:03.853Z</time>
      </trkpt>
      <trkpt lat="43.334753" lon="-3.974395">
        <ele>40.181128</ele>
        <time>2026-09-19T06:08:16.481Z</time>
      </trkpt>
      <trkpt lat="43.335149" lon="-3.974552">
        <ele>41.181368</ele>
        <time>2026-09-19T06:08:30.553Z</time>
      </trkpt>
      <trkpt lat="43.335294" lon="-3.974575">
        <ele>41.535944</ele>
        <time>2026-09-19T06:08:35.832Z</time>
      </trkpt>
      <trkpt lat="43.335440" lon="-3.974598">
        <ele>41.892934</ele>
        <time>2026-09-19T06:08:41.118Z</time>
      </trkpt>
      <trkpt lat="43.336582" lon="-3.974611">
        <ele>44.504759</ele>
        <time>2026-09-19T06:09:04.533Z</time>
      </trkpt>
      <trkpt lat="43.337231" lon="-3.974582">
        <ele>43.872551</ele>
        <time>2026-09-19T06:09:13.245Z</time>
      </trkpt>
      <trkpt lat="43.337427" lon="-3.974555">
        <ele>43.680768</ele>
        <time>2026-09-19T06:09:15.592Z</time>
      </trkpt>
      <trkpt lat="43.337692" lon="-3.974532">
        <ele>43.422248</ele>
        <time>2026-09-19T06:09:18.449Z</time>
      </trkpt>
      <trkpt lat="43.337883" lon="-3.974504">
        <ele>43.235234</ele>
        <time>2026-09-19T06:09:20.474Z</time>
      </trkpt>
      <trkpt lat="43.338124" lon="-3.974481">
        <ele>43.000029</ele>
        <time>2026-09-19T06:09:23.089Z</time>
      </trkpt>
      <trkpt lat="43.338310" lon="-3.974448">
        <ele>42.817436</ele>
        <time>2026-09-19T06:09:25.286Z</time>
      </trkpt>
      <trkpt lat="43.339053" lon="-3.974303">
        <ele>41.257367</ele>
        <time>2026-09-19T06:09:34.465Z</time>
      </trkpt>
      <trkpt lat="43.339949" lon="-3.974125">
        <ele>39.351003</ele>
        <time>2026-09-19T06:09:43.882Z</time>
      </trkpt>
      <trkpt lat="43.340467" lon="-3.974026">
        <ele>38.345150</ele>
        <time>2026-09-19T06:09:49.351Z</time>
      </trkpt>
      <trkpt lat="43.341631" lon="-3.973833">
        <ele>36.185123</ele>
        <time>2026-09-19T06:10:01.953Z</time>
      </trkpt>
      <trkpt lat="43.342230" lon="-3.973724">
        <ele>35.912301</ele>
        <time>2026-09-19T06:10:11.118Z</time>
      </trkpt>
      <trkpt lat="43.342517" lon="-3.973605">
        <ele>36.100389</ele>
        <time>2026-09-19T06:10:16.732Z</time>
      </trkpt>
      <trkpt lat="43.343161" lon="-3.973023">
        <ele>36.583929</ele>
        <time>2026-09-19T06:10:32.286Z</time>
      </trkpt>
      <trkpt lat="43.344169" lon="-3.972020">
        <ele>36.922893</ele>
        <time>2026-09-19T06:10:52.909Z</time>
      </trkpt>
      <trkpt lat="43.344369" lon="-3.971822">
        <ele>36.950387</ele>
        <time>2026-09-19T06:10:56.349Z</time>
      </trkpt>
      <trkpt lat="43.347300" lon="-3.968937">
        <ele>36.486202</ele>
        <time>2026-09-19T06:11:46.719Z</time>
      </trkpt>
      <trkpt lat="43.347519" lon="-3.968688">
        <ele>36.462922</ele>
        <time>2026-09-19T06:11:50.550Z</time>
      </trkpt>
      <trkpt lat="43.347752" lon="-3.968491">
        <ele>36.440513</ele>
        <time>2026-09-19T06:11:54.671Z</time>
      </trkpt>
      <trkpt lat="43.348101" lon="-3.968143">
        <ele>36.716765</ele>
        <time>2026-09-19T06:12:01.915Z</time>
      </trkpt>
      <trkpt lat="43.348357" lon="-3.967822">
        <ele>37.048109</ele>
        <time>2026-09-19T06:12:08.048Z</time>
      </trkpt>
      <trkpt lat="43.348616" lon="-3.967320">
        <ele>37.476193</ele>
        <time>2026-09-19T06:12:17.096Z</time>
      </trkpt>
      <trkpt lat="43.348718" lon="-3.967062">
        <ele>37.680433</ele>
        <time>2026-09-19T06:12:21.882Z</time>
      </trkpt>
      <trkpt lat="43.349596" lon="-3.964711">
        <ele>39.044114</ele>
        <time>2026-09-19T06:12:57.782Z</time>
      </trkpt>
      <trkpt lat="43.349778" lon="-3.964145">
        <ele>39.340656</ele>
        <time>2026-09-19T06:13:03.466Z</time>
      </trkpt>
      <trkpt lat="43.350130" lon="-3.962696">
        <ele>40.241934</ele>
        <time>2026-09-19T06:13:19.537Z</time>
      </trkpt>
      <trkpt lat="43.350155" lon="-3.962590">
        <ele>40.307675</ele>
        <time>2026-09-19T06:13:21.132Z</time>
      </trkpt>
      <trkpt lat="43.350198" lon="-3.962407">
        <ele>40.421132</ele>
        <time>2026-09-19T06:13:24.095Z</time>
      </trkpt>
      <trkpt lat="43.350285" lon="-3.962070">
        <ele>40.632102</ele>
        <time>2026-09-19T06:13:30.269Z</time>
      </trkpt>
      <trkpt lat="43.350499" lon="-3.961165">
        <ele>42.441982</ele>
        <time>2026-09-19T06:13:50.057Z</time>
      </trkpt>
      <trkpt lat="43.350714" lon="-3.960333">
        <ele>44.375410</ele>
        <time>2026-09-19T06:14:08.676Z</time>
      </trkpt>
      <trkpt lat="43.351059" lon="-3.958887">
        <ele>47.157280</ele>
        <time>2026-09-19T06:14:36.516Z</time>
      </trkpt>
      <trkpt lat="43.351200" lon="-3.958295">
        <ele>48.039530</ele>
        <time>2026-09-19T06:14:47.029Z</time>
      </trkpt>
      <trkpt lat="43.351495" lon="-3.957031">
        <ele>49.597865</ele>
        <time>2026-09-19T06:15:07.688Z</time>
      </trkpt>
      <trkpt lat="43.351671" lon="-3.956242">
        <ele>49.359340</ele>
        <time>2026-09-19T06:15:17.529Z</time>
      </trkpt>
      <trkpt lat="43.351717" lon="-3.955613">
        <ele>49.176629</ele>
        <time>2026-09-19T06:15:23.685Z</time>
      </trkpt>
      <trkpt lat="43.351746" lon="-3.952530">
        <ele>45.383196</ele>
        <time>2026-09-19T06:15:48.610Z</time>
      </trkpt>
      <trkpt lat="43.351754" lon="-3.952176">
        <ele>44.775444</ele>
        <time>2026-09-19T06:15:51.149Z</time>
      </trkpt>
      <trkpt lat="43.351753" lon="-3.951966">
        <ele>44.368056</ele>
        <time>2026-09-19T06:15:52.665Z</time>
      </trkpt>
      <trkpt lat="43.351753" lon="-3.951820">
        <ele>44.084831</ele>
        <time>2026-09-19T06:15:53.707Z</time>
      </trkpt>
      <trkpt lat="43.351754" lon="-3.951463">
        <ele>43.392281</ele>
        <time>2026-09-19T06:15:56.272Z</time>
      </trkpt>
      <trkpt lat="43.351759" lon="-3.950962">
        <ele>42.420300</ele>
        <time>2026-09-19T06:15:59.908Z</time>
      </trkpt>
      <trkpt lat="43.351763" lon="-3.950498">
        <ele>41.520123</ele>
        <time>2026-09-19T06:16:03.404Z</time>
      </trkpt>
      <trkpt lat="43.351746" lon="-3.950237">
        <ele>41.011782</ele>
        <time>2026-09-19T06:16:05.419Z</time>
      </trkpt>
      <trkpt lat="43.351768" lon="-3.950036">
        <ele>40.617470</ele>
        <time>2026-09-19T06:16:07.075Z</time>
      </trkpt>
      <trkpt lat="43.351753" lon="-3.950020">
        <ele>40.566827</ele>
        <time>2026-09-19T06:16:07.294Z</time>
      </trkpt>
      <trkpt lat="43.351725" lon="-3.949927">
        <ele>40.371563</ele>
        <time>2026-09-19T06:16:08.184Z</time>
      </trkpt>
      <trkpt lat="43.351748" lon="-3.949836">
        <ele>40.238018</ele>
        <time>2026-09-19T06:16:09.033Z</time>
      </trkpt>
      <trkpt lat="43.351755" lon="-3.949572">
        <ele>40.204092</ele>
        <time>2026-09-19T06:16:11.493Z</time>
      </trkpt>
      <trkpt lat="43.351775" lon="-3.949508">
        <ele>40.195146</ele>
        <time>2026-09-19T06:16:12.166Z</time>
      </trkpt>
      <trkpt lat="43.351773" lon="-3.948135">
        <ele>40.018821</ele>
        <time>2026-09-19T06:16:26.477Z</time>
      </trkpt>
      <trkpt lat="43.351792" lon="-3.945923">
        <ele>40.928255</ele>
        <time>2026-09-19T06:16:53.771Z</time>
      </trkpt>
      <trkpt lat="43.351813" lon="-3.944929">
        <ele>41.605258</ele>
        <time>2026-09-19T06:17:08.067Z</time>
      </trkpt>
      <trkpt lat="43.351811" lon="-3.944355">
        <ele>42.665741</ele>
        <time>2026-09-19T06:17:17.942Z</time>
      </trkpt>
      <trkpt lat="43.351816" lon="-3.944088">
        <ele>43.161501</ele>
        <time>2026-09-19T06:17:22.809Z</time>
      </trkpt>
      <trkpt lat="43.351817" lon="-3.943522">
        <ele>44.212092</ele>
        <time>2026-09-19T06:17:32.905Z</time>
      </trkpt>
      <trkpt lat="43.351818" lon="-3.943055">
        <ele>45.078923</ele>
        <time>2026-09-19T06:17:41.410Z</time>
      </trkpt>
      <trkpt lat="43.351820" lon="-3.942311">
        <ele>46.673013</ele>
        <time>2026-09-19T06:17:56.143Z</time>
      </trkpt>
      <trkpt lat="43.351821" lon="-3.941875">
        <ele>48.144368</ele>
        <time>2026-09-19T06:18:05.913Z</time>
      </trkpt>
      <trkpt lat="43.351822" lon="-3.941502">
        <ele>49.403121</ele>
        <time>2026-09-19T06:18:14.573Z</time>
      </trkpt>
      <trkpt lat="43.351832" lon="-3.941003">
        <ele>51.087711</ele>
        <time>2026-09-19T06:18:26.558Z</time>
      </trkpt>
      <trkpt lat="43.351832" lon="-3.940759">
        <ele>51.911126</ele>
        <time>2026-09-19T06:18:32.825Z</time>
      </trkpt>
      <trkpt lat="43.351831" lon="-3.939696">
        <ele>55.086953</ele>
        <time>2026-09-19T06:19:02.279Z</time>
      </trkpt>
      <trkpt lat="43.351786" lon="-3.939149">
        <ele>56.141475</ele>
        <time>2026-09-19T06:19:17.350Z</time>
      </trkpt>
      <trkpt lat="43.351654" lon="-3.938634">
        <ele>57.187507</ele>
        <time>2026-09-19T06:19:29.148Z</time>
      </trkpt>
      <trkpt lat="43.351523" lon="-3.938333">
        <ele>57.859493</ele>
        <time>2026-09-19T06:19:34.847Z</time>
      </trkpt>
      <trkpt lat="43.351325" lon="-3.937985">
        <ele>58.705944</ele>
        <time>2026-09-19T06:19:40.017Z</time>
      </trkpt>
      <trkpt lat="43.350741" lon="-3.937166">
        <ele>57.434543</ele>
        <time>2026-09-19T06:19:49.248Z</time>
      </trkpt>
      <trkpt lat="43.350490" lon="-3.936704">
        <ele>56.171123</ele>
        <time>2026-09-19T06:19:53.383Z</time>
      </trkpt>
      <trkpt lat="43.350348" lon="-3.936356">
        <ele>55.296910</ele>
        <time>2026-09-19T06:19:56.202Z</time>
      </trkpt>
      <trkpt lat="43.350238" lon="-3.936012">
        <ele>54.473640</ele>
        <time>2026-09-19T06:19:58.877Z</time>
      </trkpt>
      <trkpt lat="43.350195" lon="-3.935880">
        <ele>54.156768</ele>
        <time>2026-09-19T06:19:59.914Z</time>
      </trkpt>
      <trkpt lat="43.350133" lon="-3.935523">
        <ele>53.215389</ele>
        <time>2026-09-19T06:20:02.525Z</time>
      </trkpt>
      <trkpt lat="43.350089" lon="-3.934957">
        <ele>51.635053</ele>
        <time>2026-09-19T06:20:06.588Z</time>
      </trkpt>
      <trkpt lat="43.350108" lon="-3.934388">
        <ele>50.053678</ele>
        <time>2026-09-19T06:20:10.550Z</time>
      </trkpt>
      <trkpt lat="43.350142" lon="-3.934087">
        <ele>49.207992</ele>
        <time>2026-09-19T06:20:12.661Z</time>
      </trkpt>
      <trkpt lat="43.350245" lon="-3.933641">
        <ele>47.908822</ele>
        <time>2026-09-19T06:20:16.014Z</time>
      </trkpt>
      <trkpt lat="43.350403" lon="-3.933167">
        <ele>46.842185</ele>
        <time>2026-09-19T06:20:19.909Z</time>
      </trkpt>
      <trkpt lat="43.350531" lon="-3.932877">
        <ele>46.567299</ele>
        <time>2026-09-19T06:20:22.579Z</time>
      </trkpt>
      <trkpt lat="43.350925" lon="-3.932212">
        <ele>45.872239</ele>
        <time>2026-09-19T06:20:29.945Z</time>
      </trkpt>
      <trkpt lat="43.351366" lon="-3.931686">
        <ele>45.221745</ele>
        <time>2026-09-19T06:20:38.068Z</time>
      </trkpt>
      <trkpt lat="43.351788" lon="-3.931307">
        <ele>45.238328</ele>
        <time>2026-09-19T06:20:46.341Z</time>
      </trkpt>
      <trkpt lat="43.352150" lon="-3.931019">
        <ele>45.577032</ele>
        <time>2026-09-19T06:20:53.819Z</time>
      </trkpt>
      <trkpt lat="43.352508" lon="-3.930689">
        <ele>45.926077</ele>
        <time>2026-09-19T06:21:01.896Z</time>
      </trkpt>
      <trkpt lat="43.353935" lon="-3.929330">
        <ele>47.318547</ele>
        <time>2026-09-19T06:21:35.653Z</time>
      </trkpt>
      <trkpt lat="43.356645" lon="-3.926773">
        <ele>48.609791</ele>
        <time>2026-09-19T06:22:27.778Z</time>
      </trkpt>
      <trkpt lat="43.358060" lon="-3.925449">
        <ele>49.226667</ele>
        <time>2026-09-19T06:22:55.296Z</time>
      </trkpt>
      <trkpt lat="43.358465" lon="-3.925058">
        <ele>49.459452</ele>
        <time>2026-09-19T06:23:03.638Z</time>
      </trkpt>
      <trkpt lat="43.358870" lon="-3.924667">
        <ele>49.692235</ele>
        <time>2026-09-19T06:23:11.820Z</time>
      </trkpt>
      <trkpt lat="43.359621" lon="-3.923958">
        <ele>50.693413</ele>
        <time>2026-09-19T06:23:28.107Z</time>
      </trkpt>
      <trkpt lat="43.359757" lon="-3.923830">
        <ele>50.890300</ele>
        <time>2026-09-19T06:23:31.194Z</time>
      </trkpt>
      <trkpt lat="43.361986" lon="-3.921724">
        <ele>55.027072</ele>
        <time>2026-09-19T06:24:30.462Z</time>
      </trkpt>
      <trkpt lat="43.362610" lon="-3.921124">
        <ele>55.985653</ele>
        <time>2026-09-19T06:24:44.897Z</time>
      </trkpt>
      <trkpt lat="43.362809" lon="-3.920928">
        <ele>56.293815</ele>
        <time>2026-09-19T06:24:49.862Z</time>
      </trkpt>
      <trkpt lat="43.363026" lon="-3.920641">
        <ele>56.672840</ele>
        <time>2026-09-19T06:24:56.101Z</time>
      </trkpt>
      <trkpt lat="43.363239" lon="-3.920261">
        <ele>57.112051</ele>
        <time>2026-09-19T06:25:02.846Z</time>
      </trkpt>
      <trkpt lat="43.363408" lon="-3.919737">
        <ele>57.305132</ele>
        <time>2026-09-19T06:25:10.556Z</time>
      </trkpt>
      <trkpt lat="43.363464" lon="-3.919350">
        <ele>57.383568</ele>
        <time>2026-09-19T06:25:16.020Z</time>
      </trkpt>
      <trkpt lat="43.363472" lon="-3.918923">
        <ele>57.468475</ele>
        <time>2026-09-19T06:25:21.655Z</time>
      </trkpt>
      <trkpt lat="43.363463" lon="-3.917347">
        <ele>57.637169</ele>
        <time>2026-09-19T06:25:37.017Z</time>
      </trkpt>
      <trkpt lat="43.363503" lon="-3.916674">
        <ele>57.518837</ele>
        <time>2026-09-19T06:25:43.387Z</time>
      </trkpt>
      <trkpt lat="43.363556" lon="-3.916282">
        <ele>57.448963</ele>
        <time>2026-09-19T06:25:47.350Z</time>
      </trkpt>
      <trkpt lat="43.363665" lon="-3.915699">
        <ele>57.343472</ele>
        <time>2026-09-19T06:25:53.687Z</time>
      </trkpt>
      <trkpt lat="43.364005" lon="-3.914177">
        <ele>57.304478</ele>
        <time>2026-09-19T06:26:11.855Z</time>
      </trkpt>
      <trkpt lat="43.364207" lon="-3.913456">
        <ele>57.326151</ele>
        <time>2026-09-19T06:26:19.656Z</time>
      </trkpt>
      <trkpt lat="43.364688" lon="-3.912193">
        <ele>58.031281</ele>
        <time>2026-09-19T06:26:35.206Z</time>
      </trkpt>
      <trkpt lat="43.365579" lon="-3.909986">
        <ele>60.383342</ele>
        <time>2026-09-19T06:27:14.769Z</time>
      </trkpt>
      <trkpt lat="43.365955" lon="-3.909152">
        <ele>61.569717</ele>
        <time>2026-09-19T06:27:30.446Z</time>
      </trkpt>
      <trkpt lat="43.366335" lon="-3.908275">
        <ele>62.558885</ele>
        <time>2026-09-19T06:27:45.559Z</time>
      </trkpt>
      <trkpt lat="43.366425" lon="-3.908005">
        <ele>62.767489</ele>
        <time>2026-09-19T06:27:49.955Z</time>
      </trkpt>
      <trkpt lat="43.366511" lon="-3.907510">
        <ele>63.124918</ele>
        <time>2026-09-19T06:27:58.758Z</time>
      </trkpt>
      <trkpt lat="43.366573" lon="-3.906731">
        <ele>63.675279</ele>
        <time>2026-09-19T06:28:10.459Z</time>
      </trkpt>
      <trkpt lat="43.366594" lon="-3.906414">
        <ele>63.898831</ele>
        <time>2026-09-19T06:28:13.707Z</time>
      </trkpt>
      <trkpt lat="43.366608" lon="-3.906292">
        <ele>63.815892</ele>
        <time>2026-09-19T06:28:14.785Z</time>
      </trkpt>
      <trkpt lat="43.366630" lon="-3.906146">
        <ele>63.304621</ele>
        <time>2026-09-19T06:28:16.072Z</time>
      </trkpt>
      <trkpt lat="43.366733" lon="-3.905794">
        <ele>62.003518</ele>
        <time>2026-09-19T06:28:19.079Z</time>
      </trkpt>
      <trkpt lat="43.367000" lon="-3.905417">
        <ele>60.198761</ele>
        <time>2026-09-19T06:28:22.950Z</time>
      </trkpt>
      <trkpt lat="43.368847" lon="-3.904142">
        <ele>48.268073</ele>
        <time>2026-09-19T06:28:41.484Z</time>
      </trkpt>
      <trkpt lat="43.369361" lon="-3.903755">
        <ele>44.302533</ele>
        <time>2026-09-19T06:28:46.762Z</time>
      </trkpt>
      <trkpt lat="43.369857" lon="-3.903297">
        <ele>41.217069</ele>
        <time>2026-09-19T06:28:52.290Z</time>
      </trkpt>
      <trkpt lat="43.370143" lon="-3.902974">
        <ele>39.501309</ele>
        <time>2026-09-19T06:28:55.807Z</time>
      </trkpt>
      <trkpt lat="43.370614" lon="-3.902341">
        <ele>36.448184</ele>
        <time>2026-09-19T06:29:02.252Z</time>
      </trkpt>
      <trkpt lat="43.370876" lon="-3.902046">
        <ele>34.886316</ele>
        <time>2026-09-19T06:29:05.600Z</time>
      </trkpt>
      <trkpt lat="43.371030" lon="-3.901902">
        <ele>34.106899</ele>
        <time>2026-09-19T06:29:07.439Z</time>
      </trkpt>
      <trkpt lat="43.371231" lon="-3.901776">
        <ele>33.182332</ele>
        <time>2026-09-19T06:29:09.605Z</time>
      </trkpt>
      <trkpt lat="43.371676" lon="-3.901572">
        <ele>31.218977</ele>
        <time>2026-09-19T06:29:14.093Z</time>
      </trkpt>
      <trkpt lat="43.372398" lon="-3.901264">
        <ele>28.054906</ele>
        <time>2026-09-19T06:29:21.246Z</time>
      </trkpt>
      <trkpt lat="43.372608" lon="-3.901091">
        <ele>27.321034</ele>
        <time>2026-09-19T06:29:23.671Z</time>
      </trkpt>
      <trkpt lat="43.372768" lon="-3.900910">
        <ele>27.081749</ele>
        <time>2026-09-19T06:29:25.791Z</time>
      </trkpt>
      <trkpt lat="43.372824" lon="-3.900827">
        <ele>26.986662</ele>
        <time>2026-09-19T06:29:26.650Z</time>
      </trkpt>
      <trkpt lat="43.372893" lon="-3.900726">
        <ele>26.870280</ele>
        <time>2026-09-19T06:29:27.734Z</time>
      </trkpt>
      <trkpt lat="43.373235" lon="-3.899832">
        <ele>26.022009</ele>
        <time>2026-09-19T06:29:36.800Z</time>
      </trkpt>
      <trkpt lat="43.373747" lon="-3.898386">
        <ele>25.059418</ele>
        <time>2026-09-19T06:29:57.643Z</time>
      </trkpt>
      <trkpt lat="43.373819" lon="-3.898185">
        <ele>24.978187</ele>
        <time>2026-09-19T06:29:59.833Z</time>
      </trkpt>
      <trkpt lat="43.374456" lon="-3.896409">
        <ele>24.269747</ele>
        <time>2026-09-19T06:30:16.932Z</time>
      </trkpt>
      <trkpt lat="43.374492" lon="-3.896313">
        <ele>24.232475</ele>
        <time>2026-09-19T06:30:17.944Z</time>
      </trkpt>
      <trkpt lat="43.374535" lon="-3.896193">
        <ele>24.186311</ele>
        <time>2026-09-19T06:30:19.187Z</time>
      </trkpt>
      <trkpt lat="43.374897" lon="-3.895283">
        <ele>23.828373</ele>
        <time>2026-09-19T06:30:29.871Z</time>
      </trkpt>
      <trkpt lat="43.375156" lon="-3.894513">
        <ele>23.654685</ele>
        <time>2026-09-19T06:30:38.637Z</time>
      </trkpt>
      <trkpt lat="43.375225" lon="-3.894270">
        <ele>23.722930</ele>
        <time>2026-09-19T06:30:41.163Z</time>
      </trkpt>
      <trkpt lat="43.375245" lon="-3.894196">
        <ele>23.743582</ele>
        <time>2026-09-19T06:30:41.910Z</time>
      </trkpt>
      <trkpt lat="43.375598" lon="-3.892971">
        <ele>24.088293</ele>
        <time>2026-09-19T06:30:57.050Z</time>
      </trkpt>
      <trkpt lat="43.375752" lon="-3.892524">
        <ele>24.217692</ele>
        <time>2026-09-19T06:31:04.045Z</time>
      </trkpt>
      <trkpt lat="43.375887" lon="-3.892168">
        <ele>24.364175</ele>
        <time>2026-09-19T06:31:09.703Z</time>
      </trkpt>
      <trkpt lat="43.376066" lon="-3.891665">
        <ele>24.594913</ele>
        <time>2026-09-19T06:31:17.628Z</time>
      </trkpt>
      <trkpt lat="43.376246" lon="-3.891163">
        <ele>24.825530</ele>
        <time>2026-09-19T06:31:25.568Z</time>
      </trkpt>
      <trkpt lat="43.376359" lon="-3.890837">
        <ele>24.974331</ele>
        <time>2026-09-19T06:31:29.936Z</time>
      </trkpt>
      <trkpt lat="43.376568" lon="-3.890237">
        <ele>25.248446</ele>
        <time>2026-09-19T06:31:36.375Z</time>
      </trkpt>
      <trkpt lat="43.376696" lon="-3.889870">
        <ele>25.346795</ele>
        <time>2026-09-19T06:31:40.494Z</time>
      </trkpt>
      <trkpt lat="43.376965" lon="-3.889095">
        <ele>25.532547</ele>
        <time>2026-09-19T06:31:49.087Z</time>
      </trkpt>
      <trkpt lat="43.377063" lon="-3.888816">
        <ele>25.599568</ele>
        <time>2026-09-19T06:31:52.628Z</time>
      </trkpt>
      <trkpt lat="43.377146" lon="-3.888576">
        <ele>25.657052</ele>
        <time>2026-09-19T06:31:55.875Z</time>
      </trkpt>
      <trkpt lat="43.377420" lon="-3.887812">
        <ele>25.965573</ele>
        <time>2026-09-19T06:32:07.787Z</time>
      </trkpt>
      <trkpt lat="43.377541" lon="-3.887473">
        <ele>26.329529</ele>
        <time>2026-09-19T06:32:13.710Z</time>
      </trkpt>
      <trkpt lat="43.378136" lon="-3.885889">
        <ele>28.047803</ele>
        <time>2026-09-19T06:32:40.931Z</time>
      </trkpt>
      <trkpt lat="43.378352" lon="-3.885146">
        <ele>28.364530</ele>
        <time>2026-09-19T06:32:51.184Z</time>
      </trkpt>
      <trkpt lat="43.378428" lon="-3.884749">
        <ele>28.474269</ele>
        <time>2026-09-19T06:32:55.773Z</time>
      </trkpt>
      <trkpt lat="43.378633" lon="-3.883150">
        <ele>29.015479</ele>
        <time>2026-09-19T06:33:12.967Z</time>
      </trkpt>
      <trkpt lat="43.378715" lon="-3.882805">
        <ele>29.295893</ele>
        <time>2026-09-19T06:33:17.871Z</time>
      </trkpt>
      <trkpt lat="43.378824" lon="-3.882494">
        <ele>29.562626</ele>
        <time>2026-09-19T06:33:22.864Z</time>
      </trkpt>
      <trkpt lat="43.378991" lon="-3.882140">
        <ele>29.888657</ele>
        <time>2026-09-19T06:33:29.335Z</time>
      </trkpt>
      <trkpt lat="43.379145" lon="-3.881900">
        <ele>30.135980</ele>
        <time>2026-09-19T06:33:34.299Z</time>
      </trkpt>
      <trkpt lat="43.379475" lon="-3.881530">
        <ele>30.588449</ele>
        <time>2026-09-19T06:33:43.195Z</time>
      </trkpt>
      <trkpt lat="43.379840" lon="-3.881259">
        <ele>30.677299</ele>
        <time>2026-09-19T06:33:51.164Z</time>
      </trkpt>
      <trkpt lat="43.380272" lon="-3.881017">
        <ele>30.516951</ele>
        <time>2026-09-19T06:33:59.000Z</time>
      </trkpt>
      <trkpt lat="43.380382" lon="-3.880954">
        <ele>30.475990</ele>
        <time>2026-09-19T06:34:00.695Z</time>
      </trkpt>
      <trkpt lat="43.381285" lon="-3.880462">
        <ele>30.147964</ele>
        <time>2026-09-19T06:34:12.219Z</time>
      </trkpt>
      <trkpt lat="43.381653" lon="-3.880267">
        <ele>30.287474</ele>
        <time>2026-09-19T06:34:16.566Z</time>
      </trkpt>
      <trkpt lat="43.382009" lon="-3.880037">
        <ele>30.426610</ele>
        <time>2026-09-19T06:34:21.752Z</time>
      </trkpt>
      <trkpt lat="43.382398" lon="-3.879713">
        <ele>30.587478</ele>
        <time>2026-09-19T06:34:30.613Z</time>
      </trkpt>
      <trkpt lat="43.382533" lon="-3.879552">
        <ele>30.650681</ele>
        <time>2026-09-19T06:34:34.498Z</time>
      </trkpt>
      <trkpt lat="43.382720" lon="-3.879306">
        <ele>30.742208</ele>
        <time>2026-09-19T06:34:40.240Z</time>
      </trkpt>
      <trkpt lat="43.382907" lon="-3.878986">
        <ele>30.926523</ele>
        <time>2026-09-19T06:34:46.792Z</time>
      </trkpt>
      <trkpt lat="43.383110" lon="-3.878598">
        <ele>31.195043</ele>
        <time>2026-09-19T06:34:54.612Z</time>
      </trkpt>
      <trkpt lat="43.383248" lon="-3.878205">
        <ele>31.440190</ele>
        <time>2026-09-19T06:35:02.124Z</time>
      </trkpt>
      <trkpt lat="43.383422" lon="-3.877416">
        <ele>31.903292</ele>
        <time>2026-09-19T06:35:12.254Z</time>
      </trkpt>
      <trkpt lat="43.383537" lon="-3.876510">
        <ele>31.557363</ele>
        <time>2026-09-19T06:35:20.243Z</time>
      </trkpt>
      <trkpt lat="43.383651" lon="-3.875603">
        <ele>30.280278</ele>
        <time>2026-09-19T06:35:27.717Z</time>
      </trkpt>
      <trkpt lat="43.383740" lon="-3.875080">
        <ele>29.535023</ele>
        <time>2026-09-19T06:35:31.981Z</time>
      </trkpt>
      <trkpt lat="43.383812" lon="-3.874791">
        <ele>29.111151</ele>
        <time>2026-09-19T06:35:34.322Z</time>
      </trkpt>
      <trkpt lat="43.384197" lon="-3.873900">
        <ele>27.363519</ele>
        <time>2026-09-19T06:35:42.022Z</time>
      </trkpt>
      <trkpt lat="43.385363" lon="-3.871520">
        <ele>23.641025</ele>
        <time>2026-09-19T06:36:04.462Z</time>
      </trkpt>
      <trkpt lat="43.385785" lon="-3.870719">
        <ele>23.075281</ele>
        <time>2026-09-19T06:36:15.431Z</time>
      </trkpt>
      <trkpt lat="43.386112" lon="-3.870210">
        <ele>22.869924</ele>
        <time>2026-09-19T06:36:25.162Z</time>
      </trkpt>
      <trkpt lat="43.386440" lon="-3.869759">
        <ele>22.832778</ele>
        <time>2026-09-19T06:36:33.919Z</time>
      </trkpt>
      <trkpt lat="43.386830" lon="-3.869283">
        <ele>22.791016</ele>
        <time>2026-09-19T06:36:41.608Z</time>
      </trkpt>
      <trkpt lat="43.387088" lon="-3.868966">
        <ele>22.763307</ele>
        <time>2026-09-19T06:36:45.680Z</time>
      </trkpt>
      <trkpt lat="43.387203" lon="-3.868689">
        <ele>22.719563</ele>
        <time>2026-09-19T06:36:48.375Z</time>
      </trkpt>
      <trkpt lat="43.387179" lon="-3.868525">
        <ele>22.577930</ele>
        <time>2026-09-19T06:36:49.823Z</time>
      </trkpt>
      <trkpt lat="43.387222" lon="-3.868369">
        <ele>22.436675</ele>
        <time>2026-09-19T06:36:51.272Z</time>
      </trkpt>
      <trkpt lat="43.387321" lon="-3.868271">
        <ele>22.294600</ele>
        <time>2026-09-19T06:36:52.705Z</time>
      </trkpt>
      <trkpt lat="43.387399" lon="-3.867948">
        <ele>22.006439</ele>
        <time>2026-09-19T06:36:55.519Z</time>
      </trkpt>
      <trkpt lat="43.387476" lon="-3.867713">
        <ele>21.788196</ele>
        <time>2026-09-19T06:36:57.683Z</time>
      </trkpt>
      <trkpt lat="43.387628" lon="-3.867432">
        <ele>21.491628</ele>
        <time>2026-09-19T06:37:00.630Z</time>
      </trkpt>
      <trkpt lat="43.388192" lon="-3.866520">
        <ele>20.614230</ele>
        <time>2026-09-19T06:37:11.151Z</time>
      </trkpt>
      <trkpt lat="43.388713" lon="-3.865736">
        <ele>20.422434</ele>
        <time>2026-09-19T06:37:22.389Z</time>
      </trkpt>
      <trkpt lat="43.389179" lon="-3.865062">
        <ele>20.254482</ele>
        <time>2026-09-19T06:37:31.991Z</time>
      </trkpt>
      <trkpt lat="43.389534" lon="-3.864478">
        <ele>20.199525</ele>
        <time>2026-09-19T06:37:40.284Z</time>
      </trkpt>
      <trkpt lat="43.389831" lon="-3.863868">
        <ele>20.192159</ele>
        <time>2026-09-19T06:37:47.865Z</time>
      </trkpt>
      <trkpt lat="43.390457" lon="-3.862442">
        <ele>20.122514</ele>
        <time>2026-09-19T06:38:06.054Z</time>
      </trkpt>
      <trkpt lat="43.390930" lon="-3.861535">
        <ele>19.966844</ele>
        <time>2026-09-19T06:38:18.792Z</time>
      </trkpt>
      <trkpt lat="43.391014" lon="-3.861302">
        <ele>19.930577</ele>
        <time>2026-09-19T06:38:21.598Z</time>
      </trkpt>
      <trkpt lat="43.390983" lon="-3.861156">
        <ele>19.909367</ele>
        <time>2026-09-19T06:38:23.131Z</time>
      </trkpt>
      <trkpt lat="43.390996" lon="-3.861090">
        <ele>19.899832</ele>
        <time>2026-09-19T06:38:23.914Z</time>
      </trkpt>
      <trkpt lat="43.391051" lon="-3.861005">
        <ele>19.883962</ele>
        <time>2026-09-19T06:38:25.049Z</time>
      </trkpt>
      <trkpt lat="43.391112" lon="-3.860971">
        <ele>19.871333</ele>
        <time>2026-09-19T06:38:25.991Z</time>
      </trkpt>
      <trkpt lat="43.391310" lon="-3.860677">
        <ele>19.649138</ele>
        <time>2026-09-19T06:38:29.732Z</time>
      </trkpt>
      <trkpt lat="43.392023" lon="-3.859631">
        <ele>17.696478</ele>
        <time>2026-09-19T06:38:41.142Z</time>
      </trkpt>
      <trkpt lat="43.392090" lon="-3.859530">
        <ele>17.510283</ele>
        <time>2026-09-19T06:38:42.221Z</time>
      </trkpt>
      <trkpt lat="43.393747" lon="-3.857016">
        <ele>12.715118</ele>
        <time>2026-09-19T06:39:08.777Z</time>
      </trkpt>
      <trkpt lat="43.393901" lon="-3.856782">
        <ele>12.705038</ele>
        <time>2026-09-19T06:39:11.553Z</time>
      </trkpt>
      <trkpt lat="43.394027" lon="-3.856589">
        <ele>12.696755</ele>
        <time>2026-09-19T06:39:13.994Z</time>
      </trkpt>
      <trkpt lat="43.394187" lon="-3.856346">
        <ele>12.686286</ele>
        <time>2026-09-19T06:39:17.324Z</time>
      </trkpt>
      <trkpt lat="43.395413" lon="-3.854468">
        <ele>12.653818</ele>
        <time>2026-09-19T06:39:50.498Z</time>
      </trkpt>
      <trkpt lat="43.396104" lon="-3.853371">
        <ele>12.634306</ele>
        <time>2026-09-19T06:40:04.302Z</time>
      </trkpt>
      <trkpt lat="43.396523" lon="-3.852641">
        <ele>12.218503</ele>
        <time>2026-09-19T06:40:12.684Z</time>
      </trkpt>
      <trkpt lat="43.396555" lon="-3.852345">
        <ele>12.084745</ele>
        <time>2026-09-19T06:40:16.611Z</time>
      </trkpt>
      <trkpt lat="43.396617" lon="-3.852235">
        <ele>12.022521</ele>
        <time>2026-09-19T06:40:18.468Z</time>
      </trkpt>
      <trkpt lat="43.396688" lon="-3.852187">
        <ele>11.973861</ele>
        <time>2026-09-19T06:40:19.966Z</time>
      </trkpt>
      <trkpt lat="43.396752" lon="-3.851841">
        <ele>11.814279</ele>
        <time>2026-09-19T06:40:23.398Z</time>
      </trkpt>
      <trkpt lat="43.396866" lon="-3.851246">
        <ele>11.548994</ele>
        <time>2026-09-19T06:40:29.479Z</time>
      </trkpt>
      <trkpt lat="43.396992" lon="-3.850861">
        <ele>11.436182</ele>
        <time>2026-09-19T06:40:33.743Z</time>
      </trkpt>
      <trkpt lat="43.397180" lon="-3.850474">
        <ele>11.311808</ele>
        <time>2026-09-19T06:40:38.190Z</time>
      </trkpt>
      <trkpt lat="43.398066" lon="-3.849129">
        <ele>10.777847</ele>
        <time>2026-09-19T06:40:56.265Z</time>
      </trkpt>
      <trkpt lat="43.398170" lon="-3.848939">
        <ele>10.673025</ele>
        <time>2026-09-19T06:40:58.697Z</time>
      </trkpt>
      <trkpt lat="43.398285" lon="-3.848627">
        <ele>10.518864</ele>
        <time>2026-09-19T06:41:02.219Z</time>
      </trkpt>
      <trkpt lat="43.398266" lon="-3.848541">
        <ele>10.479255</ele>
        <time>2026-09-19T06:41:03.111Z</time>
      </trkpt>
      <trkpt lat="43.398260" lon="-3.848415">
        <ele>10.423614</ele>
        <time>2026-09-19T06:41:04.324Z</time>
      </trkpt>
      <trkpt lat="43.398280" lon="-3.848335">
        <ele>10.386334</ele>
        <time>2026-09-19T06:41:05.147Z</time>
      </trkpt>
      <trkpt lat="43.398316" lon="-3.848262">
        <ele>10.347457</ele>
        <time>2026-09-19T06:41:05.982Z</time>
      </trkpt>
      <trkpt lat="43.398386" lon="-3.848206">
        <ele>10.298354</ele>
        <time>2026-09-19T06:41:07.032Z</time>
      </trkpt>
      <trkpt lat="43.398443" lon="-3.848184">
        <ele>10.262452</ele>
        <time>2026-09-19T06:41:07.783Z</time>
      </trkpt>
      <trkpt lat="43.398474" lon="-3.848176">
        <ele>10.243324</ele>
        <time>2026-09-19T06:41:08.194Z</time>
      </trkpt>
      <trkpt lat="43.398843" lon="-3.847849">
        <ele>9.977164</ele>
        <time>2026-09-19T06:41:13.643Z</time>
      </trkpt>
      <trkpt lat="43.399728" lon="-3.846380">
        <ele>8.821149</ele>
        <time>2026-09-19T06:41:30.541Z</time>
      </trkpt>
      <trkpt lat="43.399968" lon="-3.845983">
        <ele>8.487343</ele>
        <time>2026-09-19T06:41:35.194Z</time>
      </trkpt>
      <trkpt lat="43.400201" lon="-3.845597">
        <ele>8.203341</ele>
        <time>2026-09-19T06:41:39.847Z</time>
      </trkpt>
      <trkpt lat="43.400526" lon="-3.845059">
        <ele>8.128968</ele>
        <time>2026-09-19T06:41:46.750Z</time>
      </trkpt>
      <trkpt lat="43.400891" lon="-3.844439">
        <ele>8.044144</ele>
        <time>2026-09-19T06:41:54.800Z</time>
      </trkpt>
      <trkpt lat="43.401109" lon="-3.844081">
        <ele>7.994492</ele>
        <time>2026-09-19T06:41:59.797Z</time>
      </trkpt>
      <trkpt lat="43.401283" lon="-3.843799">
        <ele>7.955165</ele>
        <time>2026-09-19T06:42:04.131Z</time>
      </trkpt>
      <trkpt lat="43.401415" lon="-3.843585">
        <ele>8.139011</ele>
        <time>2026-09-19T06:42:07.535Z</time>
      </trkpt>
      <trkpt lat="43.401456" lon="-3.843519">
        <ele>8.216237</ele>
        <time>2026-09-19T06:42:08.584Z</time>
      </trkpt>
      <trkpt lat="43.401714" lon="-3.843076">
        <ele>8.721162</ele>
        <time>2026-09-19T06:42:16.262Z</time>
      </trkpt>
      <trkpt lat="43.401852" lon="-3.842762">
        <ele>9.047527</ele>
        <time>2026-09-19T06:42:21.807Z</time>
      </trkpt>
      <trkpt lat="43.401950" lon="-3.842477">
        <ele>9.327940</ele>
        <time>2026-09-19T06:42:26.789Z</time>
      </trkpt>
      <trkpt lat="43.401924" lon="-3.842385">
        <ele>9.415730</ele>
        <time>2026-09-19T06:42:28.481Z</time>
      </trkpt>
      <trkpt lat="43.401920" lon="-3.842278">
        <ele>9.511015</ele>
        <time>2026-09-19T06:42:30.204Z</time>
      </trkpt>
      <trkpt lat="43.401987" lon="-3.842090">
        <ele>9.697240</ele>
        <time>2026-09-19T06:42:33.665Z</time>
      </trkpt>
      <trkpt lat="43.402096" lon="-3.842008">
        <ele>9.849290</ele>
        <time>2026-09-19T06:42:36.439Z</time>
      </trkpt>
      <trkpt lat="43.402220" lon="-3.842017">
        <ele>10.001282</ele>
        <time>2026-09-19T06:42:39.185Z</time>
      </trkpt>
      <trkpt lat="43.402416" lon="-3.841942">
        <ele>10.149539</ele>
        <time>2026-09-19T06:42:43.415Z</time>
      </trkpt>
      <trkpt lat="43.402537" lon="-3.841833">
        <ele>10.149152</ele>
        <time>2026-09-19T06:42:46.184Z</time>
      </trkpt>
      <trkpt lat="43.402772" lon="-3.841431">
        <ele>10.148148</ele>
        <time>2026-09-19T06:42:52.755Z</time>
      </trkpt>
      <trkpt lat="43.402951" lon="-3.841111">
        <ele>10.147363</ele>
        <time>2026-09-19T06:42:57.519Z</time>
      </trkpt>
      <trkpt lat="43.403256" lon="-3.840547">
        <ele>10.145995</ele>
        <time>2026-09-19T06:43:04.604Z</time>
      </trkpt>
      <trkpt lat="43.403374" lon="-3.840329">
        <ele>10.145466</ele>
        <time>2026-09-19T06:43:06.986Z</time>
      </trkpt>
      <trkpt lat="43.403779" lon="-3.839585">
        <ele>9.304509</ele>
        <time>2026-09-19T06:43:14.555Z</time>
      </trkpt>
      <trkpt lat="43.403847" lon="-3.839458">
        <ele>9.103884</ele>
        <time>2026-09-19T06:43:15.862Z</time>
      </trkpt>
      <trkpt lat="43.404089" lon="-3.839016">
        <ele>8.400064</ele>
        <time>2026-09-19T06:43:20.475Z</time>
      </trkpt>
      <trkpt lat="43.404227" lon="-3.838765">
        <ele>7.999778</ele>
        <time>2026-09-19T06:43:23.040Z</time>
      </trkpt>
      <trkpt lat="43.404277" lon="-3.838673">
        <ele>7.853672</ele>
        <time>2026-09-19T06:43:23.963Z</time>
      </trkpt>
      <trkpt lat="43.404486" lon="-3.838285">
        <ele>7.239440</ele>
        <time>2026-09-19T06:43:27.821Z</time>
      </trkpt>
      <trkpt lat="43.404636" lon="-3.838017">
        <ele>6.775146</ele>
        <time>2026-09-19T06:43:30.449Z</time>
      </trkpt>
      <trkpt lat="43.404835" lon="-3.837724">
        <ele>6.172356</ele>
        <time>2026-09-19T06:43:33.591Z</time>
      </trkpt>
      <trkpt lat="43.404899" lon="-3.837624">
        <ele>5.972074</ele>
        <time>2026-09-19T06:43:34.620Z</time>
      </trkpt>
      <trkpt lat="43.404947" lon="-3.837440">
        <ele>5.678260</ele>
        <time>2026-09-19T06:43:36.159Z</time>
      </trkpt>
      <trkpt lat="43.404922" lon="-3.837318">
        <ele>5.487757</ele>
        <time>2026-09-19T06:43:37.168Z</time>
      </trkpt>
      <trkpt lat="43.404958" lon="-3.837122">
        <ele>5.183928</ele>
        <time>2026-09-19T06:43:38.755Z</time>
      </trkpt>
      <trkpt lat="43.405007" lon="-3.837052">
        <ele>5.037842</ele>
        <time>2026-09-19T06:43:39.497Z</time>
      </trkpt>
      <trkpt lat="43.405074" lon="-3.837000">
        <ele>4.878732</ele>
        <time>2026-09-19T06:43:40.338Z</time>
      </trkpt>
      <trkpt lat="43.405158" lon="-3.836987">
        <ele>4.703875</ele>
        <time>2026-09-19T06:43:41.230Z</time>
      </trkpt>
      <trkpt lat="43.405242" lon="-3.837020">
        <ele>4.523174</ele>
        <time>2026-09-19T06:43:42.177Z</time>
      </trkpt>
      <trkpt lat="43.405315" lon="-3.837102">
        <ele>4.328265</ele>
        <time>2026-09-19T06:43:43.181Z</time>
      </trkpt>
      <trkpt lat="43.405599" lon="-3.837200">
        <ele>3.722604</ele>
        <time>2026-09-19T06:43:46.384Z</time>
      </trkpt>
      <trkpt lat="43.405797" lon="-3.837197">
        <ele>3.312998</ele>
        <time>2026-09-19T06:43:48.615Z</time>
      </trkpt>
      <trkpt lat="43.406132" lon="-3.837260">
        <ele>2.913655</ele>
        <time>2026-09-19T06:43:52.416Z</time>
      </trkpt>
      <trkpt lat="43.407422" lon="-3.837805">
        <ele>1.386743</ele>
        <time>2026-09-19T06:44:08.937Z</time>
      </trkpt>
      <trkpt lat="43.407751" lon="-3.837877">
        <ele>1.267502</ele>
        <time>2026-09-19T06:44:13.194Z</time>
      </trkpt>
      <trkpt lat="43.408043" lon="-3.837897">
        <ele>1.305808</ele>
        <time>2026-09-19T06:44:16.970Z</time>
      </trkpt>
      <trkpt lat="43.408367" lon="-3.837867">
        <ele>1.348355</ele>
        <time>2026-09-19T06:44:21.304Z</time>
      </trkpt>
      <trkpt lat="43.408823" lon="-3.837751">
        <ele>1.409113</ele>
        <time>2026-09-19T06:44:28.375Z</time>
      </trkpt>
      <trkpt lat="43.409208" lon="-3.837562">
        <ele>1.462668</ele>
        <time>2026-09-19T06:44:35.720Z</time>
      </trkpt>
      <trkpt lat="43.409503" lon="-3.837357">
        <ele>2.063149</ele>
        <time>2026-09-19T06:44:42.642Z</time>
      </trkpt>
      <trkpt lat="43.409805" lon="-3.837081">
        <ele>3.006332</ele>
        <time>2026-09-19T06:44:51.041Z</time>
      </trkpt>
      <trkpt lat="43.410463" lon="-3.836277">
        <ele>5.295555</ele>
        <time>2026-09-19T06:45:14.984Z</time>
      </trkpt>
      <trkpt lat="43.410503" lon="-3.836216">
        <ele>5.450879</ele>
        <time>2026-09-19T06:45:16.681Z</time>
      </trkpt>
      <trkpt lat="43.410592" lon="-3.836078">
        <ele>5.799678</ele>
        <time>2026-09-19T06:45:20.454Z</time>
      </trkpt>
      <trkpt lat="43.410654" lon="-3.835843">
        <ele>6.354957</ele>
        <time>2026-09-19T06:45:25.582Z</time>
      </trkpt>
      <trkpt lat="43.410651" lon="-3.835758">
        <ele>6.630549</ele>
        <time>2026-09-19T06:45:27.331Z</time>
      </trkpt>
      <trkpt lat="43.410678" lon="-3.835637">
        <ele>7.040468</ele>
        <time>2026-09-19T06:45:29.921Z</time>
      </trkpt>
      <trkpt lat="43.410744" lon="-3.835539">
        <ele>7.473236</ele>
        <time>2026-09-19T06:45:32.666Z</time>
      </trkpt>
      <trkpt lat="43.410778" lon="-3.835519">
        <ele>7.638064</ele>
        <time>2026-09-19T06:45:33.723Z</time>
      </trkpt>
      <trkpt lat="43.410857" lon="-3.835483">
        <ele>8.009033</ele>
        <time>2026-09-19T06:45:36.066Z</time>
      </trkpt>
      <trkpt lat="43.410919" lon="-3.835491">
        <ele>8.286635</ele>
        <time>2026-09-19T06:45:37.773Z</time>
      </trkpt>
      <trkpt lat="43.411043" lon="-3.835428">
        <ele>8.875864</ele>
        <time>2026-09-19T06:45:41.399Z</time>
      </trkpt>
      <trkpt lat="43.411112" lon="-3.835352">
        <ele>9.269806</ele>
        <time>2026-09-19T06:45:43.883Z</time>
      </trkpt>
      <trkpt lat="43.411169" lon="-3.835236">
        <ele>9.723330</ele>
        <time>2026-09-19T06:45:46.848Z</time>
      </trkpt>
      <trkpt lat="43.411401" lon="-3.834745">
        <ele>11.620147</ele>
        <time>2026-09-19T06:46:01.033Z</time>
      </trkpt>
      <trkpt lat="43.411467" lon="-3.834626">
        <ele>12.104993</ele>
        <time>2026-09-19T06:46:04.939Z</time>
      </trkpt>
      <trkpt lat="43.411537" lon="-3.834510">
        <ele>12.593350</ele>
        <time>2026-09-19T06:46:08.922Z</time>
      </trkpt>
      <trkpt lat="43.411644" lon="-3.834404">
        <ele>13.181022</ele>
        <time>2026-09-19T06:46:13.879Z</time>
      </trkpt>
      <trkpt lat="43.411678" lon="-3.834336">
        <ele>13.448352</ele>
        <time>2026-09-19T06:46:16.192Z</time>
      </trkpt>
      <trkpt lat="43.411745" lon="-3.834316">
        <ele>13.753974</ele>
        <time>2026-09-19T06:46:18.823Z</time>
      </trkpt>
      <trkpt lat="43.411767" lon="-3.834327">
        <ele>13.858317</ele>
        <time>2026-09-19T06:46:19.687Z</time>
      </trkpt>
      <trkpt lat="43.411782" lon="-3.834340">
        <ele>13.937334</ele>
        <time>2026-09-19T06:46:20.356Z</time>
      </trkpt>
      <trkpt lat="43.411900" lon="-3.834241">
        <ele>14.666798</ele>
        <time>2026-09-19T06:46:26.500Z</time>
      </trkpt>
      <trkpt lat="43.412015" lon="-3.834166">
        <ele>15.403920</ele>
        <time>2026-09-19T06:46:32.251Z</time>
      </trkpt>
      <trkpt lat="43.412384" lon="-3.833807">
        <ele>18.021310</ele>
        <time>2026-09-19T06:46:53.038Z</time>
      </trkpt>
      <trkpt lat="43.412651" lon="-3.833441">
        <ele>20.203937</ele>
        <time>2026-09-19T06:47:10.731Z</time>
      </trkpt>
      <trkpt lat="43.412805" lon="-3.833295">
        <ele>21.287074</ele>
        <time>2026-09-19T06:47:19.621Z</time>
      </trkpt>
      <trkpt lat="43.412916" lon="-3.833235">
        <ele>21.977840</ele>
        <time>2026-09-19T06:47:24.979Z</time>
      </trkpt>
      <trkpt lat="43.413475" lon="-3.833195">
        <ele>24.777960</ele>
        <time>2026-09-19T06:47:47.328Z</time>
      </trkpt>
      <trkpt lat="43.413891" lon="-3.833191">
        <ele>25.487858</ele>
        <time>2026-09-19T06:48:01.939Z</time>
      </trkpt>
      <trkpt lat="43.414369" lon="-3.833129">
        <ele>26.307150</ele>
        <time>2026-09-19T06:48:16.307Z</time>
      </trkpt>
      <trkpt lat="43.414692" lon="-3.833172">
        <ele>26.860902</ele>
        <time>2026-09-19T06:48:23.375Z</time>
      </trkpt>
      <trkpt lat="43.414898" lon="-3.833200">
        <ele>27.214139</ele>
        <time>2026-09-19T06:48:27.020Z</time>
      </trkpt>
      <trkpt lat="43.415045" lon="-3.833194">
        <ele>27.465096</ele>
        <time>2026-09-19T06:48:29.511Z</time>
      </trkpt>
      <trkpt lat="43.415176" lon="-3.833193">
        <ele>27.680523</ele>
        <time>2026-09-19T06:48:31.676Z</time>
      </trkpt>
      <trkpt lat="43.415214" lon="-3.832141">
        <ele>28.580123</ele>
        <time>2026-09-19T06:48:44.424Z</time>
      </trkpt>
      <trkpt lat="43.415489" lon="-3.832147">
        <ele>28.903503</ele>
        <time>2026-09-19T06:48:49.549Z</time>
      </trkpt>
      <trkpt lat="43.415515" lon="-3.832148">
        <ele>28.934085</ele>
        <time>2026-09-19T06:48:50.101Z</time>
      </trkpt>
      <trkpt lat="43.415917" lon="-3.832076">
        <ele>29.410732</ele>
        <time>2026-09-19T06:49:01.054Z</time>
      </trkpt>
      <trkpt lat="43.416004" lon="-3.832014">
        <ele>29.525918</ele>
        <time>2026-09-19T06:49:04.556Z</time>
      </trkpt>
      <trkpt lat="43.416343" lon="-3.831606">
        <ele>31.286925</ele>
        <time>2026-09-19T06:49:25.122Z</time>
      </trkpt>
      <trkpt lat="43.416398" lon="-3.831576">
        <ele>31.664628</ele>
        <time>2026-09-19T06:49:28.149Z</time>
      </trkpt>
      <trkpt lat="43.416824" lon="-3.831520">
        <ele>34.396785</ele>
        <time>2026-09-19T06:49:50.574Z</time>
      </trkpt>
      <trkpt lat="43.417238" lon="-3.831398">
        <ele>37.099832</ele>
        <time>2026-09-19T06:50:13.237Z</time>
      </trkpt>
      <trkpt lat="43.417393" lon="-3.831175">
        <ele>38.531186</ele>
        <time>2026-09-19T06:50:24.723Z</time>
      </trkpt>
      <trkpt lat="43.417459" lon="-3.831214">
        <ele>38.989736</ele>
        <time>2026-09-19T06:50:28.191Z</time>
      </trkpt>
      <trkpt lat="43.417589" lon="-3.831224">
        <ele>39.821012</ele>
        <time>2026-09-19T06:50:34.165Z</time>
      </trkpt>
      <trkpt lat="43.417666" lon="-3.831071">
        <ele>40.684208</ele>
        <time>2026-09-19T06:50:39.903Z</time>
      </trkpt>
      <trkpt lat="43.417651" lon="-3.830902">
        <ele>41.232443</ele>
        <time>2026-09-19T06:50:44.120Z</time>
      </trkpt>
      <trkpt lat="43.417667" lon="-3.830694">
        <ele>41.103643</ele>
        <time>2026-09-19T06:50:48.722Z</time>
      </trkpt>
      <trkpt lat="43.418066" lon="-3.830544">
        <ele>40.753001</ele>
        <time>2026-09-19T06:50:59.943Z</time>
      </trkpt>
      <trkpt lat="43.418363" lon="-3.830507">
        <ele>40.500186</ele>
        <time>2026-09-19T06:51:05.498Z</time>
      </trkpt>
      <trkpt lat="43.418524" lon="-3.830530">
        <ele>40.362963</ele>
        <time>2026-09-19T06:51:08.303Z</time>
      </trkpt>
      <trkpt lat="43.418625" lon="-3.830582">
        <ele>40.271547</ele>
        <time>2026-09-19T06:51:10.039Z</time>
      </trkpt>
      <trkpt lat="43.418669" lon="-3.830519">
        <ele>40.217730</ele>
        <time>2026-09-19T06:51:10.988Z</time>
      </trkpt>
      <trkpt lat="43.418879" lon="-3.830291">
        <ele>39.991001</ele>
        <time>2026-09-19T06:51:14.827Z</time>
      </trkpt>
      <trkpt lat="43.419131" lon="-3.830073">
        <ele>39.738691</ele>
        <time>2026-09-19T06:51:18.811Z</time>
      </trkpt>
      <trkpt lat="43.419375" lon="-3.830262">
        <ele>37.426698</ele>
        <time>2026-09-19T06:51:22.433Z</time>
      </trkpt>
      <trkpt lat="43.419502" lon="-3.830405">
        <ele>36.057397</ele>
        <time>2026-09-19T06:51:24.519Z</time>
      </trkpt>
      <trkpt lat="43.420245" lon="-3.830158">
        <ele>29.678039</ele>
        <time>2026-09-19T06:51:34.008Z</time>
      </trkpt>
      <trkpt lat="43.420500" lon="-3.830019">
        <ele>27.389050</ele>
        <time>2026-09-19T06:51:37.358Z</time>
      </trkpt>
      <trkpt lat="43.420622" lon="-3.829911">
        <ele>26.178511</ele>
        <time>2026-09-19T06:51:39.118Z</time>
      </trkpt>
      <trkpt lat="43.421253" lon="-3.829058">
        <ele>18.600483</ele>
        <time>2026-09-19T06:51:49.902Z</time>
      </trkpt>
      <trkpt lat="43.421487" lon="-3.828790">
        <ele>15.975467</ele>
        <time>2026-09-19T06:51:53.666Z</time>
      </trkpt>
      <trkpt lat="43.421566" lon="-3.828732">
        <ele>15.203342</ele>
        <time>2026-09-19T06:51:54.770Z</time>
      </trkpt>
      <trkpt lat="43.421651" lon="-3.828710">
        <ele>14.457445</ele>
        <time>2026-09-19T06:51:55.853Z</time>
      </trkpt>
      <trkpt lat="43.421761" lon="-3.828730">
        <ele>13.500547</ele>
        <time>2026-09-19T06:51:57.237Z</time>
      </trkpt>
      <trkpt lat="43.422043" lon="-3.828845">
        <ele>10.964085</ele>
        <time>2026-09-19T06:52:00.956Z</time>
      </trkpt>
      <trkpt lat="43.422170" lon="-3.828828">
        <ele>9.863647</ele>
        <time>2026-09-19T06:52:02.588Z</time>
      </trkpt>
      <trkpt lat="43.422683" lon="-3.828673">
        <ele>7.532489</ele>
        <time>2026-09-19T06:52:09.461Z</time>
      </trkpt>
      <trkpt lat="43.423438" lon="-3.828413">
        <ele>4.625160</ele>
        <time>2026-09-19T06:52:20.550Z</time>
      </trkpt>
      <trkpt lat="43.423639" lon="-3.828305">
        <ele>3.819135</ele>
        <time>2026-09-19T06:52:23.934Z</time>
      </trkpt>
      <trkpt lat="43.423657" lon="-3.828395">
        <ele>3.565858</ele>
        <time>2026-09-19T06:52:24.696Z</time>
      </trkpt>
      <trkpt lat="43.423857" lon="-3.828255">
        <ele>2.727706</ele>
        <time>2026-09-19T06:52:27.326Z</time>
      </trkpt>
      <trkpt lat="43.424377" lon="-3.828315">
        <ele>2.283704</ele>
        <time>2026-09-19T06:52:33.759Z</time>
      </trkpt>
      <trkpt lat="43.424517" lon="-3.828558">
        <ele>2.180882</ele>
        <time>2026-09-19T06:52:36.718Z</time>
      </trkpt>
      <trkpt lat="43.424624" lon="-3.828912">
        <ele>2.053775</ele>
        <time>2026-09-19T06:52:40.548Z</time>
      </trkpt>
      <trkpt lat="43.424646" lon="-3.828924">
        <ele>2.042975</ele>
        <time>2026-09-19T06:52:40.874Z</time>
      </trkpt>
      <trkpt lat="43.424693" lon="-3.828902">
        <ele>2.020316</ele>
        <time>2026-09-19T06:52:44.342Z</time>
      </trkpt>
      <trkpt lat="43.424750" lon="-3.828876">
        <ele>1.992909</ele>
        <time>2026-09-19T06:52:48.509Z</time>
      </trkpt>
      <trkpt lat="43.426153" lon="-3.833989">
        <ele>1.914316</ele>
        <time>2026-09-19T06:53:48.844Z</time>
      </trkpt>
      <trkpt lat="43.426343" lon="-3.834501">
        <ele>1.891081</ele>
        <time>2026-09-19T06:53:54.948Z</time>
      </trkpt>
      <trkpt lat="43.426586" lon="-3.834868">
        <ele>1.737447</ele>
        <time>2026-09-19T06:53:59.938Z</time>
      </trkpt>
      <trkpt lat="43.426900" lon="-3.835236">
        <ele>1.561807</ele>
        <time>2026-09-19T06:54:05.457Z</time>
      </trkpt>
      <trkpt lat="43.427232" lon="-3.835359">
        <ele>1.415360</ele>
        <time>2026-09-19T06:54:09.940Z</time>
      </trkpt>
      <trkpt lat="43.427909" lon="-3.835512">
        <ele>1.142722</ele>
        <time>2026-09-19T06:54:18.763Z</time>
      </trkpt>
      <trkpt lat="43.429524" lon="-3.835972">
        <ele>0.792755</ele>
        <time>2026-09-19T06:54:42.225Z</time>
      </trkpt>
      <trkpt lat="43.430652" lon="-3.836198">
        <ele>0.851409</ele>
        <time>2026-09-19T06:54:59.610Z</time>
      </trkpt>
      <trkpt lat="43.430828" lon="-3.836274">
        <ele>0.863498</ele>
        <time>2026-09-19T06:55:02.425Z</time>
      </trkpt>
      <trkpt lat="43.432221" lon="-3.836514">
        <ele>0.911221</ele>
        <time>2026-09-19T06:55:23.456Z</time>
      </trkpt>
      <trkpt lat="43.432636" lon="-3.836103">
        <ele>0.918756</ele>
        <time>2026-09-19T06:55:30.913Z</time>
      </trkpt>
      <trkpt lat="43.432726" lon="-3.835888">
        <ele>0.921412</ele>
        <time>2026-09-19T06:55:33.598Z</time>
      </trkpt>
      <trkpt lat="43.432715" lon="-3.835708">
        <ele>0.923346</ele>
        <time>2026-09-19T06:55:35.580Z</time>
      </trkpt>
      <trkpt lat="43.432702" lon="-3.835713">
        <ele>0.923545</ele>
        <time>2026-09-19T06:55:35.772Z</time>
      </trkpt>
      <trkpt lat="43.432708" lon="-3.835919">
        <ele>0.925307</ele>
        <time>2026-09-19T06:55:38.040Z</time>
      </trkpt>
      <trkpt lat="43.432633" lon="-3.836079">
        <ele>0.926301</ele>
        <time>2026-09-19T06:55:40.144Z</time>
      </trkpt>
      <trkpt lat="43.432220" lon="-3.836489">
        <ele>0.929959</ele>
        <time>2026-09-19T06:55:47.970Z</time>
      </trkpt>
      <trkpt lat="43.431626" lon="-3.836374">
        <ele>0.934270</ele>
        <time>2026-09-19T06:55:56.766Z</time>
      </trkpt>
      <trkpt lat="43.431436" lon="-3.836373">
        <ele>0.935635</ele>
        <time>2026-09-19T06:55:59.612Z</time>
      </trkpt>
      <trkpt lat="43.430840" lon="-3.836254">
        <ele>0.895374</ele>
        <time>2026-09-19T06:56:08.329Z</time>
      </trkpt>
      <trkpt lat="43.430664" lon="-3.836178">
        <ele>0.869261</ele>
        <time>2026-09-19T06:56:10.923Z</time>
      </trkpt>
      <trkpt lat="43.430273" lon="-3.836100">
        <ele>0.813331</ele>
        <time>2026-09-19T06:56:16.424Z</time>
      </trkpt>
      <trkpt lat="43.429663" lon="-3.835979">
        <ele>0.726083</ele>
        <time>2026-09-19T06:56:25.074Z</time>
      </trkpt>
      <trkpt lat="43.428464" lon="-3.835646">
        <ele>0.640634</ele>
        <time>2026-09-19T06:56:42.811Z</time>
      </trkpt>
      <trkpt lat="43.429663" lon="-3.835979">
        <ele>0.600008</ele>
        <time>2026-09-19T06:58:07.801Z</time>
      </trkpt>
      <trkpt lat="43.430273" lon="-3.836100">
        <ele>0.600004</ele>
        <time>2026-09-19T06:58:50.646Z</time>
      </trkpt>
      <trkpt lat="43.429663" lon="-3.835979">
        <ele>0.600001</ele>
        <time>2026-09-19T06:58:59.759Z</time>
      </trkpt>
      <trkpt lat="43.428464" lon="-3.835646">
        <ele>0.843807</ele>
        <time>2026-09-19T06:59:17.844Z</time>
      </trkpt>
      <trkpt lat="43.427913" lon="-3.835492">
        <ele>0.980654</ele>
        <time>2026-09-19T06:59:27.148Z</time>
      </trkpt>
      <trkpt lat="43.427704" lon="-3.835460">
        <ele>1.031837</ele>
        <time>2026-09-19T06:59:30.801Z</time>
      </trkpt>
      <trkpt lat="43.426904" lon="-3.835219">
        <ele>1.374519</ele>
        <time>2026-09-19T06:59:45.087Z</time>
      </trkpt>
      <trkpt lat="43.426613" lon="-3.834865">
        <ele>1.539097</ele>
        <time>2026-09-19T06:59:51.628Z</time>
      </trkpt>
      <trkpt lat="43.426365" lon="-3.834500">
        <ele>1.692953</ele>
        <time>2026-09-19T06:59:57.469Z</time>
      </trkpt>
      <trkpt lat="43.426167" lon="-3.833987">
        <ele>1.794165</ele>
        <time>2026-09-19T07:00:03.820Z</time>
      </trkpt>
      <trkpt lat="43.424758" lon="-3.828843">
        <ele>1.608026</ele>
        <time>2026-09-19T07:01:01.576Z</time>
      </trkpt>
      <trkpt lat="43.424685" lon="-3.828872">
        <ele>1.614387</ele>
        <time>2026-09-19T07:01:02.728Z</time>
      </trkpt>
      <trkpt lat="43.424693" lon="-3.828902">
        <ele>1.616331</ele>
        <time>2026-09-19T07:01:03.078Z</time>
      </trkpt>
      <trkpt lat="43.424750" lon="-3.828876">
        <ele>1.621358</ele>
        <time>2026-09-19T07:01:07.244Z</time>
      </trkpt>
      <trkpt lat="43.426153" lon="-3.833989">
        <ele>1.852616</ele>
        <time>2026-09-19T07:02:08.080Z</time>
      </trkpt>
      <trkpt lat="43.426343" lon="-3.834501">
        <ele>1.849067</ele>
        <time>2026-09-19T07:02:14.185Z</time>
      </trkpt>
      <trkpt lat="43.426586" lon="-3.834868">
        <ele>1.811286</ele>
        <time>2026-09-19T07:02:19.174Z</time>
      </trkpt>
      <trkpt lat="43.426900" lon="-3.835236">
        <ele>1.618826</ele>
        <time>2026-09-19T07:02:24.694Z</time>
      </trkpt>
      <trkpt lat="43.427232" lon="-3.835359">
        <ele>1.458353</ele>
        <time>2026-09-19T07:02:29.176Z</time>
      </trkpt>
      <trkpt lat="43.427909" lon="-3.835512">
        <ele>1.138134</ele>
        <time>2026-09-19T07:02:37.999Z</time>
      </trkpt>
      <trkpt lat="43.429524" lon="-3.835972">
        <ele>0.846175</ele>
        <time>2026-09-19T07:03:01.461Z</time>
      </trkpt>
      <trkpt lat="43.430652" lon="-3.836198">
        <ele>0.867825</ele>
        <time>2026-09-19T07:03:18.846Z</time>
      </trkpt>
      <trkpt lat="43.430828" lon="-3.836274">
        <ele>0.886598</ele>
        <time>2026-09-19T07:03:21.662Z</time>
      </trkpt>
      <trkpt lat="43.432221" lon="-3.836514">
        <ele>1.146373</ele>
        <time>2026-09-19T07:03:43.098Z</time>
      </trkpt>
      <trkpt lat="43.432636" lon="-3.836103">
        <ele>1.318046</ele>
        <time>2026-09-19T07:03:51.370Z</time>
      </trkpt>
      <trkpt lat="43.432726" lon="-3.835888">
        <ele>1.378567</ele>
        <time>2026-09-19T07:03:54.369Z</time>
      </trkpt>
      <trkpt lat="43.432715" lon="-3.835708">
        <ele>1.422620</ele>
        <time>2026-09-19T07:03:56.537Z</time>
      </trkpt>
      <trkpt lat="43.432750" lon="-3.835692">
        <ele>1.435005</ele>
        <time>2026-09-19T07:03:57.172Z</time>
      </trkpt>
      <trkpt lat="43.432792" lon="-3.835673">
        <ele>1.449852</ele>
        <time>2026-09-19T07:03:57.893Z</time>
      </trkpt>
      <trkpt lat="43.432827" lon="-3.835657">
        <ele>1.462237</ele>
        <time>2026-09-19T07:03:58.515Z</time>
      </trkpt>
      <trkpt lat="43.433057" lon="-3.836508">
        <ele>1.660294</ele>
        <time>2026-09-19T07:04:09.656Z</time>
      </trkpt>
      <trkpt lat="43.433108" lon="-3.836579">
        <ele>1.679008</ele>
        <time>2026-09-19T07:04:10.911Z</time>
      </trkpt>
      <trkpt lat="43.433190" lon="-3.836590">
        <ele>1.700268</ele>
        <time>2026-09-19T07:04:12.335Z</time>
      </trkpt>
      <trkpt lat="43.433182" lon="-3.836661">
        <ele>1.713732</ele>
        <time>2026-09-19T07:04:13.208Z</time>
      </trkpt>
      <trkpt lat="43.433175" lon="-3.836746">
        <ele>1.729762</ele>
        <time>2026-09-19T07:04:14.245Z</time>
      </trkpt>
      <trkpt lat="43.433208" lon="-3.836766">
        <ele>1.739066</ele>
        <time>2026-09-19T07:04:14.839Z</time>
      </trkpt>
      <trkpt lat="43.434437" lon="-3.837025">
        <ele>2.005885</ele>
        <time>2026-09-19T07:04:34.542Z</time>
      </trkpt>
      <trkpt lat="43.435295" lon="-3.837172">
        <ele>1.306329</ele>
        <time>2026-09-19T07:04:46.058Z</time>
      </trkpt>
      <trkpt lat="43.435306" lon="-3.837202">
        <ele>1.286584</ele>
        <time>2026-09-19T07:04:46.348Z</time>
      </trkpt>
      <trkpt lat="43.435399" lon="-3.837191">
        <ele>1.211061</ele>
        <time>2026-09-19T07:04:47.441Z</time>
      </trkpt>
      <trkpt lat="43.435507" lon="-3.837178">
        <ele>1.123346</ele>
        <time>2026-09-19T07:04:48.675Z</time>
      </trkpt>
      <trkpt lat="43.435520" lon="-3.837546">
        <ele>0.906882</ele>
        <time>2026-09-19T07:04:51.674Z</time>
      </trkpt>
      <trkpt lat="43.435515" lon="-3.838091">
        <ele>0.590623</ele>
        <time>2026-09-19T07:04:56.309Z</time>
      </trkpt>
      <trkpt lat="43.435409" lon="-3.838831">
        <ele>0.505678</ele>
        <time>2026-09-19T07:05:02.905Z</time>
      </trkpt>
      <trkpt lat="43.435403" lon="-3.838867">
        <ele>0.501518</ele>
        <time>2026-09-19T07:05:03.228Z</time>
      </trkpt>
      <trkpt lat="43.435342" lon="-3.839235">
        <ele>0.459008</ele>
        <time>2026-09-19T07:05:06.728Z</time>
      </trkpt>
      <trkpt lat="43.435216" lon="-3.839694">
        <ele>0.403745</ele>
        <time>2026-09-19T07:05:11.874Z</time>
      </trkpt>
      <trkpt lat="43.435238" lon="-3.839780">
        <ele>0.393476</ele>
        <time>2026-09-19T07:05:13.011Z</time>
      </trkpt>
      <trkpt lat="43.435322" lon="-3.839849">
        <ele>0.378307</ele>
        <time>2026-09-19T07:05:14.720Z</time>
      </trkpt>
      <trkpt lat="43.435671" lon="-3.840020">
        <ele>0.320856</ele>
        <time>2026-09-19T07:05:22.222Z</time>
      </trkpt>
      <trkpt lat="43.436067" lon="-3.840029">
        <ele>0.632685</ele>
        <time>2026-09-19T07:05:30.189Z</time>
      </trkpt>
      <trkpt lat="43.436180" lon="-3.839322">
        <ele>1.123402</ele>
        <time>2026-09-19T07:05:40.041Z</time>
      </trkpt>
      <trkpt lat="43.436256" lon="-3.839052">
        <ele>1.319692</ele>
        <time>2026-09-19T07:05:43.969Z</time>
      </trkpt>
      <trkpt lat="43.436315" lon="-3.839010">
        <ele>1.381692</ele>
        <time>2026-09-19T07:05:45.231Z</time>
      </trkpt>
      <trkpt lat="43.436414" lon="-3.838790">
        <ele>1.557135</ele>
        <time>2026-09-19T07:05:48.825Z</time>
      </trkpt>
      <trkpt lat="43.436582" lon="-3.838512">
        <ele>1.802301</ele>
        <time>2026-09-19T07:05:53.680Z</time>
      </trkpt>
      <trkpt lat="43.436723" lon="-3.838341">
        <ele>1.977688</ele>
        <time>2026-09-19T07:05:57.049Z</time>
      </trkpt>
      <trkpt lat="43.436917" lon="-3.838167">
        <ele>2.036985</ele>
        <time>2026-09-19T07:06:00.882Z</time>
      </trkpt>
      <trkpt lat="43.437165" lon="-3.838021">
        <ele>2.093444</ele>
        <time>2026-09-19T07:06:05.197Z</time>
      </trkpt>
      <trkpt lat="43.437292" lon="-3.837968">
        <ele>2.121223</ele>
        <time>2026-09-19T07:06:07.300Z</time>
      </trkpt>
      <trkpt lat="43.438934" lon="-3.837652">
        <ele>2.361501</ele>
        <time>2026-09-19T07:06:32.009Z</time>
      </trkpt>
      <trkpt lat="43.439181" lon="-3.837639">
        <ele>2.358056</ele>
        <time>2026-09-19T07:06:35.638Z</time>
      </trkpt>
      <trkpt lat="43.439323" lon="-3.837750">
        <ele>2.355779</ele>
        <time>2026-09-19T07:06:38.037Z</time>
      </trkpt>
      <trkpt lat="43.439508" lon="-3.838035">
        <ele>2.351910</ele>
        <time>2026-09-19T07:06:42.028Z</time>
      </trkpt>
      <trkpt lat="43.439607" lon="-3.838255">
        <ele>2.349290</ele>
        <time>2026-09-19T07:06:44.738Z</time>
      </trkpt>
      <trkpt lat="43.439707" lon="-3.838583">
        <ele>2.345689</ele>
        <time>2026-09-19T07:06:48.549Z</time>
      </trkpt>
      <trkpt lat="43.439704" lon="-3.838668">
        <ele>2.344828</ele>
        <time>2026-09-19T07:06:49.438Z</time>
      </trkpt>
      <trkpt lat="43.439702" lon="-3.838778">
        <ele>2.343714</ele>
        <time>2026-09-19T07:06:50.646Z</time>
      </trkpt>
      <trkpt lat="43.439696" lon="-3.838878">
        <ele>2.354196</ele>
        <time>2026-09-19T07:06:51.726Z</time>
      </trkpt>
      <trkpt lat="43.439695" lon="-3.838916">
        <ele>2.364968</ele>
        <time>2026-09-19T07:06:52.149Z</time>
      </trkpt>
      <trkpt lat="43.439784" lon="-3.838958">
        <ele>2.401675</ele>
        <time>2026-09-19T07:06:53.603Z</time>
      </trkpt>
      <trkpt lat="43.439898" lon="-3.839170">
        <ele>2.476411</ele>
        <time>2026-09-19T07:06:56.561Z</time>
      </trkpt>
      <trkpt lat="43.439899" lon="-3.839205">
        <ele>2.486334</ele>
        <time>2026-09-19T07:06:56.968Z</time>
      </trkpt>
      <trkpt lat="43.439949" lon="-3.839210">
        <ele>2.505893</ele>
        <time>2026-09-19T07:06:57.786Z</time>
      </trkpt>
      <trkpt lat="43.440001" lon="-3.839215">
        <ele>2.526231</ele>
        <time>2026-09-19T07:06:58.587Z</time>
      </trkpt>
      <trkpt lat="43.440055" lon="-3.839220">
        <ele>2.547348</ele>
        <time>2026-09-19T07:06:59.456Z</time>
      </trkpt>
      <trkpt lat="43.440116" lon="-3.839225">
        <ele>2.571190</ele>
        <time>2026-09-19T07:07:00.443Z</time>
      </trkpt>
      <trkpt lat="43.440148" lon="-3.839192">
        <ele>2.586787</ele>
        <time>2026-09-19T07:07:01.279Z</time>
      </trkpt>
      <trkpt lat="43.440309" lon="-3.838893">
        <ele>2.692243</ele>
        <time>2026-09-19T07:07:07.131Z</time>
      </trkpt>
      <trkpt lat="43.440377" lon="-3.838892">
        <ele>2.718776</ele>
        <time>2026-09-19T07:07:08.579Z</time>
      </trkpt>
      <trkpt lat="43.440408" lon="-3.838892">
        <ele>2.730871</ele>
        <time>2026-09-19T07:07:09.085Z</time>
      </trkpt>
      <trkpt lat="43.440408" lon="-3.838819">
        <ele>2.751551</ele>
        <time>2026-09-19T07:07:09.979Z</time>
      </trkpt>
      <trkpt lat="43.440955" lon="-3.838842">
        <ele>2.965071</ele>
        <time>2026-09-19T07:07:19.248Z</time>
      </trkpt>
      <trkpt lat="43.442634" lon="-3.838897">
        <ele>3.865195</ele>
        <time>2026-09-19T07:07:48.780Z</time>
      </trkpt>
      <trkpt lat="43.442759" lon="-3.838833">
        <ele>3.939365</ele>
        <time>2026-09-19T07:07:50.954Z</time>
      </trkpt>
      <trkpt lat="43.442843" lon="-3.838729">
        <ele>4.002184</ele>
        <time>2026-09-19T07:07:53.373Z</time>
      </trkpt>
      <trkpt lat="43.442859" lon="-3.838580">
        <ele>4.042995</ele>
        <time>2026-09-19T07:07:55.701Z</time>
      </trkpt>
      <trkpt lat="43.442860" lon="-3.838526">
        <ele>4.040275</ele>
        <time>2026-09-19T07:07:56.530Z</time>
      </trkpt>
      <trkpt lat="43.442930" lon="-3.838527">
        <ele>4.035421</ele>
        <time>2026-09-19T07:07:57.627Z</time>
      </trkpt>
      <trkpt lat="43.442941" lon="-3.837882">
        <ele>4.002940</ele>
        <time>2026-09-19T07:08:04.747Z</time>
      </trkpt>
      <trkpt lat="43.442993" lon="-3.837782">
        <ele>3.996748</ele>
        <time>2026-09-19T07:08:06.052Z</time>
      </trkpt>
      <trkpt lat="43.445438" lon="-3.836036">
        <ele>3.570774</ele>
        <time>2026-09-19T07:08:44.573Z</time>
      </trkpt>
      <trkpt lat="43.445838" lon="-3.835755">
        <ele>3.530846</ele>
        <time>2026-09-19T07:08:51.045Z</time>
      </trkpt>
      <trkpt lat="43.445928" lon="-3.835812">
        <ele>3.527778</ele>
        <time>2026-09-19T07:08:52.484Z</time>
      </trkpt>
      <trkpt lat="43.446061" lon="-3.835813">
        <ele>3.523659</ele>
        <time>2026-09-19T07:08:54.417Z</time>
      </trkpt>
      <trkpt lat="43.446103" lon="-3.835859">
        <ele>3.521997</ele>
        <time>2026-09-19T07:08:55.221Z</time>
      </trkpt>
      <trkpt lat="43.446122" lon="-3.835847">
        <ele>3.521350</ele>
        <time>2026-09-19T07:08:55.522Z</time>
      </trkpt>
      <trkpt lat="43.446156" lon="-3.835824">
        <ele>3.520177</ele>
        <time>2026-09-19T07:08:56.069Z</time>
      </trkpt>
      <trkpt lat="43.446197" lon="-3.835788">
        <ele>3.518671</ele>
        <time>2026-09-19T07:08:57.051Z</time>
      </trkpt>
      <trkpt lat="43.446208" lon="-3.835775">
        <ele>3.518223</ele>
        <time>2026-09-19T07:08:57.277Z</time>
      </trkpt>
      <trkpt lat="43.446144" lon="-3.835591">
        <ele>3.513635</ele>
        <time>2026-09-19T07:08:59.476Z</time>
      </trkpt>
      <trkpt lat="43.446149" lon="-3.835528">
        <ele>3.512210</ele>
        <time>2026-09-19T07:09:00.171Z</time>
      </trkpt>
      <trkpt lat="43.450702" lon="-3.830608">
        <ele>3.110422</ele>
        <time>2026-09-19T07:10:25.734Z</time>
      </trkpt>
      <trkpt lat="43.450982" lon="-3.829639">
        <ele>2.975065</ele>
        <time>2026-09-19T07:10:35.182Z</time>
      </trkpt>
      <trkpt lat="43.451024" lon="-3.829494">
        <ele>2.968489</ele>
        <time>2026-09-19T07:10:37.253Z</time>
      </trkpt>
      <trkpt lat="43.451045" lon="-3.829503">
        <ele>2.967213</ele>
        <time>2026-09-19T07:10:37.659Z</time>
      </trkpt>
      <trkpt lat="43.451097" lon="-3.829525">
        <ele>2.964056</ele>
        <time>2026-09-19T07:10:38.372Z</time>
      </trkpt>
      <trkpt lat="43.451139" lon="-3.829546">
        <ele>2.961463</ele>
        <time>2026-09-19T07:10:38.990Z</time>
      </trkpt>
      <trkpt lat="43.451177" lon="-3.829400">
        <ele>2.954930</ele>
        <time>2026-09-19T07:10:40.439Z</time>
      </trkpt>
      <trkpt lat="43.451217" lon="-3.829376">
        <ele>2.952398</ele>
        <time>2026-09-19T07:10:43.509Z</time>
      </trkpt>
      <trkpt lat="43.451240" lon="-3.829364">
        <ele>2.950971</ele>
        <time>2026-09-19T07:10:45.178Z</time>
      </trkpt>
      <trkpt lat="43.451299" lon="-3.829175">
        <ele>2.942304</ele>
        <time>2026-09-19T07:10:48.008Z</time>
      </trkpt>
      <trkpt lat="43.451351" lon="-3.829163">
        <ele>2.939244</ele>
        <time>2026-09-19T07:10:48.991Z</time>
      </trkpt>
      <trkpt lat="43.451402" lon="-3.828976">
        <ele>2.930829</ele>
        <time>2026-09-19T07:10:51.915Z</time>
      </trkpt>
      <trkpt lat="43.451466" lon="-3.828828">
        <ele>2.923573</ele>
        <time>2026-09-19T07:10:53.910Z</time>
      </trkpt>
      <trkpt lat="43.451592" lon="-3.828497">
        <ele>2.907828</ele>
        <time>2026-09-19T07:10:58.730Z</time>
      </trkpt>
      <trkpt lat="43.451620" lon="-3.828416">
        <ele>2.904049</ele>
        <time>2026-09-19T07:10:59.894Z</time>
      </trkpt>
      <trkpt lat="43.451634" lon="-3.828377">
        <ele>2.902216</ele>
        <time>2026-09-19T07:11:00.476Z</time>
      </trkpt>
      <trkpt lat="43.451708" lon="-3.828119">
        <ele>2.890530</ele>
        <time>2026-09-19T07:11:04.039Z</time>
      </trkpt>
      <trkpt lat="43.451689" lon="-3.828062">
        <ele>2.887888</ele>
        <time>2026-09-19T07:11:04.820Z</time>
      </trkpt>
      <trkpt lat="43.451682" lon="-3.828041">
        <ele>2.886915</ele>
        <time>2026-09-19T07:11:05.107Z</time>
      </trkpt>
      <trkpt lat="43.451667" lon="-3.828006">
        <ele>2.884686</ele>
        <time>2026-09-19T07:11:05.613Z</time>
      </trkpt>
      <trkpt lat="43.451728" lon="-3.827889">
        <ele>2.869591</ele>
        <time>2026-09-19T07:11:07.375Z</time>
      </trkpt>
      <trkpt lat="43.451914" lon="-3.827756">
        <ele>2.839339</ele>
        <time>2026-09-19T07:11:10.847Z</time>
      </trkpt>
      <trkpt lat="43.452051" lon="-3.827747">
        <ele>2.819540</ele>
        <time>2026-09-19T07:11:13.767Z</time>
      </trkpt>
      <trkpt lat="43.452247" lon="-3.827833">
        <ele>2.789846</ele>
        <time>2026-09-19T07:11:17.970Z</time>
      </trkpt>
      <trkpt lat="43.452323" lon="-3.827537">
        <ele>2.756944</ele>
        <time>2026-09-19T07:11:21.051Z</time>
      </trkpt>
      <trkpt lat="43.452378" lon="-3.827326">
        <ele>2.733451</ele>
        <time>2026-09-19T07:11:23.179Z</time>
      </trkpt>
      <trkpt lat="43.452446" lon="-3.827047">
        <ele>2.702610</ele>
        <time>2026-09-19T07:11:26.036Z</time>
      </trkpt>
      <trkpt lat="43.452294" lon="-3.826862">
        <ele>2.673330</ele>
        <time>2026-09-19T07:11:28.762Z</time>
      </trkpt>
      <trkpt lat="43.452266" lon="-3.826790">
        <ele>2.664771</ele>
        <time>2026-09-19T07:11:29.551Z</time>
      </trkpt>
      <trkpt lat="43.452235" lon="-3.826588">
        <ele>2.643135</ele>
        <time>2026-09-19T07:11:31.551Z</time>
      </trkpt>
      <trkpt lat="43.452244" lon="-3.826436">
        <ele>2.627153</ele>
        <time>2026-09-19T07:11:33.086Z</time>
      </trkpt>
      <trkpt lat="43.452326" lon="-3.826205">
        <ele>2.544984</ele>
        <time>2026-09-19T07:11:35.533Z</time>
      </trkpt>
      <trkpt lat="43.452382" lon="-3.826134">
        <ele>2.510392</ele>
        <time>2026-09-19T07:11:36.480Z</time>
      </trkpt>
      <trkpt lat="43.452418" lon="-3.826088">
        <ele>2.488074</ele>
        <time>2026-09-19T07:11:37.122Z</time>
      </trkpt>
      <trkpt lat="43.452515" lon="-3.825831">
        <ele>2.392501</ele>
        <time>2026-09-19T07:11:39.821Z</time>
      </trkpt>
      <trkpt lat="43.452594" lon="-3.825550">
        <ele>2.293075</ele>
        <time>2026-09-19T07:11:42.674Z</time>
      </trkpt>
      <trkpt lat="43.452598" lon="-3.825325">
        <ele>2.218814</ele>
        <time>2026-09-19T07:11:44.914Z</time>
      </trkpt>
      <trkpt lat="43.452645" lon="-3.825245">
        <ele>2.184857</ele>
        <time>2026-09-19T07:11:46.000Z</time>
      </trkpt>
      <trkpt lat="43.452616" lon="-3.825152">
        <ele>2.151461</ele>
        <time>2026-09-19T07:11:47.070Z</time>
      </trkpt>
      <trkpt lat="43.452594" lon="-3.825080">
        <ele>2.125686</ele>
        <time>2026-09-19T07:11:47.980Z</time>
      </trkpt>
      <trkpt lat="43.452466" lon="-3.825139">
        <ele>2.064338</ele>
        <time>2026-09-19T07:11:50.089Z</time>
      </trkpt>
      <trkpt lat="43.452395" lon="-3.825130">
        <ele>2.031932</ele>
        <time>2026-09-19T07:11:51.053Z</time>
      </trkpt>
      <trkpt lat="43.452334" lon="-3.825031">
        <ele>1.989087</ele>
        <time>2026-09-19T07:11:52.440Z</time>
      </trkpt>
      <trkpt lat="43.452348" lon="-3.824941">
        <ele>1.958717</ele>
        <time>2026-09-19T07:11:53.262Z</time>
      </trkpt>
      <trkpt lat="43.452500" lon="-3.824378">
        <ele>1.750208</ele>
        <time>2026-09-19T07:11:58.922Z</time>
      </trkpt>
      <trkpt lat="43.452614" lon="-3.823847">
        <ele>1.528140</ele>
        <time>2026-09-19T07:12:04.061Z</time>
      </trkpt>
      <trkpt lat="43.452572" lon="-3.823827">
        <ele>1.503590</ele>
        <time>2026-09-19T07:12:04.604Z</time>
      </trkpt>
      <trkpt lat="43.452516" lon="-3.823799">
        <ele>1.470679</ele>
        <time>2026-09-19T07:12:05.358Z</time>
      </trkpt>
      <trkpt lat="43.452482" lon="-3.823782">
        <ele>1.450697</ele>
        <time>2026-09-19T07:12:05.868Z</time>
      </trkpt>
      <trkpt lat="43.452450" lon="-3.823764">
        <ele>1.431602</ele>
        <time>2026-09-19T07:12:06.323Z</time>
      </trkpt>
      <trkpt lat="43.452385" lon="-3.823734">
        <ele>1.393731</ele>
        <time>2026-09-19T07:12:07.181Z</time>
      </trkpt>
      <trkpt lat="43.452396" lon="-3.823692">
        <ele>1.375825</ele>
        <time>2026-09-19T07:12:07.644Z</time>
      </trkpt>
      <trkpt lat="43.452986" lon="-3.821523">
        <ele>0.759985</ele>
        <time>2026-09-19T07:12:29.816Z</time>
      </trkpt>
      <trkpt lat="43.453056" lon="-3.821489">
        <ele>0.753878</ele>
        <time>2026-09-19T07:12:30.883Z</time>
      </trkpt>
      <trkpt lat="43.453640" lon="-3.819310">
        <ele>1.169625</ele>
        <time>2026-09-19T07:12:57.422Z</time>
      </trkpt>
      <trkpt lat="43.453916" lon="-3.818277">
        <ele>1.809807</ele>
        <time>2026-09-19T07:13:12.375Z</time>
      </trkpt>
      <trkpt lat="43.453928" lon="-3.818231">
        <ele>1.838235</ele>
        <time>2026-09-19T07:13:13.041Z</time>
      </trkpt>
      <trkpt lat="43.453908" lon="-3.818154">
        <ele>1.885798</ele>
        <time>2026-09-19T07:13:14.185Z</time>
      </trkpt>
      <trkpt lat="43.453917" lon="-3.818109">
        <ele>1.912944</ele>
        <time>2026-09-19T07:13:14.841Z</time>
      </trkpt>
      <trkpt lat="43.453891" lon="-3.818096">
        <ele>1.935104</ele>
        <time>2026-09-19T07:13:15.396Z</time>
      </trkpt>
      <trkpt lat="43.453828" lon="-3.818062">
        <ele>1.989313</ele>
        <time>2026-09-19T07:13:16.714Z</time>
      </trkpt>
      <trkpt lat="43.453705" lon="-3.818000">
        <ele>2.094246</ele>
        <time>2026-09-19T07:13:19.276Z</time>
      </trkpt>
      <trkpt lat="43.453338" lon="-3.817815">
        <ele>2.440313</ele>
        <time>2026-09-19T07:13:27.519Z</time>
      </trkpt>
      <trkpt lat="43.453243" lon="-3.817767">
        <ele>2.530305</ele>
        <time>2026-09-19T07:13:29.586Z</time>
      </trkpt>
      <trkpt lat="43.452748" lon="-3.817517">
        <ele>2.999188</ele>
        <time>2026-09-19T07:13:39.523Z</time>
      </trkpt>
      <trkpt lat="43.452671" lon="-3.817480">
        <ele>3.071714</ele>
        <time>2026-09-19T07:13:40.935Z</time>
      </trkpt>
      <trkpt lat="43.452626" lon="-3.817458">
        <ele>3.114181</ele>
        <time>2026-09-19T07:13:41.769Z</time>
      </trkpt>
      <trkpt lat="43.452475" lon="-3.817382">
        <ele>3.257156</ele>
        <time>2026-09-19T07:13:44.609Z</time>
      </trkpt>
      <trkpt lat="43.452337" lon="-3.817312">
        <ele>3.387942</ele>
        <time>2026-09-19T07:13:47.189Z</time>
      </trkpt>
      <trkpt lat="43.452292" lon="-3.817470">
        <ele>3.497520</ele>
        <time>2026-09-19T07:13:49.327Z</time>
      </trkpt>
      <trkpt lat="43.452337" lon="-3.817312">
        <ele>3.607098</ele>
        <time>2026-09-19T07:13:51.478Z</time>
      </trkpt>
      <trkpt lat="43.452517" lon="-3.816660">
        <ele>3.646905</ele>
        <time>2026-09-19T07:14:00.093Z</time>
      </trkpt>
      <trkpt lat="43.453139" lon="-3.814367">
        <ele>3.379862</ele>
        <time>2026-09-19T07:14:23.957Z</time>
      </trkpt>
      <trkpt lat="43.453139" lon="-3.814056">
        <ele>3.348893</ele>
        <time>2026-09-19T07:14:26.933Z</time>
      </trkpt>
      <trkpt lat="43.453099" lon="-3.813968">
        <ele>3.338554</ele>
        <time>2026-09-19T07:14:27.959Z</time>
      </trkpt>
      <trkpt lat="43.453094" lon="-3.813889">
        <ele>3.330657</ele>
        <time>2026-09-19T07:14:28.749Z</time>
      </trkpt>
      <trkpt lat="43.453106" lon="-3.813836">
        <ele>3.325129</ele>
        <time>2026-09-19T07:14:29.302Z</time>
      </trkpt>
      <trkpt lat="43.453166" lon="-3.813750">
        <ele>3.313251</ele>
        <time>2026-09-19T07:14:30.535Z</time>
      </trkpt>
      <trkpt lat="43.453252" lon="-3.813731">
        <ele>3.301304</ele>
        <time>2026-09-19T07:14:31.811Z</time>
      </trkpt>
      <trkpt lat="43.453328" lon="-3.813788">
        <ele>3.289433</ele>
        <time>2026-09-19T07:14:33.081Z</time>
      </trkpt>
      <trkpt lat="43.453358" lon="-3.813845">
        <ele>3.282422</ele>
        <time>2026-09-19T07:14:33.842Z</time>
      </trkpt>
      <trkpt lat="43.453362" lon="-3.813949">
        <ele>3.272052</ele>
        <time>2026-09-19T07:14:34.957Z</time>
      </trkpt>
      <trkpt lat="43.453436" lon="-3.814114">
        <ele>3.252738</ele>
        <time>2026-09-19T07:14:37.060Z</time>
      </trkpt>
      <trkpt lat="43.453502" lon="-3.814188">
        <ele>3.241065</ele>
        <time>2026-09-19T07:14:38.320Z</time>
      </trkpt>
      <trkpt lat="43.453512" lon="-3.814154">
        <ele>3.237412</ele>
        <time>2026-09-19T07:14:38.716Z</time>
      </trkpt>
      <trkpt lat="43.453420" lon="-3.814021">
        <ele>3.219118</ele>
        <time>2026-09-19T07:14:40.698Z</time>
      </trkpt>
      <trkpt lat="43.453389" lon="-3.813860">
        <ele>3.202532</ele>
        <time>2026-09-19T07:14:42.533Z</time>
      </trkpt>
      <trkpt lat="43.453420" lon="-3.813658">
        <ele>3.184988</ele>
        <time>2026-09-19T07:14:44.911Z</time>
      </trkpt>
      <trkpt lat="43.453502" lon="-3.813534">
        <ele>3.191346</ele>
        <time>2026-09-19T07:14:46.830Z</time>
      </trkpt>
      <trkpt lat="43.453484" lon="-3.813499">
        <ele>3.192972</ele>
        <time>2026-09-19T07:14:47.334Z</time>
      </trkpt>
      <trkpt lat="43.453474" lon="-3.813481">
        <ele>3.193831</ele>
        <time>2026-09-19T07:14:47.592Z</time>
      </trkpt>
      <trkpt lat="43.453460" lon="-3.813414">
        <ele>3.196474</ele>
        <time>2026-09-19T07:14:48.397Z</time>
      </trkpt>
      <trkpt lat="43.453646" lon="-3.813137">
        <ele>3.210778</ele>
        <time>2026-09-19T07:14:52.801Z</time>
      </trkpt>
      <trkpt lat="43.454413" lon="-3.812434">
        <ele>3.258886</ele>
        <time>2026-09-19T07:15:07.505Z</time>
      </trkpt>
      <trkpt lat="43.455683" lon="-3.811272">
        <ele>2.618752</ele>
        <time>2026-09-19T07:15:27.853Z</time>
      </trkpt>
      <trkpt lat="43.455763" lon="-3.811139">
        <ele>2.547303</ele>
        <time>2026-09-19T07:15:29.420Z</time>
      </trkpt>
      <trkpt lat="43.455898" lon="-3.811014">
        <ele>2.454612</ele>
        <time>2026-09-19T07:15:31.455Z</time>
      </trkpt>
      <trkpt lat="43.456533" lon="-3.810435">
        <ele>2.030302</ele>
        <time>2026-09-19T07:15:40.890Z</time>
      </trkpt>
      <trkpt lat="43.456675" lon="-3.810295">
        <ele>1.934917</ele>
        <time>2026-09-19T07:15:43.038Z</time>
      </trkpt>
      <trkpt lat="43.457451" lon="-3.809531">
        <ele>1.413903</ele>
        <time>2026-09-19T07:15:55.621Z</time>
      </trkpt>
      <trkpt lat="43.457718" lon="-3.809188">
        <ele>1.293872</ele>
        <time>2026-09-19T07:16:00.932Z</time>
      </trkpt>
      <trkpt lat="43.458033" lon="-3.808705">
        <ele>1.400500</ele>
        <time>2026-09-19T07:16:08.111Z</time>
      </trkpt>
      <trkpt lat="43.458319" lon="-3.808120">
        <ele>1.516324</ele>
        <time>2026-09-19T07:16:16.348Z</time>
      </trkpt>
      <trkpt lat="43.458370" lon="-3.807976">
        <ele>1.542636</ele>
        <time>2026-09-19T07:16:18.272Z</time>
      </trkpt>
      <trkpt lat="43.459257" lon="-3.806786">
        <ele>1.600005</ele>
        <time>2026-09-19T07:16:38.361Z</time>
      </trkpt>
      <trkpt lat="43.459334" lon="-3.806722">
        <ele>1.589143</ele>
        <time>2026-09-19T07:16:39.842Z</time>
      </trkpt>
      <trkpt lat="43.459688" lon="-3.806259">
        <ele>1.530183</ele>
        <time>2026-09-19T07:16:46.889Z</time>
      </trkpt>
      <trkpt lat="43.459821" lon="-3.806026">
        <ele>1.504194</ele>
        <time>2026-09-19T07:16:49.730Z</time>
      </trkpt>
      <trkpt lat="43.459919" lon="-3.805687">
        <ele>1.472201</ele>
        <time>2026-09-19T07:16:53.099Z</time>
      </trkpt>
      <trkpt lat="43.459903" lon="-3.805511">
        <ele>1.441561</ele>
        <time>2026-09-19T07:16:54.726Z</time>
      </trkpt>
      <trkpt lat="43.459882" lon="-3.805423">
        <ele>1.399622</ele>
        <time>2026-09-19T07:16:55.529Z</time>
      </trkpt>
      <trkpt lat="43.459629" lon="-3.805005">
        <ele>1.153218</ele>
        <time>2026-09-19T07:17:00.514Z</time>
      </trkpt>
      <trkpt lat="43.459600" lon="-3.804912">
        <ele>1.107392</ele>
        <time>2026-09-19T07:17:01.435Z</time>
      </trkpt>
      <trkpt lat="43.459600" lon="-3.804825">
        <ele>1.068004</ele>
        <time>2026-09-19T07:17:02.271Z</time>
      </trkpt>
      <trkpt lat="43.459631" lon="-3.804733">
        <ele>1.022083</ele>
        <time>2026-09-19T07:17:03.197Z</time>
      </trkpt>
      <trkpt lat="43.459791" lon="-3.804538">
        <ele>0.888841</ele>
        <time>2026-09-19T07:17:05.960Z</time>
      </trkpt>
      <trkpt lat="43.459868" lon="-3.804444">
        <ele>0.824672</ele>
        <time>2026-09-19T07:17:07.272Z</time>
      </trkpt>
      <trkpt lat="43.459876" lon="-3.804434">
        <ele>0.817934</ele>
        <time>2026-09-19T07:17:07.415Z</time>
      </trkpt>
      <trkpt lat="43.460171" lon="-3.804075">
        <ele>0.572430</ele>
        <time>2026-09-19T07:17:12.395Z</time>
      </trkpt>
      <trkpt lat="43.460301" lon="-3.803917">
        <ele>0.464303</ele>
        <time>2026-09-19T07:17:14.663Z</time>
      </trkpt>
      <trkpt lat="43.460504" lon="-3.803633">
        <ele>0.328263</ele>
        <time>2026-09-19T07:17:18.561Z</time>
      </trkpt>
      <trkpt lat="43.460688" lon="-3.803286">
        <ele>0.292077</ele>
        <time>2026-09-19T07:17:24.717Z</time>
      </trkpt>
      <trkpt lat="43.460786" lon="-3.803214">
        <ele>0.279192</ele>
        <time>2026-09-19T07:17:26.969Z</time>
      </trkpt>
      <trkpt lat="43.461002" lon="-3.803149">
        <ele>0.253543</ele>
        <time>2026-09-19T07:17:31.497Z</time>
      </trkpt>
      <trkpt lat="43.461020" lon="-3.803139">
        <ele>0.251292</ele>
        <time>2026-09-19T07:17:31.880Z</time>
      </trkpt>
      <trkpt lat="43.461477" lon="-3.802289">
        <ele>0.162221</ele>
        <time>2026-09-19T07:17:47.145Z</time>
      </trkpt>
      <trkpt lat="43.461590" lon="-3.802159">
        <ele>0.145142</ele>
        <time>2026-09-19T07:17:50.120Z</time>
      </trkpt>
      <trkpt lat="43.461667" lon="-3.801902">
        <ele>0.135079</ele>
        <time>2026-09-19T07:17:54.230Z</time>
      </trkpt>
      <trkpt lat="43.461740" lon="-3.801458">
        <ele>0.160553</ele>
        <time>2026-09-19T07:18:01.015Z</time>
      </trkpt>
      <trkpt lat="43.461796" lon="-3.800867">
        <ele>0.193904</ele>
        <time>2026-09-19T07:18:10.000Z</time>
      </trkpt>
      <trkpt lat="43.461960" lon="-3.799136">
        <ele>0.259925</ele>
        <time>2026-09-19T07:18:36.093Z</time>
      </trkpt>
      <trkpt lat="43.462082" lon="-3.797763">
        <ele>0.231580</ele>
        <time>2026-09-19T07:18:56.383Z</time>
      </trkpt>
      <trkpt lat="43.462091" lon="-3.797616">
        <ele>0.228557</ele>
        <time>2026-09-19T07:18:58.475Z</time>
      </trkpt>
      <trkpt lat="43.462132" lon="-3.797400">
        <ele>0.223982</ele>
        <time>2026-09-19T07:19:01.638Z</time>
      </trkpt>
      <trkpt lat="43.462287" lon="-3.797140">
        <ele>0.215406</ele>
        <time>2026-09-19T07:19:06.404Z</time>
      </trkpt>
      <trkpt lat="43.462502" lon="-3.796780">
        <ele>0.176359</ele>
        <time>2026-09-19T07:19:13.043Z</time>
      </trkpt>
      <trkpt lat="43.462573" lon="-3.796639">
        <ele>0.161985</ele>
        <time>2026-09-19T07:19:15.488Z</time>
      </trkpt>
      <trkpt lat="43.462570" lon="-3.796590">
        <ele>0.157867</ele>
        <time>2026-09-19T07:19:16.193Z</time>
      </trkpt>
      <trkpt lat="43.462713" lon="-3.796320">
        <ele>0.129872</ele>
        <time>2026-09-19T07:19:33.077Z</time>
      </trkpt>
      <trkpt lat="43.462801" lon="-3.796232">
        <ele>0.117325</ele>
        <time>2026-09-19T07:19:35.218Z</time>
      </trkpt>
      <trkpt lat="43.462842" lon="-3.796125">
        <ele>0.107191</ele>
        <time>2026-09-19T07:19:36.929Z</time>
      </trkpt>
      <trkpt lat="43.462886" lon="-3.795790">
        <ele>0.078677</ele>
        <time>2026-09-19T07:19:41.778Z</time>
      </trkpt>
      <trkpt lat="43.462875" lon="-3.795647">
        <ele>0.066633</ele>
        <time>2026-09-19T07:19:43.861Z</time>
      </trkpt>
      <trkpt lat="43.462704" lon="-3.793466">
        <ele>0.732242</ele>
        <time>2026-09-19T07:20:16.009Z</time>
      </trkpt>
      <trkpt lat="43.462592" lon="-3.791919">
        <ele>3.317960</ele>
        <time>2026-09-19T07:20:45.161Z</time>
      </trkpt>
      <trkpt lat="43.462567" lon="-3.791567">
        <ele>4.583537</ele>
        <time>2026-09-19T07:20:53.349Z</time>
      </trkpt>
      <trkpt lat="43.462607" lon="-3.791563">
        <ele>4.781256</ele>
        <time>2026-09-19T07:20:54.738Z</time>
      </trkpt>
      <trkpt lat="43.462651" lon="-3.791555">
        <ele>5.000056</ele>
        <time>2026-09-19T07:20:56.349Z</time>
      </trkpt>
      <trkpt lat="43.462698" lon="-3.791654">
        <ele>5.423356</ele>
        <time>2026-09-19T07:20:59.448Z</time>
      </trkpt>
      <trkpt lat="43.462797" lon="-3.791667">
        <ele>5.913637</ele>
        <time>2026-09-19T07:21:03.271Z</time>
      </trkpt>
      <trkpt lat="43.462851" lon="-3.791628">
        <ele>6.214216</ele>
        <time>2026-09-19T07:21:05.627Z</time>
      </trkpt>
      <trkpt lat="43.462913" lon="-3.791469">
        <ele>6.860071</ele>
        <time>2026-09-19T07:21:11.031Z</time>
      </trkpt>
      <trkpt lat="43.463200" lon="-3.790898">
        <ele>9.345348</ele>
        <time>2026-09-19T07:21:34.061Z</time>
      </trkpt>
      <trkpt lat="43.463302" lon="-3.790568">
        <ele>10.456106</ele>
        <time>2026-09-19T07:21:45.591Z</time>
      </trkpt>
      <trkpt lat="43.463379" lon="-3.790145">
        <ele>11.546219</ele>
        <time>2026-09-19T07:21:58.302Z</time>
      </trkpt>
      <trkpt lat="43.463453" lon="-3.789516">
        <ele>13.139038</ele>
        <time>2026-09-19T07:22:14.466Z</time>
      </trkpt>
      <trkpt lat="43.463460" lon="-3.788945">
        <ele>14.566557</ele>
        <time>2026-09-19T07:22:25.901Z</time>
      </trkpt>
      <trkpt lat="43.463454" lon="-3.787841">
        <ele>15.991012</ele>
        <time>2026-09-19T07:22:36.550Z</time>
      </trkpt>
      <trkpt lat="43.463485" lon="-3.787460">
        <ele>15.759991</ele>
        <time>2026-09-19T07:22:39.578Z</time>
      </trkpt>
      <trkpt lat="43.463499" lon="-3.787339">
        <ele>15.686159</ele>
        <time>2026-09-19T07:22:40.565Z</time>
      </trkpt>
      <trkpt lat="43.463522" lon="-3.787145">
        <ele>15.567709</ele>
        <time>2026-09-19T07:22:42.204Z</time>
      </trkpt>
      <trkpt lat="43.463635" lon="-3.786192">
        <ele>14.985840</ele>
        <time>2026-09-19T07:22:50.275Z</time>
      </trkpt>
      <trkpt lat="43.463690" lon="-3.785938">
        <ele>14.826120</ele>
        <time>2026-09-19T07:22:52.515Z</time>
      </trkpt>
      <trkpt lat="43.464298" lon="-3.783672">
        <ele>16.883872</ele>
        <time>2026-09-19T07:23:28.017Z</time>
      </trkpt>
      <trkpt lat="43.464441" lon="-3.783138">
        <ele>17.444925</ele>
        <time>2026-09-19T07:23:39.074Z</time>
      </trkpt>
      <trkpt lat="43.464875" lon="-3.781560">
        <ele>19.155110</ele>
        <time>2026-09-19T07:24:05.638Z</time>
      </trkpt>
      <trkpt lat="43.464963" lon="-3.781338">
        <ele>19.411462</ele>
        <time>2026-09-19T07:24:08.412Z</time>
      </trkpt>
      <trkpt lat="43.465108" lon="-3.781138">
        <ele>19.502087</ele>
        <time>2026-09-19T07:24:11.242Z</time>
      </trkpt>
      <trkpt lat="43.465526" lon="-3.780735">
        <ele>19.212476</ele>
        <time>2026-09-19T07:24:17.849Z</time>
      </trkpt>
      <trkpt lat="43.466054" lon="-3.779876">
        <ele>18.748693</ele>
        <time>2026-09-19T07:24:27.857Z</time>
      </trkpt>
      <trkpt lat="43.466237" lon="-3.779609">
        <ele>18.597389</ele>
        <time>2026-09-19T07:24:31.509Z</time>
      </trkpt>
      <trkpt lat="43.467810" lon="-3.776272">
        <ele>17.544942</ele>
        <time>2026-09-19T07:25:08.955Z</time>
      </trkpt>
      <trkpt lat="43.467832" lon="-3.776239">
        <ele>17.549292</ele>
        <time>2026-09-19T07:25:09.598Z</time>
      </trkpt>
      <trkpt lat="43.468012" lon="-3.775965">
        <ele>17.585164</ele>
        <time>2026-09-19T07:25:14.938Z</time>
      </trkpt>
      <trkpt lat="43.468088" lon="-3.775907">
        <ele>17.596784</ele>
        <time>2026-09-19T07:25:16.685Z</time>
      </trkpt>
      <trkpt lat="43.468125" lon="-3.775910">
        <ele>17.601740</ele>
        <time>2026-09-19T07:25:17.453Z</time>
      </trkpt>
      <trkpt lat="43.468279" lon="-3.775928">
        <ele>17.622411</ele>
        <time>2026-09-19T07:25:20.548Z</time>
      </trkpt>
      <trkpt lat="43.468392" lon="-3.775976">
        <ele>17.638225</ele>
        <time>2026-09-19T07:25:22.910Z</time>
      </trkpt>
      <trkpt lat="43.468435" lon="-3.776001">
        <ele>17.644467</ele>
        <time>2026-09-19T07:25:23.859Z</time>
      </trkpt>
      <trkpt lat="43.468536" lon="-3.776192">
        <ele>17.623472</ele>
        <time>2026-09-19T07:25:27.104Z</time>
      </trkpt>
      <trkpt lat="43.468582" lon="-3.776220">
        <ele>17.608336</ele>
        <time>2026-09-19T07:25:28.027Z</time>
      </trkpt>
      <trkpt lat="43.468791" lon="-3.776494">
        <ele>17.521506</ele>
        <time>2026-09-19T07:25:32.552Z</time>
      </trkpt>
      <trkpt lat="43.468815" lon="-3.776595">
        <ele>17.498292</ele>
        <time>2026-09-19T07:25:33.903Z</time>
      </trkpt>
      <trkpt lat="43.468886" lon="-3.776704">
        <ele>17.466298</ele>
        <time>2026-09-19T07:25:35.626Z</time>
      </trkpt>
      <trkpt lat="43.469067" lon="-3.776898">
        <ele>17.397279</ele>
        <time>2026-09-19T07:25:39.041Z</time>
      </trkpt>
      <trkpt lat="43.469245" lon="-3.777014">
        <ele>17.338013</ele>
        <time>2026-09-19T07:25:41.672Z</time>
      </trkpt>
      <trkpt lat="43.469549" lon="-3.777149">
        <ele>17.241880</ele>
        <time>2026-09-19T07:25:45.566Z</time>
      </trkpt>
      <trkpt lat="43.469683" lon="-3.777169">
        <ele>17.201312</ele>
        <time>2026-09-19T07:25:47.073Z</time>
      </trkpt>
      <trkpt lat="43.469672" lon="-3.777230">
        <ele>17.187582</ele>
        <time>2026-09-19T07:25:50.266Z</time>
      </trkpt>
      <trkpt lat="43.469814" lon="-3.777316">
        <ele>17.140896</ele>
        <time>2026-09-19T07:25:52.023Z</time>
      </trkpt>
      <trkpt lat="43.470353" lon="-3.777544">
        <ele>16.619262</ele>
        <time>2026-09-19T07:25:58.642Z</time>
      </trkpt>
      <trkpt lat="43.470546" lon="-3.777670">
        <ele>16.394919</ele>
        <time>2026-09-19T07:26:01.540Z</time>
      </trkpt>
      <trkpt lat="43.470694" lon="-3.777825">
        <ele>16.199641</ele>
        <time>2026-09-19T07:26:04.232Z</time>
      </trkpt>
      <trkpt lat="43.470844" lon="-3.778040">
        <ele>15.972281</ele>
        <time>2026-09-19T07:26:07.170Z</time>
      </trkpt>
      <trkpt lat="43.470923" lon="-3.778210">
        <ele>15.818389</ele>
        <time>2026-09-19T07:26:09.011Z</time>
      </trkpt>
      <trkpt lat="43.471102" lon="-3.778937">
        <ele>15.233137</ele>
        <time>2026-09-19T07:26:15.403Z</time>
      </trkpt>
      <trkpt lat="43.471143" lon="-3.779113">
        <ele>14.917455</ele>
        <time>2026-09-19T07:26:17.006Z</time>
      </trkpt>
      <trkpt lat="43.471173" lon="-3.779238">
        <ele>14.683081</ele>
        <time>2026-09-19T07:26:18.194Z</time>
      </trkpt>
      <trkpt lat="43.471365" lon="-3.780133">
        <ele>13.021678</ele>
        <time>2026-09-19T07:26:25.515Z</time>
      </trkpt>
      <trkpt lat="43.471526" lon="-3.780917">
        <ele>11.571229</ele>
        <time>2026-09-19T07:26:31.435Z</time>
      </trkpt>
      <trkpt lat="43.471571" lon="-3.781037">
        <ele>11.330776</ele>
        <time>2026-09-19T07:26:32.429Z</time>
      </trkpt>
      <trkpt lat="43.471577" lon="-3.781059">
        <ele>11.288939</ele>
        <time>2026-09-19T07:26:32.606Z</time>
      </trkpt>
      <trkpt lat="43.471625" lon="-3.781280">
        <ele>10.878282</ele>
        <time>2026-09-19T07:26:34.351Z</time>
      </trkpt>
      <trkpt lat="43.471731" lon="-3.781593">
        <ele>10.642354</ele>
        <time>2026-09-19T07:26:36.996Z</time>
      </trkpt>
      <trkpt lat="43.471786" lon="-3.781694">
        <ele>10.573096</ele>
        <time>2026-09-19T07:26:38.003Z</time>
      </trkpt>
      <trkpt lat="43.472329" lon="-3.782373">
        <ele>10.018921</ele>
        <time>2026-09-19T07:26:45.896Z</time>
      </trkpt>
      <trkpt lat="43.472451" lon="-3.782544">
        <ele>9.887399</ele>
        <time>2026-09-19T07:26:48.384Z</time>
      </trkpt>
      <trkpt lat="43.472568" lon="-3.782684">
        <ele>9.770287</ele>
        <time>2026-09-19T07:26:51.167Z</time>
      </trkpt>
      <trkpt lat="43.472747" lon="-3.782916">
        <ele>9.584564</ele>
        <time>2026-09-19T07:26:56.450Z</time>
      </trkpt>
      <trkpt lat="43.472952" lon="-3.783246">
        <ele>9.695649</ele>
        <time>2026-09-19T07:27:04.236Z</time>
      </trkpt>
      <trkpt lat="43.473576" lon="-3.784367">
        <ele>11.488635</ele>
        <time>2026-09-19T07:27:31.484Z</time>
      </trkpt>
      <trkpt lat="43.473799" lon="-3.784746">
        <ele>12.107855</ele>
        <time>2026-09-19T07:27:38.372Z</time>
      </trkpt>
      <trkpt lat="43.473899" lon="-3.784865">
        <ele>12.338919</ele>
        <time>2026-09-19T07:27:40.522Z</time>
      </trkpt>
      <trkpt lat="43.474017" lon="-3.784968">
        <ele>12.583194</ele>
        <time>2026-09-19T07:27:42.711Z</time>
      </trkpt>
      <trkpt lat="43.474041" lon="-3.784985">
        <ele>12.568308</ele>
        <time>2026-09-19T07:27:43.115Z</time>
      </trkpt>
      <trkpt lat="43.474617" lon="-3.785459">
        <ele>11.546707</ele>
        <time>2026-09-19T07:27:51.424Z</time>
      </trkpt>
      <trkpt lat="43.474789" lon="-3.785657">
        <ele>11.205429</ele>
        <time>2026-09-19T07:27:53.828Z</time>
      </trkpt>
      <trkpt lat="43.474902" lon="-3.785846">
        <ele>10.934825</ele>
        <time>2026-09-19T07:27:55.675Z</time>
      </trkpt>
      <trkpt lat="43.475006" lon="-3.786090">
        <ele>10.622130</ele>
        <time>2026-09-19T07:27:57.829Z</time>
      </trkpt>
      <trkpt lat="43.475235" lon="-3.786890">
        <ele>9.616292</ele>
        <time>2026-09-19T07:28:04.629Z</time>
      </trkpt>
      <trkpt lat="43.475256" lon="-3.786971">
        <ele>9.492944</ele>
        <time>2026-09-19T07:28:05.321Z</time>
      </trkpt>
      <trkpt lat="43.475452" lon="-3.787706">
        <ele>8.370006</ele>
        <time>2026-09-19T07:28:11.494Z</time>
      </trkpt>
      <trkpt lat="43.475631" lon="-3.788346">
        <ele>7.386411</ele>
        <time>2026-09-19T07:28:16.854Z</time>
      </trkpt>
      <trkpt lat="43.475713" lon="-3.788438">
        <ele>7.177450</ele>
        <time>2026-09-19T07:28:18.001Z</time>
      </trkpt>
      <trkpt lat="43.475951" lon="-3.788547">
        <ele>6.681829</ele>
        <time>2026-09-19T07:28:20.805Z</time>
      </trkpt>
      <trkpt lat="43.476065" lon="-3.788535">
        <ele>6.455889</ele>
        <time>2026-09-19T07:28:22.116Z</time>
      </trkpt>
      <trkpt lat="43.476278" lon="-3.788560">
        <ele>6.169129</ele>
        <time>2026-09-19T07:28:24.597Z</time>
      </trkpt>
      <trkpt lat="43.476310" lon="-3.788565">
        <ele>6.137416</ele>
        <time>2026-09-19T07:28:24.967Z</time>
      </trkpt>
      <trkpt lat="43.477725" lon="-3.788823">
        <ele>4.731905</ele>
        <time>2026-09-19T07:28:42.538Z</time>
      </trkpt>
      <trkpt lat="43.478074" lon="-3.788876">
        <ele>4.536369</ele>
        <time>2026-09-19T07:28:47.239Z</time>
      </trkpt>
      <trkpt lat="43.478125" lon="-3.788898">
        <ele>4.537669</ele>
        <time>2026-09-19T07:28:47.978Z</time>
      </trkpt>
      <trkpt lat="43.478194" lon="-3.788918">
        <ele>4.539385</ele>
        <time>2026-09-19T07:28:48.931Z</time>
      </trkpt>
      <trkpt lat="43.479062" lon="-3.789068">
        <ele>4.560672</ele>
        <time>2026-09-19T07:29:00.129Z</time>
      </trkpt>
      <trkpt lat="43.479381" lon="-3.789035">
        <ele>4.568456</ele>
        <time>2026-09-19T07:29:05.336Z</time>
      </trkpt>
      <trkpt lat="43.479377" lon="-3.788907">
        <ele>4.570718</ele>
        <time>2026-09-19T07:29:11.762Z</time>
      </trkpt>
      <trkpt lat="43.479418" lon="-3.788880">
        <ele>4.571824</ele>
        <time>2026-09-19T07:29:14.956Z</time>
      </trkpt>
      <trkpt lat="43.479377" lon="-3.788907">
        <ele>4.572930</ele>
        <time>2026-09-19T07:29:18.150Z</time>
      </trkpt>
      <trkpt lat="43.479381" lon="-3.789035">
        <ele>4.575192</ele>
        <time>2026-09-19T07:29:24.577Z</time>
      </trkpt>
      <trkpt lat="43.479531" lon="-3.788968">
        <ele>4.770597</ele>
        <time>2026-09-19T07:29:28.027Z</time>
      </trkpt>
      <trkpt lat="43.479577" lon="-3.788871">
        <ele>4.928486</ele>
        <time>2026-09-19T07:29:29.961Z</time>
      </trkpt>
      <trkpt lat="43.479615" lon="-3.788843">
        <ele>5.009400</ele>
        <time>2026-09-19T07:29:30.966Z</time>
      </trkpt>
      <trkpt lat="43.479698" lon="-3.788846">
        <ele>5.165309</ele>
        <time>2026-09-19T07:29:32.973Z</time>
      </trkpt>
      <trkpt lat="43.479762" lon="-3.788920">
        <ele>5.322181</ele>
        <time>2026-09-19T07:29:34.950Z</time>
      </trkpt>
      <trkpt lat="43.479777" lon="-3.788974">
        <ele>5.400965</ele>
        <time>2026-09-19T07:29:35.916Z</time>
      </trkpt>
      <trkpt lat="43.479779" lon="-3.789025">
        <ele>5.470556</ele>
        <time>2026-09-19T07:29:36.780Z</time>
      </trkpt>
      <trkpt lat="43.479752" lon="-3.789118">
        <ele>5.607038</ele>
        <time>2026-09-19T07:29:38.438Z</time>
      </trkpt>
      <trkpt lat="43.479678" lon="-3.789387">
        <ele>5.999018</ele>
        <time>2026-09-19T07:29:43.073Z</time>
      </trkpt>
      <trkpt lat="43.479642" lon="-3.789505">
        <ele>6.173431</ele>
        <time>2026-09-19T07:29:45.071Z</time>
      </trkpt>
      <trkpt lat="43.479606" lon="-3.789633">
        <ele>6.360479</ele>
        <time>2026-09-19T07:29:47.236Z</time>
      </trkpt>
      <trkpt lat="43.479393" lon="-3.790227">
        <ele>7.263265</ele>
        <time>2026-09-19T07:29:58.659Z</time>
      </trkpt>
      <trkpt lat="43.479208" lon="-3.790739">
        <ele>7.993171</ele>
        <time>2026-09-19T07:30:09.030Z</time>
      </trkpt>
      <trkpt lat="43.479175" lon="-3.791008">
        <ele>8.157650</ele>
        <time>2026-09-19T07:30:13.156Z</time>
      </trkpt>
      <trkpt lat="43.479228" lon="-3.791187">
        <ele>8.274205</ele>
        <time>2026-09-19T07:30:15.923Z</time>
      </trkpt>
      <trkpt lat="43.479370" lon="-3.791266">
        <ele>8.401437</ele>
        <time>2026-09-19T07:30:18.825Z</time>
      </trkpt>
      <trkpt lat="43.479425" lon="-3.791375">
        <ele>8.481479</ele>
        <time>2026-09-19T07:30:20.497Z</time>
      </trkpt>
      <trkpt lat="43.479439" lon="-3.791505">
        <ele>8.560712</ele>
        <time>2026-09-19T07:30:22.150Z</time>
      </trkpt>
      <trkpt lat="43.479361" lon="-3.791662">
        <ele>8.675425</ele>
        <time>2026-09-19T07:30:24.295Z</time>
      </trkpt>
      <trkpt lat="43.479274" lon="-3.791880">
        <ele>8.825421</ele>
        <time>2026-09-19T07:30:27.180Z</time>
      </trkpt>
      <trkpt lat="43.479225" lon="-3.791997">
        <ele>8.906864</ele>
        <time>2026-09-19T07:30:28.657Z</time>
      </trkpt>
      <trkpt lat="43.479196" lon="-3.792356">
        <ele>9.124638</ele>
        <time>2026-09-19T07:30:32.952Z</time>
      </trkpt>
      <trkpt lat="43.479179" lon="-3.792518">
        <ele>9.223322</ele>
        <time>2026-09-19T07:30:35.132Z</time>
      </trkpt>
      <trkpt lat="43.479078" lon="-3.793168">
        <ele>9.454232</ele>
        <time>2026-09-19T07:30:43.178Z</time>
      </trkpt>
      <trkpt lat="43.479064" lon="-3.793261">
        <ele>9.456147</ele>
        <time>2026-09-19T07:30:44.405Z</time>
      </trkpt>
      <trkpt lat="43.479050" lon="-3.793349">
        <ele>9.457963</ele>
        <time>2026-09-19T07:30:45.491Z</time>
      </trkpt>
      <trkpt lat="43.479031" lon="-3.793481">
        <ele>9.460676</ele>
        <time>2026-09-19T07:30:47.203Z</time>
      </trkpt>
      <trkpt lat="43.478967" lon="-3.793748">
        <ele>9.466345</ele>
        <time>2026-09-19T07:30:50.479Z</time>
      </trkpt>
      <trkpt lat="43.478973" lon="-3.793877">
        <ele>9.468951</ele>
        <time>2026-09-19T07:30:51.879Z</time>
      </trkpt>
      <trkpt lat="43.478912" lon="-3.793976">
        <ele>9.471570</ele>
        <time>2026-09-19T07:30:53.152Z</time>
      </trkpt>
      <trkpt lat="43.478872" lon="-3.793994">
        <ele>9.472739</ele>
        <time>2026-09-19T07:30:53.717Z</time>
      </trkpt>
      <trkpt lat="43.478821" lon="-3.793990">
        <ele>9.474158</ele>
        <time>2026-09-19T07:30:54.346Z</time>
      </trkpt>
      <trkpt lat="43.478782" lon="-3.793965">
        <ele>9.475353</ele>
        <time>2026-09-19T07:30:54.881Z</time>
      </trkpt>
      <trkpt lat="43.478612" lon="-3.794045">
        <ele>9.480344</ele>
        <time>2026-09-19T07:30:57.266Z</time>
      </trkpt>
      <trkpt lat="43.478476" lon="-3.794185">
        <ele>9.485061</ele>
        <time>2026-09-19T07:30:59.628Z</time>
      </trkpt>
      <trkpt lat="43.478172" lon="-3.794626">
        <ele>9.497324</ele>
        <time>2026-09-19T07:31:06.247Z</time>
      </trkpt>
      <trkpt lat="43.477964" lon="-3.794850">
        <ele>9.360184</ele>
        <time>2026-09-19T07:31:10.277Z</time>
      </trkpt>
      <trkpt lat="43.477801" lon="-3.794977">
        <ele>9.246635</ele>
        <time>2026-09-19T07:31:12.946Z</time>
      </trkpt>
      <trkpt lat="43.477678" lon="-3.795054">
        <ele>9.164711</ele>
        <time>2026-09-19T07:31:14.765Z</time>
      </trkpt>
      <trkpt lat="43.477494" lon="-3.795158">
        <ele>9.044111</ele>
        <time>2026-09-19T07:31:17.201Z</time>
      </trkpt>
      <trkpt lat="43.477367" lon="-3.795285">
        <ele>8.948956</ele>
        <time>2026-09-19T07:31:19.056Z</time>
      </trkpt>
      <trkpt lat="43.477220" lon="-3.795442">
        <ele>8.836176</ele>
        <time>2026-09-19T07:31:21.212Z</time>
      </trkpt>
      <trkpt lat="43.477204" lon="-3.795597">
        <ele>8.767283</ele>
        <time>2026-09-19T07:31:22.566Z</time>
      </trkpt>
      <trkpt lat="43.477123" lon="-3.795801">
        <ele>8.664955</ele>
        <time>2026-09-19T07:31:24.678Z</time>
      </trkpt>
      <trkpt lat="43.477037" lon="-3.795903">
        <ele>8.596148</ele>
        <time>2026-09-19T07:31:26.131Z</time>
      </trkpt>
      <trkpt lat="43.476934" lon="-3.795967">
        <ele>8.527632</ele>
        <time>2026-09-19T07:31:27.632Z</time>
      </trkpt>
      <trkpt lat="43.476816" lon="-3.795988">
        <ele>8.455481</ele>
        <time>2026-09-19T07:31:29.182Z</time>
      </trkpt>
      <trkpt lat="43.476699" lon="-3.795960">
        <ele>8.407609</ele>
        <time>2026-09-19T07:31:30.763Z</time>
      </trkpt>
      <trkpt lat="43.476593" lon="-3.795885">
        <ele>8.407609</ele>
        <time>2026-09-19T07:31:32.381Z</time>
      </trkpt>
      <trkpt lat="43.476497" lon="-3.795753">
        <ele>8.407609</ele>
        <time>2026-09-19T07:31:34.225Z</time>
      </trkpt>
      <trkpt lat="43.476453" lon="-3.795627">
        <ele>8.407609</ele>
        <time>2026-09-19T07:31:35.677Z</time>
      </trkpt>
      <trkpt lat="43.476430" lon="-3.795467">
        <ele>8.407609</ele>
        <time>2026-09-19T07:31:37.387Z</time>
      </trkpt>
      <trkpt lat="43.476113" lon="-3.795103">
        <ele>8.407609</ele>
        <time>2026-09-19T07:31:43.786Z</time>
      </trkpt>
      <trkpt lat="43.475734" lon="-3.794878">
        <ele>8.407609</ele>
        <time>2026-09-19T07:31:51.121Z</time>
      </trkpt>
      <trkpt lat="43.475686" lon="-3.794852">
        <ele>8.407609</ele>
        <time>2026-09-19T07:31:52.123Z</time>
      </trkpt>
      <trkpt lat="43.475668" lon="-3.794912">
        <ele>8.407609</ele>
        <time>2026-09-19T07:31:53.291Z</time>
      </trkpt>
      <trkpt lat="43.475429" lon="-3.794777">
        <ele>8.407609</ele>
        <time>2026-09-19T07:31:59.722Z</time>
      </trkpt>
      <trkpt lat="43.475253" lon="-3.794712">
        <ele>8.407609</ele>
        <time>2026-09-19T07:32:04.167Z</time>
      </trkpt>
      <trkpt lat="43.475198" lon="-3.794710">
        <ele>8.407609</ele>
        <time>2026-09-19T07:32:05.500Z</time>
      </trkpt>
    </trkseg>
  </trk>
</gpx>