<?xml version="1.0" encoding="UTF-8"?>
<gpx version="1.1" xmlns="http://www.topografix.com/GPX/1/1">

	<trk>
		<name>RASp 200K - boucle/loop #1 500K - 110926</name>
		<trkseg>
<trkpt lat="43.475317" lon="-3.794735"></trkpt>
<trkpt lat="43.475429" lon="-3.794777"></trkpt>
<trkpt lat="43.475668" lon="-3.794912"></trkpt>
<trkpt lat="43.475686" lon="-3.794852"></trkpt>
<trkpt lat="43.475715" lon="-3.794754"></trkpt>
<trkpt lat="43.475763" lon="-3.794783"></trkpt>
<trkpt lat="43.476120" lon="-3.794976"></trkpt>
<trkpt lat="43.476321" lon="-3.795017"></trkpt>
<trkpt lat="43.476470" lon="-3.795013"></trkpt>
<trkpt lat="43.476666" lon="-3.794945"></trkpt>
<trkpt lat="43.476830" lon="-3.794899"></trkpt>
<trkpt lat="43.476993" lon="-3.794951"></trkpt>
<trkpt lat="43.477126" lon="-3.795091"></trkpt>
<trkpt lat="43.477331" lon="-3.795159"></trkpt>
<trkpt lat="43.477332" lon="-3.795096"></trkpt>
<trkpt lat="43.477185" lon="-3.795031"></trkpt>
<trkpt lat="43.477332" lon="-3.795096"></trkpt>
<trkpt lat="43.477331" lon="-3.795159"></trkpt>
<trkpt lat="43.477494" lon="-3.795158"></trkpt>
<trkpt lat="43.477678" lon="-3.795054"></trkpt>
<trkpt lat="43.477801" lon="-3.794977"></trkpt>
<trkpt lat="43.477964" lon="-3.794850"></trkpt>
<trkpt lat="43.478172" lon="-3.794626"></trkpt>
<trkpt lat="43.478476" lon="-3.794185"></trkpt>
<trkpt lat="43.478612" lon="-3.794045"></trkpt>
<trkpt lat="43.478728" lon="-3.793842"></trkpt>
<trkpt lat="43.478734" lon="-3.793768"></trkpt>
<trkpt lat="43.478796" lon="-3.793668"></trkpt>
<trkpt lat="43.478892" lon="-3.793657"></trkpt>
<trkpt lat="43.479031" lon="-3.793481"></trkpt>
<trkpt lat="43.479050" lon="-3.793349"></trkpt>
<trkpt lat="43.479064" lon="-3.793261"></trkpt>
<trkpt lat="43.479128" lon="-3.792846"></trkpt>
<trkpt lat="43.479142" lon="-3.792755"></trkpt>
<trkpt lat="43.479179" lon="-3.792518"></trkpt>
<trkpt lat="43.479196" lon="-3.792356"></trkpt>
<trkpt lat="43.479225" lon="-3.791997"></trkpt>
<trkpt lat="43.479166" lon="-3.791691"></trkpt>
<trkpt lat="43.479031" lon="-3.791599"></trkpt>
<trkpt lat="43.478981" lon="-3.791451"></trkpt>
<trkpt lat="43.479005" lon="-3.791298"></trkpt>
<trkpt lat="43.479083" lon="-3.791208"></trkpt>
<trkpt lat="43.479161" lon="-3.790840"></trkpt>
<trkpt lat="43.479208" lon="-3.790739"></trkpt>
<trkpt lat="43.479393" lon="-3.790227"></trkpt>
<trkpt lat="43.479606" lon="-3.789633"></trkpt>
<trkpt lat="43.479642" lon="-3.789505"></trkpt>
<trkpt lat="43.479678" lon="-3.789387"></trkpt>
<trkpt lat="43.479588" lon="-3.789158"></trkpt>
<trkpt lat="43.479543" lon="-3.789093"></trkpt>
<trkpt lat="43.479531" lon="-3.788968"></trkpt>
<trkpt lat="43.479577" lon="-3.788871"></trkpt>
<trkpt lat="43.479615" lon="-3.788843"></trkpt>
<trkpt lat="43.479654" lon="-3.788845"></trkpt>
<trkpt lat="43.479698" lon="-3.788846"></trkpt>
<trkpt lat="43.479762" lon="-3.788920"></trkpt>
<trkpt lat="43.479777" lon="-3.788974"></trkpt>
<trkpt lat="43.479779" lon="-3.789025"></trkpt>
<trkpt lat="43.479752" lon="-3.789118"></trkpt>
<trkpt lat="43.479693" lon="-3.789174"></trkpt>
<trkpt lat="43.479588" lon="-3.789158"></trkpt>
<trkpt lat="43.479543" lon="-3.789093"></trkpt>
<trkpt lat="43.479387" lon="-3.789123"></trkpt>
<trkpt lat="43.479059" lon="-3.789147"></trkpt>
<trkpt lat="43.478180" lon="-3.789007"></trkpt>
<trkpt lat="43.478128" lon="-3.788981"></trkpt>
<trkpt lat="43.478117" lon="-3.788992"></trkpt>
<trkpt lat="43.478082" lon="-3.789006"></trkpt>
<trkpt lat="43.478064" lon="-3.788998"></trkpt>
<trkpt lat="43.478049" lon="-3.788981"></trkpt>
<trkpt lat="43.477714" lon="-3.788937"></trkpt>
<trkpt lat="43.477589" lon="-3.788921"></trkpt>
<trkpt lat="43.477071" lon="-3.788829"></trkpt>
<trkpt lat="43.476541" lon="-3.788734"></trkpt>
<trkpt lat="43.476298" lon="-3.788689"></trkpt>
<trkpt lat="43.476310" lon="-3.788565"></trkpt>
<trkpt lat="43.476318" lon="-3.788457"></trkpt>
<trkpt lat="43.476336" lon="-3.788227"></trkpt>
<trkpt lat="43.476294" lon="-3.788146"></trkpt>
<trkpt lat="43.476317" lon="-3.787969"></trkpt>
<trkpt lat="43.476049" lon="-3.787805"></trkpt>
<trkpt lat="43.475740" lon="-3.787616"></trkpt>
<trkpt lat="43.475625" lon="-3.787639"></trkpt>
<trkpt lat="43.475487" lon="-3.787140"></trkpt>
<trkpt lat="43.475387" lon="-3.786752"></trkpt>
<trkpt lat="43.475198" lon="-3.786058"></trkpt>
<trkpt lat="43.475097" lon="-3.785962"></trkpt>
<trkpt lat="43.474987" lon="-3.785839"></trkpt>
<trkpt lat="43.474863" lon="-3.785609"></trkpt>
<trkpt lat="43.474650" lon="-3.785371"></trkpt>
<trkpt lat="43.474342" lon="-3.785128"></trkpt>
<trkpt lat="43.474317" lon="-3.785078"></trkpt>
<trkpt lat="43.474078" lon="-3.784910"></trkpt>
<trkpt lat="43.474049" lon="-3.784882"></trkpt>
<trkpt lat="43.473949" lon="-3.784798"></trkpt>
<trkpt lat="43.473857" lon="-3.784668"></trkpt>
<trkpt lat="43.473791" lon="-3.784606"></trkpt>
<trkpt lat="43.473597" lon="-3.784318"></trkpt>
<trkpt lat="43.472721" lon="-3.782768"></trkpt>
<trkpt lat="43.472676" lon="-3.782719"></trkpt>
<trkpt lat="43.472490" lon="-3.782486"></trkpt>
<trkpt lat="43.472419" lon="-3.782408"></trkpt>
<trkpt lat="43.472376" lon="-3.782310"></trkpt>
<trkpt lat="43.472283" lon="-3.782196"></trkpt>
<trkpt lat="43.472222" lon="-3.782121"></trkpt>
<trkpt lat="43.472178" lon="-3.782033"></trkpt>
<trkpt lat="43.471924" lon="-3.781792"></trkpt>
<trkpt lat="43.471791" lon="-3.781571"></trkpt>
<trkpt lat="43.471671" lon="-3.781268"></trkpt>
<trkpt lat="43.471633" lon="-3.781045"></trkpt>
<trkpt lat="43.471627" lon="-3.781017"></trkpt>
<trkpt lat="43.471578" lon="-3.780892"></trkpt>
<trkpt lat="43.471452" lon="-3.780320"></trkpt>
<trkpt lat="43.471269" lon="-3.779465"></trkpt>
<trkpt lat="43.471220" lon="-3.779236"></trkpt>
<trkpt lat="43.471208" lon="-3.779086"></trkpt>
<trkpt lat="43.471109" lon="-3.778704"></trkpt>
<trkpt lat="43.471116" lon="-3.778533"></trkpt>
<trkpt lat="43.471029" lon="-3.778355"></trkpt>
<trkpt lat="43.470933" lon="-3.778076"></trkpt>
<trkpt lat="43.470770" lon="-3.777803"></trkpt>
<trkpt lat="43.470683" lon="-3.777696"></trkpt>
<trkpt lat="43.470414" lon="-3.777493"></trkpt>
<trkpt lat="43.469797" lon="-3.777239"></trkpt>
<trkpt lat="43.469683" lon="-3.777169"></trkpt>
<trkpt lat="43.469549" lon="-3.777149"></trkpt>
<trkpt lat="43.469245" lon="-3.777014"></trkpt>
<trkpt lat="43.469067" lon="-3.776898"></trkpt>
<trkpt lat="43.468886" lon="-3.776704"></trkpt>
<trkpt lat="43.468815" lon="-3.776595"></trkpt>
<trkpt lat="43.468791" lon="-3.776494"></trkpt>
<trkpt lat="43.468582" lon="-3.776220"></trkpt>
<trkpt lat="43.468536" lon="-3.776192"></trkpt>
<trkpt lat="43.468435" lon="-3.776001"></trkpt>
<trkpt lat="43.468392" lon="-3.775976"></trkpt>
<trkpt lat="43.468279" lon="-3.775928"></trkpt>
<trkpt lat="43.468125" lon="-3.775910"></trkpt>
<trkpt lat="43.468088" lon="-3.775907"></trkpt>
<trkpt lat="43.468012" lon="-3.775965"></trkpt>
<trkpt lat="43.467810" lon="-3.776272"></trkpt>
<trkpt lat="43.466237" lon="-3.779609"></trkpt>
<trkpt lat="43.466054" lon="-3.779876"></trkpt>
<trkpt lat="43.466079" lon="-3.779910"></trkpt>
<trkpt lat="43.466299" lon="-3.779542"></trkpt>
<trkpt lat="43.467741" lon="-3.776481"></trkpt>
<trkpt lat="43.467897" lon="-3.776187"></trkpt>
<trkpt lat="43.467907" lon="-3.776177"></trkpt>
<trkpt lat="43.468027" lon="-3.776049"></trkpt>
<trkpt lat="43.468125" lon="-3.775910"></trkpt>
<trkpt lat="43.468088" lon="-3.775907"></trkpt>
<trkpt lat="43.468012" lon="-3.775965"></trkpt>
<trkpt lat="43.467810" lon="-3.776272"></trkpt>
<trkpt lat="43.466237" lon="-3.779609"></trkpt>
<trkpt lat="43.466054" lon="-3.779876"></trkpt>
<trkpt lat="43.465526" lon="-3.780735"></trkpt>
<trkpt lat="43.465108" lon="-3.781138"></trkpt>
<trkpt lat="43.464963" lon="-3.781338"></trkpt>
<trkpt lat="43.464875" lon="-3.781560"></trkpt>
<trkpt lat="43.464441" lon="-3.783138"></trkpt>
<trkpt lat="43.463690" lon="-3.785938"></trkpt>
<trkpt lat="43.463635" lon="-3.786192"></trkpt>
<trkpt lat="43.463499" lon="-3.787339"></trkpt>
<trkpt lat="43.463485" lon="-3.787460"></trkpt>
<trkpt lat="43.463454" lon="-3.787841"></trkpt>
<trkpt lat="43.463460" lon="-3.788945"></trkpt>
<trkpt lat="43.463453" lon="-3.789516"></trkpt>
<trkpt lat="43.463379" lon="-3.790145"></trkpt>
<trkpt lat="43.463302" lon="-3.790568"></trkpt>
<trkpt lat="43.463200" lon="-3.790898"></trkpt>
<trkpt lat="43.462913" lon="-3.791469"></trkpt>
<trkpt lat="43.462851" lon="-3.791628"></trkpt>
<trkpt lat="43.462797" lon="-3.791667"></trkpt>
<trkpt lat="43.462698" lon="-3.791654"></trkpt>
<trkpt lat="43.462651" lon="-3.791555"></trkpt>
<trkpt lat="43.462607" lon="-3.791563"></trkpt>
<trkpt lat="43.462612" lon="-3.791746"></trkpt>
<trkpt lat="43.462607" lon="-3.791563"></trkpt>
<trkpt lat="43.462567" lon="-3.791567"></trkpt>
<trkpt lat="43.462592" lon="-3.791919"></trkpt>
<trkpt lat="43.462704" lon="-3.793466"></trkpt>
<trkpt lat="43.462875" lon="-3.795647"></trkpt>
<trkpt lat="43.462886" lon="-3.795790"></trkpt>
<trkpt lat="43.462842" lon="-3.796125"></trkpt>
<trkpt lat="43.462801" lon="-3.796232"></trkpt>
<trkpt lat="43.462713" lon="-3.796320"></trkpt>
<trkpt lat="43.462696" lon="-3.796326"></trkpt>
<trkpt lat="43.462568" lon="-3.796575"></trkpt>
<trkpt lat="43.462570" lon="-3.796590"></trkpt>
<trkpt lat="43.462573" lon="-3.796639"></trkpt>
<trkpt lat="43.462502" lon="-3.796780"></trkpt>
<trkpt lat="43.462132" lon="-3.797400"></trkpt>
<trkpt lat="43.462091" lon="-3.797616"></trkpt>
<trkpt lat="43.462157" lon="-3.797639"></trkpt>
<trkpt lat="43.462091" lon="-3.797616"></trkpt>
<trkpt lat="43.462082" lon="-3.797763"></trkpt>
<trkpt lat="43.461960" lon="-3.799136"></trkpt>
<trkpt lat="43.461796" lon="-3.800867"></trkpt>
<trkpt lat="43.461740" lon="-3.801458"></trkpt>
<trkpt lat="43.461667" lon="-3.801902"></trkpt>
<trkpt lat="43.461590" lon="-3.802159"></trkpt>
<trkpt lat="43.461477" lon="-3.802289"></trkpt>
<trkpt lat="43.461020" lon="-3.803139"></trkpt>
<trkpt lat="43.461002" lon="-3.803149"></trkpt>
<trkpt lat="43.460786" lon="-3.803214"></trkpt>
<trkpt lat="43.460688" lon="-3.803286"></trkpt>
<trkpt lat="43.460672" lon="-3.803316"></trkpt>
<trkpt lat="43.460504" lon="-3.803633"></trkpt>
<trkpt lat="43.460301" lon="-3.803917"></trkpt>
<trkpt lat="43.460171" lon="-3.804075"></trkpt>
<trkpt lat="43.459876" lon="-3.804434"></trkpt>
<trkpt lat="43.459868" lon="-3.804444"></trkpt>
<trkpt lat="43.459791" lon="-3.804538"></trkpt>
<trkpt lat="43.459631" lon="-3.804733"></trkpt>
<trkpt lat="43.459600" lon="-3.804825"></trkpt>
<trkpt lat="43.459600" lon="-3.804912"></trkpt>
<trkpt lat="43.459629" lon="-3.805005"></trkpt>
<trkpt lat="43.459882" lon="-3.805423"></trkpt>
<trkpt lat="43.459903" lon="-3.805511"></trkpt>
<trkpt lat="43.459919" lon="-3.805687"></trkpt>
<trkpt lat="43.459821" lon="-3.806026"></trkpt>
<trkpt lat="43.459688" lon="-3.806259"></trkpt>
<trkpt lat="43.459334" lon="-3.806722"></trkpt>
<trkpt lat="43.459257" lon="-3.806786"></trkpt>
<trkpt lat="43.458370" lon="-3.807976"></trkpt>
<trkpt lat="43.458319" lon="-3.808120"></trkpt>
<trkpt lat="43.458033" lon="-3.808705"></trkpt>
<trkpt lat="43.457718" lon="-3.809188"></trkpt>
<trkpt lat="43.457451" lon="-3.809531"></trkpt>
<trkpt lat="43.456533" lon="-3.810435"></trkpt>
<trkpt lat="43.456272" lon="-3.810673"></trkpt>
<trkpt lat="43.455898" lon="-3.811014"></trkpt>
<trkpt lat="43.455880" lon="-3.811061"></trkpt>
<trkpt lat="43.455784" lon="-3.811310"></trkpt>
<trkpt lat="43.455769" lon="-3.811347"></trkpt>
<trkpt lat="43.455709" lon="-3.811320"></trkpt>
<trkpt lat="43.455173" lon="-3.811793"></trkpt>
<trkpt lat="43.453810" lon="-3.813057"></trkpt>
<trkpt lat="43.453774" lon="-3.813208"></trkpt>
<trkpt lat="43.453736" lon="-3.813268"></trkpt>
<trkpt lat="43.453519" lon="-3.813460"></trkpt>
<trkpt lat="43.453484" lon="-3.813499"></trkpt>
<trkpt lat="43.453385" lon="-3.813643"></trkpt>
<trkpt lat="43.453358" lon="-3.813845"></trkpt>
<trkpt lat="43.453362" lon="-3.813949"></trkpt>
<trkpt lat="43.453304" lon="-3.814070"></trkpt>
<trkpt lat="43.453242" lon="-3.814100"></trkpt>
<trkpt lat="43.453139" lon="-3.814367"></trkpt>
<trkpt lat="43.452517" lon="-3.816660"></trkpt>
<trkpt lat="43.452337" lon="-3.817312"></trkpt>
<trkpt lat="43.452475" lon="-3.817382"></trkpt>
<trkpt lat="43.452626" lon="-3.817458"></trkpt>
<trkpt lat="43.452671" lon="-3.817480"></trkpt>
<trkpt lat="43.452748" lon="-3.817517"></trkpt>
<trkpt lat="43.453243" lon="-3.817767"></trkpt>
<trkpt lat="43.453338" lon="-3.817815"></trkpt>
<trkpt lat="43.453705" lon="-3.818000"></trkpt>
<trkpt lat="43.453828" lon="-3.818062"></trkpt>
<trkpt lat="43.453891" lon="-3.818096"></trkpt>
<trkpt lat="43.453917" lon="-3.818109"></trkpt>
<trkpt lat="43.453908" lon="-3.818154"></trkpt>
<trkpt lat="43.453928" lon="-3.818231"></trkpt>
<trkpt lat="43.453916" lon="-3.818277"></trkpt>
<trkpt lat="43.453640" lon="-3.819310"></trkpt>
<trkpt lat="43.453056" lon="-3.821489"></trkpt>
<trkpt lat="43.452986" lon="-3.821523"></trkpt>
<trkpt lat="43.452396" lon="-3.823692"></trkpt>
<trkpt lat="43.452385" lon="-3.823734"></trkpt>
<trkpt lat="43.452450" lon="-3.823764"></trkpt>
<trkpt lat="43.452482" lon="-3.823782"></trkpt>
<trkpt lat="43.452516" lon="-3.823799"></trkpt>
<trkpt lat="43.452572" lon="-3.823827"></trkpt>
<trkpt lat="43.452614" lon="-3.823847"></trkpt>
<trkpt lat="43.452626" lon="-3.823809"></trkpt>
<trkpt lat="43.452671" lon="-3.823643"></trkpt>
<trkpt lat="43.452933" lon="-3.822679"></trkpt>
<trkpt lat="43.452966" lon="-3.822566"></trkpt>
<trkpt lat="43.453218" lon="-3.821638"></trkpt>
<trkpt lat="43.453255" lon="-3.821506"></trkpt>
<trkpt lat="43.453264" lon="-3.821472"></trkpt>
<trkpt lat="43.453345" lon="-3.821176"></trkpt>
<trkpt lat="43.453425" lon="-3.820884"></trkpt>
<trkpt lat="43.453561" lon="-3.820388"></trkpt>
<trkpt lat="43.453714" lon="-3.819829"></trkpt>
<trkpt lat="43.453862" lon="-3.819290"></trkpt>
<trkpt lat="43.454110" lon="-3.818380"></trkpt>
<trkpt lat="43.454154" lon="-3.818226"></trkpt>
<trkpt lat="43.453993" lon="-3.818147"></trkpt>
<trkpt lat="43.453917" lon="-3.818109"></trkpt>
<trkpt lat="43.453908" lon="-3.818154"></trkpt>
<trkpt lat="43.453928" lon="-3.818231"></trkpt>
<trkpt lat="43.453916" lon="-3.818277"></trkpt>
<trkpt lat="43.453640" lon="-3.819310"></trkpt>
<trkpt lat="43.453056" lon="-3.821489"></trkpt>
<trkpt lat="43.452986" lon="-3.821523"></trkpt>
<trkpt lat="43.452396" lon="-3.823692"></trkpt>
<trkpt lat="43.452385" lon="-3.823734"></trkpt>
<trkpt lat="43.452450" lon="-3.823764"></trkpt>
<trkpt lat="43.452482" lon="-3.823782"></trkpt>
<trkpt lat="43.452516" lon="-3.823799"></trkpt>
<trkpt lat="43.452572" lon="-3.823827"></trkpt>
<trkpt lat="43.452614" lon="-3.823847"></trkpt>
<trkpt lat="43.452667" lon="-3.823877"></trkpt>
<trkpt lat="43.452368" lon="-3.824999"></trkpt>
<trkpt lat="43.452387" lon="-3.825054"></trkpt>
<trkpt lat="43.452456" lon="-3.825095"></trkpt>
<trkpt lat="43.452574" lon="-3.825021"></trkpt>
<trkpt lat="43.452594" lon="-3.825080"></trkpt>
<trkpt lat="43.452616" lon="-3.825152"></trkpt>
<trkpt lat="43.452645" lon="-3.825245"></trkpt>
<trkpt lat="43.452598" lon="-3.825325"></trkpt>
<trkpt lat="43.452594" lon="-3.825550"></trkpt>
<trkpt lat="43.452515" lon="-3.825831"></trkpt>
<trkpt lat="43.452418" lon="-3.826088"></trkpt>
<trkpt lat="43.452382" lon="-3.826134"></trkpt>
<trkpt lat="43.452326" lon="-3.826205"></trkpt>
<trkpt lat="43.452244" lon="-3.826436"></trkpt>
<trkpt lat="43.452235" lon="-3.826588"></trkpt>
<trkpt lat="43.452266" lon="-3.826790"></trkpt>
<trkpt lat="43.452294" lon="-3.826862"></trkpt>
<trkpt lat="43.452446" lon="-3.827047"></trkpt>
<trkpt lat="43.452378" lon="-3.827326"></trkpt>
<trkpt lat="43.452392" lon="-3.827329"></trkpt>
<trkpt lat="43.452339" lon="-3.827542"></trkpt>
<trkpt lat="43.452263" lon="-3.827843"></trkpt>
<trkpt lat="43.452247" lon="-3.827833"></trkpt>
<trkpt lat="43.452051" lon="-3.827747"></trkpt>
<trkpt lat="43.451914" lon="-3.827756"></trkpt>
<trkpt lat="43.451728" lon="-3.827889"></trkpt>
<trkpt lat="43.451667" lon="-3.828006"></trkpt>
<trkpt lat="43.451682" lon="-3.828041"></trkpt>
<trkpt lat="43.451573" lon="-3.828392"></trkpt>
<trkpt lat="43.451400" lon="-3.828832"></trkpt>
<trkpt lat="43.451277" lon="-3.829079"></trkpt>
<trkpt lat="43.451171" lon="-3.829278"></trkpt>
<trkpt lat="43.451121" lon="-3.829378"></trkpt>
<trkpt lat="43.451097" lon="-3.829525"></trkpt>
<trkpt lat="43.451045" lon="-3.829503"></trkpt>
<trkpt lat="43.451024" lon="-3.829494"></trkpt>
<trkpt lat="43.450982" lon="-3.829639"></trkpt>
<trkpt lat="43.450702" lon="-3.830608"></trkpt>
<trkpt lat="43.446149" lon="-3.835528"></trkpt>
<trkpt lat="43.446144" lon="-3.835591"></trkpt>
<trkpt lat="43.446208" lon="-3.835775"></trkpt>
<trkpt lat="43.446197" lon="-3.835788"></trkpt>
<trkpt lat="43.446156" lon="-3.835824"></trkpt>
<trkpt lat="43.446313" lon="-3.836239"></trkpt>
<trkpt lat="43.446318" lon="-3.836353"></trkpt>
<trkpt lat="43.446269" lon="-3.836437"></trkpt>
<trkpt lat="43.445846" lon="-3.836745"></trkpt>
<trkpt lat="43.445661" lon="-3.836880"></trkpt>
<trkpt lat="43.445148" lon="-3.837254"></trkpt>
<trkpt lat="43.444907" lon="-3.837430"></trkpt>
<trkpt lat="43.444324" lon="-3.837855"></trkpt>
<trkpt lat="43.442982" lon="-3.838819"></trkpt>
<trkpt lat="43.442991" lon="-3.838918"></trkpt>
<trkpt lat="43.442954" lon="-3.839014"></trkpt>
<trkpt lat="43.442841" lon="-3.839051"></trkpt>
<trkpt lat="43.442760" lon="-3.838950"></trkpt>
<trkpt lat="43.442634" lon="-3.838897"></trkpt>
<trkpt lat="43.440955" lon="-3.838842"></trkpt>
<trkpt lat="43.440408" lon="-3.838819"></trkpt>
<trkpt lat="43.440408" lon="-3.838892"></trkpt>
<trkpt lat="43.440377" lon="-3.838892"></trkpt>
<trkpt lat="43.440309" lon="-3.838893"></trkpt>
<trkpt lat="43.440148" lon="-3.839192"></trkpt>
<trkpt lat="43.440116" lon="-3.839225"></trkpt>
<trkpt lat="43.440055" lon="-3.839220"></trkpt>
<trkpt lat="43.440001" lon="-3.839215"></trkpt>
<trkpt lat="43.439949" lon="-3.839210"></trkpt>
<trkpt lat="43.439899" lon="-3.839205"></trkpt>
<trkpt lat="43.439898" lon="-3.839170"></trkpt>
<trkpt lat="43.439784" lon="-3.838958"></trkpt>
<trkpt lat="43.439695" lon="-3.838916"></trkpt>
<trkpt lat="43.439696" lon="-3.838878"></trkpt>
<trkpt lat="43.439702" lon="-3.838778"></trkpt>
<trkpt lat="43.439704" lon="-3.838668"></trkpt>
<trkpt lat="43.439707" lon="-3.838583"></trkpt>
<trkpt lat="43.439607" lon="-3.838255"></trkpt>
<trkpt lat="43.439508" lon="-3.838035"></trkpt>
<trkpt lat="43.439323" lon="-3.837750"></trkpt>
<trkpt lat="43.439181" lon="-3.837639"></trkpt>
<trkpt lat="43.438934" lon="-3.837652"></trkpt>
<trkpt lat="43.437292" lon="-3.837968"></trkpt>
<trkpt lat="43.437165" lon="-3.838021"></trkpt>
<trkpt lat="43.436917" lon="-3.838167"></trkpt>
<trkpt lat="43.436723" lon="-3.838341"></trkpt>
<trkpt lat="43.436582" lon="-3.838512"></trkpt>
<trkpt lat="43.436414" lon="-3.838790"></trkpt>
<trkpt lat="43.436315" lon="-3.839010"></trkpt>
<trkpt lat="43.436256" lon="-3.839052"></trkpt>
<trkpt lat="43.436180" lon="-3.839322"></trkpt>
<trkpt lat="43.436067" lon="-3.840029"></trkpt>
<trkpt lat="43.435671" lon="-3.840020"></trkpt>
<trkpt lat="43.435322" lon="-3.839849"></trkpt>
<trkpt lat="43.435283" lon="-3.839817"></trkpt>
<trkpt lat="43.435238" lon="-3.839780"></trkpt>
<trkpt lat="43.435216" lon="-3.839694"></trkpt>
<trkpt lat="43.435342" lon="-3.839235"></trkpt>
<trkpt lat="43.435403" lon="-3.838867"></trkpt>
<trkpt lat="43.435409" lon="-3.838831"></trkpt>
<trkpt lat="43.435515" lon="-3.838091"></trkpt>
<trkpt lat="43.435520" lon="-3.837546"></trkpt>
<trkpt lat="43.435507" lon="-3.837178"></trkpt>
<trkpt lat="43.435399" lon="-3.837191"></trkpt>
<trkpt lat="43.435306" lon="-3.837202"></trkpt>
<trkpt lat="43.435295" lon="-3.837172"></trkpt>
<trkpt lat="43.434437" lon="-3.837025"></trkpt>
<trkpt lat="43.433208" lon="-3.836766"></trkpt>
<trkpt lat="43.433175" lon="-3.836746"></trkpt>
<trkpt lat="43.433182" lon="-3.836661"></trkpt>
<trkpt lat="43.433190" lon="-3.836590"></trkpt>
<trkpt lat="43.433108" lon="-3.836579"></trkpt>
<trkpt lat="43.433057" lon="-3.836508"></trkpt>
<trkpt lat="43.432827" lon="-3.835657"></trkpt>
<trkpt lat="43.432792" lon="-3.835673"></trkpt>
<trkpt lat="43.432750" lon="-3.835692"></trkpt>
<trkpt lat="43.432715" lon="-3.835708"></trkpt>
<trkpt lat="43.432702" lon="-3.835713"></trkpt>
<trkpt lat="43.432708" lon="-3.835919"></trkpt>
<trkpt lat="43.432633" lon="-3.836079"></trkpt>
<trkpt lat="43.432220" lon="-3.836489"></trkpt>
<trkpt lat="43.431626" lon="-3.836374"></trkpt>
<trkpt lat="43.431436" lon="-3.836373"></trkpt>
<trkpt lat="43.430840" lon="-3.836254"></trkpt>
<trkpt lat="43.430664" lon="-3.836178"></trkpt>
<trkpt lat="43.430133" lon="-3.836072"></trkpt>
<trkpt lat="43.429663" lon="-3.835979"></trkpt>
<trkpt lat="43.427913" lon="-3.835492"></trkpt>
<trkpt lat="43.427704" lon="-3.835460"></trkpt>
<trkpt lat="43.426904" lon="-3.835219"></trkpt>
<trkpt lat="43.426613" lon="-3.834865"></trkpt>
<trkpt lat="43.426365" lon="-3.834500"></trkpt>
<trkpt lat="43.426167" lon="-3.833987"></trkpt>
<trkpt lat="43.424758" lon="-3.828843"></trkpt>
<trkpt lat="43.424685" lon="-3.828872"></trkpt>
<trkpt lat="43.424635" lon="-3.828891"></trkpt>
<trkpt lat="43.424534" lon="-3.828543"></trkpt>
<trkpt lat="43.424428" lon="-3.828337"></trkpt>
<trkpt lat="43.424372" lon="-3.828292"></trkpt>
<trkpt lat="43.423847" lon="-3.828229"></trkpt>
<trkpt lat="43.423789" lon="-3.828252"></trkpt>
<trkpt lat="43.423666" lon="-3.828368"></trkpt>
<trkpt lat="43.423639" lon="-3.828305"></trkpt>
<trkpt lat="43.423614" lon="-3.828239"></trkpt>
<trkpt lat="43.423315" lon="-3.828387"></trkpt>
<trkpt lat="43.422178" lon="-3.828770"></trkpt>
<trkpt lat="43.422139" lon="-3.828763"></trkpt>
<trkpt lat="43.422097" lon="-3.828701"></trkpt>
<trkpt lat="43.422078" lon="-3.828592"></trkpt>
<trkpt lat="43.421214" lon="-3.823578"></trkpt>
<trkpt lat="43.421153" lon="-3.822893"></trkpt>
<trkpt lat="43.421153" lon="-3.822412"></trkpt>
<trkpt lat="43.421230" lon="-3.821556"></trkpt>
<trkpt lat="43.421369" lon="-3.820737"></trkpt>
<trkpt lat="43.421774" lon="-3.818924"></trkpt>
<trkpt lat="43.421843" lon="-3.818747"></trkpt>
<trkpt lat="43.421943" lon="-3.818609"></trkpt>
<trkpt lat="43.422680" lon="-3.817932"></trkpt>
<trkpt lat="43.422876" lon="-3.817698"></trkpt>
<trkpt lat="43.422911" lon="-3.817642"></trkpt>
<trkpt lat="43.422929" lon="-3.817540"></trkpt>
<trkpt lat="43.422821" lon="-3.817151"></trkpt>
<trkpt lat="43.423075" lon="-3.817003"></trkpt>
<trkpt lat="43.423111" lon="-3.816936"></trkpt>
<trkpt lat="43.423116" lon="-3.816861"></trkpt>
<trkpt lat="43.422807" lon="-3.815444"></trkpt>
<trkpt lat="43.423135" lon="-3.814470"></trkpt>
<trkpt lat="43.423138" lon="-3.814318"></trkpt>
<trkpt lat="43.422931" lon="-3.813309"></trkpt>
<trkpt lat="43.422874" lon="-3.813185"></trkpt>
<trkpt lat="43.422668" lon="-3.812989"></trkpt>
<trkpt lat="43.422371" lon="-3.811822"></trkpt>
<trkpt lat="43.422042" lon="-3.810547"></trkpt>
<trkpt lat="43.422029" lon="-3.810495"></trkpt>
<trkpt lat="43.421846" lon="-3.810785"></trkpt>
<trkpt lat="43.421760" lon="-3.810833"></trkpt>
<trkpt lat="43.421493" lon="-3.810845"></trkpt>
<trkpt lat="43.421258" lon="-3.810864"></trkpt>
<trkpt lat="43.421185" lon="-3.810932"></trkpt>
<trkpt lat="43.421033" lon="-3.810933"></trkpt>
<trkpt lat="43.420768" lon="-3.811242"></trkpt>
<trkpt lat="43.420785" lon="-3.811269"></trkpt>
<trkpt lat="43.420840" lon="-3.811364"></trkpt>
<trkpt lat="43.420519" lon="-3.811733"></trkpt>
<trkpt lat="43.420225" lon="-3.812041"></trkpt>
<trkpt lat="43.420140" lon="-3.812065"></trkpt>
<trkpt lat="43.417126" lon="-3.815426"></trkpt>
<trkpt lat="43.417029" lon="-3.815571"></trkpt>
<trkpt lat="43.417006" lon="-3.815807"></trkpt>
<trkpt lat="43.417029" lon="-3.815939"></trkpt>
<trkpt lat="43.417407" lon="-3.816722"></trkpt>
<trkpt lat="43.417481" lon="-3.816963"></trkpt>
<trkpt lat="43.417406" lon="-3.817985"></trkpt>
<trkpt lat="43.417327" lon="-3.818559"></trkpt>
<trkpt lat="43.417258" lon="-3.818894"></trkpt>
<trkpt lat="43.416894" lon="-3.819932"></trkpt>
<trkpt lat="43.416513" lon="-3.820737"></trkpt>
<trkpt lat="43.415960" lon="-3.821770"></trkpt>
<trkpt lat="43.415906" lon="-3.821944"></trkpt>
<trkpt lat="43.415765" lon="-3.822221"></trkpt>
<trkpt lat="43.415740" lon="-3.822269"></trkpt>
<trkpt lat="43.415653" lon="-3.822328"></trkpt>
<trkpt lat="43.414874" lon="-3.823822"></trkpt>
<trkpt lat="43.413956" lon="-3.825518"></trkpt>
<trkpt lat="43.413888" lon="-3.825497"></trkpt>
<trkpt lat="43.413780" lon="-3.825700"></trkpt>
<trkpt lat="43.413495" lon="-3.826275"></trkpt>
<trkpt lat="43.413065" lon="-3.827142"></trkpt>
<trkpt lat="43.412813" lon="-3.827492"></trkpt>
<trkpt lat="43.412707" lon="-3.827614"></trkpt>
<trkpt lat="43.412668" lon="-3.827565"></trkpt>
<trkpt lat="43.412408" lon="-3.827824"></trkpt>
<trkpt lat="43.411968" lon="-3.828147"></trkpt>
<trkpt lat="43.411643" lon="-3.828313"></trkpt>
<trkpt lat="43.410824" lon="-3.828650"></trkpt>
<trkpt lat="43.410531" lon="-3.828734"></trkpt>
<trkpt lat="43.409376" lon="-3.828894"></trkpt>
<trkpt lat="43.408118" lon="-3.829050"></trkpt>
<trkpt lat="43.407901" lon="-3.828916"></trkpt>
<trkpt lat="43.407712" lon="-3.828533"></trkpt>
<trkpt lat="43.407510" lon="-3.828044"></trkpt>
<trkpt lat="43.407188" lon="-3.827252"></trkpt>
<trkpt lat="43.407136" lon="-3.827286"></trkpt>
<trkpt lat="43.406782" lon="-3.826372"></trkpt>
<trkpt lat="43.406323" lon="-3.824908"></trkpt>
<trkpt lat="43.406166" lon="-3.824291"></trkpt>
<trkpt lat="43.406117" lon="-3.823796"></trkpt>
<trkpt lat="43.406112" lon="-3.823696"></trkpt>
<trkpt lat="43.406061" lon="-3.823521"></trkpt>
<trkpt lat="43.405903" lon="-3.823420"></trkpt>
<trkpt lat="43.405858" lon="-3.823433"></trkpt>
<trkpt lat="43.405772" lon="-3.823405"></trkpt>
<trkpt lat="43.405715" lon="-3.823345"></trkpt>
<trkpt lat="43.405679" lon="-3.823219"></trkpt>
<trkpt lat="43.405704" lon="-3.823078"></trkpt>
<trkpt lat="43.405732" lon="-3.823031"></trkpt>
<trkpt lat="43.405773" lon="-3.822869"></trkpt>
<trkpt lat="43.405765" lon="-3.822792"></trkpt>
<trkpt lat="43.405711" lon="-3.822679"></trkpt>
<trkpt lat="43.405361" lon="-3.822409"></trkpt>
<trkpt lat="43.405204" lon="-3.822256"></trkpt>
<trkpt lat="43.404947" lon="-3.821819"></trkpt>
<trkpt lat="43.403826" lon="-3.819853"></trkpt>
<trkpt lat="43.403633" lon="-3.819537"></trkpt>
<trkpt lat="43.403279" lon="-3.818830"></trkpt>
<trkpt lat="43.403028" lon="-3.818221"></trkpt>
<trkpt lat="43.402940" lon="-3.817940"></trkpt>
<trkpt lat="43.402861" lon="-3.817565"></trkpt>
<trkpt lat="43.402737" lon="-3.816954"></trkpt>
<trkpt lat="43.402692" lon="-3.816796"></trkpt>
<trkpt lat="43.402592" lon="-3.816598"></trkpt>
<trkpt lat="43.402604" lon="-3.816563"></trkpt>
<trkpt lat="43.402459" lon="-3.816341"></trkpt>
<trkpt lat="43.402349" lon="-3.816257"></trkpt>
<trkpt lat="43.402240" lon="-3.816183"></trkpt>
<trkpt lat="43.401955" lon="-3.816104"></trkpt>
<trkpt lat="43.401652" lon="-3.816152"></trkpt>
<trkpt lat="43.401418" lon="-3.816189"></trkpt>
<trkpt lat="43.401196" lon="-3.816127"></trkpt>
<trkpt lat="43.401062" lon="-3.816058"></trkpt>
<trkpt lat="43.400827" lon="-3.815876"></trkpt>
<trkpt lat="43.400553" lon="-3.815753"></trkpt>
<trkpt lat="43.399408" lon="-3.815173"></trkpt>
<trkpt lat="43.399291" lon="-3.815091"></trkpt>
<trkpt lat="43.399185" lon="-3.814921"></trkpt>
<trkpt lat="43.399117" lon="-3.814621"></trkpt>
<trkpt lat="43.399112" lon="-3.814458"></trkpt>
<trkpt lat="43.399155" lon="-3.814050"></trkpt>
<trkpt lat="43.399071" lon="-3.813951"></trkpt>
<trkpt lat="43.398973" lon="-3.813933"></trkpt>
<trkpt lat="43.398976" lon="-3.813911"></trkpt>
<trkpt lat="43.398875" lon="-3.813884"></trkpt>
<trkpt lat="43.398271" lon="-3.813730"></trkpt>
<trkpt lat="43.398191" lon="-3.813761"></trkpt>
<trkpt lat="43.398097" lon="-3.813999"></trkpt>
<trkpt lat="43.398035" lon="-3.814027"></trkpt>
<trkpt lat="43.397817" lon="-3.813988"></trkpt>
<trkpt lat="43.397765" lon="-3.814017"></trkpt>
<trkpt lat="43.397707" lon="-3.814197"></trkpt>
<trkpt lat="43.397472" lon="-3.814141"></trkpt>
<trkpt lat="43.397176" lon="-3.814182"></trkpt>
<trkpt lat="43.396135" lon="-3.814584"></trkpt>
<trkpt lat="43.395278" lon="-3.814913"></trkpt>
<trkpt lat="43.394680" lon="-3.815213"></trkpt>
<trkpt lat="43.394602" lon="-3.815262"></trkpt>
<trkpt lat="43.394458" lon="-3.815378"></trkpt>
<trkpt lat="43.394460" lon="-3.815487"></trkpt>
<trkpt lat="43.394447" lon="-3.815564"></trkpt>
<trkpt lat="43.394358" lon="-3.815696"></trkpt>
<trkpt lat="43.394283" lon="-3.815743"></trkpt>
<trkpt lat="43.394179" lon="-3.815735"></trkpt>
<trkpt lat="43.394062" lon="-3.815615"></trkpt>
<trkpt lat="43.394033" lon="-3.815531"></trkpt>
<trkpt lat="43.393883" lon="-3.815470"></trkpt>
<trkpt lat="43.393707" lon="-3.815457"></trkpt>
<trkpt lat="43.393243" lon="-3.815320"></trkpt>
<trkpt lat="43.392702" lon="-3.815074"></trkpt>
<trkpt lat="43.391745" lon="-3.814746"></trkpt>
<trkpt lat="43.391297" lon="-3.814578"></trkpt>
<trkpt lat="43.391069" lon="-3.814572"></trkpt>
<trkpt lat="43.391014" lon="-3.814601"></trkpt>
<trkpt lat="43.390933" lon="-3.814595"></trkpt>
<trkpt lat="43.390861" lon="-3.814536"></trkpt>
<trkpt lat="43.390814" lon="-3.814417"></trkpt>
<trkpt lat="43.390820" lon="-3.814294"></trkpt>
<trkpt lat="43.390877" lon="-3.814185"></trkpt>
<trkpt lat="43.390979" lon="-3.814136"></trkpt>
<trkpt lat="43.391065" lon="-3.814090"></trkpt>
<trkpt lat="43.391167" lon="-3.813986"></trkpt>
<trkpt lat="43.391267" lon="-3.813568"></trkpt>
<trkpt lat="43.391302" lon="-3.813130"></trkpt>
<trkpt lat="43.391228" lon="-3.812060"></trkpt>
<trkpt lat="43.391188" lon="-3.810894"></trkpt>
<trkpt lat="43.391196" lon="-3.810715"></trkpt>
<trkpt lat="43.391331" lon="-3.810207"></trkpt>
<trkpt lat="43.391694" lon="-3.809397"></trkpt>
<trkpt lat="43.391865" lon="-3.808942"></trkpt>
<trkpt lat="43.392553" lon="-3.806872"></trkpt>
<trkpt lat="43.392619" lon="-3.806577"></trkpt>
<trkpt lat="43.392736" lon="-3.806048"></trkpt>
<trkpt lat="43.392872" lon="-3.805376"></trkpt>
<trkpt lat="43.392944" lon="-3.805023"></trkpt>
<trkpt lat="43.392964" lon="-3.804924"></trkpt>
<trkpt lat="43.392975" lon="-3.804865"></trkpt>
<trkpt lat="43.393196" lon="-3.803826"></trkpt>
<trkpt lat="43.393471" lon="-3.802541"></trkpt>
<trkpt lat="43.393687" lon="-3.801487"></trkpt>
<trkpt lat="43.393884" lon="-3.800606"></trkpt>
<trkpt lat="43.393925" lon="-3.800406"></trkpt>
<trkpt lat="43.393980" lon="-3.800137"></trkpt>
<trkpt lat="43.394002" lon="-3.800035"></trkpt>
<trkpt lat="43.394021" lon="-3.799952"></trkpt>
<trkpt lat="43.394039" lon="-3.799870"></trkpt>
<trkpt lat="43.394148" lon="-3.799363"></trkpt>
<trkpt lat="43.394243" lon="-3.798918"></trkpt>
<trkpt lat="43.394530" lon="-3.797587"></trkpt>
<trkpt lat="43.394873" lon="-3.795967"></trkpt>
<trkpt lat="43.395069" lon="-3.795044"></trkpt>
<trkpt lat="43.395225" lon="-3.794306"></trkpt>
<trkpt lat="43.395274" lon="-3.794075"></trkpt>
<trkpt lat="43.395710" lon="-3.792014"></trkpt>
<trkpt lat="43.395775" lon="-3.791706"></trkpt>
<trkpt lat="43.395960" lon="-3.790817"></trkpt>
<trkpt lat="43.396079" lon="-3.790259"></trkpt>
<trkpt lat="43.396252" lon="-3.789451"></trkpt>
<trkpt lat="43.396418" lon="-3.788675"></trkpt>
<trkpt lat="43.396561" lon="-3.787999"></trkpt>
<trkpt lat="43.396803" lon="-3.786849"></trkpt>
<trkpt lat="43.397018" lon="-3.785830"></trkpt>
<trkpt lat="43.397169" lon="-3.785137"></trkpt>
<trkpt lat="43.397395" lon="-3.784104"></trkpt>
<trkpt lat="43.397434" lon="-3.783618"></trkpt>
<trkpt lat="43.397404" lon="-3.783542"></trkpt>
<trkpt lat="43.397405" lon="-3.783427"></trkpt>
<trkpt lat="43.397445" lon="-3.783346"></trkpt>
<trkpt lat="43.397486" lon="-3.783314"></trkpt>
<trkpt lat="43.397573" lon="-3.783145"></trkpt>
<trkpt lat="43.397672" lon="-3.782801"></trkpt>
<trkpt lat="43.397880" lon="-3.781832"></trkpt>
<trkpt lat="43.398048" lon="-3.781048"></trkpt>
<trkpt lat="43.398154" lon="-3.780544"></trkpt>
<trkpt lat="43.398219" lon="-3.780234"></trkpt>
<trkpt lat="43.398373" lon="-3.779502"></trkpt>
<trkpt lat="43.398503" lon="-3.778816"></trkpt>
<trkpt lat="43.398600" lon="-3.778077"></trkpt>
<trkpt lat="43.398641" lon="-3.777464"></trkpt>
<trkpt lat="43.398663" lon="-3.776903"></trkpt>
<trkpt lat="43.398610" lon="-3.775959"></trkpt>
<trkpt lat="43.398517" lon="-3.775259"></trkpt>
<trkpt lat="43.398334" lon="-3.774407"></trkpt>
<trkpt lat="43.398203" lon="-3.773924"></trkpt>
<trkpt lat="43.397530" lon="-3.772073"></trkpt>
<trkpt lat="43.397022" lon="-3.770670"></trkpt>
<trkpt lat="43.396901" lon="-3.770285"></trkpt>
<trkpt lat="43.396785" lon="-3.769853"></trkpt>
<trkpt lat="43.396650" lon="-3.769195"></trkpt>
<trkpt lat="43.396556" lon="-3.768724"></trkpt>
<trkpt lat="43.396529" lon="-3.768550"></trkpt>
<trkpt lat="43.396524" lon="-3.768513"></trkpt>
<trkpt lat="43.396420" lon="-3.767195"></trkpt>
<trkpt lat="43.396407" lon="-3.766910"></trkpt>
<trkpt lat="43.396385" lon="-3.766584"></trkpt>
<trkpt lat="43.396340" lon="-3.765812"></trkpt>
<trkpt lat="43.396325" lon="-3.765593"></trkpt>
<trkpt lat="43.396321" lon="-3.765523"></trkpt>
<trkpt lat="43.396302" lon="-3.765208"></trkpt>
<trkpt lat="43.396295" lon="-3.765087"></trkpt>
<trkpt lat="43.396291" lon="-3.765014"></trkpt>
<trkpt lat="43.396241" lon="-3.764581"></trkpt>
<trkpt lat="43.396159" lon="-3.764334"></trkpt>
<trkpt lat="43.395976" lon="-3.764038"></trkpt>
<trkpt lat="43.395670" lon="-3.763712"></trkpt>
<trkpt lat="43.395453" lon="-3.763602"></trkpt>
<trkpt lat="43.395232" lon="-3.763582"></trkpt>
<trkpt lat="43.395045" lon="-3.763632"></trkpt>
<trkpt lat="43.394690" lon="-3.763844"></trkpt>
<trkpt lat="43.394345" lon="-3.764035"></trkpt>
<trkpt lat="43.394166" lon="-3.764065"></trkpt>
<trkpt lat="43.393688" lon="-3.764057"></trkpt>
<trkpt lat="43.393236" lon="-3.764019"></trkpt>
<trkpt lat="43.393069" lon="-3.763975"></trkpt>
<trkpt lat="43.392789" lon="-3.763825"></trkpt>
<trkpt lat="43.392641" lon="-3.763713"></trkpt>
<trkpt lat="43.391608" lon="-3.762645"></trkpt>
<trkpt lat="43.391564" lon="-3.762599"></trkpt>
<trkpt lat="43.391497" lon="-3.762529"></trkpt>
<trkpt lat="43.391340" lon="-3.762352"></trkpt>
<trkpt lat="43.391183" lon="-3.762176"></trkpt>
<trkpt lat="43.390380" lon="-3.761360"></trkpt>
<trkpt lat="43.390303" lon="-3.761372"></trkpt>
<trkpt lat="43.389595" lon="-3.760560"></trkpt>
<trkpt lat="43.389463" lon="-3.760384"></trkpt>
<trkpt lat="43.389299" lon="-3.760051"></trkpt>
<trkpt lat="43.389230" lon="-3.759838"></trkpt>
<trkpt lat="43.389188" lon="-3.759621"></trkpt>
<trkpt lat="43.389178" lon="-3.759442"></trkpt>
<trkpt lat="43.389207" lon="-3.758858"></trkpt>
<trkpt lat="43.389484" lon="-3.756809"></trkpt>
<trkpt lat="43.389497" lon="-3.756236"></trkpt>
<trkpt lat="43.389483" lon="-3.755956"></trkpt>
<trkpt lat="43.389355" lon="-3.754566"></trkpt>
<trkpt lat="43.389292" lon="-3.754301"></trkpt>
<trkpt lat="43.389159" lon="-3.754041"></trkpt>
<trkpt lat="43.389029" lon="-3.753903"></trkpt>
<trkpt lat="43.388895" lon="-3.753807"></trkpt>
<trkpt lat="43.388550" lon="-3.753653"></trkpt>
<trkpt lat="43.388425" lon="-3.753554"></trkpt>
<trkpt lat="43.388323" lon="-3.753427"></trkpt>
<trkpt lat="43.388192" lon="-3.753191"></trkpt>
<trkpt lat="43.388091" lon="-3.752838"></trkpt>
<trkpt lat="43.388070" lon="-3.752539"></trkpt>
<trkpt lat="43.388105" lon="-3.751360"></trkpt>
<trkpt lat="43.387964" lon="-3.751000"></trkpt>
<trkpt lat="43.388034" lon="-3.749755"></trkpt>
<trkpt lat="43.388052" lon="-3.749672"></trkpt>
<trkpt lat="43.388116" lon="-3.749585"></trkpt>
<trkpt lat="43.388181" lon="-3.749542"></trkpt>
<trkpt lat="43.388255" lon="-3.749538"></trkpt>
<trkpt lat="43.388274" lon="-3.749505"></trkpt>
<trkpt lat="43.388391" lon="-3.748791"></trkpt>
<trkpt lat="43.388528" lon="-3.748316"></trkpt>
<trkpt lat="43.388545" lon="-3.748215"></trkpt>
<trkpt lat="43.388218" lon="-3.748032"></trkpt>
<trkpt lat="43.388202" lon="-3.747987"></trkpt>
<trkpt lat="43.388211" lon="-3.747895"></trkpt>
<trkpt lat="43.388206" lon="-3.747778"></trkpt>
<trkpt lat="43.388108" lon="-3.747723"></trkpt>
<trkpt lat="43.387938" lon="-3.747546"></trkpt>
<trkpt lat="43.387633" lon="-3.747033"></trkpt>
<trkpt lat="43.387220" lon="-3.746135"></trkpt>
<trkpt lat="43.386816" lon="-3.745183"></trkpt>
<trkpt lat="43.386762" lon="-3.744937"></trkpt>
<trkpt lat="43.386645" lon="-3.744675"></trkpt>
<trkpt lat="43.386309" lon="-3.743919"></trkpt>
<trkpt lat="43.386061" lon="-3.743390"></trkpt>
<trkpt lat="43.385950" lon="-3.743266"></trkpt>
<trkpt lat="43.385873" lon="-3.743224"></trkpt>
<trkpt lat="43.385770" lon="-3.743194"></trkpt>
<trkpt lat="43.385694" lon="-3.743094"></trkpt>
<trkpt lat="43.385669" lon="-3.742987"></trkpt>
<trkpt lat="43.385685" lon="-3.742852"></trkpt>
<trkpt lat="43.385662" lon="-3.742516"></trkpt>
<trkpt lat="43.385480" lon="-3.742114"></trkpt>
<trkpt lat="43.385281" lon="-3.741681"></trkpt>
<trkpt lat="43.384979" lon="-3.740982"></trkpt>
<trkpt lat="43.384295" lon="-3.739465"></trkpt>
<trkpt lat="43.384273" lon="-3.739394"></trkpt>
<trkpt lat="43.384150" lon="-3.739121"></trkpt>
<trkpt lat="43.384091" lon="-3.738988"></trkpt>
<trkpt lat="43.383893" lon="-3.738538"></trkpt>
<trkpt lat="43.383819" lon="-3.738371"></trkpt>
<trkpt lat="43.383628" lon="-3.738063"></trkpt>
<trkpt lat="43.383596" lon="-3.738059"></trkpt>
<trkpt lat="43.383536" lon="-3.737983"></trkpt>
<trkpt lat="43.383532" lon="-3.737908"></trkpt>
<trkpt lat="43.383536" lon="-3.737892"></trkpt>
<trkpt lat="43.383554" lon="-3.737850"></trkpt>
<trkpt lat="43.383673" lon="-3.737623"></trkpt>
<trkpt lat="43.383690" lon="-3.737588"></trkpt>
<trkpt lat="43.383725" lon="-3.737476"></trkpt>
<trkpt lat="43.383770" lon="-3.737223"></trkpt>
<trkpt lat="43.383780" lon="-3.737167"></trkpt>
<trkpt lat="43.383850" lon="-3.736913"></trkpt>
<trkpt lat="43.383907" lon="-3.736765"></trkpt>
<trkpt lat="43.383930" lon="-3.736699"></trkpt>
<trkpt lat="43.384176" lon="-3.736139"></trkpt>
<trkpt lat="43.384306" lon="-3.735764"></trkpt>
<trkpt lat="43.384426" lon="-3.735213"></trkpt>
<trkpt lat="43.384444" lon="-3.734846"></trkpt>
<trkpt lat="43.384426" lon="-3.734674"></trkpt>
<trkpt lat="43.384341" lon="-3.734075"></trkpt>
<trkpt lat="43.384261" lon="-3.733727"></trkpt>
<trkpt lat="43.384142" lon="-3.733446"></trkpt>
<trkpt lat="43.384005" lon="-3.733213"></trkpt>
<trkpt lat="43.383808" lon="-3.732956"></trkpt>
<trkpt lat="43.383692" lon="-3.732819"></trkpt>
<trkpt lat="43.383396" lon="-3.732602"></trkpt>
<trkpt lat="43.383115" lon="-3.732449"></trkpt>
<trkpt lat="43.383014" lon="-3.732423"></trkpt>
<trkpt lat="43.382786" lon="-3.732365"></trkpt>
<trkpt lat="43.382408" lon="-3.732299"></trkpt>
<trkpt lat="43.381988" lon="-3.732277"></trkpt>
<trkpt lat="43.381672" lon="-3.732261"></trkpt>
<trkpt lat="43.381584" lon="-3.732260"></trkpt>
<trkpt lat="43.381118" lon="-3.732231"></trkpt>
<trkpt lat="43.380874" lon="-3.732171"></trkpt>
<trkpt lat="43.380649" lon="-3.732052"></trkpt>
<trkpt lat="43.380398" lon="-3.731809"></trkpt>
<trkpt lat="43.380251" lon="-3.731545"></trkpt>
<trkpt lat="43.380189" lon="-3.731377"></trkpt>
<trkpt lat="43.379507" lon="-3.729405"></trkpt>
<trkpt lat="43.379317" lon="-3.728519"></trkpt>
<trkpt lat="43.379084" lon="-3.727178"></trkpt>
<trkpt lat="43.378942" lon="-3.726573"></trkpt>
<trkpt lat="43.378828" lon="-3.726214"></trkpt>
<trkpt lat="43.378459" lon="-3.725455"></trkpt>
<trkpt lat="43.378359" lon="-3.725196"></trkpt>
<trkpt lat="43.378301" lon="-3.724926"></trkpt>
<trkpt lat="43.378273" lon="-3.724489"></trkpt>
<trkpt lat="43.378293" lon="-3.724138"></trkpt>
<trkpt lat="43.378329" lon="-3.723590"></trkpt>
<trkpt lat="43.378318" lon="-3.723347"></trkpt>
<trkpt lat="43.378222" lon="-3.722924"></trkpt>
<trkpt lat="43.378055" lon="-3.722515"></trkpt>
<trkpt lat="43.377733" lon="-3.721710"></trkpt>
<trkpt lat="43.377630" lon="-3.721502"></trkpt>
<trkpt lat="43.376861" lon="-3.720723"></trkpt>
<trkpt lat="43.375727" lon="-3.719677"></trkpt>
<trkpt lat="43.375474" lon="-3.719435"></trkpt>
<trkpt lat="43.375427" lon="-3.719390"></trkpt>
<trkpt lat="43.374282" lon="-3.718300"></trkpt>
<trkpt lat="43.374199" lon="-3.718220"></trkpt>
<trkpt lat="43.373325" lon="-3.717404"></trkpt>
<trkpt lat="43.373252" lon="-3.717332"></trkpt>
<trkpt lat="43.373215" lon="-3.717298"></trkpt>
<trkpt lat="43.372563" lon="-3.716715"></trkpt>
<trkpt lat="43.371711" lon="-3.716041"></trkpt>
<trkpt lat="43.371161" lon="-3.715669"></trkpt>
<trkpt lat="43.370819" lon="-3.715475"></trkpt>
<trkpt lat="43.370597" lon="-3.715357"></trkpt>
<trkpt lat="43.370494" lon="-3.715299"></trkpt>
<trkpt lat="43.370348" lon="-3.715228"></trkpt>
<trkpt lat="43.369864" lon="-3.714977"></trkpt>
<trkpt lat="43.369766" lon="-3.714916"></trkpt>
<trkpt lat="43.368927" lon="-3.714497"></trkpt>
<trkpt lat="43.368895" lon="-3.714482"></trkpt>
<trkpt lat="43.367716" lon="-3.713956"></trkpt>
<trkpt lat="43.367526" lon="-3.713842"></trkpt>
<trkpt lat="43.367481" lon="-3.713812"></trkpt>
<trkpt lat="43.367413" lon="-3.713722"></trkpt>
<trkpt lat="43.367348" lon="-3.713621"></trkpt>
<trkpt lat="43.367281" lon="-3.713427"></trkpt>
<trkpt lat="43.367210" lon="-3.713113"></trkpt>
<trkpt lat="43.367143" lon="-3.712981"></trkpt>
<trkpt lat="43.367072" lon="-3.712904"></trkpt>
<trkpt lat="43.366957" lon="-3.712870"></trkpt>
<trkpt lat="43.366712" lon="-3.712884"></trkpt>
<trkpt lat="43.365941" lon="-3.712973"></trkpt>
<trkpt lat="43.365716" lon="-3.712983"></trkpt>
<trkpt lat="43.364795" lon="-3.713021"></trkpt>
<trkpt lat="43.363343" lon="-3.713053"></trkpt>
<trkpt lat="43.363106" lon="-3.713043"></trkpt>
<trkpt lat="43.362522" lon="-3.712941"></trkpt>
<trkpt lat="43.361893" lon="-3.712695"></trkpt>
<trkpt lat="43.361613" lon="-3.712535"></trkpt>
<trkpt lat="43.359982" lon="-3.711572"></trkpt>
<trkpt lat="43.359965" lon="-3.711562"></trkpt>
<trkpt lat="43.359587" lon="-3.711332"></trkpt>
<trkpt lat="43.359513" lon="-3.711285"></trkpt>
<trkpt lat="43.358027" lon="-3.710399"></trkpt>
<trkpt lat="43.357901" lon="-3.710326"></trkpt>
<trkpt lat="43.357742" lon="-3.710230"></trkpt>
<trkpt lat="43.357618" lon="-3.710154"></trkpt>
<trkpt lat="43.357364" lon="-3.709999"></trkpt>
<trkpt lat="43.357295" lon="-3.709955"></trkpt>
<trkpt lat="43.357137" lon="-3.710335"></trkpt>
<trkpt lat="43.357062" lon="-3.710379"></trkpt>
<trkpt lat="43.356531" lon="-3.710337"></trkpt>
<trkpt lat="43.356221" lon="-3.710339"></trkpt>
<trkpt lat="43.355872" lon="-3.710326"></trkpt>
<trkpt lat="43.355332" lon="-3.710167"></trkpt>
<trkpt lat="43.354640" lon="-3.709650"></trkpt>
<trkpt lat="43.354200" lon="-3.709214"></trkpt>
<trkpt lat="43.353975" lon="-3.708850"></trkpt>
<trkpt lat="43.353853" lon="-3.708571"></trkpt>
<trkpt lat="43.353829" lon="-3.708398"></trkpt>
<trkpt lat="43.353761" lon="-3.708224"></trkpt>
<trkpt lat="43.353808" lon="-3.708077"></trkpt>
<trkpt lat="43.353573" lon="-3.707806"></trkpt>
<trkpt lat="43.353359" lon="-3.707418"></trkpt>
<trkpt lat="43.353221" lon="-3.707180"></trkpt>
<trkpt lat="43.353108" lon="-3.707049"></trkpt>
<trkpt lat="43.352868" lon="-3.706863"></trkpt>
<trkpt lat="43.352767" lon="-3.706778"></trkpt>
<trkpt lat="43.352727" lon="-3.706747"></trkpt>
<trkpt lat="43.352431" lon="-3.706466"></trkpt>
<trkpt lat="43.352267" lon="-3.706187"></trkpt>
<trkpt lat="43.352045" lon="-3.706335"></trkpt>
<trkpt lat="43.351911" lon="-3.706394"></trkpt>
<trkpt lat="43.351782" lon="-3.706432"></trkpt>
<trkpt lat="43.351681" lon="-3.706424"></trkpt>
<trkpt lat="43.351161" lon="-3.706245"></trkpt>
<trkpt lat="43.351049" lon="-3.706283"></trkpt>
<trkpt lat="43.350956" lon="-3.706164"></trkpt>
<trkpt lat="43.350846" lon="-3.706086"></trkpt>
<trkpt lat="43.350736" lon="-3.706008"></trkpt>
<trkpt lat="43.350526" lon="-3.705801"></trkpt>
<trkpt lat="43.350211" lon="-3.705182"></trkpt>
<trkpt lat="43.350113" lon="-3.705151"></trkpt>
<trkpt lat="43.349750" lon="-3.705334"></trkpt>
<trkpt lat="43.349677" lon="-3.705336"></trkpt>
<trkpt lat="43.349656" lon="-3.705315"></trkpt>
<trkpt lat="43.349588" lon="-3.705080"></trkpt>
<trkpt lat="43.349581" lon="-3.705039"></trkpt>
<trkpt lat="43.349564" lon="-3.704922"></trkpt>
<trkpt lat="43.349466" lon="-3.704337"></trkpt>
<trkpt lat="43.349358" lon="-3.704090"></trkpt>
<trkpt lat="43.349318" lon="-3.703987"></trkpt>
<trkpt lat="43.349100" lon="-3.703543"></trkpt>
<trkpt lat="43.348837" lon="-3.703235"></trkpt>
<trkpt lat="43.348768" lon="-3.703093"></trkpt>
<trkpt lat="43.348691" lon="-3.703081"></trkpt>
<trkpt lat="43.348606" lon="-3.703072"></trkpt>
<trkpt lat="43.348520" lon="-3.703063"></trkpt>
<trkpt lat="43.348431" lon="-3.703027"></trkpt>
<trkpt lat="43.348367" lon="-3.702947"></trkpt>
<trkpt lat="43.348319" lon="-3.702825"></trkpt>
<trkpt lat="43.348213" lon="-3.702459"></trkpt>
<trkpt lat="43.348186" lon="-3.702380"></trkpt>
<trkpt lat="43.348076" lon="-3.702167"></trkpt>
<trkpt lat="43.347768" lon="-3.701699"></trkpt>
<trkpt lat="43.347749" lon="-3.701658"></trkpt>
<trkpt lat="43.347689" lon="-3.701566"></trkpt>
<trkpt lat="43.347485" lon="-3.701236"></trkpt>
<trkpt lat="43.347141" lon="-3.700573"></trkpt>
<trkpt lat="43.347077" lon="-3.700084"></trkpt>
<trkpt lat="43.347041" lon="-3.699962"></trkpt>
<trkpt lat="43.346935" lon="-3.699512"></trkpt>
<trkpt lat="43.346873" lon="-3.699352"></trkpt>
<trkpt lat="43.346667" lon="-3.699035"></trkpt>
<trkpt lat="43.346548" lon="-3.698823"></trkpt>
<trkpt lat="43.346491" lon="-3.698662"></trkpt>
<trkpt lat="43.346421" lon="-3.698330"></trkpt>
<trkpt lat="43.346355" lon="-3.698143"></trkpt>
<trkpt lat="43.346265" lon="-3.697904"></trkpt>
<trkpt lat="43.346078" lon="-3.697540"></trkpt>
<trkpt lat="43.345787" lon="-3.696849"></trkpt>
<trkpt lat="43.345734" lon="-3.696670"></trkpt>
<trkpt lat="43.345717" lon="-3.696455"></trkpt>
<trkpt lat="43.345730" lon="-3.695843"></trkpt>
<trkpt lat="43.345807" lon="-3.695457"></trkpt>
<trkpt lat="43.345914" lon="-3.695264"></trkpt>
<trkpt lat="43.345964" lon="-3.695186"></trkpt>
<trkpt lat="43.345985" lon="-3.695113"></trkpt>
<trkpt lat="43.345961" lon="-3.695025"></trkpt>
<trkpt lat="43.345802" lon="-3.694723"></trkpt>
<trkpt lat="43.345597" lon="-3.694384"></trkpt>
<trkpt lat="43.345197" lon="-3.693979"></trkpt>
<trkpt lat="43.345170" lon="-3.693935"></trkpt>
<trkpt lat="43.344864" lon="-3.693399"></trkpt>
<trkpt lat="43.344848" lon="-3.693256"></trkpt>
<trkpt lat="43.344848" lon="-3.693149"></trkpt>
<trkpt lat="43.344852" lon="-3.693029"></trkpt>
<trkpt lat="43.344820" lon="-3.691952"></trkpt>
<trkpt lat="43.344837" lon="-3.691753"></trkpt>
<trkpt lat="43.344913" lon="-3.690974"></trkpt>
<trkpt lat="43.344912" lon="-3.690761"></trkpt>
<trkpt lat="43.344850" lon="-3.690243"></trkpt>
<trkpt lat="43.344840" lon="-3.689865"></trkpt>
<trkpt lat="43.344864" lon="-3.689723"></trkpt>
<trkpt lat="43.344910" lon="-3.689572"></trkpt>
<trkpt lat="43.345360" lon="-3.688659"></trkpt>
<trkpt lat="43.345604" lon="-3.688305"></trkpt>
<trkpt lat="43.345260" lon="-3.686787"></trkpt>
<trkpt lat="43.345118" lon="-3.686193"></trkpt>
<trkpt lat="43.345041" lon="-3.685757"></trkpt>
<trkpt lat="43.344623" lon="-3.682637"></trkpt>
<trkpt lat="43.344185" lon="-3.679426"></trkpt>
<trkpt lat="43.344139" lon="-3.679088"></trkpt>
<trkpt lat="43.344018" lon="-3.678196"></trkpt>
<trkpt lat="43.343964" lon="-3.677845"></trkpt>
<trkpt lat="43.343850" lon="-3.677102"></trkpt>
<trkpt lat="43.343751" lon="-3.676456"></trkpt>
<trkpt lat="43.343669" lon="-3.675970"></trkpt>
<trkpt lat="43.343626" lon="-3.675774"></trkpt>
<trkpt lat="43.343589" lon="-3.675587"></trkpt>
<trkpt lat="43.343566" lon="-3.675477"></trkpt>
<trkpt lat="43.343482" lon="-3.675127"></trkpt>
<trkpt lat="43.343412" lon="-3.674833"></trkpt>
<trkpt lat="43.343246" lon="-3.674216"></trkpt>
<trkpt lat="43.343016" lon="-3.673478"></trkpt>
<trkpt lat="43.342439" lon="-3.672293"></trkpt>
<trkpt lat="43.342395" lon="-3.672210"></trkpt>
<trkpt lat="43.342067" lon="-3.671597"></trkpt>
<trkpt lat="43.341758" lon="-3.671143"></trkpt>
<trkpt lat="43.341633" lon="-3.670975"></trkpt>
<trkpt lat="43.341442" lon="-3.670492"></trkpt>
<trkpt lat="43.341294" lon="-3.669936"></trkpt>
<trkpt lat="43.341110" lon="-3.669394"></trkpt>
<trkpt lat="43.340953" lon="-3.669033"></trkpt>
<trkpt lat="43.340649" lon="-3.668443"></trkpt>
<trkpt lat="43.340586" lon="-3.668324"></trkpt>
<trkpt lat="43.340306" lon="-3.667800"></trkpt>
<trkpt lat="43.339877" lon="-3.667019"></trkpt>
<trkpt lat="43.339496" lon="-3.666347"></trkpt>
<trkpt lat="43.339397" lon="-3.666115"></trkpt>
<trkpt lat="43.339357" lon="-3.665841"></trkpt>
<trkpt lat="43.339383" lon="-3.665627"></trkpt>
<trkpt lat="43.339427" lon="-3.665475"></trkpt>
<trkpt lat="43.339671" lon="-3.664779"></trkpt>
<trkpt lat="43.339685" lon="-3.664662"></trkpt>
<trkpt lat="43.339657" lon="-3.664420"></trkpt>
<trkpt lat="43.339635" lon="-3.664338"></trkpt>
<trkpt lat="43.339521" lon="-3.663874"></trkpt>
<trkpt lat="43.339441" lon="-3.662738"></trkpt>
<trkpt lat="43.339382" lon="-3.661597"></trkpt>
<trkpt lat="43.339407" lon="-3.661279"></trkpt>
<trkpt lat="43.339538" lon="-3.660819"></trkpt>
<trkpt lat="43.339523" lon="-3.660591"></trkpt>
<trkpt lat="43.339435" lon="-3.660429"></trkpt>
<trkpt lat="43.339169" lon="-3.660111"></trkpt>
<trkpt lat="43.338756" lon="-3.659415"></trkpt>
<trkpt lat="43.338384" lon="-3.658962"></trkpt>
<trkpt lat="43.338207" lon="-3.658632"></trkpt>
<trkpt lat="43.338144" lon="-3.658470"></trkpt>
<trkpt lat="43.338049" lon="-3.658091"></trkpt>
<trkpt lat="43.337871" lon="-3.656525"></trkpt>
<trkpt lat="43.337876" lon="-3.656387"></trkpt>
<trkpt lat="43.338118" lon="-3.655591"></trkpt>
<trkpt lat="43.338192" lon="-3.655156"></trkpt>
<trkpt lat="43.338203" lon="-3.654925"></trkpt>
<trkpt lat="43.338129" lon="-3.654711"></trkpt>
<trkpt lat="43.337963" lon="-3.654572"></trkpt>
<trkpt lat="43.337871" lon="-3.654553"></trkpt>
<trkpt lat="43.337721" lon="-3.654610"></trkpt>
<trkpt lat="43.337315" lon="-3.654926"></trkpt>
<trkpt lat="43.336728" lon="-3.655190"></trkpt>
<trkpt lat="43.336408" lon="-3.655581"></trkpt>
<trkpt lat="43.336112" lon="-3.655828"></trkpt>
<trkpt lat="43.335949" lon="-3.655878"></trkpt>
<trkpt lat="43.335856" lon="-3.655877"></trkpt>
<trkpt lat="43.335482" lon="-3.655737"></trkpt>
<trkpt lat="43.335224" lon="-3.655621"></trkpt>
<trkpt lat="43.335070" lon="-3.655589"></trkpt>
<trkpt lat="43.334926" lon="-3.655597"></trkpt>
<trkpt lat="43.334511" lon="-3.655705"></trkpt>
<trkpt lat="43.333843" lon="-3.655722"></trkpt>
<trkpt lat="43.333712" lon="-3.655689"></trkpt>
<trkpt lat="43.333587" lon="-3.655606"></trkpt>
<trkpt lat="43.333342" lon="-3.655274"></trkpt>
<trkpt lat="43.333157" lon="-3.654880"></trkpt>
<trkpt lat="43.333098" lon="-3.654611"></trkpt>
<trkpt lat="43.333073" lon="-3.654388"></trkpt>
<trkpt lat="43.333088" lon="-3.654137"></trkpt>
<trkpt lat="43.333165" lon="-3.653568"></trkpt>
<trkpt lat="43.333127" lon="-3.653276"></trkpt>
<trkpt lat="43.333014" lon="-3.652966"></trkpt>
<trkpt lat="43.332920" lon="-3.652810"></trkpt>
<trkpt lat="43.332482" lon="-3.652348"></trkpt>
<trkpt lat="43.332120" lon="-3.652077"></trkpt>
<trkpt lat="43.331962" lon="-3.651918"></trkpt>
<trkpt lat="43.331761" lon="-3.651635"></trkpt>
<trkpt lat="43.331671" lon="-3.651450"></trkpt>
<trkpt lat="43.330820" lon="-3.649483"></trkpt>
<trkpt lat="43.330757" lon="-3.649156"></trkpt>
<trkpt lat="43.330772" lon="-3.648151"></trkpt>
<trkpt lat="43.330757" lon="-3.648013"></trkpt>
<trkpt lat="43.330676" lon="-3.647756"></trkpt>
<trkpt lat="43.330627" lon="-3.647705"></trkpt>
<trkpt lat="43.330407" lon="-3.647618"></trkpt>
<trkpt lat="43.330272" lon="-3.647617"></trkpt>
<trkpt lat="43.330123" lon="-3.647678"></trkpt>
<trkpt lat="43.330028" lon="-3.647771"></trkpt>
<trkpt lat="43.329963" lon="-3.647878"></trkpt>
<trkpt lat="43.329954" lon="-3.647907"></trkpt>
<trkpt lat="43.329819" lon="-3.648345"></trkpt>
<trkpt lat="43.329509" lon="-3.648943"></trkpt>
<trkpt lat="43.329380" lon="-3.649130"></trkpt>
<trkpt lat="43.328824" lon="-3.649532"></trkpt>
<trkpt lat="43.328556" lon="-3.649592"></trkpt>
<trkpt lat="43.328335" lon="-3.649536"></trkpt>
<trkpt lat="43.327896" lon="-3.649253"></trkpt>
<trkpt lat="43.327437" lon="-3.649131"></trkpt>
<trkpt lat="43.327278" lon="-3.649060"></trkpt>
<trkpt lat="43.326720" lon="-3.648679"></trkpt>
<trkpt lat="43.326397" lon="-3.648280"></trkpt>
<trkpt lat="43.326262" lon="-3.648168"></trkpt>
<trkpt lat="43.325683" lon="-3.647940"></trkpt>
<trkpt lat="43.325380" lon="-3.647879"></trkpt>
<trkpt lat="43.325194" lon="-3.647939"></trkpt>
<trkpt lat="43.325064" lon="-3.648040"></trkpt>
<trkpt lat="43.324693" lon="-3.648462"></trkpt>
<trkpt lat="43.324485" lon="-3.648593"></trkpt>
<trkpt lat="43.324113" lon="-3.648755"></trkpt>
<trkpt lat="43.323926" lon="-3.648796"></trkpt>
<trkpt lat="43.323552" lon="-3.648819"></trkpt>
<trkpt lat="43.322964" lon="-3.648664"></trkpt>
<trkpt lat="43.322711" lon="-3.648503"></trkpt>
<trkpt lat="43.321973" lon="-3.647694"></trkpt>
<trkpt lat="43.321862" lon="-3.647558"></trkpt>
<trkpt lat="43.321574" lon="-3.647107"></trkpt>
<trkpt lat="43.321431" lon="-3.646933"></trkpt>
<trkpt lat="43.320929" lon="-3.646526"></trkpt>
<trkpt lat="43.320206" lon="-3.645853"></trkpt>
<trkpt lat="43.319744" lon="-3.645478"></trkpt>
<trkpt lat="43.319495" lon="-3.645205"></trkpt>
<trkpt lat="43.318539" lon="-3.643835"></trkpt>
<trkpt lat="43.318134" lon="-3.643141"></trkpt>
<trkpt lat="43.317691" lon="-3.642777"></trkpt>
<trkpt lat="43.317353" lon="-3.642362"></trkpt>
<trkpt lat="43.317084" lon="-3.642019"></trkpt>
<trkpt lat="43.316674" lon="-3.641396"></trkpt>
<trkpt lat="43.316227" lon="-3.640820"></trkpt>
<trkpt lat="43.316017" lon="-3.640389"></trkpt>
<trkpt lat="43.315970" lon="-3.640340"></trkpt>
<trkpt lat="43.315856" lon="-3.640321"></trkpt>
<trkpt lat="43.315761" lon="-3.640384"></trkpt>
<trkpt lat="43.315736" lon="-3.640443"></trkpt>
<trkpt lat="43.315650" lon="-3.641331"></trkpt>
<trkpt lat="43.315597" lon="-3.641586"></trkpt>
<trkpt lat="43.315535" lon="-3.641719"></trkpt>
<trkpt lat="43.315357" lon="-3.641909"></trkpt>
<trkpt lat="43.315227" lon="-3.641938"></trkpt>
<trkpt lat="43.315086" lon="-3.641915"></trkpt>
<trkpt lat="43.314795" lon="-3.641773"></trkpt>
<trkpt lat="43.313492" lon="-3.640684"></trkpt>
<trkpt lat="43.313360" lon="-3.640548"></trkpt>
<trkpt lat="43.313274" lon="-3.640407"></trkpt>
<trkpt lat="43.313096" lon="-3.639946"></trkpt>
<trkpt lat="43.313027" lon="-3.639848"></trkpt>
<trkpt lat="43.312946" lon="-3.639791"></trkpt>
<trkpt lat="43.312877" lon="-3.639788"></trkpt>
<trkpt lat="43.312728" lon="-3.639916"></trkpt>
<trkpt lat="43.312314" lon="-3.640575"></trkpt>
<trkpt lat="43.312257" lon="-3.640767"></trkpt>
<trkpt lat="43.312237" lon="-3.641232"></trkpt>
<trkpt lat="43.312132" lon="-3.641482"></trkpt>
<trkpt lat="43.311929" lon="-3.641655"></trkpt>
<trkpt lat="43.311269" lon="-3.641954"></trkpt>
<trkpt lat="43.310820" lon="-3.642265"></trkpt>
<trkpt lat="43.310368" lon="-3.642586"></trkpt>
<trkpt lat="43.310097" lon="-3.642926"></trkpt>
<trkpt lat="43.309653" lon="-3.643587"></trkpt>
<trkpt lat="43.309260" lon="-3.644424"></trkpt>
<trkpt lat="43.309172" lon="-3.644562"></trkpt>
<trkpt lat="43.308938" lon="-3.644785"></trkpt>
<trkpt lat="43.308687" lon="-3.644855"></trkpt>
<trkpt lat="43.308537" lon="-3.644834"></trkpt>
<trkpt lat="43.308452" lon="-3.644747"></trkpt>
<trkpt lat="43.308441" lon="-3.644700"></trkpt>
<trkpt lat="43.308461" lon="-3.644596"></trkpt>
<trkpt lat="43.308526" lon="-3.644526"></trkpt>
<trkpt lat="43.308787" lon="-3.644483"></trkpt>
<trkpt lat="43.308855" lon="-3.644442"></trkpt>
<trkpt lat="43.308952" lon="-3.644305"></trkpt>
<trkpt lat="43.308991" lon="-3.644201"></trkpt>
<trkpt lat="43.309188" lon="-3.642909"></trkpt>
<trkpt lat="43.309286" lon="-3.642547"></trkpt>
<trkpt lat="43.309865" lon="-3.641519"></trkpt>
<trkpt lat="43.310467" lon="-3.640631"></trkpt>
<trkpt lat="43.310501" lon="-3.640541"></trkpt>
<trkpt lat="43.310482" lon="-3.640464"></trkpt>
<trkpt lat="43.310381" lon="-3.640456"></trkpt>
<trkpt lat="43.310015" lon="-3.640948"></trkpt>
<trkpt lat="43.309749" lon="-3.641205"></trkpt>
<trkpt lat="43.309562" lon="-3.641347"></trkpt>
<trkpt lat="43.309241" lon="-3.641506"></trkpt>
<trkpt lat="43.308789" lon="-3.641597"></trkpt>
<trkpt lat="43.308599" lon="-3.641699"></trkpt>
<trkpt lat="43.308490" lon="-3.641840"></trkpt>
<trkpt lat="43.308312" lon="-3.642320"></trkpt>
<trkpt lat="43.308205" lon="-3.642456"></trkpt>
<trkpt lat="43.308063" lon="-3.642532"></trkpt>
<trkpt lat="43.307963" lon="-3.642543"></trkpt>
<trkpt lat="43.307614" lon="-3.642506"></trkpt>
<trkpt lat="43.307519" lon="-3.642531"></trkpt>
<trkpt lat="43.306527" lon="-3.643153"></trkpt>
<trkpt lat="43.306023" lon="-3.643319"></trkpt>
<trkpt lat="43.305892" lon="-3.643407"></trkpt>
<trkpt lat="43.305754" lon="-3.643546"></trkpt>
<trkpt lat="43.305430" lon="-3.643969"></trkpt>
<trkpt lat="43.305158" lon="-3.644435"></trkpt>
<trkpt lat="43.304868" lon="-3.644847"></trkpt>
<trkpt lat="43.304725" lon="-3.645126"></trkpt>
<trkpt lat="43.304660" lon="-3.645199"></trkpt>
<trkpt lat="43.304604" lon="-3.645182"></trkpt>
<trkpt lat="43.304586" lon="-3.645149"></trkpt>
<trkpt lat="43.304593" lon="-3.645051"></trkpt>
<trkpt lat="43.304929" lon="-3.644364"></trkpt>
<trkpt lat="43.305010" lon="-3.644153"></trkpt>
<trkpt lat="43.305088" lon="-3.643814"></trkpt>
<trkpt lat="43.305087" lon="-3.643465"></trkpt>
<trkpt lat="43.304995" lon="-3.642929"></trkpt>
<trkpt lat="43.304906" lon="-3.642825"></trkpt>
<trkpt lat="43.304830" lon="-3.642847"></trkpt>
<trkpt lat="43.304780" lon="-3.642937"></trkpt>
<trkpt lat="43.304831" lon="-3.643190"></trkpt>
<trkpt lat="43.304832" lon="-3.643445"></trkpt>
<trkpt lat="43.304768" lon="-3.643789"></trkpt>
<trkpt lat="43.304681" lon="-3.644010"></trkpt>
<trkpt lat="43.304596" lon="-3.644159"></trkpt>
<trkpt lat="43.303812" lon="-3.645230"></trkpt>
<trkpt lat="43.303380" lon="-3.645679"></trkpt>
<trkpt lat="43.303271" lon="-3.645835"></trkpt>
<trkpt lat="43.303220" lon="-3.645995"></trkpt>
<trkpt lat="43.303172" lon="-3.646453"></trkpt>
<trkpt lat="43.303118" lon="-3.646511"></trkpt>
<trkpt lat="43.303041" lon="-3.646469"></trkpt>
<trkpt lat="43.303031" lon="-3.646346"></trkpt>
<trkpt lat="43.303125" lon="-3.645874"></trkpt>
<trkpt lat="43.303328" lon="-3.645290"></trkpt>
<trkpt lat="43.303402" lon="-3.644845"></trkpt>
<trkpt lat="43.303393" lon="-3.644687"></trkpt>
<trkpt lat="43.303313" lon="-3.644513"></trkpt>
<trkpt lat="43.303155" lon="-3.644397"></trkpt>
<trkpt lat="43.303024" lon="-3.644410"></trkpt>
<trkpt lat="43.302867" lon="-3.644573"></trkpt>
<trkpt lat="43.302810" lon="-3.644757"></trkpt>
<trkpt lat="43.302646" lon="-3.645668"></trkpt>
<trkpt lat="43.302524" lon="-3.646667"></trkpt>
<trkpt lat="43.302535" lon="-3.646800"></trkpt>
<trkpt lat="43.302562" lon="-3.646911"></trkpt>
<trkpt lat="43.302662" lon="-3.647063"></trkpt>
<trkpt lat="43.302917" lon="-3.647218"></trkpt>
<trkpt lat="43.303111" lon="-3.647443"></trkpt>
<trkpt lat="43.303176" lon="-3.647611"></trkpt>
<trkpt lat="43.303194" lon="-3.647741"></trkpt>
<trkpt lat="43.303177" lon="-3.648156"></trkpt>
<trkpt lat="43.303063" lon="-3.648859"></trkpt>
<trkpt lat="43.302962" lon="-3.649170"></trkpt>
<trkpt lat="43.302832" lon="-3.649457"></trkpt>
<trkpt lat="43.302485" lon="-3.649958"></trkpt>
<trkpt lat="43.302452" lon="-3.650058"></trkpt>
<trkpt lat="43.302443" lon="-3.650310"></trkpt>
<trkpt lat="43.302611" lon="-3.650814"></trkpt>
<trkpt lat="43.302579" lon="-3.651087"></trkpt>
<trkpt lat="43.302390" lon="-3.651531"></trkpt>
<trkpt lat="43.302326" lon="-3.651909"></trkpt>
<trkpt lat="43.302294" lon="-3.652394"></trkpt>
<trkpt lat="43.302336" lon="-3.652847"></trkpt>
<trkpt lat="43.302386" lon="-3.653098"></trkpt>
<trkpt lat="43.302375" lon="-3.653165"></trkpt>
<trkpt lat="43.302342" lon="-3.653213"></trkpt>
<trkpt lat="43.302298" lon="-3.653224"></trkpt>
<trkpt lat="43.302249" lon="-3.653197"></trkpt>
<trkpt lat="43.302231" lon="-3.653151"></trkpt>
<trkpt lat="43.301892" lon="-3.651522"></trkpt>
<trkpt lat="43.301785" lon="-3.651009"></trkpt>
<trkpt lat="43.301647" lon="-3.650415"></trkpt>
<trkpt lat="43.301449" lon="-3.649762"></trkpt>
<trkpt lat="43.301376" lon="-3.649616"></trkpt>
<trkpt lat="43.301333" lon="-3.649583"></trkpt>
<trkpt lat="43.301245" lon="-3.649560"></trkpt>
<trkpt lat="43.301202" lon="-3.649577"></trkpt>
<trkpt lat="43.301127" lon="-3.649681"></trkpt>
<trkpt lat="43.300935" lon="-3.650922"></trkpt>
<trkpt lat="43.300789" lon="-3.651419"></trkpt>
<trkpt lat="43.300692" lon="-3.651555"></trkpt>
<trkpt lat="43.300580" lon="-3.651622"></trkpt>
<trkpt lat="43.300503" lon="-3.651619"></trkpt>
<trkpt lat="43.300359" lon="-3.651529"></trkpt>
<trkpt lat="43.300317" lon="-3.651487"></trkpt>
<trkpt lat="43.300187" lon="-3.651353"></trkpt>
<trkpt lat="43.299905" lon="-3.651162"></trkpt>
<trkpt lat="43.298999" lon="-3.650594"></trkpt>
<trkpt lat="43.298860" lon="-3.650481"></trkpt>
<trkpt lat="43.298377" lon="-3.649898"></trkpt>
<trkpt lat="43.298187" lon="-3.649584"></trkpt>
<trkpt lat="43.297925" lon="-3.648985"></trkpt>
<trkpt lat="43.297864" lon="-3.648901"></trkpt>
<trkpt lat="43.297773" lon="-3.648851"></trkpt>
<trkpt lat="43.297675" lon="-3.648838"></trkpt>
<trkpt lat="43.297556" lon="-3.648868"></trkpt>
<trkpt lat="43.296712" lon="-3.649291"></trkpt>
<trkpt lat="43.296602" lon="-3.649332"></trkpt>
<trkpt lat="43.296523" lon="-3.649324"></trkpt>
<trkpt lat="43.296445" lon="-3.649296"></trkpt>
<trkpt lat="43.296362" lon="-3.649216"></trkpt>
<trkpt lat="43.296084" lon="-3.648554"></trkpt>
<trkpt lat="43.295881" lon="-3.648344"></trkpt>
<trkpt lat="43.295669" lon="-3.648212"></trkpt>
<trkpt lat="43.295449" lon="-3.648190"></trkpt>
<trkpt lat="43.295356" lon="-3.648234"></trkpt>
<trkpt lat="43.295263" lon="-3.648305"></trkpt>
<trkpt lat="43.295066" lon="-3.648592"></trkpt>
<trkpt lat="43.294942" lon="-3.648689"></trkpt>
<trkpt lat="43.294814" lon="-3.648689"></trkpt>
<trkpt lat="43.294710" lon="-3.648621"></trkpt>
<trkpt lat="43.294618" lon="-3.648418"></trkpt>
<trkpt lat="43.294540" lon="-3.647990"></trkpt>
<trkpt lat="43.294490" lon="-3.647886"></trkpt>
<trkpt lat="43.294186" lon="-3.647509"></trkpt>
<trkpt lat="43.294038" lon="-3.647008"></trkpt>
<trkpt lat="43.293989" lon="-3.646918"></trkpt>
<trkpt lat="43.293927" lon="-3.646842"></trkpt>
<trkpt lat="43.293793" lon="-3.646781"></trkpt>
<trkpt lat="43.293595" lon="-3.646819"></trkpt>
<trkpt lat="43.293473" lon="-3.646943"></trkpt>
<trkpt lat="43.293255" lon="-3.647544"></trkpt>
<trkpt lat="43.293176" lon="-3.647839"></trkpt>
<trkpt lat="43.293131" lon="-3.648220"></trkpt>
<trkpt lat="43.293062" lon="-3.648342"></trkpt>
<trkpt lat="43.292957" lon="-3.648374"></trkpt>
<trkpt lat="43.292816" lon="-3.648286"></trkpt>
<trkpt lat="43.292685" lon="-3.648116"></trkpt>
<trkpt lat="43.292459" lon="-3.647943"></trkpt>
<trkpt lat="43.292053" lon="-3.647720"></trkpt>
<trkpt lat="43.291510" lon="-3.647477"></trkpt>
<trkpt lat="43.291128" lon="-3.647419"></trkpt>
<trkpt lat="43.290625" lon="-3.647445"></trkpt>
<trkpt lat="43.290091" lon="-3.647319"></trkpt>
<trkpt lat="43.289994" lon="-3.647258"></trkpt>
<trkpt lat="43.289864" lon="-3.647097"></trkpt>
<trkpt lat="43.289701" lon="-3.646661"></trkpt>
<trkpt lat="43.289575" lon="-3.646511"></trkpt>
<trkpt lat="43.289269" lon="-3.646274"></trkpt>
<trkpt lat="43.289075" lon="-3.646218"></trkpt>
<trkpt lat="43.288836" lon="-3.646277"></trkpt>
<trkpt lat="43.288654" lon="-3.646439"></trkpt>
<trkpt lat="43.288426" lon="-3.646787"></trkpt>
<trkpt lat="43.288160" lon="-3.647391"></trkpt>
<trkpt lat="43.287991" lon="-3.647554"></trkpt>
<trkpt lat="43.287791" lon="-3.647672"></trkpt>
<trkpt lat="43.287235" lon="-3.647885"></trkpt>
<trkpt lat="43.287032" lon="-3.647877"></trkpt>
<trkpt lat="43.286735" lon="-3.647732"></trkpt>
<trkpt lat="43.286687" lon="-3.647743"></trkpt>
<trkpt lat="43.286662" lon="-3.647783"></trkpt>
<trkpt lat="43.286657" lon="-3.647885"></trkpt>
<trkpt lat="43.286771" lon="-3.647985"></trkpt>
<trkpt lat="43.287154" lon="-3.648129"></trkpt>
<trkpt lat="43.287989" lon="-3.648241"></trkpt>
<trkpt lat="43.288083" lon="-3.648278"></trkpt>
<trkpt lat="43.288181" lon="-3.648397"></trkpt>
<trkpt lat="43.288304" lon="-3.648814"></trkpt>
<trkpt lat="43.288433" lon="-3.649028"></trkpt>
<trkpt lat="43.289135" lon="-3.649536"></trkpt>
<trkpt lat="43.289347" lon="-3.649728"></trkpt>
<trkpt lat="43.289668" lon="-3.650111"></trkpt>
<trkpt lat="43.289837" lon="-3.650267"></trkpt>
<trkpt lat="43.290655" lon="-3.650824"></trkpt>
<trkpt lat="43.290932" lon="-3.650911"></trkpt>
<trkpt lat="43.290981" lon="-3.650970"></trkpt>
<trkpt lat="43.290984" lon="-3.651016"></trkpt>
<trkpt lat="43.290956" lon="-3.651093"></trkpt>
<trkpt lat="43.290890" lon="-3.651115"></trkpt>
<trkpt lat="43.290447" lon="-3.650916"></trkpt>
<trkpt lat="43.289876" lon="-3.650800"></trkpt>
<trkpt lat="43.289711" lon="-3.650731"></trkpt>
<trkpt lat="43.289326" lon="-3.650482"></trkpt>
<trkpt lat="43.288981" lon="-3.650361"></trkpt>
<trkpt lat="43.288645" lon="-3.650167"></trkpt>
<trkpt lat="43.288494" lon="-3.650122"></trkpt>
<trkpt lat="43.288255" lon="-3.650129"></trkpt>
<trkpt lat="43.287998" lon="-3.650157"></trkpt>
<trkpt lat="43.287789" lon="-3.650248"></trkpt>
<trkpt lat="43.287613" lon="-3.650461"></trkpt>
<trkpt lat="43.287372" lon="-3.651002"></trkpt>
<trkpt lat="43.287283" lon="-3.651108"></trkpt>
<trkpt lat="43.287142" lon="-3.651198"></trkpt>
<trkpt lat="43.286985" lon="-3.651202"></trkpt>
<trkpt lat="43.286818" lon="-3.651127"></trkpt>
<trkpt lat="43.286321" lon="-3.650627"></trkpt>
<trkpt lat="43.286225" lon="-3.650404"></trkpt>
<trkpt lat="43.286156" lon="-3.650040"></trkpt>
<trkpt lat="43.286092" lon="-3.649885"></trkpt>
<trkpt lat="43.286035" lon="-3.649798"></trkpt>
<trkpt lat="43.285681" lon="-3.649431"></trkpt>
<trkpt lat="43.285260" lon="-3.648852"></trkpt>
<trkpt lat="43.285206" lon="-3.648744"></trkpt>
<trkpt lat="43.285126" lon="-3.648438"></trkpt>
<trkpt lat="43.285101" lon="-3.648268"></trkpt>
<trkpt lat="43.285101" lon="-3.647986"></trkpt>
<trkpt lat="43.285119" lon="-3.647830"></trkpt>
<trkpt lat="43.285208" lon="-3.647484"></trkpt>
<trkpt lat="43.285222" lon="-3.647301"></trkpt>
<trkpt lat="43.285152" lon="-3.645511"></trkpt>
<trkpt lat="43.285157" lon="-3.644230"></trkpt>
<trkpt lat="43.285116" lon="-3.643390"></trkpt>
<trkpt lat="43.285052" lon="-3.642455"></trkpt>
<trkpt lat="43.284945" lon="-3.641548"></trkpt>
<trkpt lat="43.284832" lon="-3.640747"></trkpt>
<trkpt lat="43.284719" lon="-3.640337"></trkpt>
<trkpt lat="43.284622" lon="-3.639993"></trkpt>
<trkpt lat="43.284428" lon="-3.638552"></trkpt>
<trkpt lat="43.284433" lon="-3.638315"></trkpt>
<trkpt lat="43.284596" lon="-3.637594"></trkpt>
<trkpt lat="43.284610" lon="-3.636540"></trkpt>
<trkpt lat="43.284595" lon="-3.636030"></trkpt>
<trkpt lat="43.284542" lon="-3.635676"></trkpt>
<trkpt lat="43.284179" lon="-3.634458"></trkpt>
<trkpt lat="43.284147" lon="-3.634223"></trkpt>
<trkpt lat="43.284160" lon="-3.633998"></trkpt>
<trkpt lat="43.284219" lon="-3.633764"></trkpt>
<trkpt lat="43.284433" lon="-3.633336"></trkpt>
<trkpt lat="43.284808" lon="-3.632835"></trkpt>
<trkpt lat="43.285044" lon="-3.632469"></trkpt>
<trkpt lat="43.285354" lon="-3.631752"></trkpt>
<trkpt lat="43.285450" lon="-3.631451"></trkpt>
<trkpt lat="43.285436" lon="-3.631331"></trkpt>
<trkpt lat="43.285372" lon="-3.631230"></trkpt>
<trkpt lat="43.285289" lon="-3.631167"></trkpt>
<trkpt lat="43.284789" lon="-3.631047"></trkpt>
<trkpt lat="43.284450" lon="-3.630915"></trkpt>
<trkpt lat="43.284114" lon="-3.630657"></trkpt>
<trkpt lat="43.283417" lon="-3.629828"></trkpt>
<trkpt lat="43.282826" lon="-3.628767"></trkpt>
<trkpt lat="43.282204" lon="-3.627363"></trkpt>
<trkpt lat="43.281914" lon="-3.626785"></trkpt>
<trkpt lat="43.281424" lon="-3.626127"></trkpt>
<trkpt lat="43.280344" lon="-3.624820"></trkpt>
<trkpt lat="43.280119" lon="-3.624518"></trkpt>
<trkpt lat="43.279999" lon="-3.624299"></trkpt>
<trkpt lat="43.279869" lon="-3.623955"></trkpt>
<trkpt lat="43.279805" lon="-3.623692"></trkpt>
<trkpt lat="43.279755" lon="-3.623341"></trkpt>
<trkpt lat="43.279674" lon="-3.622403"></trkpt>
<trkpt lat="43.279451" lon="-3.620833"></trkpt>
<trkpt lat="43.279378" lon="-3.619912"></trkpt>
<trkpt lat="43.279396" lon="-3.619302"></trkpt>
<trkpt lat="43.279484" lon="-3.618940"></trkpt>
<trkpt lat="43.280175" lon="-3.617102"></trkpt>
<trkpt lat="43.280237" lon="-3.616831"></trkpt>
<trkpt lat="43.280241" lon="-3.616664"></trkpt>
<trkpt lat="43.280204" lon="-3.616533"></trkpt>
<trkpt lat="43.279911" lon="-3.615925"></trkpt>
<trkpt lat="43.279838" lon="-3.615732"></trkpt>
<trkpt lat="43.279744" lon="-3.615370"></trkpt>
<trkpt lat="43.279716" lon="-3.615134"></trkpt>
<trkpt lat="43.279716" lon="-3.614775"></trkpt>
<trkpt lat="43.279795" lon="-3.614268"></trkpt>
<trkpt lat="43.279926" lon="-3.613722"></trkpt>
<trkpt lat="43.280127" lon="-3.613325"></trkpt>
<trkpt lat="43.280443" lon="-3.612970"></trkpt>
<trkpt lat="43.280514" lon="-3.612759"></trkpt>
<trkpt lat="43.280515" lon="-3.612596"></trkpt>
<trkpt lat="43.280398" lon="-3.612072"></trkpt>
<trkpt lat="43.280310" lon="-3.611858"></trkpt>
<trkpt lat="43.280066" lon="-3.611466"></trkpt>
<trkpt lat="43.279970" lon="-3.611358"></trkpt>
<trkpt lat="43.279902" lon="-3.611378"></trkpt>
<trkpt lat="43.279880" lon="-3.611460"></trkpt>
<trkpt lat="43.279919" lon="-3.611550"></trkpt>
<trkpt lat="43.280089" lon="-3.611740"></trkpt>
<trkpt lat="43.280181" lon="-3.611937"></trkpt>
<trkpt lat="43.280262" lon="-3.612370"></trkpt>
<trkpt lat="43.280242" lon="-3.612518"></trkpt>
<trkpt lat="43.280136" lon="-3.612700"></trkpt>
<trkpt lat="43.279719" lon="-3.613097"></trkpt>
<trkpt lat="43.279441" lon="-3.613526"></trkpt>
<trkpt lat="43.279317" lon="-3.613851"></trkpt>
<trkpt lat="43.278895" lon="-3.615318"></trkpt>
<trkpt lat="43.278878" lon="-3.615526"></trkpt>
<trkpt lat="43.278906" lon="-3.616320"></trkpt>
<trkpt lat="43.278867" lon="-3.616624"></trkpt>
<trkpt lat="43.278777" lon="-3.616821"></trkpt>
<trkpt lat="43.278573" lon="-3.617164"></trkpt>
<trkpt lat="43.278518" lon="-3.617211"></trkpt>
<trkpt lat="43.278459" lon="-3.617209"></trkpt>
<trkpt lat="43.278430" lon="-3.617112"></trkpt>
<trkpt lat="43.278537" lon="-3.616823"></trkpt>
<trkpt lat="43.278575" lon="-3.616614"></trkpt>
<trkpt lat="43.278573" lon="-3.616437"></trkpt>
<trkpt lat="43.278445" lon="-3.615303"></trkpt>
<trkpt lat="43.278452" lon="-3.614847"></trkpt>
<trkpt lat="43.278487" lon="-3.614613"></trkpt>
<trkpt lat="43.278638" lon="-3.613978"></trkpt>
<trkpt lat="43.278658" lon="-3.613311"></trkpt>
<trkpt lat="43.278853" lon="-3.612566"></trkpt>
<trkpt lat="43.278868" lon="-3.612340"></trkpt>
<trkpt lat="43.278834" lon="-3.612241"></trkpt>
<trkpt lat="43.278548" lon="-3.611939"></trkpt>
<trkpt lat="43.278456" lon="-3.611769"></trkpt>
<trkpt lat="43.277948" lon="-3.610454"></trkpt>
<trkpt lat="43.277795" lon="-3.609907"></trkpt>
<trkpt lat="43.277712" lon="-3.609355"></trkpt>
<trkpt lat="43.277529" lon="-3.606902"></trkpt>
<trkpt lat="43.277511" lon="-3.606765"></trkpt>
<trkpt lat="43.277460" lon="-3.606627"></trkpt>
<trkpt lat="43.277046" lon="-3.606044"></trkpt>
<trkpt lat="43.275867" lon="-3.604415"></trkpt>
<trkpt lat="43.275678" lon="-3.604113"></trkpt>
<trkpt lat="43.275532" lon="-3.603857"></trkpt>
<trkpt lat="43.275463" lon="-3.603723"></trkpt>
<trkpt lat="43.275210" lon="-3.603234"></trkpt>
<trkpt lat="43.274884" lon="-3.602589"></trkpt>
<trkpt lat="43.274819" lon="-3.602464"></trkpt>
<trkpt lat="43.274610" lon="-3.602053"></trkpt>
<trkpt lat="43.274452" lon="-3.601749"></trkpt>
<trkpt lat="43.274361" lon="-3.601626"></trkpt>
<trkpt lat="43.274136" lon="-3.601414"></trkpt>
<trkpt lat="43.273832" lon="-3.600721"></trkpt>
<trkpt lat="43.273775" lon="-3.600365"></trkpt>
<trkpt lat="43.273780" lon="-3.600230"></trkpt>
<trkpt lat="43.273850" lon="-3.599885"></trkpt>
<trkpt lat="43.274007" lon="-3.599258"></trkpt>
<trkpt lat="43.274038" lon="-3.599070"></trkpt>
<trkpt lat="43.274022" lon="-3.598937"></trkpt>
<trkpt lat="43.273995" lon="-3.598848"></trkpt>
<trkpt lat="43.273941" lon="-3.598774"></trkpt>
<trkpt lat="43.273903" lon="-3.598747"></trkpt>
<trkpt lat="43.273815" lon="-3.598699"></trkpt>
<trkpt lat="43.273600" lon="-3.598578"></trkpt>
<trkpt lat="43.273381" lon="-3.598401"></trkpt>
<trkpt lat="43.273259" lon="-3.598268"></trkpt>
<trkpt lat="43.273152" lon="-3.598108"></trkpt>
<trkpt lat="43.272841" lon="-3.597607"></trkpt>
<trkpt lat="43.272573" lon="-3.597113"></trkpt>
<trkpt lat="43.272517" lon="-3.596955"></trkpt>
<trkpt lat="43.272520" lon="-3.596870"></trkpt>
<trkpt lat="43.272600" lon="-3.596499"></trkpt>
<trkpt lat="43.272619" lon="-3.596434"></trkpt>
<trkpt lat="43.272712" lon="-3.596256"></trkpt>
<trkpt lat="43.272879" lon="-3.596106"></trkpt>
<trkpt lat="43.272940" lon="-3.596036"></trkpt>
<trkpt lat="43.273197" lon="-3.595584"></trkpt>
<trkpt lat="43.273278" lon="-3.595370"></trkpt>
<trkpt lat="43.273363" lon="-3.595040"></trkpt>
<trkpt lat="43.273416" lon="-3.594614"></trkpt>
<trkpt lat="43.273479" lon="-3.594310"></trkpt>
<trkpt lat="43.273634" lon="-3.593790"></trkpt>
<trkpt lat="43.273899" lon="-3.592953"></trkpt>
<trkpt lat="43.275000" lon="-3.590152"></trkpt>
<trkpt lat="43.275100" lon="-3.589738"></trkpt>
<trkpt lat="43.275182" lon="-3.589304"></trkpt>
<trkpt lat="43.275262" lon="-3.588706"></trkpt>
<trkpt lat="43.275210" lon="-3.587575"></trkpt>
<trkpt lat="43.275254" lon="-3.586726"></trkpt>
<trkpt lat="43.275345" lon="-3.586107"></trkpt>
<trkpt lat="43.275436" lon="-3.585689"></trkpt>
<trkpt lat="43.275603" lon="-3.585153"></trkpt>
<trkpt lat="43.275652" lon="-3.584915"></trkpt>
<trkpt lat="43.275995" lon="-3.582524"></trkpt>
<trkpt lat="43.276035" lon="-3.582118"></trkpt>
<trkpt lat="43.276862" lon="-3.579909"></trkpt>
<trkpt lat="43.276931" lon="-3.579677"></trkpt>
<trkpt lat="43.276926" lon="-3.579274"></trkpt>
<trkpt lat="43.276813" lon="-3.578798"></trkpt>
<trkpt lat="43.276473" lon="-3.578080"></trkpt>
<trkpt lat="43.276369" lon="-3.577793"></trkpt>
<trkpt lat="43.276271" lon="-3.577251"></trkpt>
<trkpt lat="43.276225" lon="-3.576756"></trkpt>
<trkpt lat="43.276232" lon="-3.576546"></trkpt>
<trkpt lat="43.276282" lon="-3.576079"></trkpt>
<trkpt lat="43.276380" lon="-3.575624"></trkpt>
<trkpt lat="43.276492" lon="-3.575264"></trkpt>
<trkpt lat="43.276769" lon="-3.574890"></trkpt>
<trkpt lat="43.277319" lon="-3.574502"></trkpt>
<trkpt lat="43.277488" lon="-3.574354"></trkpt>
<trkpt lat="43.278024" lon="-3.573707"></trkpt>
<trkpt lat="43.278529" lon="-3.572606"></trkpt>
<trkpt lat="43.278669" lon="-3.572374"></trkpt>
<trkpt lat="43.279373" lon="-3.571403"></trkpt>
<trkpt lat="43.279558" lon="-3.570920"></trkpt>
<trkpt lat="43.279710" lon="-3.570397"></trkpt>
<trkpt lat="43.279867" lon="-3.570021"></trkpt>
<trkpt lat="43.279967" lon="-3.569869"></trkpt>
<trkpt lat="43.280292" lon="-3.569539"></trkpt>
<trkpt lat="43.280477" lon="-3.569413"></trkpt>
<trkpt lat="43.280696" lon="-3.569264"></trkpt>
<trkpt lat="43.280913" lon="-3.569068"></trkpt>
<trkpt lat="43.281003" lon="-3.568972"></trkpt>
<trkpt lat="43.281164" lon="-3.568725"></trkpt>
<trkpt lat="43.281254" lon="-3.568466"></trkpt>
<trkpt lat="43.281281" lon="-3.568228"></trkpt>
<trkpt lat="43.281302" lon="-3.567529"></trkpt>
<trkpt lat="43.281334" lon="-3.565724"></trkpt>
<trkpt lat="43.281345" lon="-3.565287"></trkpt>
<trkpt lat="43.281419" lon="-3.562323"></trkpt>
<trkpt lat="43.281422" lon="-3.562202"></trkpt>
<trkpt lat="43.281433" lon="-3.561647"></trkpt>
<trkpt lat="43.281435" lon="-3.561261"></trkpt>
<trkpt lat="43.281443" lon="-3.561094"></trkpt>
<trkpt lat="43.281448" lon="-3.560738"></trkpt>
<trkpt lat="43.281453" lon="-3.560383"></trkpt>
<trkpt lat="43.281457" lon="-3.560078"></trkpt>
<trkpt lat="43.281503" lon="-3.558907"></trkpt>
<trkpt lat="43.281539" lon="-3.558399"></trkpt>
<trkpt lat="43.281566" lon="-3.557956"></trkpt>
<trkpt lat="43.281199" lon="-3.557941"></trkpt>
<trkpt lat="43.281132" lon="-3.557888"></trkpt>
<trkpt lat="43.280665" lon="-3.557784"></trkpt>
<trkpt lat="43.280536" lon="-3.557656"></trkpt>
<trkpt lat="43.280412" lon="-3.557359"></trkpt>
<trkpt lat="43.280424" lon="-3.557272"></trkpt>
<trkpt lat="43.280372" lon="-3.556989"></trkpt>
<trkpt lat="43.280373" lon="-3.556891"></trkpt>
<trkpt lat="43.280215" lon="-3.556257"></trkpt>
<trkpt lat="43.280228" lon="-3.556127"></trkpt>
<trkpt lat="43.280795" lon="-3.555671"></trkpt>
<trkpt lat="43.281723" lon="-3.555355"></trkpt>
<trkpt lat="43.282044" lon="-3.550090"></trkpt>
<trkpt lat="43.282123" lon="-3.548686"></trkpt>
<trkpt lat="43.282168" lon="-3.548224"></trkpt>
<trkpt lat="43.282320" lon="-3.547336"></trkpt>
<trkpt lat="43.282342" lon="-3.546712"></trkpt>
<trkpt lat="43.282282" lon="-3.546246"></trkpt>
<trkpt lat="43.281753" lon="-3.543061"></trkpt>
<trkpt lat="43.281773" lon="-3.542644"></trkpt>
<trkpt lat="43.281979" lon="-3.541516"></trkpt>
<trkpt lat="43.282018" lon="-3.540376"></trkpt>
<trkpt lat="43.282005" lon="-3.540162"></trkpt>
<trkpt lat="43.281889" lon="-3.539774"></trkpt>
<trkpt lat="43.281748" lon="-3.539427"></trkpt>
<trkpt lat="43.281478" lon="-3.538895"></trkpt>
<trkpt lat="43.281469" lon="-3.538878"></trkpt>
<trkpt lat="43.281199" lon="-3.538388"></trkpt>
<trkpt lat="43.281087" lon="-3.538113"></trkpt>
<trkpt lat="43.280960" lon="-3.537665"></trkpt>
<trkpt lat="43.280642" lon="-3.535841"></trkpt>
<trkpt lat="43.280632" lon="-3.535330"></trkpt>
<trkpt lat="43.280837" lon="-3.534116"></trkpt>
<trkpt lat="43.280818" lon="-3.533707"></trkpt>
<trkpt lat="43.280670" lon="-3.533110"></trkpt>
<trkpt lat="43.279600" lon="-3.529613"></trkpt>
<trkpt lat="43.279148" lon="-3.528088"></trkpt>
<trkpt lat="43.278967" lon="-3.527636"></trkpt>
<trkpt lat="43.278605" lon="-3.526913"></trkpt>
<trkpt lat="43.278568" lon="-3.526846"></trkpt>
<trkpt lat="43.278543" lon="-3.526800"></trkpt>
<trkpt lat="43.278371" lon="-3.526479"></trkpt>
<trkpt lat="43.278349" lon="-3.526436"></trkpt>
<trkpt lat="43.278198" lon="-3.526161"></trkpt>
<trkpt lat="43.277988" lon="-3.525919"></trkpt>
<trkpt lat="43.277935" lon="-3.525847"></trkpt>
<trkpt lat="43.277872" lon="-3.525740"></trkpt>
<trkpt lat="43.277818" lon="-3.525581"></trkpt>
<trkpt lat="43.277821" lon="-3.525185"></trkpt>
<trkpt lat="43.277819" lon="-3.525117"></trkpt>
<trkpt lat="43.277804" lon="-3.524712"></trkpt>
<trkpt lat="43.277751" lon="-3.524458"></trkpt>
<trkpt lat="43.277585" lon="-3.523953"></trkpt>
<trkpt lat="43.277360" lon="-3.523378"></trkpt>
<trkpt lat="43.276519" lon="-3.521209"></trkpt>
<trkpt lat="43.276366" lon="-3.520806"></trkpt>
<trkpt lat="43.276316" lon="-3.520673"></trkpt>
<trkpt lat="43.276237" lon="-3.520463"></trkpt>
<trkpt lat="43.274766" lon="-3.515804"></trkpt>
<trkpt lat="43.274611" lon="-3.515325"></trkpt>
<trkpt lat="43.274120" lon="-3.514018"></trkpt>
<trkpt lat="43.273783" lon="-3.513213"></trkpt>
<trkpt lat="43.273351" lon="-3.511642"></trkpt>
<trkpt lat="43.273288" lon="-3.511476"></trkpt>
<trkpt lat="43.273038" lon="-3.510920"></trkpt>
<trkpt lat="43.272779" lon="-3.510487"></trkpt>
<trkpt lat="43.272543" lon="-3.510023"></trkpt>
<trkpt lat="43.272371" lon="-3.509582"></trkpt>
<trkpt lat="43.272281" lon="-3.509280"></trkpt>
<trkpt lat="43.272089" lon="-3.508486"></trkpt>
<trkpt lat="43.272026" lon="-3.508322"></trkpt>
<trkpt lat="43.271707" lon="-3.507758"></trkpt>
<trkpt lat="43.271286" lon="-3.506982"></trkpt>
<trkpt lat="43.271171" lon="-3.506808"></trkpt>
<trkpt lat="43.270792" lon="-3.506387"></trkpt>
<trkpt lat="43.270547" lon="-3.505979"></trkpt>
<trkpt lat="43.270449" lon="-3.505718"></trkpt>
<trkpt lat="43.270218" lon="-3.504771"></trkpt>
<trkpt lat="43.269864" lon="-3.503571"></trkpt>
<trkpt lat="43.269717" lon="-3.503116"></trkpt>
<trkpt lat="43.268796" lon="-3.500737"></trkpt>
<trkpt lat="43.268710" lon="-3.500334"></trkpt>
<trkpt lat="43.268723" lon="-3.499869"></trkpt>
<trkpt lat="43.268765" lon="-3.499708"></trkpt>
<trkpt lat="43.268949" lon="-3.499341"></trkpt>
<trkpt lat="43.269035" lon="-3.499099"></trkpt>
<trkpt lat="43.269204" lon="-3.498393"></trkpt>
<trkpt lat="43.269280" lon="-3.497731"></trkpt>
<trkpt lat="43.269226" lon="-3.497232"></trkpt>
<trkpt lat="43.269166" lon="-3.496964"></trkpt>
<trkpt lat="43.269044" lon="-3.496474"></trkpt>
<trkpt lat="43.268952" lon="-3.496200"></trkpt>
<trkpt lat="43.268740" lon="-3.495706"></trkpt>
<trkpt lat="43.268708" lon="-3.495441"></trkpt>
<trkpt lat="43.268647" lon="-3.493856"></trkpt>
<trkpt lat="43.268607" lon="-3.493534"></trkpt>
<trkpt lat="43.268539" lon="-3.493223"></trkpt>
<trkpt lat="43.268378" lon="-3.492732"></trkpt>
<trkpt lat="43.268135" lon="-3.492055"></trkpt>
<trkpt lat="43.267987" lon="-3.491673"></trkpt>
<trkpt lat="43.267829" lon="-3.491068"></trkpt>
<trkpt lat="43.267817" lon="-3.490669"></trkpt>
<trkpt lat="43.267838" lon="-3.490538"></trkpt>
<trkpt lat="43.267988" lon="-3.490168"></trkpt>
<trkpt lat="43.268019" lon="-3.490031"></trkpt>
<trkpt lat="43.268027" lon="-3.489699"></trkpt>
<trkpt lat="43.267853" lon="-3.488706"></trkpt>
<trkpt lat="43.267737" lon="-3.488392"></trkpt>
<trkpt lat="43.267561" lon="-3.488014"></trkpt>
<trkpt lat="43.267356" lon="-3.487349"></trkpt>
<trkpt lat="43.267231" lon="-3.487011"></trkpt>
<trkpt lat="43.267094" lon="-3.486720"></trkpt>
<trkpt lat="43.266822" lon="-3.485912"></trkpt>
<trkpt lat="43.266697" lon="-3.485649"></trkpt>
<trkpt lat="43.266501" lon="-3.485413"></trkpt>
<trkpt lat="43.266315" lon="-3.485239"></trkpt>
<trkpt lat="43.265157" lon="-3.484229"></trkpt>
<trkpt lat="43.264732" lon="-3.483847"></trkpt>
<trkpt lat="43.264538" lon="-3.483596"></trkpt>
<trkpt lat="43.264308" lon="-3.483154"></trkpt>
<trkpt lat="43.263343" lon="-3.480279"></trkpt>
<trkpt lat="43.263183" lon="-3.479844"></trkpt>
<trkpt lat="43.262999" lon="-3.479429"></trkpt>
<trkpt lat="43.262704" lon="-3.478851"></trkpt>
<trkpt lat="43.261760" lon="-3.477043"></trkpt>
<trkpt lat="43.261637" lon="-3.476580"></trkpt>
<trkpt lat="43.261585" lon="-3.476298"></trkpt>
<trkpt lat="43.261424" lon="-3.475436"></trkpt>
<trkpt lat="43.261367" lon="-3.475155"></trkpt>
<trkpt lat="43.261178" lon="-3.474194"></trkpt>
<trkpt lat="43.261162" lon="-3.473863"></trkpt>
<trkpt lat="43.261191" lon="-3.473306"></trkpt>
<trkpt lat="43.261252" lon="-3.472352"></trkpt>
<trkpt lat="43.261253" lon="-3.471640"></trkpt>
<trkpt lat="43.261365" lon="-3.470868"></trkpt>
<trkpt lat="43.261372" lon="-3.470289"></trkpt>
<trkpt lat="43.261362" lon="-3.470181"></trkpt>
<trkpt lat="43.261303" lon="-3.469604"></trkpt>
<trkpt lat="43.261266" lon="-3.469118"></trkpt>
<trkpt lat="43.261257" lon="-3.469009"></trkpt>
<trkpt lat="43.261103" lon="-3.467133"></trkpt>
<trkpt lat="43.261074" lon="-3.466944"></trkpt>
<trkpt lat="43.261045" lon="-3.466793"></trkpt>
<trkpt lat="43.261037" lon="-3.466753"></trkpt>
<trkpt lat="43.261002" lon="-3.466634"></trkpt>
<trkpt lat="43.260968" lon="-3.466537"></trkpt>
<trkpt lat="43.260868" lon="-3.466260"></trkpt>
<trkpt lat="43.260594" lon="-3.466273"></trkpt>
<trkpt lat="43.260459" lon="-3.466226"></trkpt>
<trkpt lat="43.259741" lon="-3.465770"></trkpt>
<trkpt lat="43.259708" lon="-3.465749"></trkpt>
<trkpt lat="43.259577" lon="-3.465666"></trkpt>
<trkpt lat="43.259250" lon="-3.465457"></trkpt>
<trkpt lat="43.259079" lon="-3.465346"></trkpt>
<trkpt lat="43.259023" lon="-3.465310"></trkpt>
<trkpt lat="43.258930" lon="-3.465252"></trkpt>
<trkpt lat="43.258799" lon="-3.465169"></trkpt>
<trkpt lat="43.258747" lon="-3.465136"></trkpt>
<trkpt lat="43.258699" lon="-3.465105"></trkpt>
<trkpt lat="43.258653" lon="-3.465080"></trkpt>
<trkpt lat="43.258508" lon="-3.465015"></trkpt>
<trkpt lat="43.258350" lon="-3.464968"></trkpt>
<trkpt lat="43.257986" lon="-3.464863"></trkpt>
<trkpt lat="43.257928" lon="-3.464847"></trkpt>
<trkpt lat="43.257600" lon="-3.464781"></trkpt>
<trkpt lat="43.257424" lon="-3.464748"></trkpt>
<trkpt lat="43.257279" lon="-3.464724"></trkpt>
<trkpt lat="43.257121" lon="-3.464698"></trkpt>
<trkpt lat="43.256988" lon="-3.464686"></trkpt>
<trkpt lat="43.256740" lon="-3.464674"></trkpt>
<trkpt lat="43.256678" lon="-3.464669"></trkpt>
<trkpt lat="43.256527" lon="-3.464645"></trkpt>
<trkpt lat="43.256357" lon="-3.464582"></trkpt>
<trkpt lat="43.256087" lon="-3.464409"></trkpt>
<trkpt lat="43.256045" lon="-3.464381"></trkpt>
<trkpt lat="43.255803" lon="-3.464222"></trkpt>
<trkpt lat="43.255618" lon="-3.464103"></trkpt>
<trkpt lat="43.255460" lon="-3.464000"></trkpt>
<trkpt lat="43.255421" lon="-3.463975"></trkpt>
<trkpt lat="43.255357" lon="-3.463934"></trkpt>
<trkpt lat="43.255136" lon="-3.463796"></trkpt>
<trkpt lat="43.255047" lon="-3.463739"></trkpt>
<trkpt lat="43.254947" lon="-3.463673"></trkpt>
<trkpt lat="43.254702" lon="-3.463493"></trkpt>
<trkpt lat="43.254567" lon="-3.463382"></trkpt>
<trkpt lat="43.254400" lon="-3.463240"></trkpt>
<trkpt lat="43.254105" lon="-3.462978"></trkpt>
<trkpt lat="43.253868" lon="-3.462744"></trkpt>
<trkpt lat="43.253711" lon="-3.462539"></trkpt>
<trkpt lat="43.253549" lon="-3.462336"></trkpt>
<trkpt lat="43.253339" lon="-3.462141"></trkpt>
<trkpt lat="43.253284" lon="-3.462101"></trkpt>
<trkpt lat="43.253044" lon="-3.461997"></trkpt>
<trkpt lat="43.252810" lon="-3.461935"></trkpt>
<trkpt lat="43.252358" lon="-3.461820"></trkpt>
<trkpt lat="43.251655" lon="-3.461641"></trkpt>
<trkpt lat="43.251507" lon="-3.461601"></trkpt>
<trkpt lat="43.251495" lon="-3.461597"></trkpt>
<trkpt lat="43.251255" lon="-3.461531"></trkpt>
<trkpt lat="43.251022" lon="-3.461466"></trkpt>
<trkpt lat="43.250744" lon="-3.461389"></trkpt>
<trkpt lat="43.250564" lon="-3.461340"></trkpt>
<trkpt lat="43.250406" lon="-3.461298"></trkpt>
<trkpt lat="43.250300" lon="-3.461269"></trkpt>
<trkpt lat="43.250251" lon="-3.461254"></trkpt>
<trkpt lat="43.250082" lon="-3.461216"></trkpt>
<trkpt lat="43.249719" lon="-3.461170"></trkpt>
<trkpt lat="43.249526" lon="-3.461119"></trkpt>
<trkpt lat="43.249270" lon="-3.460999"></trkpt>
<trkpt lat="43.248707" lon="-3.460658"></trkpt>
<trkpt lat="43.248541" lon="-3.460513"></trkpt>
<trkpt lat="43.248374" lon="-3.460243"></trkpt>
<trkpt lat="43.247993" lon="-3.459393"></trkpt>
<trkpt lat="43.247902" lon="-3.459293"></trkpt>
<trkpt lat="43.247852" lon="-3.459282"></trkpt>
<trkpt lat="43.247787" lon="-3.459312"></trkpt>
<trkpt lat="43.247610" lon="-3.459522"></trkpt>
<trkpt lat="43.247453" lon="-3.459722"></trkpt>
<trkpt lat="43.246883" lon="-3.460307"></trkpt>
<trkpt lat="43.246643" lon="-3.460385"></trkpt>
<trkpt lat="43.246346" lon="-3.460402"></trkpt>
<trkpt lat="43.245853" lon="-3.460366"></trkpt>
<trkpt lat="43.245696" lon="-3.460403"></trkpt>
<trkpt lat="43.245483" lon="-3.460495"></trkpt>
<trkpt lat="43.245108" lon="-3.460795"></trkpt>
<trkpt lat="43.245007" lon="-3.460813"></trkpt>
<trkpt lat="43.244961" lon="-3.460774"></trkpt>
<trkpt lat="43.244922" lon="-3.460685"></trkpt>
<trkpt lat="43.244944" lon="-3.460534"></trkpt>
<trkpt lat="43.245185" lon="-3.460192"></trkpt>
<trkpt lat="43.245360" lon="-3.459979"></trkpt>
<trkpt lat="43.245474" lon="-3.459884"></trkpt>
<trkpt lat="43.246136" lon="-3.459562"></trkpt>
<trkpt lat="43.246179" lon="-3.459476"></trkpt>
<trkpt lat="43.246186" lon="-3.459363"></trkpt>
<trkpt lat="43.246126" lon="-3.459252"></trkpt>
<trkpt lat="43.246021" lon="-3.459219"></trkpt>
<trkpt lat="43.245567" lon="-3.459378"></trkpt>
<trkpt lat="43.244897" lon="-3.459402"></trkpt>
<trkpt lat="43.244782" lon="-3.459453"></trkpt>
<trkpt lat="43.244641" lon="-3.459645"></trkpt>
<trkpt lat="43.244194" lon="-3.460674"></trkpt>
<trkpt lat="43.244052" lon="-3.460859"></trkpt>
<trkpt lat="43.243805" lon="-3.461087"></trkpt>
<trkpt lat="43.243726" lon="-3.461191"></trkpt>
<trkpt lat="43.243645" lon="-3.461394"></trkpt>
<trkpt lat="43.243602" lon="-3.461752"></trkpt>
<trkpt lat="43.243560" lon="-3.461884"></trkpt>
<trkpt lat="43.243447" lon="-3.462136"></trkpt>
<trkpt lat="43.243358" lon="-3.462179"></trkpt>
<trkpt lat="43.243302" lon="-3.462053"></trkpt>
<trkpt lat="43.243403" lon="-3.461669"></trkpt>
<trkpt lat="43.243417" lon="-3.461137"></trkpt>
<trkpt lat="43.243459" lon="-3.460949"></trkpt>
<trkpt lat="43.243567" lon="-3.460741"></trkpt>
<trkpt lat="43.243725" lon="-3.460537"></trkpt>
<trkpt lat="43.243821" lon="-3.460357"></trkpt>
<trkpt lat="43.243870" lon="-3.460191"></trkpt>
<trkpt lat="43.243889" lon="-3.459935"></trkpt>
<trkpt lat="43.243877" lon="-3.459744"></trkpt>
<trkpt lat="43.243850" lon="-3.459542"></trkpt>
<trkpt lat="43.243851" lon="-3.459326"></trkpt>
<trkpt lat="43.243935" lon="-3.459048"></trkpt>
<trkpt lat="43.244131" lon="-3.458807"></trkpt>
<trkpt lat="43.244258" lon="-3.458596"></trkpt>
<trkpt lat="43.244482" lon="-3.457966"></trkpt>
<trkpt lat="43.244584" lon="-3.457754"></trkpt>
<trkpt lat="43.244818" lon="-3.457535"></trkpt>
<trkpt lat="43.244883" lon="-3.457419"></trkpt>
<trkpt lat="43.244903" lon="-3.457331"></trkpt>
<trkpt lat="43.244879" lon="-3.457172"></trkpt>
<trkpt lat="43.244700" lon="-3.456843"></trkpt>
<trkpt lat="43.244466" lon="-3.456486"></trkpt>
<trkpt lat="43.244260" lon="-3.456283"></trkpt>
<trkpt lat="43.244174" lon="-3.456085"></trkpt>
<trkpt lat="43.244136" lon="-3.455911"></trkpt>
<trkpt lat="43.244135" lon="-3.455176"></trkpt>
<trkpt lat="43.244063" lon="-3.454940"></trkpt>
<trkpt lat="43.244000" lon="-3.454819"></trkpt>
<trkpt lat="43.243865" lon="-3.454659"></trkpt>
<trkpt lat="43.243449" lon="-3.454403"></trkpt>
<trkpt lat="43.243123" lon="-3.453944"></trkpt>
<trkpt lat="43.243034" lon="-3.453750"></trkpt>
<trkpt lat="43.243017" lon="-3.453335"></trkpt>
<trkpt lat="43.242972" lon="-3.453173"></trkpt>
<trkpt lat="43.242683" lon="-3.452843"></trkpt>
<trkpt lat="43.242320" lon="-3.452278"></trkpt>
<trkpt lat="43.241632" lon="-3.451730"></trkpt>
<trkpt lat="43.241457" lon="-3.451610"></trkpt>
<trkpt lat="43.241148" lon="-3.451478"></trkpt>
<trkpt lat="43.240878" lon="-3.451370"></trkpt>
<trkpt lat="43.240055" lon="-3.451066"></trkpt>
<trkpt lat="43.239731" lon="-3.451021"></trkpt>
<trkpt lat="43.239416" lon="-3.451008"></trkpt>
<trkpt lat="43.239051" lon="-3.450996"></trkpt>
<trkpt lat="43.238656" lon="-3.450986"></trkpt>
<trkpt lat="43.237836" lon="-3.451159"></trkpt>
<trkpt lat="43.237660" lon="-3.451144"></trkpt>
<trkpt lat="43.237482" lon="-3.451063"></trkpt>
<trkpt lat="43.237299" lon="-3.450953"></trkpt>
<trkpt lat="43.237078" lon="-3.450848"></trkpt>
<trkpt lat="43.237006" lon="-3.450824"></trkpt>
<trkpt lat="43.236663" lon="-3.450725"></trkpt>
<trkpt lat="43.236531" lon="-3.450666"></trkpt>
<trkpt lat="43.236418" lon="-3.450577"></trkpt>
<trkpt lat="43.236267" lon="-3.450375"></trkpt>
<trkpt lat="43.236059" lon="-3.449973"></trkpt>
<trkpt lat="43.235978" lon="-3.449866"></trkpt>
<trkpt lat="43.235490" lon="-3.449319"></trkpt>
<trkpt lat="43.235312" lon="-3.449161"></trkpt>
<trkpt lat="43.235120" lon="-3.449039"></trkpt>
<trkpt lat="43.234629" lon="-3.448888"></trkpt>
<trkpt lat="43.234360" lon="-3.448872"></trkpt>
<trkpt lat="43.233555" lon="-3.449173"></trkpt>
<trkpt lat="43.233282" lon="-3.449230"></trkpt>
<trkpt lat="43.232880" lon="-3.449181"></trkpt>
<trkpt lat="43.232248" lon="-3.448880"></trkpt>
<trkpt lat="43.231874" lon="-3.448668"></trkpt>
<trkpt lat="43.231390" lon="-3.448314"></trkpt>
<trkpt lat="43.231079" lon="-3.447938"></trkpt>
<trkpt lat="43.230815" lon="-3.447354"></trkpt>
<trkpt lat="43.230682" lon="-3.447149"></trkpt>
<trkpt lat="43.230516" lon="-3.447081"></trkpt>
<trkpt lat="43.229874" lon="-3.446962"></trkpt>
<trkpt lat="43.229774" lon="-3.446898"></trkpt>
<trkpt lat="43.228994" lon="-3.446163"></trkpt>
<trkpt lat="43.228809" lon="-3.445916"></trkpt>
<trkpt lat="43.228759" lon="-3.445781"></trkpt>
<trkpt lat="43.228370" lon="-3.445875"></trkpt>
<trkpt lat="43.228077" lon="-3.445794"></trkpt>
<trkpt lat="43.227367" lon="-3.445718"></trkpt>
<trkpt lat="43.227289" lon="-3.445694"></trkpt>
<trkpt lat="43.227185" lon="-3.445622"></trkpt>
<trkpt lat="43.227016" lon="-3.445187"></trkpt>
<trkpt lat="43.226949" lon="-3.445075"></trkpt>
<trkpt lat="43.226762" lon="-3.444887"></trkpt>
<trkpt lat="43.226513" lon="-3.444713"></trkpt>
<trkpt lat="43.226429" lon="-3.444696"></trkpt>
<trkpt lat="43.226272" lon="-3.444732"></trkpt>
<trkpt lat="43.225965" lon="-3.444926"></trkpt>
<trkpt lat="43.225513" lon="-3.445149"></trkpt>
<trkpt lat="43.225082" lon="-3.445260"></trkpt>
<trkpt lat="43.224826" lon="-3.445289"></trkpt>
<trkpt lat="43.224616" lon="-3.445206"></trkpt>
<trkpt lat="43.224513" lon="-3.445101"></trkpt>
<trkpt lat="43.224431" lon="-3.444950"></trkpt>
<trkpt lat="43.224346" lon="-3.444717"></trkpt>
<trkpt lat="43.224277" lon="-3.444590"></trkpt>
<trkpt lat="43.224187" lon="-3.444499"></trkpt>
<trkpt lat="43.223845" lon="-3.444340"></trkpt>
<trkpt lat="43.223543" lon="-3.444334"></trkpt>
<trkpt lat="43.222998" lon="-3.444510"></trkpt>
<trkpt lat="43.222839" lon="-3.444495"></trkpt>
<trkpt lat="43.222585" lon="-3.444395"></trkpt>
<trkpt lat="43.222338" lon="-3.444085"></trkpt>
<trkpt lat="43.222176" lon="-3.443807"></trkpt>
<trkpt lat="43.222107" lon="-3.443640"></trkpt>
<trkpt lat="43.222058" lon="-3.443474"></trkpt>
<trkpt lat="43.222028" lon="-3.443254"></trkpt>
<trkpt lat="43.222003" lon="-3.442438"></trkpt>
<trkpt lat="43.221967" lon="-3.442279"></trkpt>
<trkpt lat="43.221901" lon="-3.442227"></trkpt>
<trkpt lat="43.221809" lon="-3.442201"></trkpt>
<trkpt lat="43.221758" lon="-3.442139"></trkpt>
<trkpt lat="43.221643" lon="-3.441746"></trkpt>
<trkpt lat="43.221467" lon="-3.441310"></trkpt>
<trkpt lat="43.221042" lon="-3.441018"></trkpt>
<trkpt lat="43.220858" lon="-3.440993"></trkpt>
<trkpt lat="43.220528" lon="-3.440962"></trkpt>
<trkpt lat="43.220312" lon="-3.440902"></trkpt>
<trkpt lat="43.220047" lon="-3.440767"></trkpt>
<trkpt lat="43.219576" lon="-3.440137"></trkpt>
<trkpt lat="43.219555" lon="-3.440109"></trkpt>
<trkpt lat="43.219285" lon="-3.439801"></trkpt>
<trkpt lat="43.219012" lon="-3.439477"></trkpt>
<trkpt lat="43.219009" lon="-3.439433"></trkpt>
<trkpt lat="43.218825" lon="-3.439783"></trkpt>
<trkpt lat="43.218780" lon="-3.439784"></trkpt>
<trkpt lat="43.217885" lon="-3.438750"></trkpt>
<trkpt lat="43.217599" lon="-3.438458"></trkpt>
<trkpt lat="43.217318" lon="-3.438284"></trkpt>
<trkpt lat="43.217260" lon="-3.438264"></trkpt>
<trkpt lat="43.217076" lon="-3.438196"></trkpt>
<trkpt lat="43.216797" lon="-3.438020"></trkpt>
<trkpt lat="43.216084" lon="-3.437542"></trkpt>
<trkpt lat="43.215143" lon="-3.436978"></trkpt>
<trkpt lat="43.214992" lon="-3.436919"></trkpt>
<trkpt lat="43.214716" lon="-3.436936"></trkpt>
<trkpt lat="43.213996" lon="-3.437152"></trkpt>
<trkpt lat="43.213519" lon="-3.437284"></trkpt>
<trkpt lat="43.213352" lon="-3.437325"></trkpt>
<trkpt lat="43.213168" lon="-3.437336"></trkpt>
<trkpt lat="43.212908" lon="-3.437306"></trkpt>
<trkpt lat="43.212768" lon="-3.437245"></trkpt>
<trkpt lat="43.212471" lon="-3.437026"></trkpt>
<trkpt lat="43.212253" lon="-3.436724"></trkpt>
<trkpt lat="43.211992" lon="-3.436300"></trkpt>
<trkpt lat="43.210946" lon="-3.434600"></trkpt>
<trkpt lat="43.210362" lon="-3.433757"></trkpt>
<trkpt lat="43.209938" lon="-3.433300"></trkpt>
<trkpt lat="43.209761" lon="-3.433160"></trkpt>
<trkpt lat="43.209643" lon="-3.433112"></trkpt>
<trkpt lat="43.209399" lon="-3.433092"></trkpt>
<trkpt lat="43.209113" lon="-3.433181"></trkpt>
<trkpt lat="43.208120" lon="-3.433803"></trkpt>
<trkpt lat="43.207983" lon="-3.433854"></trkpt>
<trkpt lat="43.207824" lon="-3.433842"></trkpt>
<trkpt lat="43.207582" lon="-3.433748"></trkpt>
<trkpt lat="43.206673" lon="-3.433171"></trkpt>
<trkpt lat="43.206113" lon="-3.432951"></trkpt>
<trkpt lat="43.205738" lon="-3.432912"></trkpt>
<trkpt lat="43.204909" lon="-3.433016"></trkpt>
<trkpt lat="43.204143" lon="-3.433184"></trkpt>
<trkpt lat="43.203222" lon="-3.433542"></trkpt>
<trkpt lat="43.202824" lon="-3.433663"></trkpt>
<trkpt lat="43.202450" lon="-3.433693"></trkpt>
<trkpt lat="43.201757" lon="-3.433701"></trkpt>
<trkpt lat="43.201595" lon="-3.433747"></trkpt>
<trkpt lat="43.201176" lon="-3.433993"></trkpt>
<trkpt lat="43.200884" lon="-3.434168"></trkpt>
<trkpt lat="43.199925" lon="-3.434975"></trkpt>
<trkpt lat="43.199733" lon="-3.435100"></trkpt>
<trkpt lat="43.199429" lon="-3.435228"></trkpt>
<trkpt lat="43.198394" lon="-3.435570"></trkpt>
<trkpt lat="43.197901" lon="-3.435891"></trkpt>
<trkpt lat="43.197346" lon="-3.436113"></trkpt>
<trkpt lat="43.196957" lon="-3.436201"></trkpt>
<trkpt lat="43.196615" lon="-3.436214"></trkpt>
<trkpt lat="43.195619" lon="-3.436250"></trkpt>
<trkpt lat="43.194934" lon="-3.436543"></trkpt>
<trkpt lat="43.194496" lon="-3.436698"></trkpt>
<trkpt lat="43.194212" lon="-3.436744"></trkpt>
<trkpt lat="43.193972" lon="-3.436764"></trkpt>
<trkpt lat="43.193427" lon="-3.436749"></trkpt>
<trkpt lat="43.191442" lon="-3.436553"></trkpt>
<trkpt lat="43.191095" lon="-3.436496"></trkpt>
<trkpt lat="43.190658" lon="-3.436378"></trkpt>
<trkpt lat="43.190061" lon="-3.436150"></trkpt>
<trkpt lat="43.189851" lon="-3.436100"></trkpt>
<trkpt lat="43.189353" lon="-3.435976"></trkpt>
<trkpt lat="43.188632" lon="-3.435854"></trkpt>
<trkpt lat="43.187686" lon="-3.435715"></trkpt>
<trkpt lat="43.187213" lon="-3.435663"></trkpt>
<trkpt lat="43.186184" lon="-3.435705"></trkpt>
<trkpt lat="43.185565" lon="-3.435699"></trkpt>
<trkpt lat="43.184781" lon="-3.435696"></trkpt>
<trkpt lat="43.184324" lon="-3.435820"></trkpt>
<trkpt lat="43.183674" lon="-3.435931"></trkpt>
<trkpt lat="43.182587" lon="-3.435976"></trkpt>
<trkpt lat="43.182217" lon="-3.435941"></trkpt>
<trkpt lat="43.182040" lon="-3.435967"></trkpt>
<trkpt lat="43.181576" lon="-3.436224"></trkpt>
<trkpt lat="43.181110" lon="-3.436288"></trkpt>
<trkpt lat="43.180764" lon="-3.436476"></trkpt>
<trkpt lat="43.180447" lon="-3.436611"></trkpt>
<trkpt lat="43.179706" lon="-3.436798"></trkpt>
<trkpt lat="43.178746" lon="-3.436664"></trkpt>
<trkpt lat="43.178242" lon="-3.436598"></trkpt>
<trkpt lat="43.177914" lon="-3.436642"></trkpt>
<trkpt lat="43.177677" lon="-3.436631"></trkpt>
<trkpt lat="43.177222" lon="-3.436620"></trkpt>
<trkpt lat="43.176634" lon="-3.436668"></trkpt>
<trkpt lat="43.176055" lon="-3.436830"></trkpt>
<trkpt lat="43.175571" lon="-3.437074"></trkpt>
<trkpt lat="43.175430" lon="-3.437113"></trkpt>
<trkpt lat="43.175169" lon="-3.437098"></trkpt>
<trkpt lat="43.174938" lon="-3.436989"></trkpt>
<trkpt lat="43.174659" lon="-3.436851"></trkpt>
<trkpt lat="43.174413" lon="-3.436776"></trkpt>
<trkpt lat="43.173790" lon="-3.436596"></trkpt>
<trkpt lat="43.173494" lon="-3.436555"></trkpt>
<trkpt lat="43.173016" lon="-3.436577"></trkpt>
<trkpt lat="43.172481" lon="-3.436473"></trkpt>
<trkpt lat="43.171847" lon="-3.436442"></trkpt>
<trkpt lat="43.171195" lon="-3.436504"></trkpt>
<trkpt lat="43.170744" lon="-3.436714"></trkpt>
<trkpt lat="43.169895" lon="-3.436900"></trkpt>
<trkpt lat="43.169723" lon="-3.436998"></trkpt>
<trkpt lat="43.169581" lon="-3.437182"></trkpt>
<trkpt lat="43.169272" lon="-3.437798"></trkpt>
<trkpt lat="43.169028" lon="-3.438307"></trkpt>
<trkpt lat="43.168975" lon="-3.438470"></trkpt>
<trkpt lat="43.168989" lon="-3.438570"></trkpt>
<trkpt lat="43.169076" lon="-3.438622"></trkpt>
<trkpt lat="43.169181" lon="-3.438582"></trkpt>
<trkpt lat="43.169385" lon="-3.438424"></trkpt>
<trkpt lat="43.169987" lon="-3.437777"></trkpt>
<trkpt lat="43.170106" lon="-3.437709"></trkpt>
<trkpt lat="43.170182" lon="-3.437749"></trkpt>
<trkpt lat="43.170211" lon="-3.437814"></trkpt>
<trkpt lat="43.170198" lon="-3.437918"></trkpt>
<trkpt lat="43.169921" lon="-3.438731"></trkpt>
<trkpt lat="43.169858" lon="-3.438874"></trkpt>
<trkpt lat="43.169748" lon="-3.439009"></trkpt>
<trkpt lat="43.169351" lon="-3.439238"></trkpt>
<trkpt lat="43.169056" lon="-3.439469"></trkpt>
<trkpt lat="43.168668" lon="-3.439931"></trkpt>
<trkpt lat="43.168553" lon="-3.440183"></trkpt>
<trkpt lat="43.168455" lon="-3.440528"></trkpt>
<trkpt lat="43.168258" lon="-3.441451"></trkpt>
<trkpt lat="43.168208" lon="-3.441605"></trkpt>
<trkpt lat="43.168115" lon="-3.441783"></trkpt>
<trkpt lat="43.167967" lon="-3.441957"></trkpt>
<trkpt lat="43.167363" lon="-3.442366"></trkpt>
<trkpt lat="43.167169" lon="-3.442563"></trkpt>
<trkpt lat="43.167075" lon="-3.442724"></trkpt>
<trkpt lat="43.166930" lon="-3.443229"></trkpt>
<trkpt lat="43.166856" lon="-3.443366"></trkpt>
<trkpt lat="43.166578" lon="-3.443592"></trkpt>
<trkpt lat="43.166186" lon="-3.443821"></trkpt>
<trkpt lat="43.166003" lon="-3.443999"></trkpt>
<trkpt lat="43.165909" lon="-3.444172"></trkpt>
<trkpt lat="43.165783" lon="-3.444862"></trkpt>
<trkpt lat="43.165698" lon="-3.445176"></trkpt>
<trkpt lat="43.165491" lon="-3.445617"></trkpt>
<trkpt lat="43.165206" lon="-3.445938"></trkpt>
<trkpt lat="43.165104" lon="-3.446268"></trkpt>
<trkpt lat="43.164993" lon="-3.447048"></trkpt>
<trkpt lat="43.164911" lon="-3.447855"></trkpt>
<trkpt lat="43.164870" lon="-3.447990"></trkpt>
<trkpt lat="43.164594" lon="-3.448405"></trkpt>
<trkpt lat="43.164560" lon="-3.448522"></trkpt>
<trkpt lat="43.164569" lon="-3.449106"></trkpt>
<trkpt lat="43.164538" lon="-3.449240"></trkpt>
<trkpt lat="43.164350" lon="-3.449612"></trkpt>
<trkpt lat="43.164299" lon="-3.449771"></trkpt>
<trkpt lat="43.164286" lon="-3.449969"></trkpt>
<trkpt lat="43.164301" lon="-3.450471"></trkpt>
<trkpt lat="43.164268" lon="-3.450730"></trkpt>
<trkpt lat="43.164272" lon="-3.450930"></trkpt>
<trkpt lat="43.164381" lon="-3.451213"></trkpt>
<trkpt lat="43.164884" lon="-3.452118"></trkpt>
<trkpt lat="43.164953" lon="-3.452141"></trkpt>
<trkpt lat="43.164991" lon="-3.452112"></trkpt>
<trkpt lat="43.165029" lon="-3.452023"></trkpt>
<trkpt lat="43.165200" lon="-3.451074"></trkpt>
<trkpt lat="43.165267" lon="-3.450885"></trkpt>
<trkpt lat="43.165333" lon="-3.450770"></trkpt>
<trkpt lat="43.165748" lon="-3.450220"></trkpt>
<trkpt lat="43.165881" lon="-3.450167"></trkpt>
<trkpt lat="43.166174" lon="-3.450169"></trkpt>
<trkpt lat="43.166331" lon="-3.450114"></trkpt>
<trkpt lat="43.166409" lon="-3.450040"></trkpt>
<trkpt lat="43.166562" lon="-3.449773"></trkpt>
<trkpt lat="43.167075" lon="-3.448419"></trkpt>
<trkpt lat="43.167192" lon="-3.448169"></trkpt>
<trkpt lat="43.167263" lon="-3.448069"></trkpt>
<trkpt lat="43.167425" lon="-3.447888"></trkpt>
<trkpt lat="43.167617" lon="-3.447746"></trkpt>
<trkpt lat="43.167693" lon="-3.447737"></trkpt>
<trkpt lat="43.167762" lon="-3.447809"></trkpt>
<trkpt lat="43.167767" lon="-3.447933"></trkpt>
<trkpt lat="43.167530" lon="-3.448585"></trkpt>
<trkpt lat="43.167457" lon="-3.448867"></trkpt>
<trkpt lat="43.167413" lon="-3.449244"></trkpt>
<trkpt lat="43.167435" lon="-3.450089"></trkpt>
<trkpt lat="43.167373" lon="-3.450328"></trkpt>
<trkpt lat="43.167199" lon="-3.450681"></trkpt>
<trkpt lat="43.167150" lon="-3.450897"></trkpt>
<trkpt lat="43.167085" lon="-3.451805"></trkpt>
<trkpt lat="43.167044" lon="-3.451931"></trkpt>
<trkpt lat="43.166930" lon="-3.452110"></trkpt>
<trkpt lat="43.166636" lon="-3.452377"></trkpt>
<trkpt lat="43.166571" lon="-3.452517"></trkpt>
<trkpt lat="43.166502" lon="-3.452902"></trkpt>
<trkpt lat="43.166504" lon="-3.453037"></trkpt>
<trkpt lat="43.166548" lon="-3.454207"></trkpt>
<trkpt lat="43.166449" lon="-3.454712"></trkpt>
<trkpt lat="43.166367" lon="-3.455010"></trkpt>
<trkpt lat="43.166263" lon="-3.455250"></trkpt>
<trkpt lat="43.166122" lon="-3.455478"></trkpt>
<trkpt lat="43.166027" lon="-3.455748"></trkpt>
<trkpt lat="43.165906" lon="-3.456608"></trkpt>
<trkpt lat="43.165891" lon="-3.456848"></trkpt>
<trkpt lat="43.165902" lon="-3.457178"></trkpt>
<trkpt lat="43.166140" lon="-3.458032"></trkpt>
<trkpt lat="43.166201" lon="-3.458011"></trkpt>
<trkpt lat="43.166233" lon="-3.458007"></trkpt>
<trkpt lat="43.166312" lon="-3.457846"></trkpt>
<trkpt lat="43.166587" lon="-3.457523"></trkpt>
<trkpt lat="43.166749" lon="-3.457230"></trkpt>
<trkpt lat="43.166828" lon="-3.457173"></trkpt>
<trkpt lat="43.166749" lon="-3.457230"></trkpt>
<trkpt lat="43.166587" lon="-3.457523"></trkpt>
<trkpt lat="43.166312" lon="-3.457846"></trkpt>
<trkpt lat="43.166233" lon="-3.458007"></trkpt>
<trkpt lat="43.166321" lon="-3.458033"></trkpt>
<trkpt lat="43.166345" lon="-3.458072"></trkpt>
<trkpt lat="43.166424" lon="-3.458431"></trkpt>
<trkpt lat="43.166503" lon="-3.458645"></trkpt>
<trkpt lat="43.166824" lon="-3.459017"></trkpt>
<trkpt lat="43.166974" lon="-3.459310"></trkpt>
<trkpt lat="43.167104" lon="-3.459706"></trkpt>
<trkpt lat="43.167140" lon="-3.459897"></trkpt>
<trkpt lat="43.167210" lon="-3.460572"></trkpt>
<trkpt lat="43.167155" lon="-3.461067"></trkpt>
<trkpt lat="43.166981" lon="-3.461813"></trkpt>
<trkpt lat="43.166799" lon="-3.462380"></trkpt>
<trkpt lat="43.166485" lon="-3.463139"></trkpt>
<trkpt lat="43.166494" lon="-3.463338"></trkpt>
<trkpt lat="43.166605" lon="-3.463535"></trkpt>
<trkpt lat="43.166745" lon="-3.463611"></trkpt>
<trkpt lat="43.167200" lon="-3.463733"></trkpt>
<trkpt lat="43.168380" lon="-3.463762"></trkpt>
<trkpt lat="43.168709" lon="-3.463833"></trkpt>
<trkpt lat="43.169179" lon="-3.463769"></trkpt>
<trkpt lat="43.169383" lon="-3.463807"></trkpt>
<trkpt lat="43.169800" lon="-3.463947"></trkpt>
<trkpt lat="43.170238" lon="-3.464202"></trkpt>
<trkpt lat="43.170655" lon="-3.464368"></trkpt>
<trkpt lat="43.171095" lon="-3.464713"></trkpt>
<trkpt lat="43.171662" lon="-3.465099"></trkpt>
<trkpt lat="43.171950" lon="-3.465181"></trkpt>
<trkpt lat="43.172200" lon="-3.465153"></trkpt>
<trkpt lat="43.172313" lon="-3.465190"></trkpt>
<trkpt lat="43.172436" lon="-3.465301"></trkpt>
<trkpt lat="43.172596" lon="-3.465521"></trkpt>
<trkpt lat="43.172722" lon="-3.465769"></trkpt>
<trkpt lat="43.172860" lon="-3.466165"></trkpt>
<trkpt lat="43.172889" lon="-3.466216"></trkpt>
<trkpt lat="43.172954" lon="-3.466246"></trkpt>
<trkpt lat="43.173027" lon="-3.466206"></trkpt>
<trkpt lat="43.173043" lon="-3.466063"></trkpt>
<trkpt lat="43.172850" lon="-3.465635"></trkpt>
<trkpt lat="43.172691" lon="-3.465038"></trkpt>
<trkpt lat="43.172601" lon="-3.464856"></trkpt>
<trkpt lat="43.172467" lon="-3.464688"></trkpt>
<trkpt lat="43.172194" lon="-3.464431"></trkpt>
<trkpt lat="43.172011" lon="-3.464362"></trkpt>
<trkpt lat="43.171677" lon="-3.464351"></trkpt>
<trkpt lat="43.171619" lon="-3.464263"></trkpt>
<trkpt lat="43.171628" lon="-3.464143"></trkpt>
<trkpt lat="43.171715" lon="-3.464098"></trkpt>
<trkpt lat="43.171824" lon="-3.464116"></trkpt>
<trkpt lat="43.172071" lon="-3.464092"></trkpt>
<trkpt lat="43.172921" lon="-3.464188"></trkpt>
<trkpt lat="43.173129" lon="-3.464351"></trkpt>
<trkpt lat="43.173407" lon="-3.464691"></trkpt>
<trkpt lat="43.173554" lon="-3.464792"></trkpt>
<trkpt lat="43.173705" lon="-3.464833"></trkpt>
<trkpt lat="43.174267" lon="-3.464811"></trkpt>
<trkpt lat="43.174644" lon="-3.464799"></trkpt>
<trkpt lat="43.174909" lon="-3.464834"></trkpt>
<trkpt lat="43.175053" lon="-3.464890"></trkpt>
<trkpt lat="43.175324" lon="-3.465089"></trkpt>
<trkpt lat="43.175538" lon="-3.465360"></trkpt>
<trkpt lat="43.175771" lon="-3.465794"></trkpt>
<trkpt lat="43.176537" lon="-3.466654"></trkpt>
<trkpt lat="43.176777" lon="-3.466880"></trkpt>
<trkpt lat="43.177505" lon="-3.467361"></trkpt>
<trkpt lat="43.177656" lon="-3.467396"></trkpt>
<trkpt lat="43.178021" lon="-3.467340"></trkpt>
<trkpt lat="43.178253" lon="-3.467357"></trkpt>
<trkpt lat="43.178762" lon="-3.467285"></trkpt>
<trkpt lat="43.179073" lon="-3.467375"></trkpt>
<trkpt lat="43.179340" lon="-3.467566"></trkpt>
<trkpt lat="43.179848" lon="-3.468104"></trkpt>
<trkpt lat="43.180024" lon="-3.468246"></trkpt>
<trkpt lat="43.180568" lon="-3.468422"></trkpt>
<trkpt lat="43.181121" lon="-3.468705"></trkpt>
<trkpt lat="43.181631" lon="-3.469013"></trkpt>
<trkpt lat="43.182111" lon="-3.469334"></trkpt>
<trkpt lat="43.182459" lon="-3.469544"></trkpt>
<trkpt lat="43.182742" lon="-3.469639"></trkpt>
<trkpt lat="43.182873" lon="-3.469662"></trkpt>
<trkpt lat="43.183414" lon="-3.469663"></trkpt>
<trkpt lat="43.183561" lon="-3.469737"></trkpt>
<trkpt lat="43.183694" lon="-3.469871"></trkpt>
<trkpt lat="43.184010" lon="-3.470430"></trkpt>
<trkpt lat="43.184202" lon="-3.471177"></trkpt>
<trkpt lat="43.184464" lon="-3.471655"></trkpt>
<trkpt lat="43.184621" lon="-3.472007"></trkpt>
<trkpt lat="43.184695" lon="-3.472220"></trkpt>
<trkpt lat="43.184869" lon="-3.472920"></trkpt>
<trkpt lat="43.184946" lon="-3.473105"></trkpt>
<trkpt lat="43.185013" lon="-3.473197"></trkpt>
<trkpt lat="43.185170" lon="-3.473310"></trkpt>
<trkpt lat="43.185696" lon="-3.473464"></trkpt>
<trkpt lat="43.186721" lon="-3.474072"></trkpt>
<trkpt lat="43.187158" lon="-3.474354"></trkpt>
<trkpt lat="43.187312" lon="-3.474423"></trkpt>
<trkpt lat="43.187695" lon="-3.474524"></trkpt>
<trkpt lat="43.188064" lon="-3.474538"></trkpt>
<trkpt lat="43.188140" lon="-3.474525"></trkpt>
<trkpt lat="43.188380" lon="-3.474429"></trkpt>
<trkpt lat="43.188509" lon="-3.474422"></trkpt>
<trkpt lat="43.188986" lon="-3.474512"></trkpt>
<trkpt lat="43.189137" lon="-3.474534"></trkpt>
<trkpt lat="43.189264" lon="-3.474529"></trkpt>
<trkpt lat="43.189464" lon="-3.474442"></trkpt>
<trkpt lat="43.189660" lon="-3.474379"></trkpt>
<trkpt lat="43.189754" lon="-3.474412"></trkpt>
<trkpt lat="43.190014" lon="-3.474656"></trkpt>
<trkpt lat="43.190255" lon="-3.474767"></trkpt>
<trkpt lat="43.191275" lon="-3.474954"></trkpt>
<trkpt lat="43.191482" lon="-3.475014"></trkpt>
<trkpt lat="43.191908" lon="-3.475271"></trkpt>
<trkpt lat="43.191972" lon="-3.475284"></trkpt>
<trkpt lat="43.192710" lon="-3.475057"></trkpt>
<trkpt lat="43.193053" lon="-3.474906"></trkpt>
<trkpt lat="43.193433" lon="-3.474587"></trkpt>
<trkpt lat="43.193529" lon="-3.474405"></trkpt>
<trkpt lat="43.193533" lon="-3.474273"></trkpt>
<trkpt lat="43.193504" lon="-3.474163"></trkpt>
<trkpt lat="43.193429" lon="-3.474050"></trkpt>
<trkpt lat="43.192169" lon="-3.473165"></trkpt>
<trkpt lat="43.192014" lon="-3.473100"></trkpt>
<trkpt lat="43.191513" lon="-3.473047"></trkpt>
<trkpt lat="43.191403" lon="-3.472984"></trkpt>
<trkpt lat="43.191063" lon="-3.472550"></trkpt>
<trkpt lat="43.190868" lon="-3.472218"></trkpt>
<trkpt lat="43.190703" lon="-3.471879"></trkpt>
<trkpt lat="43.190576" lon="-3.471692"></trkpt>
<trkpt lat="43.190463" lon="-3.471598"></trkpt>
<trkpt lat="43.190217" lon="-3.471489"></trkpt>
<trkpt lat="43.190017" lon="-3.471341"></trkpt>
<trkpt lat="43.189842" lon="-3.471273"></trkpt>
<trkpt lat="43.189765" lon="-3.471212"></trkpt>
<trkpt lat="43.189746" lon="-3.471170"></trkpt>
<trkpt lat="43.189750" lon="-3.471068"></trkpt>
<trkpt lat="43.189768" lon="-3.471029"></trkpt>
<trkpt lat="43.189843" lon="-3.470996"></trkpt>
<trkpt lat="43.190132" lon="-3.471239"></trkpt>
<trkpt lat="43.190577" lon="-3.471354"></trkpt>
<trkpt lat="43.190824" lon="-3.471508"></trkpt>
<trkpt lat="43.191068" lon="-3.471759"></trkpt>
<trkpt lat="43.191446" lon="-3.472272"></trkpt>
<trkpt lat="43.191634" lon="-3.472392"></trkpt>
<trkpt lat="43.191770" lon="-3.472380"></trkpt>
<trkpt lat="43.192116" lon="-3.472265"></trkpt>
<trkpt lat="43.193139" lon="-3.472065"></trkpt>
<trkpt lat="43.193356" lon="-3.472076"></trkpt>
<trkpt lat="43.193452" lon="-3.472142"></trkpt>
<trkpt lat="43.193705" lon="-3.472475"></trkpt>
<trkpt lat="43.193852" lon="-3.472610"></trkpt>
<trkpt lat="43.193979" lon="-3.472680"></trkpt>
<trkpt lat="43.194189" lon="-3.472744"></trkpt>
<trkpt lat="43.194288" lon="-3.472810"></trkpt>
<trkpt lat="43.194666" lon="-3.473318"></trkpt>
<trkpt lat="43.194859" lon="-3.473467"></trkpt>
<trkpt lat="43.194965" lon="-3.473511"></trkpt>
<trkpt lat="43.195174" lon="-3.473537"></trkpt>
<trkpt lat="43.195618" lon="-3.473456"></trkpt>
<trkpt lat="43.195711" lon="-3.473521"></trkpt>
<trkpt lat="43.195922" lon="-3.473872"></trkpt>
<trkpt lat="43.196384" lon="-3.474522"></trkpt>
<trkpt lat="43.196671" lon="-3.474832"></trkpt>
<trkpt lat="43.196935" lon="-3.475033"></trkpt>
<trkpt lat="43.198274" lon="-3.475715"></trkpt>
<trkpt lat="43.199530" lon="-3.476204"></trkpt>
<trkpt lat="43.199843" lon="-3.476378"></trkpt>
<trkpt lat="43.199878" lon="-3.476428"></trkpt>
<trkpt lat="43.199890" lon="-3.476501"></trkpt>
<trkpt lat="43.199858" lon="-3.476591"></trkpt>
<trkpt lat="43.199775" lon="-3.476637"></trkpt>
<trkpt lat="43.199065" lon="-3.476748"></trkpt>
<trkpt lat="43.198824" lon="-3.476841"></trkpt>
<trkpt lat="43.198707" lon="-3.476930"></trkpt>
<trkpt lat="43.198462" lon="-3.477260"></trkpt>
<trkpt lat="43.198293" lon="-3.477393"></trkpt>
<trkpt lat="43.198203" lon="-3.477426"></trkpt>
<trkpt lat="43.197563" lon="-3.477501"></trkpt>
<trkpt lat="43.197499" lon="-3.477531"></trkpt>
<trkpt lat="43.197219" lon="-3.477797"></trkpt>
<trkpt lat="43.197057" lon="-3.477845"></trkpt>
<trkpt lat="43.196846" lon="-3.477845"></trkpt>
<trkpt lat="43.196713" lon="-3.477884"></trkpt>
<trkpt lat="43.196609" lon="-3.477985"></trkpt>
<trkpt lat="43.196437" lon="-3.478223"></trkpt>
<trkpt lat="43.196155" lon="-3.478502"></trkpt>
<trkpt lat="43.195826" lon="-3.478984"></trkpt>
<trkpt lat="43.195404" lon="-3.479300"></trkpt>
<trkpt lat="43.195135" lon="-3.479356"></trkpt>
<trkpt lat="43.194661" lon="-3.479207"></trkpt>
<trkpt lat="43.194478" lon="-3.479254"></trkpt>
<trkpt lat="43.194382" lon="-3.479416"></trkpt>
<trkpt lat="43.194199" lon="-3.479879"></trkpt>
<trkpt lat="43.194127" lon="-3.480014"></trkpt>
<trkpt lat="43.193965" lon="-3.480222"></trkpt>
<trkpt lat="43.193119" lon="-3.480778"></trkpt>
<trkpt lat="43.192881" lon="-3.480856"></trkpt>
<trkpt lat="43.192385" lon="-3.480925"></trkpt>
<trkpt lat="43.191848" lon="-3.481073"></trkpt>
<trkpt lat="43.191747" lon="-3.481143"></trkpt>
<trkpt lat="43.191560" lon="-3.481408"></trkpt>
<trkpt lat="43.191340" lon="-3.481515"></trkpt>
<trkpt lat="43.190452" lon="-3.481621"></trkpt>
<trkpt lat="43.189386" lon="-3.481948"></trkpt>
<trkpt lat="43.188508" lon="-3.482081"></trkpt>
<trkpt lat="43.188398" lon="-3.482153"></trkpt>
<trkpt lat="43.188359" lon="-3.482212"></trkpt>
<trkpt lat="43.188289" lon="-3.482464"></trkpt>
<trkpt lat="43.188200" lon="-3.482609"></trkpt>
<trkpt lat="43.188077" lon="-3.482657"></trkpt>
<trkpt lat="43.187783" lon="-3.482687"></trkpt>
<trkpt lat="43.187668" lon="-3.482746"></trkpt>
<trkpt lat="43.187642" lon="-3.482878"></trkpt>
<trkpt lat="43.187658" lon="-3.482936"></trkpt>
<trkpt lat="43.187782" lon="-3.482973"></trkpt>
<trkpt lat="43.188295" lon="-3.482879"></trkpt>
<trkpt lat="43.188578" lon="-3.482711"></trkpt>
<trkpt lat="43.188853" lon="-3.482629"></trkpt>
<trkpt lat="43.189048" lon="-3.482633"></trkpt>
<trkpt lat="43.189223" lon="-3.482677"></trkpt>
<trkpt lat="43.189845" lon="-3.482869"></trkpt>
<trkpt lat="43.190205" lon="-3.483028"></trkpt>
<trkpt lat="43.190848" lon="-3.483201"></trkpt>
<trkpt lat="43.190993" lon="-3.483274"></trkpt>
<trkpt lat="43.191322" lon="-3.483571"></trkpt>
<trkpt lat="43.191590" lon="-3.483693"></trkpt>
<trkpt lat="43.191670" lon="-3.483770"></trkpt>
<trkpt lat="43.191854" lon="-3.484020"></trkpt>
<trkpt lat="43.191981" lon="-3.484200"></trkpt>
<trkpt lat="43.192084" lon="-3.484281"></trkpt>
<trkpt lat="43.192241" lon="-3.484311"></trkpt>
<trkpt lat="43.192733" lon="-3.484375"></trkpt>
<trkpt lat="43.193253" lon="-3.484522"></trkpt>
<trkpt lat="43.194073" lon="-3.484252"></trkpt>
<trkpt lat="43.194304" lon="-3.484255"></trkpt>
<trkpt lat="43.194655" lon="-3.484339"></trkpt>
<trkpt lat="43.194911" lon="-3.484309"></trkpt>
<trkpt lat="43.195406" lon="-3.484188"></trkpt>
<trkpt lat="43.195899" lon="-3.484169"></trkpt>
<trkpt lat="43.196160" lon="-3.484197"></trkpt>
<trkpt lat="43.196327" lon="-3.484239"></trkpt>
<trkpt lat="43.196495" lon="-3.484329"></trkpt>
<trkpt lat="43.197463" lon="-3.485166"></trkpt>
<trkpt lat="43.197550" lon="-3.485219"></trkpt>
<trkpt lat="43.197693" lon="-3.485246"></trkpt>
<trkpt lat="43.197859" lon="-3.485142"></trkpt>
<trkpt lat="43.197939" lon="-3.485039"></trkpt>
<trkpt lat="43.198030" lon="-3.484729"></trkpt>
<trkpt lat="43.198224" lon="-3.484449"></trkpt>
<trkpt lat="43.198389" lon="-3.484386"></trkpt>
<trkpt lat="43.198499" lon="-3.484397"></trkpt>
<trkpt lat="43.198659" lon="-3.484498"></trkpt>
<trkpt lat="43.198932" lon="-3.484913"></trkpt>
<trkpt lat="43.199041" lon="-3.484975"></trkpt>
<trkpt lat="43.199112" lon="-3.484978"></trkpt>
<trkpt lat="43.199227" lon="-3.484923"></trkpt>
<trkpt lat="43.199402" lon="-3.484733"></trkpt>
<trkpt lat="43.199564" lon="-3.484616"></trkpt>
<trkpt lat="43.199726" lon="-3.484621"></trkpt>
<trkpt lat="43.200492" lon="-3.484787"></trkpt>
<trkpt lat="43.200801" lon="-3.484815"></trkpt>
<trkpt lat="43.201015" lon="-3.484709"></trkpt>
<trkpt lat="43.201265" lon="-3.484415"></trkpt>
<trkpt lat="43.201405" lon="-3.484332"></trkpt>
<trkpt lat="43.201491" lon="-3.484312"></trkpt>
<trkpt lat="43.201811" lon="-3.484339"></trkpt>
<trkpt lat="43.202327" lon="-3.484429"></trkpt>
<trkpt lat="43.202741" lon="-3.484515"></trkpt>
<trkpt lat="43.203174" lon="-3.484548"></trkpt>
<trkpt lat="43.203621" lon="-3.484652"></trkpt>
<trkpt lat="43.204012" lon="-3.484554"></trkpt>
<trkpt lat="43.204391" lon="-3.484763"></trkpt>
<trkpt lat="43.204656" lon="-3.484830"></trkpt>
<trkpt lat="43.204841" lon="-3.484810"></trkpt>
<trkpt lat="43.205159" lon="-3.484640"></trkpt>
<trkpt lat="43.205234" lon="-3.484610"></trkpt>
<trkpt lat="43.205304" lon="-3.484620"></trkpt>
<trkpt lat="43.205408" lon="-3.484679"></trkpt>
<trkpt lat="43.205739" lon="-3.484985"></trkpt>
<trkpt lat="43.206133" lon="-3.485172"></trkpt>
<trkpt lat="43.206252" lon="-3.485338"></trkpt>
<trkpt lat="43.206312" lon="-3.485596"></trkpt>
<trkpt lat="43.206298" lon="-3.485736"></trkpt>
<trkpt lat="43.206240" lon="-3.485913"></trkpt>
<trkpt lat="43.206015" lon="-3.486207"></trkpt>
<trkpt lat="43.205795" lon="-3.486677"></trkpt>
<trkpt lat="43.205631" lon="-3.487202"></trkpt>
<trkpt lat="43.205511" lon="-3.487920"></trkpt>
<trkpt lat="43.205457" lon="-3.488135"></trkpt>
<trkpt lat="43.205349" lon="-3.488377"></trkpt>
<trkpt lat="43.205141" lon="-3.488682"></trkpt>
<trkpt lat="43.205120" lon="-3.488813"></trkpt>
<trkpt lat="43.205136" lon="-3.488902"></trkpt>
<trkpt lat="43.205166" lon="-3.489007"></trkpt>
<trkpt lat="43.205080" lon="-3.489057"></trkpt>
<trkpt lat="43.204660" lon="-3.489157"></trkpt>
<trkpt lat="43.204470" lon="-3.489244"></trkpt>
<trkpt lat="43.204228" lon="-3.489473"></trkpt>
<trkpt lat="43.204069" lon="-3.489784"></trkpt>
<trkpt lat="43.203968" lon="-3.490073"></trkpt>
<trkpt lat="43.203899" lon="-3.490465"></trkpt>
<trkpt lat="43.203885" lon="-3.490846"></trkpt>
<trkpt lat="43.203910" lon="-3.490996"></trkpt>
<trkpt lat="43.203988" lon="-3.491220"></trkpt>
<trkpt lat="43.204324" lon="-3.491865"></trkpt>
<trkpt lat="43.204680" lon="-3.492414"></trkpt>
<trkpt lat="43.204763" lon="-3.492631"></trkpt>
<trkpt lat="43.204772" lon="-3.492720"></trkpt>
<trkpt lat="43.204744" lon="-3.492925"></trkpt>
<trkpt lat="43.204569" lon="-3.493394"></trkpt>
<trkpt lat="43.203974" lon="-3.494798"></trkpt>
<trkpt lat="43.203919" lon="-3.494993"></trkpt>
<trkpt lat="43.203770" lon="-3.496120"></trkpt>
<trkpt lat="43.203676" lon="-3.496506"></trkpt>
<trkpt lat="43.203600" lon="-3.496677"></trkpt>
<trkpt lat="43.203510" lon="-3.496769"></trkpt>
<trkpt lat="43.203442" lon="-3.496794"></trkpt>
<trkpt lat="43.202870" lon="-3.496825"></trkpt>
<trkpt lat="43.202729" lon="-3.496930"></trkpt>
<trkpt lat="43.202641" lon="-3.497069"></trkpt>
<trkpt lat="43.202554" lon="-3.497293"></trkpt>
<trkpt lat="43.202454" lon="-3.497903"></trkpt>
<trkpt lat="43.202443" lon="-3.498282"></trkpt>
<trkpt lat="43.202773" lon="-3.499871"></trkpt>
<trkpt lat="43.202873" lon="-3.500491"></trkpt>
<trkpt lat="43.202875" lon="-3.501171"></trkpt>
<trkpt lat="43.202839" lon="-3.501451"></trkpt>
<trkpt lat="43.202735" lon="-3.501922"></trkpt>
<trkpt lat="43.202602" lon="-3.502183"></trkpt>
<trkpt lat="43.202356" lon="-3.502373"></trkpt>
<trkpt lat="43.201734" lon="-3.502657"></trkpt>
<trkpt lat="43.201681" lon="-3.502710"></trkpt>
<trkpt lat="43.201651" lon="-3.502813"></trkpt>
<trkpt lat="43.201647" lon="-3.502842"></trkpt>
<trkpt lat="43.201676" lon="-3.503198"></trkpt>
<trkpt lat="43.201660" lon="-3.503289"></trkpt>
<trkpt lat="43.201609" lon="-3.503362"></trkpt>
<trkpt lat="43.201505" lon="-3.503417"></trkpt>
<trkpt lat="43.201231" lon="-3.503511"></trkpt>
<trkpt lat="43.200706" lon="-3.503697"></trkpt>
<trkpt lat="43.200471" lon="-3.503900"></trkpt>
<trkpt lat="43.200401" lon="-3.504000"></trkpt>
<trkpt lat="43.200294" lon="-3.504293"></trkpt>
<trkpt lat="43.200129" lon="-3.504973"></trkpt>
<trkpt lat="43.200080" lon="-3.505099"></trkpt>
<trkpt lat="43.199910" lon="-3.505335"></trkpt>
<trkpt lat="43.199760" lon="-3.505461"></trkpt>
<trkpt lat="43.198747" lon="-3.505966"></trkpt>
<trkpt lat="43.198459" lon="-3.506167"></trkpt>
<trkpt lat="43.197059" lon="-3.507350"></trkpt>
<trkpt lat="43.195333" lon="-3.507962"></trkpt>
<trkpt lat="43.195225" lon="-3.508079"></trkpt>
<trkpt lat="43.194913" lon="-3.508571"></trkpt>
<trkpt lat="43.194851" lon="-3.508669"></trkpt>
<trkpt lat="43.194585" lon="-3.508896"></trkpt>
<trkpt lat="43.194195" lon="-3.509088"></trkpt>
<trkpt lat="43.193976" lon="-3.509253"></trkpt>
<trkpt lat="43.193807" lon="-3.509456"></trkpt>
<trkpt lat="43.193515" lon="-3.509829"></trkpt>
<trkpt lat="43.193280" lon="-3.510085"></trkpt>
<trkpt lat="43.192483" lon="-3.510761"></trkpt>
<trkpt lat="43.192214" lon="-3.511206"></trkpt>
<trkpt lat="43.191985" lon="-3.511465"></trkpt>
<trkpt lat="43.191529" lon="-3.511706"></trkpt>
<trkpt lat="43.191440" lon="-3.511796"></trkpt>
<trkpt lat="43.191380" lon="-3.511885"></trkpt>
<trkpt lat="43.191261" lon="-3.512226"></trkpt>
<trkpt lat="43.191077" lon="-3.512452"></trkpt>
<trkpt lat="43.190937" lon="-3.512550"></trkpt>
<trkpt lat="43.190714" lon="-3.512967"></trkpt>
<trkpt lat="43.190578" lon="-3.512993"></trkpt>
<trkpt lat="43.190425" lon="-3.512870"></trkpt>
<trkpt lat="43.190282" lon="-3.512837"></trkpt>
<trkpt lat="43.190178" lon="-3.512883"></trkpt>
<trkpt lat="43.189925" lon="-3.513083"></trkpt>
<trkpt lat="43.189686" lon="-3.513196"></trkpt>
<trkpt lat="43.189468" lon="-3.513233"></trkpt>
<trkpt lat="43.188932" lon="-3.513194"></trkpt>
<trkpt lat="43.188718" lon="-3.513235"></trkpt>
<trkpt lat="43.188395" lon="-3.513394"></trkpt>
<trkpt lat="43.188161" lon="-3.513612"></trkpt>
<trkpt lat="43.187891" lon="-3.513959"></trkpt>
<trkpt lat="43.187796" lon="-3.513933"></trkpt>
<trkpt lat="43.187650" lon="-3.513975"></trkpt>
<trkpt lat="43.187404" lon="-3.514214"></trkpt>
<trkpt lat="43.187273" lon="-3.514274"></trkpt>
<trkpt lat="43.187079" lon="-3.514295"></trkpt>
<trkpt lat="43.186935" lon="-3.514212"></trkpt>
<trkpt lat="43.186835" lon="-3.514084"></trkpt>
<trkpt lat="43.186427" lon="-3.513762"></trkpt>
<trkpt lat="43.186170" lon="-3.513671"></trkpt>
<trkpt lat="43.185894" lon="-3.513688"></trkpt>
<trkpt lat="43.185647" lon="-3.513793"></trkpt>
<trkpt lat="43.185413" lon="-3.513979"></trkpt>
<trkpt lat="43.185176" lon="-3.514199"></trkpt>
<trkpt lat="43.185040" lon="-3.514377"></trkpt>
<trkpt lat="43.184984" lon="-3.514543"></trkpt>
<trkpt lat="43.184951" lon="-3.514997"></trkpt>
<trkpt lat="43.184911" lon="-3.515041"></trkpt>
<trkpt lat="43.184841" lon="-3.515066"></trkpt>
<trkpt lat="43.184777" lon="-3.515031"></trkpt>
<trkpt lat="43.184744" lon="-3.514966"></trkpt>
<trkpt lat="43.184768" lon="-3.514670"></trkpt>
<trkpt lat="43.184734" lon="-3.514495"></trkpt>
<trkpt lat="43.184625" lon="-3.514321"></trkpt>
<trkpt lat="43.184531" lon="-3.514279"></trkpt>
<trkpt lat="43.184469" lon="-3.514335"></trkpt>
<trkpt lat="43.184172" lon="-3.515274"></trkpt>
<trkpt lat="43.184116" lon="-3.515382"></trkpt>
<trkpt lat="43.183935" lon="-3.515578"></trkpt>
<trkpt lat="43.183680" lon="-3.515912"></trkpt>
<trkpt lat="43.183529" lon="-3.516049"></trkpt>
<trkpt lat="43.183347" lon="-3.516165"></trkpt>
<trkpt lat="43.183138" lon="-3.516260"></trkpt>
<trkpt lat="43.183043" lon="-3.516262"></trkpt>
<trkpt lat="43.182786" lon="-3.516179"></trkpt>
<trkpt lat="43.182672" lon="-3.516023"></trkpt>
<trkpt lat="43.182584" lon="-3.515781"></trkpt>
<trkpt lat="43.182394" lon="-3.515522"></trkpt>
<trkpt lat="43.182272" lon="-3.515532"></trkpt>
<trkpt lat="43.182232" lon="-3.515610"></trkpt>
<trkpt lat="43.182228" lon="-3.515692"></trkpt>
<trkpt lat="43.182250" lon="-3.515754"></trkpt>
<trkpt lat="43.182416" lon="-3.515934"></trkpt>
<trkpt lat="43.182434" lon="-3.516064"></trkpt>
<trkpt lat="43.182384" lon="-3.516180"></trkpt>
<trkpt lat="43.182221" lon="-3.516353"></trkpt>
<trkpt lat="43.182083" lon="-3.516590"></trkpt>
<trkpt lat="43.181963" lon="-3.516911"></trkpt>
<trkpt lat="43.181317" lon="-3.517592"></trkpt>
<trkpt lat="43.181107" lon="-3.517962"></trkpt>
<trkpt lat="43.180787" lon="-3.518683"></trkpt>
<trkpt lat="43.180739" lon="-3.518878"></trkpt>
<trkpt lat="43.180726" lon="-3.519180"></trkpt>
<trkpt lat="43.180588" lon="-3.519716"></trkpt>
<trkpt lat="43.180496" lon="-3.520184"></trkpt>
<trkpt lat="43.180567" lon="-3.521210"></trkpt>
<trkpt lat="43.180573" lon="-3.521392"></trkpt>
<trkpt lat="43.180547" lon="-3.521498"></trkpt>
<trkpt lat="43.180504" lon="-3.521555"></trkpt>
<trkpt lat="43.180436" lon="-3.521564"></trkpt>
<trkpt lat="43.180374" lon="-3.521513"></trkpt>
<trkpt lat="43.180345" lon="-3.521405"></trkpt>
<trkpt lat="43.180363" lon="-3.521047"></trkpt>
<trkpt lat="43.180251" lon="-3.520099"></trkpt>
<trkpt lat="43.180256" lon="-3.519882"></trkpt>
<trkpt lat="43.180344" lon="-3.519143"></trkpt>
<trkpt lat="43.180332" lon="-3.519074"></trkpt>
<trkpt lat="43.180282" lon="-3.519028"></trkpt>
<trkpt lat="43.180229" lon="-3.519019"></trkpt>
<trkpt lat="43.180168" lon="-3.519059"></trkpt>
<trkpt lat="43.180136" lon="-3.519143"></trkpt>
<trkpt lat="43.180168" lon="-3.519400"></trkpt>
<trkpt lat="43.180149" lon="-3.519828"></trkpt>
<trkpt lat="43.180079" lon="-3.520097"></trkpt>
<trkpt lat="43.180003" lon="-3.521127"></trkpt>
<trkpt lat="43.179960" lon="-3.521353"></trkpt>
<trkpt lat="43.179766" lon="-3.521912"></trkpt>
<trkpt lat="43.179695" lon="-3.522198"></trkpt>
<trkpt lat="43.179649" lon="-3.522267"></trkpt>
<trkpt lat="43.179569" lon="-3.522259"></trkpt>
<trkpt lat="43.179521" lon="-3.522227"></trkpt>
<trkpt lat="43.179498" lon="-3.522162"></trkpt>
<trkpt lat="43.179515" lon="-3.522040"></trkpt>
<trkpt lat="43.179651" lon="-3.521738"></trkpt>
<trkpt lat="43.179728" lon="-3.521434"></trkpt>
<trkpt lat="43.179747" lon="-3.521270"></trkpt>
<trkpt lat="43.179718" lon="-3.521016"></trkpt>
<trkpt lat="43.179615" lon="-3.520848"></trkpt>
<trkpt lat="43.179541" lon="-3.520796"></trkpt>
<trkpt lat="43.179454" lon="-3.520762"></trkpt>
<trkpt lat="43.179355" lon="-3.520768"></trkpt>
<trkpt lat="43.179246" lon="-3.520824"></trkpt>
<trkpt lat="43.179088" lon="-3.520991"></trkpt>
<trkpt lat="43.178637" lon="-3.521852"></trkpt>
<trkpt lat="43.178341" lon="-3.522310"></trkpt>
<trkpt lat="43.178298" lon="-3.522409"></trkpt>
<trkpt lat="43.178292" lon="-3.522474"></trkpt>
<trkpt lat="43.178342" lon="-3.522579"></trkpt>
<trkpt lat="43.178467" lon="-3.522591"></trkpt>
<trkpt lat="43.178533" lon="-3.522489"></trkpt>
<trkpt lat="43.178616" lon="-3.522208"></trkpt>
<trkpt lat="43.178831" lon="-3.521889"></trkpt>
<trkpt lat="43.178975" lon="-3.521846"></trkpt>
<trkpt lat="43.179043" lon="-3.521885"></trkpt>
<trkpt lat="43.179068" lon="-3.522064"></trkpt>
<trkpt lat="43.179019" lon="-3.522365"></trkpt>
<trkpt lat="43.179018" lon="-3.522601"></trkpt>
<trkpt lat="43.179108" lon="-3.523135"></trkpt>
<trkpt lat="43.179263" lon="-3.523778"></trkpt>
<trkpt lat="43.179242" lon="-3.524016"></trkpt>
<trkpt lat="43.179141" lon="-3.524210"></trkpt>
<trkpt lat="43.178985" lon="-3.524309"></trkpt>
<trkpt lat="43.178158" lon="-3.524474"></trkpt>
<trkpt lat="43.177999" lon="-3.524525"></trkpt>
<trkpt lat="43.178002" lon="-3.524582"></trkpt>
<trkpt lat="43.177845" lon="-3.524831"></trkpt>
<trkpt lat="43.177541" lon="-3.525183"></trkpt>
<trkpt lat="43.177459" lon="-3.525283"></trkpt>
<trkpt lat="43.177436" lon="-3.525348"></trkpt>
<trkpt lat="43.177347" lon="-3.526138"></trkpt>
<trkpt lat="43.177205" lon="-3.526879"></trkpt>
<trkpt lat="43.177038" lon="-3.527482"></trkpt>
<trkpt lat="43.176369" lon="-3.528752"></trkpt>
<trkpt lat="43.176301" lon="-3.528913"></trkpt>
<trkpt lat="43.176164" lon="-3.529305"></trkpt>
<trkpt lat="43.175946" lon="-3.529898"></trkpt>
<trkpt lat="43.175890" lon="-3.530355"></trkpt>
<trkpt lat="43.175755" lon="-3.530729"></trkpt>
<trkpt lat="43.175740" lon="-3.530873"></trkpt>
<trkpt lat="43.175778" lon="-3.530988"></trkpt>
<trkpt lat="43.175864" lon="-3.531054"></trkpt>
<trkpt lat="43.176193" lon="-3.530956"></trkpt>
<trkpt lat="43.176312" lon="-3.530952"></trkpt>
<trkpt lat="43.176431" lon="-3.531009"></trkpt>
<trkpt lat="43.176607" lon="-3.531198"></trkpt>
<trkpt lat="43.176735" lon="-3.531463"></trkpt>
<trkpt lat="43.176818" lon="-3.531565"></trkpt>
<trkpt lat="43.176997" lon="-3.531678"></trkpt>
<trkpt lat="43.177267" lon="-3.531726"></trkpt>
<trkpt lat="43.177536" lon="-3.531736"></trkpt>
<trkpt lat="43.177641" lon="-3.531687"></trkpt>
<trkpt lat="43.177821" lon="-3.531502"></trkpt>
<trkpt lat="43.177904" lon="-3.531480"></trkpt>
<trkpt lat="43.177983" lon="-3.531524"></trkpt>
<trkpt lat="43.177993" lon="-3.531674"></trkpt>
<trkpt lat="43.177579" lon="-3.532404"></trkpt>
<trkpt lat="43.177569" lon="-3.532485"></trkpt>
<trkpt lat="43.177589" lon="-3.532564"></trkpt>
<trkpt lat="43.177656" lon="-3.532608"></trkpt>
<trkpt lat="43.177967" lon="-3.532552"></trkpt>
<trkpt lat="43.178138" lon="-3.532606"></trkpt>
<trkpt lat="43.178654" lon="-3.532978"></trkpt>
<trkpt lat="43.178849" lon="-3.533224"></trkpt>
<trkpt lat="43.178934" lon="-3.533457"></trkpt>
<trkpt lat="43.179166" lon="-3.533810"></trkpt>
<trkpt lat="43.179196" lon="-3.533908"></trkpt>
<trkpt lat="43.179187" lon="-3.534102"></trkpt>
<trkpt lat="43.179066" lon="-3.534524"></trkpt>
<trkpt lat="43.178998" lon="-3.534760"></trkpt>
<trkpt lat="43.178864" lon="-3.535080"></trkpt>
<trkpt lat="43.178783" lon="-3.535429"></trkpt>
<trkpt lat="43.178730" lon="-3.535706"></trkpt>
<trkpt lat="43.178653" lon="-3.536386"></trkpt>
<trkpt lat="43.178322" lon="-3.537666"></trkpt>
<trkpt lat="43.178248" lon="-3.538110"></trkpt>
<trkpt lat="43.178171" lon="-3.538324"></trkpt>
<trkpt lat="43.177924" lon="-3.538828"></trkpt>
<trkpt lat="43.177741" lon="-3.539067"></trkpt>
<trkpt lat="43.177333" lon="-3.539876"></trkpt>
<trkpt lat="43.177323" lon="-3.540038"></trkpt>
<trkpt lat="43.177466" lon="-3.541221"></trkpt>
<trkpt lat="43.177616" lon="-3.542155"></trkpt>
<trkpt lat="43.177743" lon="-3.542377"></trkpt>
<trkpt lat="43.177864" lon="-3.542475"></trkpt>
<trkpt lat="43.178008" lon="-3.542568"></trkpt>
<trkpt lat="43.178135" lon="-3.542610"></trkpt>
<trkpt lat="43.178402" lon="-3.542630"></trkpt>
<trkpt lat="43.178836" lon="-3.542610"></trkpt>
<trkpt lat="43.179328" lon="-3.542523"></trkpt>
<trkpt lat="43.179528" lon="-3.542563"></trkpt>
<trkpt lat="43.179587" lon="-3.542684"></trkpt>
<trkpt lat="43.179609" lon="-3.542802"></trkpt>
<trkpt lat="43.179559" lon="-3.543558"></trkpt>
<trkpt lat="43.179595" lon="-3.543734"></trkpt>
<trkpt lat="43.179611" lon="-3.543797"></trkpt>
<trkpt lat="43.179730" lon="-3.543941"></trkpt>
<trkpt lat="43.179890" lon="-3.544044"></trkpt>
<trkpt lat="43.179969" lon="-3.544148"></trkpt>
<trkpt lat="43.179985" lon="-3.544285"></trkpt>
<trkpt lat="43.179874" lon="-3.544733"></trkpt>
<trkpt lat="43.179716" lon="-3.545076"></trkpt>
<trkpt lat="43.179403" lon="-3.545552"></trkpt>
<trkpt lat="43.178803" lon="-3.546305"></trkpt>
<trkpt lat="43.178469" lon="-3.546664"></trkpt>
<trkpt lat="43.178275" lon="-3.547191"></trkpt>
<trkpt lat="43.178219" lon="-3.547427"></trkpt>
<trkpt lat="43.178131" lon="-3.547663"></trkpt>
<trkpt lat="43.178011" lon="-3.547856"></trkpt>
<trkpt lat="43.177863" lon="-3.547962"></trkpt>
<trkpt lat="43.177546" lon="-3.548071"></trkpt>
<trkpt lat="43.176334" lon="-3.548702"></trkpt>
<trkpt lat="43.176221" lon="-3.548779"></trkpt>
<trkpt lat="43.176176" lon="-3.548939"></trkpt>
<trkpt lat="43.176208" lon="-3.549173"></trkpt>
<trkpt lat="43.176415" lon="-3.549513"></trkpt>
<trkpt lat="43.176685" lon="-3.549765"></trkpt>
<trkpt lat="43.177033" lon="-3.550029"></trkpt>
<trkpt lat="43.177093" lon="-3.550139"></trkpt>
<trkpt lat="43.177161" lon="-3.550476"></trkpt>
<trkpt lat="43.177166" lon="-3.551113"></trkpt>
<trkpt lat="43.177269" lon="-3.551345"></trkpt>
<trkpt lat="43.177386" lon="-3.551437"></trkpt>
<trkpt lat="43.177826" lon="-3.551474"></trkpt>
<trkpt lat="43.177983" lon="-3.551535"></trkpt>
<trkpt lat="43.178121" lon="-3.551667"></trkpt>
<trkpt lat="43.177983" lon="-3.552330"></trkpt>
<trkpt lat="43.177989" lon="-3.553614"></trkpt>
<trkpt lat="43.177951" lon="-3.554071"></trkpt>
<trkpt lat="43.177905" lon="-3.554325"></trkpt>
<trkpt lat="43.177811" lon="-3.554665"></trkpt>
<trkpt lat="43.177660" lon="-3.555163"></trkpt>
<trkpt lat="43.177614" lon="-3.555434"></trkpt>
<trkpt lat="43.177607" lon="-3.556014"></trkpt>
<trkpt lat="43.178008" lon="-3.557330"></trkpt>
<trkpt lat="43.178381" lon="-3.558070"></trkpt>
<trkpt lat="43.178469" lon="-3.558344"></trkpt>
<trkpt lat="43.178494" lon="-3.558611"></trkpt>
<trkpt lat="43.178490" lon="-3.558833"></trkpt>
<trkpt lat="43.178431" lon="-3.559333"></trkpt>
<trkpt lat="43.178424" lon="-3.559657"></trkpt>
<trkpt lat="43.178276" lon="-3.560311"></trkpt>
<trkpt lat="43.178191" lon="-3.560504"></trkpt>
<trkpt lat="43.177864" lon="-3.560709"></trkpt>
<trkpt lat="43.177245" lon="-3.560849"></trkpt>
<trkpt lat="43.176910" lon="-3.560776"></trkpt>
<trkpt lat="43.176309" lon="-3.560804"></trkpt>
<trkpt lat="43.176027" lon="-3.560783"></trkpt>
<trkpt lat="43.174461" lon="-3.560082"></trkpt>
<trkpt lat="43.174317" lon="-3.560051"></trkpt>
<trkpt lat="43.174120" lon="-3.560054"></trkpt>
<trkpt lat="43.173983" lon="-3.560107"></trkpt>
<trkpt lat="43.173888" lon="-3.560269"></trkpt>
<trkpt lat="43.173814" lon="-3.560534"></trkpt>
<trkpt lat="43.173623" lon="-3.561240"></trkpt>
<trkpt lat="43.173630" lon="-3.561459"></trkpt>
<trkpt lat="43.173701" lon="-3.561701"></trkpt>
<trkpt lat="43.174024" lon="-3.562217"></trkpt>
<trkpt lat="43.174067" lon="-3.562348"></trkpt>
<trkpt lat="43.174282" lon="-3.563566"></trkpt>
<trkpt lat="43.174289" lon="-3.564104"></trkpt>
<trkpt lat="43.174250" lon="-3.565149"></trkpt>
<trkpt lat="43.174261" lon="-3.565385"></trkpt>
<trkpt lat="43.174303" lon="-3.565589"></trkpt>
<trkpt lat="43.174398" lon="-3.565793"></trkpt>
<trkpt lat="43.175148" lon="-3.566529"></trkpt>
<trkpt lat="43.175405" lon="-3.566788"></trkpt>
<trkpt lat="43.175452" lon="-3.566851"></trkpt>
<trkpt lat="43.175499" lon="-3.566945"></trkpt>
<trkpt lat="43.175576" lon="-3.567146"></trkpt>
<trkpt lat="43.175637" lon="-3.567391"></trkpt>
<trkpt lat="43.175751" lon="-3.568764"></trkpt>
<trkpt lat="43.175747" lon="-3.568994"></trkpt>
<trkpt lat="43.175675" lon="-3.569419"></trkpt>
<trkpt lat="43.175625" lon="-3.569534"></trkpt>
<trkpt lat="43.175546" lon="-3.569922"></trkpt>
<trkpt lat="43.175519" lon="-3.570133"></trkpt>
<trkpt lat="43.175488" lon="-3.570667"></trkpt>
<trkpt lat="43.175492" lon="-3.570825"></trkpt>
<trkpt lat="43.175520" lon="-3.570931"></trkpt>
<trkpt lat="43.175603" lon="-3.571072"></trkpt>
<trkpt lat="43.175762" lon="-3.571219"></trkpt>
<trkpt lat="43.175963" lon="-3.571277"></trkpt>
<trkpt lat="43.176097" lon="-3.571257"></trkpt>
<trkpt lat="43.176330" lon="-3.571118"></trkpt>
<trkpt lat="43.176562" lon="-3.570894"></trkpt>
<trkpt lat="43.176609" lon="-3.570834"></trkpt>
<trkpt lat="43.176709" lon="-3.570614"></trkpt>
<trkpt lat="43.177209" lon="-3.570350"></trkpt>
<trkpt lat="43.177395" lon="-3.570339"></trkpt>
<trkpt lat="43.177834" lon="-3.570412"></trkpt>
<trkpt lat="43.178640" lon="-3.570094"></trkpt>
<trkpt lat="43.178781" lon="-3.570089"></trkpt>
<trkpt lat="43.179161" lon="-3.570177"></trkpt>
<trkpt lat="43.179442" lon="-3.570203"></trkpt>
<trkpt lat="43.180123" lon="-3.569992"></trkpt>
<trkpt lat="43.180343" lon="-3.569862"></trkpt>
<trkpt lat="43.180568" lon="-3.569572"></trkpt>
<trkpt lat="43.180689" lon="-3.569505"></trkpt>
<trkpt lat="43.180775" lon="-3.569554"></trkpt>
<trkpt lat="43.180880" lon="-3.569769"></trkpt>
<trkpt lat="43.180962" lon="-3.570089"></trkpt>
<trkpt lat="43.181057" lon="-3.570663"></trkpt>
<trkpt lat="43.181107" lon="-3.570746"></trkpt>
<trkpt lat="43.181351" lon="-3.570963"></trkpt>
<trkpt lat="43.181580" lon="-3.571116"></trkpt>
<trkpt lat="43.181665" lon="-3.571148"></trkpt>
<trkpt lat="43.182269" lon="-3.571594"></trkpt>
<trkpt lat="43.182481" lon="-3.571786"></trkpt>
<trkpt lat="43.182555" lon="-3.571916"></trkpt>
<trkpt lat="43.182589" lon="-3.571926"></trkpt>
<trkpt lat="43.182672" lon="-3.571893"></trkpt>
<trkpt lat="43.182702" lon="-3.571652"></trkpt>
<trkpt lat="43.182763" lon="-3.571455"></trkpt>
<trkpt lat="43.182699" lon="-3.571124"></trkpt>
<trkpt lat="43.182688" lon="-3.570898"></trkpt>
<trkpt lat="43.182678" lon="-3.570609"></trkpt>
<trkpt lat="43.182689" lon="-3.570363"></trkpt>
<trkpt lat="43.182716" lon="-3.570239"></trkpt>
<trkpt lat="43.182715" lon="-3.570385"></trkpt>
<trkpt lat="43.182807" lon="-3.570777"></trkpt>
<trkpt lat="43.182921" lon="-3.571242"></trkpt>
<trkpt lat="43.183122" lon="-3.571785"></trkpt>
<trkpt lat="43.183178" lon="-3.572148"></trkpt>
<trkpt lat="43.183262" lon="-3.573109"></trkpt>
<trkpt lat="43.183290" lon="-3.573227"></trkpt>
<trkpt lat="43.183329" lon="-3.573293"></trkpt>
<trkpt lat="43.183371" lon="-3.573306"></trkpt>
<trkpt lat="43.183427" lon="-3.573277"></trkpt>
<trkpt lat="43.183482" lon="-3.573163"></trkpt>
<trkpt lat="43.183535" lon="-3.572792"></trkpt>
<trkpt lat="43.183588" lon="-3.572642"></trkpt>
<trkpt lat="43.183684" lon="-3.572635"></trkpt>
<trkpt lat="43.183761" lon="-3.572685"></trkpt>
<trkpt lat="43.183915" lon="-3.572859"></trkpt>
<trkpt lat="43.184015" lon="-3.572885"></trkpt>
<trkpt lat="43.184227" lon="-3.572598"></trkpt>
<trkpt lat="43.184349" lon="-3.572220"></trkpt>
<trkpt lat="43.184646" lon="-3.571830"></trkpt>
<trkpt lat="43.185013" lon="-3.571529"></trkpt>
<trkpt lat="43.185183" lon="-3.571308"></trkpt>
<trkpt lat="43.185608" lon="-3.571133"></trkpt>
<trkpt lat="43.185929" lon="-3.570767"></trkpt>
<trkpt lat="43.186265" lon="-3.570206"></trkpt>
<trkpt lat="43.186497" lon="-3.569711"></trkpt>
<trkpt lat="43.186611" lon="-3.569556"></trkpt>
<trkpt lat="43.186666" lon="-3.569533"></trkpt>
<trkpt lat="43.186782" lon="-3.569560"></trkpt>
<trkpt lat="43.187671" lon="-3.570458"></trkpt>
<trkpt lat="43.188406" lon="-3.571155"></trkpt>
<trkpt lat="43.188520" lon="-3.571218"></trkpt>
<trkpt lat="43.188819" lon="-3.571213"></trkpt>
<trkpt lat="43.189148" lon="-3.571130"></trkpt>
<trkpt lat="43.189270" lon="-3.571140"></trkpt>
<trkpt lat="43.189046" lon="-3.571686"></trkpt>
<trkpt lat="43.188857" lon="-3.572144"></trkpt>
<trkpt lat="43.188469" lon="-3.573193"></trkpt>
<trkpt lat="43.188251" lon="-3.573804"></trkpt>
<trkpt lat="43.188065" lon="-3.574239"></trkpt>
<trkpt lat="43.187763" lon="-3.574783"></trkpt>
<trkpt lat="43.187514" lon="-3.575176"></trkpt>
<trkpt lat="43.187291" lon="-3.575465"></trkpt>
<trkpt lat="43.186576" lon="-3.576141"></trkpt>
<trkpt lat="43.186538" lon="-3.576170"></trkpt>
<trkpt lat="43.186157" lon="-3.576542"></trkpt>
<trkpt lat="43.186080" lon="-3.576707"></trkpt>
<trkpt lat="43.186029" lon="-3.576934"></trkpt>
<trkpt lat="43.186029" lon="-3.577264"></trkpt>
<trkpt lat="43.186071" lon="-3.577626"></trkpt>
<trkpt lat="43.186245" lon="-3.578245"></trkpt>
<trkpt lat="43.186365" lon="-3.578589"></trkpt>
<trkpt lat="43.187286" lon="-3.581493"></trkpt>
<trkpt lat="43.187405" lon="-3.581769"></trkpt>
<trkpt lat="43.187514" lon="-3.581992"></trkpt>
<trkpt lat="43.188088" lon="-3.582946"></trkpt>
<trkpt lat="43.188200" lon="-3.583086"></trkpt>
<trkpt lat="43.188372" lon="-3.583184"></trkpt>
<trkpt lat="43.188826" lon="-3.583180"></trkpt>
<trkpt lat="43.189031" lon="-3.583253"></trkpt>
<trkpt lat="43.189165" lon="-3.583395"></trkpt>
<trkpt lat="43.189395" lon="-3.583849"></trkpt>
<trkpt lat="43.189470" lon="-3.583951"></trkpt>
<trkpt lat="43.189604" lon="-3.584063"></trkpt>
<trkpt lat="43.189931" lon="-3.584262"></trkpt>
<trkpt lat="43.190125" lon="-3.584272"></trkpt>
<trkpt lat="43.190516" lon="-3.584146"></trkpt>
<trkpt lat="43.190995" lon="-3.584062"></trkpt>
<trkpt lat="43.191699" lon="-3.583792"></trkpt>
<trkpt lat="43.191878" lon="-3.583778"></trkpt>
<trkpt lat="43.191954" lon="-3.583862"></trkpt>
<trkpt lat="43.191592" lon="-3.584063"></trkpt>
<trkpt lat="43.190906" lon="-3.584581"></trkpt>
<trkpt lat="43.190603" lon="-3.584775"></trkpt>
<trkpt lat="43.190412" lon="-3.585034"></trkpt>
<trkpt lat="43.190275" lon="-3.585141"></trkpt>
<trkpt lat="43.190195" lon="-3.585182"></trkpt>
<trkpt lat="43.190052" lon="-3.585192"></trkpt>
<trkpt lat="43.189872" lon="-3.585095"></trkpt>
<trkpt lat="43.189794" lon="-3.585102"></trkpt>
<trkpt lat="43.189487" lon="-3.585384"></trkpt>
<trkpt lat="43.189201" lon="-3.585526"></trkpt>
<trkpt lat="43.188781" lon="-3.585514"></trkpt>
<trkpt lat="43.188407" lon="-3.585357"></trkpt>
<trkpt lat="43.188155" lon="-3.585366"></trkpt>
<trkpt lat="43.187847" lon="-3.585437"></trkpt>
<trkpt lat="43.187619" lon="-3.585377"></trkpt>
<trkpt lat="43.187397" lon="-3.585392"></trkpt>
<trkpt lat="43.186959" lon="-3.585574"></trkpt>
<trkpt lat="43.186638" lon="-3.585803"></trkpt>
<trkpt lat="43.186385" lon="-3.585872"></trkpt>
<trkpt lat="43.185939" lon="-3.585880"></trkpt>
<trkpt lat="43.185838" lon="-3.585905"></trkpt>
<trkpt lat="43.185136" lon="-3.586277"></trkpt>
<trkpt lat="43.184900" lon="-3.586273"></trkpt>
<trkpt lat="43.184769" lon="-3.586211"></trkpt>
<trkpt lat="43.184236" lon="-3.585753"></trkpt>
<trkpt lat="43.183800" lon="-3.585199"></trkpt>
<trkpt lat="43.183515" lon="-3.584572"></trkpt>
<trkpt lat="43.183411" lon="-3.584394"></trkpt>
<trkpt lat="43.183326" lon="-3.584364"></trkpt>
<trkpt lat="43.183273" lon="-3.584468"></trkpt>
<trkpt lat="43.183282" lon="-3.584591"></trkpt>
<trkpt lat="43.183515" lon="-3.585176"></trkpt>
<trkpt lat="43.183890" lon="-3.586533"></trkpt>
<trkpt lat="43.183997" lon="-3.586825"></trkpt>
<trkpt lat="43.184043" lon="-3.586911"></trkpt>
<trkpt lat="43.184123" lon="-3.586984"></trkpt>
<trkpt lat="43.184311" lon="-3.587086"></trkpt>
<trkpt lat="43.184481" lon="-3.587113"></trkpt>
<trkpt lat="43.184534" lon="-3.587203"></trkpt>
<trkpt lat="43.184525" lon="-3.587278"></trkpt>
<trkpt lat="43.184465" lon="-3.587340"></trkpt>
<trkpt lat="43.184263" lon="-3.587300"></trkpt>
<trkpt lat="43.183831" lon="-3.587020"></trkpt>
<trkpt lat="43.183575" lon="-3.586692"></trkpt>
<trkpt lat="43.183215" lon="-3.586013"></trkpt>
<trkpt lat="43.183102" lon="-3.585935"></trkpt>
<trkpt lat="43.182972" lon="-3.585997"></trkpt>
<trkpt lat="43.182711" lon="-3.586367"></trkpt>
<trkpt lat="43.182599" lon="-3.586472"></trkpt>
<trkpt lat="43.182230" lon="-3.586546"></trkpt>
<trkpt lat="43.181865" lon="-3.586522"></trkpt>
<trkpt lat="43.181745" lon="-3.586550"></trkpt>
<trkpt lat="43.181640" lon="-3.586690"></trkpt>
<trkpt lat="43.181559" lon="-3.586909"></trkpt>
<trkpt lat="43.181477" lon="-3.587490"></trkpt>
<trkpt lat="43.181416" lon="-3.587638"></trkpt>
<trkpt lat="43.181345" lon="-3.587681"></trkpt>
<trkpt lat="43.181230" lon="-3.587691"></trkpt>
<trkpt lat="43.180659" lon="-3.587631"></trkpt>
<trkpt lat="43.180512" lon="-3.587710"></trkpt>
<trkpt lat="43.180365" lon="-3.587911"></trkpt>
<trkpt lat="43.180284" lon="-3.588138"></trkpt>
<trkpt lat="43.180188" lon="-3.588660"></trkpt>
<trkpt lat="43.180135" lon="-3.589118"></trkpt>
<trkpt lat="43.180105" lon="-3.589622"></trkpt>
<trkpt lat="43.180056" lon="-3.589787"></trkpt>
<trkpt lat="43.180030" lon="-3.589825"></trkpt>
<trkpt lat="43.179970" lon="-3.589858"></trkpt>
<trkpt lat="43.179837" lon="-3.589783"></trkpt>
<trkpt lat="43.179427" lon="-3.589276"></trkpt>
<trkpt lat="43.179231" lon="-3.588928"></trkpt>
<trkpt lat="43.179088" lon="-3.588579"></trkpt>
<trkpt lat="43.178698" lon="-3.587442"></trkpt>
<trkpt lat="43.178622" lon="-3.587353"></trkpt>
<trkpt lat="43.178525" lon="-3.587361"></trkpt>
<trkpt lat="43.178358" lon="-3.587555"></trkpt>
<trkpt lat="43.178205" lon="-3.587880"></trkpt>
<trkpt lat="43.178056" lon="-3.588559"></trkpt>
<trkpt lat="43.177625" lon="-3.591439"></trkpt>
<trkpt lat="43.177601" lon="-3.592059"></trkpt>
<trkpt lat="43.177556" lon="-3.592227"></trkpt>
<trkpt lat="43.177363" lon="-3.592700"></trkpt>
<trkpt lat="43.177299" lon="-3.593024"></trkpt>
<trkpt lat="43.177209" lon="-3.593303"></trkpt>
<trkpt lat="43.177102" lon="-3.593409"></trkpt>
<trkpt lat="43.176943" lon="-3.593436"></trkpt>
<trkpt lat="43.176785" lon="-3.593373"></trkpt>
<trkpt lat="43.176586" lon="-3.593227"></trkpt>
<trkpt lat="43.176446" lon="-3.593173"></trkpt>
<trkpt lat="43.176221" lon="-3.593178"></trkpt>
<trkpt lat="43.176024" lon="-3.593237"></trkpt>
<trkpt lat="43.175884" lon="-3.593295"></trkpt>
<trkpt lat="43.175683" lon="-3.593294"></trkpt>
<trkpt lat="43.174917" lon="-3.592992"></trkpt>
<trkpt lat="43.174717" lon="-3.593027"></trkpt>
<trkpt lat="43.174497" lon="-3.593227"></trkpt>
<trkpt lat="43.174418" lon="-3.593248"></trkpt>
<trkpt lat="43.174333" lon="-3.593215"></trkpt>
<trkpt lat="43.174200" lon="-3.593104"></trkpt>
<trkpt lat="43.174029" lon="-3.593050"></trkpt>
<trkpt lat="43.173799" lon="-3.593089"></trkpt>
<trkpt lat="43.173673" lon="-3.593150"></trkpt>
<trkpt lat="43.173606" lon="-3.593249"></trkpt>
<trkpt lat="43.173549" lon="-3.593499"></trkpt>
<trkpt lat="43.173482" lon="-3.593620"></trkpt>
<trkpt lat="43.173437" lon="-3.593647"></trkpt>
<trkpt lat="43.173210" lon="-3.593662"></trkpt>
<trkpt lat="43.173036" lon="-3.593739"></trkpt>
<trkpt lat="43.172914" lon="-3.593840"></trkpt>
<trkpt lat="43.172731" lon="-3.594078"></trkpt>
<trkpt lat="43.172180" lon="-3.594418"></trkpt>
<trkpt lat="43.171972" lon="-3.594473"></trkpt>
<trkpt lat="43.171675" lon="-3.594421"></trkpt>
<trkpt lat="43.171541" lon="-3.594298"></trkpt>
<trkpt lat="43.171438" lon="-3.594032"></trkpt>
<trkpt lat="43.171331" lon="-3.593890"></trkpt>
<trkpt lat="43.171249" lon="-3.593855"></trkpt>
<trkpt lat="43.170921" lon="-3.593874"></trkpt>
<trkpt lat="43.170750" lon="-3.593839"></trkpt>
<trkpt lat="43.170314" lon="-3.593551"></trkpt>
<trkpt lat="43.169981" lon="-3.593414"></trkpt>
<trkpt lat="43.169821" lon="-3.593309"></trkpt>
<trkpt lat="43.169682" lon="-3.593126"></trkpt>
<trkpt lat="43.169356" lon="-3.592323"></trkpt>
<trkpt lat="43.169276" lon="-3.592191"></trkpt>
<trkpt lat="43.168452" lon="-3.591142"></trkpt>
<trkpt lat="43.168249" lon="-3.590698"></trkpt>
<trkpt lat="43.168108" lon="-3.590443"></trkpt>
<trkpt lat="43.167659" lon="-3.590105"></trkpt>
<trkpt lat="43.167283" lon="-3.589683"></trkpt>
<trkpt lat="43.167201" lon="-3.589610"></trkpt>
<trkpt lat="43.167064" lon="-3.589560"></trkpt>
<trkpt lat="43.167002" lon="-3.589565"></trkpt>
<trkpt lat="43.166749" lon="-3.589684"></trkpt>
<trkpt lat="43.166416" lon="-3.589644"></trkpt>
<trkpt lat="43.166223" lon="-3.589705"></trkpt>
<trkpt lat="43.165773" lon="-3.590147"></trkpt>
<trkpt lat="43.165497" lon="-3.590289"></trkpt>
<trkpt lat="43.165071" lon="-3.590636"></trkpt>
<trkpt lat="43.164559" lon="-3.590893"></trkpt>
<trkpt lat="43.164270" lon="-3.591172"></trkpt>
<trkpt lat="43.164088" lon="-3.591562"></trkpt>
<trkpt lat="43.164027" lon="-3.591640"></trkpt>
<trkpt lat="43.163819" lon="-3.591779"></trkpt>
<trkpt lat="43.163496" lon="-3.591752"></trkpt>
<trkpt lat="43.163416" lon="-3.591771"></trkpt>
<trkpt lat="43.163263" lon="-3.591862"></trkpt>
<trkpt lat="43.163075" lon="-3.592028"></trkpt>
<trkpt lat="43.162919" lon="-3.592082"></trkpt>
<trkpt lat="43.162870" lon="-3.592050"></trkpt>
<trkpt lat="43.162646" lon="-3.591703"></trkpt>
<trkpt lat="43.162595" lon="-3.591674"></trkpt>
<trkpt lat="43.162464" lon="-3.591670"></trkpt>
<trkpt lat="43.162309" lon="-3.591727"></trkpt>
<trkpt lat="43.162022" lon="-3.591951"></trkpt>
<trkpt lat="43.161790" lon="-3.592067"></trkpt>
<trkpt lat="43.161364" lon="-3.592161"></trkpt>
<trkpt lat="43.160978" lon="-3.592344"></trkpt>
<trkpt lat="43.160721" lon="-3.592364"></trkpt>
<trkpt lat="43.160586" lon="-3.592344"></trkpt>
<trkpt lat="43.160537" lon="-3.592269"></trkpt>
<trkpt lat="43.160539" lon="-3.592126"></trkpt>
<trkpt lat="43.160718" lon="-3.591669"></trkpt>
<trkpt lat="43.160754" lon="-3.591493"></trkpt>
<trkpt lat="43.160745" lon="-3.591414"></trkpt>
<trkpt lat="43.160616" lon="-3.591084"></trkpt>
<trkpt lat="43.160536" lon="-3.590366"></trkpt>
<trkpt lat="43.160441" lon="-3.589821"></trkpt>
<trkpt lat="43.160447" lon="-3.589520"></trkpt>
<trkpt lat="43.160606" lon="-3.588423"></trkpt>
<trkpt lat="43.160625" lon="-3.588137"></trkpt>
<trkpt lat="43.160564" lon="-3.587772"></trkpt>
<trkpt lat="43.160449" lon="-3.587382"></trkpt>
<trkpt lat="43.160463" lon="-3.587219"></trkpt>
<trkpt lat="43.160517" lon="-3.587014"></trkpt>
<trkpt lat="43.160625" lon="-3.586819"></trkpt>
<trkpt lat="43.160795" lon="-3.586595"></trkpt>
<trkpt lat="43.160872" lon="-3.586361"></trkpt>
<trkpt lat="43.160870" lon="-3.586166"></trkpt>
<trkpt lat="43.160770" lon="-3.585351"></trkpt>
<trkpt lat="43.160768" lon="-3.585129"></trkpt>
<trkpt lat="43.160781" lon="-3.584762"></trkpt>
<trkpt lat="43.160631" lon="-3.584411"></trkpt>
<trkpt lat="43.160617" lon="-3.584322"></trkpt>
<trkpt lat="43.160670" lon="-3.583994"></trkpt>
<trkpt lat="43.160731" lon="-3.583618"></trkpt>
<trkpt lat="43.160742" lon="-3.583300"></trkpt>
<trkpt lat="43.160715" lon="-3.582971"></trkpt>
<trkpt lat="43.160656" lon="-3.582611"></trkpt>
<trkpt lat="43.160576" lon="-3.582271"></trkpt>
<trkpt lat="43.160035" lon="-3.580764"></trkpt>
<trkpt lat="43.159491" lon="-3.579217"></trkpt>
<trkpt lat="43.159153" lon="-3.577900"></trkpt>
<trkpt lat="43.158997" lon="-3.577529"></trkpt>
<trkpt lat="43.158797" lon="-3.577208"></trkpt>
<trkpt lat="43.158060" lon="-3.576575"></trkpt>
<trkpt lat="43.157497" lon="-3.576182"></trkpt>
<trkpt lat="43.156235" lon="-3.575382"></trkpt>
<trkpt lat="43.155643" lon="-3.575170"></trkpt>
<trkpt lat="43.155561" lon="-3.575091"></trkpt>
<trkpt lat="43.155514" lon="-3.574925"></trkpt>
<trkpt lat="43.155502" lon="-3.574789"></trkpt>
<trkpt lat="43.155389" lon="-3.573061"></trkpt>
<trkpt lat="43.155247" lon="-3.572598"></trkpt>
<trkpt lat="43.155222" lon="-3.572104"></trkpt>
<trkpt lat="43.155160" lon="-3.571629"></trkpt>
<trkpt lat="43.155164" lon="-3.571216"></trkpt>
<trkpt lat="43.155178" lon="-3.569977"></trkpt>
<trkpt lat="43.155158" lon="-3.569731"></trkpt>
<trkpt lat="43.155104" lon="-3.569473"></trkpt>
<trkpt lat="43.154791" lon="-3.568515"></trkpt>
<trkpt lat="43.154740" lon="-3.568426"></trkpt>
<trkpt lat="43.154449" lon="-3.568187"></trkpt>
<trkpt lat="43.154376" lon="-3.568079"></trkpt>
<trkpt lat="43.154113" lon="-3.566993"></trkpt>
<trkpt lat="43.154100" lon="-3.566903"></trkpt>
<trkpt lat="43.154115" lon="-3.566710"></trkpt>
<trkpt lat="43.154264" lon="-3.566221"></trkpt>
<trkpt lat="43.154317" lon="-3.565886"></trkpt>
<trkpt lat="43.154315" lon="-3.565506"></trkpt>
<trkpt lat="43.154279" lon="-3.565263"></trkpt>
<trkpt lat="43.154211" lon="-3.565177"></trkpt>
<trkpt lat="43.154131" lon="-3.565171"></trkpt>
<trkpt lat="43.154094" lon="-3.565197"></trkpt>
<trkpt lat="43.154066" lon="-3.565284"></trkpt>
<trkpt lat="43.154093" lon="-3.565707"></trkpt>
<trkpt lat="43.154024" lon="-3.565954"></trkpt>
<trkpt lat="43.153928" lon="-3.566122"></trkpt>
<trkpt lat="43.153676" lon="-3.566257"></trkpt>
<trkpt lat="43.153619" lon="-3.566304"></trkpt>
<trkpt lat="43.153561" lon="-3.566407"></trkpt>
<trkpt lat="43.153472" lon="-3.567722"></trkpt>
<trkpt lat="43.153433" lon="-3.567925"></trkpt>
<trkpt lat="43.153382" lon="-3.568207"></trkpt>
<trkpt lat="43.153331" lon="-3.568761"></trkpt>
<trkpt lat="43.153161" lon="-3.569229"></trkpt>
<trkpt lat="43.153127" lon="-3.569416"></trkpt>
<trkpt lat="43.153112" lon="-3.570421"></trkpt>
<trkpt lat="43.153155" lon="-3.570829"></trkpt>
<trkpt lat="43.153132" lon="-3.571162"></trkpt>
<trkpt lat="43.153124" lon="-3.572005"></trkpt>
<trkpt lat="43.153187" lon="-3.572560"></trkpt>
<trkpt lat="43.153182" lon="-3.572933"></trkpt>
<trkpt lat="43.153163" lon="-3.572991"></trkpt>
<trkpt lat="43.153098" lon="-3.573054"></trkpt>
<trkpt lat="43.152886" lon="-3.573113"></trkpt>
<trkpt lat="43.152625" lon="-3.573166"></trkpt>
<trkpt lat="43.152506" lon="-3.573252"></trkpt>
<trkpt lat="43.152468" lon="-3.573324"></trkpt>
<trkpt lat="43.151968" lon="-3.574859"></trkpt>
<trkpt lat="43.151826" lon="-3.575625"></trkpt>
<trkpt lat="43.151806" lon="-3.576284"></trkpt>
<trkpt lat="43.151755" lon="-3.576691"></trkpt>
<trkpt lat="43.151559" lon="-3.577206"></trkpt>
<trkpt lat="43.151296" lon="-3.577699"></trkpt>
<trkpt lat="43.151237" lon="-3.577987"></trkpt>
<trkpt lat="43.151187" lon="-3.578411"></trkpt>
<trkpt lat="43.151131" lon="-3.578508"></trkpt>
<trkpt lat="43.151058" lon="-3.578513"></trkpt>
<trkpt lat="43.150991" lon="-3.578402"></trkpt>
<trkpt lat="43.151087" lon="-3.577151"></trkpt>
<trkpt lat="43.151119" lon="-3.576963"></trkpt>
<trkpt lat="43.151212" lon="-3.576700"></trkpt>
<trkpt lat="43.151239" lon="-3.576486"></trkpt>
<trkpt lat="43.151199" lon="-3.575153"></trkpt>
<trkpt lat="43.151159" lon="-3.574997"></trkpt>
<trkpt lat="43.151069" lon="-3.574845"></trkpt>
<trkpt lat="43.150620" lon="-3.574215"></trkpt>
<trkpt lat="43.150520" lon="-3.574133"></trkpt>
<trkpt lat="43.150445" lon="-3.574166"></trkpt>
<trkpt lat="43.150415" lon="-3.574254"></trkpt>
<trkpt lat="43.150421" lon="-3.574305"></trkpt>
<trkpt lat="43.150739" lon="-3.574886"></trkpt>
<trkpt lat="43.150766" lon="-3.575014"></trkpt>
<trkpt lat="43.150748" lon="-3.575140"></trkpt>
<trkpt lat="43.150658" lon="-3.575333"></trkpt>
<trkpt lat="43.150272" lon="-3.575938"></trkpt>
<trkpt lat="43.150231" lon="-3.576100"></trkpt>
<trkpt lat="43.150213" lon="-3.576565"></trkpt>
<trkpt lat="43.150139" lon="-3.576862"></trkpt>
<trkpt lat="43.150064" lon="-3.577053"></trkpt>
<trkpt lat="43.149839" lon="-3.577320"></trkpt>
<trkpt lat="43.149636" lon="-3.577547"></trkpt>
<trkpt lat="43.149527" lon="-3.577669"></trkpt>
<trkpt lat="43.148989" lon="-3.578130"></trkpt>
<trkpt lat="43.148611" lon="-3.578479"></trkpt>
<trkpt lat="43.148537" lon="-3.578575"></trkpt>
<trkpt lat="43.148466" lon="-3.578769"></trkpt>
<trkpt lat="43.148100" lon="-3.580415"></trkpt>
<trkpt lat="43.148043" lon="-3.580696"></trkpt>
<trkpt lat="43.148053" lon="-3.581257"></trkpt>
<trkpt lat="43.148011" lon="-3.581526"></trkpt>
<trkpt lat="43.147520" lon="-3.583341"></trkpt>
<trkpt lat="43.147435" lon="-3.583550"></trkpt>
<trkpt lat="43.147357" lon="-3.583641"></trkpt>
<trkpt lat="43.146865" lon="-3.583809"></trkpt>
<trkpt lat="43.146708" lon="-3.583867"></trkpt>
<trkpt lat="43.146635" lon="-3.583886"></trkpt>
<trkpt lat="43.146557" lon="-3.583867"></trkpt>
<trkpt lat="43.146505" lon="-3.583774"></trkpt>
<trkpt lat="43.146421" lon="-3.583383"></trkpt>
<trkpt lat="43.146373" lon="-3.582985"></trkpt>
<trkpt lat="43.146348" lon="-3.582438"></trkpt>
<trkpt lat="43.146231" lon="-3.582158"></trkpt>
<trkpt lat="43.146136" lon="-3.581997"></trkpt>
<trkpt lat="43.145970" lon="-3.581819"></trkpt>
<trkpt lat="43.145282" lon="-3.581559"></trkpt>
<trkpt lat="43.145137" lon="-3.581461"></trkpt>
<trkpt lat="43.145061" lon="-3.581354"></trkpt>
<trkpt lat="43.145036" lon="-3.581275"></trkpt>
<trkpt lat="43.144924" lon="-3.580373"></trkpt>
<trkpt lat="43.144859" lon="-3.580181"></trkpt>
<trkpt lat="43.144788" lon="-3.580075"></trkpt>
<trkpt lat="43.144726" lon="-3.580028"></trkpt>
<trkpt lat="43.144286" lon="-3.579786"></trkpt>
<trkpt lat="43.144206" lon="-3.579712"></trkpt>
<trkpt lat="43.144141" lon="-3.579586"></trkpt>
<trkpt lat="43.144127" lon="-3.579507"></trkpt>
<trkpt lat="43.144124" lon="-3.579414"></trkpt>
<trkpt lat="43.144186" lon="-3.579046"></trkpt>
<trkpt lat="43.144162" lon="-3.578865"></trkpt>
<trkpt lat="43.144086" lon="-3.578739"></trkpt>
<trkpt lat="43.143953" lon="-3.578626"></trkpt>
<trkpt lat="43.143782" lon="-3.578579"></trkpt>
<trkpt lat="43.143512" lon="-3.578577"></trkpt>
<trkpt lat="43.143044" lon="-3.578398"></trkpt>
<trkpt lat="43.142912" lon="-3.578414"></trkpt>
<trkpt lat="43.142764" lon="-3.578472"></trkpt>
<trkpt lat="43.142630" lon="-3.578449"></trkpt>
<trkpt lat="43.142564" lon="-3.578393"></trkpt>
<trkpt lat="43.142431" lon="-3.578078"></trkpt>
<trkpt lat="43.142350" lon="-3.577943"></trkpt>
<trkpt lat="43.142190" lon="-3.577810"></trkpt>
<trkpt lat="43.142105" lon="-3.577783"></trkpt>
<trkpt lat="43.141865" lon="-3.577747"></trkpt>
<trkpt lat="43.141249" lon="-3.577789"></trkpt>
<trkpt lat="43.141112" lon="-3.577723"></trkpt>
<trkpt lat="43.140882" lon="-3.577526"></trkpt>
<trkpt lat="43.140745" lon="-3.577456"></trkpt>
<trkpt lat="43.140046" lon="-3.577432"></trkpt>
<trkpt lat="43.139237" lon="-3.577192"></trkpt>
<trkpt lat="43.139195" lon="-3.577179"></trkpt>
<trkpt lat="43.138635" lon="-3.577128"></trkpt>
<trkpt lat="43.138400" lon="-3.577183"></trkpt>
<trkpt lat="43.137722" lon="-3.577622"></trkpt>
<trkpt lat="43.137568" lon="-3.577801"></trkpt>
<trkpt lat="43.137530" lon="-3.577912"></trkpt>
<trkpt lat="43.137514" lon="-3.578120"></trkpt>
<trkpt lat="43.137581" lon="-3.578549"></trkpt>
<trkpt lat="43.137591" lon="-3.579293"></trkpt>
<trkpt lat="43.137613" lon="-3.579489"></trkpt>
<trkpt lat="43.137686" lon="-3.579792"></trkpt>
<trkpt lat="43.137663" lon="-3.579855"></trkpt>
<trkpt lat="43.137609" lon="-3.579906"></trkpt>
<trkpt lat="43.137554" lon="-3.579932"></trkpt>
<trkpt lat="43.137439" lon="-3.579904"></trkpt>
<trkpt lat="43.137357" lon="-3.579804"></trkpt>
<trkpt lat="43.137194" lon="-3.579516"></trkpt>
<trkpt lat="43.137075" lon="-3.579209"></trkpt>
<trkpt lat="43.136710" lon="-3.578826"></trkpt>
<trkpt lat="43.136639" lon="-3.578741"></trkpt>
<trkpt lat="43.136610" lon="-3.578705"></trkpt>
<trkpt lat="43.136353" lon="-3.578250"></trkpt>
<trkpt lat="43.136126" lon="-3.577942"></trkpt>
<trkpt lat="43.135880" lon="-3.577771"></trkpt>
<trkpt lat="43.135721" lon="-3.577694"></trkpt>
<trkpt lat="43.134975" lon="-3.577528"></trkpt>
<trkpt lat="43.134791" lon="-3.577557"></trkpt>
<trkpt lat="43.134575" lon="-3.577659"></trkpt>
<trkpt lat="43.134452" lon="-3.577737"></trkpt>
<trkpt lat="43.134158" lon="-3.578041"></trkpt>
<trkpt lat="43.134071" lon="-3.578083"></trkpt>
<trkpt lat="43.133977" lon="-3.578060"></trkpt>
<trkpt lat="43.133754" lon="-3.577867"></trkpt>
<trkpt lat="43.133630" lon="-3.577844"></trkpt>
<trkpt lat="43.132925" lon="-3.578027"></trkpt>
<trkpt lat="43.132781" lon="-3.578068"></trkpt>
<trkpt lat="43.131604" lon="-3.578407"></trkpt>
<trkpt lat="43.131407" lon="-3.578416"></trkpt>
<trkpt lat="43.131259" lon="-3.578365"></trkpt>
<trkpt lat="43.130997" lon="-3.578193"></trkpt>
<trkpt lat="43.130897" lon="-3.578164"></trkpt>
<trkpt lat="43.130756" lon="-3.578230"></trkpt>
<trkpt lat="43.130017" lon="-3.579374"></trkpt>
<trkpt lat="43.129933" lon="-3.579438"></trkpt>
<trkpt lat="43.129720" lon="-3.579487"></trkpt>
<trkpt lat="43.129640" lon="-3.579572"></trkpt>
<trkpt lat="43.129546" lon="-3.579752"></trkpt>
<trkpt lat="43.129463" lon="-3.579826"></trkpt>
<trkpt lat="43.129335" lon="-3.579819"></trkpt>
<trkpt lat="43.129148" lon="-3.579745"></trkpt>
<trkpt lat="43.129001" lon="-3.579751"></trkpt>
<trkpt lat="43.128886" lon="-3.579822"></trkpt>
<trkpt lat="43.128744" lon="-3.579973"></trkpt>
<trkpt lat="43.128643" lon="-3.580014"></trkpt>
<trkpt lat="43.128532" lon="-3.579989"></trkpt>
<trkpt lat="43.128372" lon="-3.579779"></trkpt>
<trkpt lat="43.128238" lon="-3.579663"></trkpt>
<trkpt lat="43.127880" lon="-3.579496"></trkpt>
<trkpt lat="43.127595" lon="-3.579400"></trkpt>
<trkpt lat="43.127160" lon="-3.579119"></trkpt>
<trkpt lat="43.127061" lon="-3.579137"></trkpt>
<trkpt lat="43.126993" lon="-3.579220"></trkpt>
<trkpt lat="43.126970" lon="-3.579741"></trkpt>
<trkpt lat="43.126946" lon="-3.579861"></trkpt>
<trkpt lat="43.126868" lon="-3.580004"></trkpt>
<trkpt lat="43.126752" lon="-3.580052"></trkpt>
<trkpt lat="43.126436" lon="-3.579997"></trkpt>
<trkpt lat="43.126289" lon="-3.580060"></trkpt>
<trkpt lat="43.126193" lon="-3.580190"></trkpt>
<trkpt lat="43.125951" lon="-3.580828"></trkpt>
<trkpt lat="43.125885" lon="-3.580894"></trkpt>
<trkpt lat="43.125621" lon="-3.580993"></trkpt>
<trkpt lat="43.125545" lon="-3.581053"></trkpt>
<trkpt lat="43.125485" lon="-3.581196"></trkpt>
<trkpt lat="43.125414" lon="-3.581556"></trkpt>
<trkpt lat="43.125290" lon="-3.581767"></trkpt>
<trkpt lat="43.125247" lon="-3.581786"></trkpt>
<trkpt lat="43.125183" lon="-3.581761"></trkpt>
<trkpt lat="43.125170" lon="-3.581677"></trkpt>
<trkpt lat="43.125227" lon="-3.581223"></trkpt>
<trkpt lat="43.125174" lon="-3.580811"></trkpt>
<trkpt lat="43.125197" lon="-3.580639"></trkpt>
<trkpt lat="43.125313" lon="-3.580313"></trkpt>
<trkpt lat="43.125346" lon="-3.580139"></trkpt>
<trkpt lat="43.125279" lon="-3.579468"></trkpt>
<trkpt lat="43.125341" lon="-3.579066"></trkpt>
<trkpt lat="43.125483" lon="-3.578449"></trkpt>
<trkpt lat="43.125476" lon="-3.578374"></trkpt>
<trkpt lat="43.125408" lon="-3.578227"></trkpt>
<trkpt lat="43.125310" lon="-3.578112"></trkpt>
<trkpt lat="43.125243" lon="-3.578073"></trkpt>
<trkpt lat="43.125173" lon="-3.578073"></trkpt>
<trkpt lat="43.125134" lon="-3.578111"></trkpt>
<trkpt lat="43.124971" lon="-3.578571"></trkpt>
<trkpt lat="43.124877" lon="-3.578642"></trkpt>
<trkpt lat="43.124397" lon="-3.578814"></trkpt>
<trkpt lat="43.124319" lon="-3.578874"></trkpt>
<trkpt lat="43.124237" lon="-3.579022"></trkpt>
<trkpt lat="43.124120" lon="-3.579340"></trkpt>
<trkpt lat="43.124073" lon="-3.579393"></trkpt>
<trkpt lat="43.123933" lon="-3.579428"></trkpt>
<trkpt lat="43.123603" lon="-3.579334"></trkpt>
<trkpt lat="43.123550" lon="-3.579342"></trkpt>
<trkpt lat="43.123280" lon="-3.579586"></trkpt>
<trkpt lat="43.123214" lon="-3.579777"></trkpt>
<trkpt lat="43.123274" lon="-3.580166"></trkpt>
<trkpt lat="43.123390" lon="-3.580712"></trkpt>
<trkpt lat="43.123370" lon="-3.580988"></trkpt>
<trkpt lat="43.123322" lon="-3.581138"></trkpt>
<trkpt lat="43.123211" lon="-3.581239"></trkpt>
<trkpt lat="43.122929" lon="-3.581366"></trkpt>
<trkpt lat="43.122820" lon="-3.581455"></trkpt>
<trkpt lat="43.122543" lon="-3.581786"></trkpt>
<trkpt lat="43.121979" lon="-3.582604"></trkpt>
<trkpt lat="43.121913" lon="-3.582778"></trkpt>
<trkpt lat="43.121891" lon="-3.582907"></trkpt>
<trkpt lat="43.121888" lon="-3.583307"></trkpt>
<trkpt lat="43.121850" lon="-3.583518"></trkpt>
<trkpt lat="43.121802" lon="-3.583581"></trkpt>
<trkpt lat="43.121737" lon="-3.583599"></trkpt>
<trkpt lat="43.121699" lon="-3.583585"></trkpt>
<trkpt lat="43.121643" lon="-3.583498"></trkpt>
<trkpt lat="43.121625" lon="-3.583181"></trkpt>
<trkpt lat="43.121563" lon="-3.582884"></trkpt>
<trkpt lat="43.121333" lon="-3.582316"></trkpt>
<trkpt lat="43.121308" lon="-3.582167"></trkpt>
<trkpt lat="43.121302" lon="-3.581959"></trkpt>
<trkpt lat="43.121376" lon="-3.581209"></trkpt>
<trkpt lat="43.121421" lon="-3.581072"></trkpt>
<trkpt lat="43.121605" lon="-3.580797"></trkpt>
<trkpt lat="43.121641" lon="-3.580655"></trkpt>
<trkpt lat="43.121445" lon="-3.580128"></trkpt>
<trkpt lat="43.121412" lon="-3.579939"></trkpt>
<trkpt lat="43.121402" lon="-3.579761"></trkpt>
<trkpt lat="43.121496" lon="-3.579022"></trkpt>
<trkpt lat="43.121489" lon="-3.578955"></trkpt>
<trkpt lat="43.121426" lon="-3.578874"></trkpt>
<trkpt lat="43.121325" lon="-3.578893"></trkpt>
<trkpt lat="43.121299" lon="-3.578938"></trkpt>
<trkpt lat="43.121137" lon="-3.579568"></trkpt>
<trkpt lat="43.121098" lon="-3.579616"></trkpt>
<trkpt lat="43.121042" lon="-3.579641"></trkpt>
<trkpt lat="43.120973" lon="-3.579628"></trkpt>
<trkpt lat="43.120695" lon="-3.579491"></trkpt>
<trkpt lat="43.120586" lon="-3.579500"></trkpt>
<trkpt lat="43.120543" lon="-3.579536"></trkpt>
<trkpt lat="43.120370" lon="-3.579930"></trkpt>
<trkpt lat="43.119986" lon="-3.580187"></trkpt>
<trkpt lat="43.119723" lon="-3.580637"></trkpt>
<trkpt lat="43.119612" lon="-3.580725"></trkpt>
<trkpt lat="43.119371" lon="-3.580737"></trkpt>
<trkpt lat="43.119088" lon="-3.580891"></trkpt>
<trkpt lat="43.118862" lon="-3.580906"></trkpt>
<trkpt lat="43.118640" lon="-3.580930"></trkpt>
<trkpt lat="43.118153" lon="-3.581338"></trkpt>
<trkpt lat="43.118055" lon="-3.581508"></trkpt>
<trkpt lat="43.117861" lon="-3.582096"></trkpt>
<trkpt lat="43.117682" lon="-3.582526"></trkpt>
<trkpt lat="43.117567" lon="-3.582746"></trkpt>
<trkpt lat="43.117300" lon="-3.582991"></trkpt>
<trkpt lat="43.117256" lon="-3.583071"></trkpt>
<trkpt lat="43.117172" lon="-3.583355"></trkpt>
<trkpt lat="43.117537" lon="-3.583768"></trkpt>
<trkpt lat="43.117730" lon="-3.584084"></trkpt>
<trkpt lat="43.117875" lon="-3.584386"></trkpt>
<trkpt lat="43.118015" lon="-3.584693"></trkpt>
<trkpt lat="43.118039" lon="-3.584844"></trkpt>
<trkpt lat="43.118013" lon="-3.584934"></trkpt>
<trkpt lat="43.117697" lon="-3.585297"></trkpt>
<trkpt lat="43.117625" lon="-3.585449"></trkpt>
<trkpt lat="43.117611" lon="-3.585638"></trkpt>
<trkpt lat="43.117709" lon="-3.586805"></trkpt>
<trkpt lat="43.117740" lon="-3.587367"></trkpt>
<trkpt lat="43.117642" lon="-3.588001"></trkpt>
<trkpt lat="43.117506" lon="-3.588812"></trkpt>
<trkpt lat="43.117492" lon="-3.588970"></trkpt>
<trkpt lat="43.117522" lon="-3.589233"></trkpt>
<trkpt lat="43.117578" lon="-3.589441"></trkpt>
<trkpt lat="43.117705" lon="-3.589842"></trkpt>
<trkpt lat="43.117738" lon="-3.589949"></trkpt>
<trkpt lat="43.117822" lon="-3.590311"></trkpt>
<trkpt lat="43.117804" lon="-3.591210"></trkpt>
<trkpt lat="43.117820" lon="-3.591874"></trkpt>
<trkpt lat="43.117852" lon="-3.592164"></trkpt>
<trkpt lat="43.117919" lon="-3.592753"></trkpt>
<trkpt lat="43.118082" lon="-3.593943"></trkpt>
<trkpt lat="43.118104" lon="-3.594080"></trkpt>
<trkpt lat="43.118145" lon="-3.594329"></trkpt>
<trkpt lat="43.118167" lon="-3.594705"></trkpt>
<trkpt lat="43.118157" lon="-3.594873"></trkpt>
<trkpt lat="43.118120" lon="-3.595302"></trkpt>
<trkpt lat="43.117972" lon="-3.596787"></trkpt>
<trkpt lat="43.117983" lon="-3.597248"></trkpt>
<trkpt lat="43.118124" lon="-3.598212"></trkpt>
<trkpt lat="43.118180" lon="-3.598468"></trkpt>
<trkpt lat="43.118239" lon="-3.598574"></trkpt>
<trkpt lat="43.118313" lon="-3.598634"></trkpt>
<trkpt lat="43.119868" lon="-3.598879"></trkpt>
<trkpt lat="43.120078" lon="-3.598953"></trkpt>
<trkpt lat="43.120232" lon="-3.599079"></trkpt>
<trkpt lat="43.120358" lon="-3.599350"></trkpt>
<trkpt lat="43.120790" lon="-3.600709"></trkpt>
<trkpt lat="43.121248" lon="-3.601469"></trkpt>
<trkpt lat="43.121309" lon="-3.601651"></trkpt>
<trkpt lat="43.121370" lon="-3.601955"></trkpt>
<trkpt lat="43.121565" lon="-3.602572"></trkpt>
<trkpt lat="43.121652" lon="-3.602943"></trkpt>
<trkpt lat="43.121737" lon="-3.603438"></trkpt>
<trkpt lat="43.121805" lon="-3.604185"></trkpt>
<trkpt lat="43.121869" lon="-3.604628"></trkpt>
<trkpt lat="43.122039" lon="-3.605203"></trkpt>
<trkpt lat="43.122176" lon="-3.605472"></trkpt>
<trkpt lat="43.122349" lon="-3.605677"></trkpt>
<trkpt lat="43.122881" lon="-3.606167"></trkpt>
<trkpt lat="43.123199" lon="-3.606418"></trkpt>
<trkpt lat="43.123888" lon="-3.606796"></trkpt>
<trkpt lat="43.123973" lon="-3.606842"></trkpt>
<trkpt lat="43.124158" lon="-3.607099"></trkpt>
<trkpt lat="43.124797" lon="-3.608847"></trkpt>
<trkpt lat="43.124929" lon="-3.609560"></trkpt>
<trkpt lat="43.124968" lon="-3.609828"></trkpt>
<trkpt lat="43.125050" lon="-3.610948"></trkpt>
<trkpt lat="43.125080" lon="-3.612106"></trkpt>
<trkpt lat="43.124882" lon="-3.613093"></trkpt>
<trkpt lat="43.124816" lon="-3.613732"></trkpt>
<trkpt lat="43.124866" lon="-3.614188"></trkpt>
<trkpt lat="43.125116" lon="-3.615378"></trkpt>
<trkpt lat="43.125151" lon="-3.616206"></trkpt>
<trkpt lat="43.125144" lon="-3.616581"></trkpt>
<trkpt lat="43.125090" lon="-3.616900"></trkpt>
<trkpt lat="43.125029" lon="-3.617095"></trkpt>
<trkpt lat="43.124950" lon="-3.617689"></trkpt>
<trkpt lat="43.124683" lon="-3.619122"></trkpt>
<trkpt lat="43.124583" lon="-3.619384"></trkpt>
<trkpt lat="43.124473" lon="-3.619861"></trkpt>
<trkpt lat="43.124357" lon="-3.620676"></trkpt>
<trkpt lat="43.124366" lon="-3.621320"></trkpt>
<trkpt lat="43.124271" lon="-3.621478"></trkpt>
<trkpt lat="43.123949" lon="-3.621699"></trkpt>
<trkpt lat="43.123851" lon="-3.621737"></trkpt>
<trkpt lat="43.123203" lon="-3.621795"></trkpt>
<trkpt lat="43.123149" lon="-3.621819"></trkpt>
<trkpt lat="43.123077" lon="-3.621998"></trkpt>
<trkpt lat="43.123097" lon="-3.622184"></trkpt>
<trkpt lat="43.123257" lon="-3.622549"></trkpt>
<trkpt lat="43.123634" lon="-3.623952"></trkpt>
<trkpt lat="43.124220" lon="-3.625907"></trkpt>
<trkpt lat="43.124252" lon="-3.626068"></trkpt>
<trkpt lat="43.124159" lon="-3.627890"></trkpt>
<trkpt lat="43.124320" lon="-3.628462"></trkpt>
<trkpt lat="43.124454" lon="-3.629343"></trkpt>
<trkpt lat="43.124412" lon="-3.630392"></trkpt>
<trkpt lat="43.124488" lon="-3.631058"></trkpt>
<trkpt lat="43.124489" lon="-3.631886"></trkpt>
<trkpt lat="43.124522" lon="-3.632233"></trkpt>
<trkpt lat="43.124751" lon="-3.633686"></trkpt>
<trkpt lat="43.124796" lon="-3.634377"></trkpt>
<trkpt lat="43.124865" lon="-3.634569"></trkpt>
<trkpt lat="43.125102" lon="-3.635050"></trkpt>
<trkpt lat="43.125188" lon="-3.635288"></trkpt>
<trkpt lat="43.125308" lon="-3.635827"></trkpt>
<trkpt lat="43.125336" lon="-3.636284"></trkpt>
<trkpt lat="43.125158" lon="-3.636633"></trkpt>
<trkpt lat="43.124487" lon="-3.637243"></trkpt>
<trkpt lat="43.124373" lon="-3.637439"></trkpt>
<trkpt lat="43.124205" lon="-3.637955"></trkpt>
<trkpt lat="43.123947" lon="-3.638553"></trkpt>
<trkpt lat="43.123177" lon="-3.640148"></trkpt>
<trkpt lat="43.122929" lon="-3.640872"></trkpt>
<trkpt lat="43.122780" lon="-3.641209"></trkpt>
<trkpt lat="43.121831" lon="-3.642658"></trkpt>
<trkpt lat="43.121211" lon="-3.643523"></trkpt>
<trkpt lat="43.121011" lon="-3.643848"></trkpt>
<trkpt lat="43.120879" lon="-3.644176"></trkpt>
<trkpt lat="43.120378" lon="-3.646026"></trkpt>
<trkpt lat="43.119904" lon="-3.647893"></trkpt>
<trkpt lat="43.119823" lon="-3.648094"></trkpt>
<trkpt lat="43.119632" lon="-3.648427"></trkpt>
<trkpt lat="43.119622" lon="-3.648495"></trkpt>
<trkpt lat="43.119611" lon="-3.648571"></trkpt>
<trkpt lat="43.119634" lon="-3.648683"></trkpt>
<trkpt lat="43.119711" lon="-3.648883"></trkpt>
<trkpt lat="43.120001" lon="-3.649681"></trkpt>
<trkpt lat="43.120103" lon="-3.649977"></trkpt>
<trkpt lat="43.120383" lon="-3.652869"></trkpt>
<trkpt lat="43.120386" lon="-3.653151"></trkpt>
<trkpt lat="43.120318" lon="-3.653598"></trkpt>
<trkpt lat="43.119825" lon="-3.656233"></trkpt>
<trkpt lat="43.119348" lon="-3.659341"></trkpt>
<trkpt lat="43.119076" lon="-3.662435"></trkpt>
<trkpt lat="43.118901" lon="-3.663222"></trkpt>
<trkpt lat="43.118871" lon="-3.663354"></trkpt>
<trkpt lat="43.117978" lon="-3.667351"></trkpt>
<trkpt lat="43.117510" lon="-3.669454"></trkpt>
<trkpt lat="43.117087" lon="-3.671343"></trkpt>
<trkpt lat="43.116974" lon="-3.671663"></trkpt>
<trkpt lat="43.116753" lon="-3.672003"></trkpt>
<trkpt lat="43.115384" lon="-3.673754"></trkpt>
<trkpt lat="43.115295" lon="-3.673866"></trkpt>
<trkpt lat="43.115220" lon="-3.673962"></trkpt>
<trkpt lat="43.115080" lon="-3.674142"></trkpt>
<trkpt lat="43.112942" lon="-3.676876"></trkpt>
<trkpt lat="43.112505" lon="-3.677627"></trkpt>
<trkpt lat="43.112345" lon="-3.677901"></trkpt>
<trkpt lat="43.112253" lon="-3.678059"></trkpt>
<trkpt lat="43.111672" lon="-3.679084"></trkpt>
<trkpt lat="43.111350" lon="-3.679641"></trkpt>
<trkpt lat="43.111142" lon="-3.679944"></trkpt>
<trkpt lat="43.110908" lon="-3.680202"></trkpt>
<trkpt lat="43.110851" lon="-3.680283"></trkpt>
<trkpt lat="43.110802" lon="-3.680385"></trkpt>
<trkpt lat="43.110318" lon="-3.681386"></trkpt>
<trkpt lat="43.110130" lon="-3.681838"></trkpt>
<trkpt lat="43.109888" lon="-3.682640"></trkpt>
<trkpt lat="43.109600" lon="-3.683597"></trkpt>
<trkpt lat="43.109395" lon="-3.684274"></trkpt>
<trkpt lat="43.109390" lon="-3.684449"></trkpt>
<trkpt lat="43.109684" lon="-3.686516"></trkpt>
<trkpt lat="43.109713" lon="-3.687550"></trkpt>
<trkpt lat="43.109686" lon="-3.688340"></trkpt>
<trkpt lat="43.109646" lon="-3.688594"></trkpt>
<trkpt lat="43.109560" lon="-3.688930"></trkpt>
<trkpt lat="43.109217" lon="-3.690101"></trkpt>
<trkpt lat="43.109113" lon="-3.690223"></trkpt>
<trkpt lat="43.109026" lon="-3.690256"></trkpt>
<trkpt lat="43.108654" lon="-3.690124"></trkpt>
<trkpt lat="43.108015" lon="-3.689865"></trkpt>
<trkpt lat="43.107877" lon="-3.689865"></trkpt>
<trkpt lat="43.107801" lon="-3.689957"></trkpt>
<trkpt lat="43.107783" lon="-3.690016"></trkpt>
<trkpt lat="43.107749" lon="-3.690156"></trkpt>
<trkpt lat="43.107748" lon="-3.690456"></trkpt>
<trkpt lat="43.107947" lon="-3.691366"></trkpt>
<trkpt lat="43.108015" lon="-3.691542"></trkpt>
<trkpt lat="43.108103" lon="-3.691644"></trkpt>
<trkpt lat="43.108265" lon="-3.691784"></trkpt>
<trkpt lat="43.108529" lon="-3.692029"></trkpt>
<trkpt lat="43.108662" lon="-3.692144"></trkpt>
<trkpt lat="43.109013" lon="-3.692471"></trkpt>
<trkpt lat="43.109812" lon="-3.693316"></trkpt>
<trkpt lat="43.109923" lon="-3.693336"></trkpt>
<trkpt lat="43.110049" lon="-3.693225"></trkpt>
<trkpt lat="43.110180" lon="-3.693176"></trkpt>
<trkpt lat="43.110992" lon="-3.693003"></trkpt>
<trkpt lat="43.111454" lon="-3.693151"></trkpt>
<trkpt lat="43.111834" lon="-3.693356"></trkpt>
<trkpt lat="43.111990" lon="-3.693512"></trkpt>
<trkpt lat="43.112263" lon="-3.693889"></trkpt>
<trkpt lat="43.112388" lon="-3.694225"></trkpt>
<trkpt lat="43.112803" lon="-3.696315"></trkpt>
<trkpt lat="43.113345" lon="-3.699031"></trkpt>
<trkpt lat="43.113385" lon="-3.699398"></trkpt>
<trkpt lat="43.113310" lon="-3.700273"></trkpt>
<trkpt lat="43.113332" lon="-3.700451"></trkpt>
<trkpt lat="43.113381" lon="-3.700552"></trkpt>
<trkpt lat="43.113515" lon="-3.700686"></trkpt>
<trkpt lat="43.113857" lon="-3.700997"></trkpt>
<trkpt lat="43.114418" lon="-3.701504"></trkpt>
<trkpt lat="43.114927" lon="-3.701875"></trkpt>
<trkpt lat="43.115884" lon="-3.702542"></trkpt>
<trkpt lat="43.116090" lon="-3.702586"></trkpt>
<trkpt lat="43.116824" lon="-3.702628"></trkpt>
<trkpt lat="43.117432" lon="-3.702668"></trkpt>
<trkpt lat="43.117758" lon="-3.702697"></trkpt>
<trkpt lat="43.117793" lon="-3.702706"></trkpt>
<trkpt lat="43.117912" lon="-3.702801"></trkpt>
<trkpt lat="43.118007" lon="-3.703019"></trkpt>
<trkpt lat="43.118025" lon="-3.703186"></trkpt>
<trkpt lat="43.117995" lon="-3.703403"></trkpt>
<trkpt lat="43.117746" lon="-3.704036"></trkpt>
<trkpt lat="43.117364" lon="-3.705027"></trkpt>
<trkpt lat="43.117204" lon="-3.705346"></trkpt>
<trkpt lat="43.117039" lon="-3.705553"></trkpt>
<trkpt lat="43.116753" lon="-3.705814"></trkpt>
<trkpt lat="43.116711" lon="-3.705902"></trkpt>
<trkpt lat="43.116706" lon="-3.706035"></trkpt>
<trkpt lat="43.116901" lon="-3.706691"></trkpt>
<trkpt lat="43.116988" lon="-3.707124"></trkpt>
<trkpt lat="43.116995" lon="-3.707594"></trkpt>
<trkpt lat="43.116948" lon="-3.708985"></trkpt>
<trkpt lat="43.117036" lon="-3.710577"></trkpt>
<trkpt lat="43.117528" lon="-3.713748"></trkpt>
<trkpt lat="43.117594" lon="-3.714120"></trkpt>
<trkpt lat="43.117651" lon="-3.714188"></trkpt>
<trkpt lat="43.117749" lon="-3.714188"></trkpt>
<trkpt lat="43.117802" lon="-3.714111"></trkpt>
<trkpt lat="43.117814" lon="-3.713957"></trkpt>
<trkpt lat="43.117687" lon="-3.712648"></trkpt>
<trkpt lat="43.117523" lon="-3.710799"></trkpt>
<trkpt lat="43.117501" lon="-3.710238"></trkpt>
<trkpt lat="43.117515" lon="-3.709934"></trkpt>
<trkpt lat="43.117601" lon="-3.709471"></trkpt>
<trkpt lat="43.118084" lon="-3.707898"></trkpt>
<trkpt lat="43.118126" lon="-3.707713"></trkpt>
<trkpt lat="43.118154" lon="-3.707336"></trkpt>
<trkpt lat="43.118209" lon="-3.707202"></trkpt>
<trkpt lat="43.118260" lon="-3.707146"></trkpt>
<trkpt lat="43.118329" lon="-3.707127"></trkpt>
<trkpt lat="43.118499" lon="-3.707175"></trkpt>
<trkpt lat="43.119171" lon="-3.707517"></trkpt>
<trkpt lat="43.119484" lon="-3.707758"></trkpt>
<trkpt lat="43.120545" lon="-3.708763"></trkpt>
<trkpt lat="43.120734" lon="-3.708909"></trkpt>
<trkpt lat="43.122245" lon="-3.709809"></trkpt>
<trkpt lat="43.122794" lon="-3.709951"></trkpt>
<trkpt lat="43.122887" lon="-3.710008"></trkpt>
<trkpt lat="43.122981" lon="-3.710173"></trkpt>
<trkpt lat="43.123187" lon="-3.710974"></trkpt>
<trkpt lat="43.123380" lon="-3.711746"></trkpt>
<trkpt lat="43.123687" lon="-3.712535"></trkpt>
<trkpt lat="43.123882" lon="-3.712864"></trkpt>
<trkpt lat="43.124072" lon="-3.713099"></trkpt>
<trkpt lat="43.124215" lon="-3.713189"></trkpt>
<trkpt lat="43.124676" lon="-3.713282"></trkpt>
<trkpt lat="43.125022" lon="-3.713430"></trkpt>
<trkpt lat="43.125207" lon="-3.713544"></trkpt>
<trkpt lat="43.125630" lon="-3.713879"></trkpt>
<trkpt lat="43.125889" lon="-3.714127"></trkpt>
<trkpt lat="43.126049" lon="-3.714392"></trkpt>
<trkpt lat="43.126179" lon="-3.714692"></trkpt>
<trkpt lat="43.126340" lon="-3.715791"></trkpt>
<trkpt lat="43.126438" lon="-3.716147"></trkpt>
<trkpt lat="43.126569" lon="-3.716476"></trkpt>
<trkpt lat="43.126916" lon="-3.717002"></trkpt>
<trkpt lat="43.127120" lon="-3.717245"></trkpt>
<trkpt lat="43.127543" lon="-3.717692"></trkpt>
<trkpt lat="43.127989" lon="-3.718062"></trkpt>
<trkpt lat="43.128329" lon="-3.718585"></trkpt>
<trkpt lat="43.128557" lon="-3.718883"></trkpt>
<trkpt lat="43.128970" lon="-3.719317"></trkpt>
<trkpt lat="43.129397" lon="-3.719538"></trkpt>
<trkpt lat="43.129435" lon="-3.719658"></trkpt>
<trkpt lat="43.129402" lon="-3.719776"></trkpt>
<trkpt lat="43.129342" lon="-3.719817"></trkpt>
<trkpt lat="43.129277" lon="-3.719810"></trkpt>
<trkpt lat="43.129029" lon="-3.719646"></trkpt>
<trkpt lat="43.128732" lon="-3.719406"></trkpt>
<trkpt lat="43.128397" lon="-3.719051"></trkpt>
<trkpt lat="43.127937" lon="-3.718442"></trkpt>
<trkpt lat="43.127841" lon="-3.718349"></trkpt>
<trkpt lat="43.127743" lon="-3.718310"></trkpt>
<trkpt lat="43.127282" lon="-3.718293"></trkpt>
<trkpt lat="43.127147" lon="-3.718248"></trkpt>
<trkpt lat="43.127013" lon="-3.718155"></trkpt>
<trkpt lat="43.126179" lon="-3.717392"></trkpt>
<trkpt lat="43.125949" lon="-3.717081"></trkpt>
<trkpt lat="43.125822" lon="-3.716864"></trkpt>
<trkpt lat="43.125172" lon="-3.715522"></trkpt>
<trkpt lat="43.125081" lon="-3.715377"></trkpt>
<trkpt lat="43.124898" lon="-3.715198"></trkpt>
<trkpt lat="43.123986" lon="-3.714783"></trkpt>
<trkpt lat="43.123832" lon="-3.714763"></trkpt>
<trkpt lat="43.123632" lon="-3.714795"></trkpt>
<trkpt lat="43.123581" lon="-3.714811"></trkpt>
<trkpt lat="43.123047" lon="-3.714950"></trkpt>
<trkpt lat="43.122576" lon="-3.715008"></trkpt>
<trkpt lat="43.122372" lon="-3.714970"></trkpt>
<trkpt lat="43.122233" lon="-3.714878"></trkpt>
<trkpt lat="43.121848" lon="-3.714314"></trkpt>
<trkpt lat="43.121140" lon="-3.713628"></trkpt>
<trkpt lat="43.121028" lon="-3.713557"></trkpt>
<trkpt lat="43.120860" lon="-3.713567"></trkpt>
<trkpt lat="43.120804" lon="-3.713582"></trkpt>
<trkpt lat="43.120700" lon="-3.713633"></trkpt>
<trkpt lat="43.120635" lon="-3.713708"></trkpt>
<trkpt lat="43.120592" lon="-3.713843"></trkpt>
<trkpt lat="43.120592" lon="-3.713969"></trkpt>
<trkpt lat="43.120648" lon="-3.714151"></trkpt>
<trkpt lat="43.121018" lon="-3.714972"></trkpt>
<trkpt lat="43.121483" lon="-3.716014"></trkpt>
<trkpt lat="43.121548" lon="-3.716093"></trkpt>
<trkpt lat="43.121830" lon="-3.716312"></trkpt>
<trkpt lat="43.121942" lon="-3.716439"></trkpt>
<trkpt lat="43.122267" lon="-3.717011"></trkpt>
<trkpt lat="43.122294" lon="-3.717169"></trkpt>
<trkpt lat="43.122286" lon="-3.717291"></trkpt>
<trkpt lat="43.122113" lon="-3.717954"></trkpt>
<trkpt lat="43.122099" lon="-3.718157"></trkpt>
<trkpt lat="43.122167" lon="-3.718446"></trkpt>
<trkpt lat="43.122544" lon="-3.719610"></trkpt>
<trkpt lat="43.122588" lon="-3.719823"></trkpt>
<trkpt lat="43.122620" lon="-3.720224"></trkpt>
<trkpt lat="43.122668" lon="-3.720324"></trkpt>
<trkpt lat="43.122864" lon="-3.720472"></trkpt>
<trkpt lat="43.123081" lon="-3.720710"></trkpt>
<trkpt lat="43.123203" lon="-3.720901"></trkpt>
<trkpt lat="43.123362" lon="-3.721245"></trkpt>
<trkpt lat="43.123465" lon="-3.721611"></trkpt>
<trkpt lat="43.123581" lon="-3.722265"></trkpt>
<trkpt lat="43.124389" lon="-3.724334"></trkpt>
<trkpt lat="43.124779" lon="-3.725057"></trkpt>
<trkpt lat="43.124874" lon="-3.725300"></trkpt>
<trkpt lat="43.125105" lon="-3.726368"></trkpt>
<trkpt lat="43.125207" lon="-3.726518"></trkpt>
<trkpt lat="43.125298" lon="-3.726584"></trkpt>
<trkpt lat="43.126165" lon="-3.726873"></trkpt>
<trkpt lat="43.126373" lon="-3.726940"></trkpt>
<trkpt lat="43.126746" lon="-3.727058"></trkpt>
<trkpt lat="43.126859" lon="-3.727129"></trkpt>
<trkpt lat="43.127117" lon="-3.727468"></trkpt>
<trkpt lat="43.127267" lon="-3.727625"></trkpt>
<trkpt lat="43.127634" lon="-3.727922"></trkpt>
<trkpt lat="43.127807" lon="-3.728018"></trkpt>
<trkpt lat="43.128454" lon="-3.728032"></trkpt>
<trkpt lat="43.128916" lon="-3.727913"></trkpt>
<trkpt lat="43.129301" lon="-3.728056"></trkpt>
<trkpt lat="43.129590" lon="-3.728102"></trkpt>
<trkpt lat="43.129800" lon="-3.728223"></trkpt>
<trkpt lat="43.129846" lon="-3.728218"></trkpt>
<trkpt lat="43.129883" lon="-3.728151"></trkpt>
<trkpt lat="43.129861" lon="-3.728048"></trkpt>
<trkpt lat="43.129807" lon="-3.728007"></trkpt>
<trkpt lat="43.129129" lon="-3.727731"></trkpt>
<trkpt lat="43.128189" lon="-3.727085"></trkpt>
<trkpt lat="43.127935" lon="-3.726833"></trkpt>
<trkpt lat="43.127386" lon="-3.726205"></trkpt>
<trkpt lat="43.127252" lon="-3.725996"></trkpt>
<trkpt lat="43.126742" lon="-3.725001"></trkpt>
<trkpt lat="43.126694" lon="-3.724810"></trkpt>
<trkpt lat="43.126680" lon="-3.724591"></trkpt>
<trkpt lat="43.126626" lon="-3.723266"></trkpt>
<trkpt lat="43.126578" lon="-3.723024"></trkpt>
<trkpt lat="43.126506" lon="-3.722861"></trkpt>
<trkpt lat="43.126259" lon="-3.722482"></trkpt>
<trkpt lat="43.126126" lon="-3.722342"></trkpt>
<trkpt lat="43.125495" lon="-3.722081"></trkpt>
<trkpt lat="43.125400" lon="-3.721946"></trkpt>
<trkpt lat="43.125370" lon="-3.721648"></trkpt>
<trkpt lat="43.125386" lon="-3.721503"></trkpt>
<trkpt lat="43.125461" lon="-3.721390"></trkpt>
<trkpt lat="43.125628" lon="-3.721320"></trkpt>
<trkpt lat="43.125781" lon="-3.721310"></trkpt>
<trkpt lat="43.126014" lon="-3.721368"></trkpt>
<trkpt lat="43.126261" lon="-3.721545"></trkpt>
<trkpt lat="43.126809" lon="-3.722106"></trkpt>
<trkpt lat="43.127267" lon="-3.722484"></trkpt>
<trkpt lat="43.127711" lon="-3.722731"></trkpt>
<trkpt lat="43.128324" lon="-3.722885"></trkpt>
<trkpt lat="43.128513" lon="-3.723015"></trkpt>
<trkpt lat="43.128859" lon="-3.723321"></trkpt>
<trkpt lat="43.128977" lon="-3.723381"></trkpt>
<trkpt lat="43.129263" lon="-3.723433"></trkpt>
<trkpt lat="43.129554" lon="-3.723432"></trkpt>
<trkpt lat="43.130577" lon="-3.723125"></trkpt>
<trkpt lat="43.130847" lon="-3.722924"></trkpt>
<trkpt lat="43.130937" lon="-3.722898"></trkpt>
<trkpt lat="43.131238" lon="-3.723021"></trkpt>
<trkpt lat="43.132822" lon="-3.723512"></trkpt>
<trkpt lat="43.133116" lon="-3.723698"></trkpt>
<trkpt lat="43.133704" lon="-3.724215"></trkpt>
<trkpt lat="43.133899" lon="-3.724439"></trkpt>
<trkpt lat="43.134710" lon="-3.725532"></trkpt>
<trkpt lat="43.135311" lon="-3.726515"></trkpt>
<trkpt lat="43.135957" lon="-3.727475"></trkpt>
<trkpt lat="43.136198" lon="-3.727960"></trkpt>
<trkpt lat="43.136899" lon="-3.729522"></trkpt>
<trkpt lat="43.136996" lon="-3.729777"></trkpt>
<trkpt lat="43.137025" lon="-3.729921"></trkpt>
<trkpt lat="43.137059" lon="-3.730953"></trkpt>
<trkpt lat="43.137069" lon="-3.732493"></trkpt>
<trkpt lat="43.137062" lon="-3.733255"></trkpt>
<trkpt lat="43.137025" lon="-3.733580"></trkpt>
<trkpt lat="43.136858" lon="-3.735060"></trkpt>
<trkpt lat="43.136791" lon="-3.736321"></trkpt>
<trkpt lat="43.136824" lon="-3.738633"></trkpt>
<trkpt lat="43.136844" lon="-3.738945"></trkpt>
<trkpt lat="43.136923" lon="-3.739539"></trkpt>
<trkpt lat="43.137127" lon="-3.740187"></trkpt>
<trkpt lat="43.137124" lon="-3.740321"></trkpt>
<trkpt lat="43.137020" lon="-3.740764"></trkpt>
<trkpt lat="43.136993" lon="-3.741114"></trkpt>
<trkpt lat="43.137009" lon="-3.741526"></trkpt>
<trkpt lat="43.137139" lon="-3.742895"></trkpt>
<trkpt lat="43.137321" lon="-3.744152"></trkpt>
<trkpt lat="43.137654" lon="-3.745876"></trkpt>
<trkpt lat="43.137654" lon="-3.746115"></trkpt>
<trkpt lat="43.137276" lon="-3.747001"></trkpt>
<trkpt lat="43.137207" lon="-3.747255"></trkpt>
<trkpt lat="43.136858" lon="-3.749032"></trkpt>
<trkpt lat="43.136768" lon="-3.749171"></trkpt>
<trkpt lat="43.136590" lon="-3.749321"></trkpt>
<trkpt lat="43.136460" lon="-3.749522"></trkpt>
<trkpt lat="43.136300" lon="-3.749894"></trkpt>
<trkpt lat="43.136042" lon="-3.750833"></trkpt>
<trkpt lat="43.135975" lon="-3.751443"></trkpt>
<trkpt lat="43.135992" lon="-3.751876"></trkpt>
<trkpt lat="43.136040" lon="-3.752273"></trkpt>
<trkpt lat="43.136156" lon="-3.752835"></trkpt>
<trkpt lat="43.136291" lon="-3.753222"></trkpt>
<trkpt lat="43.136457" lon="-3.753830"></trkpt>
<trkpt lat="43.136801" lon="-3.754852"></trkpt>
<trkpt lat="43.136879" lon="-3.755002"></trkpt>
<trkpt lat="43.137139" lon="-3.755283"></trkpt>
<trkpt lat="43.137454" lon="-3.755708"></trkpt>
<trkpt lat="43.137510" lon="-3.755856"></trkpt>
<trkpt lat="43.137592" lon="-3.756233"></trkpt>
<trkpt lat="43.137909" lon="-3.756656"></trkpt>
<trkpt lat="43.138151" lon="-3.757629"></trkpt>
<trkpt lat="43.138303" lon="-3.758079"></trkpt>
<trkpt lat="43.138674" lon="-3.759022"></trkpt>
<trkpt lat="43.138700" lon="-3.759072"></trkpt>
<trkpt lat="43.139362" lon="-3.760076"></trkpt>
<trkpt lat="43.139490" lon="-3.760303"></trkpt>
<trkpt lat="43.139945" lon="-3.761362"></trkpt>
<trkpt lat="43.140663" lon="-3.762916"></trkpt>
<trkpt lat="43.141453" lon="-3.764054"></trkpt>
<trkpt lat="43.141651" lon="-3.764698"></trkpt>
<trkpt lat="43.142037" lon="-3.765527"></trkpt>
<trkpt lat="43.142195" lon="-3.765861"></trkpt>
<trkpt lat="43.142418" lon="-3.766349"></trkpt>
<trkpt lat="43.142664" lon="-3.767079"></trkpt>
<trkpt lat="43.142932" lon="-3.767874"></trkpt>
<trkpt lat="43.143266" lon="-3.768350"></trkpt>
<trkpt lat="43.143433" lon="-3.768728"></trkpt>
<trkpt lat="43.143696" lon="-3.769424"></trkpt>
<trkpt lat="43.143852" lon="-3.769805"></trkpt>
<trkpt lat="43.144383" lon="-3.770901"></trkpt>
<trkpt lat="43.144572" lon="-3.771231"></trkpt>
<trkpt lat="43.144649" lon="-3.771315"></trkpt>
<trkpt lat="43.144822" lon="-3.771433"></trkpt>
<trkpt lat="43.145315" lon="-3.771536"></trkpt>
<trkpt lat="43.145567" lon="-3.771681"></trkpt>
<trkpt lat="43.147434" lon="-3.773408"></trkpt>
<trkpt lat="43.147614" lon="-3.773546"></trkpt>
<trkpt lat="43.147683" lon="-3.773581"></trkpt>
<trkpt lat="43.147813" lon="-3.773586"></trkpt>
<trkpt lat="43.148024" lon="-3.773488"></trkpt>
<trkpt lat="43.148095" lon="-3.773450"></trkpt>
<trkpt lat="43.148119" lon="-3.773441"></trkpt>
<trkpt lat="43.148314" lon="-3.773404"></trkpt>
<trkpt lat="43.148472" lon="-3.773449"></trkpt>
<trkpt lat="43.149298" lon="-3.774037"></trkpt>
<trkpt lat="43.149600" lon="-3.774241"></trkpt>
<trkpt lat="43.149741" lon="-3.774336"></trkpt>
<trkpt lat="43.150152" lon="-3.774603"></trkpt>
<trkpt lat="43.150298" lon="-3.774748"></trkpt>
<trkpt lat="43.150445" lon="-3.774987"></trkpt>
<trkpt lat="43.151252" lon="-3.776629"></trkpt>
<trkpt lat="43.151800" lon="-3.777706"></trkpt>
<trkpt lat="43.152309" lon="-3.778441"></trkpt>
<trkpt lat="43.152537" lon="-3.778752"></trkpt>
<trkpt lat="43.152685" lon="-3.778962"></trkpt>
<trkpt lat="43.154329" lon="-3.781239"></trkpt>
<trkpt lat="43.154531" lon="-3.781515"></trkpt>
<trkpt lat="43.154569" lon="-3.781568"></trkpt>
<trkpt lat="43.154846" lon="-3.781959"></trkpt>
<trkpt lat="43.155472" lon="-3.782817"></trkpt>
<trkpt lat="43.155753" lon="-3.783199"></trkpt>
<trkpt lat="43.155865" lon="-3.783285"></trkpt>
<trkpt lat="43.155996" lon="-3.783308"></trkpt>
<trkpt lat="43.156030" lon="-3.783307"></trkpt>
<trkpt lat="43.156127" lon="-3.783304"></trkpt>
<trkpt lat="43.156464" lon="-3.783276"></trkpt>
<trkpt lat="43.157010" lon="-3.783115"></trkpt>
<trkpt lat="43.157209" lon="-3.783117"></trkpt>
<trkpt lat="43.157380" lon="-3.783209"></trkpt>
<trkpt lat="43.157528" lon="-3.783250"></trkpt>
<trkpt lat="43.157992" lon="-3.783278"></trkpt>
<trkpt lat="43.158084" lon="-3.783257"></trkpt>
<trkpt lat="43.158184" lon="-3.783173"></trkpt>
<trkpt lat="43.158281" lon="-3.783035"></trkpt>
<trkpt lat="43.158287" lon="-3.783392"></trkpt>
<trkpt lat="43.158223" lon="-3.783533"></trkpt>
<trkpt lat="43.158358" lon="-3.783958"></trkpt>
<trkpt lat="43.158382" lon="-3.784198"></trkpt>
<trkpt lat="43.158868" lon="-3.784712"></trkpt>
<trkpt lat="43.158954" lon="-3.784727"></trkpt>
<trkpt lat="43.159096" lon="-3.784697"></trkpt>
<trkpt lat="43.159365" lon="-3.784499"></trkpt>
<trkpt lat="43.159514" lon="-3.784467"></trkpt>
<trkpt lat="43.159826" lon="-3.785098"></trkpt>
<trkpt lat="43.159933" lon="-3.785337"></trkpt>
<trkpt lat="43.159973" lon="-3.785423"></trkpt>
<trkpt lat="43.160042" lon="-3.785490"></trkpt>
<trkpt lat="43.160169" lon="-3.785525"></trkpt>
<trkpt lat="43.160337" lon="-3.785461"></trkpt>
<trkpt lat="43.160496" lon="-3.785320"></trkpt>
<trkpt lat="43.160995" lon="-3.784670"></trkpt>
<trkpt lat="43.161081" lon="-3.784680"></trkpt>
<trkpt lat="43.161128" lon="-3.784793"></trkpt>
<trkpt lat="43.161038" lon="-3.785439"></trkpt>
<trkpt lat="43.160830" lon="-3.786010"></trkpt>
<trkpt lat="43.160757" lon="-3.786434"></trkpt>
<trkpt lat="43.160725" lon="-3.787177"></trkpt>
<trkpt lat="43.160868" lon="-3.787907"></trkpt>
<trkpt lat="43.160913" lon="-3.788614"></trkpt>
<trkpt lat="43.161045" lon="-3.789340"></trkpt>
<trkpt lat="43.161059" lon="-3.790013"></trkpt>
<trkpt lat="43.161092" lon="-3.790270"></trkpt>
<trkpt lat="43.161201" lon="-3.790683"></trkpt>
<trkpt lat="43.161385" lon="-3.791129"></trkpt>
<trkpt lat="43.161563" lon="-3.791458"></trkpt>
<trkpt lat="43.161708" lon="-3.791628"></trkpt>
<trkpt lat="43.162424" lon="-3.791980"></trkpt>
<trkpt lat="43.162561" lon="-3.792113"></trkpt>
<trkpt lat="43.162756" lon="-3.792378"></trkpt>
<trkpt lat="43.163226" lon="-3.793078"></trkpt>
<trkpt lat="43.163333" lon="-3.793284"></trkpt>
<trkpt lat="43.163364" lon="-3.793467"></trkpt>
<trkpt lat="43.163362" lon="-3.794228"></trkpt>
<trkpt lat="43.163382" lon="-3.794324"></trkpt>
<trkpt lat="43.163439" lon="-3.794394"></trkpt>
<trkpt lat="43.163493" lon="-3.794406"></trkpt>
<trkpt lat="43.163554" lon="-3.794389"></trkpt>
<trkpt lat="43.163609" lon="-3.794319"></trkpt>
<trkpt lat="43.163645" lon="-3.793762"></trkpt>
<trkpt lat="43.163746" lon="-3.793123"></trkpt>
<trkpt lat="43.163754" lon="-3.792842"></trkpt>
<trkpt lat="43.163749" lon="-3.792013"></trkpt>
<trkpt lat="43.163628" lon="-3.791101"></trkpt>
<trkpt lat="43.163638" lon="-3.790209"></trkpt>
<trkpt lat="43.163605" lon="-3.789912"></trkpt>
<trkpt lat="43.163433" lon="-3.789344"></trkpt>
<trkpt lat="43.163286" lon="-3.788676"></trkpt>
<trkpt lat="43.163163" lon="-3.787633"></trkpt>
<trkpt lat="43.163157" lon="-3.787348"></trkpt>
<trkpt lat="43.163201" lon="-3.787212"></trkpt>
<trkpt lat="43.163269" lon="-3.787116"></trkpt>
<trkpt lat="43.163605" lon="-3.786788"></trkpt>
<trkpt lat="43.164070" lon="-3.786253"></trkpt>
<trkpt lat="43.164201" lon="-3.786140"></trkpt>
<trkpt lat="43.164757" lon="-3.785775"></trkpt>
<trkpt lat="43.165100" lon="-3.785585"></trkpt>
<trkpt lat="43.165255" lon="-3.785450"></trkpt>
<trkpt lat="43.165559" lon="-3.784694"></trkpt>
<trkpt lat="43.165946" lon="-3.783834"></trkpt>
<trkpt lat="43.166210" lon="-3.783342"></trkpt>
<trkpt lat="43.166342" lon="-3.783152"></trkpt>
<trkpt lat="43.166518" lon="-3.782987"></trkpt>
<trkpt lat="43.166686" lon="-3.782883"></trkpt>
<trkpt lat="43.166981" lon="-3.782806"></trkpt>
<trkpt lat="43.167130" lon="-3.782792"></trkpt>
<trkpt lat="43.167214" lon="-3.782710"></trkpt>
<trkpt lat="43.167243" lon="-3.782525"></trkpt>
<trkpt lat="43.167219" lon="-3.782159"></trkpt>
<trkpt lat="43.167253" lon="-3.781985"></trkpt>
<trkpt lat="43.167328" lon="-3.781863"></trkpt>
<trkpt lat="43.167543" lon="-3.781716"></trkpt>
<trkpt lat="43.167606" lon="-3.781628"></trkpt>
<trkpt lat="43.167754" lon="-3.781194"></trkpt>
<trkpt lat="43.167876" lon="-3.780926"></trkpt>
<trkpt lat="43.167901" lon="-3.780829"></trkpt>
<trkpt lat="43.167901" lon="-3.780699"></trkpt>
<trkpt lat="43.167865" lon="-3.780622"></trkpt>
<trkpt lat="43.167765" lon="-3.780560"></trkpt>
<trkpt lat="43.167387" lon="-3.780644"></trkpt>
<trkpt lat="43.167141" lon="-3.780606"></trkpt>
<trkpt lat="43.166945" lon="-3.780509"></trkpt>
<trkpt lat="43.166336" lon="-3.780107"></trkpt>
<trkpt lat="43.166236" lon="-3.780013"></trkpt>
<trkpt lat="43.166178" lon="-3.779893"></trkpt>
<trkpt lat="43.166155" lon="-3.779771"></trkpt>
<trkpt lat="43.166156" lon="-3.779441"></trkpt>
<trkpt lat="43.166111" lon="-3.779256"></trkpt>
<trkpt lat="43.165818" lon="-3.778710"></trkpt>
<trkpt lat="43.165612" lon="-3.778528"></trkpt>
<trkpt lat="43.165425" lon="-3.778412"></trkpt>
<trkpt lat="43.165279" lon="-3.778395"></trkpt>
<trkpt lat="43.164990" lon="-3.778451"></trkpt>
<trkpt lat="43.164908" lon="-3.778414"></trkpt>
<trkpt lat="43.164856" lon="-3.778357"></trkpt>
<trkpt lat="43.164818" lon="-3.778274"></trkpt>
<trkpt lat="43.164797" lon="-3.778120"></trkpt>
<trkpt lat="43.164840" lon="-3.777920"></trkpt>
<trkpt lat="43.165519" lon="-3.776602"></trkpt>
<trkpt lat="43.165634" lon="-3.776311"></trkpt>
<trkpt lat="43.165999" lon="-3.775054"></trkpt>
<trkpt lat="43.166124" lon="-3.774781"></trkpt>
<trkpt lat="43.166248" lon="-3.774624"></trkpt>
<trkpt lat="43.166398" lon="-3.774506"></trkpt>
<trkpt lat="43.166929" lon="-3.774193"></trkpt>
<trkpt lat="43.167166" lon="-3.774102"></trkpt>
<trkpt lat="43.167234" lon="-3.774115"></trkpt>
<trkpt lat="43.167309" lon="-3.774172"></trkpt>
<trkpt lat="43.167372" lon="-3.774316"></trkpt>
<trkpt lat="43.167391" lon="-3.774500"></trkpt>
<trkpt lat="43.167363" lon="-3.774672"></trkpt>
<trkpt lat="43.167036" lon="-3.775734"></trkpt>
<trkpt lat="43.166838" lon="-3.776483"></trkpt>
<trkpt lat="43.166821" lon="-3.776742"></trkpt>
<trkpt lat="43.166889" lon="-3.777316"></trkpt>
<trkpt lat="43.166803" lon="-3.777871"></trkpt>
<trkpt lat="43.166834" lon="-3.778012"></trkpt>
<trkpt lat="43.166929" lon="-3.778137"></trkpt>
<trkpt lat="43.167452" lon="-3.778462"></trkpt>
<trkpt lat="43.168620" lon="-3.779204"></trkpt>
<trkpt lat="43.169106" lon="-3.779434"></trkpt>
<trkpt lat="43.169225" lon="-3.779545"></trkpt>
<trkpt lat="43.169658" lon="-3.780070"></trkpt>
<trkpt lat="43.169774" lon="-3.780294"></trkpt>
<trkpt lat="43.169841" lon="-3.780524"></trkpt>
<trkpt lat="43.170036" lon="-3.781748"></trkpt>
<trkpt lat="43.170386" lon="-3.782551"></trkpt>
<trkpt lat="43.170409" lon="-3.782814"></trkpt>
<trkpt lat="43.170317" lon="-3.783588"></trkpt>
<trkpt lat="43.170310" lon="-3.783813"></trkpt>
<trkpt lat="43.170494" lon="-3.784938"></trkpt>
<trkpt lat="43.170507" lon="-3.785293"></trkpt>
<trkpt lat="43.170407" lon="-3.786813"></trkpt>
<trkpt lat="43.170180" lon="-3.787917"></trkpt>
<trkpt lat="43.170143" lon="-3.788810"></trkpt>
<trkpt lat="43.170145" lon="-3.789355"></trkpt>
<trkpt lat="43.170178" lon="-3.789512"></trkpt>
<trkpt lat="43.170229" lon="-3.789631"></trkpt>
<trkpt lat="43.170375" lon="-3.789763"></trkpt>
<trkpt lat="43.170410" lon="-3.789772"></trkpt>
<trkpt lat="43.170544" lon="-3.789756"></trkpt>
<trkpt lat="43.170722" lon="-3.789660"></trkpt>
<trkpt lat="43.172109" lon="-3.788897"></trkpt>
<trkpt lat="43.172227" lon="-3.788873"></trkpt>
<trkpt lat="43.172316" lon="-3.788890"></trkpt>
<trkpt lat="43.172412" lon="-3.788939"></trkpt>
<trkpt lat="43.172538" lon="-3.789054"></trkpt>
<trkpt lat="43.172639" lon="-3.789209"></trkpt>
<trkpt lat="43.172891" lon="-3.789789"></trkpt>
<trkpt lat="43.173051" lon="-3.789988"></trkpt>
<trkpt lat="43.173388" lon="-3.790327"></trkpt>
<trkpt lat="43.173507" lon="-3.790487"></trkpt>
<trkpt lat="43.173631" lon="-3.790718"></trkpt>
<trkpt lat="43.173764" lon="-3.791049"></trkpt>
<trkpt lat="43.173882" lon="-3.791242"></trkpt>
<trkpt lat="43.174061" lon="-3.791390"></trkpt>
<trkpt lat="43.174466" lon="-3.791501"></trkpt>
<trkpt lat="43.174598" lon="-3.791655"></trkpt>
<trkpt lat="43.174667" lon="-3.791872"></trkpt>
<trkpt lat="43.174707" lon="-3.792150"></trkpt>
<trkpt lat="43.174709" lon="-3.792921"></trkpt>
<trkpt lat="43.174743" lon="-3.793088"></trkpt>
<trkpt lat="43.174801" lon="-3.793235"></trkpt>
<trkpt lat="43.174965" lon="-3.793536"></trkpt>
<trkpt lat="43.175328" lon="-3.794101"></trkpt>
<trkpt lat="43.175730" lon="-3.794935"></trkpt>
<trkpt lat="43.176017" lon="-3.795459"></trkpt>
<trkpt lat="43.176523" lon="-3.796265"></trkpt>
<trkpt lat="43.176879" lon="-3.796775"></trkpt>
<trkpt lat="43.177321" lon="-3.797131"></trkpt>
<trkpt lat="43.177385" lon="-3.797181"></trkpt>
<trkpt lat="43.177739" lon="-3.797466"></trkpt>
<trkpt lat="43.178326" lon="-3.798117"></trkpt>
<trkpt lat="43.178776" lon="-3.798384"></trkpt>
<trkpt lat="43.178911" lon="-3.798517"></trkpt>
<trkpt lat="43.178970" lon="-3.798622"></trkpt>
<trkpt lat="43.179017" lon="-3.798802"></trkpt>
<trkpt lat="43.179014" lon="-3.799501"></trkpt>
<trkpt lat="43.179081" lon="-3.799730"></trkpt>
<trkpt lat="43.179191" lon="-3.799834"></trkpt>
<trkpt lat="43.179758" lon="-3.800019"></trkpt>
<trkpt lat="43.179990" lon="-3.800194"></trkpt>
<trkpt lat="43.180094" lon="-3.800378"></trkpt>
<trkpt lat="43.180170" lon="-3.800814"></trkpt>
<trkpt lat="43.180278" lon="-3.801084"></trkpt>
<trkpt lat="43.180377" lon="-3.801195"></trkpt>
<trkpt lat="43.180602" lon="-3.801347"></trkpt>
<trkpt lat="43.180904" lon="-3.801696"></trkpt>
<trkpt lat="43.181094" lon="-3.801728"></trkpt>
<trkpt lat="43.181483" lon="-3.801737"></trkpt>
<trkpt lat="43.181660" lon="-3.801716"></trkpt>
<trkpt lat="43.181823" lon="-3.801644"></trkpt>
<trkpt lat="43.182040" lon="-3.801427"></trkpt>
<trkpt lat="43.182359" lon="-3.800819"></trkpt>
<trkpt lat="43.182499" lon="-3.800627"></trkpt>
<trkpt lat="43.183021" lon="-3.800264"></trkpt>
<trkpt lat="43.183234" lon="-3.800191"></trkpt>
<trkpt lat="43.183467" lon="-3.800211"></trkpt>
<trkpt lat="43.184288" lon="-3.800443"></trkpt>
<trkpt lat="43.184612" lon="-3.800562"></trkpt>
<trkpt lat="43.185002" lon="-3.800756"></trkpt>
<trkpt lat="43.185261" lon="-3.800920"></trkpt>
<trkpt lat="43.185401" lon="-3.801045"></trkpt>
<trkpt lat="43.185516" lon="-3.801194"></trkpt>
<trkpt lat="43.185640" lon="-3.801481"></trkpt>
<trkpt lat="43.185674" lon="-3.801659"></trkpt>
<trkpt lat="43.185679" lon="-3.801855"></trkpt>
<trkpt lat="43.185610" lon="-3.802262"></trkpt>
<trkpt lat="43.185397" lon="-3.803078"></trkpt>
<trkpt lat="43.185367" lon="-3.803356"></trkpt>
<trkpt lat="43.185365" lon="-3.803653"></trkpt>
<trkpt lat="43.185382" lon="-3.803866"></trkpt>
<trkpt lat="43.185429" lon="-3.804084"></trkpt>
<trkpt lat="43.185713" lon="-3.804786"></trkpt>
<trkpt lat="43.185775" lon="-3.804992"></trkpt>
<trkpt lat="43.185798" lon="-3.805216"></trkpt>
<trkpt lat="43.185748" lon="-3.805411"></trkpt>
<trkpt lat="43.185665" lon="-3.805535"></trkpt>
<trkpt lat="43.185534" lon="-3.805642"></trkpt>
<trkpt lat="43.185315" lon="-3.805763"></trkpt>
<trkpt lat="43.185052" lon="-3.805849"></trkpt>
<trkpt lat="43.184735" lon="-3.805870"></trkpt>
<trkpt lat="43.183672" lon="-3.805728"></trkpt>
<trkpt lat="43.183408" lon="-3.805729"></trkpt>
<trkpt lat="43.183070" lon="-3.805788"></trkpt>
<trkpt lat="43.183013" lon="-3.805827"></trkpt>
<trkpt lat="43.182968" lon="-3.805935"></trkpt>
<trkpt lat="43.182991" lon="-3.806151"></trkpt>
<trkpt lat="43.183071" lon="-3.806273"></trkpt>
<trkpt lat="43.183377" lon="-3.806459"></trkpt>
<trkpt lat="43.183561" lon="-3.806630"></trkpt>
<trkpt lat="43.184157" lon="-3.807610"></trkpt>
<trkpt lat="43.184475" lon="-3.808076"></trkpt>
<trkpt lat="43.184924" lon="-3.808632"></trkpt>
<trkpt lat="43.185570" lon="-3.809270"></trkpt>
<trkpt lat="43.185683" lon="-3.809513"></trkpt>
<trkpt lat="43.185710" lon="-3.809915"></trkpt>
<trkpt lat="43.185771" lon="-3.810023"></trkpt>
<trkpt lat="43.185871" lon="-3.810040"></trkpt>
<trkpt lat="43.185962" lon="-3.809935"></trkpt>
<trkpt lat="43.185964" lon="-3.809758"></trkpt>
<trkpt lat="43.185902" lon="-3.809509"></trkpt>
<trkpt lat="43.185773" lon="-3.809224"></trkpt>
<trkpt lat="43.185405" lon="-3.808739"></trkpt>
<trkpt lat="43.184870" lon="-3.807808"></trkpt>
<trkpt lat="43.184831" lon="-3.807651"></trkpt>
<trkpt lat="43.184879" lon="-3.807511"></trkpt>
<trkpt lat="43.184936" lon="-3.807461"></trkpt>
<trkpt lat="43.185018" lon="-3.807445"></trkpt>
<trkpt lat="43.185672" lon="-3.807603"></trkpt>
<trkpt lat="43.186082" lon="-3.807617"></trkpt>
<trkpt lat="43.186925" lon="-3.807539"></trkpt>
<trkpt lat="43.187276" lon="-3.807467"></trkpt>
<trkpt lat="43.187488" lon="-3.807365"></trkpt>
<trkpt lat="43.187719" lon="-3.807161"></trkpt>
<trkpt lat="43.187931" lon="-3.806820"></trkpt>
<trkpt lat="43.188282" lon="-3.805952"></trkpt>
<trkpt lat="43.188403" lon="-3.805532"></trkpt>
<trkpt lat="43.188439" lon="-3.804789"></trkpt>
<trkpt lat="43.188480" lon="-3.804577"></trkpt>
<trkpt lat="43.188584" lon="-3.804405"></trkpt>
<trkpt lat="43.188821" lon="-3.804178"></trkpt>
<trkpt lat="43.189168" lon="-3.803893"></trkpt>
<trkpt lat="43.189496" lon="-3.803801"></trkpt>
<trkpt lat="43.189882" lon="-3.803780"></trkpt>
<trkpt lat="43.190598" lon="-3.803922"></trkpt>
<trkpt lat="43.190882" lon="-3.803915"></trkpt>
<trkpt lat="43.191204" lon="-3.803768"></trkpt>
<trkpt lat="43.191815" lon="-3.803244"></trkpt>
<trkpt lat="43.192055" lon="-3.803082"></trkpt>
<trkpt lat="43.192313" lon="-3.803030"></trkpt>
<trkpt lat="43.192579" lon="-3.803074"></trkpt>
<trkpt lat="43.192786" lon="-3.803158"></trkpt>
<trkpt lat="43.192987" lon="-3.803284"></trkpt>
<trkpt lat="43.194142" lon="-3.804241"></trkpt>
<trkpt lat="43.194318" lon="-3.804460"></trkpt>
<trkpt lat="43.194704" lon="-3.805163"></trkpt>
<trkpt lat="43.195155" lon="-3.805895"></trkpt>
<trkpt lat="43.195315" lon="-3.806108"></trkpt>
<trkpt lat="43.195399" lon="-3.806152"></trkpt>
<trkpt lat="43.195468" lon="-3.806152"></trkpt>
<trkpt lat="43.195489" lon="-3.806144"></trkpt>
<trkpt lat="43.195505" lon="-3.806133"></trkpt>
<trkpt lat="43.195520" lon="-3.806121"></trkpt>
<trkpt lat="43.195534" lon="-3.806106"></trkpt>
<trkpt lat="43.195546" lon="-3.806087"></trkpt>
<trkpt lat="43.195558" lon="-3.806067"></trkpt>
<trkpt lat="43.195569" lon="-3.806043"></trkpt>
<trkpt lat="43.195579" lon="-3.806015"></trkpt>
<trkpt lat="43.195586" lon="-3.805987"></trkpt>
<trkpt lat="43.195591" lon="-3.805957"></trkpt>
<trkpt lat="43.195593" lon="-3.805929"></trkpt>
<trkpt lat="43.195593" lon="-3.805897"></trkpt>
<trkpt lat="43.195592" lon="-3.805864"></trkpt>
<trkpt lat="43.195590" lon="-3.805839"></trkpt>
<trkpt lat="43.195588" lon="-3.805816"></trkpt>
<trkpt lat="43.195583" lon="-3.805793"></trkpt>
<trkpt lat="43.195241" lon="-3.803902"></trkpt>
<trkpt lat="43.195151" lon="-3.803596"></trkpt>
<trkpt lat="43.194963" lon="-3.803135"></trkpt>
<trkpt lat="43.194657" lon="-3.802575"></trkpt>
<trkpt lat="43.194001" lon="-3.801765"></trkpt>
<trkpt lat="43.193429" lon="-3.801319"></trkpt>
<trkpt lat="43.192966" lon="-3.801200"></trkpt>
<trkpt lat="43.192801" lon="-3.801093"></trkpt>
<trkpt lat="43.192627" lon="-3.800927"></trkpt>
<trkpt lat="43.192504" lon="-3.800735"></trkpt>
<trkpt lat="43.192273" lon="-3.800263"></trkpt>
<trkpt lat="43.191887" lon="-3.799882"></trkpt>
<trkpt lat="43.191307" lon="-3.798952"></trkpt>
<trkpt lat="43.191129" lon="-3.798605"></trkpt>
<trkpt lat="43.191049" lon="-3.798326"></trkpt>
<trkpt lat="43.191030" lon="-3.798112"></trkpt>
<trkpt lat="43.191043" lon="-3.797910"></trkpt>
<trkpt lat="43.191071" lon="-3.797780"></trkpt>
<trkpt lat="43.191128" lon="-3.797696"></trkpt>
<trkpt lat="43.191242" lon="-3.797654"></trkpt>
<trkpt lat="43.191302" lon="-3.797678"></trkpt>
<trkpt lat="43.191371" lon="-3.797756"></trkpt>
<trkpt lat="43.191425" lon="-3.797942"></trkpt>
<trkpt lat="43.191523" lon="-3.798546"></trkpt>
<trkpt lat="43.191633" lon="-3.798814"></trkpt>
<trkpt lat="43.192374" lon="-3.799592"></trkpt>
<trkpt lat="43.192574" lon="-3.799701"></trkpt>
<trkpt lat="43.192934" lon="-3.799777"></trkpt>
<trkpt lat="43.193210" lon="-3.799749"></trkpt>
<trkpt lat="43.193677" lon="-3.799609"></trkpt>
<trkpt lat="43.193866" lon="-3.799633"></trkpt>
<trkpt lat="43.194131" lon="-3.799758"></trkpt>
<trkpt lat="43.194333" lon="-3.799893"></trkpt>
<trkpt lat="43.195320" lon="-3.800635"></trkpt>
<trkpt lat="43.195604" lon="-3.800897"></trkpt>
<trkpt lat="43.195781" lon="-3.801090"></trkpt>
<trkpt lat="43.195945" lon="-3.801322"></trkpt>
<trkpt lat="43.196055" lon="-3.801546"></trkpt>
<trkpt lat="43.196224" lon="-3.802005"></trkpt>
<trkpt lat="43.196311" lon="-3.802139"></trkpt>
<trkpt lat="43.197168" lon="-3.802948"></trkpt>
<trkpt lat="43.197914" lon="-3.803781"></trkpt>
<trkpt lat="43.198213" lon="-3.804076"></trkpt>
<trkpt lat="43.198444" lon="-3.804355"></trkpt>
<trkpt lat="43.198604" lon="-3.804608"></trkpt>
<trkpt lat="43.198858" lon="-3.805094"></trkpt>
<trkpt lat="43.199157" lon="-3.805837"></trkpt>
<trkpt lat="43.199286" lon="-3.806082"></trkpt>
<trkpt lat="43.199506" lon="-3.806304"></trkpt>
<trkpt lat="43.199972" lon="-3.806583"></trkpt>
<trkpt lat="43.200281" lon="-3.806881"></trkpt>
<trkpt lat="43.200837" lon="-3.807337"></trkpt>
<trkpt lat="43.201072" lon="-3.807670"></trkpt>
<trkpt lat="43.201385" lon="-3.808397"></trkpt>
<trkpt lat="43.201728" lon="-3.809331"></trkpt>
<trkpt lat="43.201801" lon="-3.809409"></trkpt>
<trkpt lat="43.201900" lon="-3.809409"></trkpt>
<trkpt lat="43.201941" lon="-3.809379"></trkpt>
<trkpt lat="43.201982" lon="-3.809290"></trkpt>
<trkpt lat="43.201979" lon="-3.809142"></trkpt>
<trkpt lat="43.201743" lon="-3.808729"></trkpt>
<trkpt lat="43.201698" lon="-3.808516"></trkpt>
<trkpt lat="43.201671" lon="-3.808006"></trkpt>
<trkpt lat="43.201625" lon="-3.807705"></trkpt>
<trkpt lat="43.201511" lon="-3.807362"></trkpt>
<trkpt lat="43.201302" lon="-3.806924"></trkpt>
<trkpt lat="43.201240" lon="-3.806710"></trkpt>
<trkpt lat="43.201231" lon="-3.806410"></trkpt>
<trkpt lat="43.201261" lon="-3.805858"></trkpt>
<trkpt lat="43.201241" lon="-3.805017"></trkpt>
<trkpt lat="43.201282" lon="-3.804870"></trkpt>
<trkpt lat="43.201364" lon="-3.804769"></trkpt>
<trkpt lat="43.201479" lon="-3.804746"></trkpt>
<trkpt lat="43.201583" lon="-3.804788"></trkpt>
<trkpt lat="43.201652" lon="-3.804867"></trkpt>
<trkpt lat="43.202132" lon="-3.805771"></trkpt>
<trkpt lat="43.202289" lon="-3.805955"></trkpt>
<trkpt lat="43.202431" lon="-3.806051"></trkpt>
<trkpt lat="43.202659" lon="-3.806099"></trkpt>
<trkpt lat="43.203040" lon="-3.806046"></trkpt>
<trkpt lat="43.205343" lon="-3.805715"></trkpt>
<trkpt lat="43.206075" lon="-3.805570"></trkpt>
<trkpt lat="43.206880" lon="-3.805382"></trkpt>
<trkpt lat="43.207380" lon="-3.805264"></trkpt>
<trkpt lat="43.207918" lon="-3.805135"></trkpt>
<trkpt lat="43.208090" lon="-3.805107"></trkpt>
<trkpt lat="43.208522" lon="-3.805124"></trkpt>
<trkpt lat="43.208782" lon="-3.805203"></trkpt>
<trkpt lat="43.209544" lon="-3.805556"></trkpt>
<trkpt lat="43.210423" lon="-3.805981"></trkpt>
<trkpt lat="43.210617" lon="-3.806028"></trkpt>
<trkpt lat="43.210650" lon="-3.806016"></trkpt>
<trkpt lat="43.210936" lon="-3.805778"></trkpt>
<trkpt lat="43.211034" lon="-3.805700"></trkpt>
<trkpt lat="43.211211" lon="-3.805617"></trkpt>
<trkpt lat="43.211314" lon="-3.805637"></trkpt>
<trkpt lat="43.211590" lon="-3.805784"></trkpt>
<trkpt lat="43.211628" lon="-3.805808"></trkpt>
<trkpt lat="43.211817" lon="-3.805927"></trkpt>
<trkpt lat="43.212042" lon="-3.806011"></trkpt>
<trkpt lat="43.212411" lon="-3.806059"></trkpt>
<trkpt lat="43.212927" lon="-3.806097"></trkpt>
<trkpt lat="43.213112" lon="-3.806035"></trkpt>
<trkpt lat="43.213556" lon="-3.805837"></trkpt>
<trkpt lat="43.213720" lon="-3.805800"></trkpt>
<trkpt lat="43.213803" lon="-3.805812"></trkpt>
<trkpt lat="43.213934" lon="-3.805888"></trkpt>
<trkpt lat="43.214120" lon="-3.806102"></trkpt>
<trkpt lat="43.214216" lon="-3.806224"></trkpt>
<trkpt lat="43.214377" lon="-3.806367"></trkpt>
<trkpt lat="43.214643" lon="-3.806523"></trkpt>
<trkpt lat="43.215095" lon="-3.806712"></trkpt>
<trkpt lat="43.215241" lon="-3.806744"></trkpt>
<trkpt lat="43.215525" lon="-3.806741"></trkpt>
<trkpt lat="43.215795" lon="-3.806739"></trkpt>
<trkpt lat="43.215857" lon="-3.806743"></trkpt>
<trkpt lat="43.216484" lon="-3.806844"></trkpt>
<trkpt lat="43.216590" lon="-3.806903"></trkpt>
<trkpt lat="43.216712" lon="-3.806970"></trkpt>
<trkpt lat="43.217033" lon="-3.807105"></trkpt>
<trkpt lat="43.217285" lon="-3.807168"></trkpt>
<trkpt lat="43.217398" lon="-3.807182"></trkpt>
<trkpt lat="43.217502" lon="-3.807190"></trkpt>
<trkpt lat="43.217672" lon="-3.807184"></trkpt>
<trkpt lat="43.218058" lon="-3.807150"></trkpt>
<trkpt lat="43.218198" lon="-3.807133"></trkpt>
<trkpt lat="43.218259" lon="-3.807126"></trkpt>
<trkpt lat="43.218417" lon="-3.807160"></trkpt>
<trkpt lat="43.218709" lon="-3.807443"></trkpt>
<trkpt lat="43.218814" lon="-3.807599"></trkpt>
<trkpt lat="43.219047" lon="-3.808006"></trkpt>
<trkpt lat="43.219168" lon="-3.808205"></trkpt>
<trkpt lat="43.219227" lon="-3.808296"></trkpt>
<trkpt lat="43.219296" lon="-3.808378"></trkpt>
<trkpt lat="43.219302" lon="-3.808383"></trkpt>
<trkpt lat="43.219473" lon="-3.808468"></trkpt>
<trkpt lat="43.219758" lon="-3.808536"></trkpt>
<trkpt lat="43.220413" lon="-3.808681"></trkpt>
<trkpt lat="43.220479" lon="-3.808696"></trkpt>
<trkpt lat="43.221085" lon="-3.808831"></trkpt>
<trkpt lat="43.222897" lon="-3.809236"></trkpt>
<trkpt lat="43.223464" lon="-3.809364"></trkpt>
<trkpt lat="43.224044" lon="-3.809495"></trkpt>
<trkpt lat="43.226171" lon="-3.809980"></trkpt>
<trkpt lat="43.227343" lon="-3.810245"></trkpt>
<trkpt lat="43.227424" lon="-3.810266"></trkpt>
<trkpt lat="43.228137" lon="-3.810453"></trkpt>
<trkpt lat="43.228206" lon="-3.810542"></trkpt>
<trkpt lat="43.228259" lon="-3.810681"></trkpt>
<trkpt lat="43.228471" lon="-3.812102"></trkpt>
<trkpt lat="43.228537" lon="-3.812562"></trkpt>
<trkpt lat="43.228652" lon="-3.813360"></trkpt>
<trkpt lat="43.228674" lon="-3.813443"></trkpt>
<trkpt lat="43.228756" lon="-3.813634"></trkpt>
<trkpt lat="43.228823" lon="-3.813730"></trkpt>
<trkpt lat="43.228980" lon="-3.813882"></trkpt>
<trkpt lat="43.229088" lon="-3.813939"></trkpt>
<trkpt lat="43.230740" lon="-3.814709"></trkpt>
<trkpt lat="43.231523" lon="-3.815069"></trkpt>
<trkpt lat="43.233417" lon="-3.815944"></trkpt>
<trkpt lat="43.234410" lon="-3.816397"></trkpt>
<trkpt lat="43.234501" lon="-3.816439"></trkpt>
<trkpt lat="43.234641" lon="-3.816503"></trkpt>
<trkpt lat="43.234685" lon="-3.816523"></trkpt>
<trkpt lat="43.234875" lon="-3.816611"></trkpt>
<trkpt lat="43.235011" lon="-3.816673"></trkpt>
<trkpt lat="43.235299" lon="-3.816808"></trkpt>
<trkpt lat="43.235695" lon="-3.817011"></trkpt>
<trkpt lat="43.235979" lon="-3.817192"></trkpt>
<trkpt lat="43.236422" lon="-3.817585"></trkpt>
<trkpt lat="43.236818" lon="-3.818081"></trkpt>
<trkpt lat="43.237054" lon="-3.818468"></trkpt>
<trkpt lat="43.237158" lon="-3.818684"></trkpt>
<trkpt lat="43.237575" lon="-3.819736"></trkpt>
<trkpt lat="43.237790" lon="-3.820432"></trkpt>
<trkpt lat="43.237864" lon="-3.820863"></trkpt>
<trkpt lat="43.238005" lon="-3.822375"></trkpt>
<trkpt lat="43.238146" lon="-3.823007"></trkpt>
<trkpt lat="43.238487" lon="-3.823943"></trkpt>
<trkpt lat="43.238555" lon="-3.824112"></trkpt>
<trkpt lat="43.238704" lon="-3.824479"></trkpt>
<trkpt lat="43.238764" lon="-3.824627"></trkpt>
<trkpt lat="43.238893" lon="-3.824642"></trkpt>
<trkpt lat="43.239517" lon="-3.824919"></trkpt>
<trkpt lat="43.239691" lon="-3.824909"></trkpt>
<trkpt lat="43.239770" lon="-3.824858"></trkpt>
<trkpt lat="43.240049" lon="-3.824657"></trkpt>
<trkpt lat="43.240191" lon="-3.824660"></trkpt>
<trkpt lat="43.240687" lon="-3.825216"></trkpt>
<trkpt lat="43.240991" lon="-3.825452"></trkpt>
<trkpt lat="43.241092" lon="-3.825651"></trkpt>
<trkpt lat="43.241327" lon="-3.825929"></trkpt>
<trkpt lat="43.242035" lon="-3.826756"></trkpt>
<trkpt lat="43.242267" lon="-3.827005"></trkpt>
<trkpt lat="43.242432" lon="-3.827184"></trkpt>
<trkpt lat="43.242623" lon="-3.827250"></trkpt>
<trkpt lat="43.242975" lon="-3.827094"></trkpt>
<trkpt lat="43.243069" lon="-3.827014"></trkpt>
<trkpt lat="43.243211" lon="-3.827271"></trkpt>
<trkpt lat="43.243787" lon="-3.827634"></trkpt>
<trkpt lat="43.244085" lon="-3.827952"></trkpt>
<trkpt lat="43.244131" lon="-3.827965"></trkpt>
<trkpt lat="43.244373" lon="-3.827901"></trkpt>
<trkpt lat="43.244491" lon="-3.827927"></trkpt>
<trkpt lat="43.244499" lon="-3.828064"></trkpt>
<trkpt lat="43.244985" lon="-3.828497"></trkpt>
<trkpt lat="43.245274" lon="-3.828707"></trkpt>
<trkpt lat="43.245453" lon="-3.828824"></trkpt>
<trkpt lat="43.245549" lon="-3.828843"></trkpt>
<trkpt lat="43.245707" lon="-3.828915"></trkpt>
<trkpt lat="43.245892" lon="-3.829043"></trkpt>
<trkpt lat="43.246055" lon="-3.829194"></trkpt>
<trkpt lat="43.246231" lon="-3.829339"></trkpt>
<trkpt lat="43.246345" lon="-3.829479"></trkpt>
<trkpt lat="43.246474" lon="-3.829729"></trkpt>
<trkpt lat="43.246639" lon="-3.830132"></trkpt>
<trkpt lat="43.246717" lon="-3.830341"></trkpt>
<trkpt lat="43.246923" lon="-3.830665"></trkpt>
<trkpt lat="43.247046" lon="-3.830863"></trkpt>
<trkpt lat="43.247242" lon="-3.831342"></trkpt>
<trkpt lat="43.247485" lon="-3.831792"></trkpt>
<trkpt lat="43.247796" lon="-3.832204"></trkpt>
<trkpt lat="43.248258" lon="-3.832649"></trkpt>
<trkpt lat="43.248662" lon="-3.833015"></trkpt>
<trkpt lat="43.248934" lon="-3.833503"></trkpt>
<trkpt lat="43.248997" lon="-3.833579"></trkpt>
<trkpt lat="43.249379" lon="-3.833813"></trkpt>
<trkpt lat="43.249639" lon="-3.834047"></trkpt>
<trkpt lat="43.250052" lon="-3.834344"></trkpt>
<trkpt lat="43.250337" lon="-3.834479"></trkpt>
<trkpt lat="43.250520" lon="-3.834604"></trkpt>
<trkpt lat="43.250647" lon="-3.834780"></trkpt>
<trkpt lat="43.250817" lon="-3.835266"></trkpt>
<trkpt lat="43.250967" lon="-3.835612"></trkpt>
<trkpt lat="43.251364" lon="-3.836264"></trkpt>
<trkpt lat="43.251439" lon="-3.836570"></trkpt>
<trkpt lat="43.251504" lon="-3.836776"></trkpt>
<trkpt lat="43.251742" lon="-3.837267"></trkpt>
<trkpt lat="43.252112" lon="-3.837562"></trkpt>
<trkpt lat="43.252204" lon="-3.837726"></trkpt>
<trkpt lat="43.252423" lon="-3.838358"></trkpt>
<trkpt lat="43.252683" lon="-3.839250"></trkpt>
<trkpt lat="43.252785" lon="-3.839396"></trkpt>
<trkpt lat="43.252871" lon="-3.839462"></trkpt>
<trkpt lat="43.253053" lon="-3.839527"></trkpt>
<trkpt lat="43.253267" lon="-3.839558"></trkpt>
<trkpt lat="43.253513" lon="-3.839904"></trkpt>
<trkpt lat="43.254082" lon="-3.840312"></trkpt>
<trkpt lat="43.254185" lon="-3.840354"></trkpt>
<trkpt lat="43.254535" lon="-3.840386"></trkpt>
<trkpt lat="43.254721" lon="-3.840432"></trkpt>
<trkpt lat="43.254957" lon="-3.840558"></trkpt>
<trkpt lat="43.255134" lon="-3.840743"></trkpt>
<trkpt lat="43.255485" lon="-3.841245"></trkpt>
<trkpt lat="43.255541" lon="-3.841281"></trkpt>
<trkpt lat="43.256778" lon="-3.841662"></trkpt>
<trkpt lat="43.257562" lon="-3.842142"></trkpt>
<trkpt lat="43.257751" lon="-3.842142"></trkpt>
<trkpt lat="43.258158" lon="-3.842037"></trkpt>
<trkpt lat="43.258269" lon="-3.841993"></trkpt>
<trkpt lat="43.258466" lon="-3.841975"></trkpt>
<trkpt lat="43.258623" lon="-3.842019"></trkpt>
<trkpt lat="43.259108" lon="-3.842324"></trkpt>
<trkpt lat="43.259212" lon="-3.842389"></trkpt>
<trkpt lat="43.259403" lon="-3.842508"></trkpt>
<trkpt lat="43.259371" lon="-3.842809"></trkpt>
<trkpt lat="43.259322" lon="-3.843015"></trkpt>
<trkpt lat="43.259260" lon="-3.843157"></trkpt>
<trkpt lat="43.258966" lon="-3.843395"></trkpt>
<trkpt lat="43.258911" lon="-3.843530"></trkpt>
<trkpt lat="43.258902" lon="-3.843809"></trkpt>
<trkpt lat="43.258956" lon="-3.844065"></trkpt>
<trkpt lat="43.258970" lon="-3.844186"></trkpt>
<trkpt lat="43.258959" lon="-3.844316"></trkpt>
<trkpt lat="43.258894" lon="-3.844566"></trkpt>
<trkpt lat="43.258584" lon="-3.845565"></trkpt>
<trkpt lat="43.258359" lon="-3.846291"></trkpt>
<trkpt lat="43.258273" lon="-3.846561"></trkpt>
<trkpt lat="43.258026" lon="-3.847323"></trkpt>
<trkpt lat="43.257900" lon="-3.847927"></trkpt>
<trkpt lat="43.257872" lon="-3.848279"></trkpt>
<trkpt lat="43.257943" lon="-3.848712"></trkpt>
<trkpt lat="43.257983" lon="-3.849148"></trkpt>
<trkpt lat="43.257982" lon="-3.849203"></trkpt>
<trkpt lat="43.258030" lon="-3.849360"></trkpt>
<trkpt lat="43.258169" lon="-3.849435"></trkpt>
<trkpt lat="43.258581" lon="-3.849448"></trkpt>
<trkpt lat="43.258680" lon="-3.849477"></trkpt>
<trkpt lat="43.258759" lon="-3.849565"></trkpt>
<trkpt lat="43.258800" lon="-3.849680"></trkpt>
<trkpt lat="43.258823" lon="-3.849848"></trkpt>
<trkpt lat="43.258853" lon="-3.849851"></trkpt>
<trkpt lat="43.259063" lon="-3.849867"></trkpt>
<trkpt lat="43.259563" lon="-3.849898"></trkpt>
<trkpt lat="43.262641" lon="-3.850081"></trkpt>
<trkpt lat="43.263986" lon="-3.850135"></trkpt>
<trkpt lat="43.264130" lon="-3.850121"></trkpt>
<trkpt lat="43.264330" lon="-3.850081"></trkpt>
<trkpt lat="43.264615" lon="-3.849966"></trkpt>
<trkpt lat="43.265371" lon="-3.849514"></trkpt>
<trkpt lat="43.265697" lon="-3.849386"></trkpt>
<trkpt lat="43.266037" lon="-3.849343"></trkpt>
<trkpt lat="43.267090" lon="-3.849406"></trkpt>
<trkpt lat="43.267453" lon="-3.849430"></trkpt>
<trkpt lat="43.267807" lon="-3.849453"></trkpt>
<trkpt lat="43.268361" lon="-3.849475"></trkpt>
<trkpt lat="43.268668" lon="-3.849416"></trkpt>
<trkpt lat="43.268979" lon="-3.849263"></trkpt>
<trkpt lat="43.269590" lon="-3.848780"></trkpt>
<trkpt lat="43.269764" lon="-3.848702"></trkpt>
<trkpt lat="43.269984" lon="-3.848659"></trkpt>
<trkpt lat="43.270539" lon="-3.848700"></trkpt>
<trkpt lat="43.270795" lon="-3.848659"></trkpt>
<trkpt lat="43.271683" lon="-3.848407"></trkpt>
<trkpt lat="43.271855" lon="-3.848332"></trkpt>
<trkpt lat="43.272060" lon="-3.848190"></trkpt>
<trkpt lat="43.272269" lon="-3.847935"></trkpt>
<trkpt lat="43.272424" lon="-3.847632"></trkpt>
<trkpt lat="43.272529" lon="-3.847216"></trkpt>
<trkpt lat="43.272548" lon="-3.846836"></trkpt>
<trkpt lat="43.272498" lon="-3.845513"></trkpt>
<trkpt lat="43.272547" lon="-3.845095"></trkpt>
<trkpt lat="43.272624" lon="-3.844815"></trkpt>
<trkpt lat="43.272784" lon="-3.844463"></trkpt>
<trkpt lat="43.272953" lon="-3.844207"></trkpt>
<trkpt lat="43.274008" lon="-3.842881"></trkpt>
<trkpt lat="43.274284" lon="-3.842656"></trkpt>
<trkpt lat="43.274814" lon="-3.842373"></trkpt>
<trkpt lat="43.275078" lon="-3.842191"></trkpt>
<trkpt lat="43.275323" lon="-3.841920"></trkpt>
<trkpt lat="43.275880" lon="-3.841197"></trkpt>
<trkpt lat="43.276157" lon="-3.840880"></trkpt>
<trkpt lat="43.276732" lon="-3.840345"></trkpt>
<trkpt lat="43.277769" lon="-3.839486"></trkpt>
<trkpt lat="43.278028" lon="-3.839370"></trkpt>
<trkpt lat="43.278330" lon="-3.839338"></trkpt>
<trkpt lat="43.278660" lon="-3.839435"></trkpt>
<trkpt lat="43.278963" lon="-3.839639"></trkpt>
<trkpt lat="43.279539" lon="-3.840156"></trkpt>
<trkpt lat="43.279882" lon="-3.840330"></trkpt>
<trkpt lat="43.280406" lon="-3.840445"></trkpt>
<trkpt lat="43.280607" lon="-3.840459"></trkpt>
<trkpt lat="43.280777" lon="-3.840427"></trkpt>
<trkpt lat="43.280985" lon="-3.840341"></trkpt>
<trkpt lat="43.281237" lon="-3.840145"></trkpt>
<trkpt lat="43.281431" lon="-3.839947"></trkpt>
<trkpt lat="43.281870" lon="-3.839539"></trkpt>
<trkpt lat="43.282165" lon="-3.839357"></trkpt>
<trkpt lat="43.282590" lon="-3.839145"></trkpt>
<trkpt lat="43.282760" lon="-3.839094"></trkpt>
<trkpt lat="43.282987" lon="-3.839080"></trkpt>
<trkpt lat="43.283273" lon="-3.839176"></trkpt>
<trkpt lat="43.283406" lon="-3.839246"></trkpt>
<trkpt lat="43.283892" lon="-3.839501"></trkpt>
<trkpt lat="43.284028" lon="-3.839580"></trkpt>
<trkpt lat="43.284697" lon="-3.839964"></trkpt>
<trkpt lat="43.284884" lon="-3.840071"></trkpt>
<trkpt lat="43.285457" lon="-3.840357"></trkpt>
<trkpt lat="43.285956" lon="-3.840470"></trkpt>
<trkpt lat="43.286415" lon="-3.840454"></trkpt>
<trkpt lat="43.287072" lon="-3.840325"></trkpt>
<trkpt lat="43.287883" lon="-3.840163"></trkpt>
<trkpt lat="43.288215" lon="-3.840114"></trkpt>
<trkpt lat="43.288932" lon="-3.840031"></trkpt>
<trkpt lat="43.289082" lon="-3.840046"></trkpt>
<trkpt lat="43.289226" lon="-3.840088"></trkpt>
<trkpt lat="43.289560" lon="-3.840236"></trkpt>
<trkpt lat="43.290324" lon="-3.840645"></trkpt>
<trkpt lat="43.291151" lon="-3.841129"></trkpt>
<trkpt lat="43.292795" lon="-3.842282"></trkpt>
<trkpt lat="43.293443" lon="-3.842646"></trkpt>
<trkpt lat="43.294516" lon="-3.843187"></trkpt>
<trkpt lat="43.294928" lon="-3.843420"></trkpt>
<trkpt lat="43.295179" lon="-3.843618"></trkpt>
<trkpt lat="43.295442" lon="-3.843908"></trkpt>
<trkpt lat="43.296294" lon="-3.845280"></trkpt>
<trkpt lat="43.296497" lon="-3.845551"></trkpt>
<trkpt lat="43.297123" lon="-3.846157"></trkpt>
<trkpt lat="43.297324" lon="-3.846406"></trkpt>
<trkpt lat="43.297577" lon="-3.846870"></trkpt>
<trkpt lat="43.297744" lon="-3.847324"></trkpt>
<trkpt lat="43.298050" lon="-3.848294"></trkpt>
<trkpt lat="43.298108" lon="-3.848608"></trkpt>
<trkpt lat="43.298140" lon="-3.849035"></trkpt>
<trkpt lat="43.298148" lon="-3.849882"></trkpt>
<trkpt lat="43.298107" lon="-3.850309"></trkpt>
<trkpt lat="43.297978" lon="-3.850853"></trkpt>
<trkpt lat="43.297742" lon="-3.851650"></trkpt>
<trkpt lat="43.297657" lon="-3.852180"></trkpt>
<trkpt lat="43.297649" lon="-3.852467"></trkpt>
<trkpt lat="43.297736" lon="-3.853474"></trkpt>
<trkpt lat="43.297831" lon="-3.853903"></trkpt>
<trkpt lat="43.297902" lon="-3.854085"></trkpt>
<trkpt lat="43.298016" lon="-3.854281"></trkpt>
<trkpt lat="43.298225" lon="-3.854525"></trkpt>
<trkpt lat="43.298510" lon="-3.854731"></trkpt>
<trkpt lat="43.298842" lon="-3.854879"></trkpt>
<trkpt lat="43.299168" lon="-3.854954"></trkpt>
<trkpt lat="43.299461" lon="-3.854943"></trkpt>
<trkpt lat="43.299707" lon="-3.854863"></trkpt>
<trkpt lat="43.300082" lon="-3.854648"></trkpt>
<trkpt lat="43.301575" lon="-3.853798"></trkpt>
<trkpt lat="43.301897" lon="-3.853672"></trkpt>
<trkpt lat="43.302260" lon="-3.853583"></trkpt>
<trkpt lat="43.302604" lon="-3.853559"></trkpt>
<trkpt lat="43.302979" lon="-3.853586"></trkpt>
<trkpt lat="43.303935" lon="-3.853758"></trkpt>
<trkpt lat="43.304711" lon="-3.853848"></trkpt>
<trkpt lat="43.305061" lon="-3.853870"></trkpt>
<trkpt lat="43.305723" lon="-3.853885"></trkpt>
<trkpt lat="43.306775" lon="-3.853815"></trkpt>
<trkpt lat="43.307640" lon="-3.853752"></trkpt>
<trkpt lat="43.308040" lon="-3.853723"></trkpt>
<trkpt lat="43.308086" lon="-3.853720"></trkpt>
<trkpt lat="43.308268" lon="-3.853708"></trkpt>
<trkpt lat="43.309016" lon="-3.853652"></trkpt>
<trkpt lat="43.309438" lon="-3.853620"></trkpt>
<trkpt lat="43.309688" lon="-3.853606"></trkpt>
<trkpt lat="43.309868" lon="-3.853611"></trkpt>
<trkpt lat="43.310094" lon="-3.853635"></trkpt>
<trkpt lat="43.310309" lon="-3.853661"></trkpt>
<trkpt lat="43.310437" lon="-3.853676"></trkpt>
<trkpt lat="43.310581" lon="-3.853694"></trkpt>
<trkpt lat="43.310645" lon="-3.853701"></trkpt>
<trkpt lat="43.310910" lon="-3.853733"></trkpt>
<trkpt lat="43.311051" lon="-3.853750"></trkpt>
<trkpt lat="43.311396" lon="-3.853793"></trkpt>
<trkpt lat="43.311738" lon="-3.853833"></trkpt>
<trkpt lat="43.311973" lon="-3.853862"></trkpt>
<trkpt lat="43.311986" lon="-3.853864"></trkpt>
<trkpt lat="43.312416" lon="-3.853915"></trkpt>
<trkpt lat="43.312796" lon="-3.853962"></trkpt>
<trkpt lat="43.312868" lon="-3.853970"></trkpt>
<trkpt lat="43.313292" lon="-3.854022"></trkpt>
<trkpt lat="43.313542" lon="-3.854055"></trkpt>
<trkpt lat="43.313636" lon="-3.854072"></trkpt>
<trkpt lat="43.313751" lon="-3.854093"></trkpt>
<trkpt lat="43.314461" lon="-3.854296"></trkpt>
<trkpt lat="43.314864" lon="-3.854417"></trkpt>
<trkpt lat="43.314916" lon="-3.854432"></trkpt>
<trkpt lat="43.315400" lon="-3.854582"></trkpt>
<trkpt lat="43.315694" lon="-3.854678"></trkpt>
<trkpt lat="43.316024" lon="-3.854773"></trkpt>
<trkpt lat="43.316159" lon="-3.854761"></trkpt>
<trkpt lat="43.316909" lon="-3.854436"></trkpt>
<trkpt lat="43.317144" lon="-3.854336"></trkpt>
<trkpt lat="43.317354" lon="-3.854259"></trkpt>
<trkpt lat="43.317886" lon="-3.854081"></trkpt>
<trkpt lat="43.317916" lon="-3.854072"></trkpt>
<trkpt lat="43.318463" lon="-3.853896"></trkpt>
<trkpt lat="43.318644" lon="-3.853839"></trkpt>
<trkpt lat="43.319386" lon="-3.853602"></trkpt>
<trkpt lat="43.319612" lon="-3.853528"></trkpt>
<trkpt lat="43.319732" lon="-3.853490"></trkpt>
<trkpt lat="43.319882" lon="-3.853441"></trkpt>
<trkpt lat="43.320242" lon="-3.853342"></trkpt>
<trkpt lat="43.320928" lon="-3.853219"></trkpt>
<trkpt lat="43.321106" lon="-3.853202"></trkpt>
<trkpt lat="43.321154" lon="-3.853197"></trkpt>
<trkpt lat="43.321191" lon="-3.853194"></trkpt>
<trkpt lat="43.321269" lon="-3.853187"></trkpt>
<trkpt lat="43.321385" lon="-3.853176"></trkpt>
<trkpt lat="43.321455" lon="-3.853169"></trkpt>
<trkpt lat="43.321524" lon="-3.853162"></trkpt>
<trkpt lat="43.321612" lon="-3.853154"></trkpt>
<trkpt lat="43.321805" lon="-3.853134"></trkpt>
<trkpt lat="43.321840" lon="-3.853131"></trkpt>
<trkpt lat="43.322044" lon="-3.853111"></trkpt>
<trkpt lat="43.322114" lon="-3.853103"></trkpt>
<trkpt lat="43.322696" lon="-3.853046"></trkpt>
<trkpt lat="43.322784" lon="-3.853030"></trkpt>
<trkpt lat="43.322866" lon="-3.853014"></trkpt>
<trkpt lat="43.323328" lon="-3.852915"></trkpt>
<trkpt lat="43.323412" lon="-3.852892"></trkpt>
<trkpt lat="43.323676" lon="-3.852824"></trkpt>
<trkpt lat="43.323838" lon="-3.852777"></trkpt>
<trkpt lat="43.324053" lon="-3.852715"></trkpt>
<trkpt lat="43.324214" lon="-3.852668"></trkpt>
<trkpt lat="43.324274" lon="-3.852651"></trkpt>
<trkpt lat="43.324457" lon="-3.852599"></trkpt>
<trkpt lat="43.324554" lon="-3.852572"></trkpt>
<trkpt lat="43.325007" lon="-3.852443"></trkpt>
<trkpt lat="43.325285" lon="-3.852359"></trkpt>
<trkpt lat="43.325352" lon="-3.852339"></trkpt>
<trkpt lat="43.325426" lon="-3.852317"></trkpt>
<trkpt lat="43.325674" lon="-3.852242"></trkpt>
<trkpt lat="43.325959" lon="-3.852161"></trkpt>
<trkpt lat="43.325972" lon="-3.852157"></trkpt>
<trkpt lat="43.326120" lon="-3.852115"></trkpt>
<trkpt lat="43.326150" lon="-3.852106"></trkpt>
<trkpt lat="43.326362" lon="-3.852046"></trkpt>
<trkpt lat="43.326572" lon="-3.851985"></trkpt>
<trkpt lat="43.326687" lon="-3.851953"></trkpt>
<trkpt lat="43.326750" lon="-3.851936"></trkpt>
<trkpt lat="43.327009" lon="-3.851864"></trkpt>
<trkpt lat="43.327172" lon="-3.851819"></trkpt>
<trkpt lat="43.327203" lon="-3.851810"></trkpt>
<trkpt lat="43.327902" lon="-3.851613"></trkpt>
<trkpt lat="43.327970" lon="-3.851594"></trkpt>
<trkpt lat="43.328228" lon="-3.851521"></trkpt>
<trkpt lat="43.328391" lon="-3.851474"></trkpt>
<trkpt lat="43.328611" lon="-3.851412"></trkpt>
<trkpt lat="43.328630" lon="-3.851406"></trkpt>
<trkpt lat="43.328667" lon="-3.851396"></trkpt>
<trkpt lat="43.328830" lon="-3.851349"></trkpt>
<trkpt lat="43.328947" lon="-3.851315"></trkpt>
<trkpt lat="43.329228" lon="-3.851230"></trkpt>
<trkpt lat="43.329850" lon="-3.851055"></trkpt>
<trkpt lat="43.329943" lon="-3.851029"></trkpt>
<trkpt lat="43.329935" lon="-3.850964"></trkpt>
<trkpt lat="43.330008" lon="-3.850891"></trkpt>
<trkpt lat="43.330078" lon="-3.850743"></trkpt>
<trkpt lat="43.330161" lon="-3.850648"></trkpt>
<trkpt lat="43.330204" lon="-3.850526"></trkpt>
<trkpt lat="43.330248" lon="-3.850533"></trkpt>
<trkpt lat="43.330252" lon="-3.850515"></trkpt>
<trkpt lat="43.330317" lon="-3.850120"></trkpt>
<trkpt lat="43.331498" lon="-3.847092"></trkpt>
<trkpt lat="43.331714" lon="-3.846378"></trkpt>
<trkpt lat="43.331863" lon="-3.845709"></trkpt>
<trkpt lat="43.331946" lon="-3.845728"></trkpt>
<trkpt lat="43.332017" lon="-3.845746"></trkpt>
<trkpt lat="43.333358" lon="-3.846050"></trkpt>
<trkpt lat="43.335290" lon="-3.846495"></trkpt>
<trkpt lat="43.335334" lon="-3.846469"></trkpt>
<trkpt lat="43.335730" lon="-3.847288"></trkpt>
<trkpt lat="43.335735" lon="-3.847344"></trkpt>
<trkpt lat="43.335556" lon="-3.848453"></trkpt>
<trkpt lat="43.335558" lon="-3.848622"></trkpt>
<trkpt lat="43.335619" lon="-3.848676"></trkpt>
<trkpt lat="43.336062" lon="-3.848786"></trkpt>
<trkpt lat="43.336419" lon="-3.848931"></trkpt>
<trkpt lat="43.337585" lon="-3.849272"></trkpt>
<trkpt lat="43.338057" lon="-3.849473"></trkpt>
<trkpt lat="43.338405" lon="-3.849660"></trkpt>
<trkpt lat="43.338755" lon="-3.849912"></trkpt>
<trkpt lat="43.339262" lon="-3.850373"></trkpt>
<trkpt lat="43.339630" lon="-3.850793"></trkpt>
<trkpt lat="43.339937" lon="-3.851230"></trkpt>
<trkpt lat="43.340251" lon="-3.851757"></trkpt>
<trkpt lat="43.340516" lon="-3.852312"></trkpt>
<trkpt lat="43.340768" lon="-3.853092"></trkpt>
<trkpt lat="43.340944" lon="-3.853751"></trkpt>
<trkpt lat="43.341453" lon="-3.855466"></trkpt>
<trkpt lat="43.341734" lon="-3.856595"></trkpt>
<trkpt lat="43.342130" lon="-3.858453"></trkpt>
<trkpt lat="43.342251" lon="-3.858989"></trkpt>
<trkpt lat="43.342412" lon="-3.859713"></trkpt>
<trkpt lat="43.342479" lon="-3.859971"></trkpt>
<trkpt lat="43.342555" lon="-3.860162"></trkpt>
<trkpt lat="43.342634" lon="-3.860315"></trkpt>
<trkpt lat="43.342844" lon="-3.860604"></trkpt>
<trkpt lat="43.342977" lon="-3.860732"></trkpt>
<trkpt lat="43.343128" lon="-3.860830"></trkpt>
<trkpt lat="43.343457" lon="-3.860972"></trkpt>
<trkpt lat="43.343793" lon="-3.861009"></trkpt>
<trkpt lat="43.344053" lon="-3.860911"></trkpt>
<trkpt lat="43.344250" lon="-3.860851"></trkpt>
<trkpt lat="43.344392" lon="-3.860841"></trkpt>
<trkpt lat="43.344693" lon="-3.860938"></trkpt>
<trkpt lat="43.345473" lon="-3.861288"></trkpt>
<trkpt lat="43.345830" lon="-3.861482"></trkpt>
<trkpt lat="43.347170" lon="-3.862431"></trkpt>
<trkpt lat="43.347415" lon="-3.862531"></trkpt>
<trkpt lat="43.347645" lon="-3.862558"></trkpt>
<trkpt lat="43.348117" lon="-3.862459"></trkpt>
<trkpt lat="43.348500" lon="-3.862341"></trkpt>
<trkpt lat="43.348573" lon="-3.862316"></trkpt>
<trkpt lat="43.349037" lon="-3.862132"></trkpt>
<trkpt lat="43.349097" lon="-3.862017"></trkpt>
<trkpt lat="43.349323" lon="-3.861805"></trkpt>
<trkpt lat="43.349897" lon="-3.860968"></trkpt>
<trkpt lat="43.350526" lon="-3.860052"></trkpt>
<trkpt lat="43.350685" lon="-3.859847"></trkpt>
<trkpt lat="43.350665" lon="-3.859726"></trkpt>
<trkpt lat="43.350745" lon="-3.859597"></trkpt>
<trkpt lat="43.350829" lon="-3.859278"></trkpt>
<trkpt lat="43.350839" lon="-3.858786"></trkpt>
<trkpt lat="43.350682" lon="-3.857581"></trkpt>
<trkpt lat="43.350628" lon="-3.857331"></trkpt>
<trkpt lat="43.350642" lon="-3.857125"></trkpt>
<trkpt lat="43.350716" lon="-3.856414"></trkpt>
<trkpt lat="43.350825" lon="-3.856020"></trkpt>
<trkpt lat="43.351261" lon="-3.855149"></trkpt>
<trkpt lat="43.351305" lon="-3.855064"></trkpt>
<trkpt lat="43.352000" lon="-3.853806"></trkpt>
<trkpt lat="43.352262" lon="-3.853439"></trkpt>
<trkpt lat="43.352786" lon="-3.853478"></trkpt>
<trkpt lat="43.353050" lon="-3.853577"></trkpt>
<trkpt lat="43.353135" lon="-3.853577"></trkpt>
<trkpt lat="43.353492" lon="-3.853374"></trkpt>
<trkpt lat="43.356308" lon="-3.853633"></trkpt>
<trkpt lat="43.356658" lon="-3.853664"></trkpt>
<trkpt lat="43.357505" lon="-3.853810"></trkpt>
<trkpt lat="43.358836" lon="-3.854255"></trkpt>
<trkpt lat="43.359271" lon="-3.854364"></trkpt>
<trkpt lat="43.360239" lon="-3.854548"></trkpt>
<trkpt lat="43.360548" lon="-3.854561"></trkpt>
<trkpt lat="43.361226" lon="-3.854567"></trkpt>
<trkpt lat="43.362038" lon="-3.854491"></trkpt>
<trkpt lat="43.362840" lon="-3.854297"></trkpt>
<trkpt lat="43.364568" lon="-3.853943"></trkpt>
<trkpt lat="43.366822" lon="-3.853486"></trkpt>
<trkpt lat="43.367088" lon="-3.853421"></trkpt>
<trkpt lat="43.367340" lon="-3.853316"></trkpt>
<trkpt lat="43.367667" lon="-3.853128"></trkpt>
<trkpt lat="43.367881" lon="-3.852932"></trkpt>
<trkpt lat="43.368198" lon="-3.852533"></trkpt>
<trkpt lat="43.368403" lon="-3.852202"></trkpt>
<trkpt lat="43.368566" lon="-3.851857"></trkpt>
<trkpt lat="43.368696" lon="-3.851431"></trkpt>
<trkpt lat="43.368909" lon="-3.850573"></trkpt>
<trkpt lat="43.369106" lon="-3.849903"></trkpt>
<trkpt lat="43.369283" lon="-3.849525"></trkpt>
<trkpt lat="43.369550" lon="-3.849133"></trkpt>
<trkpt lat="43.369685" lon="-3.848988"></trkpt>
<trkpt lat="43.369761" lon="-3.848914"></trkpt>
<trkpt lat="43.370204" lon="-3.848638"></trkpt>
<trkpt lat="43.370658" lon="-3.848524"></trkpt>
<trkpt lat="43.371153" lon="-3.848582"></trkpt>
<trkpt lat="43.371304" lon="-3.848646"></trkpt>
<trkpt lat="43.371499" lon="-3.848761"></trkpt>
<trkpt lat="43.373365" lon="-3.849971"></trkpt>
<trkpt lat="43.373593" lon="-3.850063"></trkpt>
<trkpt lat="43.373976" lon="-3.850101"></trkpt>
<trkpt lat="43.374214" lon="-3.850086"></trkpt>
<trkpt lat="43.374396" lon="-3.850022"></trkpt>
<trkpt lat="43.374763" lon="-3.849822"></trkpt>
<trkpt lat="43.375596" lon="-3.849086"></trkpt>
<trkpt lat="43.376036" lon="-3.848650"></trkpt>
<trkpt lat="43.376198" lon="-3.848525"></trkpt>
<trkpt lat="43.376656" lon="-3.848269"></trkpt>
<trkpt lat="43.377378" lon="-3.848094"></trkpt>
<trkpt lat="43.377733" lon="-3.848108"></trkpt>
<trkpt lat="43.378301" lon="-3.848281"></trkpt>
<trkpt lat="43.378811" lon="-3.848505"></trkpt>
<trkpt lat="43.379108" lon="-3.848566"></trkpt>
<trkpt lat="43.379639" lon="-3.848501"></trkpt>
<trkpt lat="43.379829" lon="-3.848427"></trkpt>
<trkpt lat="43.380037" lon="-3.848303"></trkpt>
<trkpt lat="43.380194" lon="-3.848189"></trkpt>
<trkpt lat="43.380439" lon="-3.847945"></trkpt>
<trkpt lat="43.380669" lon="-3.847586"></trkpt>
<trkpt lat="43.380700" lon="-3.847525"></trkpt>
<trkpt lat="43.380862" lon="-3.847159"></trkpt>
<trkpt lat="43.380954" lon="-3.846854"></trkpt>
<trkpt lat="43.380991" lon="-3.846692"></trkpt>
<trkpt lat="43.381039" lon="-3.846249"></trkpt>
<trkpt lat="43.380960" lon="-3.844903"></trkpt>
<trkpt lat="43.380909" lon="-3.844402"></trkpt>
<trkpt lat="43.380905" lon="-3.844067"></trkpt>
<trkpt lat="43.380935" lon="-3.843717"></trkpt>
<trkpt lat="43.381118" lon="-3.843123"></trkpt>
<trkpt lat="43.382064" lon="-3.840908"></trkpt>
<trkpt lat="43.382528" lon="-3.839914"></trkpt>
<trkpt lat="43.383099" lon="-3.838901"></trkpt>
<trkpt lat="43.383651" lon="-3.838040"></trkpt>
<trkpt lat="43.384575" lon="-3.836700"></trkpt>
<trkpt lat="43.384714" lon="-3.836541"></trkpt>
<trkpt lat="43.384989" lon="-3.835949"></trkpt>
<trkpt lat="43.385055" lon="-3.835973"></trkpt>
<trkpt lat="43.387375" lon="-3.832516"></trkpt>
<trkpt lat="43.388087" lon="-3.831460"></trkpt>
<trkpt lat="43.389008" lon="-3.830071"></trkpt>
<trkpt lat="43.389202" lon="-3.829823"></trkpt>
<trkpt lat="43.389704" lon="-3.829406"></trkpt>
<trkpt lat="43.391017" lon="-3.828759"></trkpt>
<trkpt lat="43.391651" lon="-3.828443"></trkpt>
<trkpt lat="43.391948" lon="-3.828295"></trkpt>
<trkpt lat="43.394004" lon="-3.827274"></trkpt>
<trkpt lat="43.394188" lon="-3.827174"></trkpt>
<trkpt lat="43.394728" lon="-3.826900"></trkpt>
<trkpt lat="43.394912" lon="-3.826747"></trkpt>
<trkpt lat="43.395187" lon="-3.826398"></trkpt>
<trkpt lat="43.395379" lon="-3.825993"></trkpt>
<trkpt lat="43.395658" lon="-3.825011"></trkpt>
<trkpt lat="43.395671" lon="-3.824966"></trkpt>
<trkpt lat="43.396067" lon="-3.823501"></trkpt>
<trkpt lat="43.396161" lon="-3.823151"></trkpt>
<trkpt lat="43.396339" lon="-3.822493"></trkpt>
<trkpt lat="43.396612" lon="-3.821534"></trkpt>
<trkpt lat="43.396622" lon="-3.821503"></trkpt>
<trkpt lat="43.396637" lon="-3.821453"></trkpt>
<trkpt lat="43.396650" lon="-3.821405"></trkpt>
<trkpt lat="43.396721" lon="-3.821148"></trkpt>
<trkpt lat="43.396904" lon="-3.820482"></trkpt>
<trkpt lat="43.397034" lon="-3.820109"></trkpt>
<trkpt lat="43.397047" lon="-3.820077"></trkpt>
<trkpt lat="43.397098" lon="-3.819973"></trkpt>
<trkpt lat="43.397087" lon="-3.819663"></trkpt>
<trkpt lat="43.397074" lon="-3.819599"></trkpt>
<trkpt lat="43.397098" lon="-3.819552"></trkpt>
<trkpt lat="43.397151" lon="-3.819483"></trkpt>
<trkpt lat="43.397098" lon="-3.819552"></trkpt>
<trkpt lat="43.397227" lon="-3.819683"></trkpt>
<trkpt lat="43.397279" lon="-3.819687"></trkpt>
<trkpt lat="43.397321" lon="-3.819729"></trkpt>
<trkpt lat="43.397341" lon="-3.819818"></trkpt>
<trkpt lat="43.397334" lon="-3.819869"></trkpt>
<trkpt lat="43.397442" lon="-3.820138"></trkpt>
<trkpt lat="43.397994" lon="-3.821083"></trkpt>
<trkpt lat="43.398183" lon="-3.821308"></trkpt>
<trkpt lat="43.398314" lon="-3.821383"></trkpt>
<trkpt lat="43.398361" lon="-3.821381"></trkpt>
<trkpt lat="43.398413" lon="-3.821445"></trkpt>
<trkpt lat="43.398405" lon="-3.821539"></trkpt>
<trkpt lat="43.398497" lon="-3.821759"></trkpt>
<trkpt lat="43.398512" lon="-3.821778"></trkpt>
<trkpt lat="43.398571" lon="-3.821875"></trkpt>
<trkpt lat="43.398686" lon="-3.822040"></trkpt>
<trkpt lat="43.398790" lon="-3.822186"></trkpt>
<trkpt lat="43.398939" lon="-3.822348"></trkpt>
<trkpt lat="43.399114" lon="-3.822538"></trkpt>
<trkpt lat="43.399423" lon="-3.822807"></trkpt>
<trkpt lat="43.399488" lon="-3.822893"></trkpt>
<trkpt lat="43.399884" lon="-3.823586"></trkpt>
<trkpt lat="43.400221" lon="-3.824205"></trkpt>
<trkpt lat="43.400504" lon="-3.824740"></trkpt>
<trkpt lat="43.400597" lon="-3.824916"></trkpt>
<trkpt lat="43.400641" lon="-3.825003"></trkpt>
<trkpt lat="43.400740" lon="-3.825136"></trkpt>
<trkpt lat="43.400769" lon="-3.825134"></trkpt>
<trkpt lat="43.400839" lon="-3.825208"></trkpt>
<trkpt lat="43.400840" lon="-3.825291"></trkpt>
<trkpt lat="43.400816" lon="-3.825340"></trkpt>
<trkpt lat="43.400817" lon="-3.825541"></trkpt>
<trkpt lat="43.400833" lon="-3.825603"></trkpt>
<trkpt lat="43.400952" lon="-3.826062"></trkpt>
<trkpt lat="43.401064" lon="-3.826398"></trkpt>
<trkpt lat="43.401205" lon="-3.826700"></trkpt>
<trkpt lat="43.401906" lon="-3.827708"></trkpt>
<trkpt lat="43.402196" lon="-3.828110"></trkpt>
<trkpt lat="43.402611" lon="-3.828895"></trkpt>
<trkpt lat="43.402842" lon="-3.829317"></trkpt>
<trkpt lat="43.402922" lon="-3.829464"></trkpt>
<trkpt lat="43.403073" lon="-3.829850"></trkpt>
<trkpt lat="43.403084" lon="-3.829897"></trkpt>
<trkpt lat="43.403139" lon="-3.830253"></trkpt>
<trkpt lat="43.403178" lon="-3.830483"></trkpt>
<trkpt lat="43.403279" lon="-3.830810"></trkpt>
<trkpt lat="43.403551" lon="-3.831183"></trkpt>
<trkpt lat="43.403615" lon="-3.831262"></trkpt>
<trkpt lat="43.403930" lon="-3.831660"></trkpt>
<trkpt lat="43.404159" lon="-3.832043"></trkpt>
<trkpt lat="43.404221" lon="-3.832223"></trkpt>
<trkpt lat="43.404503" lon="-3.833838"></trkpt>
<trkpt lat="43.404544" lon="-3.834113"></trkpt>
<trkpt lat="43.404562" lon="-3.834235"></trkpt>
<trkpt lat="43.404684" lon="-3.835016"></trkpt>
<trkpt lat="43.404732" lon="-3.835322"></trkpt>
<trkpt lat="43.404913" lon="-3.836428"></trkpt>
<trkpt lat="43.404981" lon="-3.836716"></trkpt>
<trkpt lat="43.405158" lon="-3.836987"></trkpt>
<trkpt lat="43.405242" lon="-3.837020"></trkpt>
<trkpt lat="43.405315" lon="-3.837102"></trkpt>
<trkpt lat="43.405352" lon="-3.837311"></trkpt>
<trkpt lat="43.405335" lon="-3.837391"></trkpt>
<trkpt lat="43.405295" lon="-3.837476"></trkpt>
<trkpt lat="43.405231" lon="-3.837522"></trkpt>
<trkpt lat="43.405161" lon="-3.837572"></trkpt>
<trkpt lat="43.405066" lon="-3.837561"></trkpt>
<trkpt lat="43.404947" lon="-3.837440"></trkpt>
<trkpt lat="43.404922" lon="-3.837318"></trkpt>
<trkpt lat="43.404958" lon="-3.837122"></trkpt>
<trkpt lat="43.405007" lon="-3.837052"></trkpt>
<trkpt lat="43.405074" lon="-3.837000"></trkpt>
<trkpt lat="43.405158" lon="-3.836987"></trkpt>
<trkpt lat="43.405242" lon="-3.837020"></trkpt>
<trkpt lat="43.405315" lon="-3.837102"></trkpt>
<trkpt lat="43.405599" lon="-3.837200"></trkpt>
<trkpt lat="43.405797" lon="-3.837197"></trkpt>
<trkpt lat="43.406132" lon="-3.837260"></trkpt>
<trkpt lat="43.407422" lon="-3.837805"></trkpt>
<trkpt lat="43.407751" lon="-3.837877"></trkpt>
<trkpt lat="43.408043" lon="-3.837897"></trkpt>
<trkpt lat="43.408367" lon="-3.837867"></trkpt>
<trkpt lat="43.408823" lon="-3.837751"></trkpt>
<trkpt lat="43.409208" lon="-3.837562"></trkpt>
<trkpt lat="43.409503" lon="-3.837357"></trkpt>
<trkpt lat="43.409805" lon="-3.837081"></trkpt>
<trkpt lat="43.410463" lon="-3.836277"></trkpt>
<trkpt lat="43.410503" lon="-3.836216"></trkpt>
<trkpt lat="43.410592" lon="-3.836078"></trkpt>
<trkpt lat="43.410654" lon="-3.835843"></trkpt>
<trkpt lat="43.410651" lon="-3.835758"></trkpt>
<trkpt lat="43.410678" lon="-3.835637"></trkpt>
<trkpt lat="43.410744" lon="-3.835539"></trkpt>
<trkpt lat="43.410778" lon="-3.835519"></trkpt>
<trkpt lat="43.410857" lon="-3.835483"></trkpt>
<trkpt lat="43.410919" lon="-3.835491"></trkpt>
<trkpt lat="43.411043" lon="-3.835428"></trkpt>
<trkpt lat="43.411112" lon="-3.835352"></trkpt>
<trkpt lat="43.411169" lon="-3.835236"></trkpt>
<trkpt lat="43.411401" lon="-3.834745"></trkpt>
<trkpt lat="43.411467" lon="-3.834626"></trkpt>
<trkpt lat="43.411537" lon="-3.834510"></trkpt>
<trkpt lat="43.411644" lon="-3.834404"></trkpt>
<trkpt lat="43.411678" lon="-3.834336"></trkpt>
<trkpt lat="43.411745" lon="-3.834316"></trkpt>
<trkpt lat="43.411767" lon="-3.834327"></trkpt>
<trkpt lat="43.411782" lon="-3.834340"></trkpt>
<trkpt lat="43.411900" lon="-3.834241"></trkpt>
<trkpt lat="43.412015" lon="-3.834166"></trkpt>
<trkpt lat="43.412384" lon="-3.833807"></trkpt>
<trkpt lat="43.412651" lon="-3.833441"></trkpt>
<trkpt lat="43.412805" lon="-3.833295"></trkpt>
<trkpt lat="43.412916" lon="-3.833235"></trkpt>
<trkpt lat="43.413475" lon="-3.833195"></trkpt>
<trkpt lat="43.413891" lon="-3.833191"></trkpt>
<trkpt lat="43.414369" lon="-3.833129"></trkpt>
<trkpt lat="43.414692" lon="-3.833172"></trkpt>
<trkpt lat="43.414898" lon="-3.833200"></trkpt>
<trkpt lat="43.415045" lon="-3.833194"></trkpt>
<trkpt lat="43.415176" lon="-3.833193"></trkpt>
<trkpt lat="43.415214" lon="-3.832141"></trkpt>
<trkpt lat="43.415515" lon="-3.832148"></trkpt>
<trkpt lat="43.415917" lon="-3.832076"></trkpt>
<trkpt lat="43.416004" lon="-3.832014"></trkpt>
<trkpt lat="43.416343" lon="-3.831606"></trkpt>
<trkpt lat="43.416398" lon="-3.831576"></trkpt>
<trkpt lat="43.416824" lon="-3.831520"></trkpt>
<trkpt lat="43.417238" lon="-3.831398"></trkpt>
<trkpt lat="43.417393" lon="-3.831175"></trkpt>
<trkpt lat="43.417459" lon="-3.831214"></trkpt>
<trkpt lat="43.417589" lon="-3.831224"></trkpt>
<trkpt lat="43.417666" lon="-3.831071"></trkpt>
<trkpt lat="43.417651" lon="-3.830902"></trkpt>
<trkpt lat="43.417667" lon="-3.830694"></trkpt>
<trkpt lat="43.418066" lon="-3.830544"></trkpt>
<trkpt lat="43.418363" lon="-3.830507"></trkpt>
<trkpt lat="43.418524" lon="-3.830530"></trkpt>
<trkpt lat="43.418625" lon="-3.830582"></trkpt>
<trkpt lat="43.418669" lon="-3.830519"></trkpt>
<trkpt lat="43.418879" lon="-3.830291"></trkpt>
<trkpt lat="43.419131" lon="-3.830073"></trkpt>
<trkpt lat="43.419375" lon="-3.830262"></trkpt>
<trkpt lat="43.419502" lon="-3.830405"></trkpt>
<trkpt lat="43.420245" lon="-3.830158"></trkpt>
<trkpt lat="43.420500" lon="-3.830019"></trkpt>
<trkpt lat="43.420622" lon="-3.829911"></trkpt>
<trkpt lat="43.420766" lon="-3.829717"></trkpt>
<trkpt lat="43.421253" lon="-3.829058"></trkpt>
<trkpt lat="43.421487" lon="-3.828790"></trkpt>
<trkpt lat="43.421566" lon="-3.828732"></trkpt>
<trkpt lat="43.421651" lon="-3.828710"></trkpt>
<trkpt lat="43.421761" lon="-3.828730"></trkpt>
<trkpt lat="43.422043" lon="-3.828845"></trkpt>
<trkpt lat="43.422170" lon="-3.828828"></trkpt>
<trkpt lat="43.422683" lon="-3.828673"></trkpt>
<trkpt lat="43.423438" lon="-3.828413"></trkpt>
<trkpt lat="43.423639" lon="-3.828305"></trkpt>
<trkpt lat="43.423657" lon="-3.828395"></trkpt>
<trkpt lat="43.423857" lon="-3.828255"></trkpt>
<trkpt lat="43.424377" lon="-3.828315"></trkpt>
<trkpt lat="43.424517" lon="-3.828558"></trkpt>
<trkpt lat="43.424624" lon="-3.828912"></trkpt>
<trkpt lat="43.424646" lon="-3.828924"></trkpt>
<trkpt lat="43.424693" lon="-3.828902"></trkpt>
<trkpt lat="43.424750" lon="-3.828876"></trkpt>
<trkpt lat="43.426153" lon="-3.833989"></trkpt>
<trkpt lat="43.426343" lon="-3.834501"></trkpt>
<trkpt lat="43.426586" lon="-3.834868"></trkpt>
<trkpt lat="43.426900" lon="-3.835236"></trkpt>
<trkpt lat="43.427232" lon="-3.835359"></trkpt>
<trkpt lat="43.427909" lon="-3.835512"></trkpt>
<trkpt lat="43.429524" lon="-3.835972"></trkpt>
<trkpt lat="43.430652" lon="-3.836198"></trkpt>
<trkpt lat="43.430828" lon="-3.836274"></trkpt>
<trkpt lat="43.432221" lon="-3.836514"></trkpt>
<trkpt lat="43.432636" lon="-3.836103"></trkpt>
<trkpt lat="43.432726" lon="-3.835888"></trkpt>
<trkpt lat="43.432715" lon="-3.835708"></trkpt>
<trkpt lat="43.432750" lon="-3.835692"></trkpt>
<trkpt lat="43.432792" lon="-3.835673"></trkpt>
<trkpt lat="43.432827" lon="-3.835657"></trkpt>
<trkpt lat="43.433057" lon="-3.836508"></trkpt>
<trkpt lat="43.433108" lon="-3.836579"></trkpt>
<trkpt lat="43.433190" lon="-3.836590"></trkpt>
<trkpt lat="43.433182" lon="-3.836661"></trkpt>
<trkpt lat="43.433175" lon="-3.836746"></trkpt>
<trkpt lat="43.433208" lon="-3.836766"></trkpt>
<trkpt lat="43.434437" lon="-3.837025"></trkpt>
<trkpt lat="43.435295" lon="-3.837172"></trkpt>
<trkpt lat="43.435306" lon="-3.837202"></trkpt>
<trkpt lat="43.435399" lon="-3.837191"></trkpt>
<trkpt lat="43.435507" lon="-3.837178"></trkpt>
<trkpt lat="43.435520" lon="-3.837546"></trkpt>
<trkpt lat="43.435515" lon="-3.838091"></trkpt>
<trkpt lat="43.435409" lon="-3.838831"></trkpt>
<trkpt lat="43.435403" lon="-3.838867"></trkpt>
<trkpt lat="43.435342" lon="-3.839235"></trkpt>
<trkpt lat="43.435216" lon="-3.839694"></trkpt>
<trkpt lat="43.435238" lon="-3.839780"></trkpt>
<trkpt lat="43.435283" lon="-3.839817"></trkpt>
<trkpt lat="43.435322" lon="-3.839849"></trkpt>
<trkpt lat="43.435671" lon="-3.840020"></trkpt>
<trkpt lat="43.436067" lon="-3.840029"></trkpt>
<trkpt lat="43.436180" lon="-3.839322"></trkpt>
<trkpt lat="43.436256" lon="-3.839052"></trkpt>
<trkpt lat="43.436315" lon="-3.839010"></trkpt>
<trkpt lat="43.436414" lon="-3.838790"></trkpt>
<trkpt lat="43.436582" lon="-3.838512"></trkpt>
<trkpt lat="43.436723" lon="-3.838341"></trkpt>
<trkpt lat="43.436917" lon="-3.838167"></trkpt>
<trkpt lat="43.437165" lon="-3.838021"></trkpt>
<trkpt lat="43.437292" lon="-3.837968"></trkpt>
<trkpt lat="43.438934" lon="-3.837652"></trkpt>
<trkpt lat="43.439181" lon="-3.837639"></trkpt>
<trkpt lat="43.439323" lon="-3.837750"></trkpt>
<trkpt lat="43.439508" lon="-3.838035"></trkpt>
<trkpt lat="43.439607" lon="-3.838255"></trkpt>
<trkpt lat="43.439707" lon="-3.838583"></trkpt>
<trkpt lat="43.439704" lon="-3.838668"></trkpt>
<trkpt lat="43.439702" lon="-3.838778"></trkpt>
<trkpt lat="43.439696" lon="-3.838878"></trkpt>
<trkpt lat="43.439695" lon="-3.838916"></trkpt>
<trkpt lat="43.439784" lon="-3.838958"></trkpt>
<trkpt lat="43.439898" lon="-3.839170"></trkpt>
<trkpt lat="43.439899" lon="-3.839205"></trkpt>
<trkpt lat="43.439949" lon="-3.839210"></trkpt>
<trkpt lat="43.440001" lon="-3.839215"></trkpt>
<trkpt lat="43.440055" lon="-3.839220"></trkpt>
<trkpt lat="43.440116" lon="-3.839225"></trkpt>
<trkpt lat="43.440148" lon="-3.839192"></trkpt>
<trkpt lat="43.440309" lon="-3.838893"></trkpt>
<trkpt lat="43.440377" lon="-3.838892"></trkpt>
<trkpt lat="43.440408" lon="-3.838892"></trkpt>
<trkpt lat="43.440408" lon="-3.838819"></trkpt>
<trkpt lat="43.440955" lon="-3.838842"></trkpt>
<trkpt lat="43.442634" lon="-3.838897"></trkpt>
<trkpt lat="43.442759" lon="-3.838833"></trkpt>
<trkpt lat="43.442843" lon="-3.838729"></trkpt>
<trkpt lat="43.442911" lon="-3.838734"></trkpt>
<trkpt lat="43.442982" lon="-3.838819"></trkpt>
<trkpt lat="43.444324" lon="-3.837855"></trkpt>
<trkpt lat="43.444907" lon="-3.837430"></trkpt>
<trkpt lat="43.445148" lon="-3.837254"></trkpt>
<trkpt lat="43.445661" lon="-3.836880"></trkpt>
<trkpt lat="43.445846" lon="-3.836745"></trkpt>
<trkpt lat="43.446269" lon="-3.836437"></trkpt>
<trkpt lat="43.446318" lon="-3.836353"></trkpt>
<trkpt lat="43.446313" lon="-3.836239"></trkpt>
<trkpt lat="43.446156" lon="-3.835824"></trkpt>
<trkpt lat="43.446197" lon="-3.835788"></trkpt>
<trkpt lat="43.446208" lon="-3.835775"></trkpt>
<trkpt lat="43.446144" lon="-3.835591"></trkpt>
<trkpt lat="43.446149" lon="-3.835528"></trkpt>
<trkpt lat="43.450702" lon="-3.830608"></trkpt>
<trkpt lat="43.450982" lon="-3.829639"></trkpt>
<trkpt lat="43.451024" lon="-3.829494"></trkpt>
<trkpt lat="43.451045" lon="-3.829503"></trkpt>
<trkpt lat="43.451097" lon="-3.829525"></trkpt>
<trkpt lat="43.451139" lon="-3.829546"></trkpt>
<trkpt lat="43.451177" lon="-3.829400"></trkpt>
<trkpt lat="43.451217" lon="-3.829376"></trkpt>
<trkpt lat="43.451240" lon="-3.829364"></trkpt>
<trkpt lat="43.451299" lon="-3.829175"></trkpt>
<trkpt lat="43.451351" lon="-3.829163"></trkpt>
<trkpt lat="43.451402" lon="-3.828976"></trkpt>
<trkpt lat="43.451466" lon="-3.828828"></trkpt>
<trkpt lat="43.451592" lon="-3.828497"></trkpt>
<trkpt lat="43.451620" lon="-3.828416"></trkpt>
<trkpt lat="43.451634" lon="-3.828377"></trkpt>
<trkpt lat="43.451708" lon="-3.828119"></trkpt>
<trkpt lat="43.451689" lon="-3.828062"></trkpt>
<trkpt lat="43.451682" lon="-3.828041"></trkpt>
<trkpt lat="43.451667" lon="-3.828006"></trkpt>
<trkpt lat="43.451728" lon="-3.827889"></trkpt>
<trkpt lat="43.451914" lon="-3.827756"></trkpt>
<trkpt lat="43.452051" lon="-3.827747"></trkpt>
<trkpt lat="43.452247" lon="-3.827833"></trkpt>
<trkpt lat="43.452323" lon="-3.827537"></trkpt>
<trkpt lat="43.452378" lon="-3.827326"></trkpt>
<trkpt lat="43.452446" lon="-3.827047"></trkpt>
<trkpt lat="43.452294" lon="-3.826862"></trkpt>
<trkpt lat="43.452266" lon="-3.826790"></trkpt>
<trkpt lat="43.452235" lon="-3.826588"></trkpt>
<trkpt lat="43.452244" lon="-3.826436"></trkpt>
<trkpt lat="43.452326" lon="-3.826205"></trkpt>
<trkpt lat="43.452382" lon="-3.826134"></trkpt>
<trkpt lat="43.452418" lon="-3.826088"></trkpt>
<trkpt lat="43.452515" lon="-3.825831"></trkpt>
<trkpt lat="43.452594" lon="-3.825550"></trkpt>
<trkpt lat="43.452598" lon="-3.825325"></trkpt>
<trkpt lat="43.452645" lon="-3.825245"></trkpt>
<trkpt lat="43.452616" lon="-3.825152"></trkpt>
<trkpt lat="43.452594" lon="-3.825080"></trkpt>
<trkpt lat="43.452574" lon="-3.825021"></trkpt>
<trkpt lat="43.452456" lon="-3.825095"></trkpt>
<trkpt lat="43.452387" lon="-3.825054"></trkpt>
<trkpt lat="43.452368" lon="-3.824999"></trkpt>
<trkpt lat="43.452667" lon="-3.823877"></trkpt>
<trkpt lat="43.452614" lon="-3.823847"></trkpt>
<trkpt lat="43.452626" lon="-3.823809"></trkpt>
<trkpt lat="43.452671" lon="-3.823643"></trkpt>
<trkpt lat="43.452933" lon="-3.822679"></trkpt>
<trkpt lat="43.452966" lon="-3.822566"></trkpt>
<trkpt lat="43.453218" lon="-3.821638"></trkpt>
<trkpt lat="43.453255" lon="-3.821506"></trkpt>
<trkpt lat="43.453264" lon="-3.821472"></trkpt>
<trkpt lat="43.453345" lon="-3.821176"></trkpt>
<trkpt lat="43.453425" lon="-3.820884"></trkpt>
<trkpt lat="43.453561" lon="-3.820388"></trkpt>
<trkpt lat="43.453714" lon="-3.819829"></trkpt>
<trkpt lat="43.453862" lon="-3.819290"></trkpt>
<trkpt lat="43.454110" lon="-3.818380"></trkpt>
<trkpt lat="43.454154" lon="-3.818226"></trkpt>
<trkpt lat="43.453993" lon="-3.818147"></trkpt>
<trkpt lat="43.453917" lon="-3.818109"></trkpt>
<trkpt lat="43.453891" lon="-3.818096"></trkpt>
<trkpt lat="43.453828" lon="-3.818062"></trkpt>
<trkpt lat="43.453705" lon="-3.818000"></trkpt>
<trkpt lat="43.453338" lon="-3.817815"></trkpt>
<trkpt lat="43.453243" lon="-3.817767"></trkpt>
<trkpt lat="43.452748" lon="-3.817517"></trkpt>
<trkpt lat="43.452671" lon="-3.817480"></trkpt>
<trkpt lat="43.452626" lon="-3.817458"></trkpt>
<trkpt lat="43.452475" lon="-3.817382"></trkpt>
<trkpt lat="43.452337" lon="-3.817312"></trkpt>
<trkpt lat="43.452517" lon="-3.816660"></trkpt>
<trkpt lat="43.453139" lon="-3.814367"></trkpt>
<trkpt lat="43.453139" lon="-3.814056"></trkpt>
<trkpt lat="43.453099" lon="-3.813968"></trkpt>
<trkpt lat="43.453094" lon="-3.813889"></trkpt>
<trkpt lat="43.453106" lon="-3.813836"></trkpt>
<trkpt lat="43.453166" lon="-3.813750"></trkpt>
<trkpt lat="43.453252" lon="-3.813731"></trkpt>
<trkpt lat="43.453328" lon="-3.813788"></trkpt>
<trkpt lat="43.453358" lon="-3.813845"></trkpt>
<trkpt lat="43.453362" lon="-3.813949"></trkpt>
<trkpt lat="43.453436" lon="-3.814114"></trkpt>
<trkpt lat="43.453502" lon="-3.814188"></trkpt>
<trkpt lat="43.453512" lon="-3.814154"></trkpt>
<trkpt lat="43.453420" lon="-3.814021"></trkpt>
<trkpt lat="43.453389" lon="-3.813860"></trkpt>
<trkpt lat="43.453420" lon="-3.813658"></trkpt>
<trkpt lat="43.453502" lon="-3.813534"></trkpt>
<trkpt lat="43.453484" lon="-3.813499"></trkpt>
<trkpt lat="43.453474" lon="-3.813481"></trkpt>
<trkpt lat="43.453460" lon="-3.813414"></trkpt>
<trkpt lat="43.453646" lon="-3.813137"></trkpt>
<trkpt lat="43.455683" lon="-3.811272"></trkpt>
<trkpt lat="43.455763" lon="-3.811139"></trkpt>
<trkpt lat="43.455898" lon="-3.811014"></trkpt>
<trkpt lat="43.456272" lon="-3.810673"></trkpt>
<trkpt lat="43.456533" lon="-3.810435"></trkpt>
<trkpt lat="43.457451" lon="-3.809531"></trkpt>
<trkpt lat="43.457718" lon="-3.809188"></trkpt>
<trkpt lat="43.458033" lon="-3.808705"></trkpt>
<trkpt lat="43.458319" lon="-3.808120"></trkpt>
<trkpt lat="43.458370" lon="-3.807976"></trkpt>
<trkpt lat="43.459257" lon="-3.806786"></trkpt>
<trkpt lat="43.459334" lon="-3.806722"></trkpt>
<trkpt lat="43.459688" lon="-3.806259"></trkpt>
<trkpt lat="43.459821" lon="-3.806026"></trkpt>
<trkpt lat="43.459919" lon="-3.805687"></trkpt>
<trkpt lat="43.459903" lon="-3.805511"></trkpt>
<trkpt lat="43.459882" lon="-3.805423"></trkpt>
<trkpt lat="43.459629" lon="-3.805005"></trkpt>
<trkpt lat="43.459600" lon="-3.804912"></trkpt>
<trkpt lat="43.459600" lon="-3.804825"></trkpt>
<trkpt lat="43.459631" lon="-3.804733"></trkpt>
<trkpt lat="43.459791" lon="-3.804538"></trkpt>
<trkpt lat="43.459868" lon="-3.804444"></trkpt>
<trkpt lat="43.459876" lon="-3.804434"></trkpt>
<trkpt lat="43.460171" lon="-3.804075"></trkpt>
<trkpt lat="43.460301" lon="-3.803917"></trkpt>
<trkpt lat="43.460504" lon="-3.803633"></trkpt>
<trkpt lat="43.460672" lon="-3.803316"></trkpt>
<trkpt lat="43.460688" lon="-3.803286"></trkpt>
<trkpt lat="43.460786" lon="-3.803214"></trkpt>
<trkpt lat="43.461002" lon="-3.803149"></trkpt>
<trkpt lat="43.461020" lon="-3.803139"></trkpt>
<trkpt lat="43.461477" lon="-3.802289"></trkpt>
<trkpt lat="43.461590" lon="-3.802159"></trkpt>
<trkpt lat="43.461667" lon="-3.801902"></trkpt>
<trkpt lat="43.461740" lon="-3.801458"></trkpt>
<trkpt lat="43.461796" lon="-3.800867"></trkpt>
<trkpt lat="43.461960" lon="-3.799136"></trkpt>
<trkpt lat="43.462082" lon="-3.797763"></trkpt>
<trkpt lat="43.462091" lon="-3.797616"></trkpt>
<trkpt lat="43.462132" lon="-3.797400"></trkpt>
<trkpt lat="43.462502" lon="-3.796780"></trkpt>
<trkpt lat="43.462573" lon="-3.796639"></trkpt>
<trkpt lat="43.462570" lon="-3.796590"></trkpt>
<trkpt lat="43.462568" lon="-3.796575"></trkpt>
<trkpt lat="43.462696" lon="-3.796326"></trkpt>
<trkpt lat="43.462713" lon="-3.796320"></trkpt>
<trkpt lat="43.462801" lon="-3.796232"></trkpt>
<trkpt lat="43.462842" lon="-3.796125"></trkpt>
<trkpt lat="43.462886" lon="-3.795790"></trkpt>
<trkpt lat="43.462875" lon="-3.795647"></trkpt>
<trkpt lat="43.462704" lon="-3.793466"></trkpt>
<trkpt lat="43.462592" lon="-3.791919"></trkpt>
<trkpt lat="43.462567" lon="-3.791567"></trkpt>
<trkpt lat="43.462607" lon="-3.791563"></trkpt>
<trkpt lat="43.462651" lon="-3.791555"></trkpt>
<trkpt lat="43.462698" lon="-3.791654"></trkpt>
<trkpt lat="43.462797" lon="-3.791667"></trkpt>
<trkpt lat="43.462851" lon="-3.791628"></trkpt>
<trkpt lat="43.462913" lon="-3.791469"></trkpt>
<trkpt lat="43.463200" lon="-3.790898"></trkpt>
<trkpt lat="43.463302" lon="-3.790568"></trkpt>
<trkpt lat="43.463379" lon="-3.790145"></trkpt>
<trkpt lat="43.463453" lon="-3.789516"></trkpt>
<trkpt lat="43.463460" lon="-3.788945"></trkpt>
<trkpt lat="43.463454" lon="-3.787841"></trkpt>
<trkpt lat="43.463485" lon="-3.787460"></trkpt>
<trkpt lat="43.463499" lon="-3.787339"></trkpt>
<trkpt lat="43.463635" lon="-3.786192"></trkpt>
<trkpt lat="43.463690" lon="-3.785938"></trkpt>
<trkpt lat="43.464441" lon="-3.783138"></trkpt>
<trkpt lat="43.464875" lon="-3.781560"></trkpt>
<trkpt lat="43.464963" lon="-3.781338"></trkpt>
<trkpt lat="43.465108" lon="-3.781138"></trkpt>
<trkpt lat="43.465526" lon="-3.780735"></trkpt>
<trkpt lat="43.466054" lon="-3.779876"></trkpt>
<trkpt lat="43.466237" lon="-3.779609"></trkpt>
<trkpt lat="43.467810" lon="-3.776272"></trkpt>
<trkpt lat="43.468012" lon="-3.775965"></trkpt>
<trkpt lat="43.468088" lon="-3.775907"></trkpt>
<trkpt lat="43.468125" lon="-3.775910"></trkpt>
<trkpt lat="43.468279" lon="-3.775928"></trkpt>
<trkpt lat="43.468392" lon="-3.775976"></trkpt>
<trkpt lat="43.468435" lon="-3.776001"></trkpt>
<trkpt lat="43.468536" lon="-3.776192"></trkpt>
<trkpt lat="43.468582" lon="-3.776220"></trkpt>
<trkpt lat="43.468791" lon="-3.776494"></trkpt>
<trkpt lat="43.468815" lon="-3.776595"></trkpt>
<trkpt lat="43.468886" lon="-3.776704"></trkpt>
<trkpt lat="43.469067" lon="-3.776898"></trkpt>
<trkpt lat="43.469245" lon="-3.777014"></trkpt>
<trkpt lat="43.469549" lon="-3.777149"></trkpt>
<trkpt lat="43.469683" lon="-3.777169"></trkpt>
<trkpt lat="43.469797" lon="-3.777239"></trkpt>
<trkpt lat="43.470414" lon="-3.777493"></trkpt>
<trkpt lat="43.470683" lon="-3.777696"></trkpt>
<trkpt lat="43.470770" lon="-3.777803"></trkpt>
<trkpt lat="43.470933" lon="-3.778076"></trkpt>
<trkpt lat="43.471029" lon="-3.778355"></trkpt>
<trkpt lat="43.471116" lon="-3.778533"></trkpt>
<trkpt lat="43.471109" lon="-3.778704"></trkpt>
<trkpt lat="43.471208" lon="-3.779086"></trkpt>
<trkpt lat="43.471220" lon="-3.779236"></trkpt>
<trkpt lat="43.471269" lon="-3.779465"></trkpt>
<trkpt lat="43.471452" lon="-3.780320"></trkpt>
<trkpt lat="43.471578" lon="-3.780892"></trkpt>
<trkpt lat="43.471627" lon="-3.781017"></trkpt>
<trkpt lat="43.471633" lon="-3.781045"></trkpt>
<trkpt lat="43.471671" lon="-3.781268"></trkpt>
<trkpt lat="43.471791" lon="-3.781571"></trkpt>
<trkpt lat="43.471924" lon="-3.781792"></trkpt>
<trkpt lat="43.472178" lon="-3.782033"></trkpt>
<trkpt lat="43.472222" lon="-3.782121"></trkpt>
<trkpt lat="43.472283" lon="-3.782196"></trkpt>
<trkpt lat="43.472376" lon="-3.782310"></trkpt>
<trkpt lat="43.472419" lon="-3.782408"></trkpt>
<trkpt lat="43.472490" lon="-3.782486"></trkpt>
<trkpt lat="43.472676" lon="-3.782719"></trkpt>
<trkpt lat="43.472721" lon="-3.782768"></trkpt>
<trkpt lat="43.473597" lon="-3.784318"></trkpt>
<trkpt lat="43.473791" lon="-3.784606"></trkpt>
<trkpt lat="43.473857" lon="-3.784668"></trkpt>
<trkpt lat="43.473949" lon="-3.784798"></trkpt>
<trkpt lat="43.474049" lon="-3.784882"></trkpt>
<trkpt lat="43.474078" lon="-3.784910"></trkpt>
<trkpt lat="43.474317" lon="-3.785078"></trkpt>
<trkpt lat="43.474342" lon="-3.785128"></trkpt>
<trkpt lat="43.474650" lon="-3.785371"></trkpt>
<trkpt lat="43.474863" lon="-3.785609"></trkpt>
<trkpt lat="43.474987" lon="-3.785839"></trkpt>
<trkpt lat="43.475097" lon="-3.785962"></trkpt>
<trkpt lat="43.475198" lon="-3.786058"></trkpt>
<trkpt lat="43.475387" lon="-3.786752"></trkpt>
<trkpt lat="43.475487" lon="-3.787140"></trkpt>
<trkpt lat="43.475625" lon="-3.787639"></trkpt>
<trkpt lat="43.475740" lon="-3.787616"></trkpt>
<trkpt lat="43.476049" lon="-3.787805"></trkpt>
<trkpt lat="43.476317" lon="-3.787969"></trkpt>
<trkpt lat="43.476294" lon="-3.788146"></trkpt>
<trkpt lat="43.476336" lon="-3.788227"></trkpt>
<trkpt lat="43.476318" lon="-3.788457"></trkpt>
<trkpt lat="43.476310" lon="-3.788565"></trkpt>
<trkpt lat="43.477725" lon="-3.788823"></trkpt>
<trkpt lat="43.478074" lon="-3.788876"></trkpt>
<trkpt lat="43.478125" lon="-3.788898"></trkpt>
<trkpt lat="43.478194" lon="-3.788918"></trkpt>
<trkpt lat="43.478938" lon="-3.789047"></trkpt>
<trkpt lat="43.479062" lon="-3.789068"></trkpt>
<trkpt lat="43.479381" lon="-3.789035"></trkpt>
<trkpt lat="43.479531" lon="-3.788968"></trkpt>
<trkpt lat="43.479577" lon="-3.788871"></trkpt>
<trkpt lat="43.479615" lon="-3.788843"></trkpt>
<trkpt lat="43.479654" lon="-3.788845"></trkpt>
<trkpt lat="43.479698" lon="-3.788846"></trkpt>
<trkpt lat="43.479762" lon="-3.788920"></trkpt>
<trkpt lat="43.479777" lon="-3.788974"></trkpt>
<trkpt lat="43.479779" lon="-3.789025"></trkpt>
<trkpt lat="43.479752" lon="-3.789118"></trkpt>
<trkpt lat="43.479678" lon="-3.789387"></trkpt>
<trkpt lat="43.479642" lon="-3.789505"></trkpt>
<trkpt lat="43.479606" lon="-3.789633"></trkpt>
<trkpt lat="43.479393" lon="-3.790227"></trkpt>
<trkpt lat="43.479208" lon="-3.790739"></trkpt>
<trkpt lat="43.479175" lon="-3.791008"></trkpt>
<trkpt lat="43.479228" lon="-3.791187"></trkpt>
<trkpt lat="43.479370" lon="-3.791266"></trkpt>
<trkpt lat="43.479425" lon="-3.791375"></trkpt>
<trkpt lat="43.479439" lon="-3.791505"></trkpt>
<trkpt lat="43.479361" lon="-3.791662"></trkpt>
<trkpt lat="43.479274" lon="-3.791880"></trkpt>
<trkpt lat="43.479225" lon="-3.791997"></trkpt>
<trkpt lat="43.479196" lon="-3.792356"></trkpt>
<trkpt lat="43.479179" lon="-3.792518"></trkpt>
<trkpt lat="43.479142" lon="-3.792755"></trkpt>
<trkpt lat="43.479128" lon="-3.792846"></trkpt>
<trkpt lat="43.479064" lon="-3.793261"></trkpt>
<trkpt lat="43.479050" lon="-3.793349"></trkpt>
<trkpt lat="43.479031" lon="-3.793481"></trkpt>
<trkpt lat="43.478967" lon="-3.793748"></trkpt>
<trkpt lat="43.478973" lon="-3.793877"></trkpt>
<trkpt lat="43.478912" lon="-3.793976"></trkpt>
<trkpt lat="43.478872" lon="-3.793994"></trkpt>
<trkpt lat="43.478821" lon="-3.793990"></trkpt>
<trkpt lat="43.478782" lon="-3.793965"></trkpt>
<trkpt lat="43.478612" lon="-3.794045"></trkpt>
<trkpt lat="43.478476" lon="-3.794185"></trkpt>
<trkpt lat="43.478172" lon="-3.794626"></trkpt>
<trkpt lat="43.477964" lon="-3.794850"></trkpt>
<trkpt lat="43.477801" lon="-3.794977"></trkpt>
<trkpt lat="43.477678" lon="-3.795054"></trkpt>
<trkpt lat="43.477494" lon="-3.795158"></trkpt>
<trkpt lat="43.477367" lon="-3.795285"></trkpt>
<trkpt lat="43.477220" lon="-3.795442"></trkpt>
<trkpt lat="43.477204" lon="-3.795597"></trkpt>
<trkpt lat="43.477123" lon="-3.795801"></trkpt>
<trkpt lat="43.477037" lon="-3.795903"></trkpt>
<trkpt lat="43.476934" lon="-3.795967"></trkpt>
<trkpt lat="43.476816" lon="-3.795988"></trkpt>
<trkpt lat="43.476699" lon="-3.795960"></trkpt>
<trkpt lat="43.476593" lon="-3.795885"></trkpt>
<trkpt lat="43.476497" lon="-3.795753"></trkpt>
<trkpt lat="43.476453" lon="-3.795627"></trkpt>
<trkpt lat="43.476430" lon="-3.795467"></trkpt>
<trkpt lat="43.476113" lon="-3.795103"></trkpt>
<trkpt lat="43.475734" lon="-3.794878"></trkpt>
<trkpt lat="43.475686" lon="-3.794852"></trkpt>
<trkpt lat="43.475715" lon="-3.794754"></trkpt>
<trkpt lat="43.475763" lon="-3.794783"></trkpt>
<trkpt lat="43.475779" lon="-3.794732"></trkpt>
<trkpt lat="43.475785" lon="-3.794712"></trkpt>
<trkpt lat="43.475870" lon="-3.794757"></trkpt>
		</trkseg>
	</trk>
	<trk>
		<name>RASp 200K - boucle/loop #1 500K - 110926</name>
		<trkseg>
<trkpt lat="43.475198" lon="-3.794710"></trkpt>
<trkpt lat="43.475253" lon="-3.794712"></trkpt>
<trkpt lat="43.475429" lon="-3.794777"></trkpt>
<trkpt lat="43.475668" lon="-3.794912"></trkpt>
<trkpt lat="43.475686" lon="-3.794852"></trkpt>
<trkpt lat="43.475715" lon="-3.794754"></trkpt>
<trkpt lat="43.475763" lon="-3.794783"></trkpt>
<trkpt lat="43.476120" lon="-3.794976"></trkpt>
<trkpt lat="43.476321" lon="-3.795017"></trkpt>
<trkpt lat="43.476470" lon="-3.795013"></trkpt>
<trkpt lat="43.476666" lon="-3.794945"></trkpt>
<trkpt lat="43.476830" lon="-3.794899"></trkpt>
<trkpt lat="43.476993" lon="-3.794951"></trkpt>
<trkpt lat="43.477126" lon="-3.795091"></trkpt>
<trkpt lat="43.477196" lon="-3.795255"></trkpt>
<trkpt lat="43.477220" lon="-3.795442"></trkpt>
<trkpt lat="43.477204" lon="-3.795597"></trkpt>
<trkpt lat="43.477123" lon="-3.795801"></trkpt>
<trkpt lat="43.477037" lon="-3.795903"></trkpt>
<trkpt lat="43.476934" lon="-3.795967"></trkpt>
<trkpt lat="43.476768" lon="-3.796129"></trkpt>
<trkpt lat="43.476639" lon="-3.796343"></trkpt>
<trkpt lat="43.476562" lon="-3.796552"></trkpt>
<trkpt lat="43.476239" lon="-3.797791"></trkpt>
<trkpt lat="43.475776" lon="-3.799804"></trkpt>
<trkpt lat="43.475416" lon="-3.801376"></trkpt>
<trkpt lat="43.475197" lon="-3.802214"></trkpt>
<trkpt lat="43.474890" lon="-3.803385"></trkpt>
<trkpt lat="43.474207" lon="-3.805660"></trkpt>
<trkpt lat="43.473357" lon="-3.808169"></trkpt>
<trkpt lat="43.473268" lon="-3.808479"></trkpt>
<trkpt lat="43.473282" lon="-3.808697"></trkpt>
<trkpt lat="43.473289" lon="-3.808736"></trkpt>
<trkpt lat="43.473293" lon="-3.808814"></trkpt>
<trkpt lat="43.473257" lon="-3.808961"></trkpt>
<trkpt lat="43.473174" lon="-3.809065"></trkpt>
<trkpt lat="43.473084" lon="-3.809100"></trkpt>
<trkpt lat="43.472969" lon="-3.809302"></trkpt>
<trkpt lat="43.472489" lon="-3.810811"></trkpt>
<trkpt lat="43.471978" lon="-3.812682"></trkpt>
<trkpt lat="43.471467" lon="-3.814934"></trkpt>
<trkpt lat="43.471255" lon="-3.816049"></trkpt>
<trkpt lat="43.471224" lon="-3.816216"></trkpt>
<trkpt lat="43.471203" lon="-3.816578"></trkpt>
<trkpt lat="43.471266" lon="-3.816754"></trkpt>
<trkpt lat="43.471239" lon="-3.816940"></trkpt>
<trkpt lat="43.471195" lon="-3.817016"></trkpt>
<trkpt lat="43.471082" lon="-3.817091"></trkpt>
<trkpt lat="43.470968" lon="-3.817500"></trkpt>
<trkpt lat="43.470831" lon="-3.818199"></trkpt>
<trkpt lat="43.470903" lon="-3.818226"></trkpt>
<trkpt lat="43.470942" lon="-3.818026"></trkpt>
<trkpt lat="43.470903" lon="-3.818226"></trkpt>
<trkpt lat="43.470831" lon="-3.818199"></trkpt>
<trkpt lat="43.470425" lon="-3.820248"></trkpt>
<trkpt lat="43.470302" lon="-3.820774"></trkpt>
<trkpt lat="43.470126" lon="-3.821373"></trkpt>
<trkpt lat="43.469932" lon="-3.821909"></trkpt>
<trkpt lat="43.469707" lon="-3.822408"></trkpt>
<trkpt lat="43.469435" lon="-3.822898"></trkpt>
<trkpt lat="43.469071" lon="-3.823453"></trkpt>
<trkpt lat="43.468573" lon="-3.824123"></trkpt>
<trkpt lat="43.468469" lon="-3.824337"></trkpt>
<trkpt lat="43.468505" lon="-3.824537"></trkpt>
<trkpt lat="43.468475" lon="-3.824737"></trkpt>
<trkpt lat="43.468423" lon="-3.824849"></trkpt>
<trkpt lat="43.468397" lon="-3.824887"></trkpt>
<trkpt lat="43.468270" lon="-3.824981"></trkpt>
<trkpt lat="43.468103" lon="-3.824967"></trkpt>
<trkpt lat="43.467970" lon="-3.825078"></trkpt>
<trkpt lat="43.467886" lon="-3.825215"></trkpt>
<trkpt lat="43.467694" lon="-3.825625"></trkpt>
<trkpt lat="43.467492" lon="-3.826159"></trkpt>
<trkpt lat="43.467326" lon="-3.826736"></trkpt>
<trkpt lat="43.467169" lon="-3.827557"></trkpt>
<trkpt lat="43.467113" lon="-3.828079"></trkpt>
<trkpt lat="43.467090" lon="-3.828681"></trkpt>
<trkpt lat="43.467108" lon="-3.829293"></trkpt>
<trkpt lat="43.467202" lon="-3.830344"></trkpt>
<trkpt lat="43.467249" lon="-3.830663"></trkpt>
<trkpt lat="43.467288" lon="-3.830790"></trkpt>
<trkpt lat="43.467355" lon="-3.830831"></trkpt>
<trkpt lat="43.467448" lon="-3.830967"></trkpt>
<trkpt lat="43.467477" lon="-3.831119"></trkpt>
<trkpt lat="43.467447" lon="-3.831305"></trkpt>
<trkpt lat="43.467350" lon="-3.831443"></trkpt>
<trkpt lat="43.467284" lon="-3.831657"></trkpt>
<trkpt lat="43.467264" lon="-3.831868"></trkpt>
<trkpt lat="43.467184" lon="-3.832492"></trkpt>
<trkpt lat="43.467065" lon="-3.832988"></trkpt>
<trkpt lat="43.466893" lon="-3.833435"></trkpt>
<trkpt lat="43.466656" lon="-3.833938"></trkpt>
<trkpt lat="43.466599" lon="-3.834128"></trkpt>
<trkpt lat="43.466520" lon="-3.834481"></trkpt>
<trkpt lat="43.466534" lon="-3.834561"></trkpt>
<trkpt lat="43.466638" lon="-3.834644"></trkpt>
<trkpt lat="43.466734" lon="-3.834666"></trkpt>
<trkpt lat="43.467087" lon="-3.834452"></trkpt>
<trkpt lat="43.467404" lon="-3.834392"></trkpt>
<trkpt lat="43.467413" lon="-3.834485"></trkpt>
<trkpt lat="43.467080" lon="-3.834549"></trkpt>
<trkpt lat="43.467004" lon="-3.834605"></trkpt>
<trkpt lat="43.466902" lon="-3.834929"></trkpt>
<trkpt lat="43.466882" lon="-3.834992"></trkpt>
<trkpt lat="43.466787" lon="-3.835323"></trkpt>
<trkpt lat="43.466687" lon="-3.835672"></trkpt>
<trkpt lat="43.466588" lon="-3.836022"></trkpt>
<trkpt lat="43.466879" lon="-3.836193"></trkpt>
<trkpt lat="43.467030" lon="-3.836320"></trkpt>
<trkpt lat="43.467052" lon="-3.836338"></trkpt>
<trkpt lat="43.467304" lon="-3.836584"></trkpt>
<trkpt lat="43.467498" lon="-3.836784"></trkpt>
<trkpt lat="43.467816" lon="-3.837017"></trkpt>
<trkpt lat="43.467692" lon="-3.837493"></trkpt>
<trkpt lat="43.467670" lon="-3.837755"></trkpt>
<trkpt lat="43.467590" lon="-3.838204"></trkpt>
<trkpt lat="43.467528" lon="-3.838377"></trkpt>
<trkpt lat="43.467203" lon="-3.839006"></trkpt>
<trkpt lat="43.466603" lon="-3.839999"></trkpt>
<trkpt lat="43.466289" lon="-3.840433"></trkpt>
<trkpt lat="43.466251" lon="-3.840499"></trkpt>
<trkpt lat="43.466186" lon="-3.840607"></trkpt>
<trkpt lat="43.465977" lon="-3.841025"></trkpt>
<trkpt lat="43.465801" lon="-3.841376"></trkpt>
<trkpt lat="43.465702" lon="-3.841351"></trkpt>
<trkpt lat="43.465437" lon="-3.842246"></trkpt>
<trkpt lat="43.465358" lon="-3.842441"></trkpt>
<trkpt lat="43.465348" lon="-3.842578"></trkpt>
<trkpt lat="43.465272" lon="-3.842904"></trkpt>
<trkpt lat="43.465234" lon="-3.842982"></trkpt>
<trkpt lat="43.465292" lon="-3.843112"></trkpt>
<trkpt lat="43.465436" lon="-3.843479"></trkpt>
<trkpt lat="43.465495" lon="-3.843710"></trkpt>
<trkpt lat="43.465505" lon="-3.844122"></trkpt>
<trkpt lat="43.465432" lon="-3.845492"></trkpt>
<trkpt lat="43.465412" lon="-3.846666"></trkpt>
<trkpt lat="43.465391" lon="-3.846904"></trkpt>
<trkpt lat="43.465357" lon="-3.847394"></trkpt>
<trkpt lat="43.465375" lon="-3.848223"></trkpt>
<trkpt lat="43.465410" lon="-3.849650"></trkpt>
<trkpt lat="43.465413" lon="-3.849778"></trkpt>
<trkpt lat="43.465420" lon="-3.850053"></trkpt>
<trkpt lat="43.465437" lon="-3.850706"></trkpt>
<trkpt lat="43.465441" lon="-3.850865"></trkpt>
<trkpt lat="43.465448" lon="-3.851148"></trkpt>
<trkpt lat="43.465468" lon="-3.851961"></trkpt>
<trkpt lat="43.465526" lon="-3.853511"></trkpt>
<trkpt lat="43.465538" lon="-3.853664"></trkpt>
<trkpt lat="43.465569" lon="-3.854047"></trkpt>
<trkpt lat="43.465585" lon="-3.854261"></trkpt>
<trkpt lat="43.465642" lon="-3.854856"></trkpt>
<trkpt lat="43.465873" lon="-3.855731"></trkpt>
<trkpt lat="43.465989" lon="-3.856148"></trkpt>
<trkpt lat="43.466042" lon="-3.856444"></trkpt>
<trkpt lat="43.466155" lon="-3.857092"></trkpt>
<trkpt lat="43.466175" lon="-3.857218"></trkpt>
<trkpt lat="43.466552" lon="-3.859391"></trkpt>
<trkpt lat="43.466634" lon="-3.859846"></trkpt>
<trkpt lat="43.466652" lon="-3.860198"></trkpt>
<trkpt lat="43.466506" lon="-3.861003"></trkpt>
<trkpt lat="43.466374" lon="-3.861647"></trkpt>
<trkpt lat="43.466219" lon="-3.862368"></trkpt>
<trkpt lat="43.466108" lon="-3.862883"></trkpt>
<trkpt lat="43.465671" lon="-3.865030"></trkpt>
<trkpt lat="43.465453" lon="-3.866030"></trkpt>
<trkpt lat="43.465382" lon="-3.866375"></trkpt>
<trkpt lat="43.465306" lon="-3.866756"></trkpt>
<trkpt lat="43.465287" lon="-3.866992"></trkpt>
<trkpt lat="43.465280" lon="-3.867169"></trkpt>
<trkpt lat="43.465342" lon="-3.867345"></trkpt>
<trkpt lat="43.465609" lon="-3.867633"></trkpt>
<trkpt lat="43.465815" lon="-3.867802"></trkpt>
<trkpt lat="43.466000" lon="-3.867928"></trkpt>
<trkpt lat="43.466089" lon="-3.867981"></trkpt>
<trkpt lat="43.466123" lon="-3.868097"></trkpt>
<trkpt lat="43.466115" lon="-3.868163"></trkpt>
<trkpt lat="43.466063" lon="-3.868252"></trkpt>
<trkpt lat="43.465985" lon="-3.868598"></trkpt>
<trkpt lat="43.465890" lon="-3.869294"></trkpt>
<trkpt lat="43.465353" lon="-3.871856"></trkpt>
<trkpt lat="43.465350" lon="-3.871923"></trkpt>
<trkpt lat="43.465349" lon="-3.872264"></trkpt>
<trkpt lat="43.465440" lon="-3.873061"></trkpt>
<trkpt lat="43.465511" lon="-3.873655"></trkpt>
<trkpt lat="43.465516" lon="-3.873708"></trkpt>
<trkpt lat="43.465573" lon="-3.874285"></trkpt>
<trkpt lat="43.465686" lon="-3.874813"></trkpt>
<trkpt lat="43.465736" lon="-3.874882"></trkpt>
<trkpt lat="43.465753" lon="-3.874963"></trkpt>
<trkpt lat="43.465742" lon="-3.875047"></trkpt>
<trkpt lat="43.465713" lon="-3.875114"></trkpt>
<trkpt lat="43.465643" lon="-3.875172"></trkpt>
<trkpt lat="43.465590" lon="-3.875178"></trkpt>
<trkpt lat="43.465548" lon="-3.875162"></trkpt>
<trkpt lat="43.465473" lon="-3.875049"></trkpt>
<trkpt lat="43.465468" lon="-3.875032"></trkpt>
<trkpt lat="43.465312" lon="-3.874838"></trkpt>
<trkpt lat="43.465218" lon="-3.874709"></trkpt>
<trkpt lat="43.465055" lon="-3.874521"></trkpt>
<trkpt lat="43.464943" lon="-3.874479"></trkpt>
<trkpt lat="43.464816" lon="-3.874490"></trkpt>
<trkpt lat="43.464760" lon="-3.874525"></trkpt>
<trkpt lat="43.464668" lon="-3.874591"></trkpt>
<trkpt lat="43.464599" lon="-3.874688"></trkpt>
<trkpt lat="43.464449" lon="-3.875338"></trkpt>
<trkpt lat="43.464337" lon="-3.875704"></trkpt>
<trkpt lat="43.464266" lon="-3.875919"></trkpt>
<trkpt lat="43.464181" lon="-3.876196"></trkpt>
<trkpt lat="43.464117" lon="-3.876536"></trkpt>
<trkpt lat="43.464055" lon="-3.876973"></trkpt>
<trkpt lat="43.464032" lon="-3.877665"></trkpt>
<trkpt lat="43.464030" lon="-3.877899"></trkpt>
<trkpt lat="43.464029" lon="-3.878025"></trkpt>
<trkpt lat="43.464005" lon="-3.878794"></trkpt>
<trkpt lat="43.464099" lon="-3.878899"></trkpt>
<trkpt lat="43.464104" lon="-3.879019"></trkpt>
<trkpt lat="43.464085" lon="-3.879074"></trkpt>
<trkpt lat="43.464013" lon="-3.879142"></trkpt>
<trkpt lat="43.463926" lon="-3.879132"></trkpt>
<trkpt lat="43.463890" lon="-3.879097"></trkpt>
<trkpt lat="43.463748" lon="-3.879285"></trkpt>
<trkpt lat="43.463120" lon="-3.879845"></trkpt>
<trkpt lat="43.462894" lon="-3.880142"></trkpt>
<trkpt lat="43.462757" lon="-3.880425"></trkpt>
<trkpt lat="43.462530" lon="-3.881176"></trkpt>
<trkpt lat="43.462431" lon="-3.881421"></trkpt>
<trkpt lat="43.462085" lon="-3.882392"></trkpt>
<trkpt lat="43.462036" lon="-3.882562"></trkpt>
<trkpt lat="43.461960" lon="-3.882820"></trkpt>
<trkpt lat="43.461884" lon="-3.883117"></trkpt>
<trkpt lat="43.461681" lon="-3.883973"></trkpt>
<trkpt lat="43.461485" lon="-3.884788"></trkpt>
<trkpt lat="43.461411" lon="-3.885102"></trkpt>
<trkpt lat="43.461299" lon="-3.885414"></trkpt>
<trkpt lat="43.461147" lon="-3.885666"></trkpt>
<trkpt lat="43.461069" lon="-3.885790"></trkpt>
<trkpt lat="43.461007" lon="-3.885935"></trkpt>
<trkpt lat="43.460950" lon="-3.886346"></trkpt>
<trkpt lat="43.460893" lon="-3.886757"></trkpt>
<trkpt lat="43.460779" lon="-3.887246"></trkpt>
<trkpt lat="43.460685" lon="-3.887471"></trkpt>
<trkpt lat="43.460387" lon="-3.888086"></trkpt>
<trkpt lat="43.460295" lon="-3.888447"></trkpt>
<trkpt lat="43.460211" lon="-3.888921"></trkpt>
<trkpt lat="43.460256" lon="-3.888981"></trkpt>
<trkpt lat="43.460511" lon="-3.889735"></trkpt>
<trkpt lat="43.460563" lon="-3.889964"></trkpt>
<trkpt lat="43.460585" lon="-3.890077"></trkpt>
<trkpt lat="43.460589" lon="-3.890258"></trkpt>
<trkpt lat="43.460535" lon="-3.890492"></trkpt>
<trkpt lat="43.460497" lon="-3.890611"></trkpt>
<trkpt lat="43.460354" lon="-3.891143"></trkpt>
<trkpt lat="43.460331" lon="-3.891462"></trkpt>
<trkpt lat="43.460353" lon="-3.891792"></trkpt>
<trkpt lat="43.460387" lon="-3.891980"></trkpt>
<trkpt lat="43.460417" lon="-3.892091"></trkpt>
<trkpt lat="43.460510" lon="-3.892279"></trkpt>
<trkpt lat="43.460594" lon="-3.892387"></trkpt>
<trkpt lat="43.461343" lon="-3.892878"></trkpt>
<trkpt lat="43.461449" lon="-3.893038"></trkpt>
<trkpt lat="43.461545" lon="-3.893426"></trkpt>
<trkpt lat="43.461480" lon="-3.893616"></trkpt>
<trkpt lat="43.461078" lon="-3.894869"></trkpt>
<trkpt lat="43.460990" lon="-3.895215"></trkpt>
<trkpt lat="43.460965" lon="-3.895390"></trkpt>
<trkpt lat="43.460892" lon="-3.895985"></trkpt>
<trkpt lat="43.460847" lon="-3.896308"></trkpt>
<trkpt lat="43.460842" lon="-3.896702"></trkpt>
<trkpt lat="43.460841" lon="-3.896879"></trkpt>
<trkpt lat="43.460839" lon="-3.897025"></trkpt>
<trkpt lat="43.461225" lon="-3.897294"></trkpt>
<trkpt lat="43.461437" lon="-3.897368"></trkpt>
<trkpt lat="43.461494" lon="-3.897438"></trkpt>
<trkpt lat="43.461760" lon="-3.898107"></trkpt>
<trkpt lat="43.461762" lon="-3.898369"></trkpt>
<trkpt lat="43.461661" lon="-3.898560"></trkpt>
<trkpt lat="43.461625" lon="-3.898686"></trkpt>
<trkpt lat="43.461433" lon="-3.899537"></trkpt>
<trkpt lat="43.461466" lon="-3.899710"></trkpt>
<trkpt lat="43.461530" lon="-3.899778"></trkpt>
<trkpt lat="43.461664" lon="-3.899874"></trkpt>
<trkpt lat="43.461811" lon="-3.899931"></trkpt>
<trkpt lat="43.462151" lon="-3.900424"></trkpt>
<trkpt lat="43.462502" lon="-3.901018"></trkpt>
<trkpt lat="43.462641" lon="-3.901080"></trkpt>
<trkpt lat="43.462636" lon="-3.901161"></trkpt>
<trkpt lat="43.462614" lon="-3.901653"></trkpt>
<trkpt lat="43.462562" lon="-3.902763"></trkpt>
<trkpt lat="43.462508" lon="-3.903054"></trkpt>
<trkpt lat="43.462375" lon="-3.903362"></trkpt>
<trkpt lat="43.462345" lon="-3.903488"></trkpt>
<trkpt lat="43.462308" lon="-3.903807"></trkpt>
<trkpt lat="43.462335" lon="-3.904086"></trkpt>
<trkpt lat="43.462453" lon="-3.904625"></trkpt>
<trkpt lat="43.462659" lon="-3.905561"></trkpt>
<trkpt lat="43.462757" lon="-3.905978"></trkpt>
<trkpt lat="43.462780" lon="-3.906096"></trkpt>
<trkpt lat="43.462797" lon="-3.906202"></trkpt>
<trkpt lat="43.462806" lon="-3.906276"></trkpt>
<trkpt lat="43.462805" lon="-3.906645"></trkpt>
<trkpt lat="43.462683" lon="-3.907049"></trkpt>
<trkpt lat="43.462637" lon="-3.907229"></trkpt>
<trkpt lat="43.462619" lon="-3.907338"></trkpt>
<trkpt lat="43.462566" lon="-3.908291"></trkpt>
<trkpt lat="43.462429" lon="-3.911275"></trkpt>
<trkpt lat="43.462427" lon="-3.911821"></trkpt>
<trkpt lat="43.462444" lon="-3.911936"></trkpt>
<trkpt lat="43.462499" lon="-3.912067"></trkpt>
<trkpt lat="43.462566" lon="-3.912154"></trkpt>
<trkpt lat="43.462604" lon="-3.912340"></trkpt>
<trkpt lat="43.462551" lon="-3.912526"></trkpt>
<trkpt lat="43.462507" lon="-3.912580"></trkpt>
<trkpt lat="43.462370" lon="-3.913045"></trkpt>
<trkpt lat="43.462345" lon="-3.913301"></trkpt>
<trkpt lat="43.462338" lon="-3.913465"></trkpt>
<trkpt lat="43.462299" lon="-3.914372"></trkpt>
<trkpt lat="43.462248" lon="-3.914838"></trkpt>
<trkpt lat="43.462213" lon="-3.915113"></trkpt>
<trkpt lat="43.462170" lon="-3.915462"></trkpt>
<trkpt lat="43.462107" lon="-3.915953"></trkpt>
<trkpt lat="43.462099" lon="-3.916014"></trkpt>
<trkpt lat="43.461980" lon="-3.916918"></trkpt>
<trkpt lat="43.461955" lon="-3.917127"></trkpt>
<trkpt lat="43.461918" lon="-3.917404"></trkpt>
<trkpt lat="43.461777" lon="-3.918500"></trkpt>
<trkpt lat="43.461722" lon="-3.918928"></trkpt>
<trkpt lat="43.461632" lon="-3.919627"></trkpt>
<trkpt lat="43.461456" lon="-3.920982"></trkpt>
<trkpt lat="43.461447" lon="-3.921051"></trkpt>
<trkpt lat="43.461432" lon="-3.921175"></trkpt>
<trkpt lat="43.461382" lon="-3.921562"></trkpt>
<trkpt lat="43.461349" lon="-3.921824"></trkpt>
<trkpt lat="43.461288" lon="-3.922307"></trkpt>
<trkpt lat="43.461277" lon="-3.922392"></trkpt>
<trkpt lat="43.461247" lon="-3.922625"></trkpt>
<trkpt lat="43.461188" lon="-3.923054"></trkpt>
<trkpt lat="43.461023" lon="-3.924349"></trkpt>
<trkpt lat="43.460935" lon="-3.925035"></trkpt>
<trkpt lat="43.460860" lon="-3.925671"></trkpt>
<trkpt lat="43.460815" lon="-3.926000"></trkpt>
<trkpt lat="43.460661" lon="-3.926431"></trkpt>
<trkpt lat="43.460561" lon="-3.926742"></trkpt>
<trkpt lat="43.460463" lon="-3.927310"></trkpt>
<trkpt lat="43.460455" lon="-3.927366"></trkpt>
<trkpt lat="43.460412" lon="-3.927613"></trkpt>
<trkpt lat="43.460368" lon="-3.927833"></trkpt>
<trkpt lat="43.460276" lon="-3.928084"></trkpt>
<trkpt lat="43.460228" lon="-3.928171"></trkpt>
<trkpt lat="43.460152" lon="-3.928292"></trkpt>
<trkpt lat="43.460004" lon="-3.928480"></trkpt>
<trkpt lat="43.459860" lon="-3.928662"></trkpt>
<trkpt lat="43.459696" lon="-3.928863"></trkpt>
<trkpt lat="43.459432" lon="-3.929039"></trkpt>
<trkpt lat="43.459317" lon="-3.929107"></trkpt>
<trkpt lat="43.459175" lon="-3.929239"></trkpt>
<trkpt lat="43.459024" lon="-3.929435"></trkpt>
<trkpt lat="43.458961" lon="-3.929646"></trkpt>
<trkpt lat="43.458950" lon="-3.929716"></trkpt>
<trkpt lat="43.458912" lon="-3.929770"></trkpt>
<trkpt lat="43.458836" lon="-3.929777"></trkpt>
<trkpt lat="43.458734" lon="-3.929896"></trkpt>
<trkpt lat="43.458429" lon="-3.930522"></trkpt>
<trkpt lat="43.458212" lon="-3.930887"></trkpt>
<trkpt lat="43.458122" lon="-3.931010"></trkpt>
<trkpt lat="43.457730" lon="-3.931474"></trkpt>
<trkpt lat="43.457514" lon="-3.931710"></trkpt>
<trkpt lat="43.457330" lon="-3.931891"></trkpt>
<trkpt lat="43.456557" lon="-3.932671"></trkpt>
<trkpt lat="43.456384" lon="-3.932869"></trkpt>
<trkpt lat="43.456100" lon="-3.933247"></trkpt>
<trkpt lat="43.455830" lon="-3.933690"></trkpt>
<trkpt lat="43.454495" lon="-3.936448"></trkpt>
<trkpt lat="43.454313" lon="-3.936931"></trkpt>
<trkpt lat="43.453769" lon="-3.939050"></trkpt>
<trkpt lat="43.453594" lon="-3.939589"></trkpt>
<trkpt lat="43.453096" lon="-3.940821"></trkpt>
<trkpt lat="43.452626" lon="-3.941923"></trkpt>
<trkpt lat="43.452280" lon="-3.942670"></trkpt>
<trkpt lat="43.452137" lon="-3.942908"></trkpt>
<trkpt lat="43.451905" lon="-3.943224"></trkpt>
<trkpt lat="43.451628" lon="-3.943529"></trkpt>
<trkpt lat="43.451226" lon="-3.943834"></trkpt>
<trkpt lat="43.451141" lon="-3.943895"></trkpt>
<trkpt lat="43.450323" lon="-3.944351"></trkpt>
<trkpt lat="43.448773" lon="-3.945195"></trkpt>
<trkpt lat="43.448472" lon="-3.945447"></trkpt>
<trkpt lat="43.447978" lon="-3.946096"></trkpt>
<trkpt lat="43.447699" lon="-3.946516"></trkpt>
<trkpt lat="43.447668" lon="-3.946568"></trkpt>
<trkpt lat="43.447461" lon="-3.946884"></trkpt>
<trkpt lat="43.447352" lon="-3.947036"></trkpt>
<trkpt lat="43.447226" lon="-3.947018"></trkpt>
<trkpt lat="43.446903" lon="-3.947346"></trkpt>
<trkpt lat="43.446436" lon="-3.947193"></trkpt>
<trkpt lat="43.446148" lon="-3.947112"></trkpt>
<trkpt lat="43.445655" lon="-3.947058"></trkpt>
<trkpt lat="43.445557" lon="-3.947066"></trkpt>
<trkpt lat="43.445302" lon="-3.947159"></trkpt>
<trkpt lat="43.445131" lon="-3.947269"></trkpt>
<trkpt lat="43.445031" lon="-3.947286"></trkpt>
<trkpt lat="43.444957" lon="-3.947298"></trkpt>
<trkpt lat="43.444361" lon="-3.947261"></trkpt>
<trkpt lat="43.444205" lon="-3.947338"></trkpt>
<trkpt lat="43.443935" lon="-3.947362"></trkpt>
<trkpt lat="43.443605" lon="-3.947526"></trkpt>
<trkpt lat="43.443143" lon="-3.947580"></trkpt>
<trkpt lat="43.442974" lon="-3.947771"></trkpt>
<trkpt lat="43.442626" lon="-3.947935"></trkpt>
<trkpt lat="43.442174" lon="-3.948057"></trkpt>
<trkpt lat="43.441753" lon="-3.948285"></trkpt>
<trkpt lat="43.441561" lon="-3.948293"></trkpt>
<trkpt lat="43.441477" lon="-3.948343"></trkpt>
<trkpt lat="43.441327" lon="-3.948361"></trkpt>
<trkpt lat="43.441179" lon="-3.948351"></trkpt>
<trkpt lat="43.440456" lon="-3.948122"></trkpt>
<trkpt lat="43.440311" lon="-3.948076"></trkpt>
<trkpt lat="43.440140" lon="-3.948073"></trkpt>
<trkpt lat="43.439973" lon="-3.948109"></trkpt>
<trkpt lat="43.439803" lon="-3.948189"></trkpt>
<trkpt lat="43.439271" lon="-3.948554"></trkpt>
<trkpt lat="43.438922" lon="-3.948649"></trkpt>
<trkpt lat="43.438484" lon="-3.948600"></trkpt>
<trkpt lat="43.438091" lon="-3.948678"></trkpt>
<trkpt lat="43.438089" lon="-3.948811"></trkpt>
<trkpt lat="43.438188" lon="-3.949026"></trkpt>
<trkpt lat="43.438065" lon="-3.949151"></trkpt>
<trkpt lat="43.437849" lon="-3.949275"></trkpt>
<trkpt lat="43.437768" lon="-3.949267"></trkpt>
<trkpt lat="43.437686" lon="-3.949217"></trkpt>
<trkpt lat="43.437522" lon="-3.949047"></trkpt>
<trkpt lat="43.437331" lon="-3.948790"></trkpt>
<trkpt lat="43.437190" lon="-3.948595"></trkpt>
<trkpt lat="43.437033" lon="-3.948309"></trkpt>
<trkpt lat="43.436948" lon="-3.948208"></trkpt>
<trkpt lat="43.436145" lon="-3.947669"></trkpt>
<trkpt lat="43.435671" lon="-3.947242"></trkpt>
<trkpt lat="43.435479" lon="-3.947134"></trkpt>
<trkpt lat="43.435150" lon="-3.947035"></trkpt>
<trkpt lat="43.435089" lon="-3.947023"></trkpt>
<trkpt lat="43.435018" lon="-3.947402"></trkpt>
<trkpt lat="43.434486" lon="-3.947186"></trkpt>
<trkpt lat="43.434289" lon="-3.947067"></trkpt>
<trkpt lat="43.434012" lon="-3.946733"></trkpt>
<trkpt lat="43.433933" lon="-3.946631"></trkpt>
<trkpt lat="43.433718" lon="-3.946350"></trkpt>
<trkpt lat="43.433572" lon="-3.946202"></trkpt>
<trkpt lat="43.433074" lon="-3.945808"></trkpt>
<trkpt lat="43.432882" lon="-3.945773"></trkpt>
<trkpt lat="43.432659" lon="-3.945835"></trkpt>
<trkpt lat="43.432623" lon="-3.945845"></trkpt>
<trkpt lat="43.432516" lon="-3.945891"></trkpt>
<trkpt lat="43.432340" lon="-3.946042"></trkpt>
<trkpt lat="43.432277" lon="-3.946145"></trkpt>
<trkpt lat="43.432228" lon="-3.946257"></trkpt>
<trkpt lat="43.431822" lon="-3.947747"></trkpt>
<trkpt lat="43.431725" lon="-3.948011"></trkpt>
<trkpt lat="43.431654" lon="-3.948080"></trkpt>
<trkpt lat="43.431513" lon="-3.948127"></trkpt>
<trkpt lat="43.431300" lon="-3.948072"></trkpt>
<trkpt lat="43.430715" lon="-3.947912"></trkpt>
<trkpt lat="43.430571" lon="-3.947770"></trkpt>
<trkpt lat="43.430500" lon="-3.947551"></trkpt>
<trkpt lat="43.430516" lon="-3.947321"></trkpt>
<trkpt lat="43.430543" lon="-3.947230"></trkpt>
<trkpt lat="43.430600" lon="-3.947137"></trkpt>
<trkpt lat="43.430903" lon="-3.946818"></trkpt>
<trkpt lat="43.430970" lon="-3.946708"></trkpt>
<trkpt lat="43.431013" lon="-3.946636"></trkpt>
<trkpt lat="43.431056" lon="-3.946271"></trkpt>
<trkpt lat="43.431036" lon="-3.945951"></trkpt>
<trkpt lat="43.430961" lon="-3.945673"></trkpt>
<trkpt lat="43.430833" lon="-3.945434"></trkpt>
<trkpt lat="43.430715" lon="-3.945337"></trkpt>
<trkpt lat="43.430411" lon="-3.945308"></trkpt>
<trkpt lat="43.430001" lon="-3.945104"></trkpt>
<trkpt lat="43.429796" lon="-3.944604"></trkpt>
<trkpt lat="43.429704" lon="-3.944470"></trkpt>
<trkpt lat="43.429334" lon="-3.944090"></trkpt>
<trkpt lat="43.429099" lon="-3.943797"></trkpt>
<trkpt lat="43.428843" lon="-3.943348"></trkpt>
<trkpt lat="43.428643" lon="-3.942973"></trkpt>
<trkpt lat="43.428551" lon="-3.942725"></trkpt>
<trkpt lat="43.428309" lon="-3.941853"></trkpt>
<trkpt lat="43.428159" lon="-3.941465"></trkpt>
<trkpt lat="43.427970" lon="-3.941228"></trkpt>
<trkpt lat="43.427726" lon="-3.941042"></trkpt>
<trkpt lat="43.427316" lon="-3.940819"></trkpt>
<trkpt lat="43.427037" lon="-3.940665"></trkpt>
<trkpt lat="43.426810" lon="-3.940546"></trkpt>
<trkpt lat="43.426583" lon="-3.940427"></trkpt>
<trkpt lat="43.426515" lon="-3.940418"></trkpt>
<trkpt lat="43.426375" lon="-3.940474"></trkpt>
<trkpt lat="43.426283" lon="-3.940713"></trkpt>
<trkpt lat="43.426165" lon="-3.940856"></trkpt>
<trkpt lat="43.425929" lon="-3.941076"></trkpt>
<trkpt lat="43.425874" lon="-3.941127"></trkpt>
<trkpt lat="43.425817" lon="-3.941223"></trkpt>
<trkpt lat="43.425775" lon="-3.941356"></trkpt>
<trkpt lat="43.425764" lon="-3.941485"></trkpt>
<trkpt lat="43.425799" lon="-3.941874"></trkpt>
<trkpt lat="43.425789" lon="-3.941980"></trkpt>
<trkpt lat="43.425619" lon="-3.942504"></trkpt>
<trkpt lat="43.425455" lon="-3.942953"></trkpt>
<trkpt lat="43.425376" lon="-3.943103"></trkpt>
<trkpt lat="43.425238" lon="-3.943254"></trkpt>
<trkpt lat="43.425195" lon="-3.943285"></trkpt>
<trkpt lat="43.424982" lon="-3.943488"></trkpt>
<trkpt lat="43.424893" lon="-3.943572"></trkpt>
<trkpt lat="43.424865" lon="-3.943574"></trkpt>
<trkpt lat="43.424769" lon="-3.943502"></trkpt>
<trkpt lat="43.424744" lon="-3.943384"></trkpt>
<trkpt lat="43.424659" lon="-3.943300"></trkpt>
<trkpt lat="43.424196" lon="-3.943139"></trkpt>
<trkpt lat="43.424054" lon="-3.943079"></trkpt>
<trkpt lat="43.423985" lon="-3.943041"></trkpt>
<trkpt lat="43.423731" lon="-3.942901"></trkpt>
<trkpt lat="43.423647" lon="-3.942825"></trkpt>
<trkpt lat="43.423445" lon="-3.942587"></trkpt>
<trkpt lat="43.423305" lon="-3.942351"></trkpt>
<trkpt lat="43.423291" lon="-3.942215"></trkpt>
<trkpt lat="43.423342" lon="-3.941775"></trkpt>
<trkpt lat="43.423313" lon="-3.941677"></trkpt>
<trkpt lat="43.423247" lon="-3.941624"></trkpt>
<trkpt lat="43.423178" lon="-3.941632"></trkpt>
<trkpt lat="43.423116" lon="-3.941678"></trkpt>
<trkpt lat="43.422929" lon="-3.941988"></trkpt>
<trkpt lat="43.422815" lon="-3.942104"></trkpt>
<trkpt lat="43.422728" lon="-3.942143"></trkpt>
<trkpt lat="43.422508" lon="-3.942152"></trkpt>
<trkpt lat="43.422385" lon="-3.942101"></trkpt>
<trkpt lat="43.422201" lon="-3.941977"></trkpt>
<trkpt lat="43.421864" lon="-3.941636"></trkpt>
<trkpt lat="43.421750" lon="-3.941550"></trkpt>
<trkpt lat="43.421414" lon="-3.941509"></trkpt>
<trkpt lat="43.421304" lon="-3.941424"></trkpt>
<trkpt lat="43.420919" lon="-3.941007"></trkpt>
<trkpt lat="43.419965" lon="-3.940260"></trkpt>
<trkpt lat="43.419531" lon="-3.939823"></trkpt>
<trkpt lat="43.419399" lon="-3.939709"></trkpt>
<trkpt lat="43.419348" lon="-3.939663"></trkpt>
<trkpt lat="43.419205" lon="-3.939534"></trkpt>
<trkpt lat="43.419133" lon="-3.939470"></trkpt>
<trkpt lat="43.419195" lon="-3.939260"></trkpt>
<trkpt lat="43.419176" lon="-3.939147"></trkpt>
<trkpt lat="43.418830" lon="-3.938633"></trkpt>
<trkpt lat="43.418751" lon="-3.938556"></trkpt>
<trkpt lat="43.418531" lon="-3.938118"></trkpt>
<trkpt lat="43.418408" lon="-3.937725"></trkpt>
<trkpt lat="43.418367" lon="-3.937693"></trkpt>
<trkpt lat="43.418124" lon="-3.937641"></trkpt>
<trkpt lat="43.418062" lon="-3.937597"></trkpt>
<trkpt lat="43.418016" lon="-3.937529"></trkpt>
<trkpt lat="43.417981" lon="-3.937264"></trkpt>
<trkpt lat="43.417940" lon="-3.937216"></trkpt>
<trkpt lat="43.417862" lon="-3.937165"></trkpt>
<trkpt lat="43.417577" lon="-3.937078"></trkpt>
<trkpt lat="43.417477" lon="-3.936917"></trkpt>
<trkpt lat="43.417200" lon="-3.936974"></trkpt>
<trkpt lat="43.417127" lon="-3.936959"></trkpt>
<trkpt lat="43.417092" lon="-3.936930"></trkpt>
<trkpt lat="43.416939" lon="-3.936570"></trkpt>
<trkpt lat="43.416904" lon="-3.936546"></trkpt>
<trkpt lat="43.416252" lon="-3.936555"></trkpt>
<trkpt lat="43.415682" lon="-3.936713"></trkpt>
<trkpt lat="43.415598" lon="-3.936686"></trkpt>
<trkpt lat="43.415564" lon="-3.936133"></trkpt>
<trkpt lat="43.415518" lon="-3.935939"></trkpt>
<trkpt lat="43.415403" lon="-3.935789"></trkpt>
<trkpt lat="43.415066" lon="-3.935447"></trkpt>
<trkpt lat="43.415013" lon="-3.935493"></trkpt>
<trkpt lat="43.413919" lon="-3.936459"></trkpt>
<trkpt lat="43.413266" lon="-3.937043"></trkpt>
<trkpt lat="43.412907" lon="-3.937356"></trkpt>
<trkpt lat="43.412548" lon="-3.937669"></trkpt>
<trkpt lat="43.412071" lon="-3.938097"></trkpt>
<trkpt lat="43.411797" lon="-3.938379"></trkpt>
<trkpt lat="43.411417" lon="-3.938894"></trkpt>
<trkpt lat="43.411133" lon="-3.939279"></trkpt>
<trkpt lat="43.411112" lon="-3.939306"></trkpt>
<trkpt lat="43.410992" lon="-3.939471"></trkpt>
<trkpt lat="43.410917" lon="-3.939574"></trkpt>
<trkpt lat="43.410398" lon="-3.940303"></trkpt>
<trkpt lat="43.410039" lon="-3.940846"></trkpt>
<trkpt lat="43.409984" lon="-3.940922"></trkpt>
<trkpt lat="43.409797" lon="-3.941581"></trkpt>
<trkpt lat="43.409736" lon="-3.941796"></trkpt>
<trkpt lat="43.409709" lon="-3.942105"></trkpt>
<trkpt lat="43.409332" lon="-3.942300"></trkpt>
<trkpt lat="43.409129" lon="-3.942302"></trkpt>
<trkpt lat="43.408452" lon="-3.942590"></trkpt>
<trkpt lat="43.408235" lon="-3.942648"></trkpt>
<trkpt lat="43.408338" lon="-3.943203"></trkpt>
<trkpt lat="43.408198" lon="-3.943522"></trkpt>
<trkpt lat="43.408063" lon="-3.943710"></trkpt>
<trkpt lat="43.407935" lon="-3.943783"></trkpt>
<trkpt lat="43.407652" lon="-3.943814"></trkpt>
<trkpt lat="43.407601" lon="-3.943871"></trkpt>
<trkpt lat="43.407580" lon="-3.943998"></trkpt>
<trkpt lat="43.407563" lon="-3.944480"></trkpt>
<trkpt lat="43.407522" lon="-3.944574"></trkpt>
<trkpt lat="43.407448" lon="-3.944639"></trkpt>
<trkpt lat="43.407331" lon="-3.944624"></trkpt>
<trkpt lat="43.407287" lon="-3.944547"></trkpt>
<trkpt lat="43.407251" lon="-3.944197"></trkpt>
<trkpt lat="43.407161" lon="-3.944005"></trkpt>
<trkpt lat="43.406817" lon="-3.943519"></trkpt>
<trkpt lat="43.406773" lon="-3.943633"></trkpt>
<trkpt lat="43.406699" lon="-3.943732"></trkpt>
<trkpt lat="43.406476" lon="-3.943912"></trkpt>
<trkpt lat="43.406315" lon="-3.944005"></trkpt>
<trkpt lat="43.405965" lon="-3.944330"></trkpt>
<trkpt lat="43.405638" lon="-3.944473"></trkpt>
<trkpt lat="43.405393" lon="-3.944740"></trkpt>
<trkpt lat="43.405148" lon="-3.945007"></trkpt>
<trkpt lat="43.404812" lon="-3.945296"></trkpt>
<trkpt lat="43.404709" lon="-3.945573"></trkpt>
<trkpt lat="43.404706" lon="-3.945734"></trkpt>
<trkpt lat="43.404676" lon="-3.945809"></trkpt>
<trkpt lat="43.404553" lon="-3.945933"></trkpt>
<trkpt lat="43.404512" lon="-3.946013"></trkpt>
<trkpt lat="43.404283" lon="-3.946200"></trkpt>
<trkpt lat="43.403655" lon="-3.946599"></trkpt>
<trkpt lat="43.403829" lon="-3.946937"></trkpt>
<trkpt lat="43.403672" lon="-3.947027"></trkpt>
<trkpt lat="43.403507" lon="-3.947123"></trkpt>
<trkpt lat="43.402544" lon="-3.947747"></trkpt>
<trkpt lat="43.402439" lon="-3.947857"></trkpt>
<trkpt lat="43.402410" lon="-3.947993"></trkpt>
<trkpt lat="43.402425" lon="-3.948174"></trkpt>
<trkpt lat="43.402468" lon="-3.948897"></trkpt>
<trkpt lat="43.402472" lon="-3.949102"></trkpt>
<trkpt lat="43.402475" lon="-3.949131"></trkpt>
<trkpt lat="43.402471" lon="-3.949158"></trkpt>
<trkpt lat="43.402490" lon="-3.949323"></trkpt>
<trkpt lat="43.402592" lon="-3.950776"></trkpt>
<trkpt lat="43.402632" lon="-3.951188"></trkpt>
<trkpt lat="43.402617" lon="-3.951255"></trkpt>
<trkpt lat="43.402659" lon="-3.951869"></trkpt>
<trkpt lat="43.402667" lon="-3.951974"></trkpt>
<trkpt lat="43.402718" lon="-3.951987"></trkpt>
<trkpt lat="43.402714" lon="-3.952329"></trkpt>
<trkpt lat="43.402757" lon="-3.952886"></trkpt>
<trkpt lat="43.402787" lon="-3.953225"></trkpt>
<trkpt lat="43.402718" lon="-3.953249"></trkpt>
<trkpt lat="43.402535" lon="-3.953500"></trkpt>
<trkpt lat="43.402430" lon="-3.953576"></trkpt>
<trkpt lat="43.402436" lon="-3.953697"></trkpt>
<trkpt lat="43.402200" lon="-3.955560"></trkpt>
<trkpt lat="43.402215" lon="-3.955716"></trkpt>
<trkpt lat="43.402785" lon="-3.957450"></trkpt>
<trkpt lat="43.403107" lon="-3.958328"></trkpt>
<trkpt lat="43.403215" lon="-3.958785"></trkpt>
<trkpt lat="43.403347" lon="-3.959538"></trkpt>
<trkpt lat="43.403671" lon="-3.961059"></trkpt>
<trkpt lat="43.403839" lon="-3.961800"></trkpt>
<trkpt lat="43.403883" lon="-3.961913"></trkpt>
<trkpt lat="43.403928" lon="-3.961952"></trkpt>
<trkpt lat="43.404144" lon="-3.962005"></trkpt>
<trkpt lat="43.404189" lon="-3.962041"></trkpt>
<trkpt lat="43.404238" lon="-3.962183"></trkpt>
<trkpt lat="43.404464" lon="-3.963764"></trkpt>
<trkpt lat="43.404733" lon="-3.965899"></trkpt>
<trkpt lat="43.404911" lon="-3.966985"></trkpt>
<trkpt lat="43.405051" lon="-3.967634"></trkpt>
<trkpt lat="43.405130" lon="-3.968001"></trkpt>
<trkpt lat="43.405159" lon="-3.968405"></trkpt>
<trkpt lat="43.405422" lon="-3.968408"></trkpt>
<trkpt lat="43.405589" lon="-3.968363"></trkpt>
<trkpt lat="43.405597" lon="-3.968589"></trkpt>
<trkpt lat="43.405564" lon="-3.968715"></trkpt>
<trkpt lat="43.405302" lon="-3.969319"></trkpt>
<trkpt lat="43.405017" lon="-3.969904"></trkpt>
<trkpt lat="43.404869" lon="-3.970149"></trkpt>
<trkpt lat="43.404681" lon="-3.970385"></trkpt>
<trkpt lat="43.404571" lon="-3.970449"></trkpt>
<trkpt lat="43.404387" lon="-3.970512"></trkpt>
<trkpt lat="43.404190" lon="-3.970650"></trkpt>
<trkpt lat="43.404089" lon="-3.970801"></trkpt>
<trkpt lat="43.403990" lon="-3.970993"></trkpt>
<trkpt lat="43.403914" lon="-3.971207"></trkpt>
<trkpt lat="43.403885" lon="-3.971412"></trkpt>
<trkpt lat="43.403892" lon="-3.972060"></trkpt>
<trkpt lat="43.403997" lon="-3.972605"></trkpt>
<trkpt lat="43.404014" lon="-3.972978"></trkpt>
<trkpt lat="43.403997" lon="-3.973198"></trkpt>
<trkpt lat="43.403894" lon="-3.973807"></trkpt>
<trkpt lat="43.403892" lon="-3.973938"></trkpt>
<trkpt lat="43.403953" lon="-3.974219"></trkpt>
<trkpt lat="43.403949" lon="-3.974372"></trkpt>
<trkpt lat="43.403861" lon="-3.974760"></trkpt>
<trkpt lat="43.403823" lon="-3.974885"></trkpt>
<trkpt lat="43.403717" lon="-3.975071"></trkpt>
<trkpt lat="43.403509" lon="-3.975359"></trkpt>
<trkpt lat="43.403333" lon="-3.975664"></trkpt>
<trkpt lat="43.403081" lon="-3.975950"></trkpt>
<trkpt lat="43.403023" lon="-3.976081"></trkpt>
<trkpt lat="43.402888" lon="-3.976571"></trkpt>
<trkpt lat="43.402792" lon="-3.976809"></trkpt>
<trkpt lat="43.402653" lon="-3.977124"></trkpt>
<trkpt lat="43.402524" lon="-3.977317"></trkpt>
<trkpt lat="43.402321" lon="-3.977174"></trkpt>
<trkpt lat="43.401959" lon="-3.977039"></trkpt>
<trkpt lat="43.401815" lon="-3.976921"></trkpt>
<trkpt lat="43.401774" lon="-3.976865"></trkpt>
<trkpt lat="43.401741" lon="-3.976746"></trkpt>
<trkpt lat="43.401732" lon="-3.976556"></trkpt>
<trkpt lat="43.401769" lon="-3.974525"></trkpt>
<trkpt lat="43.401796" lon="-3.974376"></trkpt>
<trkpt lat="43.401387" lon="-3.974278"></trkpt>
<trkpt lat="43.401328" lon="-3.974328"></trkpt>
<trkpt lat="43.401227" lon="-3.974598"></trkpt>
<trkpt lat="43.401160" lon="-3.974864"></trkpt>
<trkpt lat="43.401126" lon="-3.975162"></trkpt>
<trkpt lat="43.401117" lon="-3.975619"></trkpt>
<trkpt lat="43.401146" lon="-3.976297"></trkpt>
<trkpt lat="43.401097" lon="-3.976901"></trkpt>
<trkpt lat="43.401021" lon="-3.977133"></trkpt>
<trkpt lat="43.400838" lon="-3.977394"></trkpt>
<trkpt lat="43.400816" lon="-3.977613"></trkpt>
<trkpt lat="43.400819" lon="-3.977776"></trkpt>
<trkpt lat="43.400941" lon="-3.978041"></trkpt>
<trkpt lat="43.400994" lon="-3.978268"></trkpt>
<trkpt lat="43.401059" lon="-3.978808"></trkpt>
<trkpt lat="43.401067" lon="-3.979236"></trkpt>
<trkpt lat="43.401044" lon="-3.979500"></trkpt>
<trkpt lat="43.401021" lon="-3.979550"></trkpt>
<trkpt lat="43.400906" lon="-3.979779"></trkpt>
<trkpt lat="43.400860" lon="-3.979960"></trkpt>
<trkpt lat="43.400830" lon="-3.980347"></trkpt>
<trkpt lat="43.400652" lon="-3.981015"></trkpt>
<trkpt lat="43.400583" lon="-3.981166"></trkpt>
<trkpt lat="43.400587" lon="-3.981476"></trkpt>
<trkpt lat="43.400626" lon="-3.981943"></trkpt>
<trkpt lat="43.400710" lon="-3.982439"></trkpt>
<trkpt lat="43.400776" lon="-3.982659"></trkpt>
<trkpt lat="43.400600" lon="-3.983107"></trkpt>
<trkpt lat="43.400219" lon="-3.983957"></trkpt>
<trkpt lat="43.400077" lon="-3.984355"></trkpt>
<trkpt lat="43.399682" lon="-3.986551"></trkpt>
<trkpt lat="43.399528" lon="-3.986949"></trkpt>
<trkpt lat="43.399401" lon="-3.987212"></trkpt>
<trkpt lat="43.399267" lon="-3.987130"></trkpt>
<trkpt lat="43.399186" lon="-3.986933"></trkpt>
<trkpt lat="43.399089" lon="-3.986833"></trkpt>
<trkpt lat="43.399114" lon="-3.986911"></trkpt>
<trkpt lat="43.399042" lon="-3.987375"></trkpt>
<trkpt lat="43.398984" lon="-3.987344"></trkpt>
<trkpt lat="43.398407" lon="-3.986937"></trkpt>
<trkpt lat="43.398229" lon="-3.986857"></trkpt>
<trkpt lat="43.398074" lon="-3.986934"></trkpt>
<trkpt lat="43.397616" lon="-3.987331"></trkpt>
<trkpt lat="43.397337" lon="-3.987468"></trkpt>
<trkpt lat="43.396951" lon="-3.987745"></trkpt>
<trkpt lat="43.396631" lon="-3.988089"></trkpt>
<trkpt lat="43.396205" lon="-3.988417"></trkpt>
<trkpt lat="43.395819" lon="-3.988605"></trkpt>
<trkpt lat="43.395778" lon="-3.988617"></trkpt>
<trkpt lat="43.395145" lon="-3.988922"></trkpt>
<trkpt lat="43.394980" lon="-3.989453"></trkpt>
<trkpt lat="43.394959" lon="-3.989743"></trkpt>
<trkpt lat="43.394896" lon="-3.989978"></trkpt>
<trkpt lat="43.394734" lon="-3.990198"></trkpt>
<trkpt lat="43.394556" lon="-3.990362"></trkpt>
<trkpt lat="43.394389" lon="-3.990605"></trkpt>
<trkpt lat="43.394362" lon="-3.990693"></trkpt>
<trkpt lat="43.394338" lon="-3.990906"></trkpt>
<trkpt lat="43.394304" lon="-3.991008"></trkpt>
<trkpt lat="43.394092" lon="-3.991363"></trkpt>
<trkpt lat="43.394089" lon="-3.991588"></trkpt>
<trkpt lat="43.394053" lon="-3.991784"></trkpt>
<trkpt lat="43.393877" lon="-3.991858"></trkpt>
<trkpt lat="43.393780" lon="-3.991862"></trkpt>
<trkpt lat="43.393708" lon="-3.991851"></trkpt>
<trkpt lat="43.393539" lon="-3.991705"></trkpt>
<trkpt lat="43.393321" lon="-3.992535"></trkpt>
<trkpt lat="43.393225" lon="-3.992712"></trkpt>
<trkpt lat="43.393123" lon="-3.992832"></trkpt>
<trkpt lat="43.392999" lon="-3.992901"></trkpt>
<trkpt lat="43.392449" lon="-3.992954"></trkpt>
<trkpt lat="43.392196" lon="-3.993073"></trkpt>
<trkpt lat="43.392067" lon="-3.993196"></trkpt>
<trkpt lat="43.391948" lon="-3.993327"></trkpt>
<trkpt lat="43.391656" lon="-3.993750"></trkpt>
<trkpt lat="43.391050" lon="-3.994819"></trkpt>
<trkpt lat="43.390831" lon="-3.994969"></trkpt>
<trkpt lat="43.390555" lon="-3.995054"></trkpt>
<trkpt lat="43.390417" lon="-3.995151"></trkpt>
<trkpt lat="43.390218" lon="-3.995441"></trkpt>
<trkpt lat="43.389971" lon="-3.995876"></trkpt>
<trkpt lat="43.389755" lon="-3.995937"></trkpt>
<trkpt lat="43.389534" lon="-3.996175"></trkpt>
<trkpt lat="43.389308" lon="-3.996346"></trkpt>
<trkpt lat="43.388986" lon="-3.996452"></trkpt>
<trkpt lat="43.388228" lon="-3.996330"></trkpt>
<trkpt lat="43.387399" lon="-3.996078"></trkpt>
<trkpt lat="43.387331" lon="-3.996090"></trkpt>
<trkpt lat="43.386951" lon="-3.996467"></trkpt>
<trkpt lat="43.386885" lon="-3.996601"></trkpt>
<trkpt lat="43.386777" lon="-3.996938"></trkpt>
<trkpt lat="43.386570" lon="-3.997667"></trkpt>
<trkpt lat="43.386263" lon="-3.998289"></trkpt>
<trkpt lat="43.386189" lon="-3.998542"></trkpt>
<trkpt lat="43.386145" lon="-3.998737"></trkpt>
<trkpt lat="43.386066" lon="-3.998935"></trkpt>
<trkpt lat="43.385795" lon="-3.999223"></trkpt>
<trkpt lat="43.385246" lon="-3.999838"></trkpt>
<trkpt lat="43.384957" lon="-4.000466"></trkpt>
<trkpt lat="43.384746" lon="-4.000743"></trkpt>
<trkpt lat="43.384651" lon="-4.000919"></trkpt>
<trkpt lat="43.384205" lon="-4.002054"></trkpt>
<trkpt lat="43.383896" lon="-4.002391"></trkpt>
<trkpt lat="43.383717" lon="-4.002728"></trkpt>
<trkpt lat="43.383588" lon="-4.002866"></trkpt>
<trkpt lat="43.383243" lon="-4.003162"></trkpt>
<trkpt lat="43.383155" lon="-4.003349"></trkpt>
<trkpt lat="43.383141" lon="-4.003469"></trkpt>
<trkpt lat="43.383104" lon="-4.003775"></trkpt>
<trkpt lat="43.383015" lon="-4.004064"></trkpt>
<trkpt lat="43.382914" lon="-4.004359"></trkpt>
<trkpt lat="43.382864" lon="-4.004586"></trkpt>
<trkpt lat="43.382781" lon="-4.005741"></trkpt>
<trkpt lat="43.382830" lon="-4.006073"></trkpt>
<trkpt lat="43.382899" lon="-4.006319"></trkpt>
<trkpt lat="43.383225" lon="-4.007108"></trkpt>
<trkpt lat="43.383414" lon="-4.007513"></trkpt>
<trkpt lat="43.383454" lon="-4.007616"></trkpt>
<trkpt lat="43.383506" lon="-4.008087"></trkpt>
<trkpt lat="43.383613" lon="-4.010011"></trkpt>
<trkpt lat="43.383646" lon="-4.010141"></trkpt>
<trkpt lat="43.383704" lon="-4.010206"></trkpt>
<trkpt lat="43.383704" lon="-4.010289"></trkpt>
<trkpt lat="43.383668" lon="-4.010342"></trkpt>
<trkpt lat="43.383643" lon="-4.010539"></trkpt>
<trkpt lat="43.383693" lon="-4.011124"></trkpt>
<trkpt lat="43.383770" lon="-4.011489"></trkpt>
<trkpt lat="43.383784" lon="-4.011964"></trkpt>
<trkpt lat="43.383703" lon="-4.013075"></trkpt>
<trkpt lat="43.383739" lon="-4.013450"></trkpt>
<trkpt lat="43.383693" lon="-4.013871"></trkpt>
<trkpt lat="43.383649" lon="-4.014217"></trkpt>
<trkpt lat="43.383670" lon="-4.014372"></trkpt>
<trkpt lat="43.383724" lon="-4.014453"></trkpt>
<trkpt lat="43.384439" lon="-4.014760"></trkpt>
<trkpt lat="43.384560" lon="-4.014831"></trkpt>
<trkpt lat="43.384625" lon="-4.014905"></trkpt>
<trkpt lat="43.384661" lon="-4.015001"></trkpt>
<trkpt lat="43.384684" lon="-4.015230"></trkpt>
<trkpt lat="43.384696" lon="-4.015306"></trkpt>
<trkpt lat="43.384874" lon="-4.015912"></trkpt>
<trkpt lat="43.384918" lon="-4.016050"></trkpt>
<trkpt lat="43.384986" lon="-4.016197"></trkpt>
<trkpt lat="43.384952" lon="-4.016262"></trkpt>
<trkpt lat="43.384906" lon="-4.016602"></trkpt>
<trkpt lat="43.384783" lon="-4.017530"></trkpt>
<trkpt lat="43.384781" lon="-4.017682"></trkpt>
<trkpt lat="43.384779" lon="-4.017990"></trkpt>
<trkpt lat="43.384766" lon="-4.018641"></trkpt>
<trkpt lat="43.384572" lon="-4.019578"></trkpt>
<trkpt lat="43.384549" lon="-4.019750"></trkpt>
<trkpt lat="43.384560" lon="-4.019782"></trkpt>
<trkpt lat="43.384544" lon="-4.019891"></trkpt>
<trkpt lat="43.384508" lon="-4.019925"></trkpt>
<trkpt lat="43.384433" lon="-4.019912"></trkpt>
<trkpt lat="43.384403" lon="-4.019862"></trkpt>
<trkpt lat="43.384179" lon="-4.019786"></trkpt>
<trkpt lat="43.384022" lon="-4.019818"></trkpt>
<trkpt lat="43.383816" lon="-4.019914"></trkpt>
<trkpt lat="43.383530" lon="-4.020171"></trkpt>
<trkpt lat="43.380373" lon="-4.023439"></trkpt>
<trkpt lat="43.379995" lon="-4.023751"></trkpt>
<trkpt lat="43.380013" lon="-4.023804"></trkpt>
<trkpt lat="43.380069" lon="-4.024019"></trkpt>
<trkpt lat="43.380073" lon="-4.024459"></trkpt>
<trkpt lat="43.380014" lon="-4.024762"></trkpt>
<trkpt lat="43.379897" lon="-4.025129"></trkpt>
<trkpt lat="43.379973" lon="-4.026228"></trkpt>
<trkpt lat="43.379871" lon="-4.026820"></trkpt>
<trkpt lat="43.379731" lon="-4.027346"></trkpt>
<trkpt lat="43.379721" lon="-4.027482"></trkpt>
<trkpt lat="43.379748" lon="-4.028022"></trkpt>
<trkpt lat="43.379602" lon="-4.029220"></trkpt>
<trkpt lat="43.379627" lon="-4.029421"></trkpt>
<trkpt lat="43.379706" lon="-4.029641"></trkpt>
<trkpt lat="43.379817" lon="-4.030090"></trkpt>
<trkpt lat="43.379857" lon="-4.030392"></trkpt>
<trkpt lat="43.379731" lon="-4.031218"></trkpt>
<trkpt lat="43.379675" lon="-4.031540"></trkpt>
<trkpt lat="43.379560" lon="-4.032242"></trkpt>
<trkpt lat="43.379409" lon="-4.032766"></trkpt>
<trkpt lat="43.379313" lon="-4.032972"></trkpt>
<trkpt lat="43.379172" lon="-4.033223"></trkpt>
<trkpt lat="43.379029" lon="-4.033387"></trkpt>
<trkpt lat="43.378903" lon="-4.033487"></trkpt>
<trkpt lat="43.378810" lon="-4.033561"></trkpt>
<trkpt lat="43.378940" lon="-4.033905"></trkpt>
<trkpt lat="43.379116" lon="-4.034227"></trkpt>
<trkpt lat="43.379409" lon="-4.034686"></trkpt>
<trkpt lat="43.379582" lon="-4.035037"></trkpt>
<trkpt lat="43.379808" lon="-4.035639"></trkpt>
<trkpt lat="43.379853" lon="-4.035837"></trkpt>
<trkpt lat="43.379873" lon="-4.036069"></trkpt>
<trkpt lat="43.379854" lon="-4.036612"></trkpt>
<trkpt lat="43.379904" lon="-4.036831"></trkpt>
<trkpt lat="43.379825" lon="-4.036963"></trkpt>
<trkpt lat="43.379819" lon="-4.037282"></trkpt>
<trkpt lat="43.379032" lon="-4.037625"></trkpt>
<trkpt lat="43.379225" lon="-4.038485"></trkpt>
<trkpt lat="43.378789" lon="-4.038677"></trkpt>
<trkpt lat="43.378500" lon="-4.038795"></trkpt>
<trkpt lat="43.378364" lon="-4.038900"></trkpt>
<trkpt lat="43.374700" lon="-4.040459"></trkpt>
<trkpt lat="43.374636" lon="-4.040486"></trkpt>
<trkpt lat="43.374432" lon="-4.040544"></trkpt>
<trkpt lat="43.374126" lon="-4.040675"></trkpt>
<trkpt lat="43.373994" lon="-4.040725"></trkpt>
<trkpt lat="43.373945" lon="-4.040746"></trkpt>
<trkpt lat="43.373882" lon="-4.040812"></trkpt>
<trkpt lat="43.373699" lon="-4.040883"></trkpt>
<trkpt lat="43.373449" lon="-4.041007"></trkpt>
<trkpt lat="43.373322" lon="-4.041141"></trkpt>
<trkpt lat="43.373274" lon="-4.041235"></trkpt>
<trkpt lat="43.373262" lon="-4.041343"></trkpt>
<trkpt lat="43.373303" lon="-4.041653"></trkpt>
<trkpt lat="43.373427" lon="-4.042046"></trkpt>
<trkpt lat="43.373430" lon="-4.042131"></trkpt>
<trkpt lat="43.373455" lon="-4.042213"></trkpt>
<trkpt lat="43.373607" lon="-4.042715"></trkpt>
<trkpt lat="43.373698" lon="-4.042923"></trkpt>
<trkpt lat="43.373785" lon="-4.043035"></trkpt>
<trkpt lat="43.373979" lon="-4.043154"></trkpt>
<trkpt lat="43.374193" lon="-4.043215"></trkpt>
<trkpt lat="43.374508" lon="-4.043291"></trkpt>
<trkpt lat="43.374847" lon="-4.043373"></trkpt>
<trkpt lat="43.374955" lon="-4.043399"></trkpt>
<trkpt lat="43.375170" lon="-4.043453"></trkpt>
<trkpt lat="43.375457" lon="-4.043602"></trkpt>
<trkpt lat="43.375654" lon="-4.043817"></trkpt>
<trkpt lat="43.376641" lon="-4.045758"></trkpt>
<trkpt lat="43.376832" lon="-4.046133"></trkpt>
<trkpt lat="43.376890" lon="-4.046247"></trkpt>
<trkpt lat="43.377554" lon="-4.047527"></trkpt>
<trkpt lat="43.377646" lon="-4.047709"></trkpt>
<trkpt lat="43.377681" lon="-4.047780"></trkpt>
<trkpt lat="43.377948" lon="-4.048235"></trkpt>
<trkpt lat="43.378053" lon="-4.048332"></trkpt>
<trkpt lat="43.378084" lon="-4.048490"></trkpt>
<trkpt lat="43.378051" lon="-4.048606"></trkpt>
<trkpt lat="43.377998" lon="-4.048672"></trkpt>
<trkpt lat="43.377930" lon="-4.048703"></trkpt>
<trkpt lat="43.377799" lon="-4.048858"></trkpt>
<trkpt lat="43.377507" lon="-4.049351"></trkpt>
<trkpt lat="43.377448" lon="-4.049450"></trkpt>
<trkpt lat="43.377416" lon="-4.049508"></trkpt>
<trkpt lat="43.377012" lon="-4.050192"></trkpt>
<trkpt lat="43.376503" lon="-4.051058"></trkpt>
<trkpt lat="43.376399" lon="-4.051227"></trkpt>
<trkpt lat="43.376376" lon="-4.051313"></trkpt>
<trkpt lat="43.376380" lon="-4.051399"></trkpt>
<trkpt lat="43.376340" lon="-4.051530"></trkpt>
<trkpt lat="43.376340" lon="-4.052030"></trkpt>
<trkpt lat="43.376341" lon="-4.052236"></trkpt>
<trkpt lat="43.376341" lon="-4.052387"></trkpt>
<trkpt lat="43.376422" lon="-4.052685"></trkpt>
<trkpt lat="43.376420" lon="-4.052786"></trkpt>
<trkpt lat="43.376388" lon="-4.052866"></trkpt>
<trkpt lat="43.376270" lon="-4.052988"></trkpt>
<trkpt lat="43.376185" lon="-4.053227"></trkpt>
<trkpt lat="43.375756" lon="-4.053960"></trkpt>
<trkpt lat="43.375603" lon="-4.054252"></trkpt>
<trkpt lat="43.375524" lon="-4.054478"></trkpt>
<trkpt lat="43.375465" lon="-4.055026"></trkpt>
<trkpt lat="43.375500" lon="-4.055368"></trkpt>
<trkpt lat="43.375565" lon="-4.055623"></trkpt>
<trkpt lat="43.375836" lon="-4.056239"></trkpt>
<trkpt lat="43.376039" lon="-4.056626"></trkpt>
<trkpt lat="43.376276" lon="-4.056929"></trkpt>
<trkpt lat="43.376560" lon="-4.057202"></trkpt>
<trkpt lat="43.377184" lon="-4.057746"></trkpt>
<trkpt lat="43.377332" lon="-4.057907"></trkpt>
<trkpt lat="43.377534" lon="-4.058216"></trkpt>
<trkpt lat="43.377679" lon="-4.058545"></trkpt>
<trkpt lat="43.377957" lon="-4.059370"></trkpt>
<trkpt lat="43.378081" lon="-4.059748"></trkpt>
<trkpt lat="43.378161" lon="-4.059982"></trkpt>
<trkpt lat="43.378223" lon="-4.060178"></trkpt>
<trkpt lat="43.378392" lon="-4.060656"></trkpt>
<trkpt lat="43.378517" lon="-4.061018"></trkpt>
<trkpt lat="43.378870" lon="-4.062099"></trkpt>
<trkpt lat="43.378910" lon="-4.062315"></trkpt>
<trkpt lat="43.378927" lon="-4.062729"></trkpt>
<trkpt lat="43.378902" lon="-4.063519"></trkpt>
<trkpt lat="43.378945" lon="-4.063905"></trkpt>
<trkpt lat="43.378984" lon="-4.064060"></trkpt>
<trkpt lat="43.379150" lon="-4.064462"></trkpt>
<trkpt lat="43.379199" lon="-4.064569"></trkpt>
<trkpt lat="43.379353" lon="-4.064883"></trkpt>
<trkpt lat="43.379472" lon="-4.065281"></trkpt>
<trkpt lat="43.379527" lon="-4.065690"></trkpt>
<trkpt lat="43.379402" lon="-4.066814"></trkpt>
<trkpt lat="43.379420" lon="-4.067206"></trkpt>
<trkpt lat="43.379445" lon="-4.067375"></trkpt>
<trkpt lat="43.379592" lon="-4.067879"></trkpt>
<trkpt lat="43.379692" lon="-4.068455"></trkpt>
<trkpt lat="43.379731" lon="-4.068727"></trkpt>
<trkpt lat="43.379747" lon="-4.068853"></trkpt>
<trkpt lat="43.379806" lon="-4.069291"></trkpt>
<trkpt lat="43.379814" lon="-4.069754"></trkpt>
<trkpt lat="43.379700" lon="-4.070968"></trkpt>
<trkpt lat="43.379694" lon="-4.071013"></trkpt>
<trkpt lat="43.379530" lon="-4.072614"></trkpt>
<trkpt lat="43.379535" lon="-4.072972"></trkpt>
<trkpt lat="43.379570" lon="-4.073255"></trkpt>
<trkpt lat="43.379912" lon="-4.074546"></trkpt>
<trkpt lat="43.379959" lon="-4.074962"></trkpt>
<trkpt lat="43.379951" lon="-4.075330"></trkpt>
<trkpt lat="43.379904" lon="-4.076188"></trkpt>
<trkpt lat="43.379915" lon="-4.076507"></trkpt>
<trkpt lat="43.380027" lon="-4.077170"></trkpt>
<trkpt lat="43.380214" lon="-4.077831"></trkpt>
<trkpt lat="43.380245" lon="-4.077936"></trkpt>
<trkpt lat="43.380316" lon="-4.078178"></trkpt>
<trkpt lat="43.380571" lon="-4.079058"></trkpt>
<trkpt lat="43.380603" lon="-4.079171"></trkpt>
<trkpt lat="43.380770" lon="-4.079745"></trkpt>
<trkpt lat="43.380941" lon="-4.080313"></trkpt>
<trkpt lat="43.381151" lon="-4.081090"></trkpt>
<trkpt lat="43.381203" lon="-4.081369"></trkpt>
<trkpt lat="43.381229" lon="-4.081577"></trkpt>
<trkpt lat="43.381278" lon="-4.082400"></trkpt>
<trkpt lat="43.381326" lon="-4.083513"></trkpt>
<trkpt lat="43.381370" lon="-4.083806"></trkpt>
<trkpt lat="43.382139" lon="-4.087070"></trkpt>
<trkpt lat="43.382410" lon="-4.088242"></trkpt>
<trkpt lat="43.382654" lon="-4.089126"></trkpt>
<trkpt lat="43.383067" lon="-4.090139"></trkpt>
<trkpt lat="43.383825" lon="-4.092007"></trkpt>
<trkpt lat="43.384140" lon="-4.092927"></trkpt>
<trkpt lat="43.384308" lon="-4.093577"></trkpt>
<trkpt lat="43.384502" lon="-4.094045"></trkpt>
<trkpt lat="43.384754" lon="-4.094549"></trkpt>
<trkpt lat="43.385061" lon="-4.095063"></trkpt>
<trkpt lat="43.385230" lon="-4.095314"></trkpt>
<trkpt lat="43.385352" lon="-4.095411"></trkpt>
<trkpt lat="43.385460" lon="-4.095423"></trkpt>
<trkpt lat="43.385554" lon="-4.095500"></trkpt>
<trkpt lat="43.385607" lon="-4.095606"></trkpt>
<trkpt lat="43.385625" lon="-4.095775"></trkpt>
<trkpt lat="43.385606" lon="-4.095867"></trkpt>
<trkpt lat="43.385596" lon="-4.096097"></trkpt>
<trkpt lat="43.385638" lon="-4.096368"></trkpt>
<trkpt lat="43.385753" lon="-4.096920"></trkpt>
<trkpt lat="43.385802" lon="-4.097158"></trkpt>
<trkpt lat="43.385818" lon="-4.097239"></trkpt>
<trkpt lat="43.385845" lon="-4.097367"></trkpt>
<trkpt lat="43.385993" lon="-4.098011"></trkpt>
<trkpt lat="43.386029" lon="-4.098131"></trkpt>
<trkpt lat="43.386091" lon="-4.098327"></trkpt>
<trkpt lat="43.386308" lon="-4.098840"></trkpt>
<trkpt lat="43.386854" lon="-4.099954"></trkpt>
<trkpt lat="43.387144" lon="-4.100543"></trkpt>
<trkpt lat="43.387499" lon="-4.101260"></trkpt>
<trkpt lat="43.387829" lon="-4.102016"></trkpt>
<trkpt lat="43.387900" lon="-4.102281"></trkpt>
<trkpt lat="43.387944" lon="-4.102695"></trkpt>
<trkpt lat="43.387936" lon="-4.102989"></trkpt>
<trkpt lat="43.387888" lon="-4.103315"></trkpt>
<trkpt lat="43.387659" lon="-4.104308"></trkpt>
<trkpt lat="43.387647" lon="-4.104447"></trkpt>
<trkpt lat="43.387661" lon="-4.104831"></trkpt>
<trkpt lat="43.387732" lon="-4.105156"></trkpt>
<trkpt lat="43.387753" lon="-4.105221"></trkpt>
<trkpt lat="43.387987" lon="-4.105922"></trkpt>
<trkpt lat="43.388341" lon="-4.106951"></trkpt>
<trkpt lat="43.388415" lon="-4.107175"></trkpt>
<trkpt lat="43.388709" lon="-4.108055"></trkpt>
<trkpt lat="43.389011" lon="-4.109136"></trkpt>
<trkpt lat="43.389188" lon="-4.109551"></trkpt>
<trkpt lat="43.389284" lon="-4.109698"></trkpt>
<trkpt lat="43.389543" lon="-4.110046"></trkpt>
<trkpt lat="43.389939" lon="-4.110485"></trkpt>
<trkpt lat="43.390185" lon="-4.110949"></trkpt>
<trkpt lat="43.390375" lon="-4.111203"></trkpt>
<trkpt lat="43.392538" lon="-4.113185"></trkpt>
<trkpt lat="43.392665" lon="-4.113377"></trkpt>
<trkpt lat="43.392703" lon="-4.113443"></trkpt>
<trkpt lat="43.392885" lon="-4.113912"></trkpt>
<trkpt lat="43.392961" lon="-4.114097"></trkpt>
<trkpt lat="43.393028" lon="-4.114294"></trkpt>
<trkpt lat="43.393351" lon="-4.115559"></trkpt>
<trkpt lat="43.393427" lon="-4.115982"></trkpt>
<trkpt lat="43.393394" lon="-4.116346"></trkpt>
<trkpt lat="43.393278" lon="-4.116682"></trkpt>
<trkpt lat="43.393263" lon="-4.116784"></trkpt>
<trkpt lat="43.393304" lon="-4.116963"></trkpt>
<trkpt lat="43.393400" lon="-4.117136"></trkpt>
<trkpt lat="43.393464" lon="-4.117151"></trkpt>
<trkpt lat="43.393550" lon="-4.117219"></trkpt>
<trkpt lat="43.393622" lon="-4.117391"></trkpt>
<trkpt lat="43.393611" lon="-4.117575"></trkpt>
<trkpt lat="43.393529" lon="-4.117721"></trkpt>
<trkpt lat="43.393453" lon="-4.117930"></trkpt>
<trkpt lat="43.393434" lon="-4.118240"></trkpt>
<trkpt lat="43.393454" lon="-4.118382"></trkpt>
<trkpt lat="43.393598" lon="-4.118823"></trkpt>
<trkpt lat="43.393658" lon="-4.119165"></trkpt>
<trkpt lat="43.393688" lon="-4.119525"></trkpt>
<trkpt lat="43.393654" lon="-4.120019"></trkpt>
<trkpt lat="43.393594" lon="-4.120163"></trkpt>
<trkpt lat="43.393513" lon="-4.120484"></trkpt>
<trkpt lat="43.393388" lon="-4.120808"></trkpt>
<trkpt lat="43.393069" lon="-4.121537"></trkpt>
<trkpt lat="43.392915" lon="-4.121980"></trkpt>
<trkpt lat="43.392854" lon="-4.122295"></trkpt>
<trkpt lat="43.392804" lon="-4.122752"></trkpt>
<trkpt lat="43.392749" lon="-4.123280"></trkpt>
<trkpt lat="43.392674" lon="-4.123565"></trkpt>
<trkpt lat="43.392237" lon="-4.124574"></trkpt>
<trkpt lat="43.392183" lon="-4.124828"></trkpt>
<trkpt lat="43.392160" lon="-4.125278"></trkpt>
<trkpt lat="43.392181" lon="-4.125494"></trkpt>
<trkpt lat="43.392247" lon="-4.125754"></trkpt>
<trkpt lat="43.392684" lon="-4.126900"></trkpt>
<trkpt lat="43.392925" lon="-4.127662"></trkpt>
<trkpt lat="43.393029" lon="-4.128142"></trkpt>
<trkpt lat="43.393072" lon="-4.128466"></trkpt>
<trkpt lat="43.393137" lon="-4.129290"></trkpt>
<trkpt lat="43.393130" lon="-4.129713"></trkpt>
<trkpt lat="43.393064" lon="-4.130672"></trkpt>
<trkpt lat="43.393044" lon="-4.130915"></trkpt>
<trkpt lat="43.393046" lon="-4.131452"></trkpt>
<trkpt lat="43.393064" lon="-4.131539"></trkpt>
<trkpt lat="43.393169" lon="-4.131963"></trkpt>
<trkpt lat="43.393481" lon="-4.132967"></trkpt>
<trkpt lat="43.393538" lon="-4.133153"></trkpt>
<trkpt lat="43.394053" lon="-4.134835"></trkpt>
<trkpt lat="43.394515" lon="-4.136304"></trkpt>
<trkpt lat="43.394903" lon="-4.137578"></trkpt>
<trkpt lat="43.394986" lon="-4.137828"></trkpt>
<trkpt lat="43.395319" lon="-4.138794"></trkpt>
<trkpt lat="43.395478" lon="-4.139224"></trkpt>
<trkpt lat="43.395653" lon="-4.139778"></trkpt>
<trkpt lat="43.395765" lon="-4.140341"></trkpt>
<trkpt lat="43.395822" lon="-4.140701"></trkpt>
<trkpt lat="43.395945" lon="-4.141474"></trkpt>
<trkpt lat="43.396380" lon="-4.144373"></trkpt>
<trkpt lat="43.396399" lon="-4.144825"></trkpt>
<trkpt lat="43.396371" lon="-4.145273"></trkpt>
<trkpt lat="43.396333" lon="-4.145560"></trkpt>
<trkpt lat="43.396246" lon="-4.146095"></trkpt>
<trkpt lat="43.396168" lon="-4.146790"></trkpt>
<trkpt lat="43.396176" lon="-4.147331"></trkpt>
<trkpt lat="43.396191" lon="-4.147489"></trkpt>
<trkpt lat="43.396327" lon="-4.148758"></trkpt>
<trkpt lat="43.396380" lon="-4.149248"></trkpt>
<trkpt lat="43.396412" lon="-4.149376"></trkpt>
<trkpt lat="43.396549" lon="-4.150695"></trkpt>
<trkpt lat="43.396562" lon="-4.150882"></trkpt>
<trkpt lat="43.396568" lon="-4.151037"></trkpt>
<trkpt lat="43.396576" lon="-4.151756"></trkpt>
<trkpt lat="43.396537" lon="-4.152414"></trkpt>
<trkpt lat="43.396394" lon="-4.153579"></trkpt>
<trkpt lat="43.396321" lon="-4.153962"></trkpt>
<trkpt lat="43.396267" lon="-4.154378"></trkpt>
<trkpt lat="43.396238" lon="-4.154584"></trkpt>
<trkpt lat="43.396176" lon="-4.155047"></trkpt>
<trkpt lat="43.396121" lon="-4.155461"></trkpt>
<trkpt lat="43.396013" lon="-4.156238"></trkpt>
<trkpt lat="43.395907" lon="-4.157004"></trkpt>
<trkpt lat="43.395835" lon="-4.157699"></trkpt>
<trkpt lat="43.395806" lon="-4.158247"></trkpt>
<trkpt lat="43.395810" lon="-4.158701"></trkpt>
<trkpt lat="43.395874" lon="-4.159487"></trkpt>
<trkpt lat="43.395910" lon="-4.159704"></trkpt>
<trkpt lat="43.395994" lon="-4.160134"></trkpt>
<trkpt lat="43.396015" lon="-4.160233"></trkpt>
<trkpt lat="43.396033" lon="-4.160316"></trkpt>
<trkpt lat="43.396260" lon="-4.161049"></trkpt>
<trkpt lat="43.397011" lon="-4.162976"></trkpt>
<trkpt lat="43.397333" lon="-4.163770"></trkpt>
<trkpt lat="43.397782" lon="-4.164948"></trkpt>
<trkpt lat="43.397942" lon="-4.165475"></trkpt>
<trkpt lat="43.397959" lon="-4.165627"></trkpt>
<trkpt lat="43.398080" lon="-4.166284"></trkpt>
<trkpt lat="43.398129" lon="-4.166794"></trkpt>
<trkpt lat="43.398142" lon="-4.167472"></trkpt>
<trkpt lat="43.398097" lon="-4.168060"></trkpt>
<trkpt lat="43.398026" lon="-4.168797"></trkpt>
<trkpt lat="43.397993" lon="-4.169066"></trkpt>
<trkpt lat="43.397872" lon="-4.170431"></trkpt>
<trkpt lat="43.397616" lon="-4.172797"></trkpt>
<trkpt lat="43.397491" lon="-4.173546"></trkpt>
<trkpt lat="43.397408" lon="-4.173903"></trkpt>
<trkpt lat="43.397267" lon="-4.174335"></trkpt>
<trkpt lat="43.396859" lon="-4.175401"></trkpt>
<trkpt lat="43.396583" lon="-4.175520"></trkpt>
<trkpt lat="43.396397" lon="-4.176001"></trkpt>
<trkpt lat="43.396115" lon="-4.176379"></trkpt>
<trkpt lat="43.395924" lon="-4.176580"></trkpt>
<trkpt lat="43.395738" lon="-4.176708"></trkpt>
<trkpt lat="43.395567" lon="-4.176950"></trkpt>
<trkpt lat="43.394976" lon="-4.177511"></trkpt>
<trkpt lat="43.394545" lon="-4.177757"></trkpt>
<trkpt lat="43.394073" lon="-4.178204"></trkpt>
<trkpt lat="43.393438" lon="-4.178564"></trkpt>
<trkpt lat="43.393222" lon="-4.178768"></trkpt>
<trkpt lat="43.392804" lon="-4.178931"></trkpt>
<trkpt lat="43.392560" lon="-4.178979"></trkpt>
<trkpt lat="43.392404" lon="-4.179083"></trkpt>
<trkpt lat="43.391750" lon="-4.179696"></trkpt>
<trkpt lat="43.391443" lon="-4.180530"></trkpt>
<trkpt lat="43.391295" lon="-4.180582"></trkpt>
<trkpt lat="43.391217" lon="-4.180548"></trkpt>
<trkpt lat="43.391023" lon="-4.180326"></trkpt>
<trkpt lat="43.390719" lon="-4.180295"></trkpt>
<trkpt lat="43.390598" lon="-4.180253"></trkpt>
<trkpt lat="43.390391" lon="-4.180066"></trkpt>
<trkpt lat="43.390218" lon="-4.180056"></trkpt>
<trkpt lat="43.389657" lon="-4.180122"></trkpt>
<trkpt lat="43.389234" lon="-4.180264"></trkpt>
<trkpt lat="43.388647" lon="-4.180666"></trkpt>
<trkpt lat="43.388369" lon="-4.180674"></trkpt>
<trkpt lat="43.388230" lon="-4.180674"></trkpt>
<trkpt lat="43.388140" lon="-4.180730"></trkpt>
<trkpt lat="43.388047" lon="-4.180803"></trkpt>
<trkpt lat="43.388090" lon="-4.181018"></trkpt>
<trkpt lat="43.388085" lon="-4.181198"></trkpt>
<trkpt lat="43.388059" lon="-4.181349"></trkpt>
<trkpt lat="43.388009" lon="-4.181440"></trkpt>
<trkpt lat="43.387553" lon="-4.181756"></trkpt>
<trkpt lat="43.386717" lon="-4.183010"></trkpt>
<trkpt lat="43.386478" lon="-4.183484"></trkpt>
<trkpt lat="43.386012" lon="-4.184052"></trkpt>
<trkpt lat="43.385937" lon="-4.184077"></trkpt>
<trkpt lat="43.385895" lon="-4.184660"></trkpt>
<trkpt lat="43.385728" lon="-4.185114"></trkpt>
<trkpt lat="43.385601" lon="-4.185270"></trkpt>
<trkpt lat="43.385519" lon="-4.185450"></trkpt>
<trkpt lat="43.385217" lon="-4.185948"></trkpt>
<trkpt lat="43.384901" lon="-4.186225"></trkpt>
<trkpt lat="43.384740" lon="-4.186330"></trkpt>
<trkpt lat="43.384666" lon="-4.186362"></trkpt>
<trkpt lat="43.384589" lon="-4.186351"></trkpt>
<trkpt lat="43.384366" lon="-4.186857"></trkpt>
<trkpt lat="43.384275" lon="-4.186958"></trkpt>
<trkpt lat="43.384229" lon="-4.187199"></trkpt>
<trkpt lat="43.384202" lon="-4.187268"></trkpt>
<trkpt lat="43.384136" lon="-4.187435"></trkpt>
<trkpt lat="43.383881" lon="-4.187808"></trkpt>
<trkpt lat="43.383827" lon="-4.187952"></trkpt>
<trkpt lat="43.383579" lon="-4.188349"></trkpt>
<trkpt lat="43.383462" lon="-4.188612"></trkpt>
<trkpt lat="43.383392" lon="-4.188919"></trkpt>
<trkpt lat="43.383482" lon="-4.189053"></trkpt>
<trkpt lat="43.383482" lon="-4.189146"></trkpt>
<trkpt lat="43.383513" lon="-4.189225"></trkpt>
<trkpt lat="43.383893" lon="-4.189380"></trkpt>
<trkpt lat="43.384008" lon="-4.189380"></trkpt>
<trkpt lat="43.384118" lon="-4.189357"></trkpt>
<trkpt lat="43.384543" lon="-4.189114"></trkpt>
<trkpt lat="43.384672" lon="-4.188837"></trkpt>
<trkpt lat="43.384697" lon="-4.188821"></trkpt>
<trkpt lat="43.384737" lon="-4.188832"></trkpt>
<trkpt lat="43.384768" lon="-4.188892"></trkpt>
<trkpt lat="43.384788" lon="-4.188995"></trkpt>
<trkpt lat="43.384788" lon="-4.189334"></trkpt>
<trkpt lat="43.384823" lon="-4.189461"></trkpt>
<trkpt lat="43.384781" lon="-4.189587"></trkpt>
<trkpt lat="43.384675" lon="-4.189755"></trkpt>
<trkpt lat="43.384829" lon="-4.190039"></trkpt>
<trkpt lat="43.385054" lon="-4.190679"></trkpt>
<trkpt lat="43.385120" lon="-4.190777"></trkpt>
<trkpt lat="43.385290" lon="-4.190908"></trkpt>
<trkpt lat="43.385329" lon="-4.190938"></trkpt>
<trkpt lat="43.385411" lon="-4.191165"></trkpt>
<trkpt lat="43.385417" lon="-4.191374"></trkpt>
<trkpt lat="43.385357" lon="-4.192364"></trkpt>
<trkpt lat="43.385360" lon="-4.192557"></trkpt>
<trkpt lat="43.385416" lon="-4.192797"></trkpt>
<trkpt lat="43.385657" lon="-4.193261"></trkpt>
<trkpt lat="43.385708" lon="-4.193445"></trkpt>
<trkpt lat="43.385711" lon="-4.193660"></trkpt>
<trkpt lat="43.385646" lon="-4.194438"></trkpt>
<trkpt lat="43.385563" lon="-4.195053"></trkpt>
<trkpt lat="43.385379" lon="-4.195900"></trkpt>
<trkpt lat="43.385253" lon="-4.196262"></trkpt>
<trkpt lat="43.385127" lon="-4.196772"></trkpt>
<trkpt lat="43.384961" lon="-4.197807"></trkpt>
<trkpt lat="43.384930" lon="-4.198215"></trkpt>
<trkpt lat="43.384924" lon="-4.199686"></trkpt>
<trkpt lat="43.384907" lon="-4.199895"></trkpt>
<trkpt lat="43.384457" lon="-4.201866"></trkpt>
<trkpt lat="43.384270" lon="-4.202568"></trkpt>
<trkpt lat="43.384190" lon="-4.202796"></trkpt>
<trkpt lat="43.384092" lon="-4.202983"></trkpt>
<trkpt lat="43.383916" lon="-4.203203"></trkpt>
<trkpt lat="43.383357" lon="-4.203845"></trkpt>
<trkpt lat="43.383249" lon="-4.204014"></trkpt>
<trkpt lat="43.383063" lon="-4.204483"></trkpt>
<trkpt lat="43.383024" lon="-4.204928"></trkpt>
<trkpt lat="43.382954" lon="-4.205196"></trkpt>
<trkpt lat="43.382788" lon="-4.205652"></trkpt>
<trkpt lat="43.382532" lon="-4.206377"></trkpt>
<trkpt lat="43.382478" lon="-4.206578"></trkpt>
<trkpt lat="43.382375" lon="-4.207066"></trkpt>
<trkpt lat="43.382378" lon="-4.207283"></trkpt>
<trkpt lat="43.382460" lon="-4.207824"></trkpt>
<trkpt lat="43.382533" lon="-4.208177"></trkpt>
<trkpt lat="43.382613" lon="-4.208416"></trkpt>
<trkpt lat="43.382857" lon="-4.209113"></trkpt>
<trkpt lat="43.382916" lon="-4.209208"></trkpt>
<trkpt lat="43.382999" lon="-4.209247"></trkpt>
<trkpt lat="43.383103" lon="-4.209243"></trkpt>
<trkpt lat="43.383497" lon="-4.209104"></trkpt>
<trkpt lat="43.383826" lon="-4.208981"></trkpt>
<trkpt lat="43.383943" lon="-4.208967"></trkpt>
<trkpt lat="43.384146" lon="-4.209024"></trkpt>
<trkpt lat="43.384226" lon="-4.209099"></trkpt>
<trkpt lat="43.384437" lon="-4.209393"></trkpt>
<trkpt lat="43.384666" lon="-4.209783"></trkpt>
<trkpt lat="43.384859" lon="-4.210283"></trkpt>
<trkpt lat="43.384952" lon="-4.210517"></trkpt>
<trkpt lat="43.385207" lon="-4.210914"></trkpt>
<trkpt lat="43.385513" lon="-4.211298"></trkpt>
<trkpt lat="43.386371" lon="-4.212517"></trkpt>
<trkpt lat="43.386643" lon="-4.212744"></trkpt>
<trkpt lat="43.386900" lon="-4.212814"></trkpt>
<trkpt lat="43.387143" lon="-4.212801"></trkpt>
<trkpt lat="43.387312" lon="-4.212758"></trkpt>
<trkpt lat="43.387339" lon="-4.212699"></trkpt>
<trkpt lat="43.387462" lon="-4.212681"></trkpt>
<trkpt lat="43.387565" lon="-4.213073"></trkpt>
<trkpt lat="43.387615" lon="-4.213303"></trkpt>
<trkpt lat="43.387667" lon="-4.213761"></trkpt>
<trkpt lat="43.387647" lon="-4.214262"></trkpt>
<trkpt lat="43.387623" lon="-4.214420"></trkpt>
<trkpt lat="43.387588" lon="-4.214586"></trkpt>
<trkpt lat="43.387326" lon="-4.215404"></trkpt>
<trkpt lat="43.387201" lon="-4.215712"></trkpt>
<trkpt lat="43.387109" lon="-4.215975"></trkpt>
<trkpt lat="43.387063" lon="-4.216247"></trkpt>
<trkpt lat="43.387040" lon="-4.216598"></trkpt>
<trkpt lat="43.387047" lon="-4.216924"></trkpt>
<trkpt lat="43.387024" lon="-4.217303"></trkpt>
<trkpt lat="43.386985" lon="-4.217474"></trkpt>
<trkpt lat="43.386925" lon="-4.217597"></trkpt>
<trkpt lat="43.386840" lon="-4.217732"></trkpt>
<trkpt lat="43.386695" lon="-4.217886"></trkpt>
<trkpt lat="43.386216" lon="-4.218253"></trkpt>
<trkpt lat="43.386058" lon="-4.218463"></trkpt>
<trkpt lat="43.385947" lon="-4.218713"></trkpt>
<trkpt lat="43.385901" lon="-4.218936"></trkpt>
<trkpt lat="43.385897" lon="-4.219145"></trkpt>
<trkpt lat="43.385952" lon="-4.219522"></trkpt>
<trkpt lat="43.386045" lon="-4.219730"></trkpt>
<trkpt lat="43.386207" lon="-4.219928"></trkpt>
<trkpt lat="43.387196" lon="-4.220805"></trkpt>
<trkpt lat="43.387357" lon="-4.221110"></trkpt>
<trkpt lat="43.387415" lon="-4.221356"></trkpt>
<trkpt lat="43.387420" lon="-4.221633"></trkpt>
<trkpt lat="43.387358" lon="-4.221940"></trkpt>
<trkpt lat="43.387240" lon="-4.222285"></trkpt>
<trkpt lat="43.387028" lon="-4.222777"></trkpt>
<trkpt lat="43.386837" lon="-4.223084"></trkpt>
<trkpt lat="43.386727" lon="-4.223212"></trkpt>
<trkpt lat="43.386460" lon="-4.223384"></trkpt>
<trkpt lat="43.385699" lon="-4.223728"></trkpt>
<trkpt lat="43.385658" lon="-4.223748"></trkpt>
<trkpt lat="43.385386" lon="-4.223879"></trkpt>
<trkpt lat="43.385259" lon="-4.223980"></trkpt>
<trkpt lat="43.385092" lon="-4.224190"></trkpt>
<trkpt lat="43.384970" lon="-4.224468"></trkpt>
<trkpt lat="43.384905" lon="-4.224811"></trkpt>
<trkpt lat="43.384902" lon="-4.224986"></trkpt>
<trkpt lat="43.384930" lon="-4.225215"></trkpt>
<trkpt lat="43.385012" lon="-4.225476"></trkpt>
<trkpt lat="43.385283" lon="-4.226217"></trkpt>
<trkpt lat="43.385426" lon="-4.226528"></trkpt>
<trkpt lat="43.385621" lon="-4.226848"></trkpt>
<trkpt lat="43.385831" lon="-4.227156"></trkpt>
<trkpt lat="43.385958" lon="-4.227335"></trkpt>
<trkpt lat="43.386241" lon="-4.227777"></trkpt>
<trkpt lat="43.386540" lon="-4.228407"></trkpt>
<trkpt lat="43.386721" lon="-4.228805"></trkpt>
<trkpt lat="43.387379" lon="-4.230453"></trkpt>
<trkpt lat="43.387531" lon="-4.230915"></trkpt>
<trkpt lat="43.387574" lon="-4.231161"></trkpt>
<trkpt lat="43.387610" lon="-4.231254"></trkpt>
<trkpt lat="43.387635" lon="-4.231494"></trkpt>
<trkpt lat="43.387644" lon="-4.231845"></trkpt>
<trkpt lat="43.387626" lon="-4.232068"></trkpt>
<trkpt lat="43.387524" lon="-4.232559"></trkpt>
<trkpt lat="43.387380" lon="-4.232929"></trkpt>
<trkpt lat="43.387322" lon="-4.233041"></trkpt>
<trkpt lat="43.387279" lon="-4.233123"></trkpt>
<trkpt lat="43.387203" lon="-4.233262"></trkpt>
<trkpt lat="43.386927" lon="-4.233769"></trkpt>
<trkpt lat="43.386642" lon="-4.234376"></trkpt>
<trkpt lat="43.386544" lon="-4.235034"></trkpt>
<trkpt lat="43.386492" lon="-4.235685"></trkpt>
<trkpt lat="43.386552" lon="-4.236288"></trkpt>
<trkpt lat="43.386758" lon="-4.237136"></trkpt>
<trkpt lat="43.387028" lon="-4.238020"></trkpt>
<trkpt lat="43.387163" lon="-4.238458"></trkpt>
<trkpt lat="43.387962" lon="-4.241023"></trkpt>
<trkpt lat="43.388191" lon="-4.241682"></trkpt>
<trkpt lat="43.388328" lon="-4.242012"></trkpt>
<trkpt lat="43.388349" lon="-4.242060"></trkpt>
<trkpt lat="43.388571" lon="-4.242587"></trkpt>
<trkpt lat="43.388693" lon="-4.242999"></trkpt>
<trkpt lat="43.388784" lon="-4.243326"></trkpt>
<trkpt lat="43.388829" lon="-4.243496"></trkpt>
<trkpt lat="43.388870" lon="-4.243653"></trkpt>
<trkpt lat="43.388885" lon="-4.243715"></trkpt>
<trkpt lat="43.389169" lon="-4.244899"></trkpt>
<trkpt lat="43.389397" lon="-4.245852"></trkpt>
<trkpt lat="43.389808" lon="-4.247659"></trkpt>
<trkpt lat="43.389839" lon="-4.247956"></trkpt>
<trkpt lat="43.389870" lon="-4.248164"></trkpt>
<trkpt lat="43.389856" lon="-4.248647"></trkpt>
<trkpt lat="43.389837" lon="-4.248842"></trkpt>
<trkpt lat="43.389815" lon="-4.249013"></trkpt>
<trkpt lat="43.389692" lon="-4.249730"></trkpt>
<trkpt lat="43.389656" lon="-4.249826"></trkpt>
<trkpt lat="43.389615" lon="-4.250108"></trkpt>
<trkpt lat="43.389538" lon="-4.250804"></trkpt>
<trkpt lat="43.389514" lon="-4.251250"></trkpt>
<trkpt lat="43.389540" lon="-4.252113"></trkpt>
<trkpt lat="43.389603" lon="-4.252677"></trkpt>
<trkpt lat="43.389813" lon="-4.253824"></trkpt>
<trkpt lat="43.389965" lon="-4.254718"></trkpt>
<trkpt lat="43.390020" lon="-4.255665"></trkpt>
<trkpt lat="43.390104" lon="-4.258271"></trkpt>
<trkpt lat="43.390091" lon="-4.259152"></trkpt>
<trkpt lat="43.389982" lon="-4.259930"></trkpt>
<trkpt lat="43.389550" lon="-4.262610"></trkpt>
<trkpt lat="43.389474" lon="-4.263031"></trkpt>
<trkpt lat="43.389294" lon="-4.263768"></trkpt>
<trkpt lat="43.389185" lon="-4.264199"></trkpt>
<trkpt lat="43.389152" lon="-4.264336"></trkpt>
<trkpt lat="43.389111" lon="-4.264492"></trkpt>
<trkpt lat="43.388812" lon="-4.265623"></trkpt>
<trkpt lat="43.388384" lon="-4.267251"></trkpt>
<trkpt lat="43.388374" lon="-4.267375"></trkpt>
<trkpt lat="43.388267" lon="-4.267804"></trkpt>
<trkpt lat="43.388174" lon="-4.268350"></trkpt>
<trkpt lat="43.388153" lon="-4.269068"></trkpt>
<trkpt lat="43.388164" lon="-4.269573"></trkpt>
<trkpt lat="43.388149" lon="-4.269679"></trkpt>
<trkpt lat="43.388151" lon="-4.269771"></trkpt>
<trkpt lat="43.388171" lon="-4.270482"></trkpt>
<trkpt lat="43.388181" lon="-4.270840"></trkpt>
<trkpt lat="43.388207" lon="-4.271845"></trkpt>
<trkpt lat="43.388212" lon="-4.272063"></trkpt>
<trkpt lat="43.388216" lon="-4.272219"></trkpt>
<trkpt lat="43.388247" lon="-4.273465"></trkpt>
<trkpt lat="43.388267" lon="-4.274328"></trkpt>
<trkpt lat="43.388278" lon="-4.274721"></trkpt>
<trkpt lat="43.388286" lon="-4.275018"></trkpt>
<trkpt lat="43.388304" lon="-4.275688"></trkpt>
<trkpt lat="43.388335" lon="-4.276784"></trkpt>
<trkpt lat="43.388374" lon="-4.277818"></trkpt>
<trkpt lat="43.388340" lon="-4.278141"></trkpt>
<trkpt lat="43.388199" lon="-4.278604"></trkpt>
<trkpt lat="43.387597" lon="-4.279889"></trkpt>
<trkpt lat="43.387500" lon="-4.280225"></trkpt>
<trkpt lat="43.387391" lon="-4.280369"></trkpt>
<trkpt lat="43.387136" lon="-4.280569"></trkpt>
<trkpt lat="43.387100" lon="-4.280641"></trkpt>
<trkpt lat="43.387062" lon="-4.280719"></trkpt>
<trkpt lat="43.387013" lon="-4.280905"></trkpt>
<trkpt lat="43.387007" lon="-4.281333"></trkpt>
<trkpt lat="43.387015" lon="-4.281394"></trkpt>
<trkpt lat="43.387109" lon="-4.281678"></trkpt>
<trkpt lat="43.387234" lon="-4.281931"></trkpt>
<trkpt lat="43.387397" lon="-4.282152"></trkpt>
<trkpt lat="43.387562" lon="-4.282388"></trkpt>
<trkpt lat="43.388052" lon="-4.283149"></trkpt>
<trkpt lat="43.388080" lon="-4.283194"></trkpt>
<trkpt lat="43.388163" lon="-4.283422"></trkpt>
<trkpt lat="43.388380" lon="-4.285102"></trkpt>
<trkpt lat="43.388426" lon="-4.285802"></trkpt>
<trkpt lat="43.388419" lon="-4.286386"></trkpt>
<trkpt lat="43.388412" lon="-4.286713"></trkpt>
<trkpt lat="43.388407" lon="-4.287210"></trkpt>
<trkpt lat="43.388437" lon="-4.287643"></trkpt>
<trkpt lat="43.388523" lon="-4.288256"></trkpt>
<trkpt lat="43.388717" lon="-4.289392"></trkpt>
<trkpt lat="43.388871" lon="-4.289758"></trkpt>
<trkpt lat="43.388943" lon="-4.289871"></trkpt>
<trkpt lat="43.389256" lon="-4.290278"></trkpt>
<trkpt lat="43.389277" lon="-4.290302"></trkpt>
<trkpt lat="43.389469" lon="-4.290526"></trkpt>
<trkpt lat="43.389938" lon="-4.291156"></trkpt>
<trkpt lat="43.390159" lon="-4.291524"></trkpt>
<trkpt lat="43.390335" lon="-4.291818"></trkpt>
<trkpt lat="43.390432" lon="-4.291986"></trkpt>
<trkpt lat="43.390493" lon="-4.292090"></trkpt>
<trkpt lat="43.390639" lon="-4.292399"></trkpt>
<trkpt lat="43.390673" lon="-4.292518"></trkpt>
<trkpt lat="43.390799" lon="-4.292778"></trkpt>
<trkpt lat="43.390865" lon="-4.292850"></trkpt>
<trkpt lat="43.390890" lon="-4.292871"></trkpt>
<trkpt lat="43.390948" lon="-4.292955"></trkpt>
<trkpt lat="43.390976" lon="-4.293064"></trkpt>
<trkpt lat="43.390968" lon="-4.293188"></trkpt>
<trkpt lat="43.390886" lon="-4.293340"></trkpt>
<trkpt lat="43.390703" lon="-4.293648"></trkpt>
<trkpt lat="43.390653" lon="-4.293824"></trkpt>
<trkpt lat="43.390495" lon="-4.294126"></trkpt>
<trkpt lat="43.390210" lon="-4.294411"></trkpt>
<trkpt lat="43.389971" lon="-4.294537"></trkpt>
<trkpt lat="43.389795" lon="-4.294583"></trkpt>
<trkpt lat="43.389569" lon="-4.294587"></trkpt>
<trkpt lat="43.389134" lon="-4.294464"></trkpt>
<trkpt lat="43.388831" lon="-4.294340"></trkpt>
<trkpt lat="43.388205" lon="-4.294077"></trkpt>
<trkpt lat="43.387843" lon="-4.294016"></trkpt>
<trkpt lat="43.387609" lon="-4.294060"></trkpt>
<trkpt lat="43.387253" lon="-4.294268"></trkpt>
<trkpt lat="43.386730" lon="-4.294644"></trkpt>
<trkpt lat="43.386409" lon="-4.294915"></trkpt>
<trkpt lat="43.386242" lon="-4.295105"></trkpt>
<trkpt lat="43.386142" lon="-4.295230"></trkpt>
<trkpt lat="43.386073" lon="-4.295321"></trkpt>
<trkpt lat="43.386018" lon="-4.295393"></trkpt>
<trkpt lat="43.385922" lon="-4.295535"></trkpt>
<trkpt lat="43.385667" lon="-4.295882"></trkpt>
<trkpt lat="43.384943" lon="-4.296672"></trkpt>
<trkpt lat="43.384756" lon="-4.297061"></trkpt>
<trkpt lat="43.384753" lon="-4.297110"></trkpt>
<trkpt lat="43.384686" lon="-4.297256"></trkpt>
<trkpt lat="43.384629" lon="-4.297295"></trkpt>
<trkpt lat="43.384430" lon="-4.297472"></trkpt>
<trkpt lat="43.384342" lon="-4.297654"></trkpt>
<trkpt lat="43.384334" lon="-4.297677"></trkpt>
<trkpt lat="43.384188" lon="-4.298381"></trkpt>
<trkpt lat="43.384020" lon="-4.299173"></trkpt>
<trkpt lat="43.383489" lon="-4.301900"></trkpt>
<trkpt lat="43.383044" lon="-4.303398"></trkpt>
<trkpt lat="43.382935" lon="-4.303974"></trkpt>
<trkpt lat="43.382869" lon="-4.304308"></trkpt>
<trkpt lat="43.382730" lon="-4.304882"></trkpt>
<trkpt lat="43.382528" lon="-4.305363"></trkpt>
<trkpt lat="43.382283" lon="-4.306061"></trkpt>
<trkpt lat="43.381925" lon="-4.306965"></trkpt>
<trkpt lat="43.381264" lon="-4.308488"></trkpt>
<trkpt lat="43.379530" lon="-4.312742"></trkpt>
<trkpt lat="43.379207" lon="-4.313629"></trkpt>
<trkpt lat="43.379061" lon="-4.314101"></trkpt>
<trkpt lat="43.379052" lon="-4.314133"></trkpt>
<trkpt lat="43.379032" lon="-4.314195"></trkpt>
<trkpt lat="43.379012" lon="-4.314260"></trkpt>
<trkpt lat="43.378916" lon="-4.314705"></trkpt>
<trkpt lat="43.378871" lon="-4.315137"></trkpt>
<trkpt lat="43.378871" lon="-4.315515"></trkpt>
<trkpt lat="43.378916" lon="-4.315890"></trkpt>
<trkpt lat="43.378953" lon="-4.316066"></trkpt>
<trkpt lat="43.379101" lon="-4.316463"></trkpt>
<trkpt lat="43.379457" lon="-4.317017"></trkpt>
<trkpt lat="43.379618" lon="-4.317200"></trkpt>
<trkpt lat="43.379817" lon="-4.317384"></trkpt>
<trkpt lat="43.380293" lon="-4.317744"></trkpt>
<trkpt lat="43.380729" lon="-4.318032"></trkpt>
<trkpt lat="43.380860" lon="-4.318089"></trkpt>
<trkpt lat="43.381322" lon="-4.318238"></trkpt>
<trkpt lat="43.381456" lon="-4.318344"></trkpt>
<trkpt lat="43.381639" lon="-4.318544"></trkpt>
<trkpt lat="43.381859" lon="-4.318809"></trkpt>
<trkpt lat="43.381958" lon="-4.319014"></trkpt>
<trkpt lat="43.382014" lon="-4.319286"></trkpt>
<trkpt lat="43.382010" lon="-4.319659"></trkpt>
<trkpt lat="43.381976" lon="-4.320861"></trkpt>
<trkpt lat="43.382007" lon="-4.321058"></trkpt>
<trkpt lat="43.382073" lon="-4.321241"></trkpt>
<trkpt lat="43.382247" lon="-4.321470"></trkpt>
<trkpt lat="43.382446" lon="-4.321584"></trkpt>
<trkpt lat="43.382695" lon="-4.321574"></trkpt>
<trkpt lat="43.382925" lon="-4.321447"></trkpt>
<trkpt lat="43.383053" lon="-4.321352"></trkpt>
<trkpt lat="43.383231" lon="-4.321242"></trkpt>
<trkpt lat="43.383452" lon="-4.321173"></trkpt>
<trkpt lat="43.383852" lon="-4.321213"></trkpt>
<trkpt lat="43.384163" lon="-4.321289"></trkpt>
<trkpt lat="43.384344" lon="-4.321378"></trkpt>
<trkpt lat="43.384515" lon="-4.321578"></trkpt>
<trkpt lat="43.384624" lon="-4.321872"></trkpt>
<trkpt lat="43.384637" lon="-4.322235"></trkpt>
<trkpt lat="43.384482" lon="-4.323864"></trkpt>
<trkpt lat="43.384341" lon="-4.325416"></trkpt>
<trkpt lat="43.384076" lon="-4.328605"></trkpt>
<trkpt lat="43.384082" lon="-4.328807"></trkpt>
<trkpt lat="43.384135" lon="-4.329058"></trkpt>
<trkpt lat="43.384599" lon="-4.330195"></trkpt>
<trkpt lat="43.384633" lon="-4.330296"></trkpt>
<trkpt lat="43.384870" lon="-4.330184"></trkpt>
<trkpt lat="43.385256" lon="-4.330054"></trkpt>
<trkpt lat="43.385468" lon="-4.330002"></trkpt>
<trkpt lat="43.385691" lon="-4.329990"></trkpt>
<trkpt lat="43.385862" lon="-4.330023"></trkpt>
<trkpt lat="43.386294" lon="-4.330200"></trkpt>
<trkpt lat="43.386424" lon="-4.330248"></trkpt>
<trkpt lat="43.386708" lon="-4.330253"></trkpt>
<trkpt lat="43.386864" lon="-4.330203"></trkpt>
<trkpt lat="43.386943" lon="-4.330140"></trkpt>
<trkpt lat="43.387128" lon="-4.329905"></trkpt>
<trkpt lat="43.387275" lon="-4.329606"></trkpt>
<trkpt lat="43.387437" lon="-4.328837"></trkpt>
<trkpt lat="43.387535" lon="-4.328529"></trkpt>
<trkpt lat="43.387691" lon="-4.328264"></trkpt>
<trkpt lat="43.387788" lon="-4.328152"></trkpt>
<trkpt lat="43.387942" lon="-4.328048"></trkpt>
<trkpt lat="43.388114" lon="-4.328025"></trkpt>
<trkpt lat="43.388281" lon="-4.328097"></trkpt>
<trkpt lat="43.388354" lon="-4.328168"></trkpt>
<trkpt lat="43.388511" lon="-4.328430"></trkpt>
<trkpt lat="43.388679" lon="-4.328797"></trkpt>
<trkpt lat="43.388769" lon="-4.329061"></trkpt>
<trkpt lat="43.388990" lon="-4.330110"></trkpt>
<trkpt lat="43.389139" lon="-4.330548"></trkpt>
<trkpt lat="43.389301" lon="-4.330820"></trkpt>
<trkpt lat="43.389350" lon="-4.330907"></trkpt>
<trkpt lat="43.389616" lon="-4.331430"></trkpt>
<trkpt lat="43.390057" lon="-4.332573"></trkpt>
<trkpt lat="43.390069" lon="-4.332607"></trkpt>
<trkpt lat="43.390078" lon="-4.332630"></trkpt>
<trkpt lat="43.390229" lon="-4.333050"></trkpt>
<trkpt lat="43.390268" lon="-4.333159"></trkpt>
<trkpt lat="43.390824" lon="-4.334690"></trkpt>
<trkpt lat="43.391270" lon="-4.335771"></trkpt>
<trkpt lat="43.391361" lon="-4.335984"></trkpt>
<trkpt lat="43.392263" lon="-4.338090"></trkpt>
<trkpt lat="43.392648" lon="-4.339011"></trkpt>
<trkpt lat="43.392854" lon="-4.339869"></trkpt>
<trkpt lat="43.393030" lon="-4.340418"></trkpt>
<trkpt lat="43.393526" lon="-4.341452"></trkpt>
<trkpt lat="43.393721" lon="-4.341671"></trkpt>
<trkpt lat="43.393831" lon="-4.341735"></trkpt>
<trkpt lat="43.393944" lon="-4.341775"></trkpt>
<trkpt lat="43.394308" lon="-4.341821"></trkpt>
<trkpt lat="43.394535" lon="-4.341937"></trkpt>
<trkpt lat="43.394687" lon="-4.342105"></trkpt>
<trkpt lat="43.394769" lon="-4.342275"></trkpt>
<trkpt lat="43.394804" lon="-4.342409"></trkpt>
<trkpt lat="43.394836" lon="-4.342732"></trkpt>
<trkpt lat="43.394755" lon="-4.345027"></trkpt>
<trkpt lat="43.394790" lon="-4.347938"></trkpt>
<trkpt lat="43.394813" lon="-4.348441"></trkpt>
<trkpt lat="43.394939" lon="-4.349419"></trkpt>
<trkpt lat="43.395016" lon="-4.349889"></trkpt>
<trkpt lat="43.395168" lon="-4.350396"></trkpt>
<trkpt lat="43.395214" lon="-4.350608"></trkpt>
<trkpt lat="43.395299" lon="-4.351594"></trkpt>
<trkpt lat="43.395310" lon="-4.351967"></trkpt>
<trkpt lat="43.395293" lon="-4.352193"></trkpt>
<trkpt lat="43.395223" lon="-4.352663"></trkpt>
<trkpt lat="43.395167" lon="-4.352861"></trkpt>
<trkpt lat="43.395000" lon="-4.353301"></trkpt>
<trkpt lat="43.394199" lon="-4.355088"></trkpt>
<trkpt lat="43.394000" lon="-4.355396"></trkpt>
<trkpt lat="43.393487" lon="-4.355860"></trkpt>
<trkpt lat="43.393327" lon="-4.356063"></trkpt>
<trkpt lat="43.392971" lon="-4.356707"></trkpt>
<trkpt lat="43.392934" lon="-4.356846"></trkpt>
<trkpt lat="43.392928" lon="-4.356996"></trkpt>
<trkpt lat="43.392905" lon="-4.357771"></trkpt>
<trkpt lat="43.392959" lon="-4.358200"></trkpt>
<trkpt lat="43.393109" lon="-4.358824"></trkpt>
<trkpt lat="43.393255" lon="-4.359190"></trkpt>
<trkpt lat="43.393505" lon="-4.359721"></trkpt>
<trkpt lat="43.393569" lon="-4.359895"></trkpt>
<trkpt lat="43.393641" lon="-4.360236"></trkpt>
<trkpt lat="43.393714" lon="-4.361433"></trkpt>
<trkpt lat="43.393701" lon="-4.361945"></trkpt>
<trkpt lat="43.393271" lon="-4.364944"></trkpt>
<trkpt lat="43.393216" lon="-4.365232"></trkpt>
<trkpt lat="43.392995" lon="-4.366043"></trkpt>
<trkpt lat="43.392831" lon="-4.366343"></trkpt>
<trkpt lat="43.392622" lon="-4.366523"></trkpt>
<trkpt lat="43.391743" lon="-4.366922"></trkpt>
<trkpt lat="43.391593" lon="-4.367094"></trkpt>
<trkpt lat="43.391538" lon="-4.367254"></trkpt>
<trkpt lat="43.391523" lon="-4.367345"></trkpt>
<trkpt lat="43.391539" lon="-4.367544"></trkpt>
<trkpt lat="43.391666" lon="-4.368120"></trkpt>
<trkpt lat="43.391714" lon="-4.368469"></trkpt>
<trkpt lat="43.391662" lon="-4.368677"></trkpt>
<trkpt lat="43.391576" lon="-4.368826"></trkpt>
<trkpt lat="43.391041" lon="-4.369460"></trkpt>
<trkpt lat="43.390912" lon="-4.369538"></trkpt>
<trkpt lat="43.390749" lon="-4.369555"></trkpt>
<trkpt lat="43.390611" lon="-4.369507"></trkpt>
<trkpt lat="43.390416" lon="-4.369385"></trkpt>
<trkpt lat="43.390329" lon="-4.369367"></trkpt>
<trkpt lat="43.390173" lon="-4.369410"></trkpt>
<trkpt lat="43.390046" lon="-4.369599"></trkpt>
<trkpt lat="43.389890" lon="-4.370270"></trkpt>
<trkpt lat="43.389757" lon="-4.370576"></trkpt>
<trkpt lat="43.389137" lon="-4.371213"></trkpt>
<trkpt lat="43.389024" lon="-4.371397"></trkpt>
<trkpt lat="43.388986" lon="-4.371594"></trkpt>
<trkpt lat="43.388969" lon="-4.372426"></trkpt>
<trkpt lat="43.388968" lon="-4.372545"></trkpt>
<trkpt lat="43.388987" lon="-4.372627"></trkpt>
<trkpt lat="43.389072" lon="-4.372775"></trkpt>
<trkpt lat="43.389130" lon="-4.372832"></trkpt>
<trkpt lat="43.389609" lon="-4.373249"></trkpt>
<trkpt lat="43.389741" lon="-4.373499"></trkpt>
<trkpt lat="43.389914" lon="-4.374040"></trkpt>
<trkpt lat="43.390028" lon="-4.374403"></trkpt>
<trkpt lat="43.390204" lon="-4.375000"></trkpt>
<trkpt lat="43.390231" lon="-4.375202"></trkpt>
<trkpt lat="43.390249" lon="-4.375330"></trkpt>
<trkpt lat="43.390254" lon="-4.375585"></trkpt>
<trkpt lat="43.390226" lon="-4.375878"></trkpt>
<trkpt lat="43.390150" lon="-4.376222"></trkpt>
<trkpt lat="43.389541" lon="-4.377973"></trkpt>
<trkpt lat="43.389244" lon="-4.378868"></trkpt>
<trkpt lat="43.389111" lon="-4.379265"></trkpt>
<trkpt lat="43.389014" lon="-4.379443"></trkpt>
<trkpt lat="43.388877" lon="-4.379593"></trkpt>
<trkpt lat="43.388696" lon="-4.379734"></trkpt>
<trkpt lat="43.387735" lon="-4.380390"></trkpt>
<trkpt lat="43.387450" lon="-4.380533"></trkpt>
<trkpt lat="43.387150" lon="-4.380620"></trkpt>
<trkpt lat="43.386850" lon="-4.380678"></trkpt>
<trkpt lat="43.386666" lon="-4.380683"></trkpt>
<trkpt lat="43.386367" lon="-4.380611"></trkpt>
<trkpt lat="43.386117" lon="-4.380589"></trkpt>
<trkpt lat="43.386027" lon="-4.380621"></trkpt>
<trkpt lat="43.385871" lon="-4.380775"></trkpt>
<trkpt lat="43.385805" lon="-4.380935"></trkpt>
<trkpt lat="43.385741" lon="-4.381335"></trkpt>
<trkpt lat="43.385229" lon="-4.382447"></trkpt>
<trkpt lat="43.385109" lon="-4.382879"></trkpt>
<trkpt lat="43.385070" lon="-4.383014"></trkpt>
<trkpt lat="43.384926" lon="-4.383304"></trkpt>
<trkpt lat="43.384716" lon="-4.382871"></trkpt>
<trkpt lat="43.384608" lon="-4.382518"></trkpt>
<trkpt lat="43.384525" lon="-4.381708"></trkpt>
<trkpt lat="43.384414" lon="-4.381132"></trkpt>
<trkpt lat="43.384344" lon="-4.381062"></trkpt>
<trkpt lat="43.383808" lon="-4.380218"></trkpt>
<trkpt lat="43.383602" lon="-4.380021"></trkpt>
<trkpt lat="43.383474" lon="-4.379932"></trkpt>
<trkpt lat="43.383264" lon="-4.379870"></trkpt>
<trkpt lat="43.382757" lon="-4.379864"></trkpt>
<trkpt lat="43.382427" lon="-4.379788"></trkpt>
<trkpt lat="43.382052" lon="-4.379452"></trkpt>
<trkpt lat="43.381618" lon="-4.379190"></trkpt>
<trkpt lat="43.381422" lon="-4.379024"></trkpt>
<trkpt lat="43.381093" lon="-4.378497"></trkpt>
<trkpt lat="43.380440" lon="-4.377828"></trkpt>
<trkpt lat="43.380200" lon="-4.377496"></trkpt>
<trkpt lat="43.380007" lon="-4.377101"></trkpt>
<trkpt lat="43.379793" lon="-4.376487"></trkpt>
<trkpt lat="43.379673" lon="-4.376036"></trkpt>
<trkpt lat="43.379631" lon="-4.375727"></trkpt>
<trkpt lat="43.379583" lon="-4.375566"></trkpt>
<trkpt lat="43.379402" lon="-4.375330"></trkpt>
<trkpt lat="43.379269" lon="-4.375042"></trkpt>
<trkpt lat="43.378918" lon="-4.374610"></trkpt>
<trkpt lat="43.378118" lon="-4.373527"></trkpt>
<trkpt lat="43.378073" lon="-4.373496"></trkpt>
<trkpt lat="43.378089" lon="-4.373323"></trkpt>
<trkpt lat="43.378075" lon="-4.373103"></trkpt>
<trkpt lat="43.377800" lon="-4.372274"></trkpt>
<trkpt lat="43.377801" lon="-4.371886"></trkpt>
<trkpt lat="43.377954" lon="-4.370818"></trkpt>
<trkpt lat="43.378020" lon="-4.370565"></trkpt>
<trkpt lat="43.377929" lon="-4.369999"></trkpt>
<trkpt lat="43.377974" lon="-4.369597"></trkpt>
<trkpt lat="43.377972" lon="-4.369428"></trkpt>
<trkpt lat="43.377885" lon="-4.369023"></trkpt>
<trkpt lat="43.377656" lon="-4.368889"></trkpt>
<trkpt lat="43.377196" lon="-4.368858"></trkpt>
<trkpt lat="43.377097" lon="-4.368827"></trkpt>
<trkpt lat="43.376941" lon="-4.368743"></trkpt>
<trkpt lat="43.376623" lon="-4.368420"></trkpt>
<trkpt lat="43.376398" lon="-4.368245"></trkpt>
<trkpt lat="43.375135" lon="-4.367858"></trkpt>
<trkpt lat="43.374444" lon="-4.367780"></trkpt>
<trkpt lat="43.374387" lon="-4.367556"></trkpt>
<trkpt lat="43.374248" lon="-4.367390"></trkpt>
<trkpt lat="43.374263" lon="-4.367331"></trkpt>
<trkpt lat="43.373817" lon="-4.366685"></trkpt>
<trkpt lat="43.373700" lon="-4.366566"></trkpt>
<trkpt lat="43.373476" lon="-4.366406"></trkpt>
<trkpt lat="43.372799" lon="-4.366344"></trkpt>
<trkpt lat="43.372655" lon="-4.366285"></trkpt>
<trkpt lat="43.372547" lon="-4.366138"></trkpt>
<trkpt lat="43.372348" lon="-4.365666"></trkpt>
<trkpt lat="43.372245" lon="-4.365491"></trkpt>
<trkpt lat="43.372127" lon="-4.365397"></trkpt>
<trkpt lat="43.371904" lon="-4.365327"></trkpt>
<trkpt lat="43.371516" lon="-4.365363"></trkpt>
<trkpt lat="43.371352" lon="-4.365147"></trkpt>
<trkpt lat="43.371065" lon="-4.364903"></trkpt>
<trkpt lat="43.370874" lon="-4.364857"></trkpt>
<trkpt lat="43.370584" lon="-4.365003"></trkpt>
<trkpt lat="43.370078" lon="-4.365351"></trkpt>
<trkpt lat="43.370071" lon="-4.365387"></trkpt>
<trkpt lat="43.370090" lon="-4.365459"></trkpt>
<trkpt lat="43.370068" lon="-4.365525"></trkpt>
<trkpt lat="43.370022" lon="-4.365543"></trkpt>
<trkpt lat="43.369745" lon="-4.365381"></trkpt>
<trkpt lat="43.369475" lon="-4.365282"></trkpt>
<trkpt lat="43.369105" lon="-4.365236"></trkpt>
<trkpt lat="43.368720" lon="-4.365247"></trkpt>
<trkpt lat="43.368249" lon="-4.365264"></trkpt>
<trkpt lat="43.368057" lon="-4.365221"></trkpt>
<trkpt lat="43.367857" lon="-4.365156"></trkpt>
<trkpt lat="43.367680" lon="-4.365029"></trkpt>
<trkpt lat="43.367397" lon="-4.364700"></trkpt>
<trkpt lat="43.366898" lon="-4.363776"></trkpt>
<trkpt lat="43.366799" lon="-4.363600"></trkpt>
<trkpt lat="43.366276" lon="-4.362815"></trkpt>
<trkpt lat="43.365875" lon="-4.362360"></trkpt>
<trkpt lat="43.365589" lon="-4.362079"></trkpt>
<trkpt lat="43.364321" lon="-4.361098"></trkpt>
<trkpt lat="43.363943" lon="-4.360775"></trkpt>
<trkpt lat="43.363691" lon="-4.360475"></trkpt>
<trkpt lat="43.362991" lon="-4.359529"></trkpt>
<trkpt lat="43.362647" lon="-4.359200"></trkpt>
<trkpt lat="43.362192" lon="-4.358876"></trkpt>
<trkpt lat="43.359344" lon="-4.356845"></trkpt>
<trkpt lat="43.357398" lon="-4.355837"></trkpt>
<trkpt lat="43.357182" lon="-4.355689"></trkpt>
<trkpt lat="43.357018" lon="-4.355519"></trkpt>
<trkpt lat="43.356809" lon="-4.355266"></trkpt>
<trkpt lat="43.356538" lon="-4.354876"></trkpt>
<trkpt lat="43.356355" lon="-4.354669"></trkpt>
<trkpt lat="43.356215" lon="-4.354558"></trkpt>
<trkpt lat="43.355907" lon="-4.354417"></trkpt>
<trkpt lat="43.355471" lon="-4.354300"></trkpt>
<trkpt lat="43.354735" lon="-4.354039"></trkpt>
<trkpt lat="43.354698" lon="-4.354022"></trkpt>
<trkpt lat="43.354079" lon="-4.353707"></trkpt>
<trkpt lat="43.352820" lon="-4.353038"></trkpt>
<trkpt lat="43.352572" lon="-4.352801"></trkpt>
<trkpt lat="43.352492" lon="-4.352682"></trkpt>
<trkpt lat="43.352333" lon="-4.352249"></trkpt>
<trkpt lat="43.352296" lon="-4.351988"></trkpt>
<trkpt lat="43.352338" lon="-4.351505"></trkpt>
<trkpt lat="43.352803" lon="-4.349505"></trkpt>
<trkpt lat="43.352936" lon="-4.348743"></trkpt>
<trkpt lat="43.352961" lon="-4.348506"></trkpt>
<trkpt lat="43.352961" lon="-4.347818"></trkpt>
<trkpt lat="43.352875" lon="-4.347186"></trkpt>
<trkpt lat="43.352725" lon="-4.346609"></trkpt>
<trkpt lat="43.352449" lon="-4.345896"></trkpt>
<trkpt lat="43.351179" lon="-4.342692"></trkpt>
<trkpt lat="43.351097" lon="-4.342409"></trkpt>
<trkpt lat="43.351022" lon="-4.342037"></trkpt>
<trkpt lat="43.350904" lon="-4.341025"></trkpt>
<trkpt lat="43.350860" lon="-4.340824"></trkpt>
<trkpt lat="43.350771" lon="-4.340560"></trkpt>
<trkpt lat="43.350617" lon="-4.340306"></trkpt>
<trkpt lat="43.350420" lon="-4.340120"></trkpt>
<trkpt lat="43.350171" lon="-4.340004"></trkpt>
<trkpt lat="43.349352" lon="-4.339869"></trkpt>
<trkpt lat="43.349114" lon="-4.339797"></trkpt>
<trkpt lat="43.348860" lon="-4.339659"></trkpt>
<trkpt lat="43.348476" lon="-4.339373"></trkpt>
<trkpt lat="43.348078" lon="-4.339070"></trkpt>
<trkpt lat="43.347519" lon="-4.338633"></trkpt>
<trkpt lat="43.347280" lon="-4.338522"></trkpt>
<trkpt lat="43.347097" lon="-4.338479"></trkpt>
<trkpt lat="43.347051" lon="-4.338499"></trkpt>
<trkpt lat="43.346884" lon="-4.338769"></trkpt>
<trkpt lat="43.346800" lon="-4.338939"></trkpt>
<trkpt lat="43.346647" lon="-4.339131"></trkpt>
<trkpt lat="43.345191" lon="-4.340230"></trkpt>
<trkpt lat="43.344263" lon="-4.340938"></trkpt>
<trkpt lat="43.344029" lon="-4.341138"></trkpt>
<trkpt lat="43.342879" lon="-4.342118"></trkpt>
<trkpt lat="43.342637" lon="-4.342276"></trkpt>
<trkpt lat="43.341779" lon="-4.342735"></trkpt>
<trkpt lat="43.341604" lon="-4.342860"></trkpt>
<trkpt lat="43.341354" lon="-4.343127"></trkpt>
<trkpt lat="43.341164" lon="-4.343459"></trkpt>
<trkpt lat="43.341048" lon="-4.343787"></trkpt>
<trkpt lat="43.340978" lon="-4.344140"></trkpt>
<trkpt lat="43.340946" lon="-4.344188"></trkpt>
<trkpt lat="43.340886" lon="-4.344258"></trkpt>
<trkpt lat="43.340794" lon="-4.344310"></trkpt>
<trkpt lat="43.340665" lon="-4.344286"></trkpt>
<trkpt lat="43.340482" lon="-4.344226"></trkpt>
<trkpt lat="43.340239" lon="-4.344250"></trkpt>
<trkpt lat="43.339992" lon="-4.344278"></trkpt>
<trkpt lat="43.339854" lon="-4.344248"></trkpt>
<trkpt lat="43.339709" lon="-4.344150"></trkpt>
<trkpt lat="43.339312" lon="-4.343715"></trkpt>
<trkpt lat="43.339127" lon="-4.343592"></trkpt>
<trkpt lat="43.338985" lon="-4.343584"></trkpt>
<trkpt lat="43.338844" lon="-4.343605"></trkpt>
<trkpt lat="43.338685" lon="-4.343717"></trkpt>
<trkpt lat="43.337927" lon="-4.344577"></trkpt>
<trkpt lat="43.337738" lon="-4.344830"></trkpt>
<trkpt lat="43.337291" lon="-4.345708"></trkpt>
<trkpt lat="43.337132" lon="-4.345881"></trkpt>
<trkpt lat="43.336946" lon="-4.346040"></trkpt>
<trkpt lat="43.336802" lon="-4.346239"></trkpt>
<trkpt lat="43.336534" lon="-4.346711"></trkpt>
<trkpt lat="43.336215" lon="-4.347078"></trkpt>
<trkpt lat="43.336135" lon="-4.347218"></trkpt>
<trkpt lat="43.335945" lon="-4.347729"></trkpt>
<trkpt lat="43.335764" lon="-4.348036"></trkpt>
<trkpt lat="43.335624" lon="-4.348133"></trkpt>
<trkpt lat="43.335391" lon="-4.348223"></trkpt>
<trkpt lat="43.335178" lon="-4.348208"></trkpt>
<trkpt lat="43.335067" lon="-4.348129"></trkpt>
<trkpt lat="43.334665" lon="-4.347690"></trkpt>
<trkpt lat="43.334455" lon="-4.347626"></trkpt>
<trkpt lat="43.334218" lon="-4.347736"></trkpt>
<trkpt lat="43.334049" lon="-4.347734"></trkpt>
<trkpt lat="43.333734" lon="-4.347505"></trkpt>
<trkpt lat="43.333543" lon="-4.347272"></trkpt>
<trkpt lat="43.333446" lon="-4.347201"></trkpt>
<trkpt lat="43.333303" lon="-4.347199"></trkpt>
<trkpt lat="43.333122" lon="-4.347320"></trkpt>
<trkpt lat="43.333003" lon="-4.347335"></trkpt>
<trkpt lat="43.332598" lon="-4.347194"></trkpt>
<trkpt lat="43.332412" lon="-4.347188"></trkpt>
<trkpt lat="43.332059" lon="-4.347240"></trkpt>
<trkpt lat="43.331755" lon="-4.347191"></trkpt>
<trkpt lat="43.331662" lon="-4.347208"></trkpt>
<trkpt lat="43.331488" lon="-4.347318"></trkpt>
<trkpt lat="43.331241" lon="-4.347572"></trkpt>
<trkpt lat="43.331023" lon="-4.347873"></trkpt>
<trkpt lat="43.330904" lon="-4.348173"></trkpt>
<trkpt lat="43.330831" lon="-4.348780"></trkpt>
<trkpt lat="43.330796" lon="-4.348893"></trkpt>
<trkpt lat="43.330684" lon="-4.349062"></trkpt>
<trkpt lat="43.330443" lon="-4.349328"></trkpt>
<trkpt lat="43.330148" lon="-4.349555"></trkpt>
<trkpt lat="43.330031" lon="-4.349636"></trkpt>
<trkpt lat="43.329971" lon="-4.349655"></trkpt>
<trkpt lat="43.329886" lon="-4.349714"></trkpt>
<trkpt lat="43.329498" lon="-4.349936"></trkpt>
<trkpt lat="43.329420" lon="-4.350046"></trkpt>
<trkpt lat="43.329366" lon="-4.350177"></trkpt>
<trkpt lat="43.329352" lon="-4.350195"></trkpt>
<trkpt lat="43.329304" lon="-4.350330"></trkpt>
<trkpt lat="43.329135" lon="-4.350835"></trkpt>
<trkpt lat="43.329092" lon="-4.351079"></trkpt>
<trkpt lat="43.329041" lon="-4.351493"></trkpt>
<trkpt lat="43.329012" lon="-4.351683"></trkpt>
<trkpt lat="43.328965" lon="-4.351821"></trkpt>
<trkpt lat="43.328902" lon="-4.351898"></trkpt>
<trkpt lat="43.328839" lon="-4.351920"></trkpt>
<trkpt lat="43.328672" lon="-4.351905"></trkpt>
<trkpt lat="43.328210" lon="-4.351853"></trkpt>
<trkpt lat="43.327647" lon="-4.351691"></trkpt>
<trkpt lat="43.327358" lon="-4.351538"></trkpt>
<trkpt lat="43.327117" lon="-4.351290"></trkpt>
<trkpt lat="43.326784" lon="-4.350874"></trkpt>
<trkpt lat="43.326685" lon="-4.350807"></trkpt>
<trkpt lat="43.326029" lon="-4.350492"></trkpt>
<trkpt lat="43.325721" lon="-4.350402"></trkpt>
<trkpt lat="43.325415" lon="-4.350367"></trkpt>
<trkpt lat="43.325203" lon="-4.350445"></trkpt>
<trkpt lat="43.325055" lon="-4.350611"></trkpt>
<trkpt lat="43.324981" lon="-4.350777"></trkpt>
<trkpt lat="43.324936" lon="-4.350999"></trkpt>
<trkpt lat="43.324833" lon="-4.352075"></trkpt>
<trkpt lat="43.324785" lon="-4.352249"></trkpt>
<trkpt lat="43.324714" lon="-4.352332"></trkpt>
<trkpt lat="43.324436" lon="-4.352526"></trkpt>
<trkpt lat="43.324488" lon="-4.353223"></trkpt>
<trkpt lat="43.324645" lon="-4.354004"></trkpt>
<trkpt lat="43.324719" lon="-4.354311"></trkpt>
<trkpt lat="43.324759" lon="-4.354584"></trkpt>
<trkpt lat="43.324736" lon="-4.355937"></trkpt>
<trkpt lat="43.324844" lon="-4.356967"></trkpt>
<trkpt lat="43.324841" lon="-4.357359"></trkpt>
<trkpt lat="43.324793" lon="-4.357789"></trkpt>
<trkpt lat="43.324710" lon="-4.358406"></trkpt>
<trkpt lat="43.324549" lon="-4.359039"></trkpt>
<trkpt lat="43.324070" lon="-4.359913"></trkpt>
<trkpt lat="43.323967" lon="-4.360265"></trkpt>
<trkpt lat="43.323859" lon="-4.360785"></trkpt>
<trkpt lat="43.323654" lon="-4.362478"></trkpt>
<trkpt lat="43.323644" lon="-4.363240"></trkpt>
<trkpt lat="43.323660" lon="-4.363513"></trkpt>
<trkpt lat="43.323677" lon="-4.363593"></trkpt>
<trkpt lat="43.323864" lon="-4.364519"></trkpt>
<trkpt lat="43.323928" lon="-4.365037"></trkpt>
<trkpt lat="43.323914" lon="-4.365172"></trkpt>
<trkpt lat="43.323857" lon="-4.365278"></trkpt>
<trkpt lat="43.323771" lon="-4.365335"></trkpt>
<trkpt lat="43.323721" lon="-4.365338"></trkpt>
<trkpt lat="43.323600" lon="-4.365311"></trkpt>
<trkpt lat="43.323320" lon="-4.365059"></trkpt>
<trkpt lat="43.323155" lon="-4.364701"></trkpt>
<trkpt lat="43.323071" lon="-4.364446"></trkpt>
<trkpt lat="43.322983" lon="-4.364356"></trkpt>
<trkpt lat="43.322905" lon="-4.364374"></trkpt>
<trkpt lat="43.322873" lon="-4.364442"></trkpt>
<trkpt lat="43.322665" lon="-4.365444"></trkpt>
<trkpt lat="43.322567" lon="-4.366609"></trkpt>
<trkpt lat="43.322624" lon="-4.367610"></trkpt>
<trkpt lat="43.322628" lon="-4.367679"></trkpt>
<trkpt lat="43.322665" lon="-4.368500"></trkpt>
<trkpt lat="43.322599" lon="-4.369289"></trkpt>
<trkpt lat="43.322630" lon="-4.371302"></trkpt>
<trkpt lat="43.322597" lon="-4.372661"></trkpt>
<trkpt lat="43.322642" lon="-4.373377"></trkpt>
<trkpt lat="43.322641" lon="-4.374485"></trkpt>
<trkpt lat="43.322730" lon="-4.375439"></trkpt>
<trkpt lat="43.322738" lon="-4.377223"></trkpt>
<trkpt lat="43.322719" lon="-4.377464"></trkpt>
<trkpt lat="43.322397" lon="-4.379187"></trkpt>
<trkpt lat="43.322291" lon="-4.379499"></trkpt>
<trkpt lat="43.321937" lon="-4.380132"></trkpt>
<trkpt lat="43.321870" lon="-4.380340"></trkpt>
<trkpt lat="43.321478" lon="-4.381741"></trkpt>
<trkpt lat="43.321400" lon="-4.382424"></trkpt>
<trkpt lat="43.321220" lon="-4.384185"></trkpt>
<trkpt lat="43.321155" lon="-4.384565"></trkpt>
<trkpt lat="43.320857" lon="-4.385851"></trkpt>
<trkpt lat="43.320371" lon="-4.387665"></trkpt>
<trkpt lat="43.320217" lon="-4.388330"></trkpt>
<trkpt lat="43.320221" lon="-4.388547"></trkpt>
<trkpt lat="43.320318" lon="-4.389072"></trkpt>
<trkpt lat="43.320344" lon="-4.389435"></trkpt>
<trkpt lat="43.320358" lon="-4.389686"></trkpt>
<trkpt lat="43.320413" lon="-4.390338"></trkpt>
<trkpt lat="43.320507" lon="-4.391122"></trkpt>
<trkpt lat="43.320684" lon="-4.393435"></trkpt>
<trkpt lat="43.320711" lon="-4.394255"></trkpt>
<trkpt lat="43.320639" lon="-4.395756"></trkpt>
<trkpt lat="43.320977" lon="-4.396925"></trkpt>
<trkpt lat="43.321587" lon="-4.398861"></trkpt>
<trkpt lat="43.321778" lon="-4.399298"></trkpt>
<trkpt lat="43.322062" lon="-4.399782"></trkpt>
<trkpt lat="43.322164" lon="-4.399928"></trkpt>
<trkpt lat="43.322268" lon="-4.399971"></trkpt>
<trkpt lat="43.322354" lon="-4.399953"></trkpt>
<trkpt lat="43.322415" lon="-4.399899"></trkpt>
<trkpt lat="43.322455" lon="-4.399802"></trkpt>
<trkpt lat="43.322471" lon="-4.399711"></trkpt>
<trkpt lat="43.322464" lon="-4.399281"></trkpt>
<trkpt lat="43.322502" lon="-4.399117"></trkpt>
<trkpt lat="43.323223" lon="-4.398120"></trkpt>
<trkpt lat="43.323452" lon="-4.397785"></trkpt>
<trkpt lat="43.323577" lon="-4.397555"></trkpt>
<trkpt lat="43.323734" lon="-4.397157"></trkpt>
<trkpt lat="43.324660" lon="-4.394410"></trkpt>
<trkpt lat="43.324801" lon="-4.394140"></trkpt>
<trkpt lat="43.324933" lon="-4.393945"></trkpt>
<trkpt lat="43.324992" lon="-4.393795"></trkpt>
<trkpt lat="43.325036" lon="-4.393586"></trkpt>
<trkpt lat="43.325075" lon="-4.393506"></trkpt>
<trkpt lat="43.325379" lon="-4.393280"></trkpt>
<trkpt lat="43.325598" lon="-4.393185"></trkpt>
<trkpt lat="43.325743" lon="-4.393131"></trkpt>
<trkpt lat="43.326130" lon="-4.393025"></trkpt>
<trkpt lat="43.326262" lon="-4.393059"></trkpt>
<trkpt lat="43.326315" lon="-4.393101"></trkpt>
<trkpt lat="43.326363" lon="-4.393187"></trkpt>
<trkpt lat="43.326392" lon="-4.393244"></trkpt>
<trkpt lat="43.326650" lon="-4.393780"></trkpt>
<trkpt lat="43.326882" lon="-4.394430"></trkpt>
<trkpt lat="43.327079" lon="-4.395047"></trkpt>
<trkpt lat="43.327241" lon="-4.395557"></trkpt>
<trkpt lat="43.327612" lon="-4.396529"></trkpt>
<trkpt lat="43.328126" lon="-4.397711"></trkpt>
<trkpt lat="43.328321" lon="-4.398555"></trkpt>
<trkpt lat="43.328695" lon="-4.399911"></trkpt>
<trkpt lat="43.328715" lon="-4.400170"></trkpt>
<trkpt lat="43.328694" lon="-4.400861"></trkpt>
<trkpt lat="43.328738" lon="-4.401421"></trkpt>
<trkpt lat="43.329015" lon="-4.403041"></trkpt>
<trkpt lat="43.329163" lon="-4.403746"></trkpt>
<trkpt lat="43.329192" lon="-4.404009"></trkpt>
<trkpt lat="43.329206" lon="-4.404693"></trkpt>
<trkpt lat="43.329168" lon="-4.405564"></trkpt>
<trkpt lat="43.329138" lon="-4.405773"></trkpt>
<trkpt lat="43.329119" lon="-4.405845"></trkpt>
<trkpt lat="43.329008" lon="-4.406122"></trkpt>
<trkpt lat="43.328758" lon="-4.406766"></trkpt>
<trkpt lat="43.328612" lon="-4.407044"></trkpt>
<trkpt lat="43.327546" lon="-4.408414"></trkpt>
<trkpt lat="43.327419" lon="-4.408705"></trkpt>
<trkpt lat="43.327345" lon="-4.409113"></trkpt>
<trkpt lat="43.327388" lon="-4.409482"></trkpt>
<trkpt lat="43.327457" lon="-4.409733"></trkpt>
<trkpt lat="43.327742" lon="-4.410378"></trkpt>
<trkpt lat="43.327982" lon="-4.410824"></trkpt>
<trkpt lat="43.328578" lon="-4.411645"></trkpt>
<trkpt lat="43.328688" lon="-4.411856"></trkpt>
<trkpt lat="43.328724" lon="-4.411986"></trkpt>
<trkpt lat="43.328843" lon="-4.413022"></trkpt>
<trkpt lat="43.328896" lon="-4.413717"></trkpt>
<trkpt lat="43.328890" lon="-4.413873"></trkpt>
<trkpt lat="43.328828" lon="-4.414248"></trkpt>
<trkpt lat="43.328667" lon="-4.414879"></trkpt>
<trkpt lat="43.328607" lon="-4.415026"></trkpt>
<trkpt lat="43.328468" lon="-4.415183"></trkpt>
<trkpt lat="43.327233" lon="-4.415583"></trkpt>
<trkpt lat="43.327071" lon="-4.415711"></trkpt>
<trkpt lat="43.326820" lon="-4.416083"></trkpt>
<trkpt lat="43.326659" lon="-4.416258"></trkpt>
<trkpt lat="43.326207" lon="-4.416459"></trkpt>
<trkpt lat="43.326121" lon="-4.416531"></trkpt>
<trkpt lat="43.326075" lon="-4.416658"></trkpt>
<trkpt lat="43.326082" lon="-4.416828"></trkpt>
<trkpt lat="43.326361" lon="-4.417330"></trkpt>
<trkpt lat="43.326401" lon="-4.417534"></trkpt>
<trkpt lat="43.326385" lon="-4.417750"></trkpt>
<trkpt lat="43.326357" lon="-4.417841"></trkpt>
<trkpt lat="43.326231" lon="-4.418030"></trkpt>
<trkpt lat="43.325756" lon="-4.418464"></trkpt>
<trkpt lat="43.325663" lon="-4.418596"></trkpt>
<trkpt lat="43.325603" lon="-4.418797"></trkpt>
<trkpt lat="43.325603" lon="-4.418965"></trkpt>
<trkpt lat="43.325663" lon="-4.419100"></trkpt>
<trkpt lat="43.326323" lon="-4.419591"></trkpt>
<trkpt lat="43.326421" lon="-4.419743"></trkpt>
<trkpt lat="43.326610" lon="-4.420261"></trkpt>
<trkpt lat="43.326644" lon="-4.420451"></trkpt>
<trkpt lat="43.326683" lon="-4.420988"></trkpt>
<trkpt lat="43.326659" lon="-4.421236"></trkpt>
<trkpt lat="43.326350" lon="-4.422528"></trkpt>
<trkpt lat="43.326288" lon="-4.422694"></trkpt>
<trkpt lat="43.326031" lon="-4.423191"></trkpt>
<trkpt lat="43.325794" lon="-4.423364"></trkpt>
<trkpt lat="43.325716" lon="-4.423495"></trkpt>
<trkpt lat="43.325679" lon="-4.424068"></trkpt>
<trkpt lat="43.325638" lon="-4.424379"></trkpt>
<trkpt lat="43.325499" lon="-4.424956"></trkpt>
<trkpt lat="43.325421" lon="-4.425153"></trkpt>
<trkpt lat="43.325106" lon="-4.425675"></trkpt>
<trkpt lat="43.324970" lon="-4.425783"></trkpt>
<trkpt lat="43.324765" lon="-4.425872"></trkpt>
<trkpt lat="43.324671" lon="-4.426009"></trkpt>
<trkpt lat="43.324648" lon="-4.426198"></trkpt>
<trkpt lat="43.324655" lon="-4.426526"></trkpt>
<trkpt lat="43.324623" lon="-4.426784"></trkpt>
<trkpt lat="43.324395" lon="-4.427421"></trkpt>
<trkpt lat="43.323825" lon="-4.428449"></trkpt>
<trkpt lat="43.323686" lon="-4.428538"></trkpt>
<trkpt lat="43.323549" lon="-4.428547"></trkpt>
<trkpt lat="43.323394" lon="-4.428460"></trkpt>
<trkpt lat="43.323310" lon="-4.428372"></trkpt>
<trkpt lat="43.323186" lon="-4.428337"></trkpt>
<trkpt lat="43.323062" lon="-4.428403"></trkpt>
<trkpt lat="43.322894" lon="-4.428644"></trkpt>
<trkpt lat="43.322627" lon="-4.428856"></trkpt>
<trkpt lat="43.322587" lon="-4.428984"></trkpt>
<trkpt lat="43.322578" lon="-4.429170"></trkpt>
<trkpt lat="43.322927" lon="-4.429972"></trkpt>
<trkpt lat="43.322987" lon="-4.430361"></trkpt>
<trkpt lat="43.323009" lon="-4.430720"></trkpt>
<trkpt lat="43.322987" lon="-4.431431"></trkpt>
<trkpt lat="43.322633" lon="-4.432742"></trkpt>
<trkpt lat="43.322337" lon="-4.433469"></trkpt>
<trkpt lat="43.322136" lon="-4.434210"></trkpt>
<trkpt lat="43.322050" lon="-4.434703"></trkpt>
<trkpt lat="43.322168" lon="-4.436347"></trkpt>
<trkpt lat="43.322121" lon="-4.436781"></trkpt>
<trkpt lat="43.322112" lon="-4.436827"></trkpt>
<trkpt lat="43.321744" lon="-4.438312"></trkpt>
<trkpt lat="43.321754" lon="-4.438591"></trkpt>
<trkpt lat="43.321843" lon="-4.438730"></trkpt>
<trkpt lat="43.321934" lon="-4.438773"></trkpt>
<trkpt lat="43.322308" lon="-4.438738"></trkpt>
<trkpt lat="43.322404" lon="-4.438759"></trkpt>
<trkpt lat="43.322498" lon="-4.438838"></trkpt>
<trkpt lat="43.322530" lon="-4.438925"></trkpt>
<trkpt lat="43.322561" lon="-4.440057"></trkpt>
<trkpt lat="43.322586" lon="-4.440352"></trkpt>
<trkpt lat="43.322672" lon="-4.440538"></trkpt>
<trkpt lat="43.322834" lon="-4.440717"></trkpt>
<trkpt lat="43.322910" lon="-4.440843"></trkpt>
<trkpt lat="43.322925" lon="-4.440943"></trkpt>
<trkpt lat="43.322918" lon="-4.441056"></trkpt>
<trkpt lat="43.322807" lon="-4.441571"></trkpt>
<trkpt lat="43.322796" lon="-4.441675"></trkpt>
<trkpt lat="43.322832" lon="-4.441811"></trkpt>
<trkpt lat="43.322873" lon="-4.441852"></trkpt>
<trkpt lat="43.322963" lon="-4.441848"></trkpt>
<trkpt lat="43.323457" lon="-4.441502"></trkpt>
<trkpt lat="43.323558" lon="-4.441468"></trkpt>
<trkpt lat="43.324057" lon="-4.441518"></trkpt>
<trkpt lat="43.324137" lon="-4.441549"></trkpt>
<trkpt lat="43.324184" lon="-4.441608"></trkpt>
<trkpt lat="43.324199" lon="-4.441682"></trkpt>
<trkpt lat="43.324192" lon="-4.441926"></trkpt>
<trkpt lat="43.323973" lon="-4.443815"></trkpt>
<trkpt lat="43.323939" lon="-4.443971"></trkpt>
<trkpt lat="43.323814" lon="-4.444184"></trkpt>
<trkpt lat="43.323163" lon="-4.445019"></trkpt>
<trkpt lat="43.323080" lon="-4.445155"></trkpt>
<trkpt lat="43.323046" lon="-4.445273"></trkpt>
<trkpt lat="43.323042" lon="-4.445393"></trkpt>
<trkpt lat="43.323089" lon="-4.445602"></trkpt>
<trkpt lat="43.323329" lon="-4.445851"></trkpt>
<trkpt lat="43.323367" lon="-4.445920"></trkpt>
<trkpt lat="43.323397" lon="-4.446294"></trkpt>
<trkpt lat="43.323401" lon="-4.446817"></trkpt>
<trkpt lat="43.323386" lon="-4.446923"></trkpt>
<trkpt lat="43.323216" lon="-4.447385"></trkpt>
<trkpt lat="43.323121" lon="-4.447747"></trkpt>
<trkpt lat="43.322476" lon="-4.449172"></trkpt>
<trkpt lat="43.322376" lon="-4.449557"></trkpt>
<trkpt lat="43.322344" lon="-4.449741"></trkpt>
<trkpt lat="43.322349" lon="-4.450053"></trkpt>
<trkpt lat="43.322405" lon="-4.450193"></trkpt>
<trkpt lat="43.322623" lon="-4.450363"></trkpt>
<trkpt lat="43.322651" lon="-4.450449"></trkpt>
<trkpt lat="43.322643" lon="-4.450578"></trkpt>
<trkpt lat="43.322458" lon="-4.450848"></trkpt>
<trkpt lat="43.322244" lon="-4.451251"></trkpt>
<trkpt lat="43.322070" lon="-4.451435"></trkpt>
<trkpt lat="43.321967" lon="-4.451501"></trkpt>
<trkpt lat="43.321212" lon="-4.451709"></trkpt>
<trkpt lat="43.321000" lon="-4.451893"></trkpt>
<trkpt lat="43.320936" lon="-4.452077"></trkpt>
<trkpt lat="43.320950" lon="-4.452267"></trkpt>
<trkpt lat="43.320977" lon="-4.452394"></trkpt>
<trkpt lat="43.321157" lon="-4.452678"></trkpt>
<trkpt lat="43.321169" lon="-4.452863"></trkpt>
<trkpt lat="43.321155" lon="-4.452920"></trkpt>
<trkpt lat="43.321104" lon="-4.452975"></trkpt>
<trkpt lat="43.320829" lon="-4.453129"></trkpt>
<trkpt lat="43.320558" lon="-4.453193"></trkpt>
<trkpt lat="43.319846" lon="-4.453228"></trkpt>
<trkpt lat="43.319316" lon="-4.453144"></trkpt>
<trkpt lat="43.319243" lon="-4.453123"></trkpt>
<trkpt lat="43.319104" lon="-4.453017"></trkpt>
<trkpt lat="43.318758" lon="-4.452638"></trkpt>
<trkpt lat="43.318614" lon="-4.452576"></trkpt>
<trkpt lat="43.318483" lon="-4.452609"></trkpt>
<trkpt lat="43.318347" lon="-4.452753"></trkpt>
<trkpt lat="43.318266" lon="-4.452788"></trkpt>
<trkpt lat="43.318196" lon="-4.452771"></trkpt>
<trkpt lat="43.318110" lon="-4.452685"></trkpt>
<trkpt lat="43.317928" lon="-4.452410"></trkpt>
<trkpt lat="43.317840" lon="-4.452340"></trkpt>
<trkpt lat="43.317742" lon="-4.452316"></trkpt>
<trkpt lat="43.317526" lon="-4.452382"></trkpt>
<trkpt lat="43.317209" lon="-4.452554"></trkpt>
<trkpt lat="43.316887" lon="-4.452648"></trkpt>
<trkpt lat="43.316664" lon="-4.452795"></trkpt>
<trkpt lat="43.316285" lon="-4.453150"></trkpt>
<trkpt lat="43.315788" lon="-4.453816"></trkpt>
<trkpt lat="43.315733" lon="-4.453945"></trkpt>
<trkpt lat="43.315691" lon="-4.454400"></trkpt>
<trkpt lat="43.315694" lon="-4.454744"></trkpt>
<trkpt lat="43.315758" lon="-4.455426"></trkpt>
<trkpt lat="43.315749" lon="-4.455574"></trkpt>
<trkpt lat="43.315719" lon="-4.455681"></trkpt>
<trkpt lat="43.315370" lon="-4.456224"></trkpt>
<trkpt lat="43.315199" lon="-4.456575"></trkpt>
<trkpt lat="43.315149" lon="-4.456685"></trkpt>
<trkpt lat="43.315096" lon="-4.456776"></trkpt>
<trkpt lat="43.314990" lon="-4.456845"></trkpt>
<trkpt lat="43.314811" lon="-4.456858"></trkpt>
<trkpt lat="43.313895" lon="-4.456877"></trkpt>
<trkpt lat="43.313806" lon="-4.456957"></trkpt>
<trkpt lat="43.313459" lon="-4.457912"></trkpt>
<trkpt lat="43.313442" lon="-4.458060"></trkpt>
<trkpt lat="43.313539" lon="-4.458898"></trkpt>
<trkpt lat="43.313535" lon="-4.459373"></trkpt>
<trkpt lat="43.313683" lon="-4.460423"></trkpt>
<trkpt lat="43.313623" lon="-4.460707"></trkpt>
<trkpt lat="43.313585" lon="-4.460718"></trkpt>
<trkpt lat="43.313520" lon="-4.460819"></trkpt>
<trkpt lat="43.313504" lon="-4.460919"></trkpt>
<trkpt lat="43.313531" lon="-4.461272"></trkpt>
<trkpt lat="43.313597" lon="-4.461725"></trkpt>
<trkpt lat="43.313794" lon="-4.462665"></trkpt>
<trkpt lat="43.313724" lon="-4.462831"></trkpt>
<trkpt lat="43.313603" lon="-4.462924"></trkpt>
<trkpt lat="43.313277" lon="-4.462844"></trkpt>
<trkpt lat="43.313164" lon="-4.462565"></trkpt>
<trkpt lat="43.313039" lon="-4.462065"></trkpt>
<trkpt lat="43.312691" lon="-4.461761"></trkpt>
<trkpt lat="43.312523" lon="-4.461645"></trkpt>
<trkpt lat="43.312362" lon="-4.461587"></trkpt>
<trkpt lat="43.312274" lon="-4.461620"></trkpt>
<trkpt lat="43.312210" lon="-4.461728"></trkpt>
<trkpt lat="43.312072" lon="-4.462203"></trkpt>
<trkpt lat="43.311702" lon="-4.463104"></trkpt>
<trkpt lat="43.311583" lon="-4.464541"></trkpt>
<trkpt lat="43.311550" lon="-4.465458"></trkpt>
<trkpt lat="43.311378" lon="-4.466541"></trkpt>
<trkpt lat="43.311252" lon="-4.467155"></trkpt>
<trkpt lat="43.311198" lon="-4.467708"></trkpt>
<trkpt lat="43.311271" lon="-4.468696"></trkpt>
<trkpt lat="43.311245" lon="-4.468878"></trkpt>
<trkpt lat="43.311129" lon="-4.469141"></trkpt>
<trkpt lat="43.310930" lon="-4.469404"></trkpt>
<trkpt lat="43.310300" lon="-4.469625"></trkpt>
<trkpt lat="43.310221" lon="-4.469718"></trkpt>
<trkpt lat="43.310123" lon="-4.470021"></trkpt>
<trkpt lat="43.309794" lon="-4.470000"></trkpt>
<trkpt lat="43.309646" lon="-4.470030"></trkpt>
<trkpt lat="43.309441" lon="-4.470122"></trkpt>
<trkpt lat="43.309357" lon="-4.470160"></trkpt>
<trkpt lat="43.309059" lon="-4.470312"></trkpt>
<trkpt lat="43.308714" lon="-4.470429"></trkpt>
<trkpt lat="43.308515" lon="-4.470442"></trkpt>
<trkpt lat="43.308334" lon="-4.470417"></trkpt>
<trkpt lat="43.308311" lon="-4.470646"></trkpt>
<trkpt lat="43.308237" lon="-4.471479"></trkpt>
<trkpt lat="43.308222" lon="-4.471626"></trkpt>
<trkpt lat="43.308039" lon="-4.471586"></trkpt>
<trkpt lat="43.307885" lon="-4.471494"></trkpt>
<trkpt lat="43.307549" lon="-4.471222"></trkpt>
<trkpt lat="43.307524" lon="-4.471201"></trkpt>
<trkpt lat="43.307491" lon="-4.471173"></trkpt>
<trkpt lat="43.307292" lon="-4.470949"></trkpt>
<trkpt lat="43.304779" lon="-4.466954"></trkpt>
<trkpt lat="43.304683" lon="-4.466805"></trkpt>
<trkpt lat="43.304628" lon="-4.466683"></trkpt>
<trkpt lat="43.304289" lon="-4.465882"></trkpt>
<trkpt lat="43.304158" lon="-4.465599"></trkpt>
<trkpt lat="43.303750" lon="-4.465006"></trkpt>
<trkpt lat="43.303512" lon="-4.464752"></trkpt>
<trkpt lat="43.303142" lon="-4.464423"></trkpt>
<trkpt lat="43.302899" lon="-4.464261"></trkpt>
<trkpt lat="43.302603" lon="-4.464111"></trkpt>
<trkpt lat="43.301578" lon="-4.463813"></trkpt>
<trkpt lat="43.301382" lon="-4.463685"></trkpt>
<trkpt lat="43.301236" lon="-4.463548"></trkpt>
<trkpt lat="43.300594" lon="-4.462797"></trkpt>
<trkpt lat="43.300062" lon="-4.462108"></trkpt>
<trkpt lat="43.299962" lon="-4.461934"></trkpt>
<trkpt lat="43.299808" lon="-4.461359"></trkpt>
<trkpt lat="43.299684" lon="-4.461154"></trkpt>
<trkpt lat="43.299403" lon="-4.460781"></trkpt>
<trkpt lat="43.299114" lon="-4.460490"></trkpt>
<trkpt lat="43.298692" lon="-4.460166"></trkpt>
<trkpt lat="43.297855" lon="-4.459739"></trkpt>
<trkpt lat="43.297253" lon="-4.459337"></trkpt>
<trkpt lat="43.296924" lon="-4.459183"></trkpt>
<trkpt lat="43.296621" lon="-4.458856"></trkpt>
<trkpt lat="43.296557" lon="-4.458755"></trkpt>
<trkpt lat="43.296398" lon="-4.458347"></trkpt>
<trkpt lat="43.296292" lon="-4.458264"></trkpt>
<trkpt lat="43.295917" lon="-4.458120"></trkpt>
<trkpt lat="43.295819" lon="-4.458127"></trkpt>
<trkpt lat="43.295757" lon="-4.458147"></trkpt>
<trkpt lat="43.295492" lon="-4.458387"></trkpt>
<trkpt lat="43.295322" lon="-4.458465"></trkpt>
<trkpt lat="43.294659" lon="-4.458512"></trkpt>
<trkpt lat="43.294381" lon="-4.458721"></trkpt>
<trkpt lat="43.294235" lon="-4.458938"></trkpt>
<trkpt lat="43.294124" lon="-4.459244"></trkpt>
<trkpt lat="43.294034" lon="-4.459590"></trkpt>
<trkpt lat="43.293665" lon="-4.461876"></trkpt>
<trkpt lat="43.293653" lon="-4.462174"></trkpt>
<trkpt lat="43.293668" lon="-4.462478"></trkpt>
<trkpt lat="43.293741" lon="-4.463399"></trkpt>
<trkpt lat="43.293746" lon="-4.463823"></trkpt>
<trkpt lat="43.293737" lon="-4.464039"></trkpt>
<trkpt lat="43.293619" lon="-4.464732"></trkpt>
<trkpt lat="43.293603" lon="-4.465276"></trkpt>
<trkpt lat="43.293667" lon="-4.466465"></trkpt>
<trkpt lat="43.293653" lon="-4.467023"></trkpt>
<trkpt lat="43.293609" lon="-4.467312"></trkpt>
<trkpt lat="43.293145" lon="-4.468316"></trkpt>
<trkpt lat="43.292585" lon="-4.469070"></trkpt>
<trkpt lat="43.292369" lon="-4.469276"></trkpt>
<trkpt lat="43.291921" lon="-4.469532"></trkpt>
<trkpt lat="43.291774" lon="-4.469684"></trkpt>
<trkpt lat="43.291654" lon="-4.469932"></trkpt>
<trkpt lat="43.291570" lon="-4.470035"></trkpt>
<trkpt lat="43.291209" lon="-4.470177"></trkpt>
<trkpt lat="43.290882" lon="-4.470435"></trkpt>
<trkpt lat="43.290737" lon="-4.470517"></trkpt>
<trkpt lat="43.290425" lon="-4.470561"></trkpt>
<trkpt lat="43.290083" lon="-4.470498"></trkpt>
<trkpt lat="43.289954" lon="-4.470519"></trkpt>
<trkpt lat="43.289296" lon="-4.470960"></trkpt>
<trkpt lat="43.289183" lon="-4.471055"></trkpt>
<trkpt lat="43.288967" lon="-4.471310"></trkpt>
<trkpt lat="43.288765" lon="-4.471717"></trkpt>
<trkpt lat="43.288598" lon="-4.472303"></trkpt>
<trkpt lat="43.288497" lon="-4.473062"></trkpt>
<trkpt lat="43.288324" lon="-4.473783"></trkpt>
<trkpt lat="43.288324" lon="-4.474049"></trkpt>
<trkpt lat="43.288366" lon="-4.474153"></trkpt>
<trkpt lat="43.288379" lon="-4.474370"></trkpt>
<trkpt lat="43.288299" lon="-4.474583"></trkpt>
<trkpt lat="43.288149" lon="-4.474777"></trkpt>
<trkpt lat="43.287238" lon="-4.477956"></trkpt>
<trkpt lat="43.287097" lon="-4.478293"></trkpt>
<trkpt lat="43.286679" lon="-4.478740"></trkpt>
<trkpt lat="43.286593" lon="-4.478865"></trkpt>
<trkpt lat="43.285996" lon="-4.480046"></trkpt>
<trkpt lat="43.285654" lon="-4.480638"></trkpt>
<trkpt lat="43.285083" lon="-4.481429"></trkpt>
<trkpt lat="43.284581" lon="-4.482218"></trkpt>
<trkpt lat="43.284075" lon="-4.482810"></trkpt>
<trkpt lat="43.283921" lon="-4.483061"></trkpt>
<trkpt lat="43.283843" lon="-4.483146"></trkpt>
<trkpt lat="43.283596" lon="-4.483300"></trkpt>
<trkpt lat="43.283025" lon="-4.483934"></trkpt>
<trkpt lat="43.282909" lon="-4.484012"></trkpt>
<trkpt lat="43.282524" lon="-4.484073"></trkpt>
<trkpt lat="43.282029" lon="-4.484112"></trkpt>
<trkpt lat="43.281739" lon="-4.484104"></trkpt>
<trkpt lat="43.281587" lon="-4.484048"></trkpt>
<trkpt lat="43.281346" lon="-4.483869"></trkpt>
<trkpt lat="43.281217" lon="-4.483832"></trkpt>
<trkpt lat="43.280888" lon="-4.483839"></trkpt>
<trkpt lat="43.280591" lon="-4.483914"></trkpt>
<trkpt lat="43.280478" lon="-4.483916"></trkpt>
<trkpt lat="43.279854" lon="-4.483722"></trkpt>
<trkpt lat="43.279278" lon="-4.483739"></trkpt>
<trkpt lat="43.278959" lon="-4.483780"></trkpt>
<trkpt lat="43.278804" lon="-4.483830"></trkpt>
<trkpt lat="43.278739" lon="-4.483884"></trkpt>
<trkpt lat="43.278479" lon="-4.484237"></trkpt>
<trkpt lat="43.277951" lon="-4.484539"></trkpt>
<trkpt lat="43.277755" lon="-4.484586"></trkpt>
<trkpt lat="43.277067" lon="-4.484584"></trkpt>
<trkpt lat="43.276211" lon="-4.484719"></trkpt>
<trkpt lat="43.275590" lon="-4.484841"></trkpt>
<trkpt lat="43.274968" lon="-4.484817"></trkpt>
<trkpt lat="43.274806" lon="-4.484846"></trkpt>
<trkpt lat="43.273196" lon="-4.485333"></trkpt>
<trkpt lat="43.273100" lon="-4.485365"></trkpt>
<trkpt lat="43.272908" lon="-4.485666"></trkpt>
<trkpt lat="43.272334" lon="-4.485995"></trkpt>
<trkpt lat="43.272198" lon="-4.485978"></trkpt>
<trkpt lat="43.272120" lon="-4.485934"></trkpt>
<trkpt lat="43.271875" lon="-4.485676"></trkpt>
<trkpt lat="43.271774" lon="-4.485517"></trkpt>
<trkpt lat="43.271551" lon="-4.485359"></trkpt>
<trkpt lat="43.271310" lon="-4.485234"></trkpt>
<trkpt lat="43.271143" lon="-4.485203"></trkpt>
<trkpt lat="43.271064" lon="-4.485230"></trkpt>
<trkpt lat="43.270944" lon="-4.485318"></trkpt>
<trkpt lat="43.270807" lon="-4.485472"></trkpt>
<trkpt lat="43.270656" lon="-4.485568"></trkpt>
<trkpt lat="43.270322" lon="-4.485593"></trkpt>
<trkpt lat="43.270185" lon="-4.485563"></trkpt>
<trkpt lat="43.270048" lon="-4.485455"></trkpt>
<trkpt lat="43.269343" lon="-4.485190"></trkpt>
<trkpt lat="43.269120" lon="-4.485040"></trkpt>
<trkpt lat="43.269004" lon="-4.485062"></trkpt>
<trkpt lat="43.268837" lon="-4.485301"></trkpt>
<trkpt lat="43.268744" lon="-4.485374"></trkpt>
<trkpt lat="43.268148" lon="-4.485672"></trkpt>
<trkpt lat="43.268014" lon="-4.485707"></trkpt>
<trkpt lat="43.267743" lon="-4.485620"></trkpt>
<trkpt lat="43.267574" lon="-4.485637"></trkpt>
<trkpt lat="43.267447" lon="-4.485688"></trkpt>
<trkpt lat="43.267130" lon="-4.485856"></trkpt>
<trkpt lat="43.266430" lon="-4.486488"></trkpt>
<trkpt lat="43.266264" lon="-4.486592"></trkpt>
<trkpt lat="43.265904" lon="-4.486622"></trkpt>
<trkpt lat="43.265545" lon="-4.486519"></trkpt>
<trkpt lat="43.265222" lon="-4.486515"></trkpt>
<trkpt lat="43.264928" lon="-4.486424"></trkpt>
<trkpt lat="43.264261" lon="-4.486576"></trkpt>
<trkpt lat="43.264032" lon="-4.486766"></trkpt>
<trkpt lat="43.263918" lon="-4.486775"></trkpt>
<trkpt lat="43.263752" lon="-4.486692"></trkpt>
<trkpt lat="43.263545" lon="-4.486730"></trkpt>
<trkpt lat="43.263415" lon="-4.486712"></trkpt>
<trkpt lat="43.263354" lon="-4.486672"></trkpt>
<trkpt lat="43.263142" lon="-4.486399"></trkpt>
<trkpt lat="43.263003" lon="-4.486289"></trkpt>
<trkpt lat="43.262813" lon="-4.486314"></trkpt>
<trkpt lat="43.262517" lon="-4.486848"></trkpt>
<trkpt lat="43.262433" lon="-4.486937"></trkpt>
<trkpt lat="43.262316" lon="-4.486978"></trkpt>
<trkpt lat="43.261741" lon="-4.486996"></trkpt>
<trkpt lat="43.261012" lon="-4.486913"></trkpt>
<trkpt lat="43.260859" lon="-4.486769"></trkpt>
<trkpt lat="43.260519" lon="-4.486178"></trkpt>
<trkpt lat="43.260356" lon="-4.485816"></trkpt>
<trkpt lat="43.260110" lon="-4.485469"></trkpt>
<trkpt lat="43.259935" lon="-4.485293"></trkpt>
<trkpt lat="43.259699" lon="-4.485258"></trkpt>
<trkpt lat="43.259620" lon="-4.485187"></trkpt>
<trkpt lat="43.259263" lon="-4.484368"></trkpt>
<trkpt lat="43.258945" lon="-4.483885"></trkpt>
<trkpt lat="43.258792" lon="-4.483705"></trkpt>
<trkpt lat="43.258479" lon="-4.483426"></trkpt>
<trkpt lat="43.258299" lon="-4.483308"></trkpt>
<trkpt lat="43.258052" lon="-4.483110"></trkpt>
<trkpt lat="43.258097" lon="-4.483022"></trkpt>
<trkpt lat="43.258163" lon="-4.482641"></trkpt>
<trkpt lat="43.258154" lon="-4.482505"></trkpt>
<trkpt lat="43.258113" lon="-4.482400"></trkpt>
<trkpt lat="43.258020" lon="-4.482302"></trkpt>
<trkpt lat="43.257773" lon="-4.482232"></trkpt>
<trkpt lat="43.257610" lon="-4.482133"></trkpt>
<trkpt lat="43.257100" lon="-4.481611"></trkpt>
<trkpt lat="43.256958" lon="-4.481379"></trkpt>
<trkpt lat="43.256874" lon="-4.481148"></trkpt>
<trkpt lat="43.256779" lon="-4.480973"></trkpt>
<trkpt lat="43.256403" lon="-4.480712"></trkpt>
<trkpt lat="43.256313" lon="-4.480582"></trkpt>
<trkpt lat="43.256248" lon="-4.480425"></trkpt>
<trkpt lat="43.256140" lon="-4.479962"></trkpt>
<trkpt lat="43.256019" lon="-4.479596"></trkpt>
<trkpt lat="43.255636" lon="-4.479020"></trkpt>
<trkpt lat="43.255435" lon="-4.478812"></trkpt>
<trkpt lat="43.254210" lon="-4.478048"></trkpt>
<trkpt lat="43.253053" lon="-4.477006"></trkpt>
<trkpt lat="43.252097" lon="-4.476159"></trkpt>
<trkpt lat="43.251858" lon="-4.475969"></trkpt>
<trkpt lat="43.251805" lon="-4.475950"></trkpt>
<trkpt lat="43.251530" lon="-4.475810"></trkpt>
<trkpt lat="43.251012" lon="-4.475509"></trkpt>
<trkpt lat="43.250942" lon="-4.475443"></trkpt>
<trkpt lat="43.250600" lon="-4.475071"></trkpt>
<trkpt lat="43.250177" lon="-4.474799"></trkpt>
<trkpt lat="43.249644" lon="-4.474399"></trkpt>
<trkpt lat="43.249538" lon="-4.474362"></trkpt>
<trkpt lat="43.249416" lon="-4.474405"></trkpt>
<trkpt lat="43.249148" lon="-4.474502"></trkpt>
<trkpt lat="43.249054" lon="-4.474468"></trkpt>
<trkpt lat="43.248997" lon="-4.474401"></trkpt>
<trkpt lat="43.248898" lon="-4.474253"></trkpt>
<trkpt lat="43.248814" lon="-4.474131"></trkpt>
<trkpt lat="43.248677" lon="-4.473954"></trkpt>
<trkpt lat="43.248525" lon="-4.473879"></trkpt>
<trkpt lat="43.248341" lon="-4.473875"></trkpt>
<trkpt lat="43.248198" lon="-4.473929"></trkpt>
<trkpt lat="43.248029" lon="-4.474120"></trkpt>
<trkpt lat="43.247948" lon="-4.474148"></trkpt>
<trkpt lat="43.247696" lon="-4.474163"></trkpt>
<trkpt lat="43.247542" lon="-4.474219"></trkpt>
<trkpt lat="43.247349" lon="-4.474263"></trkpt>
<trkpt lat="43.247257" lon="-4.474213"></trkpt>
<trkpt lat="43.246965" lon="-4.473797"></trkpt>
<trkpt lat="43.246951" lon="-4.473720"></trkpt>
<trkpt lat="43.247003" lon="-4.473646"></trkpt>
<trkpt lat="43.247760" lon="-4.473300"></trkpt>
<trkpt lat="43.248080" lon="-4.473193"></trkpt>
<trkpt lat="43.248162" lon="-4.473142"></trkpt>
<trkpt lat="43.248222" lon="-4.473058"></trkpt>
<trkpt lat="43.248273" lon="-4.472950"></trkpt>
<trkpt lat="43.248401" lon="-4.472498"></trkpt>
<trkpt lat="43.248451" lon="-4.472321"></trkpt>
<trkpt lat="43.248616" lon="-4.471575"></trkpt>
<trkpt lat="43.248853" lon="-4.471045"></trkpt>
<trkpt lat="43.248928" lon="-4.470494"></trkpt>
<trkpt lat="43.249201" lon="-4.469443"></trkpt>
<trkpt lat="43.249241" lon="-4.469179"></trkpt>
<trkpt lat="43.249215" lon="-4.468597"></trkpt>
<trkpt lat="43.249262" lon="-4.468065"></trkpt>
<trkpt lat="43.249235" lon="-4.467686"></trkpt>
<trkpt lat="43.249411" lon="-4.467175"></trkpt>
<trkpt lat="43.249434" lon="-4.467055"></trkpt>
<trkpt lat="43.249410" lon="-4.466462"></trkpt>
<trkpt lat="43.249475" lon="-4.466119"></trkpt>
<trkpt lat="43.249465" lon="-4.465894"></trkpt>
<trkpt lat="43.249521" lon="-4.464646"></trkpt>
<trkpt lat="43.249488" lon="-4.464184"></trkpt>
<trkpt lat="43.249533" lon="-4.463906"></trkpt>
<trkpt lat="43.249605" lon="-4.463772"></trkpt>
<trkpt lat="43.249763" lon="-4.463758"></trkpt>
<trkpt lat="43.249891" lon="-4.463795"></trkpt>
<trkpt lat="43.250006" lon="-4.463902"></trkpt>
<trkpt lat="43.250108" lon="-4.464051"></trkpt>
<trkpt lat="43.250165" lon="-4.464196"></trkpt>
<trkpt lat="43.250304" lon="-4.464795"></trkpt>
<trkpt lat="43.250427" lon="-4.465814"></trkpt>
<trkpt lat="43.250633" lon="-4.466571"></trkpt>
<trkpt lat="43.250757" lon="-4.466922"></trkpt>
<trkpt lat="43.250853" lon="-4.466969"></trkpt>
<trkpt lat="43.250942" lon="-4.466961"></trkpt>
<trkpt lat="43.251320" lon="-4.466696"></trkpt>
<trkpt lat="43.251516" lon="-4.466513"></trkpt>
<trkpt lat="43.251737" lon="-4.466239"></trkpt>
<trkpt lat="43.252009" lon="-4.465643"></trkpt>
<trkpt lat="43.252096" lon="-4.465530"></trkpt>
<trkpt lat="43.252212" lon="-4.465516"></trkpt>
<trkpt lat="43.252271" lon="-4.465542"></trkpt>
<trkpt lat="43.252343" lon="-4.465640"></trkpt>
<trkpt lat="43.252396" lon="-4.465785"></trkpt>
<trkpt lat="43.252471" lon="-4.466664"></trkpt>
<trkpt lat="43.252447" lon="-4.466939"></trkpt>
<trkpt lat="43.252330" lon="-4.467293"></trkpt>
<trkpt lat="43.252325" lon="-4.467462"></trkpt>
<trkpt lat="43.252350" lon="-4.467634"></trkpt>
<trkpt lat="43.252387" lon="-4.467834"></trkpt>
<trkpt lat="43.252687" lon="-4.468600"></trkpt>
<trkpt lat="43.252961" lon="-4.469571"></trkpt>
<trkpt lat="43.253125" lon="-4.469877"></trkpt>
<trkpt lat="43.253703" lon="-4.470751"></trkpt>
<trkpt lat="43.253804" lon="-4.470801"></trkpt>
<trkpt lat="43.253884" lon="-4.470716"></trkpt>
<trkpt lat="43.253880" lon="-4.470537"></trkpt>
<trkpt lat="43.253505" lon="-4.469685"></trkpt>
<trkpt lat="43.253463" lon="-4.469551"></trkpt>
<trkpt lat="43.253453" lon="-4.469386"></trkpt>
<trkpt lat="43.253500" lon="-4.468225"></trkpt>
<trkpt lat="43.253623" lon="-4.466958"></trkpt>
<trkpt lat="43.253684" lon="-4.465853"></trkpt>
<trkpt lat="43.253738" lon="-4.463476"></trkpt>
<trkpt lat="43.254019" lon="-4.462053"></trkpt>
<trkpt lat="43.254211" lon="-4.460673"></trkpt>
<trkpt lat="43.254745" lon="-4.458493"></trkpt>
<trkpt lat="43.254896" lon="-4.457652"></trkpt>
<trkpt lat="43.254965" lon="-4.457127"></trkpt>
<trkpt lat="43.254936" lon="-4.456985"></trkpt>
<trkpt lat="43.254876" lon="-4.456910"></trkpt>
<trkpt lat="43.254770" lon="-4.456901"></trkpt>
<trkpt lat="43.254574" lon="-4.456979"></trkpt>
<trkpt lat="43.254197" lon="-4.457213"></trkpt>
<trkpt lat="43.253906" lon="-4.457326"></trkpt>
<trkpt lat="43.253492" lon="-4.457623"></trkpt>
<trkpt lat="43.252921" lon="-4.457959"></trkpt>
<trkpt lat="43.252698" lon="-4.458152"></trkpt>
<trkpt lat="43.251963" lon="-4.458943"></trkpt>
<trkpt lat="43.251842" lon="-4.458929"></trkpt>
<trkpt lat="43.251822" lon="-4.458882"></trkpt>
<trkpt lat="43.251828" lon="-4.458811"></trkpt>
<trkpt lat="43.252227" lon="-4.458334"></trkpt>
<trkpt lat="43.252522" lon="-4.457893"></trkpt>
<trkpt lat="43.252861" lon="-4.457276"></trkpt>
<trkpt lat="43.253431" lon="-4.456488"></trkpt>
<trkpt lat="43.253792" lon="-4.455874"></trkpt>
<trkpt lat="43.254123" lon="-4.455163"></trkpt>
<trkpt lat="43.254227" lon="-4.454990"></trkpt>
<trkpt lat="43.254525" lon="-4.454607"></trkpt>
<trkpt lat="43.254784" lon="-4.454226"></trkpt>
<trkpt lat="43.255530" lon="-4.453014"></trkpt>
<trkpt lat="43.255836" lon="-4.452436"></trkpt>
<trkpt lat="43.256095" lon="-4.451822"></trkpt>
<trkpt lat="43.256183" lon="-4.451524"></trkpt>
<trkpt lat="43.256340" lon="-4.450512"></trkpt>
<trkpt lat="43.256472" lon="-4.449968"></trkpt>
<trkpt lat="43.256556" lon="-4.449814"></trkpt>
<trkpt lat="43.256726" lon="-4.449652"></trkpt>
<trkpt lat="43.256789" lon="-4.449532"></trkpt>
<trkpt lat="43.256812" lon="-4.448812"></trkpt>
<trkpt lat="43.256891" lon="-4.448546"></trkpt>
<trkpt lat="43.257028" lon="-4.448247"></trkpt>
<trkpt lat="43.257043" lon="-4.448163"></trkpt>
<trkpt lat="43.257043" lon="-4.447489"></trkpt>
<trkpt lat="43.257067" lon="-4.447119"></trkpt>
<trkpt lat="43.257266" lon="-4.445862"></trkpt>
<trkpt lat="43.257278" lon="-4.445646"></trkpt>
<trkpt lat="43.257150" lon="-4.444227"></trkpt>
<trkpt lat="43.257038" lon="-4.442292"></trkpt>
<trkpt lat="43.257001" lon="-4.441955"></trkpt>
<trkpt lat="43.256847" lon="-4.441048"></trkpt>
<trkpt lat="43.256658" lon="-4.440735"></trkpt>
<trkpt lat="43.256443" lon="-4.440512"></trkpt>
<trkpt lat="43.256319" lon="-4.440488"></trkpt>
<trkpt lat="43.256153" lon="-4.440549"></trkpt>
<trkpt lat="43.256076" lon="-4.440612"></trkpt>
<trkpt lat="43.255987" lon="-4.440781"></trkpt>
<trkpt lat="43.255587" lon="-4.442466"></trkpt>
<trkpt lat="43.255459" lon="-4.442836"></trkpt>
<trkpt lat="43.255243" lon="-4.443350"></trkpt>
<trkpt lat="43.255175" lon="-4.443407"></trkpt>
<trkpt lat="43.255083" lon="-4.443410"></trkpt>
<trkpt lat="43.255012" lon="-4.443362"></trkpt>
<trkpt lat="43.254898" lon="-4.443225"></trkpt>
<trkpt lat="43.254660" lon="-4.442772"></trkpt>
<trkpt lat="43.254615" lon="-4.442552"></trkpt>
<trkpt lat="43.254514" lon="-4.441319"></trkpt>
<trkpt lat="43.254474" lon="-4.441035"></trkpt>
<trkpt lat="43.254361" lon="-4.440629"></trkpt>
<trkpt lat="43.254019" lon="-4.440018"></trkpt>
<trkpt lat="43.253985" lon="-4.439756"></trkpt>
<trkpt lat="43.254032" lon="-4.439326"></trkpt>
<trkpt lat="43.254031" lon="-4.439141"></trkpt>
<trkpt lat="43.253988" lon="-4.438924"></trkpt>
<trkpt lat="43.253755" lon="-4.438071"></trkpt>
<trkpt lat="43.253554" lon="-4.437680"></trkpt>
<trkpt lat="43.253691" lon="-4.435807"></trkpt>
<trkpt lat="43.253728" lon="-4.435519"></trkpt>
<trkpt lat="43.253700" lon="-4.434833"></trkpt>
<trkpt lat="43.253525" lon="-4.434188"></trkpt>
<trkpt lat="43.253455" lon="-4.433597"></trkpt>
<trkpt lat="43.253347" lon="-4.432290"></trkpt>
<trkpt lat="43.252867" lon="-4.431028"></trkpt>
<trkpt lat="43.252556" lon="-4.430312"></trkpt>
<trkpt lat="43.252014" lon="-4.429221"></trkpt>
<trkpt lat="43.251873" lon="-4.429013"></trkpt>
<trkpt lat="43.251581" lon="-4.428735"></trkpt>
<trkpt lat="43.251508" lon="-4.428588"></trkpt>
<trkpt lat="43.251281" lon="-4.427888"></trkpt>
<trkpt lat="43.251014" lon="-4.427383"></trkpt>
<trkpt lat="43.250680" lon="-4.426964"></trkpt>
<trkpt lat="43.250446" lon="-4.426858"></trkpt>
<trkpt lat="43.250394" lon="-4.426801"></trkpt>
<trkpt lat="43.250382" lon="-4.426707"></trkpt>
<trkpt lat="43.250422" lon="-4.426630"></trkpt>
<trkpt lat="43.250461" lon="-4.426604"></trkpt>
<trkpt lat="43.250582" lon="-4.426616"></trkpt>
<trkpt lat="43.250689" lon="-4.426645"></trkpt>
<trkpt lat="43.250859" lon="-4.426743"></trkpt>
<trkpt lat="43.251215" lon="-4.427002"></trkpt>
<trkpt lat="43.251497" lon="-4.427218"></trkpt>
<trkpt lat="43.251766" lon="-4.427552"></trkpt>
<trkpt lat="43.252370" lon="-4.428062"></trkpt>
<trkpt lat="43.252979" lon="-4.428642"></trkpt>
<trkpt lat="43.253309" lon="-4.428999"></trkpt>
<trkpt lat="43.253698" lon="-4.429104"></trkpt>
<trkpt lat="43.253789" lon="-4.429181"></trkpt>
<trkpt lat="43.253905" lon="-4.429339"></trkpt>
<trkpt lat="43.253997" lon="-4.429391"></trkpt>
<trkpt lat="43.254059" lon="-4.429363"></trkpt>
<trkpt lat="43.254105" lon="-4.429254"></trkpt>
<trkpt lat="43.254092" lon="-4.429187"></trkpt>
<trkpt lat="43.253987" lon="-4.428990"></trkpt>
<trkpt lat="43.253892" lon="-4.428895"></trkpt>
<trkpt lat="43.253686" lon="-4.428786"></trkpt>
<trkpt lat="43.253541" lon="-4.428780"></trkpt>
<trkpt lat="43.253392" lon="-4.428702"></trkpt>
<trkpt lat="43.253061" lon="-4.428074"></trkpt>
<trkpt lat="43.252886" lon="-4.427542"></trkpt>
<trkpt lat="43.252720" lon="-4.427289"></trkpt>
<trkpt lat="43.252722" lon="-4.427132"></trkpt>
<trkpt lat="43.252804" lon="-4.426849"></trkpt>
<trkpt lat="43.252856" lon="-4.426413"></trkpt>
<trkpt lat="43.252879" lon="-4.425797"></trkpt>
<trkpt lat="43.252868" lon="-4.425344"></trkpt>
<trkpt lat="43.252893" lon="-4.425190"></trkpt>
<trkpt lat="43.252931" lon="-4.425110"></trkpt>
<trkpt lat="43.253213" lon="-4.424813"></trkpt>
<trkpt lat="43.253231" lon="-4.424619"></trkpt>
<trkpt lat="43.253132" lon="-4.424443"></trkpt>
<trkpt lat="43.252852" lon="-4.424278"></trkpt>
<trkpt lat="43.252735" lon="-4.424155"></trkpt>
<trkpt lat="43.252294" lon="-4.423496"></trkpt>
<trkpt lat="43.251727" lon="-4.422063"></trkpt>
<trkpt lat="43.251641" lon="-4.421943"></trkpt>
<trkpt lat="43.251225" lon="-4.421695"></trkpt>
<trkpt lat="43.251119" lon="-4.421564"></trkpt>
<trkpt lat="43.250888" lon="-4.420905"></trkpt>
<trkpt lat="43.250847" lon="-4.420587"></trkpt>
<trkpt lat="43.250955" lon="-4.419237"></trkpt>
<trkpt lat="43.250991" lon="-4.419151"></trkpt>
<trkpt lat="43.251250" lon="-4.418952"></trkpt>
<trkpt lat="43.251317" lon="-4.418855"></trkpt>
<trkpt lat="43.251744" lon="-4.417506"></trkpt>
<trkpt lat="43.251849" lon="-4.417278"></trkpt>
<trkpt lat="43.252006" lon="-4.417083"></trkpt>
<trkpt lat="43.252184" lon="-4.416984"></trkpt>
<trkpt lat="43.252482" lon="-4.416869"></trkpt>
<trkpt lat="43.252672" lon="-4.416777"></trkpt>
<trkpt lat="43.252793" lon="-4.416660"></trkpt>
<trkpt lat="43.253075" lon="-4.416095"></trkpt>
<trkpt lat="43.253160" lon="-4.415993"></trkpt>
<trkpt lat="43.253346" lon="-4.415929"></trkpt>
<trkpt lat="43.253394" lon="-4.415924"></trkpt>
<trkpt lat="43.253557" lon="-4.415911"></trkpt>
<trkpt lat="43.253747" lon="-4.415853"></trkpt>
<trkpt lat="43.253896" lon="-4.415716"></trkpt>
<trkpt lat="43.254085" lon="-4.415432"></trkpt>
<trkpt lat="43.254091" lon="-4.415309"></trkpt>
<trkpt lat="43.254043" lon="-4.415176"></trkpt>
<trkpt lat="43.253879" lon="-4.415013"></trkpt>
<trkpt lat="43.253684" lon="-4.414854"></trkpt>
<trkpt lat="43.253443" lon="-4.414732"></trkpt>
<trkpt lat="43.253139" lon="-4.414738"></trkpt>
<trkpt lat="43.252911" lon="-4.414813"></trkpt>
<trkpt lat="43.252814" lon="-4.414899"></trkpt>
<trkpt lat="43.252372" lon="-4.415438"></trkpt>
<trkpt lat="43.252311" lon="-4.415560"></trkpt>
<trkpt lat="43.252215" lon="-4.415673"></trkpt>
<trkpt lat="43.252094" lon="-4.415761"></trkpt>
<trkpt lat="43.252031" lon="-4.415746"></trkpt>
<trkpt lat="43.252020" lon="-4.415628"></trkpt>
<trkpt lat="43.252455" lon="-4.414800"></trkpt>
<trkpt lat="43.252986" lon="-4.413502"></trkpt>
<trkpt lat="43.253097" lon="-4.413283"></trkpt>
<trkpt lat="43.253273" lon="-4.412784"></trkpt>
<trkpt lat="43.253306" lon="-4.412371"></trkpt>
<trkpt lat="43.253706" lon="-4.411203"></trkpt>
<trkpt lat="43.253737" lon="-4.411142"></trkpt>
<trkpt lat="43.253788" lon="-4.411119"></trkpt>
<trkpt lat="43.254023" lon="-4.411156"></trkpt>
<trkpt lat="43.254065" lon="-4.411199"></trkpt>
<trkpt lat="43.254199" lon="-4.411510"></trkpt>
<trkpt lat="43.254264" lon="-4.411561"></trkpt>
<trkpt lat="43.254355" lon="-4.411574"></trkpt>
<trkpt lat="43.254839" lon="-4.411514"></trkpt>
<trkpt lat="43.254938" lon="-4.411472"></trkpt>
<trkpt lat="43.255039" lon="-4.411365"></trkpt>
<trkpt lat="43.255192" lon="-4.411135"></trkpt>
<trkpt lat="43.255385" lon="-4.410657"></trkpt>
<trkpt lat="43.255429" lon="-4.410477"></trkpt>
<trkpt lat="43.255451" lon="-4.410328"></trkpt>
<trkpt lat="43.255451" lon="-4.409787"></trkpt>
<trkpt lat="43.255398" lon="-4.409410"></trkpt>
<trkpt lat="43.255313" lon="-4.409269"></trkpt>
<trkpt lat="43.255023" lon="-4.409082"></trkpt>
<trkpt lat="43.254788" lon="-4.408924"></trkpt>
<trkpt lat="43.254681" lon="-4.408795"></trkpt>
<trkpt lat="43.254394" lon="-4.408259"></trkpt>
<trkpt lat="43.254348" lon="-4.408076"></trkpt>
<trkpt lat="43.254304" lon="-4.407801"></trkpt>
<trkpt lat="43.254225" lon="-4.407384"></trkpt>
<trkpt lat="43.254377" lon="-4.407241"></trkpt>
<trkpt lat="43.254433" lon="-4.407152"></trkpt>
<trkpt lat="43.254500" lon="-4.407032"></trkpt>
<trkpt lat="43.254695" lon="-4.406628"></trkpt>
<trkpt lat="43.254747" lon="-4.406527"></trkpt>
<trkpt lat="43.254629" lon="-4.406246"></trkpt>
<trkpt lat="43.254204" lon="-4.405658"></trkpt>
<trkpt lat="43.253940" lon="-4.405277"></trkpt>
<trkpt lat="43.253876" lon="-4.405186"></trkpt>
<trkpt lat="43.253631" lon="-4.404840"></trkpt>
<trkpt lat="43.253343" lon="-4.404439"></trkpt>
<trkpt lat="43.253199" lon="-4.404195"></trkpt>
<trkpt lat="43.253019" lon="-4.403760"></trkpt>
<trkpt lat="43.252905" lon="-4.403265"></trkpt>
<trkpt lat="43.252872" lon="-4.402941"></trkpt>
<trkpt lat="43.252878" lon="-4.402656"></trkpt>
<trkpt lat="43.252906" lon="-4.402237"></trkpt>
<trkpt lat="43.252949" lon="-4.401788"></trkpt>
<trkpt lat="43.253065" lon="-4.400545"></trkpt>
<trkpt lat="43.253092" lon="-4.400203"></trkpt>
<trkpt lat="43.253098" lon="-4.399668"></trkpt>
<trkpt lat="43.253027" lon="-4.399012"></trkpt>
<trkpt lat="43.252514" lon="-4.396694"></trkpt>
<trkpt lat="43.252483" lon="-4.396552"></trkpt>
<trkpt lat="43.252382" lon="-4.396106"></trkpt>
<trkpt lat="43.252092" lon="-4.394754"></trkpt>
<trkpt lat="43.252037" lon="-4.394216"></trkpt>
<trkpt lat="43.252037" lon="-4.393474"></trkpt>
<trkpt lat="43.252192" lon="-4.390856"></trkpt>
<trkpt lat="43.252396" lon="-4.387565"></trkpt>
<trkpt lat="43.252667" lon="-4.385985"></trkpt>
<trkpt lat="43.253152" lon="-4.384293"></trkpt>
<trkpt lat="43.253219" lon="-4.383760"></trkpt>
<trkpt lat="43.253099" lon="-4.382275"></trkpt>
<trkpt lat="43.253000" lon="-4.381551"></trkpt>
<trkpt lat="43.252984" lon="-4.380966"></trkpt>
<trkpt lat="43.253050" lon="-4.380595"></trkpt>
<trkpt lat="43.253103" lon="-4.380455"></trkpt>
<trkpt lat="43.253190" lon="-4.380310"></trkpt>
<trkpt lat="43.253562" lon="-4.379836"></trkpt>
<trkpt lat="43.253768" lon="-4.379310"></trkpt>
<trkpt lat="43.254061" lon="-4.378231"></trkpt>
<trkpt lat="43.255423" lon="-4.373542"></trkpt>
<trkpt lat="43.255622" lon="-4.372679"></trkpt>
<trkpt lat="43.255757" lon="-4.371839"></trkpt>
<trkpt lat="43.255854" lon="-4.370721"></trkpt>
<trkpt lat="43.255880" lon="-4.369546"></trkpt>
<trkpt lat="43.255885" lon="-4.369306"></trkpt>
<trkpt lat="43.255899" lon="-4.368352"></trkpt>
<trkpt lat="43.255901" lon="-4.368202"></trkpt>
<trkpt lat="43.255991" lon="-4.363290"></trkpt>
<trkpt lat="43.256069" lon="-4.362490"></trkpt>
<trkpt lat="43.256231" lon="-4.361043"></trkpt>
<trkpt lat="43.256234" lon="-4.360539"></trkpt>
<trkpt lat="43.256194" lon="-4.359940"></trkpt>
<trkpt lat="43.256123" lon="-4.359636"></trkpt>
<trkpt lat="43.255991" lon="-4.359182"></trkpt>
<trkpt lat="43.255944" lon="-4.359029"></trkpt>
<trkpt lat="43.255882" lon="-4.358824"></trkpt>
<trkpt lat="43.255812" lon="-4.358598"></trkpt>
<trkpt lat="43.255652" lon="-4.358085"></trkpt>
<trkpt lat="43.255488" lon="-4.357668"></trkpt>
<trkpt lat="43.255210" lon="-4.357121"></trkpt>
<trkpt lat="43.255018" lon="-4.356735"></trkpt>
<trkpt lat="43.254989" lon="-4.356672"></trkpt>
<trkpt lat="43.254708" lon="-4.356096"></trkpt>
<trkpt lat="43.254581" lon="-4.355823"></trkpt>
<trkpt lat="43.254472" lon="-4.355477"></trkpt>
<trkpt lat="43.254434" lon="-4.355244"></trkpt>
<trkpt lat="43.254450" lon="-4.354844"></trkpt>
<trkpt lat="43.254502" lon="-4.354586"></trkpt>
<trkpt lat="43.254584" lon="-4.354355"></trkpt>
<trkpt lat="43.254708" lon="-4.354117"></trkpt>
<trkpt lat="43.255095" lon="-4.353472"></trkpt>
<trkpt lat="43.255471" lon="-4.352845"></trkpt>
<trkpt lat="43.255531" lon="-4.352709"></trkpt>
<trkpt lat="43.255597" lon="-4.352468"></trkpt>
<trkpt lat="43.255758" lon="-4.351824"></trkpt>
<trkpt lat="43.255852" lon="-4.351621"></trkpt>
<trkpt lat="43.256158" lon="-4.351293"></trkpt>
<trkpt lat="43.256613" lon="-4.350963"></trkpt>
<trkpt lat="43.256812" lon="-4.350746"></trkpt>
<trkpt lat="43.257089" lon="-4.350331"></trkpt>
<trkpt lat="43.257396" lon="-4.349732"></trkpt>
<trkpt lat="43.257449" lon="-4.349577"></trkpt>
<trkpt lat="43.257473" lon="-4.349407"></trkpt>
<trkpt lat="43.257600" lon="-4.347918"></trkpt>
<trkpt lat="43.257636" lon="-4.347738"></trkpt>
<trkpt lat="43.257825" lon="-4.347261"></trkpt>
<trkpt lat="43.258072" lon="-4.346425"></trkpt>
<trkpt lat="43.258165" lon="-4.346274"></trkpt>
<trkpt lat="43.258498" lon="-4.346090"></trkpt>
<trkpt lat="43.258579" lon="-4.346000"></trkpt>
<trkpt lat="43.258682" lon="-4.345782"></trkpt>
<trkpt lat="43.258798" lon="-4.345389"></trkpt>
<trkpt lat="43.259189" lon="-4.344734"></trkpt>
<trkpt lat="43.259294" lon="-4.344502"></trkpt>
<trkpt lat="43.259357" lon="-4.344257"></trkpt>
<trkpt lat="43.259502" lon="-4.343962"></trkpt>
<trkpt lat="43.259891" lon="-4.343306"></trkpt>
<trkpt lat="43.260086" lon="-4.343038"></trkpt>
<trkpt lat="43.260088" lon="-4.342875"></trkpt>
<trkpt lat="43.259977" lon="-4.342367"></trkpt>
<trkpt lat="43.259986" lon="-4.342287"></trkpt>
<trkpt lat="43.260053" lon="-4.342103"></trkpt>
<trkpt lat="43.260270" lon="-4.341782"></trkpt>
<trkpt lat="43.260296" lon="-4.341714"></trkpt>
<trkpt lat="43.260312" lon="-4.341512"></trkpt>
<trkpt lat="43.260242" lon="-4.341298"></trkpt>
<trkpt lat="43.260134" lon="-4.341175"></trkpt>
<trkpt lat="43.260022" lon="-4.341117"></trkpt>
<trkpt lat="43.259824" lon="-4.341119"></trkpt>
<trkpt lat="43.259676" lon="-4.341203"></trkpt>
<trkpt lat="43.259536" lon="-4.341382"></trkpt>
<trkpt lat="43.259086" lon="-4.341957"></trkpt>
<trkpt lat="43.258618" lon="-4.342835"></trkpt>
<trkpt lat="43.258372" lon="-4.343017"></trkpt>
<trkpt lat="43.258246" lon="-4.343095"></trkpt>
<trkpt lat="43.258129" lon="-4.343275"></trkpt>
<trkpt lat="43.258091" lon="-4.343473"></trkpt>
<trkpt lat="43.258105" lon="-4.343729"></trkpt>
<trkpt lat="43.258083" lon="-4.343866"></trkpt>
<trkpt lat="43.258015" lon="-4.344049"></trkpt>
<trkpt lat="43.257607" lon="-4.344321"></trkpt>
<trkpt lat="43.257134" lon="-4.344741"></trkpt>
<trkpt lat="43.256777" lon="-4.344953"></trkpt>
<trkpt lat="43.256591" lon="-4.345106"></trkpt>
<trkpt lat="43.256508" lon="-4.345204"></trkpt>
<trkpt lat="43.256337" lon="-4.345774"></trkpt>
<trkpt lat="43.256204" lon="-4.345961"></trkpt>
<trkpt lat="43.255965" lon="-4.346199"></trkpt>
<trkpt lat="43.255712" lon="-4.346272"></trkpt>
<trkpt lat="43.255586" lon="-4.346364"></trkpt>
<trkpt lat="43.255500" lon="-4.346540"></trkpt>
<trkpt lat="43.255439" lon="-4.346818"></trkpt>
<trkpt lat="43.255452" lon="-4.347149"></trkpt>
<trkpt lat="43.255416" lon="-4.347376"></trkpt>
<trkpt lat="43.255355" lon="-4.347499"></trkpt>
<trkpt lat="43.255012" lon="-4.347797"></trkpt>
<trkpt lat="43.254936" lon="-4.347937"></trkpt>
<trkpt lat="43.254887" lon="-4.348397"></trkpt>
<trkpt lat="43.254818" lon="-4.348658"></trkpt>
<trkpt lat="43.254540" lon="-4.349095"></trkpt>
<trkpt lat="43.254378" lon="-4.349291"></trkpt>
<trkpt lat="43.254118" lon="-4.349520"></trkpt>
<trkpt lat="43.253981" lon="-4.349725"></trkpt>
<trkpt lat="43.253891" lon="-4.349964"></trkpt>
<trkpt lat="43.253794" lon="-4.350118"></trkpt>
<trkpt lat="43.253678" lon="-4.350187"></trkpt>
<trkpt lat="43.253547" lon="-4.350192"></trkpt>
<trkpt lat="43.253370" lon="-4.350124"></trkpt>
<trkpt lat="43.252599" lon="-4.349595"></trkpt>
<trkpt lat="43.251852" lon="-4.349322"></trkpt>
<trkpt lat="43.251717" lon="-4.349243"></trkpt>
<trkpt lat="43.251480" lon="-4.349080"></trkpt>
<trkpt lat="43.251052" lon="-4.348670"></trkpt>
<trkpt lat="43.250900" lon="-4.348564"></trkpt>
<trkpt lat="43.250848" lon="-4.348558"></trkpt>
<trkpt lat="43.250676" lon="-4.348656"></trkpt>
<trkpt lat="43.250391" lon="-4.349046"></trkpt>
<trkpt lat="43.250299" lon="-4.349137"></trkpt>
<trkpt lat="43.250105" lon="-4.349152"></trkpt>
<trkpt lat="43.249828" lon="-4.348983"></trkpt>
<trkpt lat="43.249685" lon="-4.348862"></trkpt>
<trkpt lat="43.249558" lon="-4.348706"></trkpt>
<trkpt lat="43.249178" lon="-4.348080"></trkpt>
<trkpt lat="43.248851" lon="-4.347360"></trkpt>
<trkpt lat="43.248621" lon="-4.346951"></trkpt>
<trkpt lat="43.248537" lon="-4.346763"></trkpt>
<trkpt lat="43.248482" lon="-4.346558"></trkpt>
<trkpt lat="43.248447" lon="-4.346301"></trkpt>
<trkpt lat="43.248463" lon="-4.346031"></trkpt>
<trkpt lat="43.248601" lon="-4.345396"></trkpt>
<trkpt lat="43.248667" lon="-4.344956"></trkpt>
<trkpt lat="43.248710" lon="-4.344515"></trkpt>
<trkpt lat="43.248688" lon="-4.344094"></trkpt>
<trkpt lat="43.248623" lon="-4.343870"></trkpt>
<trkpt lat="43.248552" lon="-4.343744"></trkpt>
<trkpt lat="43.248173" lon="-4.343414"></trkpt>
<trkpt lat="43.247903" lon="-4.343134"></trkpt>
<trkpt lat="43.247822" lon="-4.343006"></trkpt>
<trkpt lat="43.247762" lon="-4.342869"></trkpt>
<trkpt lat="43.247730" lon="-4.342723"></trkpt>
<trkpt lat="43.247723" lon="-4.342464"></trkpt>
<trkpt lat="43.247776" lon="-4.342170"></trkpt>
<trkpt lat="43.247938" lon="-4.341562"></trkpt>
<trkpt lat="43.248101" lon="-4.341170"></trkpt>
<trkpt lat="43.248158" lon="-4.340868"></trkpt>
<trkpt lat="43.248095" lon="-4.340363"></trkpt>
<trkpt lat="43.247896" lon="-4.339612"></trkpt>
<trkpt lat="43.247912" lon="-4.339351"></trkpt>
<trkpt lat="43.247968" lon="-4.339143"></trkpt>
<trkpt lat="43.248018" lon="-4.339074"></trkpt>
<trkpt lat="43.248417" lon="-4.338744"></trkpt>
<trkpt lat="43.248575" lon="-4.338536"></trkpt>
<trkpt lat="43.248617" lon="-4.338327"></trkpt>
<trkpt lat="43.248599" lon="-4.338063"></trkpt>
<trkpt lat="43.248612" lon="-4.337818"></trkpt>
<trkpt lat="43.248655" lon="-4.337648"></trkpt>
<trkpt lat="43.248822" lon="-4.337326"></trkpt>
<trkpt lat="43.248864" lon="-4.337184"></trkpt>
<trkpt lat="43.248902" lon="-4.336352"></trkpt>
<trkpt lat="43.248893" lon="-4.335969"></trkpt>
<trkpt lat="43.248697" lon="-4.335370"></trkpt>
<trkpt lat="43.248599" lon="-4.334846"></trkpt>
<trkpt lat="43.248638" lon="-4.334611"></trkpt>
<trkpt lat="43.248874" lon="-4.334125"></trkpt>
<trkpt lat="43.249035" lon="-4.333698"></trkpt>
<trkpt lat="43.249086" lon="-4.333443"></trkpt>
<trkpt lat="43.249083" lon="-4.333330"></trkpt>
<trkpt lat="43.249065" lon="-4.333180"></trkpt>
<trkpt lat="43.249056" lon="-4.333102"></trkpt>
<trkpt lat="43.248754" lon="-4.332402"></trkpt>
<trkpt lat="43.248644" lon="-4.332094"></trkpt>
<trkpt lat="43.248594" lon="-4.331880"></trkpt>
<trkpt lat="43.248605" lon="-4.331699"></trkpt>
<trkpt lat="43.248712" lon="-4.331379"></trkpt>
<trkpt lat="43.248721" lon="-4.331068"></trkpt>
<trkpt lat="43.248623" lon="-4.330762"></trkpt>
<trkpt lat="43.248454" lon="-4.330487"></trkpt>
<trkpt lat="43.248208" lon="-4.330168"></trkpt>
<trkpt lat="43.248004" lon="-4.329796"></trkpt>
<trkpt lat="43.247966" lon="-4.329659"></trkpt>
<trkpt lat="43.247928" lon="-4.329346"></trkpt>
<trkpt lat="43.247873" lon="-4.329192"></trkpt>
<trkpt lat="43.247482" lon="-4.328554"></trkpt>
<trkpt lat="43.247311" lon="-4.328201"></trkpt>
<trkpt lat="43.247116" lon="-4.327670"></trkpt>
<trkpt lat="43.247062" lon="-4.327362"></trkpt>
<trkpt lat="43.247081" lon="-4.326689"></trkpt>
<trkpt lat="43.247055" lon="-4.326431"></trkpt>
<trkpt lat="43.246975" lon="-4.326255"></trkpt>
<trkpt lat="43.246772" lon="-4.325948"></trkpt>
<trkpt lat="43.246625" lon="-4.325372"></trkpt>
<trkpt lat="43.246550" lon="-4.325194"></trkpt>
<trkpt lat="43.246387" lon="-4.324935"></trkpt>
<trkpt lat="43.246184" lon="-4.324725"></trkpt>
<trkpt lat="43.245964" lon="-4.324575"></trkpt>
<trkpt lat="43.245781" lon="-4.324490"></trkpt>
<trkpt lat="43.245575" lon="-4.324421"></trkpt>
<trkpt lat="43.245488" lon="-4.324431"></trkpt>
<trkpt lat="43.245118" lon="-4.324609"></trkpt>
<trkpt lat="43.244900" lon="-4.324616"></trkpt>
<trkpt lat="43.244679" lon="-4.324491"></trkpt>
<trkpt lat="43.244390" lon="-4.324179"></trkpt>
<trkpt lat="43.244313" lon="-4.324150"></trkpt>
<trkpt lat="43.244210" lon="-4.324161"></trkpt>
<trkpt lat="43.244092" lon="-4.324211"></trkpt>
<trkpt lat="43.243983" lon="-4.324316"></trkpt>
<trkpt lat="43.243611" lon="-4.324858"></trkpt>
<trkpt lat="43.243367" lon="-4.325027"></trkpt>
<trkpt lat="43.243110" lon="-4.325005"></trkpt>
<trkpt lat="43.242565" lon="-4.324731"></trkpt>
<trkpt lat="43.242200" lon="-4.324612"></trkpt>
<trkpt lat="43.241354" lon="-4.324500"></trkpt>
<trkpt lat="43.241145" lon="-4.324544"></trkpt>
<trkpt lat="43.241046" lon="-4.324595"></trkpt>
<trkpt lat="43.240855" lon="-4.324730"></trkpt>
<trkpt lat="43.240421" lon="-4.325158"></trkpt>
<trkpt lat="43.240227" lon="-4.325259"></trkpt>
<trkpt lat="43.240110" lon="-4.325258"></trkpt>
<trkpt lat="43.239884" lon="-4.325140"></trkpt>
<trkpt lat="43.239711" lon="-4.324925"></trkpt>
<trkpt lat="43.239656" lon="-4.324777"></trkpt>
<trkpt lat="43.239640" lon="-4.324616"></trkpt>
<trkpt lat="43.239700" lon="-4.323815"></trkpt>
<trkpt lat="43.239698" lon="-4.323598"></trkpt>
<trkpt lat="43.239651" lon="-4.323371"></trkpt>
<trkpt lat="43.239495" lon="-4.323090"></trkpt>
<trkpt lat="43.239217" lon="-4.322789"></trkpt>
<trkpt lat="43.238961" lon="-4.322575"></trkpt>
<trkpt lat="43.238850" lon="-4.322544"></trkpt>
<trkpt lat="43.238647" lon="-4.322579"></trkpt>
<trkpt lat="43.237311" lon="-4.323141"></trkpt>
<trkpt lat="43.236379" lon="-4.323610"></trkpt>
<trkpt lat="43.236204" lon="-4.323620"></trkpt>
<trkpt lat="43.235264" lon="-4.322882"></trkpt>
<trkpt lat="43.234629" lon="-4.322134"></trkpt>
<trkpt lat="43.234498" lon="-4.322012"></trkpt>
<trkpt lat="43.234025" lon="-4.321676"></trkpt>
<trkpt lat="43.233910" lon="-4.321480"></trkpt>
<trkpt lat="43.233884" lon="-4.321290"></trkpt>
<trkpt lat="43.233896" lon="-4.321195"></trkpt>
<trkpt lat="43.233963" lon="-4.321052"></trkpt>
<trkpt lat="43.234025" lon="-4.320964"></trkpt>
<trkpt lat="43.234116" lon="-4.320919"></trkpt>
<trkpt lat="43.234383" lon="-4.320864"></trkpt>
<trkpt lat="43.234458" lon="-4.320814"></trkpt>
<trkpt lat="43.234541" lon="-4.320746"></trkpt>
<trkpt lat="43.234719" lon="-4.320490"></trkpt>
<trkpt lat="43.234808" lon="-4.320221"></trkpt>
<trkpt lat="43.234943" lon="-4.319608"></trkpt>
<trkpt lat="43.234951" lon="-4.319478"></trkpt>
<trkpt lat="43.234930" lon="-4.319357"></trkpt>
<trkpt lat="43.234854" lon="-4.319116"></trkpt>
<trkpt lat="43.234743" lon="-4.318963"></trkpt>
<trkpt lat="43.234225" lon="-4.318397"></trkpt>
<trkpt lat="43.233879" lon="-4.317900"></trkpt>
<trkpt lat="43.233714" lon="-4.317716"></trkpt>
<trkpt lat="43.232965" lon="-4.317470"></trkpt>
<trkpt lat="43.232072" lon="-4.316679"></trkpt>
<trkpt lat="43.231957" lon="-4.316531"></trkpt>
<trkpt lat="43.231746" lon="-4.316178"></trkpt>
<trkpt lat="43.231594" lon="-4.315848"></trkpt>
<trkpt lat="43.231492" lon="-4.315475"></trkpt>
<trkpt lat="43.231424" lon="-4.315103"></trkpt>
<trkpt lat="43.231383" lon="-4.314571"></trkpt>
<trkpt lat="43.231431" lon="-4.314147"></trkpt>
<trkpt lat="43.231591" lon="-4.313798"></trkpt>
<trkpt lat="43.231825" lon="-4.313572"></trkpt>
<trkpt lat="43.231918" lon="-4.313375"></trkpt>
<trkpt lat="43.231930" lon="-4.313093"></trkpt>
<trkpt lat="43.231885" lon="-4.312625"></trkpt>
<trkpt lat="43.231617" lon="-4.312033"></trkpt>
<trkpt lat="43.231591" lon="-4.311894"></trkpt>
<trkpt lat="43.231573" lon="-4.311504"></trkpt>
<trkpt lat="43.231600" lon="-4.310754"></trkpt>
<trkpt lat="43.231924" lon="-4.309170"></trkpt>
<trkpt lat="43.231998" lon="-4.308910"></trkpt>
<trkpt lat="43.232029" lon="-4.308840"></trkpt>
<trkpt lat="43.232192" lon="-4.308703"></trkpt>
<trkpt lat="43.232257" lon="-4.308660"></trkpt>
<trkpt lat="43.232418" lon="-4.308541"></trkpt>
<trkpt lat="43.232504" lon="-4.308410"></trkpt>
<trkpt lat="43.232951" lon="-4.307379"></trkpt>
<trkpt lat="43.233163" lon="-4.306624"></trkpt>
<trkpt lat="43.233341" lon="-4.306131"></trkpt>
<trkpt lat="43.233393" lon="-4.305759"></trkpt>
<trkpt lat="43.233511" lon="-4.305446"></trkpt>
<trkpt lat="43.233740" lon="-4.305106"></trkpt>
<trkpt lat="43.233905" lon="-4.304936"></trkpt>
<trkpt lat="43.234334" lon="-4.304684"></trkpt>
<trkpt lat="43.234519" lon="-4.304615"></trkpt>
<trkpt lat="43.234631" lon="-4.304619"></trkpt>
<trkpt lat="43.235429" lon="-4.304806"></trkpt>
<trkpt lat="43.235644" lon="-4.304889"></trkpt>
<trkpt lat="43.235873" lon="-4.305141"></trkpt>
<trkpt lat="43.236119" lon="-4.305493"></trkpt>
<trkpt lat="43.236276" lon="-4.305793"></trkpt>
<trkpt lat="43.236394" lon="-4.306108"></trkpt>
<trkpt lat="43.236466" lon="-4.306205"></trkpt>
<trkpt lat="43.236527" lon="-4.306242"></trkpt>
<trkpt lat="43.236632" lon="-4.306260"></trkpt>
<trkpt lat="43.237282" lon="-4.306205"></trkpt>
<trkpt lat="43.237628" lon="-4.306204"></trkpt>
<trkpt lat="43.237846" lon="-4.306297"></trkpt>
<trkpt lat="43.238200" lon="-4.306552"></trkpt>
<trkpt lat="43.238517" lon="-4.306991"></trkpt>
<trkpt lat="43.238650" lon="-4.306993"></trkpt>
<trkpt lat="43.238695" lon="-4.306959"></trkpt>
<trkpt lat="43.238751" lon="-4.306853"></trkpt>
<trkpt lat="43.238773" lon="-4.306668"></trkpt>
<trkpt lat="43.238743" lon="-4.306557"></trkpt>
<trkpt lat="43.238597" lon="-4.306346"></trkpt>
<trkpt lat="43.238156" lon="-4.306057"></trkpt>
<trkpt lat="43.237661" lon="-4.305644"></trkpt>
<trkpt lat="43.237436" lon="-4.305543"></trkpt>
<trkpt lat="43.237324" lon="-4.305505"></trkpt>
<trkpt lat="43.237229" lon="-4.305431"></trkpt>
<trkpt lat="43.237177" lon="-4.305362"></trkpt>
<trkpt lat="43.237094" lon="-4.305157"></trkpt>
<trkpt lat="43.236862" lon="-4.304810"></trkpt>
<trkpt lat="43.236791" lon="-4.304665"></trkpt>
<trkpt lat="43.236714" lon="-4.304161"></trkpt>
<trkpt lat="43.236622" lon="-4.303954"></trkpt>
<trkpt lat="43.236310" lon="-4.303702"></trkpt>
<trkpt lat="43.235735" lon="-4.303050"></trkpt>
<trkpt lat="43.235567" lon="-4.302798"></trkpt>
<trkpt lat="43.235377" lon="-4.302422"></trkpt>
<trkpt lat="43.235157" lon="-4.302124"></trkpt>
<trkpt lat="43.234839" lon="-4.301750"></trkpt>
<trkpt lat="43.234668" lon="-4.301609"></trkpt>
<trkpt lat="43.234481" lon="-4.301529"></trkpt>
<trkpt lat="43.234214" lon="-4.301487"></trkpt>
<trkpt lat="43.233990" lon="-4.301513"></trkpt>
<trkpt lat="43.233659" lon="-4.301716"></trkpt>
<trkpt lat="43.232971" lon="-4.301892"></trkpt>
<trkpt lat="43.232516" lon="-4.301851"></trkpt>
<trkpt lat="43.232160" lon="-4.301871"></trkpt>
<trkpt lat="43.231959" lon="-4.301906"></trkpt>
<trkpt lat="43.231668" lon="-4.302044"></trkpt>
<trkpt lat="43.231533" lon="-4.302135"></trkpt>
<trkpt lat="43.231328" lon="-4.302201"></trkpt>
<trkpt lat="43.231139" lon="-4.302133"></trkpt>
<trkpt lat="43.231013" lon="-4.301970"></trkpt>
<trkpt lat="43.230905" lon="-4.301685"></trkpt>
<trkpt lat="43.230780" lon="-4.301457"></trkpt>
<trkpt lat="43.230678" lon="-4.301329"></trkpt>
<trkpt lat="43.230398" lon="-4.301088"></trkpt>
<trkpt lat="43.229903" lon="-4.300682"></trkpt>
<trkpt lat="43.229703" lon="-4.300638"></trkpt>
<trkpt lat="43.229115" lon="-4.300822"></trkpt>
<trkpt lat="43.228859" lon="-4.300858"></trkpt>
<trkpt lat="43.228701" lon="-4.300973"></trkpt>
<trkpt lat="43.228558" lon="-4.301194"></trkpt>
<trkpt lat="43.228450" lon="-4.301335"></trkpt>
<trkpt lat="43.228316" lon="-4.301425"></trkpt>
<trkpt lat="43.228189" lon="-4.301498"></trkpt>
<trkpt lat="43.227788" lon="-4.301602"></trkpt>
<trkpt lat="43.227671" lon="-4.301565"></trkpt>
<trkpt lat="43.227576" lon="-4.301498"></trkpt>
<trkpt lat="43.227366" lon="-4.301296"></trkpt>
<trkpt lat="43.227281" lon="-4.301364"></trkpt>
<trkpt lat="43.227049" lon="-4.301492"></trkpt>
<trkpt lat="43.226961" lon="-4.301527"></trkpt>
<trkpt lat="43.226925" lon="-4.301538"></trkpt>
<trkpt lat="43.226787" lon="-4.301177"></trkpt>
<trkpt lat="43.226716" lon="-4.300840"></trkpt>
<trkpt lat="43.226681" lon="-4.300772"></trkpt>
<trkpt lat="43.226583" lon="-4.300688"></trkpt>
<trkpt lat="43.226520" lon="-4.300568"></trkpt>
<trkpt lat="43.226473" lon="-4.300490"></trkpt>
<trkpt lat="43.226366" lon="-4.300440"></trkpt>
<trkpt lat="43.226326" lon="-4.300392"></trkpt>
<trkpt lat="43.226213" lon="-4.300136"></trkpt>
<trkpt lat="43.226148" lon="-4.300058"></trkpt>
<trkpt lat="43.225896" lon="-4.299950"></trkpt>
<trkpt lat="43.225747" lon="-4.299989"></trkpt>
<trkpt lat="43.225694" lon="-4.299820"></trkpt>
<trkpt lat="43.225624" lon="-4.299693"></trkpt>
<trkpt lat="43.225508" lon="-4.299759"></trkpt>
<trkpt lat="43.225322" lon="-4.299762"></trkpt>
<trkpt lat="43.225324" lon="-4.299836"></trkpt>
<trkpt lat="43.225266" lon="-4.300101"></trkpt>
<trkpt lat="43.225058" lon="-4.299938"></trkpt>
<trkpt lat="43.224913" lon="-4.299852"></trkpt>
<trkpt lat="43.224837" lon="-4.299859"></trkpt>
<trkpt lat="43.224668" lon="-4.299955"></trkpt>
<trkpt lat="43.224514" lon="-4.300095"></trkpt>
<trkpt lat="43.224412" lon="-4.300083"></trkpt>
<trkpt lat="43.223658" lon="-4.299810"></trkpt>
<trkpt lat="43.223325" lon="-4.299756"></trkpt>
<trkpt lat="43.223199" lon="-4.299796"></trkpt>
<trkpt lat="43.222938" lon="-4.299962"></trkpt>
<trkpt lat="43.222189" lon="-4.300161"></trkpt>
<trkpt lat="43.221943" lon="-4.300179"></trkpt>
<trkpt lat="43.221403" lon="-4.300094"></trkpt>
<trkpt lat="43.221080" lon="-4.300231"></trkpt>
<trkpt lat="43.220668" lon="-4.300136"></trkpt>
<trkpt lat="43.219774" lon="-4.300459"></trkpt>
<trkpt lat="43.219460" lon="-4.300375"></trkpt>
<trkpt lat="43.218986" lon="-4.300156"></trkpt>
<trkpt lat="43.218398" lon="-4.300091"></trkpt>
<trkpt lat="43.218143" lon="-4.300116"></trkpt>
<trkpt lat="43.217610" lon="-4.300321"></trkpt>
<trkpt lat="43.216979" lon="-4.300497"></trkpt>
<trkpt lat="43.216957" lon="-4.300558"></trkpt>
<trkpt lat="43.216609" lon="-4.300643"></trkpt>
<trkpt lat="43.216265" lon="-4.300802"></trkpt>
<trkpt lat="43.215831" lon="-4.300878"></trkpt>
<trkpt lat="43.215586" lon="-4.300982"></trkpt>
<trkpt lat="43.215421" lon="-4.301002"></trkpt>
<trkpt lat="43.215171" lon="-4.300934"></trkpt>
<trkpt lat="43.215033" lon="-4.300938"></trkpt>
<trkpt lat="43.214746" lon="-4.301028"></trkpt>
<trkpt lat="43.214510" lon="-4.301026"></trkpt>
<trkpt lat="43.214274" lon="-4.301071"></trkpt>
<trkpt lat="43.213803" lon="-4.301267"></trkpt>
<trkpt lat="43.213561" lon="-4.301269"></trkpt>
<trkpt lat="43.213054" lon="-4.301363"></trkpt>
<trkpt lat="43.212953" lon="-4.301418"></trkpt>
<trkpt lat="43.212878" lon="-4.301538"></trkpt>
<trkpt lat="43.212807" lon="-4.301974"></trkpt>
<trkpt lat="43.211557" lon="-4.301516"></trkpt>
<trkpt lat="43.211340" lon="-4.301437"></trkpt>
<trkpt lat="43.209927" lon="-4.300921"></trkpt>
<trkpt lat="43.209557" lon="-4.300844"></trkpt>
<trkpt lat="43.209289" lon="-4.300828"></trkpt>
<trkpt lat="43.208953" lon="-4.300855"></trkpt>
<trkpt lat="43.208642" lon="-4.300948"></trkpt>
<trkpt lat="43.208483" lon="-4.301029"></trkpt>
<trkpt lat="43.208162" lon="-4.301231"></trkpt>
<trkpt lat="43.207815" lon="-4.301512"></trkpt>
<trkpt lat="43.206476" lon="-4.302606"></trkpt>
<trkpt lat="43.205510" lon="-4.303403"></trkpt>
<trkpt lat="43.205237" lon="-4.303582"></trkpt>
<trkpt lat="43.205076" lon="-4.303644"></trkpt>
<trkpt lat="43.204816" lon="-4.303646"></trkpt>
<trkpt lat="43.204464" lon="-4.303747"></trkpt>
<trkpt lat="43.203199" lon="-4.304220"></trkpt>
<trkpt lat="43.202759" lon="-4.304373"></trkpt>
<trkpt lat="43.202514" lon="-4.304463"></trkpt>
<trkpt lat="43.202199" lon="-4.304585"></trkpt>
<trkpt lat="43.201173" lon="-4.304956"></trkpt>
<trkpt lat="43.201148" lon="-4.304965"></trkpt>
<trkpt lat="43.200971" lon="-4.305028"></trkpt>
<trkpt lat="43.200841" lon="-4.305075"></trkpt>
<trkpt lat="43.199727" lon="-4.305481"></trkpt>
<trkpt lat="43.199013" lon="-4.305744"></trkpt>
<trkpt lat="43.198300" lon="-4.305988"></trkpt>
<trkpt lat="43.197992" lon="-4.306058"></trkpt>
<trkpt lat="43.197917" lon="-4.306069"></trkpt>
<trkpt lat="43.197688" lon="-4.306091"></trkpt>
<trkpt lat="43.191065" lon="-4.305851"></trkpt>
<trkpt lat="43.190611" lon="-4.305911"></trkpt>
<trkpt lat="43.190410" lon="-4.305981"></trkpt>
<trkpt lat="43.189157" lon="-4.306817"></trkpt>
<trkpt lat="43.188909" lon="-4.306902"></trkpt>
<trkpt lat="43.188749" lon="-4.306911"></trkpt>
<trkpt lat="43.188560" lon="-4.306894"></trkpt>
<trkpt lat="43.186532" lon="-4.306421"></trkpt>
<trkpt lat="43.186262" lon="-4.306315"></trkpt>
<trkpt lat="43.182966" lon="-4.303352"></trkpt>
<trkpt lat="43.182874" lon="-4.303264"></trkpt>
<trkpt lat="43.182478" lon="-4.302655"></trkpt>
<trkpt lat="43.181683" lon="-4.301290"></trkpt>
<trkpt lat="43.180798" lon="-4.299796"></trkpt>
<trkpt lat="43.180177" lon="-4.298756"></trkpt>
<trkpt lat="43.180014" lon="-4.298526"></trkpt>
<trkpt lat="43.179960" lon="-4.298482"></trkpt>
<trkpt lat="43.179818" lon="-4.298416"></trkpt>
<trkpt lat="43.179716" lon="-4.298388"></trkpt>
<trkpt lat="43.178343" lon="-4.298350"></trkpt>
<trkpt lat="43.177991" lon="-4.298424"></trkpt>
<trkpt lat="43.177781" lon="-4.298523"></trkpt>
<trkpt lat="43.177056" lon="-4.298922"></trkpt>
<trkpt lat="43.176878" lon="-4.299001"></trkpt>
<trkpt lat="43.176625" lon="-4.299062"></trkpt>
<trkpt lat="43.176467" lon="-4.299040"></trkpt>
<trkpt lat="43.176282" lon="-4.298981"></trkpt>
<trkpt lat="43.176128" lon="-4.298921"></trkpt>
<trkpt lat="43.176002" lon="-4.298880"></trkpt>
<trkpt lat="43.175888" lon="-4.298844"></trkpt>
<trkpt lat="43.175697" lon="-4.298772"></trkpt>
<trkpt lat="43.175068" lon="-4.298655"></trkpt>
<trkpt lat="43.174754" lon="-4.298528"></trkpt>
<trkpt lat="43.174611" lon="-4.298436"></trkpt>
<trkpt lat="43.174295" lon="-4.298184"></trkpt>
<trkpt lat="43.174156" lon="-4.298029"></trkpt>
<trkpt lat="43.174007" lon="-4.297853"></trkpt>
<trkpt lat="43.173070" lon="-4.296358"></trkpt>
<trkpt lat="43.172872" lon="-4.295972"></trkpt>
<trkpt lat="43.172643" lon="-4.295173"></trkpt>
<trkpt lat="43.172236" lon="-4.294010"></trkpt>
<trkpt lat="43.172009" lon="-4.293485"></trkpt>
<trkpt lat="43.171858" lon="-4.293231"></trkpt>
<trkpt lat="43.171709" lon="-4.293100"></trkpt>
<trkpt lat="43.171214" lon="-4.292909"></trkpt>
<trkpt lat="43.170786" lon="-4.292579"></trkpt>
<trkpt lat="43.170318" lon="-4.292336"></trkpt>
<trkpt lat="43.169750" lon="-4.291530"></trkpt>
<trkpt lat="43.169667" lon="-4.291405"></trkpt>
<trkpt lat="43.169589" lon="-4.291286"></trkpt>
<trkpt lat="43.169437" lon="-4.291049"></trkpt>
<trkpt lat="43.169201" lon="-4.290500"></trkpt>
<trkpt lat="43.169145" lon="-4.290292"></trkpt>
<trkpt lat="43.169028" lon="-4.289633"></trkpt>
<trkpt lat="43.168986" lon="-4.289494"></trkpt>
<trkpt lat="43.168908" lon="-4.289388"></trkpt>
<trkpt lat="43.168817" lon="-4.289372"></trkpt>
<trkpt lat="43.168715" lon="-4.289414"></trkpt>
<trkpt lat="43.168251" lon="-4.289722"></trkpt>
<trkpt lat="43.168135" lon="-4.289707"></trkpt>
<trkpt lat="43.168093" lon="-4.289622"></trkpt>
<trkpt lat="43.168107" lon="-4.289486"></trkpt>
<trkpt lat="43.168427" lon="-4.288843"></trkpt>
<trkpt lat="43.168533" lon="-4.288483"></trkpt>
<trkpt lat="43.168506" lon="-4.288341"></trkpt>
<trkpt lat="43.168132" lon="-4.287503"></trkpt>
<trkpt lat="43.168000" lon="-4.287304"></trkpt>
<trkpt lat="43.167699" lon="-4.286979"></trkpt>
<trkpt lat="43.167309" lon="-4.286683"></trkpt>
<trkpt lat="43.167155" lon="-4.286593"></trkpt>
<trkpt lat="43.166719" lon="-4.286479"></trkpt>
<trkpt lat="43.166243" lon="-4.286176"></trkpt>
<trkpt lat="43.165887" lon="-4.286035"></trkpt>
<trkpt lat="43.165590" lon="-4.285830"></trkpt>
<trkpt lat="43.165011" lon="-4.285271"></trkpt>
<trkpt lat="43.164770" lon="-4.284947"></trkpt>
<trkpt lat="43.164541" lon="-4.284534"></trkpt>
<trkpt lat="43.164274" lon="-4.284306"></trkpt>
<trkpt lat="43.164187" lon="-4.284189"></trkpt>
<trkpt lat="43.164158" lon="-4.284084"></trkpt>
<trkpt lat="43.164110" lon="-4.283648"></trkpt>
<trkpt lat="43.164102" lon="-4.283318"></trkpt>
<trkpt lat="43.164038" lon="-4.283117"></trkpt>
<trkpt lat="43.163834" lon="-4.282716"></trkpt>
<trkpt lat="43.163794" lon="-4.282497"></trkpt>
<trkpt lat="43.163695" lon="-4.280869"></trkpt>
<trkpt lat="43.163701" lon="-4.280735"></trkpt>
<trkpt lat="43.163876" lon="-4.279890"></trkpt>
<trkpt lat="43.163876" lon="-4.279708"></trkpt>
<trkpt lat="43.163813" lon="-4.279582"></trkpt>
<trkpt lat="43.163707" lon="-4.279567"></trkpt>
<trkpt lat="43.163588" lon="-4.279618"></trkpt>
<trkpt lat="43.163011" lon="-4.279975"></trkpt>
<trkpt lat="43.162396" lon="-4.280261"></trkpt>
<trkpt lat="43.162020" lon="-4.280343"></trkpt>
<trkpt lat="43.161724" lon="-4.280360"></trkpt>
<trkpt lat="43.161521" lon="-4.280348"></trkpt>
<trkpt lat="43.161197" lon="-4.280264"></trkpt>
<trkpt lat="43.160601" lon="-4.280246"></trkpt>
<trkpt lat="43.160372" lon="-4.280191"></trkpt>
<trkpt lat="43.160299" lon="-4.280149"></trkpt>
<trkpt lat="43.160205" lon="-4.280041"></trkpt>
<trkpt lat="43.159965" lon="-4.279584"></trkpt>
<trkpt lat="43.159883" lon="-4.279486"></trkpt>
<trkpt lat="43.159766" lon="-4.279436"></trkpt>
<trkpt lat="43.159684" lon="-4.279443"></trkpt>
<trkpt lat="43.159478" lon="-4.279603"></trkpt>
<trkpt lat="43.159417" lon="-4.279725"></trkpt>
<trkpt lat="43.159310" lon="-4.280133"></trkpt>
<trkpt lat="43.159268" lon="-4.280775"></trkpt>
<trkpt lat="43.159166" lon="-4.281024"></trkpt>
<trkpt lat="43.158930" lon="-4.281309"></trkpt>
<trkpt lat="43.158696" lon="-4.281477"></trkpt>
<trkpt lat="43.158564" lon="-4.281517"></trkpt>
<trkpt lat="43.158524" lon="-4.281523"></trkpt>
<trkpt lat="43.158246" lon="-4.281597"></trkpt>
<trkpt lat="43.158077" lon="-4.281736"></trkpt>
<trkpt lat="43.157939" lon="-4.281928"></trkpt>
<trkpt lat="43.157846" lon="-4.281995"></trkpt>
<trkpt lat="43.157799" lon="-4.281991"></trkpt>
<trkpt lat="43.157733" lon="-4.281923"></trkpt>
<trkpt lat="43.157699" lon="-4.281681"></trkpt>
<trkpt lat="43.157633" lon="-4.281518"></trkpt>
<trkpt lat="43.157564" lon="-4.281445"></trkpt>
<trkpt lat="43.157482" lon="-4.281413"></trkpt>
<trkpt lat="43.156665" lon="-4.281568"></trkpt>
<trkpt lat="43.156192" lon="-4.281792"></trkpt>
<trkpt lat="43.155849" lon="-4.282027"></trkpt>
<trkpt lat="43.155492" lon="-4.282108"></trkpt>
<trkpt lat="43.155278" lon="-4.282015"></trkpt>
<trkpt lat="43.154879" lon="-4.281733"></trkpt>
<trkpt lat="43.154507" lon="-4.281673"></trkpt>
<trkpt lat="43.154042" lon="-4.281455"></trkpt>
<trkpt lat="43.153857" lon="-4.281432"></trkpt>
<trkpt lat="43.153740" lon="-4.281497"></trkpt>
<trkpt lat="43.153502" lon="-4.281821"></trkpt>
<trkpt lat="43.153295" lon="-4.282024"></trkpt>
<trkpt lat="43.153071" lon="-4.282193"></trkpt>
<trkpt lat="43.152916" lon="-4.282265"></trkpt>
<trkpt lat="43.151168" lon="-4.282631"></trkpt>
<trkpt lat="43.150934" lon="-4.282683"></trkpt>
<trkpt lat="43.150684" lon="-4.282793"></trkpt>
<trkpt lat="43.150449" lon="-4.282941"></trkpt>
<trkpt lat="43.150235" lon="-4.283135"></trkpt>
<trkpt lat="43.150061" lon="-4.283558"></trkpt>
<trkpt lat="43.149935" lon="-4.283995"></trkpt>
<trkpt lat="43.149866" lon="-4.284159"></trkpt>
<trkpt lat="43.149400" lon="-4.285153"></trkpt>
<trkpt lat="43.148797" lon="-4.286317"></trkpt>
<trkpt lat="43.148652" lon="-4.286545"></trkpt>
<trkpt lat="43.148378" lon="-4.286876"></trkpt>
<trkpt lat="43.148057" lon="-4.287173"></trkpt>
<trkpt lat="43.147447" lon="-4.287592"></trkpt>
<trkpt lat="43.147173" lon="-4.287700"></trkpt>
<trkpt lat="43.146890" lon="-4.287744"></trkpt>
<trkpt lat="43.146547" lon="-4.287626"></trkpt>
<trkpt lat="43.145819" lon="-4.287153"></trkpt>
<trkpt lat="43.145739" lon="-4.287124"></trkpt>
<trkpt lat="43.145676" lon="-4.287124"></trkpt>
<trkpt lat="43.145343" lon="-4.287273"></trkpt>
<trkpt lat="43.144846" lon="-4.287372"></trkpt>
<trkpt lat="43.144593" lon="-4.287467"></trkpt>
<trkpt lat="43.143467" lon="-4.288073"></trkpt>
<trkpt lat="43.142907" lon="-4.288575"></trkpt>
<trkpt lat="43.142807" lon="-4.288636"></trkpt>
<trkpt lat="43.142150" lon="-4.288853"></trkpt>
<trkpt lat="43.141972" lon="-4.289008"></trkpt>
<trkpt lat="43.141610" lon="-4.289460"></trkpt>
<trkpt lat="43.141312" lon="-4.289685"></trkpt>
<trkpt lat="43.140643" lon="-4.290037"></trkpt>
<trkpt lat="43.140561" lon="-4.290085"></trkpt>
<trkpt lat="43.139729" lon="-4.290479"></trkpt>
<trkpt lat="43.139382" lon="-4.290793"></trkpt>
<trkpt lat="43.139243" lon="-4.290884"></trkpt>
<trkpt lat="43.139080" lon="-4.290917"></trkpt>
<trkpt lat="43.138599" lon="-4.290918"></trkpt>
<trkpt lat="43.138204" lon="-4.291066"></trkpt>
<trkpt lat="43.137801" lon="-4.291272"></trkpt>
<trkpt lat="43.137598" lon="-4.291442"></trkpt>
<trkpt lat="43.137065" lon="-4.292247"></trkpt>
<trkpt lat="43.136930" lon="-4.292403"></trkpt>
<trkpt lat="43.136786" lon="-4.292495"></trkpt>
<trkpt lat="43.136294" lon="-4.292694"></trkpt>
<trkpt lat="43.136221" lon="-4.292722"></trkpt>
<trkpt lat="43.136095" lon="-4.292713"></trkpt>
<trkpt lat="43.135574" lon="-4.292458"></trkpt>
<trkpt lat="43.135444" lon="-4.292421"></trkpt>
<trkpt lat="43.134969" lon="-4.292507"></trkpt>
<trkpt lat="43.134253" lon="-4.292526"></trkpt>
<trkpt lat="43.134109" lon="-4.292564"></trkpt>
<trkpt lat="43.133960" lon="-4.292707"></trkpt>
<trkpt lat="43.133735" lon="-4.293165"></trkpt>
<trkpt lat="43.133519" lon="-4.293510"></trkpt>
<trkpt lat="43.133166" lon="-4.293876"></trkpt>
<trkpt lat="43.132917" lon="-4.294005"></trkpt>
<trkpt lat="43.132559" lon="-4.294105"></trkpt>
<trkpt lat="43.131987" lon="-4.294135"></trkpt>
<trkpt lat="43.131774" lon="-4.294190"></trkpt>
<trkpt lat="43.131678" lon="-4.294294"></trkpt>
<trkpt lat="43.131645" lon="-4.294377"></trkpt>
<trkpt lat="43.131586" lon="-4.294732"></trkpt>
<trkpt lat="43.131477" lon="-4.295035"></trkpt>
<trkpt lat="43.131340" lon="-4.295259"></trkpt>
<trkpt lat="43.131228" lon="-4.295374"></trkpt>
<trkpt lat="43.131059" lon="-4.295483"></trkpt>
<trkpt lat="43.130144" lon="-4.295794"></trkpt>
<trkpt lat="43.129815" lon="-4.295956"></trkpt>
<trkpt lat="43.129755" lon="-4.296050"></trkpt>
<trkpt lat="43.129720" lon="-4.296208"></trkpt>
<trkpt lat="43.129716" lon="-4.296623"></trkpt>
<trkpt lat="43.129689" lon="-4.296689"></trkpt>
<trkpt lat="43.129617" lon="-4.296750"></trkpt>
<trkpt lat="43.129451" lon="-4.296831"></trkpt>
<trkpt lat="43.129266" lon="-4.296949"></trkpt>
<trkpt lat="43.129206" lon="-4.297026"></trkpt>
<trkpt lat="43.129009" lon="-4.297274"></trkpt>
<trkpt lat="43.128839" lon="-4.297398"></trkpt>
<trkpt lat="43.128503" lon="-4.297474"></trkpt>
<trkpt lat="43.127977" lon="-4.297494"></trkpt>
<trkpt lat="43.127681" lon="-4.297458"></trkpt>
<trkpt lat="43.127236" lon="-4.297146"></trkpt>
<trkpt lat="43.127071" lon="-4.297110"></trkpt>
<trkpt lat="43.126094" lon="-4.297186"></trkpt>
<trkpt lat="43.125670" lon="-4.297105"></trkpt>
<trkpt lat="43.125071" lon="-4.297163"></trkpt>
<trkpt lat="43.124938" lon="-4.297121"></trkpt>
<trkpt lat="43.124128" lon="-4.296538"></trkpt>
<trkpt lat="43.123470" lon="-4.296251"></trkpt>
<trkpt lat="43.123267" lon="-4.296073"></trkpt>
<trkpt lat="43.122939" lon="-4.295655"></trkpt>
<trkpt lat="43.122740" lon="-4.295063"></trkpt>
<trkpt lat="43.122666" lon="-4.294657"></trkpt>
<trkpt lat="43.122629" lon="-4.294579"></trkpt>
<trkpt lat="43.122531" lon="-4.294501"></trkpt>
<trkpt lat="43.122269" lon="-4.294544"></trkpt>
<trkpt lat="43.122118" lon="-4.294505"></trkpt>
<trkpt lat="43.121903" lon="-4.294265"></trkpt>
<trkpt lat="43.121583" lon="-4.293774"></trkpt>
<trkpt lat="43.121350" lon="-4.293296"></trkpt>
<trkpt lat="43.121281" lon="-4.293115"></trkpt>
<trkpt lat="43.121218" lon="-4.292804"></trkpt>
<trkpt lat="43.121183" lon="-4.292475"></trkpt>
<trkpt lat="43.121211" lon="-4.292379"></trkpt>
<trkpt lat="43.121252" lon="-4.292241"></trkpt>
<trkpt lat="43.121325" lon="-4.292079"></trkpt>
<trkpt lat="43.121697" lon="-4.291970"></trkpt>
<trkpt lat="43.122101" lon="-4.291549"></trkpt>
<trkpt lat="43.122388" lon="-4.291329"></trkpt>
<trkpt lat="43.122748" lon="-4.291180"></trkpt>
<trkpt lat="43.122876" lon="-4.291084"></trkpt>
<trkpt lat="43.123113" lon="-4.290826"></trkpt>
<trkpt lat="43.123428" lon="-4.290125"></trkpt>
<trkpt lat="43.123550" lon="-4.289590"></trkpt>
<trkpt lat="43.123551" lon="-4.289386"></trkpt>
<trkpt lat="43.123484" lon="-4.289098"></trkpt>
<trkpt lat="43.123032" lon="-4.288343"></trkpt>
<trkpt lat="43.122215" lon="-4.286834"></trkpt>
<trkpt lat="43.122107" lon="-4.286575"></trkpt>
<trkpt lat="43.121988" lon="-4.286203"></trkpt>
<trkpt lat="43.121915" lon="-4.285823"></trkpt>
<trkpt lat="43.121678" lon="-4.284272"></trkpt>
<trkpt lat="43.121537" lon="-4.283863"></trkpt>
<trkpt lat="43.121376" lon="-4.283505"></trkpt>
<trkpt lat="43.121276" lon="-4.283339"></trkpt>
<trkpt lat="43.120932" lon="-4.282906"></trkpt>
<trkpt lat="43.120477" lon="-4.282431"></trkpt>
<trkpt lat="43.120209" lon="-4.282257"></trkpt>
<trkpt lat="43.119979" lon="-4.282170"></trkpt>
<trkpt lat="43.119786" lon="-4.282167"></trkpt>
<trkpt lat="43.119696" lon="-4.282223"></trkpt>
<trkpt lat="43.119479" lon="-4.282442"></trkpt>
<trkpt lat="43.119074" lon="-4.282759"></trkpt>
<trkpt lat="43.118459" lon="-4.282852"></trkpt>
<trkpt lat="43.118184" lon="-4.282807"></trkpt>
<trkpt lat="43.118023" lon="-4.282750"></trkpt>
<trkpt lat="43.117522" lon="-4.282411"></trkpt>
<trkpt lat="43.117299" lon="-4.282293"></trkpt>
<trkpt lat="43.117110" lon="-4.282359"></trkpt>
<trkpt lat="43.116822" lon="-4.282783"></trkpt>
<trkpt lat="43.116690" lon="-4.282920"></trkpt>
<trkpt lat="43.116537" lon="-4.282999"></trkpt>
<trkpt lat="43.114869" lon="-4.283416"></trkpt>
<trkpt lat="43.114585" lon="-4.283425"></trkpt>
<trkpt lat="43.113650" lon="-4.283262"></trkpt>
<trkpt lat="43.113252" lon="-4.283289"></trkpt>
<trkpt lat="43.113011" lon="-4.283251"></trkpt>
<trkpt lat="43.112809" lon="-4.283131"></trkpt>
<trkpt lat="43.112108" lon="-4.282326"></trkpt>
<trkpt lat="43.111999" lon="-4.282189"></trkpt>
<trkpt lat="43.111022" lon="-4.280986"></trkpt>
<trkpt lat="43.110604" lon="-4.280419"></trkpt>
<trkpt lat="43.109976" lon="-4.279796"></trkpt>
<trkpt lat="43.109786" lon="-4.279346"></trkpt>
<trkpt lat="43.109636" lon="-4.279082"></trkpt>
<trkpt lat="43.109220" lon="-4.278653"></trkpt>
<trkpt lat="43.108921" lon="-4.278305"></trkpt>
<trkpt lat="43.108846" lon="-4.278175"></trkpt>
<trkpt lat="43.108733" lon="-4.277862"></trkpt>
<trkpt lat="43.108696" lon="-4.277549"></trkpt>
<trkpt lat="43.108697" lon="-4.277350"></trkpt>
<trkpt lat="43.108798" lon="-4.276628"></trkpt>
<trkpt lat="43.108675" lon="-4.275792"></trkpt>
<trkpt lat="43.108700" lon="-4.275314"></trkpt>
<trkpt lat="43.108753" lon="-4.275147"></trkpt>
<trkpt lat="43.108880" lon="-4.275054"></trkpt>
<trkpt lat="43.108992" lon="-4.275056"></trkpt>
<trkpt lat="43.109072" lon="-4.275117"></trkpt>
<trkpt lat="43.109118" lon="-4.275200"></trkpt>
<trkpt lat="43.109125" lon="-4.275271"></trkpt>
<trkpt lat="43.109064" lon="-4.275728"></trkpt>
<trkpt lat="43.109243" lon="-4.276491"></trkpt>
<trkpt lat="43.109237" lon="-4.277295"></trkpt>
<trkpt lat="43.109258" lon="-4.277439"></trkpt>
<trkpt lat="43.109320" lon="-4.277601"></trkpt>
<trkpt lat="43.109552" lon="-4.277853"></trkpt>
<trkpt lat="43.109681" lon="-4.277945"></trkpt>
<trkpt lat="43.110114" lon="-4.278159"></trkpt>
<trkpt lat="43.110814" lon="-4.278692"></trkpt>
<trkpt lat="43.111000" lon="-4.278673"></trkpt>
<trkpt lat="43.111381" lon="-4.278481"></trkpt>
<trkpt lat="43.111458" lon="-4.278459"></trkpt>
<trkpt lat="43.111527" lon="-4.278488"></trkpt>
<trkpt lat="43.111571" lon="-4.278552"></trkpt>
<trkpt lat="43.111581" lon="-4.278682"></trkpt>
<trkpt lat="43.111546" lon="-4.278818"></trkpt>
<trkpt lat="43.111396" lon="-4.279089"></trkpt>
<trkpt lat="43.111324" lon="-4.279274"></trkpt>
<trkpt lat="43.111311" lon="-4.279565"></trkpt>
<trkpt lat="43.111405" lon="-4.279880"></trkpt>
<trkpt lat="43.111485" lon="-4.280004"></trkpt>
<trkpt lat="43.111637" lon="-4.280138"></trkpt>
<trkpt lat="43.111885" lon="-4.280278"></trkpt>
<trkpt lat="43.112103" lon="-4.280241"></trkpt>
<trkpt lat="43.112327" lon="-4.280138"></trkpt>
<trkpt lat="43.112556" lon="-4.279969"></trkpt>
<trkpt lat="43.112740" lon="-4.279916"></trkpt>
<trkpt lat="43.113535" lon="-4.280083"></trkpt>
<trkpt lat="43.114934" lon="-4.280083"></trkpt>
<trkpt lat="43.115008" lon="-4.279964"></trkpt>
<trkpt lat="43.114972" lon="-4.279825"></trkpt>
<trkpt lat="43.114917" lon="-4.279777"></trkpt>
<trkpt lat="43.114517" lon="-4.279731"></trkpt>
<trkpt lat="43.114266" lon="-4.279626"></trkpt>
<trkpt lat="43.114156" lon="-4.279549"></trkpt>
<trkpt lat="43.113809" lon="-4.279156"></trkpt>
<trkpt lat="43.113645" lon="-4.278877"></trkpt>
<trkpt lat="43.113476" lon="-4.278282"></trkpt>
<trkpt lat="43.113113" lon="-4.277682"></trkpt>
<trkpt lat="43.112015" lon="-4.276495"></trkpt>
<trkpt lat="43.111959" lon="-4.276398"></trkpt>
<trkpt lat="43.111893" lon="-4.276164"></trkpt>
<trkpt lat="43.111893" lon="-4.275920"></trkpt>
<trkpt lat="43.111965" lon="-4.275739"></trkpt>
<trkpt lat="43.112418" lon="-4.275204"></trkpt>
<trkpt lat="43.112816" lon="-4.274562"></trkpt>
<trkpt lat="43.113090" lon="-4.274258"></trkpt>
<trkpt lat="43.113188" lon="-4.274114"></trkpt>
<trkpt lat="43.113318" lon="-4.273877"></trkpt>
<trkpt lat="43.113543" lon="-4.273200"></trkpt>
<trkpt lat="43.113750" lon="-4.272535"></trkpt>
<trkpt lat="43.113827" lon="-4.272037"></trkpt>
<trkpt lat="43.113905" lon="-4.271710"></trkpt>
<trkpt lat="43.113920" lon="-4.271327"></trkpt>
<trkpt lat="43.113836" lon="-4.271107"></trkpt>
<trkpt lat="43.113775" lon="-4.271091"></trkpt>
<trkpt lat="43.113684" lon="-4.271116"></trkpt>
<trkpt lat="43.113469" lon="-4.271422"></trkpt>
<trkpt lat="43.113394" lon="-4.271477"></trkpt>
<trkpt lat="43.113063" lon="-4.271568"></trkpt>
<trkpt lat="43.112717" lon="-4.271790"></trkpt>
<trkpt lat="43.112453" lon="-4.271900"></trkpt>
<trkpt lat="43.112216" lon="-4.271864"></trkpt>
<trkpt lat="43.111980" lon="-4.271752"></trkpt>
<trkpt lat="43.111477" lon="-4.271578"></trkpt>
<trkpt lat="43.111080" lon="-4.271365"></trkpt>
<trkpt lat="43.110832" lon="-4.271313"></trkpt>
<trkpt lat="43.110256" lon="-4.271283"></trkpt>
<trkpt lat="43.109805" lon="-4.271134"></trkpt>
<trkpt lat="43.109665" lon="-4.271162"></trkpt>
<trkpt lat="43.109476" lon="-4.271292"></trkpt>
<trkpt lat="43.109363" lon="-4.271335"></trkpt>
<trkpt lat="43.109071" lon="-4.271367"></trkpt>
<trkpt lat="43.108930" lon="-4.271278"></trkpt>
<trkpt lat="43.108754" lon="-4.270974"></trkpt>
<trkpt lat="43.108684" lon="-4.270732"></trkpt>
<trkpt lat="43.108597" lon="-4.270037"></trkpt>
<trkpt lat="43.108472" lon="-4.269713"></trkpt>
<trkpt lat="43.108182" lon="-4.269212"></trkpt>
<trkpt lat="43.108095" lon="-4.269011"></trkpt>
<trkpt lat="43.108109" lon="-4.268742"></trkpt>
<trkpt lat="43.108311" lon="-4.268372"></trkpt>
<trkpt lat="43.108374" lon="-4.268162"></trkpt>
<trkpt lat="43.108433" lon="-4.267793"></trkpt>
<trkpt lat="43.108956" lon="-4.266573"></trkpt>
<trkpt lat="43.109202" lon="-4.266109"></trkpt>
<trkpt lat="43.109446" lon="-4.265822"></trkpt>
<trkpt lat="43.109573" lon="-4.265631"></trkpt>
<trkpt lat="43.109818" lon="-4.264827"></trkpt>
<trkpt lat="43.109944" lon="-4.264589"></trkpt>
<trkpt lat="43.110236" lon="-4.264167"></trkpt>
<trkpt lat="43.110482" lon="-4.263980"></trkpt>
<trkpt lat="43.110547" lon="-4.263876"></trkpt>
<trkpt lat="43.110811" lon="-4.263161"></trkpt>
<trkpt lat="43.110856" lon="-4.262834"></trkpt>
<trkpt lat="43.110854" lon="-4.262594"></trkpt>
<trkpt lat="43.110753" lon="-4.261754"></trkpt>
<trkpt lat="43.110836" lon="-4.260757"></trkpt>
<trkpt lat="43.110819" lon="-4.260615"></trkpt>
<trkpt lat="43.110756" lon="-4.260439"></trkpt>
<trkpt lat="43.110648" lon="-4.260247"></trkpt>
<trkpt lat="43.110566" lon="-4.260195"></trkpt>
<trkpt lat="43.110458" lon="-4.260220"></trkpt>
<trkpt lat="43.110360" lon="-4.260337"></trkpt>
<trkpt lat="43.110108" lon="-4.261157"></trkpt>
<trkpt lat="43.109975" lon="-4.261393"></trkpt>
<trkpt lat="43.109417" lon="-4.261895"></trkpt>
<trkpt lat="43.109338" lon="-4.261950"></trkpt>
<trkpt lat="43.109260" lon="-4.261964"></trkpt>
<trkpt lat="43.108266" lon="-4.261847"></trkpt>
<trkpt lat="43.108023" lon="-4.261760"></trkpt>
<trkpt lat="43.107730" lon="-4.261553"></trkpt>
<trkpt lat="43.107509" lon="-4.261351"></trkpt>
<trkpt lat="43.107029" lon="-4.260832"></trkpt>
<trkpt lat="43.106872" lon="-4.260624"></trkpt>
<trkpt lat="43.106678" lon="-4.260223"></trkpt>
<trkpt lat="43.106624" lon="-4.260186"></trkpt>
<trkpt lat="43.106439" lon="-4.260206"></trkpt>
<trkpt lat="43.106371" lon="-4.260184"></trkpt>
<trkpt lat="43.106190" lon="-4.259983"></trkpt>
<trkpt lat="43.106063" lon="-4.259900"></trkpt>
<trkpt lat="43.106001" lon="-4.259891"></trkpt>
<trkpt lat="43.105884" lon="-4.259983"></trkpt>
<trkpt lat="43.105794" lon="-4.260186"></trkpt>
<trkpt lat="43.105692" lon="-4.260270"></trkpt>
<trkpt lat="43.105609" lon="-4.260271"></trkpt>
<trkpt lat="43.105358" lon="-4.260199"></trkpt>
<trkpt lat="43.104930" lon="-4.260022"></trkpt>
<trkpt lat="43.104832" lon="-4.260094"></trkpt>
<trkpt lat="43.104806" lon="-4.260186"></trkpt>
<trkpt lat="43.104813" lon="-4.260476"></trkpt>
<trkpt lat="43.104891" lon="-4.261191"></trkpt>
<trkpt lat="43.104900" lon="-4.261564"></trkpt>
<trkpt lat="43.104866" lon="-4.261699"></trkpt>
<trkpt lat="43.104758" lon="-4.261833"></trkpt>
<trkpt lat="43.104542" lon="-4.261833"></trkpt>
<trkpt lat="43.104344" lon="-4.261768"></trkpt>
<trkpt lat="43.104018" lon="-4.261569"></trkpt>
<trkpt lat="43.103901" lon="-4.261456"></trkpt>
<trkpt lat="43.103695" lon="-4.261130"></trkpt>
<trkpt lat="43.103496" lon="-4.260606"></trkpt>
<trkpt lat="43.103412" lon="-4.259891"></trkpt>
<trkpt lat="43.103282" lon="-4.259308"></trkpt>
<trkpt lat="43.103286" lon="-4.259199"></trkpt>
<trkpt lat="43.103457" lon="-4.258835"></trkpt>
<trkpt lat="43.103524" lon="-4.258753"></trkpt>
<trkpt lat="43.103735" lon="-4.258588"></trkpt>
<trkpt lat="43.104014" lon="-4.258207"></trkpt>
<trkpt lat="43.104101" lon="-4.258134"></trkpt>
<trkpt lat="43.104194" lon="-4.258099"></trkpt>
<trkpt lat="43.104588" lon="-4.258044"></trkpt>
<trkpt lat="43.105037" lon="-4.257898"></trkpt>
<trkpt lat="43.105653" lon="-4.257546"></trkpt>
<trkpt lat="43.105793" lon="-4.257535"></trkpt>
<trkpt lat="43.105951" lon="-4.257578"></trkpt>
<trkpt lat="43.106110" lon="-4.257578"></trkpt>
<trkpt lat="43.106813" lon="-4.257396"></trkpt>
<trkpt lat="43.107207" lon="-4.257245"></trkpt>
<trkpt lat="43.107409" lon="-4.257067"></trkpt>
<trkpt lat="43.107478" lon="-4.256955"></trkpt>
<trkpt lat="43.107539" lon="-4.256706"></trkpt>
<trkpt lat="43.107529" lon="-4.256230"></trkpt>
<trkpt lat="43.107349" lon="-4.254605"></trkpt>
<trkpt lat="43.107326" lon="-4.254464"></trkpt>
<trkpt lat="43.107168" lon="-4.253952"></trkpt>
<trkpt lat="43.107146" lon="-4.253789"></trkpt>
<trkpt lat="43.107137" lon="-4.253613"></trkpt>
<trkpt lat="43.107157" lon="-4.253397"></trkpt>
<trkpt lat="43.107183" lon="-4.253237"></trkpt>
<trkpt lat="43.107308" lon="-4.252818"></trkpt>
<trkpt lat="43.107484" lon="-4.252469"></trkpt>
<trkpt lat="43.107503" lon="-4.252373"></trkpt>
<trkpt lat="43.107501" lon="-4.252119"></trkpt>
<trkpt lat="43.107397" lon="-4.251701"></trkpt>
<trkpt lat="43.107399" lon="-4.251555"></trkpt>
<trkpt lat="43.107487" lon="-4.250913"></trkpt>
<trkpt lat="43.107497" lon="-4.250357"></trkpt>
<trkpt lat="43.107538" lon="-4.250179"></trkpt>
<trkpt lat="43.107677" lon="-4.249841"></trkpt>
<trkpt lat="43.107735" lon="-4.249623"></trkpt>
<trkpt lat="43.107808" lon="-4.248995"></trkpt>
<trkpt lat="43.108052" lon="-4.248159"></trkpt>
<trkpt lat="43.108197" lon="-4.247875"></trkpt>
<trkpt lat="43.108659" lon="-4.247286"></trkpt>
<trkpt lat="43.108820" lon="-4.246975"></trkpt>
<trkpt lat="43.108873" lon="-4.246769"></trkpt>
<trkpt lat="43.108898" lon="-4.246297"></trkpt>
<trkpt lat="43.108828" lon="-4.246073"></trkpt>
<trkpt lat="43.108660" lon="-4.245796"></trkpt>
<trkpt lat="43.108631" lon="-4.245695"></trkpt>
<trkpt lat="43.108655" lon="-4.245261"></trkpt>
<trkpt lat="43.108606" lon="-4.245215"></trkpt>
<trkpt lat="43.108557" lon="-4.245218"></trkpt>
<trkpt lat="43.108509" lon="-4.245261"></trkpt>
<trkpt lat="43.108459" lon="-4.245407"></trkpt>
<trkpt lat="43.108428" lon="-4.245675"></trkpt>
<trkpt lat="43.108494" lon="-4.245961"></trkpt>
<trkpt lat="43.108509" lon="-4.246081"></trkpt>
<trkpt lat="43.108496" lon="-4.246187"></trkpt>
<trkpt lat="43.108450" lon="-4.246290"></trkpt>
<trkpt lat="43.108259" lon="-4.246472"></trkpt>
<trkpt lat="43.107808" lon="-4.246714"></trkpt>
<trkpt lat="43.107339" lon="-4.246779"></trkpt>
<trkpt lat="43.106922" lon="-4.246893"></trkpt>
<trkpt lat="43.106431" lon="-4.246985"></trkpt>
<trkpt lat="43.105883" lon="-4.247005"></trkpt>
<trkpt lat="43.105610" lon="-4.246986"></trkpt>
<trkpt lat="43.105195" lon="-4.246908"></trkpt>
<trkpt lat="43.105047" lon="-4.246853"></trkpt>
<trkpt lat="43.104875" lon="-4.246734"></trkpt>
<trkpt lat="43.104592" lon="-4.246411"></trkpt>
<trkpt lat="43.104525" lon="-4.246294"></trkpt>
<trkpt lat="43.104457" lon="-4.246018"></trkpt>
<trkpt lat="43.104545" lon="-4.244759"></trkpt>
<trkpt lat="43.104599" lon="-4.244550"></trkpt>
<trkpt lat="43.104830" lon="-4.243952"></trkpt>
<trkpt lat="43.104949" lon="-4.243557"></trkpt>
<trkpt lat="43.105131" lon="-4.242772"></trkpt>
<trkpt lat="43.105437" lon="-4.242110"></trkpt>
<trkpt lat="43.105642" lon="-4.241577"></trkpt>
<trkpt lat="43.105793" lon="-4.241292"></trkpt>
<trkpt lat="43.105920" lon="-4.241147"></trkpt>
<trkpt lat="43.106445" lon="-4.240775"></trkpt>
<trkpt lat="43.106638" lon="-4.240565"></trkpt>
<trkpt lat="43.106824" lon="-4.240083"></trkpt>
<trkpt lat="43.107025" lon="-4.239699"></trkpt>
<trkpt lat="43.107483" lon="-4.238399"></trkpt>
<trkpt lat="43.107513" lon="-4.238273"></trkpt>
<trkpt lat="43.107510" lon="-4.238147"></trkpt>
<trkpt lat="43.107478" lon="-4.238031"></trkpt>
<trkpt lat="43.107320" lon="-4.237738"></trkpt>
<trkpt lat="43.107261" lon="-4.237544"></trkpt>
<trkpt lat="43.107208" lon="-4.237009"></trkpt>
<trkpt lat="43.107182" lon="-4.236915"></trkpt>
<trkpt lat="43.107057" lon="-4.236815"></trkpt>
<trkpt lat="43.106415" lon="-4.236870"></trkpt>
<trkpt lat="43.106085" lon="-4.236811"></trkpt>
<trkpt lat="43.105363" lon="-4.236566"></trkpt>
<trkpt lat="43.104630" lon="-4.236367"></trkpt>
<trkpt lat="43.103990" lon="-4.236123"></trkpt>
<trkpt lat="43.103665" lon="-4.235944"></trkpt>
<trkpt lat="43.103274" lon="-4.235651"></trkpt>
<trkpt lat="43.102442" lon="-4.234742"></trkpt>
<trkpt lat="43.102322" lon="-4.234660"></trkpt>
<trkpt lat="43.101688" lon="-4.234367"></trkpt>
<trkpt lat="43.101321" lon="-4.234134"></trkpt>
<trkpt lat="43.100272" lon="-4.233559"></trkpt>
<trkpt lat="43.100038" lon="-4.233408"></trkpt>
<trkpt lat="43.099596" lon="-4.233007"></trkpt>
<trkpt lat="43.099264" lon="-4.232806"></trkpt>
<trkpt lat="43.099099" lon="-4.232745"></trkpt>
<trkpt lat="43.099016" lon="-4.232768"></trkpt>
<trkpt lat="43.098919" lon="-4.232941"></trkpt>
<trkpt lat="43.098768" lon="-4.233709"></trkpt>
<trkpt lat="43.098711" lon="-4.233842"></trkpt>
<trkpt lat="43.098623" lon="-4.233970"></trkpt>
<trkpt lat="43.098388" lon="-4.234187"></trkpt>
<trkpt lat="43.097918" lon="-4.234443"></trkpt>
<trkpt lat="43.097518" lon="-4.234808"></trkpt>
<trkpt lat="43.097241" lon="-4.234950"></trkpt>
<trkpt lat="43.095905" lon="-4.235466"></trkpt>
<trkpt lat="43.094872" lon="-4.235713"></trkpt>
<trkpt lat="43.093768" lon="-4.236056"></trkpt>
<trkpt lat="43.093311" lon="-4.236222"></trkpt>
<trkpt lat="43.093035" lon="-4.236227"></trkpt>
<trkpt lat="43.092806" lon="-4.236155"></trkpt>
<trkpt lat="43.092395" lon="-4.235952"></trkpt>
<trkpt lat="43.091601" lon="-4.235739"></trkpt>
<trkpt lat="43.090941" lon="-4.235508"></trkpt>
<trkpt lat="43.090575" lon="-4.235342"></trkpt>
<trkpt lat="43.090184" lon="-4.235044"></trkpt>
<trkpt lat="43.089923" lon="-4.234883"></trkpt>
<trkpt lat="43.089752" lon="-4.234717"></trkpt>
<trkpt lat="43.089437" lon="-4.234232"></trkpt>
<trkpt lat="43.089030" lon="-4.233896"></trkpt>
<trkpt lat="43.088919" lon="-4.233867"></trkpt>
<trkpt lat="43.088793" lon="-4.233905"></trkpt>
<trkpt lat="43.088700" lon="-4.234002"></trkpt>
<trkpt lat="43.088651" lon="-4.234107"></trkpt>
<trkpt lat="43.088635" lon="-4.234480"></trkpt>
<trkpt lat="43.088690" lon="-4.234966"></trkpt>
<trkpt lat="43.088757" lon="-4.235300"></trkpt>
<trkpt lat="43.088819" lon="-4.235472"></trkpt>
<trkpt lat="43.089017" lon="-4.235708"></trkpt>
<trkpt lat="43.089261" lon="-4.236106"></trkpt>
<trkpt lat="43.089330" lon="-4.236326"></trkpt>
<trkpt lat="43.089364" lon="-4.236550"></trkpt>
<trkpt lat="43.089382" lon="-4.236731"></trkpt>
<trkpt lat="43.089362" lon="-4.237242"></trkpt>
<trkpt lat="43.089213" lon="-4.238252"></trkpt>
<trkpt lat="43.088732" lon="-4.237059"></trkpt>
<trkpt lat="43.088610" lon="-4.236852"></trkpt>
<trkpt lat="43.088428" lon="-4.236699"></trkpt>
<trkpt lat="43.087967" lon="-4.236435"></trkpt>
<trkpt lat="43.087833" lon="-4.236260"></trkpt>
<trkpt lat="43.087655" lon="-4.235959"></trkpt>
<trkpt lat="43.087504" lon="-4.235842"></trkpt>
<trkpt lat="43.086993" lon="-4.235665"></trkpt>
<trkpt lat="43.086791" lon="-4.235568"></trkpt>
<trkpt lat="43.086417" lon="-4.235466"></trkpt>
<trkpt lat="43.086339" lon="-4.235336"></trkpt>
<trkpt lat="43.086282" lon="-4.234985"></trkpt>
<trkpt lat="43.086243" lon="-4.234872"></trkpt>
<trkpt lat="43.086030" lon="-4.234521"></trkpt>
<trkpt lat="43.085859" lon="-4.234343"></trkpt>
<trkpt lat="43.085753" lon="-4.234288"></trkpt>
<trkpt lat="43.085365" lon="-4.234224"></trkpt>
<trkpt lat="43.085248" lon="-4.234160"></trkpt>
<trkpt lat="43.084703" lon="-4.233368"></trkpt>
<trkpt lat="43.084604" lon="-4.233268"></trkpt>
<trkpt lat="43.084415" lon="-4.233138"></trkpt>
<trkpt lat="43.084211" lon="-4.233087"></trkpt>
<trkpt lat="43.083995" lon="-4.233130"></trkpt>
<trkpt lat="43.083742" lon="-4.233296"></trkpt>
<trkpt lat="43.083570" lon="-4.233326"></trkpt>
<trkpt lat="43.083508" lon="-4.233303"></trkpt>
<trkpt lat="43.083401" lon="-4.233195"></trkpt>
<trkpt lat="43.083126" lon="-4.232583"></trkpt>
<trkpt lat="43.083056" lon="-4.232475"></trkpt>
<trkpt lat="43.082944" lon="-4.232381"></trkpt>
<trkpt lat="43.082831" lon="-4.232323"></trkpt>
<trkpt lat="43.082570" lon="-4.232295"></trkpt>
<trkpt lat="43.082453" lon="-4.232312"></trkpt>
<trkpt lat="43.082301" lon="-4.232407"></trkpt>
<trkpt lat="43.082237" lon="-4.232485"></trkpt>
<trkpt lat="43.082138" lon="-4.232689"></trkpt>
<trkpt lat="43.082099" lon="-4.232925"></trkpt>
<trkpt lat="43.082086" lon="-4.233204"></trkpt>
<trkpt lat="43.082042" lon="-4.233372"></trkpt>
<trkpt lat="43.081936" lon="-4.233508"></trkpt>
<trkpt lat="43.081551" lon="-4.233776"></trkpt>
<trkpt lat="43.081465" lon="-4.233809"></trkpt>
<trkpt lat="43.081283" lon="-4.233810"></trkpt>
<trkpt lat="43.080666" lon="-4.233589"></trkpt>
<trkpt lat="43.080155" lon="-4.233605"></trkpt>
<trkpt lat="43.080027" lon="-4.233707"></trkpt>
<trkpt lat="43.079917" lon="-4.233899"></trkpt>
<trkpt lat="43.079369" lon="-4.235258"></trkpt>
<trkpt lat="43.079194" lon="-4.235549"></trkpt>
<trkpt lat="43.079112" lon="-4.235625"></trkpt>
<trkpt lat="43.079026" lon="-4.235661"></trkpt>
<trkpt lat="43.078813" lon="-4.235669"></trkpt>
<trkpt lat="43.078559" lon="-4.235619"></trkpt>
<trkpt lat="43.078414" lon="-4.235528"></trkpt>
<trkpt lat="43.078198" lon="-4.235317"></trkpt>
<trkpt lat="43.078080" lon="-4.235267"></trkpt>
<trkpt lat="43.077886" lon="-4.235331"></trkpt>
<trkpt lat="43.077507" lon="-4.235581"></trkpt>
<trkpt lat="43.077222" lon="-4.235619"></trkpt>
<trkpt lat="43.076785" lon="-4.235595"></trkpt>
<trkpt lat="43.076611" lon="-4.235527"></trkpt>
<trkpt lat="43.076450" lon="-4.235417"></trkpt>
<trkpt lat="43.076014" lon="-4.234997"></trkpt>
<trkpt lat="43.075624" lon="-4.234668"></trkpt>
<trkpt lat="43.075314" lon="-4.234450"></trkpt>
<trkpt lat="43.074930" lon="-4.234232"></trkpt>
<trkpt lat="43.074728" lon="-4.234184"></trkpt>
<trkpt lat="43.074516" lon="-4.234183"></trkpt>
<trkpt lat="43.074319" lon="-4.234207"></trkpt>
<trkpt lat="43.074063" lon="-4.234239"></trkpt>
<trkpt lat="43.073928" lon="-4.234281"></trkpt>
<trkpt lat="43.073608" lon="-4.234470"></trkpt>
<trkpt lat="43.073528" lon="-4.234478"></trkpt>
<trkpt lat="43.073424" lon="-4.234461"></trkpt>
<trkpt lat="43.072945" lon="-4.234232"></trkpt>
<trkpt lat="43.072700" lon="-4.234217"></trkpt>
<trkpt lat="43.072498" lon="-4.234268"></trkpt>
<trkpt lat="43.072390" lon="-4.234343"></trkpt>
<trkpt lat="43.072007" lon="-4.234718"></trkpt>
<trkpt lat="43.071760" lon="-4.234902"></trkpt>
<trkpt lat="43.071663" lon="-4.234939"></trkpt>
<trkpt lat="43.070958" lon="-4.234943"></trkpt>
<trkpt lat="43.070816" lon="-4.234881"></trkpt>
<trkpt lat="43.070200" lon="-4.234479"></trkpt>
<trkpt lat="43.069759" lon="-4.234323"></trkpt>
<trkpt lat="43.069375" lon="-4.234295"></trkpt>
<trkpt lat="43.068683" lon="-4.234508"></trkpt>
<trkpt lat="43.068546" lon="-4.234508"></trkpt>
<trkpt lat="43.068493" lon="-4.234473"></trkpt>
<trkpt lat="43.068440" lon="-4.234417"></trkpt>
<trkpt lat="43.068379" lon="-4.234245"></trkpt>
<trkpt lat="43.068101" lon="-4.232922"></trkpt>
<trkpt lat="43.068018" lon="-4.232678"></trkpt>
<trkpt lat="43.067919" lon="-4.232512"></trkpt>
<trkpt lat="43.067825" lon="-4.232422"></trkpt>
<trkpt lat="43.067624" lon="-4.232321"></trkpt>
<trkpt lat="43.067450" lon="-4.232316"></trkpt>
<trkpt lat="43.066593" lon="-4.232470"></trkpt>
<trkpt lat="43.066425" lon="-4.232533"></trkpt>
<trkpt lat="43.065962" lon="-4.232797"></trkpt>
<trkpt lat="43.065795" lon="-4.232849"></trkpt>
<trkpt lat="43.065535" lon="-4.232844"></trkpt>
<trkpt lat="43.064375" lon="-4.232601"></trkpt>
<trkpt lat="43.064069" lon="-4.232539"></trkpt>
<trkpt lat="43.064028" lon="-4.232530"></trkpt>
<trkpt lat="43.063705" lon="-4.232457"></trkpt>
<trkpt lat="43.061902" lon="-4.232059"></trkpt>
<trkpt lat="43.061659" lon="-4.231963"></trkpt>
<trkpt lat="43.061475" lon="-4.231852"></trkpt>
<trkpt lat="43.061096" lon="-4.231478"></trkpt>
<trkpt lat="43.060823" lon="-4.231143"></trkpt>
<trkpt lat="43.060554" lon="-4.230716"></trkpt>
<trkpt lat="43.060325" lon="-4.230252"></trkpt>
<trkpt lat="43.060164" lon="-4.230036"></trkpt>
<trkpt lat="43.059922" lon="-4.229859"></trkpt>
<trkpt lat="43.059335" lon="-4.229503"></trkpt>
<trkpt lat="43.059115" lon="-4.229288"></trkpt>
<trkpt lat="43.059060" lon="-4.229194"></trkpt>
<trkpt lat="43.058998" lon="-4.228991"></trkpt>
<trkpt lat="43.058939" lon="-4.228552"></trkpt>
<trkpt lat="43.058708" lon="-4.228092"></trkpt>
<trkpt lat="43.058545" lon="-4.227864"></trkpt>
<trkpt lat="43.058422" lon="-4.227736"></trkpt>
<trkpt lat="43.057877" lon="-4.227291"></trkpt>
<trkpt lat="43.057745" lon="-4.227155"></trkpt>
<trkpt lat="43.057488" lon="-4.226802"></trkpt>
<trkpt lat="43.057345" lon="-4.226542"></trkpt>
<trkpt lat="43.057068" lon="-4.225845"></trkpt>
<trkpt lat="43.056918" lon="-4.225676"></trkpt>
<trkpt lat="43.056536" lon="-4.225414"></trkpt>
<trkpt lat="43.056207" lon="-4.224931"></trkpt>
<trkpt lat="43.056106" lon="-4.224734"></trkpt>
<trkpt lat="43.056020" lon="-4.224541"></trkpt>
<trkpt lat="43.055968" lon="-4.224201"></trkpt>
<trkpt lat="43.056041" lon="-4.223748"></trkpt>
<trkpt lat="43.056041" lon="-4.223595"></trkpt>
<trkpt lat="43.055944" lon="-4.223259"></trkpt>
<trkpt lat="43.055587" lon="-4.222416"></trkpt>
<trkpt lat="43.055399" lon="-4.222079"></trkpt>
<trkpt lat="43.055207" lon="-4.221853"></trkpt>
<trkpt lat="43.054916" lon="-4.221412"></trkpt>
<trkpt lat="43.054775" lon="-4.221116"></trkpt>
<trkpt lat="43.054423" lon="-4.219991"></trkpt>
<trkpt lat="43.054351" lon="-4.219824"></trkpt>
<trkpt lat="43.054274" lon="-4.219780"></trkpt>
<trkpt lat="43.053975" lon="-4.219444"></trkpt>
<trkpt lat="43.053790" lon="-4.219148"></trkpt>
<trkpt lat="43.053711" lon="-4.218869"></trkpt>
<trkpt lat="43.053700" lon="-4.218632"></trkpt>
<trkpt lat="43.053803" lon="-4.218039"></trkpt>
<trkpt lat="43.053767" lon="-4.217513"></trkpt>
<trkpt lat="43.053821" lon="-4.217061"></trkpt>
<trkpt lat="43.053762" lon="-4.216017"></trkpt>
<trkpt lat="43.053832" lon="-4.215027"></trkpt>
<trkpt lat="43.053775" lon="-4.214799"></trkpt>
<trkpt lat="43.053638" lon="-4.214534"></trkpt>
<trkpt lat="43.053540" lon="-4.214510"></trkpt>
<trkpt lat="43.053375" lon="-4.214520"></trkpt>
<trkpt lat="43.053210" lon="-4.214602"></trkpt>
<trkpt lat="43.053135" lon="-4.214672"></trkpt>
<trkpt lat="43.052872" lon="-4.215067"></trkpt>
<trkpt lat="43.052349" lon="-4.215487"></trkpt>
<trkpt lat="43.052243" lon="-4.215519"></trkpt>
<trkpt lat="43.051986" lon="-4.215466"></trkpt>
<trkpt lat="43.051609" lon="-4.215188"></trkpt>
<trkpt lat="43.051417" lon="-4.214994"></trkpt>
<trkpt lat="43.051229" lon="-4.214676"></trkpt>
<trkpt lat="43.051132" lon="-4.214599"></trkpt>
<trkpt lat="43.051010" lon="-4.214591"></trkpt>
<trkpt lat="43.050939" lon="-4.214636"></trkpt>
<trkpt lat="43.050832" lon="-4.214830"></trkpt>
<trkpt lat="43.050749" lon="-4.214911"></trkpt>
<trkpt lat="43.050518" lon="-4.214958"></trkpt>
<trkpt lat="43.050194" lon="-4.214924"></trkpt>
<trkpt lat="43.049876" lon="-4.214794"></trkpt>
<trkpt lat="43.049773" lon="-4.214794"></trkpt>
<trkpt lat="43.049529" lon="-4.214910"></trkpt>
<trkpt lat="43.049201" lon="-4.215143"></trkpt>
<trkpt lat="43.049107" lon="-4.215183"></trkpt>
<trkpt lat="43.048984" lon="-4.215187"></trkpt>
<trkpt lat="43.048225" lon="-4.214842"></trkpt>
<trkpt lat="43.047820" lon="-4.214762"></trkpt>
<trkpt lat="43.047645" lon="-4.214641"></trkpt>
<trkpt lat="43.047511" lon="-4.214383"></trkpt>
<trkpt lat="43.047443" lon="-4.214307"></trkpt>
<trkpt lat="43.047300" lon="-4.214231"></trkpt>
<trkpt lat="43.046848" lon="-4.214232"></trkpt>
<trkpt lat="43.046578" lon="-4.214309"></trkpt>
<trkpt lat="43.046442" lon="-4.214444"></trkpt>
<trkpt lat="43.046285" lon="-4.214681"></trkpt>
<trkpt lat="43.046160" lon="-4.215021"></trkpt>
<trkpt lat="43.046030" lon="-4.215248"></trkpt>
<trkpt lat="43.045818" lon="-4.215451"></trkpt>
<trkpt lat="43.045504" lon="-4.215668"></trkpt>
<trkpt lat="43.045202" lon="-4.215837"></trkpt>
<trkpt lat="43.045033" lon="-4.215982"></trkpt>
<trkpt lat="43.044872" lon="-4.216047"></trkpt>
<trkpt lat="43.044574" lon="-4.216060"></trkpt>
<trkpt lat="43.044100" lon="-4.216066"></trkpt>
<trkpt lat="43.042668" lon="-4.216573"></trkpt>
<trkpt lat="43.042145" lon="-4.216996"></trkpt>
<trkpt lat="43.042017" lon="-4.217154"></trkpt>
<trkpt lat="43.041935" lon="-4.217309"></trkpt>
<trkpt lat="43.041816" lon="-4.217769"></trkpt>
<trkpt lat="43.041763" lon="-4.217835"></trkpt>
<trkpt lat="43.041019" lon="-4.218175"></trkpt>
<trkpt lat="43.040875" lon="-4.218208"></trkpt>
<trkpt lat="43.040197" lon="-4.218240"></trkpt>
<trkpt lat="43.040047" lon="-4.218190"></trkpt>
<trkpt lat="43.039541" lon="-4.217884"></trkpt>
<trkpt lat="43.039319" lon="-4.217842"></trkpt>
<trkpt lat="43.039160" lon="-4.217870"></trkpt>
<trkpt lat="43.038975" lon="-4.217954"></trkpt>
<trkpt lat="43.038708" lon="-4.218142"></trkpt>
<trkpt lat="43.037729" lon="-4.219126"></trkpt>
<trkpt lat="43.037602" lon="-4.219155"></trkpt>
<trkpt lat="43.037152" lon="-4.219124"></trkpt>
<trkpt lat="43.037036" lon="-4.219133"></trkpt>
<trkpt lat="43.036925" lon="-4.219192"></trkpt>
<trkpt lat="43.036890" lon="-4.219222"></trkpt>
<trkpt lat="43.036818" lon="-4.219322"></trkpt>
<trkpt lat="43.036045" lon="-4.220488"></trkpt>
<trkpt lat="43.035113" lon="-4.221875"></trkpt>
<trkpt lat="43.034827" lon="-4.222322"></trkpt>
<trkpt lat="43.034562" lon="-4.222614"></trkpt>
<trkpt lat="43.034435" lon="-4.222702"></trkpt>
<trkpt lat="43.034353" lon="-4.222780"></trkpt>
<trkpt lat="43.034230" lon="-4.223095"></trkpt>
<trkpt lat="43.034105" lon="-4.223418"></trkpt>
<trkpt lat="43.034020" lon="-4.223593"></trkpt>
<trkpt lat="43.033994" lon="-4.223647"></trkpt>
<trkpt lat="43.033832" lon="-4.223896"></trkpt>
<trkpt lat="43.033764" lon="-4.223955"></trkpt>
<trkpt lat="43.033580" lon="-4.224029"></trkpt>
<trkpt lat="43.032735" lon="-4.224076"></trkpt>
<trkpt lat="43.032481" lon="-4.224089"></trkpt>
<trkpt lat="43.029329" lon="-4.224297"></trkpt>
<trkpt lat="43.026443" lon="-4.224448"></trkpt>
<trkpt lat="43.026402" lon="-4.224450"></trkpt>
<trkpt lat="43.024302" lon="-4.224567"></trkpt>
<trkpt lat="43.021795" lon="-4.224700"></trkpt>
<trkpt lat="43.021392" lon="-4.224677"></trkpt>
<trkpt lat="43.021085" lon="-4.224640"></trkpt>
<trkpt lat="43.021020" lon="-4.224710"></trkpt>
<trkpt lat="43.020972" lon="-4.224730"></trkpt>
<trkpt lat="43.020880" lon="-4.224714"></trkpt>
<trkpt lat="43.020804" lon="-4.224641"></trkpt>
<trkpt lat="43.020771" lon="-4.224551"></trkpt>
<trkpt lat="43.020766" lon="-4.224459"></trkpt>
<trkpt lat="43.020836" lon="-4.224292"></trkpt>
<trkpt lat="43.020835" lon="-4.223986"></trkpt>
<trkpt lat="43.020758" lon="-4.223551"></trkpt>
<trkpt lat="43.020692" lon="-4.223187"></trkpt>
<trkpt lat="43.020440" lon="-4.221893"></trkpt>
<trkpt lat="43.020073" lon="-4.219924"></trkpt>
<trkpt lat="43.019506" lon="-4.216917"></trkpt>
<trkpt lat="43.019340" lon="-4.216105"></trkpt>
<trkpt lat="43.019233" lon="-4.215758"></trkpt>
<trkpt lat="43.019085" lon="-4.215425"></trkpt>
<trkpt lat="43.018837" lon="-4.215008"></trkpt>
<trkpt lat="43.018690" lon="-4.214793"></trkpt>
<trkpt lat="43.017991" lon="-4.213726"></trkpt>
<trkpt lat="43.017872" lon="-4.213037"></trkpt>
<trkpt lat="43.017735" lon="-4.212048"></trkpt>
<trkpt lat="43.017395" lon="-4.209584"></trkpt>
<trkpt lat="43.016944" lon="-4.206056"></trkpt>
<trkpt lat="43.016750" lon="-4.205142"></trkpt>
<trkpt lat="43.016448" lon="-4.204159"></trkpt>
<trkpt lat="43.015163" lon="-4.200272"></trkpt>
<trkpt lat="43.015103" lon="-4.200001"></trkpt>
<trkpt lat="43.015049" lon="-4.199534"></trkpt>
<trkpt lat="43.015046" lon="-4.199238"></trkpt>
<trkpt lat="43.015081" lon="-4.198881"></trkpt>
<trkpt lat="43.015194" lon="-4.198396"></trkpt>
<trkpt lat="43.015464" lon="-4.197778"></trkpt>
<trkpt lat="43.016010" lon="-4.196891"></trkpt>
<trkpt lat="43.016182" lon="-4.196496"></trkpt>
<trkpt lat="43.016315" lon="-4.196066"></trkpt>
<trkpt lat="43.016475" lon="-4.195030"></trkpt>
<trkpt lat="43.016619" lon="-4.194096"></trkpt>
<trkpt lat="43.016790" lon="-4.193363"></trkpt>
<trkpt lat="43.017018" lon="-4.192568"></trkpt>
<trkpt lat="43.017178" lon="-4.192056"></trkpt>
<trkpt lat="43.017192" lon="-4.192015"></trkpt>
<trkpt lat="43.017265" lon="-4.191795"></trkpt>
<trkpt lat="43.017426" lon="-4.191296"></trkpt>
<trkpt lat="43.017564" lon="-4.190846"></trkpt>
<trkpt lat="43.017715" lon="-4.190235"></trkpt>
<trkpt lat="43.017783" lon="-4.189699"></trkpt>
<trkpt lat="43.017798" lon="-4.188597"></trkpt>
<trkpt lat="43.017794" lon="-4.188529"></trkpt>
<trkpt lat="43.017787" lon="-4.188384"></trkpt>
<trkpt lat="43.017722" lon="-4.187630"></trkpt>
<trkpt lat="43.017661" lon="-4.187203"></trkpt>
<trkpt lat="43.017646" lon="-4.187120"></trkpt>
<trkpt lat="43.017444" lon="-4.186168"></trkpt>
<trkpt lat="43.017418" lon="-4.186056"></trkpt>
<trkpt lat="43.017190" lon="-4.185171"></trkpt>
<trkpt lat="43.016494" lon="-4.182402"></trkpt>
<trkpt lat="43.016153" lon="-4.181171"></trkpt>
<trkpt lat="43.015958" lon="-4.180628"></trkpt>
<trkpt lat="43.015727" lon="-4.180096"></trkpt>
<trkpt lat="43.014911" lon="-4.178590"></trkpt>
<trkpt lat="43.013411" lon="-4.175912"></trkpt>
<trkpt lat="43.012636" lon="-4.174668"></trkpt>
<trkpt lat="43.012218" lon="-4.174069"></trkpt>
<trkpt lat="43.009840" lon="-4.170836"></trkpt>
<trkpt lat="43.009812" lon="-4.170796"></trkpt>
<trkpt lat="43.007800" lon="-4.167923"></trkpt>
<trkpt lat="43.007306" lon="-4.167229"></trkpt>
<trkpt lat="43.007245" lon="-4.167139"></trkpt>
<trkpt lat="43.007164" lon="-4.167028"></trkpt>
<trkpt lat="43.007099" lon="-4.166933"></trkpt>
<trkpt lat="43.006700" lon="-4.166388"></trkpt>
<trkpt lat="43.005603" lon="-4.164782"></trkpt>
<trkpt lat="43.005101" lon="-4.163969"></trkpt>
<trkpt lat="43.004651" lon="-4.163071"></trkpt>
<trkpt lat="43.003723" lon="-4.160840"></trkpt>
<trkpt lat="43.003137" lon="-4.159409"></trkpt>
<trkpt lat="43.002904" lon="-4.158843"></trkpt>
<trkpt lat="43.002770" lon="-4.158521"></trkpt>
<trkpt lat="43.002539" lon="-4.157956"></trkpt>
<trkpt lat="43.002222" lon="-4.157182"></trkpt>
<trkpt lat="43.000982" lon="-4.154154"></trkpt>
<trkpt lat="43.000785" lon="-4.153692"></trkpt>
<trkpt lat="43.000573" lon="-4.153178"></trkpt>
<trkpt lat="43.000502" lon="-4.153006"></trkpt>
<trkpt lat="43.000488" lon="-4.152970"></trkpt>
<trkpt lat="43.000400" lon="-4.152760"></trkpt>
<trkpt lat="43.000285" lon="-4.152493"></trkpt>
<trkpt lat="43.000192" lon="-4.152179"></trkpt>
<trkpt lat="43.000148" lon="-4.151932"></trkpt>
<trkpt lat="43.000106" lon="-4.151457"></trkpt>
<trkpt lat="42.999985" lon="-4.150112"></trkpt>
<trkpt lat="42.999977" lon="-4.150033"></trkpt>
<trkpt lat="42.999967" lon="-4.149930"></trkpt>
<trkpt lat="42.999955" lon="-4.149798"></trkpt>
<trkpt lat="42.999947" lon="-4.149706"></trkpt>
<trkpt lat="42.999815" lon="-4.148210"></trkpt>
<trkpt lat="42.999813" lon="-4.147970"></trkpt>
<trkpt lat="42.999842" lon="-4.147747"></trkpt>
<trkpt lat="42.999959" lon="-4.147209"></trkpt>
<trkpt lat="42.999960" lon="-4.147102"></trkpt>
<trkpt lat="43.000024" lon="-4.146976"></trkpt>
<trkpt lat="43.000088" lon="-4.146533"></trkpt>
<trkpt lat="43.000128" lon="-4.146260"></trkpt>
<trkpt lat="43.000150" lon="-4.146099"></trkpt>
<trkpt lat="43.000189" lon="-4.145732"></trkpt>
<trkpt lat="43.000193" lon="-4.145680"></trkpt>
<trkpt lat="43.000205" lon="-4.145415"></trkpt>
<trkpt lat="43.000254" lon="-4.144702"></trkpt>
<trkpt lat="43.000262" lon="-4.144573"></trkpt>
<trkpt lat="43.000334" lon="-4.143318"></trkpt>
<trkpt lat="43.000405" lon="-4.142047"></trkpt>
<trkpt lat="43.000416" lon="-4.141895"></trkpt>
<trkpt lat="43.000446" lon="-4.141478"></trkpt>
<trkpt lat="43.000457" lon="-4.141318"></trkpt>
<trkpt lat="43.000465" lon="-4.141211"></trkpt>
<trkpt lat="43.000479" lon="-4.140608"></trkpt>
<trkpt lat="43.000479" lon="-4.140568"></trkpt>
<trkpt lat="43.000473" lon="-4.140402"></trkpt>
<trkpt lat="43.000438" lon="-4.140324"></trkpt>
<trkpt lat="43.000464" lon="-4.140218"></trkpt>
<trkpt lat="43.000496" lon="-4.140191"></trkpt>
<trkpt lat="43.000469" lon="-4.140040"></trkpt>
<trkpt lat="43.000469" lon="-4.139316"></trkpt>
<trkpt lat="43.000453" lon="-4.139235"></trkpt>
<trkpt lat="43.000362" lon="-4.139145"></trkpt>
<trkpt lat="43.000337" lon="-4.139121"></trkpt>
<trkpt lat="43.000224" lon="-4.138964"></trkpt>
<trkpt lat="43.000158" lon="-4.138834"></trkpt>
<trkpt lat="43.000052" lon="-4.138667"></trkpt>
<trkpt lat="42.999980" lon="-4.138647"></trkpt>
<trkpt lat="42.999932" lon="-4.138634"></trkpt>
<trkpt lat="42.999755" lon="-4.138610"></trkpt>
<trkpt lat="42.999428" lon="-4.138523"></trkpt>
<trkpt lat="42.999392" lon="-4.138514"></trkpt>
<trkpt lat="42.999444" lon="-4.138163"></trkpt>
<trkpt lat="42.999401" lon="-4.137940"></trkpt>
<trkpt lat="42.999353" lon="-4.137701"></trkpt>
<trkpt lat="42.999307" lon="-4.137486"></trkpt>
<trkpt lat="42.999253" lon="-4.137234"></trkpt>
<trkpt lat="42.999200" lon="-4.136976"></trkpt>
<trkpt lat="42.999149" lon="-4.136736"></trkpt>
<trkpt lat="42.999087" lon="-4.136418"></trkpt>
<trkpt lat="42.999052" lon="-4.136415"></trkpt>
<trkpt lat="42.999015" lon="-4.136365"></trkpt>
<trkpt lat="42.999012" lon="-4.136339"></trkpt>
<trkpt lat="42.999050" lon="-4.136257"></trkpt>
<trkpt lat="42.999117" lon="-4.136275"></trkpt>
<trkpt lat="42.999809" lon="-4.135574"></trkpt>
<trkpt lat="42.999853" lon="-4.135557"></trkpt>
<trkpt lat="42.999854" lon="-4.135498"></trkpt>
<trkpt lat="42.999883" lon="-4.135453"></trkpt>
<trkpt lat="42.999925" lon="-4.135442"></trkpt>
<trkpt lat="42.999964" lon="-4.135469"></trkpt>
<trkpt lat="42.999988" lon="-4.135413"></trkpt>
<trkpt lat="43.000234" lon="-4.135160"></trkpt>
<trkpt lat="43.000841" lon="-4.134574"></trkpt>
<trkpt lat="43.001069" lon="-4.134352"></trkpt>
<trkpt lat="43.001209" lon="-4.134215"></trkpt>
<trkpt lat="43.001407" lon="-4.134031"></trkpt>
<trkpt lat="43.001812" lon="-4.133634"></trkpt>
<trkpt lat="43.001491" lon="-4.132987"></trkpt>
<trkpt lat="43.001580" lon="-4.132908"></trkpt>
<trkpt lat="43.001455" lon="-4.132384"></trkpt>
<trkpt lat="43.001368" lon="-4.131832"></trkpt>
<trkpt lat="43.001353" lon="-4.131287"></trkpt>
<trkpt lat="43.001297" lon="-4.130985"></trkpt>
<trkpt lat="43.001246" lon="-4.130697"></trkpt>
<trkpt lat="43.001265" lon="-4.130638"></trkpt>
<trkpt lat="43.001325" lon="-4.130626"></trkpt>
<trkpt lat="43.001391" lon="-4.130693"></trkpt>
<trkpt lat="43.001416" lon="-4.130788"></trkpt>
<trkpt lat="43.001567" lon="-4.130681"></trkpt>
<trkpt lat="43.001655" lon="-4.130681"></trkpt>
<trkpt lat="43.001918" lon="-4.130824"></trkpt>
<trkpt lat="43.001998" lon="-4.130804"></trkpt>
<trkpt lat="43.002391" lon="-4.130362"></trkpt>
<trkpt lat="43.002905" lon="-4.129539"></trkpt>
<trkpt lat="43.003042" lon="-4.129279"></trkpt>
<trkpt lat="43.003159" lon="-4.129181"></trkpt>
<trkpt lat="43.003605" lon="-4.129068"></trkpt>
<trkpt lat="43.003768" lon="-4.127655"></trkpt>
<trkpt lat="43.003736" lon="-4.127292"></trkpt>
<trkpt lat="43.003628" lon="-4.126727"></trkpt>
<trkpt lat="43.003610" lon="-4.126641"></trkpt>
<trkpt lat="43.003461" lon="-4.125961"></trkpt>
<trkpt lat="43.003418" lon="-4.125772"></trkpt>
<trkpt lat="43.003085" lon="-4.124267"></trkpt>
<trkpt lat="43.003015" lon="-4.123957"></trkpt>
<trkpt lat="43.002588" lon="-4.122076"></trkpt>
<trkpt lat="43.002450" lon="-4.121502"></trkpt>
<trkpt lat="43.002390" lon="-4.121200"></trkpt>
<trkpt lat="43.002088" lon="-4.121228"></trkpt>
<trkpt lat="43.001315" lon="-4.121263"></trkpt>
<trkpt lat="43.001074" lon="-4.121267"></trkpt>
<trkpt lat="43.000613" lon="-4.121271"></trkpt>
<trkpt lat="43.000465" lon="-4.121270"></trkpt>
<trkpt lat="42.997630" lon="-4.121260"></trkpt>
<trkpt lat="42.997203" lon="-4.121245"></trkpt>
<trkpt lat="42.997010" lon="-4.121239"></trkpt>
<trkpt lat="42.996917" lon="-4.121250"></trkpt>
<trkpt lat="42.996548" lon="-4.121318"></trkpt>
<trkpt lat="42.996223" lon="-4.121444"></trkpt>
<trkpt lat="42.996002" lon="-4.121543"></trkpt>
<trkpt lat="42.994295" lon="-4.122674"></trkpt>
<trkpt lat="42.993809" lon="-4.122922"></trkpt>
<trkpt lat="42.993047" lon="-4.123175"></trkpt>
<trkpt lat="42.992398" lon="-4.123399"></trkpt>
<trkpt lat="42.992215" lon="-4.123397"></trkpt>
<trkpt lat="42.992100" lon="-4.123426"></trkpt>
<trkpt lat="42.991981" lon="-4.123508"></trkpt>
<trkpt lat="42.991837" lon="-4.123673"></trkpt>
<trkpt lat="42.991582" lon="-4.124135"></trkpt>
<trkpt lat="42.991449" lon="-4.124263"></trkpt>
<trkpt lat="42.990873" lon="-4.124446"></trkpt>
<trkpt lat="42.990578" lon="-4.124446"></trkpt>
<trkpt lat="42.990427" lon="-4.124378"></trkpt>
<trkpt lat="42.990217" lon="-4.124228"></trkpt>
<trkpt lat="42.989874" lon="-4.124233"></trkpt>
<trkpt lat="42.989824" lon="-4.123927"></trkpt>
<trkpt lat="42.989787" lon="-4.123584"></trkpt>
<trkpt lat="42.989785" lon="-4.123154"></trkpt>
<trkpt lat="42.989914" lon="-4.122516"></trkpt>
<trkpt lat="42.990451" lon="-4.120241"></trkpt>
<trkpt lat="42.990656" lon="-4.119372"></trkpt>
<trkpt lat="42.990722" lon="-4.118718"></trkpt>
<trkpt lat="42.990617" lon="-4.117883"></trkpt>
<trkpt lat="42.989902" lon="-4.112921"></trkpt>
<trkpt lat="42.989930" lon="-4.112194"></trkpt>
<trkpt lat="42.990181" lon="-4.110936"></trkpt>
<trkpt lat="42.990211" lon="-4.110641"></trkpt>
<trkpt lat="42.990225" lon="-4.110403"></trkpt>
<trkpt lat="42.990203" lon="-4.109899"></trkpt>
<trkpt lat="42.990076" lon="-4.109261"></trkpt>
<trkpt lat="42.989960" lon="-4.108920"></trkpt>
<trkpt lat="42.989523" lon="-4.107980"></trkpt>
<trkpt lat="42.989392" lon="-4.107653"></trkpt>
<trkpt lat="42.989307" lon="-4.107320"></trkpt>
<trkpt lat="42.989253" lon="-4.106707"></trkpt>
<trkpt lat="42.989266" lon="-4.106303"></trkpt>
<trkpt lat="42.989180" lon="-4.105611"></trkpt>
<trkpt lat="42.989025" lon="-4.105180"></trkpt>
<trkpt lat="42.988727" lon="-4.104793"></trkpt>
<trkpt lat="42.988408" lon="-4.104536"></trkpt>
<trkpt lat="42.988152" lon="-4.104441"></trkpt>
<trkpt lat="42.988020" lon="-4.104418"></trkpt>
<trkpt lat="42.987880" lon="-4.104410"></trkpt>
<trkpt lat="42.987500" lon="-4.104491"></trkpt>
<trkpt lat="42.987229" lon="-4.104649"></trkpt>
<trkpt lat="42.985608" lon="-4.106262"></trkpt>
<trkpt lat="42.985360" lon="-4.106454"></trkpt>
<trkpt lat="42.985196" lon="-4.106521"></trkpt>
<trkpt lat="42.985060" lon="-4.106540"></trkpt>
<trkpt lat="42.984848" lon="-4.106518"></trkpt>
<trkpt lat="42.984748" lon="-4.106483"></trkpt>
<trkpt lat="42.984527" lon="-4.106332"></trkpt>
<trkpt lat="42.984328" lon="-4.106088"></trkpt>
<trkpt lat="42.984000" lon="-4.105491"></trkpt>
<trkpt lat="42.983820" lon="-4.105255"></trkpt>
<trkpt lat="42.983683" lon="-4.105128"></trkpt>
<trkpt lat="42.982490" lon="-4.104277"></trkpt>
<trkpt lat="42.982116" lon="-4.104066"></trkpt>
<trkpt lat="42.981785" lon="-4.104028"></trkpt>
<trkpt lat="42.979828" lon="-4.104260"></trkpt>
<trkpt lat="42.979624" lon="-4.104226"></trkpt>
<trkpt lat="42.979444" lon="-4.104134"></trkpt>
<trkpt lat="42.979251" lon="-4.103990"></trkpt>
<trkpt lat="42.978437" lon="-4.102808"></trkpt>
<trkpt lat="42.978208" lon="-4.102551"></trkpt>
<trkpt lat="42.978070" lon="-4.102449"></trkpt>
<trkpt lat="42.977775" lon="-4.102360"></trkpt>
<trkpt lat="42.977621" lon="-4.102371"></trkpt>
<trkpt lat="42.977389" lon="-4.102470"></trkpt>
<trkpt lat="42.977188" lon="-4.102607"></trkpt>
<trkpt lat="42.976871" lon="-4.102811"></trkpt>
<trkpt lat="42.976730" lon="-4.102876"></trkpt>
<trkpt lat="42.976425" lon="-4.102911"></trkpt>
<trkpt lat="42.976154" lon="-4.102844"></trkpt>
<trkpt lat="42.975796" lon="-4.102593"></trkpt>
<trkpt lat="42.974085" lon="-4.101127"></trkpt>
<trkpt lat="42.973915" lon="-4.100956"></trkpt>
<trkpt lat="42.973758" lon="-4.100706"></trkpt>
<trkpt lat="42.973688" lon="-4.100428"></trkpt>
<trkpt lat="42.973673" lon="-4.100264"></trkpt>
<trkpt lat="42.973706" lon="-4.099942"></trkpt>
<trkpt lat="42.973779" lon="-4.099690"></trkpt>
<trkpt lat="42.974378" lon="-4.098433"></trkpt>
<trkpt lat="42.974653" lon="-4.097804"></trkpt>
<trkpt lat="42.974726" lon="-4.097494"></trkpt>
<trkpt lat="42.974716" lon="-4.097027"></trkpt>
<trkpt lat="42.974597" lon="-4.096642"></trkpt>
<trkpt lat="42.974501" lon="-4.096491"></trkpt>
<trkpt lat="42.974389" lon="-4.096323"></trkpt>
<trkpt lat="42.974237" lon="-4.096198"></trkpt>
<trkpt lat="42.973983" lon="-4.096088"></trkpt>
<trkpt lat="42.973702" lon="-4.096073"></trkpt>
<trkpt lat="42.973422" lon="-4.096206"></trkpt>
<trkpt lat="42.972044" lon="-4.097072"></trkpt>
<trkpt lat="42.971898" lon="-4.097118"></trkpt>
<trkpt lat="42.971742" lon="-4.097127"></trkpt>
<trkpt lat="42.971485" lon="-4.097009"></trkpt>
<trkpt lat="42.971359" lon="-4.096864"></trkpt>
<trkpt lat="42.971267" lon="-4.096694"></trkpt>
<trkpt lat="42.971189" lon="-4.096336"></trkpt>
<trkpt lat="42.971200" lon="-4.096134"></trkpt>
<trkpt lat="42.971256" lon="-4.095867"></trkpt>
<trkpt lat="42.971335" lon="-4.095641"></trkpt>
<trkpt lat="42.972254" lon="-4.093197"></trkpt>
<trkpt lat="42.972516" lon="-4.092628"></trkpt>
<trkpt lat="42.972615" lon="-4.092487"></trkpt>
<trkpt lat="42.972775" lon="-4.092334"></trkpt>
<trkpt lat="42.972982" lon="-4.092200"></trkpt>
<trkpt lat="42.973321" lon="-4.092061"></trkpt>
<trkpt lat="42.973473" lon="-4.091970"></trkpt>
<trkpt lat="42.973608" lon="-4.091848"></trkpt>
<trkpt lat="42.973728" lon="-4.091689"></trkpt>
<trkpt lat="42.973890" lon="-4.091277"></trkpt>
<trkpt lat="42.973918" lon="-4.091049"></trkpt>
<trkpt lat="42.973899" lon="-4.090720"></trkpt>
<trkpt lat="42.973778" lon="-4.090362"></trkpt>
<trkpt lat="42.973403" lon="-4.089753"></trkpt>
<trkpt lat="42.973240" lon="-4.089388"></trkpt>
<trkpt lat="42.973144" lon="-4.088993"></trkpt>
<trkpt lat="42.973123" lon="-4.088716"></trkpt>
<trkpt lat="42.973147" lon="-4.088265"></trkpt>
<trkpt lat="42.973214" lon="-4.087745"></trkpt>
<trkpt lat="42.973225" lon="-4.087469"></trkpt>
<trkpt lat="42.973208" lon="-4.087308"></trkpt>
<trkpt lat="42.973125" lon="-4.086988"></trkpt>
<trkpt lat="42.972978" lon="-4.086735"></trkpt>
<trkpt lat="42.972844" lon="-4.086600"></trkpt>
<trkpt lat="42.972669" lon="-4.086480"></trkpt>
<trkpt lat="42.972134" lon="-4.086344"></trkpt>
<trkpt lat="42.971973" lon="-4.086224"></trkpt>
<trkpt lat="42.971887" lon="-4.086129"></trkpt>
<trkpt lat="42.971826" lon="-4.085996"></trkpt>
<trkpt lat="42.971778" lon="-4.085756"></trkpt>
<trkpt lat="42.971816" lon="-4.085398"></trkpt>
<trkpt lat="42.971985" lon="-4.085134"></trkpt>
<trkpt lat="42.972269" lon="-4.084990"></trkpt>
<trkpt lat="42.972823" lon="-4.084894"></trkpt>
<trkpt lat="42.972961" lon="-4.084814"></trkpt>
<trkpt lat="42.973099" lon="-4.084670"></trkpt>
<trkpt lat="42.973169" lon="-4.084532"></trkpt>
<trkpt lat="42.973216" lon="-4.084386"></trkpt>
<trkpt lat="42.973226" lon="-4.084252"></trkpt>
<trkpt lat="42.973210" lon="-4.084068"></trkpt>
<trkpt lat="42.973101" lon="-4.083777"></trkpt>
<trkpt lat="42.971739" lon="-4.082322"></trkpt>
<trkpt lat="42.971632" lon="-4.082156"></trkpt>
<trkpt lat="42.971484" lon="-4.081699"></trkpt>
<trkpt lat="42.971469" lon="-4.081451"></trkpt>
<trkpt lat="42.971490" lon="-4.081197"></trkpt>
<trkpt lat="42.971568" lon="-4.080856"></trkpt>
<trkpt lat="42.971669" lon="-4.080660"></trkpt>
<trkpt lat="42.971986" lon="-4.080229"></trkpt>
<trkpt lat="42.972173" lon="-4.079883"></trkpt>
<trkpt lat="42.972241" lon="-4.079598"></trkpt>
<trkpt lat="42.972241" lon="-4.079347"></trkpt>
<trkpt lat="42.972207" lon="-4.079084"></trkpt>
<trkpt lat="42.972127" lon="-4.078835"></trkpt>
<trkpt lat="42.971976" lon="-4.078606"></trkpt>
<trkpt lat="42.971836" lon="-4.078468"></trkpt>
<trkpt lat="42.971669" lon="-4.078373"></trkpt>
<trkpt lat="42.971211" lon="-4.078246"></trkpt>
<trkpt lat="42.971056" lon="-4.078155"></trkpt>
<trkpt lat="42.970918" lon="-4.078004"></trkpt>
<trkpt lat="42.970863" lon="-4.077886"></trkpt>
<trkpt lat="42.970813" lon="-4.077682"></trkpt>
<trkpt lat="42.970811" lon="-4.077529"></trkpt>
<trkpt lat="42.970884" lon="-4.077233"></trkpt>
<trkpt lat="42.971272" lon="-4.076674"></trkpt>
<trkpt lat="42.971393" lon="-4.076422"></trkpt>
<trkpt lat="42.971441" lon="-4.076027"></trkpt>
<trkpt lat="42.971394" lon="-4.075768"></trkpt>
<trkpt lat="42.971246" lon="-4.075450"></trkpt>
<trkpt lat="42.970405" lon="-4.074306"></trkpt>
<trkpt lat="42.970237" lon="-4.074029"></trkpt>
<trkpt lat="42.970179" lon="-4.073862"></trkpt>
<trkpt lat="42.970150" lon="-4.073676"></trkpt>
<trkpt lat="42.970153" lon="-4.073474"></trkpt>
<trkpt lat="42.970187" lon="-4.073309"></trkpt>
<trkpt lat="42.970237" lon="-4.073143"></trkpt>
<trkpt lat="42.970533" lon="-4.072636"></trkpt>
<trkpt lat="42.970583" lon="-4.072508"></trkpt>
<trkpt lat="42.970658" lon="-4.072226"></trkpt>
<trkpt lat="42.970689" lon="-4.071963"></trkpt>
<trkpt lat="42.970644" lon="-4.071564"></trkpt>
<trkpt lat="42.970600" lon="-4.071413"></trkpt>
<trkpt lat="42.970409" lon="-4.071097"></trkpt>
<trkpt lat="42.970174" lon="-4.070875"></trkpt>
<trkpt lat="42.969864" lon="-4.070669"></trkpt>
<trkpt lat="42.969730" lon="-4.070527"></trkpt>
<trkpt lat="42.969569" lon="-4.070280"></trkpt>
<trkpt lat="42.969480" lon="-4.070080"></trkpt>
<trkpt lat="42.968468" lon="-4.066185"></trkpt>
<trkpt lat="42.968408" lon="-4.065890"></trkpt>
<trkpt lat="42.968388" lon="-4.065674"></trkpt>
<trkpt lat="42.968411" lon="-4.065390"></trkpt>
<trkpt lat="42.968676" lon="-4.064551"></trkpt>
<trkpt lat="42.968733" lon="-4.064293"></trkpt>
<trkpt lat="42.968759" lon="-4.063938"></trkpt>
<trkpt lat="42.968744" lon="-4.063695"></trkpt>
<trkpt lat="42.968611" lon="-4.062698"></trkpt>
<trkpt lat="42.968598" lon="-4.062370"></trkpt>
<trkpt lat="42.968671" lon="-4.061988"></trkpt>
<trkpt lat="42.968902" lon="-4.061402"></trkpt>
<trkpt lat="42.969178" lon="-4.060834"></trkpt>
<trkpt lat="42.969360" lon="-4.060524"></trkpt>
<trkpt lat="42.969943" lon="-4.059655"></trkpt>
<trkpt lat="42.970260" lon="-4.059249"></trkpt>
<trkpt lat="42.970576" lon="-4.058823"></trkpt>
<trkpt lat="42.970677" lon="-4.058645"></trkpt>
<trkpt lat="42.970748" lon="-4.058480"></trkpt>
<trkpt lat="42.970847" lon="-4.058142"></trkpt>
<trkpt lat="42.971098" lon="-4.057095"></trkpt>
<trkpt lat="42.971186" lon="-4.056907"></trkpt>
<trkpt lat="42.971626" lon="-4.056259"></trkpt>
<trkpt lat="42.971792" lon="-4.055943"></trkpt>
<trkpt lat="42.972158" lon="-4.055375"></trkpt>
<trkpt lat="42.972314" lon="-4.055071"></trkpt>
<trkpt lat="42.972442" lon="-4.054727"></trkpt>
<trkpt lat="42.972549" lon="-4.054199"></trkpt>
<trkpt lat="42.972596" lon="-4.053987"></trkpt>
<trkpt lat="42.972644" lon="-4.053759"></trkpt>
<trkpt lat="42.972723" lon="-4.053257"></trkpt>
<trkpt lat="42.972697" lon="-4.052950"></trkpt>
<trkpt lat="42.972598" lon="-4.052706"></trkpt>
<trkpt lat="42.972525" lon="-4.052620"></trkpt>
<trkpt lat="42.972359" lon="-4.052496"></trkpt>
<trkpt lat="42.972140" lon="-4.052458"></trkpt>
<trkpt lat="42.971921" lon="-4.052519"></trkpt>
<trkpt lat="42.971698" lon="-4.052640"></trkpt>
<trkpt lat="42.970650" lon="-4.053208"></trkpt>
<trkpt lat="42.970554" lon="-4.053238"></trkpt>
<trkpt lat="42.970447" lon="-4.053201"></trkpt>
<trkpt lat="42.970399" lon="-4.053096"></trkpt>
<trkpt lat="42.970288" lon="-4.052519"></trkpt>
<trkpt lat="42.970163" lon="-4.052141"></trkpt>
<trkpt lat="42.969712" lon="-4.051236"></trkpt>
<trkpt lat="42.969714" lon="-4.051154"></trkpt>
<trkpt lat="42.969782" lon="-4.051042"></trkpt>
<trkpt lat="42.969926" lon="-4.050824"></trkpt>
<trkpt lat="42.970123" lon="-4.050301"></trkpt>
<trkpt lat="42.970248" lon="-4.050052"></trkpt>
<trkpt lat="42.970388" lon="-4.049866"></trkpt>
<trkpt lat="42.970807" lon="-4.049434"></trkpt>
<trkpt lat="42.970943" lon="-4.049206"></trkpt>
<trkpt lat="42.971031" lon="-4.048952"></trkpt>
<trkpt lat="42.971282" lon="-4.047555"></trkpt>
<trkpt lat="42.971308" lon="-4.047305"></trkpt>
<trkpt lat="42.971292" lon="-4.047075"></trkpt>
<trkpt lat="42.971237" lon="-4.046855"></trkpt>
<trkpt lat="42.971057" lon="-4.046535"></trkpt>
<trkpt lat="42.970757" lon="-4.046192"></trkpt>
<trkpt lat="42.970606" lon="-4.045878"></trkpt>
<trkpt lat="42.970553" lon="-4.045679"></trkpt>
<trkpt lat="42.970515" lon="-4.045301"></trkpt>
<trkpt lat="42.970506" lon="-4.045033"></trkpt>
<trkpt lat="42.970391" lon="-4.042534"></trkpt>
<trkpt lat="42.970404" lon="-4.042254"></trkpt>
<trkpt lat="42.970425" lon="-4.042037"></trkpt>
<trkpt lat="42.970583" lon="-4.041388"></trkpt>
<trkpt lat="42.970878" lon="-4.040460"></trkpt>
<trkpt lat="42.971187" lon="-4.039458"></trkpt>
<trkpt lat="42.971279" lon="-4.039114"></trkpt>
<trkpt lat="42.971303" lon="-4.038713"></trkpt>
<trkpt lat="42.971250" lon="-4.038325"></trkpt>
<trkpt lat="42.971223" lon="-4.038121"></trkpt>
<trkpt lat="42.971218" lon="-4.038011"></trkpt>
<trkpt lat="42.971253" lon="-4.037699"></trkpt>
<trkpt lat="42.971348" lon="-4.037441"></trkpt>
<trkpt lat="42.971556" lon="-4.037143"></trkpt>
<trkpt lat="42.971935" lon="-4.036676"></trkpt>
<trkpt lat="42.972027" lon="-4.036561"></trkpt>
<trkpt lat="42.972200" lon="-4.036346"></trkpt>
<trkpt lat="42.972438" lon="-4.036036"></trkpt>
<trkpt lat="42.972513" lon="-4.035855"></trkpt>
<trkpt lat="42.972560" lon="-4.035667"></trkpt>
<trkpt lat="42.972588" lon="-4.035403"></trkpt>
<trkpt lat="42.972559" lon="-4.035187"></trkpt>
<trkpt lat="42.972519" lon="-4.035040"></trkpt>
<trkpt lat="42.972369" lon="-4.034725"></trkpt>
<trkpt lat="42.971843" lon="-4.034259"></trkpt>
<trkpt lat="42.971786" lon="-4.034180"></trkpt>
<trkpt lat="42.971679" lon="-4.033898"></trkpt>
<trkpt lat="42.971666" lon="-4.033753"></trkpt>
<trkpt lat="42.971677" lon="-4.033538"></trkpt>
<trkpt lat="42.971758" lon="-4.033269"></trkpt>
<trkpt lat="42.971994" lon="-4.033023"></trkpt>
<trkpt lat="42.972198" lon="-4.032968"></trkpt>
<trkpt lat="42.972633" lon="-4.032938"></trkpt>
<trkpt lat="42.972850" lon="-4.032844"></trkpt>
<trkpt lat="42.973008" lon="-4.032686"></trkpt>
<trkpt lat="42.973114" lon="-4.032539"></trkpt>
<trkpt lat="42.973207" lon="-4.032247"></trkpt>
<trkpt lat="42.973542" lon="-4.030749"></trkpt>
<trkpt lat="42.973551" lon="-4.030357"></trkpt>
<trkpt lat="42.973501" lon="-4.030072"></trkpt>
<trkpt lat="42.973276" lon="-4.029101"></trkpt>
<trkpt lat="42.973112" lon="-4.028969"></trkpt>
<trkpt lat="42.973070" lon="-4.028901"></trkpt>
<trkpt lat="42.972983" lon="-4.028669"></trkpt>
<trkpt lat="42.972927" lon="-4.028389"></trkpt>
<trkpt lat="42.972857" lon="-4.028246"></trkpt>
<trkpt lat="42.972728" lon="-4.028067"></trkpt>
<trkpt lat="42.972653" lon="-4.027847"></trkpt>
<trkpt lat="42.972431" lon="-4.027810"></trkpt>
<trkpt lat="42.972229" lon="-4.027663"></trkpt>
<trkpt lat="42.972171" lon="-4.027552"></trkpt>
<trkpt lat="42.972133" lon="-4.027426"></trkpt>
<trkpt lat="42.972141" lon="-4.027214"></trkpt>
<trkpt lat="42.972191" lon="-4.027012"></trkpt>
<trkpt lat="42.972313" lon="-4.026893"></trkpt>
<trkpt lat="42.972360" lon="-4.026729"></trkpt>
<trkpt lat="42.972443" lon="-4.026475"></trkpt>
<trkpt lat="42.972542" lon="-4.026197"></trkpt>
<trkpt lat="42.972557" lon="-4.025785"></trkpt>
<trkpt lat="42.972519" lon="-4.025485"></trkpt>
<trkpt lat="42.972481" lon="-4.025103"></trkpt>
<trkpt lat="42.972506" lon="-4.024918"></trkpt>
<trkpt lat="42.972542" lon="-4.024814"></trkpt>
<trkpt lat="42.972697" lon="-4.024517"></trkpt>
<trkpt lat="42.972775" lon="-4.024385"></trkpt>
<trkpt lat="42.972806" lon="-4.024327"></trkpt>
<trkpt lat="42.972901" lon="-4.024144"></trkpt>
<trkpt lat="42.972949" lon="-4.024053"></trkpt>
<trkpt lat="42.973129" lon="-4.023610"></trkpt>
<trkpt lat="42.973203" lon="-4.023259"></trkpt>
<trkpt lat="42.973242" lon="-4.022672"></trkpt>
<trkpt lat="42.973178" lon="-4.021430"></trkpt>
<trkpt lat="42.973114" lon="-4.020231"></trkpt>
<trkpt lat="42.973102" lon="-4.019919"></trkpt>
<trkpt lat="42.973020" lon="-4.018567"></trkpt>
<trkpt lat="42.972888" lon="-4.018132"></trkpt>
<trkpt lat="42.972837" lon="-4.018059"></trkpt>
<trkpt lat="42.972767" lon="-4.017943"></trkpt>
<trkpt lat="42.972536" lon="-4.017686"></trkpt>
<trkpt lat="42.971989" lon="-4.017134"></trkpt>
<trkpt lat="42.971772" lon="-4.016874"></trkpt>
<trkpt lat="42.971656" lon="-4.016701"></trkpt>
<trkpt lat="42.971560" lon="-4.016451"></trkpt>
<trkpt lat="42.971507" lon="-4.016126"></trkpt>
<trkpt lat="42.971517" lon="-4.015896"></trkpt>
<trkpt lat="42.971583" lon="-4.015597"></trkpt>
<trkpt lat="42.971645" lon="-4.015454"></trkpt>
<trkpt lat="42.971847" lon="-4.015155"></trkpt>
<trkpt lat="42.972750" lon="-4.014331"></trkpt>
<trkpt lat="42.972848" lon="-4.014209"></trkpt>
<trkpt lat="42.972925" lon="-4.014080"></trkpt>
<trkpt lat="42.973061" lon="-4.013749"></trkpt>
<trkpt lat="42.973160" lon="-4.013206"></trkpt>
<trkpt lat="42.973382" lon="-4.011975"></trkpt>
<trkpt lat="42.973373" lon="-4.011819"></trkpt>
<trkpt lat="42.973328" lon="-4.011619"></trkpt>
<trkpt lat="42.973254" lon="-4.011443"></trkpt>
<trkpt lat="42.973157" lon="-4.011312"></trkpt>
<trkpt lat="42.973085" lon="-4.011228"></trkpt>
<trkpt lat="42.972927" lon="-4.011142"></trkpt>
<trkpt lat="42.972283" lon="-4.010978"></trkpt>
<trkpt lat="42.972120" lon="-4.010860"></trkpt>
<trkpt lat="42.972031" lon="-4.010744"></trkpt>
<trkpt lat="42.971954" lon="-4.010578"></trkpt>
<trkpt lat="42.971926" lon="-4.010300"></trkpt>
<trkpt lat="42.971943" lon="-4.010140"></trkpt>
<trkpt lat="42.971990" lon="-4.009979"></trkpt>
<trkpt lat="42.972091" lon="-4.009807"></trkpt>
<trkpt lat="42.972243" lon="-4.009677"></trkpt>
<trkpt lat="42.972634" lon="-4.009441"></trkpt>
<trkpt lat="42.973408" lon="-4.008953"></trkpt>
<trkpt lat="42.973521" lon="-4.008848"></trkpt>
<trkpt lat="42.973650" lon="-4.008571"></trkpt>
<trkpt lat="42.973681" lon="-4.008405"></trkpt>
<trkpt lat="42.973687" lon="-4.008204"></trkpt>
<trkpt lat="42.973625" lon="-4.007968"></trkpt>
<trkpt lat="42.973249" lon="-4.007394"></trkpt>
<trkpt lat="42.973185" lon="-4.007237"></trkpt>
<trkpt lat="42.973151" lon="-4.007008"></trkpt>
<trkpt lat="42.973200" lon="-4.006677"></trkpt>
<trkpt lat="42.973505" lon="-4.006162"></trkpt>
<trkpt lat="42.974044" lon="-4.005342"></trkpt>
<trkpt lat="42.974148" lon="-4.005192"></trkpt>
<trkpt lat="42.974238" lon="-4.005034"></trkpt>
<trkpt lat="42.974308" lon="-4.004849"></trkpt>
<trkpt lat="42.974378" lon="-4.004575"></trkpt>
<trkpt lat="42.974396" lon="-4.004174"></trkpt>
<trkpt lat="42.974360" lon="-4.003694"></trkpt>
<trkpt lat="42.974364" lon="-4.003380"></trkpt>
<trkpt lat="42.974372" lon="-4.003209"></trkpt>
<trkpt lat="42.974415" lon="-4.002977"></trkpt>
<trkpt lat="42.974531" lon="-4.002601"></trkpt>
<trkpt lat="42.974717" lon="-4.002083"></trkpt>
<trkpt lat="42.975208" lon="-4.000737"></trkpt>
<trkpt lat="42.975233" lon="-4.000669"></trkpt>
<trkpt lat="42.975358" lon="-4.000327"></trkpt>
<trkpt lat="42.975587" lon="-3.999702"></trkpt>
<trkpt lat="42.975789" lon="-3.999176"></trkpt>
<trkpt lat="42.975897" lon="-3.998949"></trkpt>
<trkpt lat="42.976063" lon="-3.998707"></trkpt>
<trkpt lat="42.976530" lon="-3.998219"></trkpt>
<trkpt lat="42.976740" lon="-3.997943"></trkpt>
<trkpt lat="42.976814" lon="-3.997765"></trkpt>
<trkpt lat="42.976882" lon="-3.997531"></trkpt>
<trkpt lat="42.976984" lon="-3.996667"></trkpt>
<trkpt lat="42.977093" lon="-3.996329"></trkpt>
<trkpt lat="42.977257" lon="-3.996081"></trkpt>
<trkpt lat="42.977334" lon="-3.995979"></trkpt>
<trkpt lat="42.977528" lon="-3.995805"></trkpt>
<trkpt lat="42.977937" lon="-3.995548"></trkpt>
<trkpt lat="42.978998" lon="-3.994918"></trkpt>
<trkpt lat="42.979383" lon="-3.994671"></trkpt>
<trkpt lat="42.979663" lon="-3.994441"></trkpt>
<trkpt lat="42.980004" lon="-3.994113"></trkpt>
<trkpt lat="42.981027" lon="-3.992967"></trkpt>
<trkpt lat="42.981127" lon="-3.992857"></trkpt>
<trkpt lat="42.982113" lon="-3.991718"></trkpt>
<trkpt lat="42.982368" lon="-3.991494"></trkpt>
<trkpt lat="42.982506" lon="-3.991395"></trkpt>
<trkpt lat="42.982900" lon="-3.991229"></trkpt>
<trkpt lat="42.983113" lon="-3.991191"></trkpt>
<trkpt lat="42.983351" lon="-3.991194"></trkpt>
<trkpt lat="42.983947" lon="-3.991322"></trkpt>
<trkpt lat="42.984664" lon="-3.991280"></trkpt>
<trkpt lat="42.984704" lon="-3.991276"></trkpt>
<trkpt lat="42.984981" lon="-3.991240"></trkpt>
<trkpt lat="42.985212" lon="-3.991108"></trkpt>
<trkpt lat="42.986263" lon="-3.990144"></trkpt>
<trkpt lat="42.986551" lon="-3.989922"></trkpt>
<trkpt lat="42.986762" lon="-3.989848"></trkpt>
<trkpt lat="42.986970" lon="-3.989837"></trkpt>
<trkpt lat="42.987479" lon="-3.989916"></trkpt>
<trkpt lat="42.987742" lon="-3.989901"></trkpt>
<trkpt lat="42.988099" lon="-3.989764"></trkpt>
<trkpt lat="42.988290" lon="-3.989639"></trkpt>
<trkpt lat="42.988460" lon="-3.989453"></trkpt>
<trkpt lat="42.988602" lon="-3.989198"></trkpt>
<trkpt lat="42.988709" lon="-3.988866"></trkpt>
<trkpt lat="42.988760" lon="-3.988417"></trkpt>
<trkpt lat="42.988699" lon="-3.987741"></trkpt>
<trkpt lat="42.988572" lon="-3.987255"></trkpt>
<trkpt lat="42.988524" lon="-3.987144"></trkpt>
<trkpt lat="42.988394" lon="-3.986839"></trkpt>
<trkpt lat="42.988282" lon="-3.986575"></trkpt>
<trkpt lat="42.988120" lon="-3.986177"></trkpt>
<trkpt lat="42.987893" lon="-3.985609"></trkpt>
<trkpt lat="42.987779" lon="-3.985305"></trkpt>
<trkpt lat="42.987588" lon="-3.985002"></trkpt>
<trkpt lat="42.987471" lon="-3.984711"></trkpt>
<trkpt lat="42.987440" lon="-3.984444"></trkpt>
<trkpt lat="42.987437" lon="-3.984327"></trkpt>
<trkpt lat="42.987502" lon="-3.984017"></trkpt>
<trkpt lat="42.987922" lon="-3.983026"></trkpt>
<trkpt lat="42.988011" lon="-3.982820"></trkpt>
<trkpt lat="42.988398" lon="-3.981936"></trkpt>
<trkpt lat="42.988569" lon="-3.981559"></trkpt>
<trkpt lat="42.988743" lon="-3.981282"></trkpt>
<trkpt lat="42.988856" lon="-3.981141"></trkpt>
<trkpt lat="42.989171" lon="-3.980879"></trkpt>
<trkpt lat="42.989396" lon="-3.980652"></trkpt>
<trkpt lat="42.989589" lon="-3.980370"></trkpt>
<trkpt lat="42.989678" lon="-3.980171"></trkpt>
<trkpt lat="42.989790" lon="-3.979707"></trkpt>
<trkpt lat="42.989818" lon="-3.979233"></trkpt>
<trkpt lat="42.989593" lon="-3.978079"></trkpt>
<trkpt lat="42.989596" lon="-3.977650"></trkpt>
<trkpt lat="42.989693" lon="-3.977186"></trkpt>
<trkpt lat="42.990822" lon="-3.973283"></trkpt>
<trkpt lat="42.991041" lon="-3.972503"></trkpt>
<trkpt lat="42.991096" lon="-3.971900"></trkpt>
<trkpt lat="42.991081" lon="-3.971554"></trkpt>
<trkpt lat="42.991010" lon="-3.971188"></trkpt>
<trkpt lat="42.990900" lon="-3.970844"></trkpt>
<trkpt lat="42.990564" lon="-3.970220"></trkpt>
<trkpt lat="42.990428" lon="-3.969986"></trkpt>
<trkpt lat="42.990211" lon="-3.969595"></trkpt>
<trkpt lat="42.989643" lon="-3.968551"></trkpt>
<trkpt lat="42.989529" lon="-3.968298"></trkpt>
<trkpt lat="42.989272" lon="-3.967802"></trkpt>
<trkpt lat="42.989166" lon="-3.967502"></trkpt>
<trkpt lat="42.989144" lon="-3.967325"></trkpt>
<trkpt lat="42.989176" lon="-3.966626"></trkpt>
<trkpt lat="42.989175" lon="-3.966122"></trkpt>
<trkpt lat="42.989093" lon="-3.964418"></trkpt>
<trkpt lat="42.989053" lon="-3.964107"></trkpt>
<trkpt lat="42.988958" lon="-3.963735"></trkpt>
<trkpt lat="42.988769" lon="-3.963210"></trkpt>
<trkpt lat="42.988651" lon="-3.962987"></trkpt>
<trkpt lat="42.988148" lon="-3.962184"></trkpt>
<trkpt lat="42.987641" lon="-3.961353"></trkpt>
<trkpt lat="42.987448" lon="-3.960912"></trkpt>
<trkpt lat="42.987201" lon="-3.960207"></trkpt>
<trkpt lat="42.987032" lon="-3.959910"></trkpt>
<trkpt lat="42.986739" lon="-3.959445"></trkpt>
<trkpt lat="42.986677" lon="-3.959278"></trkpt>
<trkpt lat="42.986612" lon="-3.958955"></trkpt>
<trkpt lat="42.986519" lon="-3.958502"></trkpt>
<trkpt lat="42.986461" lon="-3.958373"></trkpt>
<trkpt lat="42.986223" lon="-3.957772"></trkpt>
<trkpt lat="42.986293" lon="-3.956850"></trkpt>
<trkpt lat="42.986202" lon="-3.956564"></trkpt>
<trkpt lat="42.986103" lon="-3.956386"></trkpt>
<trkpt lat="42.985848" lon="-3.955915"></trkpt>
<trkpt lat="42.985523" lon="-3.955178"></trkpt>
<trkpt lat="42.985333" lon="-3.954496"></trkpt>
<trkpt lat="42.985326" lon="-3.954360"></trkpt>
<trkpt lat="42.985318" lon="-3.953308"></trkpt>
<trkpt lat="42.985305" lon="-3.953139"></trkpt>
<trkpt lat="42.985263" lon="-3.953012"></trkpt>
<trkpt lat="42.985102" lon="-3.952755"></trkpt>
<trkpt lat="42.984887" lon="-3.952548"></trkpt>
<trkpt lat="42.984529" lon="-3.952281"></trkpt>
<trkpt lat="42.984390" lon="-3.952147"></trkpt>
<trkpt lat="42.984109" lon="-3.951746"></trkpt>
<trkpt lat="42.983885" lon="-3.951347"></trkpt>
<trkpt lat="42.983757" lon="-3.951199"></trkpt>
<trkpt lat="42.983397" lon="-3.950839"></trkpt>
<trkpt lat="42.982995" lon="-3.950311"></trkpt>
<trkpt lat="42.982926" lon="-3.950158"></trkpt>
<trkpt lat="42.982833" lon="-3.949824"></trkpt>
<trkpt lat="42.982715" lon="-3.949320"></trkpt>
<trkpt lat="42.982486" lon="-3.947781"></trkpt>
<trkpt lat="42.982310" lon="-3.946598"></trkpt>
<trkpt lat="42.981337" lon="-3.941619"></trkpt>
<trkpt lat="42.980956" lon="-3.939706"></trkpt>
<trkpt lat="42.980201" lon="-3.935341"></trkpt>
<trkpt lat="42.980072" lon="-3.933920"></trkpt>
<trkpt lat="42.979976" lon="-3.932774"></trkpt>
<trkpt lat="42.979707" lon="-3.930984"></trkpt>
<trkpt lat="42.979568" lon="-3.930051"></trkpt>
<trkpt lat="42.979523" lon="-3.929569"></trkpt>
<trkpt lat="42.979489" lon="-3.929102"></trkpt>
<trkpt lat="42.979449" lon="-3.928536"></trkpt>
<trkpt lat="42.979434" lon="-3.928245"></trkpt>
<trkpt lat="42.979363" lon="-3.927357"></trkpt>
<trkpt lat="42.979229" lon="-3.926640"></trkpt>
<trkpt lat="42.979195" lon="-3.926507"></trkpt>
<trkpt lat="42.979023" lon="-3.925905"></trkpt>
<trkpt lat="42.978929" lon="-3.925593"></trkpt>
<trkpt lat="42.978364" lon="-3.923667"></trkpt>
<trkpt lat="42.977506" lon="-3.921449"></trkpt>
<trkpt lat="42.977425" lon="-3.921220"></trkpt>
<trkpt lat="42.977383" lon="-3.920990"></trkpt>
<trkpt lat="42.976424" lon="-3.910709"></trkpt>
<trkpt lat="42.976389" lon="-3.903363"></trkpt>
<trkpt lat="42.976384" lon="-3.902271"></trkpt>
<trkpt lat="42.976380" lon="-3.901373"></trkpt>
<trkpt lat="42.976368" lon="-3.900956"></trkpt>
<trkpt lat="42.976292" lon="-3.900289"></trkpt>
<trkpt lat="42.976177" lon="-3.899444"></trkpt>
<trkpt lat="42.976037" lon="-3.898344"></trkpt>
<trkpt lat="42.976064" lon="-3.897910"></trkpt>
<trkpt lat="42.976171" lon="-3.897548"></trkpt>
<trkpt lat="42.976251" lon="-3.897376"></trkpt>
<trkpt lat="42.976489" lon="-3.897059"></trkpt>
<trkpt lat="42.976785" lon="-3.896760"></trkpt>
<trkpt lat="42.977674" lon="-3.895888"></trkpt>
<trkpt lat="42.977876" lon="-3.895604"></trkpt>
<trkpt lat="42.978030" lon="-3.895283"></trkpt>
<trkpt lat="42.978078" lon="-3.895064"></trkpt>
<trkpt lat="42.978062" lon="-3.894608"></trkpt>
<trkpt lat="42.978004" lon="-3.894315"></trkpt>
<trkpt lat="42.977900" lon="-3.894046"></trkpt>
<trkpt lat="42.977131" lon="-3.892892"></trkpt>
<trkpt lat="42.977037" lon="-3.892722"></trkpt>
<trkpt lat="42.976922" lon="-3.892408"></trkpt>
<trkpt lat="42.976447" lon="-3.890692"></trkpt>
<trkpt lat="42.976138" lon="-3.889575"></trkpt>
<trkpt lat="42.976093" lon="-3.889408"></trkpt>
<trkpt lat="42.975850" lon="-3.888460"></trkpt>
<trkpt lat="42.975779" lon="-3.888072"></trkpt>
<trkpt lat="42.975731" lon="-3.887392"></trkpt>
<trkpt lat="42.975747" lon="-3.887030"></trkpt>
<trkpt lat="42.975789" lon="-3.886144"></trkpt>
<trkpt lat="42.976283" lon="-3.886152"></trkpt>
<trkpt lat="42.977519" lon="-3.886198"></trkpt>
<trkpt lat="42.977918" lon="-3.886176"></trkpt>
<trkpt lat="42.978259" lon="-3.886068"></trkpt>
<trkpt lat="42.978527" lon="-3.885868"></trkpt>
<trkpt lat="42.978723" lon="-3.885641"></trkpt>
<trkpt lat="42.978939" lon="-3.885519"></trkpt>
<trkpt lat="42.979591" lon="-3.885438"></trkpt>
<trkpt lat="42.979682" lon="-3.885404"></trkpt>
<trkpt lat="42.979798" lon="-3.885281"></trkpt>
<trkpt lat="42.979849" lon="-3.885118"></trkpt>
<trkpt lat="42.979857" lon="-3.884960"></trkpt>
<trkpt lat="42.979789" lon="-3.884531"></trkpt>
<trkpt lat="42.979668" lon="-3.884073"></trkpt>
<trkpt lat="42.979649" lon="-3.883716"></trkpt>
<trkpt lat="42.979760" lon="-3.882011"></trkpt>
<trkpt lat="42.980038" lon="-3.879948"></trkpt>
<trkpt lat="42.980156" lon="-3.879331"></trkpt>
<trkpt lat="42.980240" lon="-3.879135"></trkpt>
<trkpt lat="42.980363" lon="-3.878937"></trkpt>
<trkpt lat="42.983910" lon="-3.874026"></trkpt>
<trkpt lat="42.990370" lon="-3.865074"></trkpt>
<trkpt lat="42.992927" lon="-3.861510"></trkpt>
<trkpt lat="42.993357" lon="-3.860954"></trkpt>
<trkpt lat="42.993893" lon="-3.860583"></trkpt>
<trkpt lat="42.994131" lon="-3.860250"></trkpt>
<trkpt lat="42.994538" lon="-3.859294"></trkpt>
<trkpt lat="42.995616" lon="-3.859223"></trkpt>
<trkpt lat="42.996209" lon="-3.859196"></trkpt>
<trkpt lat="42.998563" lon="-3.859067"></trkpt>
<trkpt lat="42.999779" lon="-3.858994"></trkpt>
<trkpt lat="43.003718" lon="-3.858781"></trkpt>
<trkpt lat="43.005351" lon="-3.858690"></trkpt>
<trkpt lat="43.005523" lon="-3.858665"></trkpt>
<trkpt lat="43.005787" lon="-3.858571"></trkpt>
<trkpt lat="43.007379" lon="-3.857680"></trkpt>
<trkpt lat="43.007759" lon="-3.857369"></trkpt>
<trkpt lat="43.008194" lon="-3.856947"></trkpt>
<trkpt lat="43.008807" lon="-3.856318"></trkpt>
<trkpt lat="43.008846" lon="-3.856277"></trkpt>
<trkpt lat="43.009555" lon="-3.855529"></trkpt>
<trkpt lat="43.011099" lon="-3.853954"></trkpt>
<trkpt lat="43.011662" lon="-3.853585"></trkpt>
<trkpt lat="43.012438" lon="-3.853341"></trkpt>
<trkpt lat="43.012810" lon="-3.853297"></trkpt>
<trkpt lat="43.013555" lon="-3.853292"></trkpt>
<trkpt lat="43.014160" lon="-3.853399"></trkpt>
<trkpt lat="43.014997" lon="-3.853745"></trkpt>
<trkpt lat="43.015151" lon="-3.853807"></trkpt>
<trkpt lat="43.019658" lon="-3.855586"></trkpt>
<trkpt lat="43.020333" lon="-3.855867"></trkpt>
<trkpt lat="43.021772" lon="-3.856352"></trkpt>
<trkpt lat="43.022046" lon="-3.856458"></trkpt>
<trkpt lat="43.022295" lon="-3.856567"></trkpt>
<trkpt lat="43.022537" lon="-3.856690"></trkpt>
<trkpt lat="43.022721" lon="-3.856829"></trkpt>
<trkpt lat="43.023075" lon="-3.857194"></trkpt>
<trkpt lat="43.023151" lon="-3.857321"></trkpt>
<trkpt lat="43.023317" lon="-3.857117"></trkpt>
<trkpt lat="43.023445" lon="-3.857114"></trkpt>
<trkpt lat="43.025487" lon="-3.857929"></trkpt>
<trkpt lat="43.026353" lon="-3.858281"></trkpt>
<trkpt lat="43.026415" lon="-3.858306"></trkpt>
<trkpt lat="43.026547" lon="-3.858360"></trkpt>
<trkpt lat="43.027800" lon="-3.858860"></trkpt>
<trkpt lat="43.028200" lon="-3.859047"></trkpt>
<trkpt lat="43.028295" lon="-3.859126"></trkpt>
<trkpt lat="43.028476" lon="-3.859302"></trkpt>
<trkpt lat="43.028601" lon="-3.859432"></trkpt>
<trkpt lat="43.028828" lon="-3.859740"></trkpt>
<trkpt lat="43.029106" lon="-3.860094"></trkpt>
<trkpt lat="43.029225" lon="-3.860186"></trkpt>
<trkpt lat="43.029469" lon="-3.860311"></trkpt>
<trkpt lat="43.029621" lon="-3.860344"></trkpt>
<trkpt lat="43.029861" lon="-3.860326"></trkpt>
<trkpt lat="43.030772" lon="-3.860236"></trkpt>
<trkpt lat="43.031319" lon="-3.860224"></trkpt>
<trkpt lat="43.031482" lon="-3.860262"></trkpt>
<trkpt lat="43.031753" lon="-3.860452"></trkpt>
<trkpt lat="43.031981" lon="-3.860854"></trkpt>
<trkpt lat="43.032594" lon="-3.862432"></trkpt>
<trkpt lat="43.032806" lon="-3.862725"></trkpt>
<trkpt lat="43.032958" lon="-3.862872"></trkpt>
<trkpt lat="43.034222" lon="-3.863344"></trkpt>
<trkpt lat="43.034574" lon="-3.863371"></trkpt>
<trkpt lat="43.034927" lon="-3.863284"></trkpt>
<trkpt lat="43.035057" lon="-3.863208"></trkpt>
<trkpt lat="43.035301" lon="-3.863002"></trkpt>
<trkpt lat="43.035528" lon="-3.862689"></trkpt>
<trkpt lat="43.036169" lon="-3.861733"></trkpt>
<trkpt lat="43.037028" lon="-3.860521"></trkpt>
<trkpt lat="43.037363" lon="-3.860067"></trkpt>
<trkpt lat="43.037580" lon="-3.859882"></trkpt>
<trkpt lat="43.038258" lon="-3.859465"></trkpt>
<trkpt lat="43.038426" lon="-3.859400"></trkpt>
<trkpt lat="43.038626" lon="-3.859396"></trkpt>
<trkpt lat="43.038825" lon="-3.859432"></trkpt>
<trkpt lat="43.038980" lon="-3.859506"></trkpt>
<trkpt lat="43.039766" lon="-3.860159"></trkpt>
<trkpt lat="43.040021" lon="-3.860300"></trkpt>
<trkpt lat="43.040179" lon="-3.860327"></trkpt>
<trkpt lat="43.040363" lon="-3.860317"></trkpt>
<trkpt lat="43.040484" lon="-3.860275"></trkpt>
<trkpt lat="43.041581" lon="-3.859702"></trkpt>
<trkpt lat="43.041746" lon="-3.859643"></trkpt>
<trkpt lat="43.042435" lon="-3.859516"></trkpt>
<trkpt lat="43.042633" lon="-3.859477"></trkpt>
<trkpt lat="43.042910" lon="-3.859396"></trkpt>
<trkpt lat="43.042949" lon="-3.859292"></trkpt>
<trkpt lat="43.042940" lon="-3.859223"></trkpt>
<trkpt lat="43.042836" lon="-3.859077"></trkpt>
<trkpt lat="43.041762" lon="-3.858058"></trkpt>
<trkpt lat="43.041508" lon="-3.857791"></trkpt>
<trkpt lat="43.041278" lon="-3.857392"></trkpt>
<trkpt lat="43.040805" lon="-3.856378"></trkpt>
<trkpt lat="43.040246" lon="-3.855332"></trkpt>
<trkpt lat="43.040076" lon="-3.854224"></trkpt>
<trkpt lat="43.040016" lon="-3.853662"></trkpt>
<trkpt lat="43.039951" lon="-3.852949"></trkpt>
<trkpt lat="43.039966" lon="-3.852660"></trkpt>
<trkpt lat="43.040054" lon="-3.852262"></trkpt>
<trkpt lat="43.040324" lon="-3.851612"></trkpt>
<trkpt lat="43.040494" lon="-3.851298"></trkpt>
<trkpt lat="43.040757" lon="-3.851056"></trkpt>
<trkpt lat="43.041005" lon="-3.850899"></trkpt>
<trkpt lat="43.041247" lon="-3.850852"></trkpt>
<trkpt lat="43.041574" lon="-3.850877"></trkpt>
<trkpt lat="43.041725" lon="-3.850859"></trkpt>
<trkpt lat="43.042252" lon="-3.850727"></trkpt>
<trkpt lat="43.042386" lon="-3.850732"></trkpt>
<trkpt lat="43.042965" lon="-3.850859"></trkpt>
<trkpt lat="43.043160" lon="-3.850941"></trkpt>
<trkpt lat="43.043384" lon="-3.851151"></trkpt>
<trkpt lat="43.043479" lon="-3.851209"></trkpt>
<trkpt lat="43.043596" lon="-3.851222"></trkpt>
<trkpt lat="43.044294" lon="-3.851160"></trkpt>
<trkpt lat="43.044640" lon="-3.851169"></trkpt>
<trkpt lat="43.045261" lon="-3.851240"></trkpt>
<trkpt lat="43.046106" lon="-3.851234"></trkpt>
<trkpt lat="43.046811" lon="-3.851379"></trkpt>
<trkpt lat="43.047631" lon="-3.851420"></trkpt>
<trkpt lat="43.047975" lon="-3.851359"></trkpt>
<trkpt lat="43.048313" lon="-3.851189"></trkpt>
<trkpt lat="43.049747" lon="-3.849941"></trkpt>
<trkpt lat="43.049778" lon="-3.849916"></trkpt>
<trkpt lat="43.050869" lon="-3.848941"></trkpt>
<trkpt lat="43.051096" lon="-3.848839"></trkpt>
<trkpt lat="43.051697" lon="-3.848779"></trkpt>
<trkpt lat="43.051977" lon="-3.848693"></trkpt>
<trkpt lat="43.052308" lon="-3.848522"></trkpt>
<trkpt lat="43.052569" lon="-3.848259"></trkpt>
<trkpt lat="43.052598" lon="-3.848164"></trkpt>
<trkpt lat="43.052601" lon="-3.848048"></trkpt>
<trkpt lat="43.052576" lon="-3.847928"></trkpt>
<trkpt lat="43.052399" lon="-3.847385"></trkpt>
<trkpt lat="43.052011" lon="-3.846334"></trkpt>
<trkpt lat="43.051931" lon="-3.846042"></trkpt>
<trkpt lat="43.051828" lon="-3.844985"></trkpt>
<trkpt lat="43.051868" lon="-3.844654"></trkpt>
<trkpt lat="43.052102" lon="-3.843809"></trkpt>
<trkpt lat="43.052171" lon="-3.843483"></trkpt>
<trkpt lat="43.052300" lon="-3.843114"></trkpt>
<trkpt lat="43.052450" lon="-3.842862"></trkpt>
<trkpt lat="43.052805" lon="-3.842586"></trkpt>
<trkpt lat="43.053022" lon="-3.842455"></trkpt>
<trkpt lat="43.053635" lon="-3.842202"></trkpt>
<trkpt lat="43.053958" lon="-3.841878"></trkpt>
<trkpt lat="43.054142" lon="-3.841738"></trkpt>
<trkpt lat="43.054752" lon="-3.841576"></trkpt>
<trkpt lat="43.054881" lon="-3.841560"></trkpt>
<trkpt lat="43.055221" lon="-3.841598"></trkpt>
<trkpt lat="43.055744" lon="-3.841700"></trkpt>
<trkpt lat="43.055976" lon="-3.841835"></trkpt>
<trkpt lat="43.056084" lon="-3.841943"></trkpt>
<trkpt lat="43.056478" lon="-3.842202"></trkpt>
<trkpt lat="43.056683" lon="-3.842186"></trkpt>
<trkpt lat="43.056737" lon="-3.842099"></trkpt>
<trkpt lat="43.056753" lon="-3.841943"></trkpt>
<trkpt lat="43.056737" lon="-3.841641"></trkpt>
<trkpt lat="43.056667" lon="-3.841376"></trkpt>
<trkpt lat="43.056667" lon="-3.840826"></trkpt>
<trkpt lat="43.056710" lon="-3.840562"></trkpt>
<trkpt lat="43.056850" lon="-3.840098"></trkpt>
<trkpt lat="43.057012" lon="-3.839833"></trkpt>
<trkpt lat="43.057378" lon="-3.839495"></trkpt>
<trkpt lat="43.057872" lon="-3.839302"></trkpt>
<trkpt lat="43.057927" lon="-3.839238"></trkpt>
<trkpt lat="43.058205" lon="-3.838045"></trkpt>
<trkpt lat="43.058449" lon="-3.837661"></trkpt>
<trkpt lat="43.058619" lon="-3.837530"></trkpt>
<trkpt lat="43.058763" lon="-3.837495"></trkpt>
<trkpt lat="43.059284" lon="-3.837543"></trkpt>
<trkpt lat="43.059669" lon="-3.837400"></trkpt>
<trkpt lat="43.059782" lon="-3.837401"></trkpt>
<trkpt lat="43.059899" lon="-3.837434"></trkpt>
<trkpt lat="43.060212" lon="-3.837643"></trkpt>
<trkpt lat="43.060546" lon="-3.837729"></trkpt>
<trkpt lat="43.060665" lon="-3.837734"></trkpt>
<trkpt lat="43.061115" lon="-3.837612"></trkpt>
<trkpt lat="43.061353" lon="-3.837611"></trkpt>
<trkpt lat="43.061537" lon="-3.837708"></trkpt>
<trkpt lat="43.061872" lon="-3.838034"></trkpt>
<trkpt lat="43.062133" lon="-3.838336"></trkpt>
<trkpt lat="43.062306" lon="-3.838621"></trkpt>
<trkpt lat="43.062386" lon="-3.838685"></trkpt>
<trkpt lat="43.063325" lon="-3.838964"></trkpt>
<trkpt lat="43.064181" lon="-3.838998"></trkpt>
<trkpt lat="43.064329" lon="-3.839057"></trkpt>
<trkpt lat="43.064453" lon="-3.839146"></trkpt>
<trkpt lat="43.064789" lon="-3.839441"></trkpt>
<trkpt lat="43.064951" lon="-3.839666"></trkpt>
<trkpt lat="43.065042" lon="-3.839860"></trkpt>
<trkpt lat="43.065680" lon="-3.842144"></trkpt>
<trkpt lat="43.065706" lon="-3.842299"></trkpt>
<trkpt lat="43.065703" lon="-3.842448"></trkpt>
<trkpt lat="43.065671" lon="-3.842589"></trkpt>
<trkpt lat="43.065573" lon="-3.842805"></trkpt>
<trkpt lat="43.065559" lon="-3.842938"></trkpt>
<trkpt lat="43.065564" lon="-3.843033"></trkpt>
<trkpt lat="43.065654" lon="-3.843240"></trkpt>
<trkpt lat="43.065881" lon="-3.843449"></trkpt>
<trkpt lat="43.066331" lon="-3.843753"></trkpt>
<trkpt lat="43.066933" lon="-3.844053"></trkpt>
<trkpt lat="43.067448" lon="-3.844228"></trkpt>
<trkpt lat="43.068222" lon="-3.844439"></trkpt>
<trkpt lat="43.068956" lon="-3.844717"></trkpt>
<trkpt lat="43.069045" lon="-3.844803"></trkpt>
<trkpt lat="43.069123" lon="-3.844935"></trkpt>
<trkpt lat="43.069312" lon="-3.845562"></trkpt>
<trkpt lat="43.069421" lon="-3.845825"></trkpt>
<trkpt lat="43.069517" lon="-3.845991"></trkpt>
<trkpt lat="43.069894" lon="-3.846450"></trkpt>
<trkpt lat="43.070196" lon="-3.846683"></trkpt>
<trkpt lat="43.070519" lon="-3.846866"></trkpt>
<trkpt lat="43.071389" lon="-3.847182"></trkpt>
<trkpt lat="43.071808" lon="-3.847330"></trkpt>
<trkpt lat="43.072269" lon="-3.847624"></trkpt>
<trkpt lat="43.073053" lon="-3.848189"></trkpt>
<trkpt lat="43.073845" lon="-3.848665"></trkpt>
<trkpt lat="43.075090" lon="-3.849652"></trkpt>
<trkpt lat="43.075948" lon="-3.850244"></trkpt>
<trkpt lat="43.076185" lon="-3.850404"></trkpt>
<trkpt lat="43.076321" lon="-3.850537"></trkpt>
<trkpt lat="43.076838" lon="-3.851154"></trkpt>
<trkpt lat="43.077610" lon="-3.852005"></trkpt>
<trkpt lat="43.077830" lon="-3.852150"></trkpt>
<trkpt lat="43.077957" lon="-3.852187"></trkpt>
<trkpt lat="43.078234" lon="-3.852162"></trkpt>
<trkpt lat="43.078522" lon="-3.852041"></trkpt>
<trkpt lat="43.078666" lon="-3.851938"></trkpt>
<trkpt lat="43.079599" lon="-3.851087"></trkpt>
<trkpt lat="43.079736" lon="-3.850872"></trkpt>
<trkpt lat="43.079787" lon="-3.850574"></trkpt>
<trkpt lat="43.079938" lon="-3.849467"></trkpt>
<trkpt lat="43.079935" lon="-3.849344"></trkpt>
<trkpt lat="43.079910" lon="-3.849228"></trkpt>
<trkpt lat="43.079863" lon="-3.849137"></trkpt>
<trkpt lat="43.079443" lon="-3.848626"></trkpt>
<trkpt lat="43.079350" lon="-3.848446"></trkpt>
<trkpt lat="43.079278" lon="-3.848247"></trkpt>
<trkpt lat="43.079099" lon="-3.847292"></trkpt>
<trkpt lat="43.079092" lon="-3.846990"></trkpt>
<trkpt lat="43.079160" lon="-3.846297"></trkpt>
<trkpt lat="43.079265" lon="-3.845947"></trkpt>
<trkpt lat="43.079484" lon="-3.845648"></trkpt>
<trkpt lat="43.079534" lon="-3.845537"></trkpt>
<trkpt lat="43.079552" lon="-3.845438"></trkpt>
<trkpt lat="43.079527" lon="-3.845248"></trkpt>
<trkpt lat="43.079087" lon="-3.844584"></trkpt>
<trkpt lat="43.078898" lon="-3.844258"></trkpt>
<trkpt lat="43.078812" lon="-3.844045"></trkpt>
<trkpt lat="43.078699" lon="-3.843562"></trkpt>
<trkpt lat="43.078611" lon="-3.843196"></trkpt>
<trkpt lat="43.078582" lon="-3.842964"></trkpt>
<trkpt lat="43.078626" lon="-3.842499"></trkpt>
<trkpt lat="43.078700" lon="-3.842197"></trkpt>
<trkpt lat="43.078829" lon="-3.842004"></trkpt>
<trkpt lat="43.079019" lon="-3.841807"></trkpt>
<trkpt lat="43.079098" lon="-3.841631"></trkpt>
<trkpt lat="43.079114" lon="-3.841537"></trkpt>
<trkpt lat="43.079113" lon="-3.840566"></trkpt>
<trkpt lat="43.079194" lon="-3.839881"></trkpt>
<trkpt lat="43.079194" lon="-3.839450"></trkpt>
<trkpt lat="43.079144" lon="-3.839050"></trkpt>
<trkpt lat="43.079164" lon="-3.838733"></trkpt>
<trkpt lat="43.079868" lon="-3.835827"></trkpt>
<trkpt lat="43.079924" lon="-3.835516"></trkpt>
<trkpt lat="43.079909" lon="-3.835181"></trkpt>
<trkpt lat="43.079685" lon="-3.834444"></trkpt>
<trkpt lat="43.079612" lon="-3.834014"></trkpt>
<trkpt lat="43.079553" lon="-3.832903"></trkpt>
<trkpt lat="43.079586" lon="-3.832445"></trkpt>
<trkpt lat="43.079873" lon="-3.831560"></trkpt>
<trkpt lat="43.079963" lon="-3.831356"></trkpt>
<trkpt lat="43.080175" lon="-3.831079"></trkpt>
<trkpt lat="43.080860" lon="-3.830314"></trkpt>
<trkpt lat="43.080941" lon="-3.830226"></trkpt>
<trkpt lat="43.081825" lon="-3.829010"></trkpt>
<trkpt lat="43.081985" lon="-3.828732"></trkpt>
<trkpt lat="43.082039" lon="-3.828574"></trkpt>
<trkpt lat="43.082200" lon="-3.827941"></trkpt>
<trkpt lat="43.082368" lon="-3.826666"></trkpt>
<trkpt lat="43.082486" lon="-3.826238"></trkpt>
<trkpt lat="43.083047" lon="-3.824827"></trkpt>
<trkpt lat="43.083459" lon="-3.823820"></trkpt>
<trkpt lat="43.083952" lon="-3.822362"></trkpt>
<trkpt lat="43.084068" lon="-3.822129"></trkpt>
<trkpt lat="43.084260" lon="-3.821835"></trkpt>
<trkpt lat="43.084426" lon="-3.821656"></trkpt>
<trkpt lat="43.084978" lon="-3.821200"></trkpt>
<trkpt lat="43.085575" lon="-3.820756"></trkpt>
<trkpt lat="43.085801" lon="-3.820468"></trkpt>
<trkpt lat="43.086016" lon="-3.820315"></trkpt>
<trkpt lat="43.087483" lon="-3.819850"></trkpt>
<trkpt lat="43.087797" lon="-3.819800"></trkpt>
<trkpt lat="43.088395" lon="-3.819774"></trkpt>
<trkpt lat="43.089002" lon="-3.819653"></trkpt>
<trkpt lat="43.089260" lon="-3.819554"></trkpt>
<trkpt lat="43.089531" lon="-3.819432"></trkpt>
<trkpt lat="43.089947" lon="-3.819172"></trkpt>
<trkpt lat="43.090053" lon="-3.819084"></trkpt>
<trkpt lat="43.090465" lon="-3.818623"></trkpt>
<trkpt lat="43.091028" lon="-3.818113"></trkpt>
<trkpt lat="43.091298" lon="-3.817925"></trkpt>
<trkpt lat="43.091880" lon="-3.817897"></trkpt>
<trkpt lat="43.092432" lon="-3.817748"></trkpt>
<trkpt lat="43.092731" lon="-3.817615"></trkpt>
<trkpt lat="43.093120" lon="-3.817380"></trkpt>
<trkpt lat="43.093326" lon="-3.817319"></trkpt>
<trkpt lat="43.093512" lon="-3.817346"></trkpt>
<trkpt lat="43.093783" lon="-3.817393"></trkpt>
<trkpt lat="43.094007" lon="-3.817443"></trkpt>
<trkpt lat="43.094499" lon="-3.817678"></trkpt>
<trkpt lat="43.095822" lon="-3.818618"></trkpt>
<trkpt lat="43.096235" lon="-3.818879"></trkpt>
<trkpt lat="43.096621" lon="-3.819065"></trkpt>
<trkpt lat="43.097146" lon="-3.819240"></trkpt>
<trkpt lat="43.097757" lon="-3.819352"></trkpt>
<trkpt lat="43.098845" lon="-3.819398"></trkpt>
<trkpt lat="43.099079" lon="-3.819398"></trkpt>
<trkpt lat="43.100170" lon="-3.819262"></trkpt>
<trkpt lat="43.100477" lon="-3.819297"></trkpt>
<trkpt lat="43.100954" lon="-3.819432"></trkpt>
<trkpt lat="43.101153" lon="-3.819517"></trkpt>
<trkpt lat="43.101324" lon="-3.819671"></trkpt>
<trkpt lat="43.101478" lon="-3.819927"></trkpt>
<trkpt lat="43.101529" lon="-3.820059"></trkpt>
<trkpt lat="43.101695" lon="-3.820822"></trkpt>
<trkpt lat="43.101871" lon="-3.821192"></trkpt>
<trkpt lat="43.102184" lon="-3.821449"></trkpt>
<trkpt lat="43.102564" lon="-3.821620"></trkpt>
<trkpt lat="43.102656" lon="-3.821629"></trkpt>
<trkpt lat="43.102895" lon="-3.821576"></trkpt>
<trkpt lat="43.103083" lon="-3.821451"></trkpt>
<trkpt lat="43.103193" lon="-3.821308"></trkpt>
<trkpt lat="43.103846" lon="-3.819855"></trkpt>
<trkpt lat="43.104187" lon="-3.819326"></trkpt>
<trkpt lat="43.104399" lon="-3.819130"></trkpt>
<trkpt lat="43.104509" lon="-3.819076"></trkpt>
<trkpt lat="43.104685" lon="-3.819054"></trkpt>
<trkpt lat="43.105733" lon="-3.818999"></trkpt>
<trkpt lat="43.106111" lon="-3.818867"></trkpt>
<trkpt lat="43.106794" lon="-3.819690"></trkpt>
<trkpt lat="43.107096" lon="-3.820177"></trkpt>
<trkpt lat="43.107302" lon="-3.820568"></trkpt>
<trkpt lat="43.107575" lon="-3.820757"></trkpt>
<trkpt lat="43.107769" lon="-3.820830"></trkpt>
<trkpt lat="43.108042" lon="-3.820848"></trkpt>
<trkpt lat="43.108607" lon="-3.820702"></trkpt>
<trkpt lat="43.109238" lon="-3.820708"></trkpt>
<trkpt lat="43.109898" lon="-3.820784"></trkpt>
<trkpt lat="43.110758" lon="-3.820962"></trkpt>
<trkpt lat="43.111565" lon="-3.821265"></trkpt>
<trkpt lat="43.111330" lon="-3.821414"></trkpt>
<trkpt lat="43.109591" lon="-3.822143"></trkpt>
<trkpt lat="43.109056" lon="-3.822418"></trkpt>
<trkpt lat="43.108639" lon="-3.822713"></trkpt>
<trkpt lat="43.108271" lon="-3.822903"></trkpt>
<trkpt lat="43.107881" lon="-3.823045"></trkpt>
<trkpt lat="43.107610" lon="-3.823088"></trkpt>
<trkpt lat="43.106527" lon="-3.823062"></trkpt>
<trkpt lat="43.105501" lon="-3.822946"></trkpt>
<trkpt lat="43.105329" lon="-3.823005"></trkpt>
<trkpt lat="43.105218" lon="-3.823109"></trkpt>
<trkpt lat="43.105105" lon="-3.823345"></trkpt>
<trkpt lat="43.105033" lon="-3.823663"></trkpt>
<trkpt lat="43.104769" lon="-3.824456"></trkpt>
<trkpt lat="43.104688" lon="-3.824916"></trkpt>
<trkpt lat="43.104521" lon="-3.825146"></trkpt>
<trkpt lat="43.104095" lon="-3.825528"></trkpt>
<trkpt lat="43.103756" lon="-3.825674"></trkpt>
<trkpt lat="43.103545" lon="-3.825707"></trkpt>
<trkpt lat="43.102806" lon="-3.825641"></trkpt>
<trkpt lat="43.102627" lon="-3.825594"></trkpt>
<trkpt lat="43.102496" lon="-3.825488"></trkpt>
<trkpt lat="43.102242" lon="-3.825150"></trkpt>
<trkpt lat="43.101978" lon="-3.824967"></trkpt>
<trkpt lat="43.101612" lon="-3.824951"></trkpt>
<trkpt lat="43.101363" lon="-3.825064"></trkpt>
<trkpt lat="43.100634" lon="-3.825163"></trkpt>
<trkpt lat="43.100314" lon="-3.825100"></trkpt>
<trkpt lat="43.099719" lon="-3.824744"></trkpt>
<trkpt lat="43.099527" lon="-3.824460"></trkpt>
<trkpt lat="43.099413" lon="-3.824418"></trkpt>
<trkpt lat="43.099276" lon="-3.824448"></trkpt>
<trkpt lat="43.099160" lon="-3.824550"></trkpt>
<trkpt lat="43.098959" lon="-3.824819"></trkpt>
<trkpt lat="43.098527" lon="-3.825616"></trkpt>
<trkpt lat="43.098363" lon="-3.826081"></trkpt>
<trkpt lat="43.098300" lon="-3.826200"></trkpt>
<trkpt lat="43.098204" lon="-3.826270"></trkpt>
<trkpt lat="43.097971" lon="-3.826253"></trkpt>
<trkpt lat="43.097819" lon="-3.826281"></trkpt>
<trkpt lat="43.097515" lon="-3.826415"></trkpt>
<trkpt lat="43.097449" lon="-3.826504"></trkpt>
<trkpt lat="43.097441" lon="-3.826582"></trkpt>
<trkpt lat="43.097461" lon="-3.826663"></trkpt>
<trkpt lat="43.097714" lon="-3.826812"></trkpt>
<trkpt lat="43.097873" lon="-3.826979"></trkpt>
<trkpt lat="43.098121" lon="-3.827449"></trkpt>
<trkpt lat="43.098194" lon="-3.827510"></trkpt>
<trkpt lat="43.098566" lon="-3.827545"></trkpt>
<trkpt lat="43.099002" lon="-3.827748"></trkpt>
<trkpt lat="43.099264" lon="-3.827948"></trkpt>
<trkpt lat="43.099410" lon="-3.828098"></trkpt>
<trkpt lat="43.099960" lon="-3.828843"></trkpt>
<trkpt lat="43.100060" lon="-3.828985"></trkpt>
<trkpt lat="43.100152" lon="-3.829174"></trkpt>
<trkpt lat="43.100256" lon="-3.829303"></trkpt>
<trkpt lat="43.100512" lon="-3.829442"></trkpt>
<trkpt lat="43.100875" lon="-3.829555"></trkpt>
<trkpt lat="43.101359" lon="-3.829629"></trkpt>
<trkpt lat="43.101741" lon="-3.829629"></trkpt>
<trkpt lat="43.102327" lon="-3.829678"></trkpt>
<trkpt lat="43.103218" lon="-3.829659"></trkpt>
<trkpt lat="43.105045" lon="-3.829735"></trkpt>
<trkpt lat="43.106555" lon="-3.829519"></trkpt>
<trkpt lat="43.107036" lon="-3.829382"></trkpt>
<trkpt lat="43.107406" lon="-3.829155"></trkpt>
<trkpt lat="43.107724" lon="-3.829051"></trkpt>
<trkpt lat="43.108268" lon="-3.829076"></trkpt>
<trkpt lat="43.108426" lon="-3.829128"></trkpt>
<trkpt lat="43.108747" lon="-3.829317"></trkpt>
<trkpt lat="43.109131" lon="-3.829596"></trkpt>
<trkpt lat="43.109615" lon="-3.829883"></trkpt>
<trkpt lat="43.109741" lon="-3.829927"></trkpt>
<trkpt lat="43.110648" lon="-3.830570"></trkpt>
<trkpt lat="43.110742" lon="-3.830716"></trkpt>
<trkpt lat="43.110808" lon="-3.830921"></trkpt>
<trkpt lat="43.110930" lon="-3.831477"></trkpt>
<trkpt lat="43.110968" lon="-3.831570"></trkpt>
<trkpt lat="43.111030" lon="-3.831671"></trkpt>
<trkpt lat="43.111308" lon="-3.831879"></trkpt>
<trkpt lat="43.111376" lon="-3.831975"></trkpt>
<trkpt lat="43.111432" lon="-3.832090"></trkpt>
<trkpt lat="43.111440" lon="-3.832345"></trkpt>
<trkpt lat="43.111478" lon="-3.832400"></trkpt>
<trkpt lat="43.111723" lon="-3.832438"></trkpt>
<trkpt lat="43.111885" lon="-3.832550"></trkpt>
<trkpt lat="43.111997" lon="-3.832692"></trkpt>
<trkpt lat="43.112077" lon="-3.832922"></trkpt>
<trkpt lat="43.112153" lon="-3.833429"></trkpt>
<trkpt lat="43.112435" lon="-3.833955"></trkpt>
<trkpt lat="43.112615" lon="-3.834171"></trkpt>
<trkpt lat="43.112761" lon="-3.834469"></trkpt>
<trkpt lat="43.112817" lon="-3.834636"></trkpt>
<trkpt lat="43.112887" lon="-3.835083"></trkpt>
<trkpt lat="43.112983" lon="-3.835513"></trkpt>
<trkpt lat="43.112985" lon="-3.835740"></trkpt>
<trkpt lat="43.113061" lon="-3.836260"></trkpt>
<trkpt lat="43.113147" lon="-3.836471"></trkpt>
<trkpt lat="43.113424" lon="-3.836523"></trkpt>
<trkpt lat="43.113936" lon="-3.836934"></trkpt>
<trkpt lat="43.114336" lon="-3.837177"></trkpt>
<trkpt lat="43.115111" lon="-3.837424"></trkpt>
<trkpt lat="43.115451" lon="-3.837656"></trkpt>
<trkpt lat="43.115885" lon="-3.838108"></trkpt>
<trkpt lat="43.116053" lon="-3.838428"></trkpt>
<trkpt lat="43.116127" lon="-3.838738"></trkpt>
<trkpt lat="43.116111" lon="-3.839067"></trkpt>
<trkpt lat="43.115983" lon="-3.839914"></trkpt>
<trkpt lat="43.115843" lon="-3.840483"></trkpt>
<trkpt lat="43.115761" lon="-3.840708"></trkpt>
<trkpt lat="43.115693" lon="-3.841092"></trkpt>
<trkpt lat="43.115774" lon="-3.841219"></trkpt>
<trkpt lat="43.115827" lon="-3.841367"></trkpt>
<trkpt lat="43.115818" lon="-3.841491"></trkpt>
<trkpt lat="43.115869" lon="-3.841615"></trkpt>
<trkpt lat="43.115915" lon="-3.841990"></trkpt>
<trkpt lat="43.116033" lon="-3.842201"></trkpt>
<trkpt lat="43.116204" lon="-3.842313"></trkpt>
<trkpt lat="43.116276" lon="-3.842417"></trkpt>
<trkpt lat="43.116324" lon="-3.842524"></trkpt>
<trkpt lat="43.116335" lon="-3.842790"></trkpt>
<trkpt lat="43.116008" lon="-3.843778"></trkpt>
<trkpt lat="43.115895" lon="-3.844010"></trkpt>
<trkpt lat="43.115498" lon="-3.844545"></trkpt>
<trkpt lat="43.115337" lon="-3.844705"></trkpt>
<trkpt lat="43.114836" lon="-3.845335"></trkpt>
<trkpt lat="43.114731" lon="-3.845533"></trkpt>
<trkpt lat="43.114577" lon="-3.845997"></trkpt>
<trkpt lat="43.114254" lon="-3.846428"></trkpt>
<trkpt lat="43.114240" lon="-3.846544"></trkpt>
<trkpt lat="43.114259" lon="-3.846628"></trkpt>
<trkpt lat="43.114764" lon="-3.846676"></trkpt>
<trkpt lat="43.114969" lon="-3.846613"></trkpt>
<trkpt lat="43.115305" lon="-3.846615"></trkpt>
<trkpt lat="43.115578" lon="-3.846698"></trkpt>
<trkpt lat="43.116344" lon="-3.846762"></trkpt>
<trkpt lat="43.116766" lon="-3.846891"></trkpt>
<trkpt lat="43.116853" lon="-3.846874"></trkpt>
<trkpt lat="43.117561" lon="-3.846414"></trkpt>
<trkpt lat="43.117671" lon="-3.846381"></trkpt>
<trkpt lat="43.117953" lon="-3.846385"></trkpt>
<trkpt lat="43.118253" lon="-3.846508"></trkpt>
<trkpt lat="43.118346" lon="-3.846499"></trkpt>
<trkpt lat="43.119077" lon="-3.846155"></trkpt>
<trkpt lat="43.119737" lon="-3.845993"></trkpt>
<trkpt lat="43.119943" lon="-3.845975"></trkpt>
<trkpt lat="43.120237" lon="-3.845873"></trkpt>
<trkpt lat="43.120336" lon="-3.845307"></trkpt>
<trkpt lat="43.120371" lon="-3.845200"></trkpt>
<trkpt lat="43.120426" lon="-3.845038"></trkpt>
<trkpt lat="43.120578" lon="-3.844708"></trkpt>
<trkpt lat="43.120663" lon="-3.844429"></trkpt>
<trkpt lat="43.120716" lon="-3.844391"></trkpt>
<trkpt lat="43.120998" lon="-3.844411"></trkpt>
<trkpt lat="43.121116" lon="-3.844393"></trkpt>
<trkpt lat="43.121246" lon="-3.844281"></trkpt>
<trkpt lat="43.121372" lon="-3.844072"></trkpt>
<trkpt lat="43.121474" lon="-3.843975"></trkpt>
<trkpt lat="43.122098" lon="-3.843703"></trkpt>
<trkpt lat="43.122213" lon="-3.843683"></trkpt>
<trkpt lat="43.122282" lon="-3.843703"></trkpt>
<trkpt lat="43.122758" lon="-3.843053"></trkpt>
<trkpt lat="43.123246" lon="-3.842754"></trkpt>
<trkpt lat="43.123219" lon="-3.842603"></trkpt>
<trkpt lat="43.122716" lon="-3.841734"></trkpt>
<trkpt lat="43.122681" lon="-3.841444"></trkpt>
<trkpt lat="43.122844" lon="-3.840913"></trkpt>
<trkpt lat="43.122828" lon="-3.840233"></trkpt>
<trkpt lat="43.122969" lon="-3.839492"></trkpt>
<trkpt lat="43.123030" lon="-3.839255"></trkpt>
<trkpt lat="43.123145" lon="-3.839000"></trkpt>
<trkpt lat="43.123235" lon="-3.838719"></trkpt>
<trkpt lat="43.123254" lon="-3.838544"></trkpt>
<trkpt lat="43.123411" lon="-3.838039"></trkpt>
<trkpt lat="43.123581" lon="-3.837877"></trkpt>
<trkpt lat="43.123991" lon="-3.837574"></trkpt>
<trkpt lat="43.124356" lon="-3.837456"></trkpt>
<trkpt lat="43.124615" lon="-3.837460"></trkpt>
<trkpt lat="43.124961" lon="-3.837570"></trkpt>
<trkpt lat="43.125618" lon="-3.837934"></trkpt>
<trkpt lat="43.126937" lon="-3.838474"></trkpt>
<trkpt lat="43.127494" lon="-3.838623"></trkpt>
<trkpt lat="43.127696" lon="-3.838662"></trkpt>
<trkpt lat="43.128087" lon="-3.838680"></trkpt>
<trkpt lat="43.128490" lon="-3.838548"></trkpt>
<trkpt lat="43.128653" lon="-3.838570"></trkpt>
<trkpt lat="43.128807" lon="-3.838684"></trkpt>
<trkpt lat="43.129140" lon="-3.839189"></trkpt>
<trkpt lat="43.129342" lon="-3.839303"></trkpt>
<trkpt lat="43.129733" lon="-3.839369"></trkpt>
<trkpt lat="43.130213" lon="-3.839338"></trkpt>
<trkpt lat="43.130412" lon="-3.839272"></trkpt>
<trkpt lat="43.131084" lon="-3.838842"></trkpt>
<trkpt lat="43.131257" lon="-3.838847"></trkpt>
<trkpt lat="43.131404" lon="-3.838891"></trkpt>
<trkpt lat="43.131779" lon="-3.839211"></trkpt>
<trkpt lat="43.132080" lon="-3.839808"></trkpt>
<trkpt lat="43.132179" lon="-3.839900"></trkpt>
<trkpt lat="43.132278" lon="-3.839908"></trkpt>
<trkpt lat="43.132442" lon="-3.839794"></trkpt>
<trkpt lat="43.132813" lon="-3.839790"></trkpt>
<trkpt lat="43.133370" lon="-3.839667"></trkpt>
<trkpt lat="43.133543" lon="-3.839584"></trkpt>
<trkpt lat="43.133703" lon="-3.839452"></trkpt>
<trkpt lat="43.133956" lon="-3.839395"></trkpt>
<trkpt lat="43.134072" lon="-3.839549"></trkpt>
<trkpt lat="43.134405" lon="-3.839897"></trkpt>
<trkpt lat="43.134734" lon="-3.840242"></trkpt>
<trkpt lat="43.134882" lon="-3.840343"></trkpt>
<trkpt lat="43.135013" lon="-3.840369"></trkpt>
<trkpt lat="43.135179" lon="-3.840352"></trkpt>
<trkpt lat="43.135477" lon="-3.840154"></trkpt>
<trkpt lat="43.135689" lon="-3.839935"></trkpt>
<trkpt lat="43.136025" lon="-3.839382"></trkpt>
<trkpt lat="43.136143" lon="-3.839285"></trkpt>
<trkpt lat="43.136275" lon="-3.839285"></trkpt>
<trkpt lat="43.136681" lon="-3.839509"></trkpt>
<trkpt lat="43.136870" lon="-3.839531"></trkpt>
<trkpt lat="43.137210" lon="-3.839496"></trkpt>
<trkpt lat="43.137427" lon="-3.839606"></trkpt>
<trkpt lat="43.138170" lon="-3.840093"></trkpt>
<trkpt lat="43.138503" lon="-3.840185"></trkpt>
<trkpt lat="43.138906" lon="-3.840238"></trkpt>
<trkpt lat="43.139262" lon="-3.840137"></trkpt>
<trkpt lat="43.139464" lon="-3.840141"></trkpt>
<trkpt lat="43.139925" lon="-3.840281"></trkpt>
<trkpt lat="43.140411" lon="-3.840689"></trkpt>
<trkpt lat="43.140619" lon="-3.840825"></trkpt>
<trkpt lat="43.140808" lon="-3.840909"></trkpt>
<trkpt lat="43.141193" lon="-3.840966"></trkpt>
<trkpt lat="43.141410" lon="-3.840940"></trkpt>
<trkpt lat="43.141967" lon="-3.840742"></trkpt>
<trkpt lat="43.142316" lon="-3.840685"></trkpt>
<trkpt lat="43.143162" lon="-3.840839"></trkpt>
<trkpt lat="43.143664" lon="-3.840817"></trkpt>
<trkpt lat="43.143998" lon="-3.840720"></trkpt>
<trkpt lat="43.144357" lon="-3.840660"></trkpt>
<trkpt lat="43.144675" lon="-3.840675"></trkpt>
<trkpt lat="43.145181" lon="-3.840810"></trkpt>
<trkpt lat="43.145318" lon="-3.840814"></trkpt>
<trkpt lat="43.145336" lon="-3.840758"></trkpt>
<trkpt lat="43.145363" lon="-3.840601"></trkpt>
<trkpt lat="43.145830" lon="-3.840441"></trkpt>
<trkpt lat="43.146635" lon="-3.840019"></trkpt>
<trkpt lat="43.146871" lon="-3.839938"></trkpt>
<trkpt lat="43.147547" lon="-3.839843"></trkpt>
<trkpt lat="43.148360" lon="-3.840031"></trkpt>
<trkpt lat="43.148798" lon="-3.839955"></trkpt>
<trkpt lat="43.149072" lon="-3.840000"></trkpt>
<trkpt lat="43.149346" lon="-3.839962"></trkpt>
<trkpt lat="43.149853" lon="-3.839772"></trkpt>
<trkpt lat="43.150419" lon="-3.839211"></trkpt>
<trkpt lat="43.150657" lon="-3.839060"></trkpt>
<trkpt lat="43.151343" lon="-3.838519"></trkpt>
<trkpt lat="43.151412" lon="-3.838347"></trkpt>
<trkpt lat="43.151512" lon="-3.838235"></trkpt>
<trkpt lat="43.151610" lon="-3.838224"></trkpt>
<trkpt lat="43.151745" lon="-3.838347"></trkpt>
<trkpt lat="43.152071" lon="-3.838372"></trkpt>
<trkpt lat="43.152360" lon="-3.838266"></trkpt>
<trkpt lat="43.152952" lon="-3.837894"></trkpt>
<trkpt lat="43.153364" lon="-3.837705"></trkpt>
<trkpt lat="43.153538" lon="-3.837670"></trkpt>
<trkpt lat="43.154127" lon="-3.837722"></trkpt>
<trkpt lat="43.154514" lon="-3.837863"></trkpt>
<trkpt lat="43.154749" lon="-3.837814"></trkpt>
<trkpt lat="43.154865" lon="-3.837743"></trkpt>
<trkpt lat="43.155041" lon="-3.837491"></trkpt>
<trkpt lat="43.155259" lon="-3.836933"></trkpt>
<trkpt lat="43.155356" lon="-3.836066"></trkpt>
<trkpt lat="43.155523" lon="-3.835577"></trkpt>
<trkpt lat="43.155684" lon="-3.835244"></trkpt>
<trkpt lat="43.155886" lon="-3.835120"></trkpt>
<trkpt lat="43.156279" lon="-3.834985"></trkpt>
<trkpt lat="43.156415" lon="-3.834977"></trkpt>
<trkpt lat="43.156542" lon="-3.834980"></trkpt>
<trkpt lat="43.156664" lon="-3.835030"></trkpt>
<trkpt lat="43.156890" lon="-3.835193"></trkpt>
<trkpt lat="43.157025" lon="-3.835249"></trkpt>
<trkpt lat="43.157173" lon="-3.835199"></trkpt>
<trkpt lat="43.157261" lon="-3.835109"></trkpt>
<trkpt lat="43.157365" lon="-3.834926"></trkpt>
<trkpt lat="43.157707" lon="-3.833932"></trkpt>
<trkpt lat="43.157957" lon="-3.833359"></trkpt>
<trkpt lat="43.158039" lon="-3.833123"></trkpt>
<trkpt lat="43.158090" lon="-3.832890"></trkpt>
<trkpt lat="43.158232" lon="-3.832536"></trkpt>
<trkpt lat="43.158293" lon="-3.832477"></trkpt>
<trkpt lat="43.158412" lon="-3.832432"></trkpt>
<trkpt lat="43.158656" lon="-3.832396"></trkpt>
<trkpt lat="43.158785" lon="-3.832345"></trkpt>
<trkpt lat="43.159073" lon="-3.832159"></trkpt>
<trkpt lat="43.159483" lon="-3.832186"></trkpt>
<trkpt lat="43.159521" lon="-3.832277"></trkpt>
<trkpt lat="43.159677" lon="-3.832330"></trkpt>
<trkpt lat="43.159869" lon="-3.832330"></trkpt>
<trkpt lat="43.159925" lon="-3.832305"></trkpt>
<trkpt lat="43.160230" lon="-3.831761"></trkpt>
<trkpt lat="43.160353" lon="-3.831656"></trkpt>
<trkpt lat="43.161840" lon="-3.830685"></trkpt>
<trkpt lat="43.162026" lon="-3.830533"></trkpt>
<trkpt lat="43.162307" lon="-3.830205"></trkpt>
<trkpt lat="43.162577" lon="-3.830045"></trkpt>
<trkpt lat="43.162813" lon="-3.829719"></trkpt>
<trkpt lat="43.162952" lon="-3.829374"></trkpt>
<trkpt lat="43.162993" lon="-3.829152"></trkpt>
<trkpt lat="43.163173" lon="-3.828500"></trkpt>
<trkpt lat="43.163218" lon="-3.828093"></trkpt>
<trkpt lat="43.163269" lon="-3.827955"></trkpt>
<trkpt lat="43.163421" lon="-3.827744"></trkpt>
<trkpt lat="43.163519" lon="-3.827708"></trkpt>
<trkpt lat="43.163731" lon="-3.827700"></trkpt>
<trkpt lat="43.163822" lon="-3.828728"></trkpt>
<trkpt lat="43.163983" lon="-3.829185"></trkpt>
<trkpt lat="43.164039" lon="-3.829272"></trkpt>
<trkpt lat="43.164166" lon="-3.829367"></trkpt>
<trkpt lat="43.164360" lon="-3.829460"></trkpt>
<trkpt lat="43.164546" lon="-3.829532"></trkpt>
<trkpt lat="43.164729" lon="-3.829674"></trkpt>
<trkpt lat="43.165465" lon="-3.830449"></trkpt>
<trkpt lat="43.165639" lon="-3.830745"></trkpt>
<trkpt lat="43.165748" lon="-3.831105"></trkpt>
<trkpt lat="43.165843" lon="-3.831677"></trkpt>
<trkpt lat="43.165860" lon="-3.831933"></trkpt>
<trkpt lat="43.165751" lon="-3.833443"></trkpt>
<trkpt lat="43.165782" lon="-3.833813"></trkpt>
<trkpt lat="43.165835" lon="-3.834014"></trkpt>
<trkpt lat="43.166283" lon="-3.834757"></trkpt>
<trkpt lat="43.166451" lon="-3.834942"></trkpt>
<trkpt lat="43.167040" lon="-3.835240"></trkpt>
<trkpt lat="43.167572" lon="-3.835226"></trkpt>
<trkpt lat="43.167813" lon="-3.835249"></trkpt>
<trkpt lat="43.167987" lon="-3.835401"></trkpt>
<trkpt lat="43.168118" lon="-3.835624"></trkpt>
<trkpt lat="43.168169" lon="-3.835762"></trkpt>
<trkpt lat="43.168507" lon="-3.837576"></trkpt>
<trkpt lat="43.168486" lon="-3.837938"></trkpt>
<trkpt lat="43.168444" lon="-3.838201"></trkpt>
<trkpt lat="43.168256" lon="-3.838927"></trkpt>
<trkpt lat="43.168135" lon="-3.840009"></trkpt>
<trkpt lat="43.168089" lon="-3.840594"></trkpt>
<trkpt lat="43.168153" lon="-3.840998"></trkpt>
<trkpt lat="43.168418" lon="-3.842313"></trkpt>
<trkpt lat="43.168434" lon="-3.842635"></trkpt>
<trkpt lat="43.168385" lon="-3.842962"></trkpt>
<trkpt lat="43.168196" lon="-3.843814"></trkpt>
<trkpt lat="43.167950" lon="-3.844445"></trkpt>
<trkpt lat="43.167755" lon="-3.844727"></trkpt>
<trkpt lat="43.167202" lon="-3.845309"></trkpt>
<trkpt lat="43.167007" lon="-3.845586"></trkpt>
<trkpt lat="43.166019" lon="-3.847247"></trkpt>
<trkpt lat="43.165795" lon="-3.847774"></trkpt>
<trkpt lat="43.165775" lon="-3.847890"></trkpt>
<trkpt lat="43.165782" lon="-3.848040"></trkpt>
<trkpt lat="43.165854" lon="-3.848274"></trkpt>
<trkpt lat="43.166014" lon="-3.848433"></trkpt>
<trkpt lat="43.166152" lon="-3.848504"></trkpt>
<trkpt lat="43.166259" lon="-3.848597"></trkpt>
<trkpt lat="43.166663" lon="-3.849067"></trkpt>
<trkpt lat="43.166871" lon="-3.849307"></trkpt>
<trkpt lat="43.166989" lon="-3.849523"></trkpt>
<trkpt lat="43.167206" lon="-3.850103"></trkpt>
<trkpt lat="43.167329" lon="-3.850433"></trkpt>
<trkpt lat="43.167457" lon="-3.850835"></trkpt>
<trkpt lat="43.167596" lon="-3.851442"></trkpt>
<trkpt lat="43.167615" lon="-3.852841"></trkpt>
<trkpt lat="43.167556" lon="-3.853104"></trkpt>
<trkpt lat="43.167356" lon="-3.853541"></trkpt>
<trkpt lat="43.167325" lon="-3.853884"></trkpt>
<trkpt lat="43.167119" lon="-3.855159"></trkpt>
<trkpt lat="43.167037" lon="-3.856068"></trkpt>
<trkpt lat="43.166879" lon="-3.856852"></trkpt>
<trkpt lat="43.166823" lon="-3.857138"></trkpt>
<trkpt lat="43.166822" lon="-3.857361"></trkpt>
<trkpt lat="43.166844" lon="-3.857514"></trkpt>
<trkpt lat="43.166923" lon="-3.857892"></trkpt>
<trkpt lat="43.166940" lon="-3.857966"></trkpt>
<trkpt lat="43.167013" lon="-3.858404"></trkpt>
<trkpt lat="43.167004" lon="-3.859099"></trkpt>
<trkpt lat="43.167018" lon="-3.859262"></trkpt>
<trkpt lat="43.167074" lon="-3.859557"></trkpt>
<trkpt lat="43.167161" lon="-3.859844"></trkpt>
<trkpt lat="43.167437" lon="-3.860351"></trkpt>
<trkpt lat="43.167649" lon="-3.860612"></trkpt>
<trkpt lat="43.167827" lon="-3.860966"></trkpt>
<trkpt lat="43.168447" lon="-3.861636"></trkpt>
<trkpt lat="43.168689" lon="-3.861786"></trkpt>
<trkpt lat="43.169125" lon="-3.861954"></trkpt>
<trkpt lat="43.169945" lon="-3.862322"></trkpt>
<trkpt lat="43.170257" lon="-3.862508"></trkpt>
<trkpt lat="43.170319" lon="-3.862618"></trkpt>
<trkpt lat="43.170368" lon="-3.862816"></trkpt>
<trkpt lat="43.170326" lon="-3.863983"></trkpt>
<trkpt lat="43.170328" lon="-3.864786"></trkpt>
<trkpt lat="43.170378" lon="-3.865835"></trkpt>
<trkpt lat="43.170654" lon="-3.867186"></trkpt>
<trkpt lat="43.170776" lon="-3.867551"></trkpt>
<trkpt lat="43.171022" lon="-3.868113"></trkpt>
<trkpt lat="43.171468" lon="-3.868642"></trkpt>
<trkpt lat="43.171761" lon="-3.868815"></trkpt>
<trkpt lat="43.172138" lon="-3.868916"></trkpt>
<trkpt lat="43.172356" lon="-3.869073"></trkpt>
<trkpt lat="43.172533" lon="-3.869282"></trkpt>
<trkpt lat="43.172614" lon="-3.869442"></trkpt>
<trkpt lat="43.172661" lon="-3.869601"></trkpt>
<trkpt lat="43.172656" lon="-3.869766"></trkpt>
<trkpt lat="43.172627" lon="-3.869858"></trkpt>
<trkpt lat="43.170346" lon="-3.874288"></trkpt>
<trkpt lat="43.168881" lon="-3.877241"></trkpt>
<trkpt lat="43.168811" lon="-3.877386"></trkpt>
<trkpt lat="43.168801" lon="-3.877415"></trkpt>
<trkpt lat="43.168737" lon="-3.877638"></trkpt>
<trkpt lat="43.168723" lon="-3.877792"></trkpt>
<trkpt lat="43.168833" lon="-3.879329"></trkpt>
<trkpt lat="43.168889" lon="-3.879693"></trkpt>
<trkpt lat="43.169037" lon="-3.880320"></trkpt>
<trkpt lat="43.168996" lon="-3.880975"></trkpt>
<trkpt lat="43.168991" lon="-3.881629"></trkpt>
<trkpt lat="43.169034" lon="-3.882289"></trkpt>
<trkpt lat="43.169155" lon="-3.883285"></trkpt>
<trkpt lat="43.169148" lon="-3.883469"></trkpt>
<trkpt lat="43.168785" lon="-3.885231"></trkpt>
<trkpt lat="43.168643" lon="-3.885817"></trkpt>
<trkpt lat="43.168573" lon="-3.886287"></trkpt>
<trkpt lat="43.168338" lon="-3.887209"></trkpt>
<trkpt lat="43.168239" lon="-3.887808"></trkpt>
<trkpt lat="43.168206" lon="-3.888163"></trkpt>
<trkpt lat="43.168194" lon="-3.888922"></trkpt>
<trkpt lat="43.168252" lon="-3.893267"></trkpt>
<trkpt lat="43.168256" lon="-3.893595"></trkpt>
<trkpt lat="43.168259" lon="-3.893890"></trkpt>
<trkpt lat="43.168265" lon="-3.894254"></trkpt>
<trkpt lat="43.168277" lon="-3.894850"></trkpt>
<trkpt lat="43.168317" lon="-3.895085"></trkpt>
<trkpt lat="43.168374" lon="-3.895230"></trkpt>
<trkpt lat="43.168529" lon="-3.895429"></trkpt>
<trkpt lat="43.169651" lon="-3.896609"></trkpt>
<trkpt lat="43.169840" lon="-3.896980"></trkpt>
<trkpt lat="43.170028" lon="-3.897457"></trkpt>
<trkpt lat="43.170065" lon="-3.897570"></trkpt>
<trkpt lat="43.170081" lon="-3.897743"></trkpt>
<trkpt lat="43.170020" lon="-3.897925"></trkpt>
<trkpt lat="43.169964" lon="-3.898061"></trkpt>
<trkpt lat="43.169879" lon="-3.898177"></trkpt>
<trkpt lat="43.169814" lon="-3.898215"></trkpt>
<trkpt lat="43.169749" lon="-3.898253"></trkpt>
<trkpt lat="43.169880" lon="-3.898433"></trkpt>
<trkpt lat="43.170222" lon="-3.898849"></trkpt>
<trkpt lat="43.170884" lon="-3.899754"></trkpt>
<trkpt lat="43.171221" lon="-3.900220"></trkpt>
<trkpt lat="43.171437" lon="-3.900439"></trkpt>
<trkpt lat="43.171694" lon="-3.900557"></trkpt>
<trkpt lat="43.171857" lon="-3.900579"></trkpt>
<trkpt lat="43.172424" lon="-3.900557"></trkpt>
<trkpt lat="43.172727" lon="-3.900605"></trkpt>
<trkpt lat="43.172934" lon="-3.900711"></trkpt>
<trkpt lat="43.173608" lon="-3.901373"></trkpt>
<trkpt lat="43.173926" lon="-3.901712"></trkpt>
<trkpt lat="43.178313" lon="-3.906464"></trkpt>
<trkpt lat="43.178379" lon="-3.906528"></trkpt>
<trkpt lat="43.179396" lon="-3.907662"></trkpt>
<trkpt lat="43.180396" lon="-3.908963"></trkpt>
<trkpt lat="43.180761" lon="-3.909387"></trkpt>
<trkpt lat="43.180997" lon="-3.909592"></trkpt>
<trkpt lat="43.181670" lon="-3.910038"></trkpt>
<trkpt lat="43.182020" lon="-3.910209"></trkpt>
<trkpt lat="43.182618" lon="-3.910460"></trkpt>
<trkpt lat="43.183858" lon="-3.910507"></trkpt>
<trkpt lat="43.183914" lon="-3.910522"></trkpt>
<trkpt lat="43.184303" lon="-3.910622"></trkpt>
<trkpt lat="43.184548" lon="-3.910773"></trkpt>
<trkpt lat="43.184746" lon="-3.910951"></trkpt>
<trkpt lat="43.185030" lon="-3.911277"></trkpt>
<trkpt lat="43.185834" lon="-3.912341"></trkpt>
<trkpt lat="43.185882" lon="-3.912385"></trkpt>
<trkpt lat="43.185992" lon="-3.912463"></trkpt>
<trkpt lat="43.186258" lon="-3.912549"></trkpt>
<trkpt lat="43.186384" lon="-3.912555"></trkpt>
<trkpt lat="43.186686" lon="-3.912502"></trkpt>
<trkpt lat="43.187012" lon="-3.912444"></trkpt>
<trkpt lat="43.187297" lon="-3.912438"></trkpt>
<trkpt lat="43.187816" lon="-3.912575"></trkpt>
<trkpt lat="43.188073" lon="-3.912666"></trkpt>
<trkpt lat="43.188368" lon="-3.912784"></trkpt>
<trkpt lat="43.188850" lon="-3.912921"></trkpt>
<trkpt lat="43.189084" lon="-3.912929"></trkpt>
<trkpt lat="43.189765" lon="-3.912833"></trkpt>
<trkpt lat="43.190012" lon="-3.912840"></trkpt>
<trkpt lat="43.190164" lon="-3.912887"></trkpt>
<trkpt lat="43.190449" lon="-3.913049"></trkpt>
<trkpt lat="43.190631" lon="-3.913212"></trkpt>
<trkpt lat="43.190899" lon="-3.913602"></trkpt>
<trkpt lat="43.191174" lon="-3.914327"></trkpt>
<trkpt lat="43.191224" lon="-3.914438"></trkpt>
<trkpt lat="43.191342" lon="-3.914595"></trkpt>
<trkpt lat="43.191656" lon="-3.914882"></trkpt>
<trkpt lat="43.191742" lon="-3.914965"></trkpt>
<trkpt lat="43.191816" lon="-3.915036"></trkpt>
<trkpt lat="43.192006" lon="-3.915256"></trkpt>
<trkpt lat="43.192357" lon="-3.915795"></trkpt>
<trkpt lat="43.192628" lon="-3.916043"></trkpt>
<trkpt lat="43.192870" lon="-3.916310"></trkpt>
<trkpt lat="43.193322" lon="-3.916932"></trkpt>
<trkpt lat="43.193427" lon="-3.916901"></trkpt>
<trkpt lat="43.193604" lon="-3.917024"></trkpt>
<trkpt lat="43.193862" lon="-3.917272"></trkpt>
<trkpt lat="43.194161" lon="-3.917292"></trkpt>
<trkpt lat="43.194319" lon="-3.917241"></trkpt>
<trkpt lat="43.194454" lon="-3.917358"></trkpt>
<trkpt lat="43.194474" lon="-3.917406"></trkpt>
<trkpt lat="43.194420" lon="-3.917861"></trkpt>
<trkpt lat="43.194434" lon="-3.918064"></trkpt>
<trkpt lat="43.194609" lon="-3.918369"></trkpt>
<trkpt lat="43.194602" lon="-3.918607"></trkpt>
<trkpt lat="43.194626" lon="-3.918659"></trkpt>
<trkpt lat="43.194712" lon="-3.918686"></trkpt>
<trkpt lat="43.194727" lon="-3.918806"></trkpt>
<trkpt lat="43.194795" lon="-3.918841"></trkpt>
<trkpt lat="43.195138" lon="-3.919097"></trkpt>
<trkpt lat="43.195476" lon="-3.919569"></trkpt>
<trkpt lat="43.196090" lon="-3.920354"></trkpt>
<trkpt lat="43.196239" lon="-3.920700"></trkpt>
<trkpt lat="43.196415" lon="-3.920941"></trkpt>
<trkpt lat="43.196619" lon="-3.921144"></trkpt>
<trkpt lat="43.197024" lon="-3.921398"></trkpt>
<trkpt lat="43.197285" lon="-3.921617"></trkpt>
<trkpt lat="43.197566" lon="-3.921879"></trkpt>
<trkpt lat="43.197855" lon="-3.922236"></trkpt>
<trkpt lat="43.197916" lon="-3.922135"></trkpt>
<trkpt lat="43.198100" lon="-3.921719"></trkpt>
<trkpt lat="43.198604" lon="-3.920132"></trkpt>
<trkpt lat="43.199215" lon="-3.918639"></trkpt>
<trkpt lat="43.199348" lon="-3.918265"></trkpt>
<trkpt lat="43.199403" lon="-3.918167"></trkpt>
<trkpt lat="43.199482" lon="-3.918096"></trkpt>
<trkpt lat="43.199574" lon="-3.918056"></trkpt>
<trkpt lat="43.199650" lon="-3.918044"></trkpt>
<trkpt lat="43.199734" lon="-3.918085"></trkpt>
<trkpt lat="43.199823" lon="-3.918251"></trkpt>
<trkpt lat="43.200944" lon="-3.920725"></trkpt>
<trkpt lat="43.201489" lon="-3.921680"></trkpt>
<trkpt lat="43.202328" lon="-3.922743"></trkpt>
<trkpt lat="43.202508" lon="-3.922924"></trkpt>
<trkpt lat="43.203529" lon="-3.923952"></trkpt>
<trkpt lat="43.203927" lon="-3.924579"></trkpt>
<trkpt lat="43.204086" lon="-3.924985"></trkpt>
<trkpt lat="43.204103" lon="-3.925082"></trkpt>
<trkpt lat="43.204120" lon="-3.925186"></trkpt>
<trkpt lat="43.204100" lon="-3.925320"></trkpt>
<trkpt lat="43.204040" lon="-3.925457"></trkpt>
<trkpt lat="43.203994" lon="-3.925508"></trkpt>
<trkpt lat="43.203932" lon="-3.925593"></trkpt>
<trkpt lat="43.203924" lon="-3.925617"></trkpt>
<trkpt lat="43.203913" lon="-3.925702"></trkpt>
<trkpt lat="43.203929" lon="-3.925748"></trkpt>
<trkpt lat="43.204153" lon="-3.926226"></trkpt>
<trkpt lat="43.204416" lon="-3.926557"></trkpt>
<trkpt lat="43.204482" lon="-3.926639"></trkpt>
<trkpt lat="43.206006" lon="-3.928212"></trkpt>
<trkpt lat="43.207290" lon="-3.929344"></trkpt>
<trkpt lat="43.209079" lon="-3.930759"></trkpt>
<trkpt lat="43.209774" lon="-3.931128"></trkpt>
<trkpt lat="43.210239" lon="-3.931304"></trkpt>
<trkpt lat="43.210686" lon="-3.931556"></trkpt>
<trkpt lat="43.211099" lon="-3.932064"></trkpt>
<trkpt lat="43.211219" lon="-3.932253"></trkpt>
<trkpt lat="43.211246" lon="-3.932400"></trkpt>
<trkpt lat="43.211264" lon="-3.932600"></trkpt>
<trkpt lat="43.211325" lon="-3.932697"></trkpt>
<trkpt lat="43.211524" lon="-3.932770"></trkpt>
<trkpt lat="43.211787" lon="-3.932918"></trkpt>
<trkpt lat="43.212618" lon="-3.933815"></trkpt>
<trkpt lat="43.213791" lon="-3.934914"></trkpt>
<trkpt lat="43.214307" lon="-3.935440"></trkpt>
<trkpt lat="43.214574" lon="-3.935928"></trkpt>
<trkpt lat="43.214760" lon="-3.936083"></trkpt>
<trkpt lat="43.215385" lon="-3.936955"></trkpt>
<trkpt lat="43.215633" lon="-3.937360"></trkpt>
<trkpt lat="43.215936" lon="-3.937989"></trkpt>
<trkpt lat="43.216176" lon="-3.938408"></trkpt>
<trkpt lat="43.216619" lon="-3.938960"></trkpt>
<trkpt lat="43.216812" lon="-3.939158"></trkpt>
<trkpt lat="43.217018" lon="-3.939315"></trkpt>
<trkpt lat="43.217218" lon="-3.939426"></trkpt>
<trkpt lat="43.217779" lon="-3.939608"></trkpt>
<trkpt lat="43.218041" lon="-3.939657"></trkpt>
<trkpt lat="43.218300" lon="-3.939661"></trkpt>
<trkpt lat="43.218849" lon="-3.939552"></trkpt>
<trkpt lat="43.219054" lon="-3.939497"></trkpt>
<trkpt lat="43.219264" lon="-3.939536"></trkpt>
<trkpt lat="43.219324" lon="-3.939484"></trkpt>
<trkpt lat="43.219501" lon="-3.939293"></trkpt>
<trkpt lat="43.220179" lon="-3.938533"></trkpt>
<trkpt lat="43.220227" lon="-3.938479"></trkpt>
<trkpt lat="43.221627" lon="-3.936902"></trkpt>
<trkpt lat="43.221775" lon="-3.936750"></trkpt>
<trkpt lat="43.221936" lon="-3.936562"></trkpt>
<trkpt lat="43.222132" lon="-3.936331"></trkpt>
<trkpt lat="43.222553" lon="-3.935970"></trkpt>
<trkpt lat="43.222841" lon="-3.935787"></trkpt>
<trkpt lat="43.223211" lon="-3.935626"></trkpt>
<trkpt lat="43.223508" lon="-3.935476"></trkpt>
<trkpt lat="43.223593" lon="-3.935607"></trkpt>
<trkpt lat="43.223735" lon="-3.935516"></trkpt>
<trkpt lat="43.224804" lon="-3.935275"></trkpt>
<trkpt lat="43.225022" lon="-3.935231"></trkpt>
<trkpt lat="43.225433" lon="-3.935153"></trkpt>
<trkpt lat="43.225855" lon="-3.935188"></trkpt>
<trkpt lat="43.226078" lon="-3.935269"></trkpt>
<trkpt lat="43.226187" lon="-3.935340"></trkpt>
<trkpt lat="43.226458" lon="-3.935517"></trkpt>
<trkpt lat="43.226766" lon="-3.935835"></trkpt>
<trkpt lat="43.228367" lon="-3.937829"></trkpt>
<trkpt lat="43.229061" lon="-3.938703"></trkpt>
<trkpt lat="43.229570" lon="-3.939222"></trkpt>
<trkpt lat="43.229813" lon="-3.939406"></trkpt>
<trkpt lat="43.230189" lon="-3.939630"></trkpt>
<trkpt lat="43.231158" lon="-3.940054"></trkpt>
<trkpt lat="43.233143" lon="-3.940996"></trkpt>
<trkpt lat="43.233843" lon="-3.941161"></trkpt>
<trkpt lat="43.234192" lon="-3.941176"></trkpt>
<trkpt lat="43.234490" lon="-3.941142"></trkpt>
<trkpt lat="43.235181" lon="-3.940967"></trkpt>
<trkpt lat="43.235931" lon="-3.940565"></trkpt>
<trkpt lat="43.236882" lon="-3.940093"></trkpt>
<trkpt lat="43.237870" lon="-3.939563"></trkpt>
<trkpt lat="43.238097" lon="-3.939493"></trkpt>
<trkpt lat="43.238658" lon="-3.939320"></trkpt>
<trkpt lat="43.239376" lon="-3.939166"></trkpt>
<trkpt lat="43.241703" lon="-3.938833"></trkpt>
<trkpt lat="43.242752" lon="-3.938639"></trkpt>
<trkpt lat="43.244508" lon="-3.938389"></trkpt>
<trkpt lat="43.246640" lon="-3.938065"></trkpt>
<trkpt lat="43.248474" lon="-3.937761"></trkpt>
<trkpt lat="43.249037" lon="-3.937634"></trkpt>
<trkpt lat="43.249944" lon="-3.937538"></trkpt>
<trkpt lat="43.251668" lon="-3.937187"></trkpt>
<trkpt lat="43.252112" lon="-3.937029"></trkpt>
<trkpt lat="43.252553" lon="-3.936814"></trkpt>
<trkpt lat="43.253401" lon="-3.936234"></trkpt>
<trkpt lat="43.254874" lon="-3.935241"></trkpt>
<trkpt lat="43.255139" lon="-3.935092"></trkpt>
<trkpt lat="43.255325" lon="-3.935037"></trkpt>
<trkpt lat="43.255911" lon="-3.934970"></trkpt>
<trkpt lat="43.256236" lon="-3.935013"></trkpt>
<trkpt lat="43.257447" lon="-3.935356"></trkpt>
<trkpt lat="43.257435" lon="-3.935549"></trkpt>
<trkpt lat="43.257323" lon="-3.935950"></trkpt>
<trkpt lat="43.257296" lon="-3.936670"></trkpt>
<trkpt lat="43.257323" lon="-3.935950"></trkpt>
<trkpt lat="43.257435" lon="-3.935549"></trkpt>
<trkpt lat="43.257447" lon="-3.935356"></trkpt>
<trkpt lat="43.259004" lon="-3.935839"></trkpt>
<trkpt lat="43.265276" lon="-3.937877"></trkpt>
<trkpt lat="43.265991" lon="-3.938027"></trkpt>
<trkpt lat="43.266600" lon="-3.938059"></trkpt>
<trkpt lat="43.268774" lon="-3.937929"></trkpt>
<trkpt lat="43.269741" lon="-3.937913"></trkpt>
<trkpt lat="43.270570" lon="-3.937969"></trkpt>
<trkpt lat="43.271296" lon="-3.938210"></trkpt>
<trkpt lat="43.272070" lon="-3.938604"></trkpt>
<trkpt lat="43.272375" lon="-3.938771"></trkpt>
<trkpt lat="43.272631" lon="-3.938911"></trkpt>
<trkpt lat="43.273590" lon="-3.939436"></trkpt>
<trkpt lat="43.273737" lon="-3.939533"></trkpt>
<trkpt lat="43.274549" lon="-3.940053"></trkpt>
<trkpt lat="43.275639" lon="-3.940640"></trkpt>
<trkpt lat="43.275813" lon="-3.940666"></trkpt>
<trkpt lat="43.275872" lon="-3.940669"></trkpt>
<trkpt lat="43.277487" lon="-3.941592"></trkpt>
<trkpt lat="43.279082" lon="-3.942447"></trkpt>
<trkpt lat="43.280129" lon="-3.942989"></trkpt>
<trkpt lat="43.280441" lon="-3.943209"></trkpt>
<trkpt lat="43.281088" lon="-3.943541"></trkpt>
<trkpt lat="43.282303" lon="-3.944235"></trkpt>
<trkpt lat="43.282380" lon="-3.944280"></trkpt>
<trkpt lat="43.283249" lon="-3.944975"></trkpt>
<trkpt lat="43.283994" lon="-3.945730"></trkpt>
<trkpt lat="43.284083" lon="-3.945804"></trkpt>
<trkpt lat="43.284752" lon="-3.946647"></trkpt>
<trkpt lat="43.285376" lon="-3.947588"></trkpt>
<trkpt lat="43.286290" lon="-3.949009"></trkpt>
<trkpt lat="43.287824" lon="-3.951443"></trkpt>
<trkpt lat="43.287877" lon="-3.951537"></trkpt>
<trkpt lat="43.287994" lon="-3.951746"></trkpt>
<trkpt lat="43.288254" lon="-3.952330"></trkpt>
<trkpt lat="43.289070" lon="-3.954716"></trkpt>
<trkpt lat="43.289438" lon="-3.955723"></trkpt>
<trkpt lat="43.289621" lon="-3.956126"></trkpt>
<trkpt lat="43.289955" lon="-3.956739"></trkpt>
<trkpt lat="43.290327" lon="-3.957246"></trkpt>
<trkpt lat="43.290718" lon="-3.957635"></trkpt>
<trkpt lat="43.291057" lon="-3.957896"></trkpt>
<trkpt lat="43.291375" lon="-3.958103"></trkpt>
<trkpt lat="43.292712" lon="-3.958975"></trkpt>
<trkpt lat="43.293065" lon="-3.959153"></trkpt>
<trkpt lat="43.293787" lon="-3.959520"></trkpt>
<trkpt lat="43.294075" lon="-3.959770"></trkpt>
<trkpt lat="43.294570" lon="-3.960288"></trkpt>
<trkpt lat="43.295027" lon="-3.960750"></trkpt>
<trkpt lat="43.295888" lon="-3.961631"></trkpt>
<trkpt lat="43.295982" lon="-3.961743"></trkpt>
<trkpt lat="43.296022" lon="-3.961787"></trkpt>
<trkpt lat="43.296063" lon="-3.961824"></trkpt>
<trkpt lat="43.296160" lon="-3.961903"></trkpt>
<trkpt lat="43.299135" lon="-3.964888"></trkpt>
<trkpt lat="43.299388" lon="-3.965145"></trkpt>
<trkpt lat="43.299871" lon="-3.965639"></trkpt>
<trkpt lat="43.300094" lon="-3.965865"></trkpt>
<trkpt lat="43.300395" lon="-3.966240"></trkpt>
<trkpt lat="43.300542" lon="-3.966465"></trkpt>
<trkpt lat="43.300561" lon="-3.966585"></trkpt>
<trkpt lat="43.300572" lon="-3.967183"></trkpt>
<trkpt lat="43.300600" lon="-3.967271"></trkpt>
<trkpt lat="43.300576" lon="-3.967451"></trkpt>
<trkpt lat="43.300749" lon="-3.967454"></trkpt>
<trkpt lat="43.300896" lon="-3.967458"></trkpt>
<trkpt lat="43.301180" lon="-3.967453"></trkpt>
<trkpt lat="43.301544" lon="-3.967390"></trkpt>
<trkpt lat="43.301837" lon="-3.967320"></trkpt>
<trkpt lat="43.302146" lon="-3.967147"></trkpt>
<trkpt lat="43.302270" lon="-3.967032"></trkpt>
<trkpt lat="43.303817" lon="-3.965637"></trkpt>
<trkpt lat="43.304758" lon="-3.965183"></trkpt>
<trkpt lat="43.305007" lon="-3.965001"></trkpt>
<trkpt lat="43.305268" lon="-3.964725"></trkpt>
<trkpt lat="43.305481" lon="-3.964365"></trkpt>
<trkpt lat="43.305650" lon="-3.963917"></trkpt>
<trkpt lat="43.305910" lon="-3.962711"></trkpt>
<trkpt lat="43.305997" lon="-3.962432"></trkpt>
<trkpt lat="43.306174" lon="-3.962064"></trkpt>
<trkpt lat="43.306274" lon="-3.961917"></trkpt>
<trkpt lat="43.306482" lon="-3.961695"></trkpt>
<trkpt lat="43.306780" lon="-3.961499"></trkpt>
<trkpt lat="43.307294" lon="-3.961313"></trkpt>
<trkpt lat="43.307509" lon="-3.961238"></trkpt>
<trkpt lat="43.307861" lon="-3.961116"></trkpt>
<trkpt lat="43.308852" lon="-3.960749"></trkpt>
<trkpt lat="43.309186" lon="-3.960566"></trkpt>
<trkpt lat="43.310240" lon="-3.959875"></trkpt>
<trkpt lat="43.310547" lon="-3.959719"></trkpt>
<trkpt lat="43.310855" lon="-3.959563"></trkpt>
<trkpt lat="43.311900" lon="-3.959173"></trkpt>
<trkpt lat="43.312182" lon="-3.959121"></trkpt>
<trkpt lat="43.312441" lon="-3.959144"></trkpt>
<trkpt lat="43.314950" lon="-3.959585"></trkpt>
<trkpt lat="43.315464" lon="-3.959702"></trkpt>
<trkpt lat="43.315732" lon="-3.959869"></trkpt>
<trkpt lat="43.315889" lon="-3.960032"></trkpt>
<trkpt lat="43.316313" lon="-3.959672"></trkpt>
<trkpt lat="43.316800" lon="-3.959326"></trkpt>
<trkpt lat="43.317114" lon="-3.959181"></trkpt>
<trkpt lat="43.317608" lon="-3.959091"></trkpt>
<trkpt lat="43.318069" lon="-3.958892"></trkpt>
<trkpt lat="43.318542" lon="-3.958817"></trkpt>
<trkpt lat="43.318459" lon="-3.959401"></trkpt>
<trkpt lat="43.317578" lon="-3.962324"></trkpt>
<trkpt lat="43.317809" lon="-3.962466"></trkpt>
<trkpt lat="43.318011" lon="-3.962546"></trkpt>
<trkpt lat="43.318204" lon="-3.962609"></trkpt>
<trkpt lat="43.318418" lon="-3.962636"></trkpt>
<trkpt lat="43.318869" lon="-3.962598"></trkpt>
<trkpt lat="43.319105" lon="-3.962517"></trkpt>
<trkpt lat="43.319341" lon="-3.962437"></trkpt>
<trkpt lat="43.319441" lon="-3.962404"></trkpt>
<trkpt lat="43.319594" lon="-3.962354"></trkpt>
<trkpt lat="43.319780" lon="-3.962291"></trkpt>
<trkpt lat="43.319933" lon="-3.962235"></trkpt>
<trkpt lat="43.320170" lon="-3.962152"></trkpt>
<trkpt lat="43.320389" lon="-3.962093"></trkpt>
<trkpt lat="43.320705" lon="-3.962065"></trkpt>
<trkpt lat="43.320852" lon="-3.962086"></trkpt>
<trkpt lat="43.321028" lon="-3.962117"></trkpt>
<trkpt lat="43.321283" lon="-3.962182"></trkpt>
<trkpt lat="43.321347" lon="-3.962190"></trkpt>
<trkpt lat="43.321480" lon="-3.962238"></trkpt>
<trkpt lat="43.321507" lon="-3.962288"></trkpt>
<trkpt lat="43.321534" lon="-3.962264"></trkpt>
<trkpt lat="43.321625" lon="-3.962258"></trkpt>
<trkpt lat="43.321670" lon="-3.962299"></trkpt>
<trkpt lat="43.321915" lon="-3.962430"></trkpt>
<trkpt lat="43.321963" lon="-3.962502"></trkpt>
<trkpt lat="43.322054" lon="-3.962563"></trkpt>
<trkpt lat="43.322386" lon="-3.962790"></trkpt>
<trkpt lat="43.322690" lon="-3.963014"></trkpt>
<trkpt lat="43.323001" lon="-3.963240"></trkpt>
<trkpt lat="43.323565" lon="-3.963659"></trkpt>
<trkpt lat="43.324072" lon="-3.964039"></trkpt>
<trkpt lat="43.325426" lon="-3.965080"></trkpt>
<trkpt lat="43.325805" lon="-3.965365"></trkpt>
<trkpt lat="43.326856" lon="-3.966157"></trkpt>
<trkpt lat="43.327157" lon="-3.966387"></trkpt>
<trkpt lat="43.327534" lon="-3.966671"></trkpt>
<trkpt lat="43.327692" lon="-3.966790"></trkpt>
<trkpt lat="43.327850" lon="-3.966909"></trkpt>
<trkpt lat="43.328367" lon="-3.967308"></trkpt>
<trkpt lat="43.328624" lon="-3.967503"></trkpt>
<trkpt lat="43.328836" lon="-3.967664"></trkpt>
<trkpt lat="43.329091" lon="-3.967852"></trkpt>
<trkpt lat="43.329299" lon="-3.968013"></trkpt>
<trkpt lat="43.329374" lon="-3.968069"></trkpt>
<trkpt lat="43.329593" lon="-3.968234"></trkpt>
<trkpt lat="43.329940" lon="-3.968509"></trkpt>
<trkpt lat="43.330126" lon="-3.968682"></trkpt>
<trkpt lat="43.330580" lon="-3.969144"></trkpt>
<trkpt lat="43.330666" lon="-3.969298"></trkpt>
<trkpt lat="43.330721" lon="-3.969530"></trkpt>
<trkpt lat="43.330765" lon="-3.970262"></trkpt>
<trkpt lat="43.330818" lon="-3.970496"></trkpt>
<trkpt lat="43.330888" lon="-3.970636"></trkpt>
<trkpt lat="43.330962" lon="-3.970651"></trkpt>
<trkpt lat="43.331057" lon="-3.970725"></trkpt>
<trkpt lat="43.331113" lon="-3.970864"></trkpt>
<trkpt lat="43.331119" lon="-3.970960"></trkpt>
<trkpt lat="43.331194" lon="-3.971111"></trkpt>
<trkpt lat="43.331320" lon="-3.971263"></trkpt>
<trkpt lat="43.331982" lon="-3.971714"></trkpt>
<trkpt lat="43.332133" lon="-3.971766"></trkpt>
<trkpt lat="43.332306" lon="-3.971766"></trkpt>
<trkpt lat="43.332436" lon="-3.971757"></trkpt>
<trkpt lat="43.332489" lon="-3.971796"></trkpt>
<trkpt lat="43.332546" lon="-3.971913"></trkpt>
<trkpt lat="43.332614" lon="-3.972086"></trkpt>
<trkpt lat="43.332744" lon="-3.972304"></trkpt>
<trkpt lat="43.333158" lon="-3.972764"></trkpt>
<trkpt lat="43.334140" lon="-3.973859"></trkpt>
<trkpt lat="43.334386" lon="-3.974109"></trkpt>
<trkpt lat="43.334753" lon="-3.974395"></trkpt>
<trkpt lat="43.335149" lon="-3.974552"></trkpt>
<trkpt lat="43.335294" lon="-3.974575"></trkpt>
<trkpt lat="43.335440" lon="-3.974598"></trkpt>
<trkpt lat="43.336582" lon="-3.974611"></trkpt>
<trkpt lat="43.337231" lon="-3.974582"></trkpt>
<trkpt lat="43.337427" lon="-3.974555"></trkpt>
<trkpt lat="43.337692" lon="-3.974532"></trkpt>
<trkpt lat="43.337883" lon="-3.974504"></trkpt>
<trkpt lat="43.338124" lon="-3.974481"></trkpt>
<trkpt lat="43.338310" lon="-3.974448"></trkpt>
<trkpt lat="43.339053" lon="-3.974303"></trkpt>
<trkpt lat="43.339949" lon="-3.974125"></trkpt>
<trkpt lat="43.340467" lon="-3.974026"></trkpt>
<trkpt lat="43.341631" lon="-3.973833"></trkpt>
<trkpt lat="43.342230" lon="-3.973724"></trkpt>
<trkpt lat="43.342517" lon="-3.973605"></trkpt>
<trkpt lat="43.343161" lon="-3.973023"></trkpt>
<trkpt lat="43.344169" lon="-3.972020"></trkpt>
<trkpt lat="43.344369" lon="-3.971822"></trkpt>
<trkpt lat="43.347300" lon="-3.968937"></trkpt>
<trkpt lat="43.347519" lon="-3.968688"></trkpt>
<trkpt lat="43.347752" lon="-3.968491"></trkpt>
<trkpt lat="43.348101" lon="-3.968143"></trkpt>
<trkpt lat="43.348357" lon="-3.967822"></trkpt>
<trkpt lat="43.348616" lon="-3.967320"></trkpt>
<trkpt lat="43.348718" lon="-3.967062"></trkpt>
<trkpt lat="43.349596" lon="-3.964711"></trkpt>
<trkpt lat="43.349778" lon="-3.964145"></trkpt>
<trkpt lat="43.350130" lon="-3.962696"></trkpt>
<trkpt lat="43.350155" lon="-3.962590"></trkpt>
<trkpt lat="43.350198" lon="-3.962407"></trkpt>
<trkpt lat="43.350285" lon="-3.962070"></trkpt>
<trkpt lat="43.350499" lon="-3.961165"></trkpt>
<trkpt lat="43.350714" lon="-3.960333"></trkpt>
<trkpt lat="43.351059" lon="-3.958887"></trkpt>
<trkpt lat="43.351200" lon="-3.958295"></trkpt>
<trkpt lat="43.351495" lon="-3.957031"></trkpt>
<trkpt lat="43.351671" lon="-3.956242"></trkpt>
<trkpt lat="43.351717" lon="-3.955613"></trkpt>
<trkpt lat="43.351746" lon="-3.952530"></trkpt>
<trkpt lat="43.351754" lon="-3.952176"></trkpt>
<trkpt lat="43.351753" lon="-3.951966"></trkpt>
<trkpt lat="43.351753" lon="-3.951820"></trkpt>
<trkpt lat="43.351754" lon="-3.951463"></trkpt>
<trkpt lat="43.351759" lon="-3.950962"></trkpt>
<trkpt lat="43.351763" lon="-3.950498"></trkpt>
<trkpt lat="43.351746" lon="-3.950237"></trkpt>
<trkpt lat="43.351768" lon="-3.950036"></trkpt>
<trkpt lat="43.351753" lon="-3.950020"></trkpt>
<trkpt lat="43.351725" lon="-3.949927"></trkpt>
<trkpt lat="43.351748" lon="-3.949836"></trkpt>
<trkpt lat="43.351755" lon="-3.949572"></trkpt>
<trkpt lat="43.351775" lon="-3.949508"></trkpt>
<trkpt lat="43.351773" lon="-3.948135"></trkpt>
<trkpt lat="43.351792" lon="-3.945923"></trkpt>
<trkpt lat="43.351813" lon="-3.944929"></trkpt>
<trkpt lat="43.351811" lon="-3.944355"></trkpt>
<trkpt lat="43.351816" lon="-3.944088"></trkpt>
<trkpt lat="43.351817" lon="-3.943522"></trkpt>
<trkpt lat="43.351818" lon="-3.943055"></trkpt>
<trkpt lat="43.351820" lon="-3.942311"></trkpt>
<trkpt lat="43.351821" lon="-3.941875"></trkpt>
<trkpt lat="43.351822" lon="-3.941502"></trkpt>
<trkpt lat="43.351832" lon="-3.941003"></trkpt>
<trkpt lat="43.351832" lon="-3.940759"></trkpt>
<trkpt lat="43.351831" lon="-3.939696"></trkpt>
<trkpt lat="43.351786" lon="-3.939149"></trkpt>
<trkpt lat="43.351654" lon="-3.938634"></trkpt>
<trkpt lat="43.351523" lon="-3.938333"></trkpt>
<trkpt lat="43.351325" lon="-3.937985"></trkpt>
<trkpt lat="43.350741" lon="-3.937166"></trkpt>
<trkpt lat="43.350490" lon="-3.936704"></trkpt>
<trkpt lat="43.350348" lon="-3.936356"></trkpt>
<trkpt lat="43.350238" lon="-3.936012"></trkpt>
<trkpt lat="43.350195" lon="-3.935880"></trkpt>
<trkpt lat="43.350133" lon="-3.935523"></trkpt>
<trkpt lat="43.350089" lon="-3.934957"></trkpt>
<trkpt lat="43.350108" lon="-3.934388"></trkpt>
<trkpt lat="43.350142" lon="-3.934087"></trkpt>
<trkpt lat="43.350245" lon="-3.933641"></trkpt>
<trkpt lat="43.350403" lon="-3.933167"></trkpt>
<trkpt lat="43.350531" lon="-3.932877"></trkpt>
<trkpt lat="43.350925" lon="-3.932212"></trkpt>
<trkpt lat="43.351366" lon="-3.931686"></trkpt>
<trkpt lat="43.351788" lon="-3.931307"></trkpt>
<trkpt lat="43.352150" lon="-3.931019"></trkpt>
<trkpt lat="43.352508" lon="-3.930689"></trkpt>
<trkpt lat="43.353935" lon="-3.929330"></trkpt>
<trkpt lat="43.356645" lon="-3.926773"></trkpt>
<trkpt lat="43.358060" lon="-3.925449"></trkpt>
<trkpt lat="43.358465" lon="-3.925058"></trkpt>
<trkpt lat="43.358870" lon="-3.924667"></trkpt>
<trkpt lat="43.359621" lon="-3.923958"></trkpt>
<trkpt lat="43.359757" lon="-3.923830"></trkpt>
<trkpt lat="43.361986" lon="-3.921724"></trkpt>
<trkpt lat="43.362610" lon="-3.921124"></trkpt>
<trkpt lat="43.362809" lon="-3.920928"></trkpt>
<trkpt lat="43.363026" lon="-3.920641"></trkpt>
<trkpt lat="43.363239" lon="-3.920261"></trkpt>
<trkpt lat="43.363408" lon="-3.919737"></trkpt>
<trkpt lat="43.363464" lon="-3.919350"></trkpt>
<trkpt lat="43.363472" lon="-3.918923"></trkpt>
<trkpt lat="43.363463" lon="-3.917347"></trkpt>
<trkpt lat="43.363503" lon="-3.916674"></trkpt>
<trkpt lat="43.363556" lon="-3.916282"></trkpt>
<trkpt lat="43.363665" lon="-3.915699"></trkpt>
<trkpt lat="43.364005" lon="-3.914177"></trkpt>
<trkpt lat="43.364207" lon="-3.913456"></trkpt>
<trkpt lat="43.364688" lon="-3.912193"></trkpt>
<trkpt lat="43.365579" lon="-3.909986"></trkpt>
<trkpt lat="43.365955" lon="-3.909152"></trkpt>
<trkpt lat="43.366335" lon="-3.908275"></trkpt>
<trkpt lat="43.366425" lon="-3.908005"></trkpt>
<trkpt lat="43.366511" lon="-3.907510"></trkpt>
<trkpt lat="43.366573" lon="-3.906731"></trkpt>
<trkpt lat="43.366594" lon="-3.906414"></trkpt>
<trkpt lat="43.366608" lon="-3.906292"></trkpt>
<trkpt lat="43.366630" lon="-3.906146"></trkpt>
<trkpt lat="43.366733" lon="-3.905794"></trkpt>
<trkpt lat="43.367000" lon="-3.905417"></trkpt>
<trkpt lat="43.368847" lon="-3.904142"></trkpt>
<trkpt lat="43.369361" lon="-3.903755"></trkpt>
<trkpt lat="43.369857" lon="-3.903297"></trkpt>
<trkpt lat="43.370143" lon="-3.902974"></trkpt>
<trkpt lat="43.370614" lon="-3.902341"></trkpt>
<trkpt lat="43.370876" lon="-3.902046"></trkpt>
<trkpt lat="43.371030" lon="-3.901902"></trkpt>
<trkpt lat="43.371231" lon="-3.901776"></trkpt>
<trkpt lat="43.371676" lon="-3.901572"></trkpt>
<trkpt lat="43.372398" lon="-3.901264"></trkpt>
<trkpt lat="43.372608" lon="-3.901091"></trkpt>
<trkpt lat="43.372768" lon="-3.900910"></trkpt>
<trkpt lat="43.372824" lon="-3.900827"></trkpt>
<trkpt lat="43.372893" lon="-3.900726"></trkpt>
<trkpt lat="43.373235" lon="-3.899832"></trkpt>
<trkpt lat="43.373747" lon="-3.898386"></trkpt>
<trkpt lat="43.373819" lon="-3.898185"></trkpt>
<trkpt lat="43.374456" lon="-3.896409"></trkpt>
<trkpt lat="43.374492" lon="-3.896313"></trkpt>
<trkpt lat="43.374535" lon="-3.896193"></trkpt>
<trkpt lat="43.374897" lon="-3.895283"></trkpt>
<trkpt lat="43.375156" lon="-3.894513"></trkpt>
<trkpt lat="43.375225" lon="-3.894270"></trkpt>
<trkpt lat="43.375245" lon="-3.894196"></trkpt>
<trkpt lat="43.375598" lon="-3.892971"></trkpt>
<trkpt lat="43.375752" lon="-3.892524"></trkpt>
<trkpt lat="43.375887" lon="-3.892168"></trkpt>
<trkpt lat="43.376066" lon="-3.891665"></trkpt>
<trkpt lat="43.376246" lon="-3.891163"></trkpt>
<trkpt lat="43.376359" lon="-3.890837"></trkpt>
<trkpt lat="43.376568" lon="-3.890237"></trkpt>
<trkpt lat="43.376696" lon="-3.889870"></trkpt>
<trkpt lat="43.376965" lon="-3.889095"></trkpt>
<trkpt lat="43.377063" lon="-3.888816"></trkpt>
<trkpt lat="43.377146" lon="-3.888576"></trkpt>
<trkpt lat="43.377420" lon="-3.887812"></trkpt>
<trkpt lat="43.377541" lon="-3.887473"></trkpt>
<trkpt lat="43.378136" lon="-3.885889"></trkpt>
<trkpt lat="43.378352" lon="-3.885146"></trkpt>
<trkpt lat="43.378428" lon="-3.884749"></trkpt>
<trkpt lat="43.378633" lon="-3.883150"></trkpt>
<trkpt lat="43.378715" lon="-3.882805"></trkpt>
<trkpt lat="43.378824" lon="-3.882494"></trkpt>
<trkpt lat="43.378991" lon="-3.882140"></trkpt>
<trkpt lat="43.379145" lon="-3.881900"></trkpt>
<trkpt lat="43.379475" lon="-3.881530"></trkpt>
<trkpt lat="43.379840" lon="-3.881259"></trkpt>
<trkpt lat="43.380272" lon="-3.881017"></trkpt>
<trkpt lat="43.380382" lon="-3.880954"></trkpt>
<trkpt lat="43.381285" lon="-3.880462"></trkpt>
<trkpt lat="43.381653" lon="-3.880267"></trkpt>
<trkpt lat="43.382009" lon="-3.880037"></trkpt>
<trkpt lat="43.382398" lon="-3.879713"></trkpt>
<trkpt lat="43.382533" lon="-3.879552"></trkpt>
<trkpt lat="43.382720" lon="-3.879306"></trkpt>
<trkpt lat="43.382907" lon="-3.878986"></trkpt>
<trkpt lat="43.383110" lon="-3.878598"></trkpt>
<trkpt lat="43.383248" lon="-3.878205"></trkpt>
<trkpt lat="43.383422" lon="-3.877416"></trkpt>
<trkpt lat="43.383537" lon="-3.876510"></trkpt>
<trkpt lat="43.383651" lon="-3.875603"></trkpt>
<trkpt lat="43.383740" lon="-3.875080"></trkpt>
<trkpt lat="43.383812" lon="-3.874791"></trkpt>
<trkpt lat="43.384197" lon="-3.873900"></trkpt>
<trkpt lat="43.385363" lon="-3.871520"></trkpt>
<trkpt lat="43.385785" lon="-3.870719"></trkpt>
<trkpt lat="43.386112" lon="-3.870210"></trkpt>
<trkpt lat="43.386440" lon="-3.869759"></trkpt>
<trkpt lat="43.386830" lon="-3.869283"></trkpt>
<trkpt lat="43.387088" lon="-3.868966"></trkpt>
<trkpt lat="43.387203" lon="-3.868689"></trkpt>
<trkpt lat="43.387179" lon="-3.868525"></trkpt>
<trkpt lat="43.387222" lon="-3.868369"></trkpt>
<trkpt lat="43.387321" lon="-3.868271"></trkpt>
<trkpt lat="43.387399" lon="-3.867948"></trkpt>
<trkpt lat="43.387476" lon="-3.867713"></trkpt>
<trkpt lat="43.387628" lon="-3.867432"></trkpt>
<trkpt lat="43.388192" lon="-3.866520"></trkpt>
<trkpt lat="43.388713" lon="-3.865736"></trkpt>
<trkpt lat="43.389179" lon="-3.865062"></trkpt>
<trkpt lat="43.389534" lon="-3.864478"></trkpt>
<trkpt lat="43.389831" lon="-3.863868"></trkpt>
<trkpt lat="43.390457" lon="-3.862442"></trkpt>
<trkpt lat="43.390930" lon="-3.861535"></trkpt>
<trkpt lat="43.391014" lon="-3.861302"></trkpt>
<trkpt lat="43.390983" lon="-3.861156"></trkpt>
<trkpt lat="43.390996" lon="-3.861090"></trkpt>
<trkpt lat="43.391051" lon="-3.861005"></trkpt>
<trkpt lat="43.391112" lon="-3.860971"></trkpt>
<trkpt lat="43.391310" lon="-3.860677"></trkpt>
<trkpt lat="43.392023" lon="-3.859631"></trkpt>
<trkpt lat="43.392090" lon="-3.859530"></trkpt>
<trkpt lat="43.393747" lon="-3.857016"></trkpt>
<trkpt lat="43.393901" lon="-3.856782"></trkpt>
<trkpt lat="43.394027" lon="-3.856589"></trkpt>
<trkpt lat="43.394187" lon="-3.856346"></trkpt>
<trkpt lat="43.395413" lon="-3.854468"></trkpt>
<trkpt lat="43.396104" lon="-3.853371"></trkpt>
<trkpt lat="43.396523" lon="-3.852641"></trkpt>
<trkpt lat="43.396555" lon="-3.852345"></trkpt>
<trkpt lat="43.396617" lon="-3.852235"></trkpt>
<trkpt lat="43.396688" lon="-3.852187"></trkpt>
<trkpt lat="43.396752" lon="-3.851841"></trkpt>
<trkpt lat="43.396866" lon="-3.851246"></trkpt>
<trkpt lat="43.396992" lon="-3.850861"></trkpt>
<trkpt lat="43.397180" lon="-3.850474"></trkpt>
<trkpt lat="43.398066" lon="-3.849129"></trkpt>
<trkpt lat="43.398170" lon="-3.848939"></trkpt>
<trkpt lat="43.398285" lon="-3.848627"></trkpt>
<trkpt lat="43.398266" lon="-3.848541"></trkpt>
<trkpt lat="43.398260" lon="-3.848415"></trkpt>
<trkpt lat="43.398280" lon="-3.848335"></trkpt>
<trkpt lat="43.398316" lon="-3.848262"></trkpt>
<trkpt lat="43.398386" lon="-3.848206"></trkpt>
<trkpt lat="43.398443" lon="-3.848184"></trkpt>
<trkpt lat="43.398474" lon="-3.848176"></trkpt>
<trkpt lat="43.398843" lon="-3.847849"></trkpt>
<trkpt lat="43.399728" lon="-3.846380"></trkpt>
<trkpt lat="43.399968" lon="-3.845983"></trkpt>
<trkpt lat="43.400201" lon="-3.845597"></trkpt>
<trkpt lat="43.400526" lon="-3.845059"></trkpt>
<trkpt lat="43.400891" lon="-3.844439"></trkpt>
<trkpt lat="43.401109" lon="-3.844081"></trkpt>
<trkpt lat="43.401283" lon="-3.843799"></trkpt>
<trkpt lat="43.401415" lon="-3.843585"></trkpt>
<trkpt lat="43.401456" lon="-3.843519"></trkpt>
<trkpt lat="43.401714" lon="-3.843076"></trkpt>
<trkpt lat="43.401852" lon="-3.842762"></trkpt>
<trkpt lat="43.401950" lon="-3.842477"></trkpt>
<trkpt lat="43.401924" lon="-3.842385"></trkpt>
<trkpt lat="43.401920" lon="-3.842278"></trkpt>
<trkpt lat="43.401987" lon="-3.842090"></trkpt>
<trkpt lat="43.402096" lon="-3.842008"></trkpt>
<trkpt lat="43.402220" lon="-3.842017"></trkpt>
<trkpt lat="43.402416" lon="-3.841942"></trkpt>
<trkpt lat="43.402537" lon="-3.841833"></trkpt>
<trkpt lat="43.402772" lon="-3.841431"></trkpt>
<trkpt lat="43.402951" lon="-3.841111"></trkpt>
<trkpt lat="43.403256" lon="-3.840547"></trkpt>
<trkpt lat="43.403374" lon="-3.840329"></trkpt>
<trkpt lat="43.403779" lon="-3.839585"></trkpt>
<trkpt lat="43.403847" lon="-3.839458"></trkpt>
<trkpt lat="43.404089" lon="-3.839016"></trkpt>
<trkpt lat="43.404227" lon="-3.838765"></trkpt>
<trkpt lat="43.404277" lon="-3.838673"></trkpt>
<trkpt lat="43.404486" lon="-3.838285"></trkpt>
<trkpt lat="43.404636" lon="-3.838017"></trkpt>
<trkpt lat="43.404835" lon="-3.837724"></trkpt>
<trkpt lat="43.404899" lon="-3.837624"></trkpt>
<trkpt lat="43.404947" lon="-3.837440"></trkpt>
<trkpt lat="43.404922" lon="-3.837318"></trkpt>
<trkpt lat="43.404958" lon="-3.837122"></trkpt>
<trkpt lat="43.405007" lon="-3.837052"></trkpt>
<trkpt lat="43.405074" lon="-3.837000"></trkpt>
<trkpt lat="43.405158" lon="-3.836987"></trkpt>
<trkpt lat="43.405242" lon="-3.837020"></trkpt>
<trkpt lat="43.405315" lon="-3.837102"></trkpt>
<trkpt lat="43.405599" lon="-3.837200"></trkpt>
<trkpt lat="43.405797" lon="-3.837197"></trkpt>
<trkpt lat="43.406132" lon="-3.837260"></trkpt>
<trkpt lat="43.407422" lon="-3.837805"></trkpt>
<trkpt lat="43.407751" lon="-3.837877"></trkpt>
<trkpt lat="43.408043" lon="-3.837897"></trkpt>
<trkpt lat="43.408367" lon="-3.837867"></trkpt>
<trkpt lat="43.408823" lon="-3.837751"></trkpt>
<trkpt lat="43.409208" lon="-3.837562"></trkpt>
<trkpt lat="43.409503" lon="-3.837357"></trkpt>
<trkpt lat="43.409805" lon="-3.837081"></trkpt>
<trkpt lat="43.410463" lon="-3.836277"></trkpt>
<trkpt lat="43.410503" lon="-3.836216"></trkpt>
<trkpt lat="43.410592" lon="-3.836078"></trkpt>
<trkpt lat="43.410654" lon="-3.835843"></trkpt>
<trkpt lat="43.410651" lon="-3.835758"></trkpt>
<trkpt lat="43.410678" lon="-3.835637"></trkpt>
<trkpt lat="43.410744" lon="-3.835539"></trkpt>
<trkpt lat="43.410778" lon="-3.835519"></trkpt>
<trkpt lat="43.410857" lon="-3.835483"></trkpt>
<trkpt lat="43.410919" lon="-3.835491"></trkpt>
<trkpt lat="43.411043" lon="-3.835428"></trkpt>
<trkpt lat="43.411112" lon="-3.835352"></trkpt>
<trkpt lat="43.411169" lon="-3.835236"></trkpt>
<trkpt lat="43.411401" lon="-3.834745"></trkpt>
<trkpt lat="43.411467" lon="-3.834626"></trkpt>
<trkpt lat="43.411537" lon="-3.834510"></trkpt>
<trkpt lat="43.411644" lon="-3.834404"></trkpt>
<trkpt lat="43.411678" lon="-3.834336"></trkpt>
<trkpt lat="43.411745" lon="-3.834316"></trkpt>
<trkpt lat="43.411767" lon="-3.834327"></trkpt>
<trkpt lat="43.411782" lon="-3.834340"></trkpt>
<trkpt lat="43.411900" lon="-3.834241"></trkpt>
<trkpt lat="43.412015" lon="-3.834166"></trkpt>
<trkpt lat="43.412384" lon="-3.833807"></trkpt>
<trkpt lat="43.412651" lon="-3.833441"></trkpt>
<trkpt lat="43.412805" lon="-3.833295"></trkpt>
<trkpt lat="43.412916" lon="-3.833235"></trkpt>
<trkpt lat="43.413475" lon="-3.833195"></trkpt>
<trkpt lat="43.413891" lon="-3.833191"></trkpt>
<trkpt lat="43.414369" lon="-3.833129"></trkpt>
<trkpt lat="43.414692" lon="-3.833172"></trkpt>
<trkpt lat="43.414898" lon="-3.833200"></trkpt>
<trkpt lat="43.415045" lon="-3.833194"></trkpt>
<trkpt lat="43.415176" lon="-3.833193"></trkpt>
<trkpt lat="43.415214" lon="-3.832141"></trkpt>
<trkpt lat="43.415489" lon="-3.832147"></trkpt>
<trkpt lat="43.415515" lon="-3.832148"></trkpt>
<trkpt lat="43.415917" lon="-3.832076"></trkpt>
<trkpt lat="43.416004" lon="-3.832014"></trkpt>
<trkpt lat="43.416343" lon="-3.831606"></trkpt>
<trkpt lat="43.416398" lon="-3.831576"></trkpt>
<trkpt lat="43.416824" lon="-3.831520"></trkpt>
<trkpt lat="43.417238" lon="-3.831398"></trkpt>
<trkpt lat="43.417393" lon="-3.831175"></trkpt>
<trkpt lat="43.417459" lon="-3.831214"></trkpt>
<trkpt lat="43.417589" lon="-3.831224"></trkpt>
<trkpt lat="43.417666" lon="-3.831071"></trkpt>
<trkpt lat="43.417651" lon="-3.830902"></trkpt>
<trkpt lat="43.417667" lon="-3.830694"></trkpt>
<trkpt lat="43.418066" lon="-3.830544"></trkpt>
<trkpt lat="43.418363" lon="-3.830507"></trkpt>
<trkpt lat="43.418524" lon="-3.830530"></trkpt>
<trkpt lat="43.418625" lon="-3.830582"></trkpt>
<trkpt lat="43.418669" lon="-3.830519"></trkpt>
<trkpt lat="43.418879" lon="-3.830291"></trkpt>
<trkpt lat="43.419131" lon="-3.830073"></trkpt>
<trkpt lat="43.419375" lon="-3.830262"></trkpt>
<trkpt lat="43.419502" lon="-3.830405"></trkpt>
<trkpt lat="43.420245" lon="-3.830158"></trkpt>
<trkpt lat="43.420500" lon="-3.830019"></trkpt>
<trkpt lat="43.420622" lon="-3.829911"></trkpt>
<trkpt lat="43.421253" lon="-3.829058"></trkpt>
<trkpt lat="43.421487" lon="-3.828790"></trkpt>
<trkpt lat="43.421566" lon="-3.828732"></trkpt>
<trkpt lat="43.421651" lon="-3.828710"></trkpt>
<trkpt lat="43.421761" lon="-3.828730"></trkpt>
<trkpt lat="43.422043" lon="-3.828845"></trkpt>
<trkpt lat="43.422170" lon="-3.828828"></trkpt>
<trkpt lat="43.422683" lon="-3.828673"></trkpt>
<trkpt lat="43.423438" lon="-3.828413"></trkpt>
<trkpt lat="43.423639" lon="-3.828305"></trkpt>
<trkpt lat="43.423657" lon="-3.828395"></trkpt>
<trkpt lat="43.423857" lon="-3.828255"></trkpt>
<trkpt lat="43.424377" lon="-3.828315"></trkpt>
<trkpt lat="43.424517" lon="-3.828558"></trkpt>
<trkpt lat="43.424624" lon="-3.828912"></trkpt>
<trkpt lat="43.424646" lon="-3.828924"></trkpt>
<trkpt lat="43.424693" lon="-3.828902"></trkpt>
<trkpt lat="43.424750" lon="-3.828876"></trkpt>
<trkpt lat="43.426153" lon="-3.833989"></trkpt>
<trkpt lat="43.426343" lon="-3.834501"></trkpt>
<trkpt lat="43.426586" lon="-3.834868"></trkpt>
<trkpt lat="43.426900" lon="-3.835236"></trkpt>
<trkpt lat="43.427232" lon="-3.835359"></trkpt>
<trkpt lat="43.427909" lon="-3.835512"></trkpt>
<trkpt lat="43.429524" lon="-3.835972"></trkpt>
<trkpt lat="43.430652" lon="-3.836198"></trkpt>
<trkpt lat="43.430828" lon="-3.836274"></trkpt>
<trkpt lat="43.432221" lon="-3.836514"></trkpt>
<trkpt lat="43.432636" lon="-3.836103"></trkpt>
<trkpt lat="43.432726" lon="-3.835888"></trkpt>
<trkpt lat="43.432715" lon="-3.835708"></trkpt>
<trkpt lat="43.432702" lon="-3.835713"></trkpt>
<trkpt lat="43.432708" lon="-3.835919"></trkpt>
<trkpt lat="43.432633" lon="-3.836079"></trkpt>
<trkpt lat="43.432220" lon="-3.836489"></trkpt>
<trkpt lat="43.431626" lon="-3.836374"></trkpt>
<trkpt lat="43.431436" lon="-3.836373"></trkpt>
<trkpt lat="43.430840" lon="-3.836254"></trkpt>
<trkpt lat="43.430664" lon="-3.836178"></trkpt>
<trkpt lat="43.430273" lon="-3.836100"></trkpt>
<trkpt lat="43.429663" lon="-3.835979"></trkpt>
<trkpt lat="43.428464" lon="-3.835646"></trkpt>
<trkpt lat="43.429663" lon="-3.835979"></trkpt>
<trkpt lat="43.430273" lon="-3.836100"></trkpt>
<trkpt lat="43.429663" lon="-3.835979"></trkpt>
<trkpt lat="43.428464" lon="-3.835646"></trkpt>
<trkpt lat="43.427913" lon="-3.835492"></trkpt>
<trkpt lat="43.427704" lon="-3.835460"></trkpt>
<trkpt lat="43.426904" lon="-3.835219"></trkpt>
<trkpt lat="43.426613" lon="-3.834865"></trkpt>
<trkpt lat="43.426365" lon="-3.834500"></trkpt>
<trkpt lat="43.426167" lon="-3.833987"></trkpt>
<trkpt lat="43.424758" lon="-3.828843"></trkpt>
<trkpt lat="43.424685" lon="-3.828872"></trkpt>
<trkpt lat="43.424693" lon="-3.828902"></trkpt>
<trkpt lat="43.424750" lon="-3.828876"></trkpt>
<trkpt lat="43.426153" lon="-3.833989"></trkpt>
<trkpt lat="43.426343" lon="-3.834501"></trkpt>
<trkpt lat="43.426586" lon="-3.834868"></trkpt>
<trkpt lat="43.426900" lon="-3.835236"></trkpt>
<trkpt lat="43.427232" lon="-3.835359"></trkpt>
<trkpt lat="43.427909" lon="-3.835512"></trkpt>
<trkpt lat="43.429524" lon="-3.835972"></trkpt>
<trkpt lat="43.430652" lon="-3.836198"></trkpt>
<trkpt lat="43.430828" lon="-3.836274"></trkpt>
<trkpt lat="43.432221" lon="-3.836514"></trkpt>
<trkpt lat="43.432636" lon="-3.836103"></trkpt>
<trkpt lat="43.432726" lon="-3.835888"></trkpt>
<trkpt lat="43.432715" lon="-3.835708"></trkpt>
<trkpt lat="43.432750" lon="-3.835692"></trkpt>
<trkpt lat="43.432792" lon="-3.835673"></trkpt>
<trkpt lat="43.432827" lon="-3.835657"></trkpt>
<trkpt lat="43.433057" lon="-3.836508"></trkpt>
<trkpt lat="43.433108" lon="-3.836579"></trkpt>
<trkpt lat="43.433190" lon="-3.836590"></trkpt>
<trkpt lat="43.433182" lon="-3.836661"></trkpt>
<trkpt lat="43.433175" lon="-3.836746"></trkpt>
<trkpt lat="43.433208" lon="-3.836766"></trkpt>
<trkpt lat="43.434437" lon="-3.837025"></trkpt>
<trkpt lat="43.435295" lon="-3.837172"></trkpt>
<trkpt lat="43.435306" lon="-3.837202"></trkpt>
<trkpt lat="43.435399" lon="-3.837191"></trkpt>
<trkpt lat="43.435507" lon="-3.837178"></trkpt>
<trkpt lat="43.435520" lon="-3.837546"></trkpt>
<trkpt lat="43.435515" lon="-3.838091"></trkpt>
<trkpt lat="43.435409" lon="-3.838831"></trkpt>
<trkpt lat="43.435403" lon="-3.838867"></trkpt>
<trkpt lat="43.435342" lon="-3.839235"></trkpt>
<trkpt lat="43.435216" lon="-3.839694"></trkpt>
<trkpt lat="43.435238" lon="-3.839780"></trkpt>
<trkpt lat="43.435322" lon="-3.839849"></trkpt>
<trkpt lat="43.435671" lon="-3.840020"></trkpt>
<trkpt lat="43.436067" lon="-3.840029"></trkpt>
<trkpt lat="43.436180" lon="-3.839322"></trkpt>
<trkpt lat="43.436256" lon="-3.839052"></trkpt>
<trkpt lat="43.436315" lon="-3.839010"></trkpt>
<trkpt lat="43.436414" lon="-3.838790"></trkpt>
<trkpt lat="43.436582" lon="-3.838512"></trkpt>
<trkpt lat="43.436723" lon="-3.838341"></trkpt>
<trkpt lat="43.436917" lon="-3.838167"></trkpt>
<trkpt lat="43.437165" lon="-3.838021"></trkpt>
<trkpt lat="43.437292" lon="-3.837968"></trkpt>
<trkpt lat="43.438934" lon="-3.837652"></trkpt>
<trkpt lat="43.439181" lon="-3.837639"></trkpt>
<trkpt lat="43.439323" lon="-3.837750"></trkpt>
<trkpt lat="43.439508" lon="-3.838035"></trkpt>
<trkpt lat="43.439607" lon="-3.838255"></trkpt>
<trkpt lat="43.439707" lon="-3.838583"></trkpt>
<trkpt lat="43.439704" lon="-3.838668"></trkpt>
<trkpt lat="43.439702" lon="-3.838778"></trkpt>
<trkpt lat="43.439696" lon="-3.838878"></trkpt>
<trkpt lat="43.439695" lon="-3.838916"></trkpt>
<trkpt lat="43.439784" lon="-3.838958"></trkpt>
<trkpt lat="43.439898" lon="-3.839170"></trkpt>
<trkpt lat="43.439899" lon="-3.839205"></trkpt>
<trkpt lat="43.439949" lon="-3.839210"></trkpt>
<trkpt lat="43.440001" lon="-3.839215"></trkpt>
<trkpt lat="43.440055" lon="-3.839220"></trkpt>
<trkpt lat="43.440116" lon="-3.839225"></trkpt>
<trkpt lat="43.440148" lon="-3.839192"></trkpt>
<trkpt lat="43.440309" lon="-3.838893"></trkpt>
<trkpt lat="43.440377" lon="-3.838892"></trkpt>
<trkpt lat="43.440408" lon="-3.838892"></trkpt>
<trkpt lat="43.440408" lon="-3.838819"></trkpt>
<trkpt lat="43.440955" lon="-3.838842"></trkpt>
<trkpt lat="43.442634" lon="-3.838897"></trkpt>
<trkpt lat="43.442759" lon="-3.838833"></trkpt>
<trkpt lat="43.442843" lon="-3.838729"></trkpt>
<trkpt lat="43.442859" lon="-3.838580"></trkpt>
<trkpt lat="43.442860" lon="-3.838526"></trkpt>
<trkpt lat="43.442930" lon="-3.838527"></trkpt>
<trkpt lat="43.442941" lon="-3.837882"></trkpt>
<trkpt lat="43.442993" lon="-3.837782"></trkpt>
<trkpt lat="43.445438" lon="-3.836036"></trkpt>
<trkpt lat="43.445838" lon="-3.835755"></trkpt>
<trkpt lat="43.445928" lon="-3.835812"></trkpt>
<trkpt lat="43.446061" lon="-3.835813"></trkpt>
<trkpt lat="43.446103" lon="-3.835859"></trkpt>
<trkpt lat="43.446122" lon="-3.835847"></trkpt>
<trkpt lat="43.446156" lon="-3.835824"></trkpt>
<trkpt lat="43.446197" lon="-3.835788"></trkpt>
<trkpt lat="43.446208" lon="-3.835775"></trkpt>
<trkpt lat="43.446144" lon="-3.835591"></trkpt>
<trkpt lat="43.446149" lon="-3.835528"></trkpt>
<trkpt lat="43.450702" lon="-3.830608"></trkpt>
<trkpt lat="43.450982" lon="-3.829639"></trkpt>
<trkpt lat="43.451024" lon="-3.829494"></trkpt>
<trkpt lat="43.451045" lon="-3.829503"></trkpt>
<trkpt lat="43.451097" lon="-3.829525"></trkpt>
<trkpt lat="43.451139" lon="-3.829546"></trkpt>
<trkpt lat="43.451177" lon="-3.829400"></trkpt>
<trkpt lat="43.451217" lon="-3.829376"></trkpt>
<trkpt lat="43.451240" lon="-3.829364"></trkpt>
<trkpt lat="43.451299" lon="-3.829175"></trkpt>
<trkpt lat="43.451351" lon="-3.829163"></trkpt>
<trkpt lat="43.451402" lon="-3.828976"></trkpt>
<trkpt lat="43.451466" lon="-3.828828"></trkpt>
<trkpt lat="43.451592" lon="-3.828497"></trkpt>
<trkpt lat="43.451620" lon="-3.828416"></trkpt>
<trkpt lat="43.451634" lon="-3.828377"></trkpt>
<trkpt lat="43.451708" lon="-3.828119"></trkpt>
<trkpt lat="43.451689" lon="-3.828062"></trkpt>
<trkpt lat="43.451682" lon="-3.828041"></trkpt>
<trkpt lat="43.451667" lon="-3.828006"></trkpt>
<trkpt lat="43.451728" lon="-3.827889"></trkpt>
<trkpt lat="43.451914" lon="-3.827756"></trkpt>
<trkpt lat="43.452051" lon="-3.827747"></trkpt>
<trkpt lat="43.452247" lon="-3.827833"></trkpt>
<trkpt lat="43.452323" lon="-3.827537"></trkpt>
<trkpt lat="43.452378" lon="-3.827326"></trkpt>
<trkpt lat="43.452446" lon="-3.827047"></trkpt>
<trkpt lat="43.452294" lon="-3.826862"></trkpt>
<trkpt lat="43.452266" lon="-3.826790"></trkpt>
<trkpt lat="43.452235" lon="-3.826588"></trkpt>
<trkpt lat="43.452244" lon="-3.826436"></trkpt>
<trkpt lat="43.452326" lon="-3.826205"></trkpt>
<trkpt lat="43.452382" lon="-3.826134"></trkpt>
<trkpt lat="43.452418" lon="-3.826088"></trkpt>
<trkpt lat="43.452515" lon="-3.825831"></trkpt>
<trkpt lat="43.452594" lon="-3.825550"></trkpt>
<trkpt lat="43.452598" lon="-3.825325"></trkpt>
<trkpt lat="43.452645" lon="-3.825245"></trkpt>
<trkpt lat="43.452616" lon="-3.825152"></trkpt>
<trkpt lat="43.452594" lon="-3.825080"></trkpt>
<trkpt lat="43.452466" lon="-3.825139"></trkpt>
<trkpt lat="43.452395" lon="-3.825130"></trkpt>
<trkpt lat="43.452334" lon="-3.825031"></trkpt>
<trkpt lat="43.452348" lon="-3.824941"></trkpt>
<trkpt lat="43.452500" lon="-3.824378"></trkpt>
<trkpt lat="43.452614" lon="-3.823847"></trkpt>
<trkpt lat="43.452572" lon="-3.823827"></trkpt>
<trkpt lat="43.452516" lon="-3.823799"></trkpt>
<trkpt lat="43.452482" lon="-3.823782"></trkpt>
<trkpt lat="43.452450" lon="-3.823764"></trkpt>
<trkpt lat="43.452385" lon="-3.823734"></trkpt>
<trkpt lat="43.452396" lon="-3.823692"></trkpt>
<trkpt lat="43.452986" lon="-3.821523"></trkpt>
<trkpt lat="43.453056" lon="-3.821489"></trkpt>
<trkpt lat="43.453640" lon="-3.819310"></trkpt>
<trkpt lat="43.453916" lon="-3.818277"></trkpt>
<trkpt lat="43.453928" lon="-3.818231"></trkpt>
<trkpt lat="43.453908" lon="-3.818154"></trkpt>
<trkpt lat="43.453917" lon="-3.818109"></trkpt>
<trkpt lat="43.453891" lon="-3.818096"></trkpt>
<trkpt lat="43.453828" lon="-3.818062"></trkpt>
<trkpt lat="43.453705" lon="-3.818000"></trkpt>
<trkpt lat="43.453338" lon="-3.817815"></trkpt>
<trkpt lat="43.453243" lon="-3.817767"></trkpt>
<trkpt lat="43.452748" lon="-3.817517"></trkpt>
<trkpt lat="43.452671" lon="-3.817480"></trkpt>
<trkpt lat="43.452626" lon="-3.817458"></trkpt>
<trkpt lat="43.452475" lon="-3.817382"></trkpt>
<trkpt lat="43.452337" lon="-3.817312"></trkpt>
<trkpt lat="43.452292" lon="-3.817470"></trkpt>
<trkpt lat="43.452337" lon="-3.817312"></trkpt>
<trkpt lat="43.452517" lon="-3.816660"></trkpt>
<trkpt lat="43.453139" lon="-3.814367"></trkpt>
<trkpt lat="43.453139" lon="-3.814056"></trkpt>
<trkpt lat="43.453099" lon="-3.813968"></trkpt>
<trkpt lat="43.453094" lon="-3.813889"></trkpt>
<trkpt lat="43.453106" lon="-3.813836"></trkpt>
<trkpt lat="43.453166" lon="-3.813750"></trkpt>
<trkpt lat="43.453252" lon="-3.813731"></trkpt>
<trkpt lat="43.453328" lon="-3.813788"></trkpt>
<trkpt lat="43.453358" lon="-3.813845"></trkpt>
<trkpt lat="43.453362" lon="-3.813949"></trkpt>
<trkpt lat="43.453436" lon="-3.814114"></trkpt>
<trkpt lat="43.453502" lon="-3.814188"></trkpt>
<trkpt lat="43.453512" lon="-3.814154"></trkpt>
<trkpt lat="43.453420" lon="-3.814021"></trkpt>
<trkpt lat="43.453389" lon="-3.813860"></trkpt>
<trkpt lat="43.453420" lon="-3.813658"></trkpt>
<trkpt lat="43.453502" lon="-3.813534"></trkpt>
<trkpt lat="43.453484" lon="-3.813499"></trkpt>
<trkpt lat="43.453474" lon="-3.813481"></trkpt>
<trkpt lat="43.453460" lon="-3.813414"></trkpt>
<trkpt lat="43.453646" lon="-3.813137"></trkpt>
<trkpt lat="43.454413" lon="-3.812434"></trkpt>
<trkpt lat="43.455683" lon="-3.811272"></trkpt>
<trkpt lat="43.455763" lon="-3.811139"></trkpt>
<trkpt lat="43.455898" lon="-3.811014"></trkpt>
<trkpt lat="43.456533" lon="-3.810435"></trkpt>
<trkpt lat="43.456675" lon="-3.810295"></trkpt>
<trkpt lat="43.457451" lon="-3.809531"></trkpt>
<trkpt lat="43.457718" lon="-3.809188"></trkpt>
<trkpt lat="43.458033" lon="-3.808705"></trkpt>
<trkpt lat="43.458319" lon="-3.808120"></trkpt>
<trkpt lat="43.458370" lon="-3.807976"></trkpt>
<trkpt lat="43.459257" lon="-3.806786"></trkpt>
<trkpt lat="43.459334" lon="-3.806722"></trkpt>
<trkpt lat="43.459688" lon="-3.806259"></trkpt>
<trkpt lat="43.459821" lon="-3.806026"></trkpt>
<trkpt lat="43.459919" lon="-3.805687"></trkpt>
<trkpt lat="43.459903" lon="-3.805511"></trkpt>
<trkpt lat="43.459882" lon="-3.805423"></trkpt>
<trkpt lat="43.459629" lon="-3.805005"></trkpt>
<trkpt lat="43.459600" lon="-3.804912"></trkpt>
<trkpt lat="43.459600" lon="-3.804825"></trkpt>
<trkpt lat="43.459631" lon="-3.804733"></trkpt>
<trkpt lat="43.459791" lon="-3.804538"></trkpt>
<trkpt lat="43.459868" lon="-3.804444"></trkpt>
<trkpt lat="43.459876" lon="-3.804434"></trkpt>
<trkpt lat="43.460171" lon="-3.804075"></trkpt>
<trkpt lat="43.460301" lon="-3.803917"></trkpt>
<trkpt lat="43.460504" lon="-3.803633"></trkpt>
<trkpt lat="43.460688" lon="-3.803286"></trkpt>
<trkpt lat="43.460786" lon="-3.803214"></trkpt>
<trkpt lat="43.461002" lon="-3.803149"></trkpt>
<trkpt lat="43.461020" lon="-3.803139"></trkpt>
<trkpt lat="43.461477" lon="-3.802289"></trkpt>
<trkpt lat="43.461590" lon="-3.802159"></trkpt>
<trkpt lat="43.461667" lon="-3.801902"></trkpt>
<trkpt lat="43.461740" lon="-3.801458"></trkpt>
<trkpt lat="43.461796" lon="-3.800867"></trkpt>
<trkpt lat="43.461960" lon="-3.799136"></trkpt>
<trkpt lat="43.462082" lon="-3.797763"></trkpt>
<trkpt lat="43.462091" lon="-3.797616"></trkpt>
<trkpt lat="43.462132" lon="-3.797400"></trkpt>
<trkpt lat="43.462287" lon="-3.797140"></trkpt>
<trkpt lat="43.462502" lon="-3.796780"></trkpt>
<trkpt lat="43.462573" lon="-3.796639"></trkpt>
<trkpt lat="43.462570" lon="-3.796590"></trkpt>
<trkpt lat="43.462713" lon="-3.796320"></trkpt>
<trkpt lat="43.462801" lon="-3.796232"></trkpt>
<trkpt lat="43.462842" lon="-3.796125"></trkpt>
<trkpt lat="43.462886" lon="-3.795790"></trkpt>
<trkpt lat="43.462875" lon="-3.795647"></trkpt>
<trkpt lat="43.462704" lon="-3.793466"></trkpt>
<trkpt lat="43.462592" lon="-3.791919"></trkpt>
<trkpt lat="43.462567" lon="-3.791567"></trkpt>
<trkpt lat="43.462607" lon="-3.791563"></trkpt>
<trkpt lat="43.462651" lon="-3.791555"></trkpt>
<trkpt lat="43.462698" lon="-3.791654"></trkpt>
<trkpt lat="43.462797" lon="-3.791667"></trkpt>
<trkpt lat="43.462851" lon="-3.791628"></trkpt>
<trkpt lat="43.462913" lon="-3.791469"></trkpt>
<trkpt lat="43.463200" lon="-3.790898"></trkpt>
<trkpt lat="43.463302" lon="-3.790568"></trkpt>
<trkpt lat="43.463379" lon="-3.790145"></trkpt>
<trkpt lat="43.463453" lon="-3.789516"></trkpt>
<trkpt lat="43.463460" lon="-3.788945"></trkpt>
<trkpt lat="43.463454" lon="-3.787841"></trkpt>
<trkpt lat="43.463485" lon="-3.787460"></trkpt>
<trkpt lat="43.463499" lon="-3.787339"></trkpt>
<trkpt lat="43.463522" lon="-3.787145"></trkpt>
<trkpt lat="43.463635" lon="-3.786192"></trkpt>
<trkpt lat="43.463690" lon="-3.785938"></trkpt>
<trkpt lat="43.464298" lon="-3.783672"></trkpt>
<trkpt lat="43.464441" lon="-3.783138"></trkpt>
<trkpt lat="43.464875" lon="-3.781560"></trkpt>
<trkpt lat="43.464963" lon="-3.781338"></trkpt>
<trkpt lat="43.465108" lon="-3.781138"></trkpt>
<trkpt lat="43.465526" lon="-3.780735"></trkpt>
<trkpt lat="43.466054" lon="-3.779876"></trkpt>
<trkpt lat="43.466237" lon="-3.779609"></trkpt>
<trkpt lat="43.467810" lon="-3.776272"></trkpt>
<trkpt lat="43.467832" lon="-3.776239"></trkpt>
<trkpt lat="43.468012" lon="-3.775965"></trkpt>
<trkpt lat="43.468088" lon="-3.775907"></trkpt>
<trkpt lat="43.468125" lon="-3.775910"></trkpt>
<trkpt lat="43.468279" lon="-3.775928"></trkpt>
<trkpt lat="43.468392" lon="-3.775976"></trkpt>
<trkpt lat="43.468435" lon="-3.776001"></trkpt>
<trkpt lat="43.468536" lon="-3.776192"></trkpt>
<trkpt lat="43.468582" lon="-3.776220"></trkpt>
<trkpt lat="43.468791" lon="-3.776494"></trkpt>
<trkpt lat="43.468815" lon="-3.776595"></trkpt>
<trkpt lat="43.468886" lon="-3.776704"></trkpt>
<trkpt lat="43.469067" lon="-3.776898"></trkpt>
<trkpt lat="43.469245" lon="-3.777014"></trkpt>
<trkpt lat="43.469549" lon="-3.777149"></trkpt>
<trkpt lat="43.469683" lon="-3.777169"></trkpt>
<trkpt lat="43.469672" lon="-3.777230"></trkpt>
<trkpt lat="43.469814" lon="-3.777316"></trkpt>
<trkpt lat="43.470353" lon="-3.777544"></trkpt>
<trkpt lat="43.470546" lon="-3.777670"></trkpt>
<trkpt lat="43.470694" lon="-3.777825"></trkpt>
<trkpt lat="43.470844" lon="-3.778040"></trkpt>
<trkpt lat="43.470923" lon="-3.778210"></trkpt>
<trkpt lat="43.471102" lon="-3.778937"></trkpt>
<trkpt lat="43.471143" lon="-3.779113"></trkpt>
<trkpt lat="43.471173" lon="-3.779238"></trkpt>
<trkpt lat="43.471365" lon="-3.780133"></trkpt>
<trkpt lat="43.471526" lon="-3.780917"></trkpt>
<trkpt lat="43.471571" lon="-3.781037"></trkpt>
<trkpt lat="43.471577" lon="-3.781059"></trkpt>
<trkpt lat="43.471625" lon="-3.781280"></trkpt>
<trkpt lat="43.471731" lon="-3.781593"></trkpt>
<trkpt lat="43.471786" lon="-3.781694"></trkpt>
<trkpt lat="43.472329" lon="-3.782373"></trkpt>
<trkpt lat="43.472451" lon="-3.782544"></trkpt>
<trkpt lat="43.472568" lon="-3.782684"></trkpt>
<trkpt lat="43.472747" lon="-3.782916"></trkpt>
<trkpt lat="43.472952" lon="-3.783246"></trkpt>
<trkpt lat="43.473576" lon="-3.784367"></trkpt>
<trkpt lat="43.473799" lon="-3.784746"></trkpt>
<trkpt lat="43.473899" lon="-3.784865"></trkpt>
<trkpt lat="43.474017" lon="-3.784968"></trkpt>
<trkpt lat="43.474041" lon="-3.784985"></trkpt>
<trkpt lat="43.474617" lon="-3.785459"></trkpt>
<trkpt lat="43.474789" lon="-3.785657"></trkpt>
<trkpt lat="43.474902" lon="-3.785846"></trkpt>
<trkpt lat="43.475006" lon="-3.786090"></trkpt>
<trkpt lat="43.475235" lon="-3.786890"></trkpt>
<trkpt lat="43.475256" lon="-3.786971"></trkpt>
<trkpt lat="43.475452" lon="-3.787706"></trkpt>
<trkpt lat="43.475631" lon="-3.788346"></trkpt>
<trkpt lat="43.475713" lon="-3.788438"></trkpt>
<trkpt lat="43.475951" lon="-3.788547"></trkpt>
<trkpt lat="43.476065" lon="-3.788535"></trkpt>
<trkpt lat="43.476278" lon="-3.788560"></trkpt>
<trkpt lat="43.476310" lon="-3.788565"></trkpt>
<trkpt lat="43.477725" lon="-3.788823"></trkpt>
<trkpt lat="43.478074" lon="-3.788876"></trkpt>
<trkpt lat="43.478125" lon="-3.788898"></trkpt>
<trkpt lat="43.478194" lon="-3.788918"></trkpt>
<trkpt lat="43.479062" lon="-3.789068"></trkpt>
<trkpt lat="43.479381" lon="-3.789035"></trkpt>
<trkpt lat="43.479377" lon="-3.788907"></trkpt>
<trkpt lat="43.479418" lon="-3.788880"></trkpt>
<trkpt lat="43.479377" lon="-3.788907"></trkpt>
<trkpt lat="43.479381" lon="-3.789035"></trkpt>
<trkpt lat="43.479531" lon="-3.788968"></trkpt>
<trkpt lat="43.479577" lon="-3.788871"></trkpt>
<trkpt lat="43.479615" lon="-3.788843"></trkpt>
<trkpt lat="43.479698" lon="-3.788846"></trkpt>
<trkpt lat="43.479762" lon="-3.788920"></trkpt>
<trkpt lat="43.479777" lon="-3.788974"></trkpt>
<trkpt lat="43.479779" lon="-3.789025"></trkpt>
<trkpt lat="43.479752" lon="-3.789118"></trkpt>
<trkpt lat="43.479678" lon="-3.789387"></trkpt>
<trkpt lat="43.479642" lon="-3.789505"></trkpt>
<trkpt lat="43.479606" lon="-3.789633"></trkpt>
<trkpt lat="43.479393" lon="-3.790227"></trkpt>
<trkpt lat="43.479208" lon="-3.790739"></trkpt>
<trkpt lat="43.479175" lon="-3.791008"></trkpt>
<trkpt lat="43.479228" lon="-3.791187"></trkpt>
<trkpt lat="43.479370" lon="-3.791266"></trkpt>
<trkpt lat="43.479425" lon="-3.791375"></trkpt>
<trkpt lat="43.479439" lon="-3.791505"></trkpt>
<trkpt lat="43.479361" lon="-3.791662"></trkpt>
<trkpt lat="43.479274" lon="-3.791880"></trkpt>
<trkpt lat="43.479225" lon="-3.791997"></trkpt>
<trkpt lat="43.479196" lon="-3.792356"></trkpt>
<trkpt lat="43.479179" lon="-3.792518"></trkpt>
<trkpt lat="43.479078" lon="-3.793168"></trkpt>
<trkpt lat="43.479064" lon="-3.793261"></trkpt>
<trkpt lat="43.479050" lon="-3.793349"></trkpt>
<trkpt lat="43.479031" lon="-3.793481"></trkpt>
<trkpt lat="43.478967" lon="-3.793748"></trkpt>
<trkpt lat="43.478973" lon="-3.793877"></trkpt>
<trkpt lat="43.478912" lon="-3.793976"></trkpt>
<trkpt lat="43.478872" lon="-3.793994"></trkpt>
<trkpt lat="43.478821" lon="-3.793990"></trkpt>
<trkpt lat="43.478782" lon="-3.793965"></trkpt>
<trkpt lat="43.478612" lon="-3.794045"></trkpt>
<trkpt lat="43.478476" lon="-3.794185"></trkpt>
<trkpt lat="43.478172" lon="-3.794626"></trkpt>
<trkpt lat="43.477964" lon="-3.794850"></trkpt>
<trkpt lat="43.477801" lon="-3.794977"></trkpt>
<trkpt lat="43.477678" lon="-3.795054"></trkpt>
<trkpt lat="43.477494" lon="-3.795158"></trkpt>
<trkpt lat="43.477367" lon="-3.795285"></trkpt>
<trkpt lat="43.477220" lon="-3.795442"></trkpt>
<trkpt lat="43.477204" lon="-3.795597"></trkpt>
<trkpt lat="43.477123" lon="-3.795801"></trkpt>
<trkpt lat="43.477037" lon="-3.795903"></trkpt>
<trkpt lat="43.476934" lon="-3.795967"></trkpt>
<trkpt lat="43.476816" lon="-3.795988"></trkpt>
<trkpt lat="43.476699" lon="-3.795960"></trkpt>
<trkpt lat="43.476593" lon="-3.795885"></trkpt>
<trkpt lat="43.476497" lon="-3.795753"></trkpt>
<trkpt lat="43.476453" lon="-3.795627"></trkpt>
<trkpt lat="43.476430" lon="-3.795467"></trkpt>
<trkpt lat="43.476113" lon="-3.795103"></trkpt>
<trkpt lat="43.475734" lon="-3.794878"></trkpt>
<trkpt lat="43.475686" lon="-3.794852"></trkpt>
<trkpt lat="43.475668" lon="-3.794912"></trkpt>
<trkpt lat="43.475429" lon="-3.794777"></trkpt>
<trkpt lat="43.475253" lon="-3.794712"></trkpt>
<trkpt lat="43.475198" lon="-3.794710"></trkpt>
		</trkseg>
	</trk>
</gpx>