<?xml version="1.0" encoding="UTF-8"?>
<gpx version="1.1" xmlns="http://www.topografix.com/GPX/1/1">

	<trk>
		<name>RACE ACROSS QUEBEC 2026 - 200 KM (12/08/2026)</name>
		<trkseg>
<trkpt lat="45.710518" lon="-73.663046"></trkpt>
<trkpt lat="45.710533" lon="-73.663220"></trkpt>
<trkpt lat="45.710695" lon="-73.663989"></trkpt>
<trkpt lat="45.710826" lon="-73.664110"></trkpt>
<trkpt lat="45.710946" lon="-73.664117"></trkpt>
<trkpt lat="45.711088" lon="-73.664068"></trkpt>
<trkpt lat="45.711304" lon="-73.664076"></trkpt>
<trkpt lat="45.711586" lon="-73.664136"></trkpt>
<trkpt lat="45.711624" lon="-73.664164"></trkpt>
<trkpt lat="45.711728" lon="-73.664365"></trkpt>
<trkpt lat="45.711704" lon="-73.665096"></trkpt>
<trkpt lat="45.711615" lon="-73.665474"></trkpt>
<trkpt lat="45.711611" lon="-73.665614"></trkpt>
<trkpt lat="45.711659" lon="-73.665995"></trkpt>
<trkpt lat="45.711663" lon="-73.666178"></trkpt>
<trkpt lat="45.711587" lon="-73.666436"></trkpt>
<trkpt lat="45.711602" lon="-73.666533"></trkpt>
<trkpt lat="45.711564" lon="-73.666737"></trkpt>
<trkpt lat="45.711518" lon="-73.666869"></trkpt>
<trkpt lat="45.711473" lon="-73.667151"></trkpt>
<trkpt lat="45.711425" lon="-73.667209"></trkpt>
<trkpt lat="45.711470" lon="-73.667327"></trkpt>
<trkpt lat="45.711467" lon="-73.667352"></trkpt>
<trkpt lat="45.711412" lon="-73.667844"></trkpt>
<trkpt lat="45.711384" lon="-73.668091"></trkpt>
<trkpt lat="45.711402" lon="-73.668163"></trkpt>
<trkpt lat="45.711436" lon="-73.668246"></trkpt>
<trkpt lat="45.711492" lon="-73.668278"></trkpt>
<trkpt lat="45.711563" lon="-73.668230"></trkpt>
<trkpt lat="45.711635" lon="-73.668241"></trkpt>
<trkpt lat="45.711795" lon="-73.668525"></trkpt>
<trkpt lat="45.711800" lon="-73.668769"></trkpt>
<trkpt lat="45.711824" lon="-73.669037"></trkpt>
<trkpt lat="45.711915" lon="-73.669334"></trkpt>
<trkpt lat="45.711993" lon="-73.669458"></trkpt>
<trkpt lat="45.712085" lon="-73.669547"></trkpt>
<trkpt lat="45.712252" lon="-73.669634"></trkpt>
<trkpt lat="45.712330" lon="-73.669664"></trkpt>
<trkpt lat="45.712454" lon="-73.669713"></trkpt>
<trkpt lat="45.712493" lon="-73.669729"></trkpt>
<trkpt lat="45.712546" lon="-73.669846"></trkpt>
<trkpt lat="45.712580" lon="-73.669921"></trkpt>
<trkpt lat="45.712643" lon="-73.669921"></trkpt>
<trkpt lat="45.714066" lon="-73.669916"></trkpt>
<trkpt lat="45.714247" lon="-73.669916"></trkpt>
<trkpt lat="45.714288" lon="-73.669915"></trkpt>
<trkpt lat="45.714385" lon="-73.669913"></trkpt>
<trkpt lat="45.715305" lon="-73.669891"></trkpt>
<trkpt lat="45.715788" lon="-73.669887"></trkpt>
<trkpt lat="45.716005" lon="-73.669925"></trkpt>
<trkpt lat="45.716141" lon="-73.670000"></trkpt>
<trkpt lat="45.716253" lon="-73.670120"></trkpt>
<trkpt lat="45.716547" lon="-73.670592"></trkpt>
<trkpt lat="45.717598" lon="-73.672283"></trkpt>
<trkpt lat="45.717785" lon="-73.672620"></trkpt>
<trkpt lat="45.717818" lon="-73.672753"></trkpt>
<trkpt lat="45.717828" lon="-73.672931"></trkpt>
<trkpt lat="45.717824" lon="-73.673907"></trkpt>
<trkpt lat="45.717827" lon="-73.674891"></trkpt>
<trkpt lat="45.717831" lon="-73.676690"></trkpt>
<trkpt lat="45.717825" lon="-73.677677"></trkpt>
<trkpt lat="45.717835" lon="-73.678644"></trkpt>
<trkpt lat="45.717838" lon="-73.679470"></trkpt>
<trkpt lat="45.717840" lon="-73.680129"></trkpt>
<trkpt lat="45.717842" lon="-73.680938"></trkpt>
<trkpt lat="45.717842" lon="-73.681057"></trkpt>
<trkpt lat="45.717843" lon="-73.681144"></trkpt>
<trkpt lat="45.717846" lon="-73.681695"></trkpt>
<trkpt lat="45.717847" lon="-73.681817"></trkpt>
<trkpt lat="45.717849" lon="-73.682182"></trkpt>
<trkpt lat="45.717853" lon="-73.682762"></trkpt>
<trkpt lat="45.717854" lon="-73.683068"></trkpt>
<trkpt lat="45.717855" lon="-73.683196"></trkpt>
<trkpt lat="45.717857" lon="-73.683492"></trkpt>
<trkpt lat="45.717859" lon="-73.683896"></trkpt>
<trkpt lat="45.717860" lon="-73.684024"></trkpt>
<trkpt lat="45.717863" lon="-73.684583"></trkpt>
<trkpt lat="45.717866" lon="-73.684952"></trkpt>
<trkpt lat="45.717866" lon="-73.685010"></trkpt>
<trkpt lat="45.717867" lon="-73.685123"></trkpt>
<trkpt lat="45.717867" lon="-73.685135"></trkpt>
<trkpt lat="45.717870" lon="-73.685659"></trkpt>
<trkpt lat="45.717870" lon="-73.685714"></trkpt>
<trkpt lat="45.717871" lon="-73.685777"></trkpt>
<trkpt lat="45.717873" lon="-73.686195"></trkpt>
<trkpt lat="45.717874" lon="-73.686309"></trkpt>
<trkpt lat="45.717875" lon="-73.686400"></trkpt>
<trkpt lat="45.717876" lon="-73.686631"></trkpt>
<trkpt lat="45.717877" lon="-73.686872"></trkpt>
<trkpt lat="45.717880" lon="-73.687240"></trkpt>
<trkpt lat="45.717881" lon="-73.687424"></trkpt>
<trkpt lat="45.717881" lon="-73.687503"></trkpt>
<trkpt lat="45.717882" lon="-73.687594"></trkpt>
<trkpt lat="45.717883" lon="-73.687867"></trkpt>
<trkpt lat="45.717885" lon="-73.688146"></trkpt>
<trkpt lat="45.717887" lon="-73.688453"></trkpt>
<trkpt lat="45.717887" lon="-73.688524"></trkpt>
<trkpt lat="45.717889" lon="-73.688753"></trkpt>
<trkpt lat="45.717890" lon="-73.689046"></trkpt>
<trkpt lat="45.717891" lon="-73.689157"></trkpt>
<trkpt lat="45.717892" lon="-73.689384"></trkpt>
<trkpt lat="45.717893" lon="-73.689474"></trkpt>
<trkpt lat="45.717892" lon="-73.689615"></trkpt>
<trkpt lat="45.717890" lon="-73.689914"></trkpt>
<trkpt lat="45.717885" lon="-73.690585"></trkpt>
<trkpt lat="45.717884" lon="-73.690803"></trkpt>
<trkpt lat="45.717881" lon="-73.691311"></trkpt>
<trkpt lat="45.717880" lon="-73.691387"></trkpt>
<trkpt lat="45.717939" lon="-73.691550"></trkpt>
<trkpt lat="45.717941" lon="-73.691640"></trkpt>
<trkpt lat="45.717958" lon="-73.691658"></trkpt>
<trkpt lat="45.717993" lon="-73.691724"></trkpt>
<trkpt lat="45.717990" lon="-73.692003"></trkpt>
<trkpt lat="45.717935" lon="-73.692430"></trkpt>
<trkpt lat="45.717926" lon="-73.692476"></trkpt>
<trkpt lat="45.717916" lon="-73.692522"></trkpt>
<trkpt lat="45.717901" lon="-73.692572"></trkpt>
<trkpt lat="45.717781" lon="-73.692924"></trkpt>
<trkpt lat="45.717528" lon="-73.693439"></trkpt>
<trkpt lat="45.717464" lon="-73.693559"></trkpt>
<trkpt lat="45.717401" lon="-73.693678"></trkpt>
<trkpt lat="45.716588" lon="-73.695262"></trkpt>
<trkpt lat="45.716550" lon="-73.695335"></trkpt>
<trkpt lat="45.716508" lon="-73.695419"></trkpt>
<trkpt lat="45.716161" lon="-73.696069"></trkpt>
<trkpt lat="45.716105" lon="-73.696171"></trkpt>
<trkpt lat="45.716043" lon="-73.696281"></trkpt>
<trkpt lat="45.715408" lon="-73.697575"></trkpt>
<trkpt lat="45.715426" lon="-73.697991"></trkpt>
<trkpt lat="45.715470" lon="-73.698142"></trkpt>
<trkpt lat="45.715822" lon="-73.698429"></trkpt>
<trkpt lat="45.716193" lon="-73.698681"></trkpt>
<trkpt lat="45.716437" lon="-73.698720"></trkpt>
<trkpt lat="45.716453" lon="-73.698771"></trkpt>
<trkpt lat="45.716468" lon="-73.698823"></trkpt>
<trkpt lat="45.716515" lon="-73.698857"></trkpt>
<trkpt lat="45.716560" lon="-73.698885"></trkpt>
<trkpt lat="45.716651" lon="-73.698946"></trkpt>
<trkpt lat="45.716691" lon="-73.698973"></trkpt>
<trkpt lat="45.716774" lon="-73.698979"></trkpt>
<trkpt lat="45.716809" lon="-73.698961"></trkpt>
<trkpt lat="45.716845" lon="-73.698940"></trkpt>
<trkpt lat="45.716863" lon="-73.698930"></trkpt>
<trkpt lat="45.716942" lon="-73.699106"></trkpt>
<trkpt lat="45.717183" lon="-73.699338"></trkpt>
<trkpt lat="45.718821" lon="-73.700461"></trkpt>
<trkpt lat="45.719719" lon="-73.701056"></trkpt>
<trkpt lat="45.721180" lon="-73.701998"></trkpt>
<trkpt lat="45.721198" lon="-73.702008"></trkpt>
<trkpt lat="45.721246" lon="-73.702040"></trkpt>
<trkpt lat="45.721343" lon="-73.702104"></trkpt>
<trkpt lat="45.721393" lon="-73.702137"></trkpt>
<trkpt lat="45.722168" lon="-73.702652"></trkpt>
<trkpt lat="45.722207" lon="-73.702678"></trkpt>
<trkpt lat="45.722244" lon="-73.702703"></trkpt>
<trkpt lat="45.722271" lon="-73.702718"></trkpt>
<trkpt lat="45.722308" lon="-73.702739"></trkpt>
<trkpt lat="45.722356" lon="-73.702765"></trkpt>
<trkpt lat="45.722743" lon="-73.702991"></trkpt>
<trkpt lat="45.722926" lon="-73.703028"></trkpt>
<trkpt lat="45.722928" lon="-73.703051"></trkpt>
<trkpt lat="45.722932" lon="-73.703107"></trkpt>
<trkpt lat="45.722935" lon="-73.703162"></trkpt>
<trkpt lat="45.722927" lon="-73.703206"></trkpt>
<trkpt lat="45.722909" lon="-73.703250"></trkpt>
<trkpt lat="45.723055" lon="-73.703343"></trkpt>
<trkpt lat="45.723168" lon="-73.703412"></trkpt>
<trkpt lat="45.723297" lon="-73.703508"></trkpt>
<trkpt lat="45.723473" lon="-73.703697"></trkpt>
<trkpt lat="45.723565" lon="-73.703900"></trkpt>
<trkpt lat="45.723631" lon="-73.704026"></trkpt>
<trkpt lat="45.723690" lon="-73.704220"></trkpt>
<trkpt lat="45.723903" lon="-73.705065"></trkpt>
<trkpt lat="45.724082" lon="-73.705471"></trkpt>
<trkpt lat="45.724244" lon="-73.705693"></trkpt>
<trkpt lat="45.724434" lon="-73.705864"></trkpt>
<trkpt lat="45.724603" lon="-73.705966"></trkpt>
<trkpt lat="45.724877" lon="-73.706069"></trkpt>
<trkpt lat="45.727620" lon="-73.706946"></trkpt>
<trkpt lat="45.727975" lon="-73.706997"></trkpt>
<trkpt lat="45.728372" lon="-73.707068"></trkpt>
<trkpt lat="45.728384" lon="-73.705754"></trkpt>
<trkpt lat="45.728386" lon="-73.705469"></trkpt>
<trkpt lat="45.728260" lon="-73.703407"></trkpt>
<trkpt lat="45.728218" lon="-73.702406"></trkpt>
<trkpt lat="45.728238" lon="-73.702055"></trkpt>
<trkpt lat="45.728295" lon="-73.701735"></trkpt>
<trkpt lat="45.728729" lon="-73.700174"></trkpt>
<trkpt lat="45.728891" lon="-73.699591"></trkpt>
<trkpt lat="45.728897" lon="-73.699571"></trkpt>
<trkpt lat="45.729369" lon="-73.698160"></trkpt>
<trkpt lat="45.729869" lon="-73.696815"></trkpt>
<trkpt lat="45.729942" lon="-73.696871"></trkpt>
<trkpt lat="45.729960" lon="-73.696944"></trkpt>
<trkpt lat="45.729852" lon="-73.697239"></trkpt>
<trkpt lat="45.729917" lon="-73.697387"></trkpt>
<trkpt lat="45.729993" lon="-73.697484"></trkpt>
<trkpt lat="45.730547" lon="-73.697885"></trkpt>
<trkpt lat="45.730921" lon="-73.698204"></trkpt>
<trkpt lat="45.731130" lon="-73.698162"></trkpt>
<trkpt lat="45.731185" lon="-73.698248"></trkpt>
<trkpt lat="45.731193" lon="-73.698404"></trkpt>
<trkpt lat="45.731221" lon="-73.698481"></trkpt>
<trkpt lat="45.731315" lon="-73.698558"></trkpt>
<trkpt lat="45.731868" lon="-73.698689"></trkpt>
<trkpt lat="45.731916" lon="-73.698718"></trkpt>
<trkpt lat="45.731933" lon="-73.698806"></trkpt>
<trkpt lat="45.731853" lon="-73.698942"></trkpt>
<trkpt lat="45.731800" lon="-73.699163"></trkpt>
<trkpt lat="45.731787" lon="-73.700059"></trkpt>
<trkpt lat="45.731765" lon="-73.700215"></trkpt>
<trkpt lat="45.731619" lon="-73.700771"></trkpt>
<trkpt lat="45.731520" lon="-73.701346"></trkpt>
<trkpt lat="45.731522" lon="-73.701476"></trkpt>
<trkpt lat="45.731558" lon="-73.701545"></trkpt>
<trkpt lat="45.731863" lon="-73.701836"></trkpt>
<trkpt lat="45.732044" lon="-73.702095"></trkpt>
<trkpt lat="45.732203" lon="-73.702463"></trkpt>
<trkpt lat="45.732241" lon="-73.702901"></trkpt>
<trkpt lat="45.732284" lon="-73.703107"></trkpt>
<trkpt lat="45.732367" lon="-73.703245"></trkpt>
<trkpt lat="45.732494" lon="-73.703381"></trkpt>
<trkpt lat="45.732493" lon="-73.703508"></trkpt>
<trkpt lat="45.732450" lon="-73.703563"></trkpt>
<trkpt lat="45.732051" lon="-73.703615"></trkpt>
<trkpt lat="45.731837" lon="-73.703791"></trkpt>
<trkpt lat="45.731676" lon="-73.703795"></trkpt>
<trkpt lat="45.731457" lon="-73.703640"></trkpt>
<trkpt lat="45.731311" lon="-73.703582"></trkpt>
<trkpt lat="45.731138" lon="-73.703585"></trkpt>
<trkpt lat="45.731073" lon="-73.703614"></trkpt>
<trkpt lat="45.731019" lon="-73.703689"></trkpt>
<trkpt lat="45.730991" lon="-73.703818"></trkpt>
<trkpt lat="45.730941" lon="-73.704171"></trkpt>
<trkpt lat="45.730894" lon="-73.704321"></trkpt>
<trkpt lat="45.730901" lon="-73.704482"></trkpt>
<trkpt lat="45.730948" lon="-73.704525"></trkpt>
<trkpt lat="45.731252" lon="-73.704636"></trkpt>
<trkpt lat="45.731499" lon="-73.704828"></trkpt>
<trkpt lat="45.731704" lon="-73.705180"></trkpt>
<trkpt lat="45.731818" lon="-73.705452"></trkpt>
<trkpt lat="45.731876" lon="-73.705705"></trkpt>
<trkpt lat="45.732073" lon="-73.707383"></trkpt>
<trkpt lat="45.732136" lon="-73.707454"></trkpt>
<trkpt lat="45.732233" lon="-73.707465"></trkpt>
<trkpt lat="45.732553" lon="-73.707352"></trkpt>
<trkpt lat="45.732968" lon="-73.707359"></trkpt>
<trkpt lat="45.733133" lon="-73.707410"></trkpt>
<trkpt lat="45.733399" lon="-73.707650"></trkpt>
<trkpt lat="45.733733" lon="-73.708238"></trkpt>
<trkpt lat="45.733951" lon="-73.708422"></trkpt>
<trkpt lat="45.733985" lon="-73.708546"></trkpt>
<trkpt lat="45.733966" lon="-73.708621"></trkpt>
<trkpt lat="45.733933" lon="-73.708658"></trkpt>
<trkpt lat="45.733768" lon="-73.708714"></trkpt>
<trkpt lat="45.733741" lon="-73.708763"></trkpt>
<trkpt lat="45.733677" lon="-73.709044"></trkpt>
<trkpt lat="45.733599" lon="-73.709617"></trkpt>
<trkpt lat="45.733519" lon="-73.709838"></trkpt>
<trkpt lat="45.733406" lon="-73.709954"></trkpt>
<trkpt lat="45.733167" lon="-73.710083"></trkpt>
<trkpt lat="45.733061" lon="-73.710320"></trkpt>
<trkpt lat="45.732816" lon="-73.710401"></trkpt>
<trkpt lat="45.732565" lon="-73.710748"></trkpt>
<trkpt lat="45.732471" lon="-73.711000"></trkpt>
<trkpt lat="45.732455" lon="-73.711209"></trkpt>
<trkpt lat="45.732251" lon="-73.711351"></trkpt>
<trkpt lat="45.732195" lon="-73.711427"></trkpt>
<trkpt lat="45.732003" lon="-73.711899"></trkpt>
<trkpt lat="45.731904" lon="-73.712217"></trkpt>
<trkpt lat="45.731873" lon="-73.712435"></trkpt>
<trkpt lat="45.731891" lon="-73.712894"></trkpt>
<trkpt lat="45.731876" lon="-73.713258"></trkpt>
<trkpt lat="45.731914" lon="-73.713666"></trkpt>
<trkpt lat="45.732004" lon="-73.714128"></trkpt>
<trkpt lat="45.732066" lon="-73.714302"></trkpt>
<trkpt lat="45.732229" lon="-73.714451"></trkpt>
<trkpt lat="45.732367" lon="-73.714477"></trkpt>
<trkpt lat="45.732543" lon="-73.714423"></trkpt>
<trkpt lat="45.732642" lon="-73.714433"></trkpt>
<trkpt lat="45.735001" lon="-73.715137"></trkpt>
<trkpt lat="45.735110" lon="-73.715074"></trkpt>
<trkpt lat="45.735218" lon="-73.713806"></trkpt>
<trkpt lat="45.735246" lon="-73.713677"></trkpt>
<trkpt lat="45.735343" lon="-73.713556"></trkpt>
<trkpt lat="45.735396" lon="-73.713530"></trkpt>
<trkpt lat="45.735603" lon="-73.713568"></trkpt>
<trkpt lat="45.736670" lon="-73.713938"></trkpt>
<trkpt lat="45.737710" lon="-73.714247"></trkpt>
<trkpt lat="45.738031" lon="-73.714376"></trkpt>
<trkpt lat="45.738118" lon="-73.714525"></trkpt>
<trkpt lat="45.738114" lon="-73.714728"></trkpt>
<trkpt lat="45.738063" lon="-73.715132"></trkpt>
<trkpt lat="45.738089" lon="-73.715261"></trkpt>
<trkpt lat="45.738182" lon="-73.715350"></trkpt>
<trkpt lat="45.738743" lon="-73.715479"></trkpt>
<trkpt lat="45.740331" lon="-73.716026"></trkpt>
<trkpt lat="45.741027" lon="-73.716177"></trkpt>
<trkpt lat="45.741499" lon="-73.716423"></trkpt>
<trkpt lat="45.741851" lon="-73.716466"></trkpt>
<trkpt lat="45.742135" lon="-73.716627"></trkpt>
<trkpt lat="45.742517" lon="-73.716649"></trkpt>
<trkpt lat="45.742622" lon="-73.716702"></trkpt>
<trkpt lat="45.742914" lon="-73.716745"></trkpt>
<trkpt lat="45.743311" lon="-73.716949"></trkpt>
<trkpt lat="45.743809" lon="-73.717055"></trkpt>
<trkpt lat="45.744067" lon="-73.717174"></trkpt>
<trkpt lat="45.744711" lon="-73.717303"></trkpt>
<trkpt lat="45.745108" lon="-73.717335"></trkpt>
<trkpt lat="45.745609" lon="-73.717496"></trkpt>
<trkpt lat="45.746253" lon="-73.717754"></trkpt>
<trkpt lat="45.746635" lon="-73.717968"></trkpt>
<trkpt lat="45.746919" lon="-73.718033"></trkpt>
<trkpt lat="45.747077" lon="-73.718022"></trkpt>
<trkpt lat="45.747361" lon="-73.718119"></trkpt>
<trkpt lat="45.747451" lon="-73.718204"></trkpt>
<trkpt lat="45.747698" lon="-73.718204"></trkpt>
<trkpt lat="45.747990" lon="-73.718301"></trkpt>
<trkpt lat="45.748394" lon="-73.718505"></trkpt>
<trkpt lat="45.748948" lon="-73.718569"></trkpt>
<trkpt lat="45.749128" lon="-73.718687"></trkpt>
<trkpt lat="45.749323" lon="-73.718687"></trkpt>
<trkpt lat="45.749682" lon="-73.718848"></trkpt>
<trkpt lat="45.750086" lon="-73.718902"></trkpt>
<trkpt lat="45.751382" lon="-73.719358"></trkpt>
<trkpt lat="45.751651" lon="-73.719288"></trkpt>
<trkpt lat="45.752212" lon="-73.718848"></trkpt>
<trkpt lat="45.752437" lon="-73.718784"></trkpt>
<trkpt lat="45.753942" lon="-73.719224"></trkpt>
<trkpt lat="45.754181" lon="-73.719353"></trkpt>
<trkpt lat="45.755027" lon="-73.719601"></trkpt>
<trkpt lat="45.755738" lon="-73.719852"></trkpt>
<trkpt lat="45.755894" lon="-73.719960"></trkpt>
<trkpt lat="45.755991" lon="-73.720105"></trkpt>
<trkpt lat="45.756033" lon="-73.720366"></trkpt>
<trkpt lat="45.755774" lon="-73.721733"></trkpt>
<trkpt lat="45.755643" lon="-73.722834"></trkpt>
<trkpt lat="45.755498" lon="-73.723339"></trkpt>
<trkpt lat="45.755484" lon="-73.723730"></trkpt>
<trkpt lat="45.755507" lon="-73.723879"></trkpt>
<trkpt lat="45.755576" lon="-73.723980"></trkpt>
<trkpt lat="45.756715" lon="-73.725114"></trkpt>
<trkpt lat="45.757635" lon="-73.726566"></trkpt>
<trkpt lat="45.759104" lon="-73.728769"></trkpt>
<trkpt lat="45.759214" lon="-73.728991"></trkpt>
<trkpt lat="45.759261" lon="-73.729024"></trkpt>
<trkpt lat="45.759343" lon="-73.728976"></trkpt>
<trkpt lat="45.759502" lon="-73.728737"></trkpt>
<trkpt lat="45.759639" lon="-73.728568"></trkpt>
<trkpt lat="45.759681" lon="-73.728645"></trkpt>
<trkpt lat="45.760165" lon="-73.729379"></trkpt>
<trkpt lat="45.762215" lon="-73.732519"></trkpt>
<trkpt lat="45.764613" lon="-73.736181"></trkpt>
<trkpt lat="45.766518" lon="-73.739081"></trkpt>
<trkpt lat="45.767118" lon="-73.739945"></trkpt>
<trkpt lat="45.767594" lon="-73.740671"></trkpt>
<trkpt lat="45.767653" lon="-73.740758"></trkpt>
<trkpt lat="45.766774" lon="-73.744905"></trkpt>
<trkpt lat="45.766327" lon="-73.747034"></trkpt>
<trkpt lat="45.766174" lon="-73.747761"></trkpt>
<trkpt lat="45.766179" lon="-73.747905"></trkpt>
<trkpt lat="45.765377" lon="-73.751857"></trkpt>
<trkpt lat="45.765325" lon="-73.752115"></trkpt>
<trkpt lat="45.765853" lon="-73.752961"></trkpt>
<trkpt lat="45.765884" lon="-73.753104"></trkpt>
<trkpt lat="45.765879" lon="-73.753270"></trkpt>
<trkpt lat="45.765804" lon="-73.753649"></trkpt>
<trkpt lat="45.765808" lon="-73.753787"></trkpt>
<trkpt lat="45.765855" lon="-73.753918"></trkpt>
<trkpt lat="45.767144" lon="-73.755845"></trkpt>
<trkpt lat="45.767780" lon="-73.756792"></trkpt>
<trkpt lat="45.770236" lon="-73.760508"></trkpt>
<trkpt lat="45.770401" lon="-73.760737"></trkpt>
<trkpt lat="45.770406" lon="-73.760907"></trkpt>
<trkpt lat="45.770232" lon="-73.761844"></trkpt>
<trkpt lat="45.770127" lon="-73.762409"></trkpt>
<trkpt lat="45.770134" lon="-73.762494"></trkpt>
<trkpt lat="45.770327" lon="-73.762816"></trkpt>
<trkpt lat="45.770443" lon="-73.762990"></trkpt>
<trkpt lat="45.770590" lon="-73.763217"></trkpt>
<trkpt lat="45.771195" lon="-73.764112"></trkpt>
<trkpt lat="45.771418" lon="-73.764438"></trkpt>
<trkpt lat="45.771631" lon="-73.764767"></trkpt>
<trkpt lat="45.773719" lon="-73.767915"></trkpt>
<trkpt lat="45.773735" lon="-73.768038"></trkpt>
<trkpt lat="45.773603" lon="-73.768698"></trkpt>
<trkpt lat="45.773612" lon="-73.768853"></trkpt>
<trkpt lat="45.773663" lon="-73.769006"></trkpt>
<trkpt lat="45.773811" lon="-73.769220"></trkpt>
<trkpt lat="45.773992" lon="-73.769484"></trkpt>
<trkpt lat="45.774520" lon="-73.770251"></trkpt>
<trkpt lat="45.776796" lon="-73.773556"></trkpt>
<trkpt lat="45.777391" lon="-73.774540"></trkpt>
<trkpt lat="45.777454" lon="-73.774702"></trkpt>
<trkpt lat="45.777463" lon="-73.774850"></trkpt>
<trkpt lat="45.777423" lon="-73.775123"></trkpt>
<trkpt lat="45.777413" lon="-73.775636"></trkpt>
<trkpt lat="45.777569" lon="-73.776938"></trkpt>
<trkpt lat="45.777529" lon="-73.777246"></trkpt>
<trkpt lat="45.777384" lon="-73.777490"></trkpt>
<trkpt lat="45.777274" lon="-73.777555"></trkpt>
<trkpt lat="45.777001" lon="-73.777528"></trkpt>
<trkpt lat="45.776885" lon="-73.777592"></trkpt>
<trkpt lat="45.776562" lon="-73.778038"></trkpt>
<trkpt lat="45.776478" lon="-73.778201"></trkpt>
<trkpt lat="45.775911" lon="-73.780863"></trkpt>
<trkpt lat="45.775619" lon="-73.782234"></trkpt>
<trkpt lat="45.774452" lon="-73.788336"></trkpt>
<trkpt lat="45.774398" lon="-73.788522"></trkpt>
<trkpt lat="45.772670" lon="-73.791188"></trkpt>
<trkpt lat="45.771166" lon="-73.793508"></trkpt>
<trkpt lat="45.770999" lon="-73.793766"></trkpt>
<trkpt lat="45.770971" lon="-73.793851"></trkpt>
<trkpt lat="45.770992" lon="-73.794663"></trkpt>
<trkpt lat="45.770938" lon="-73.794677"></trkpt>
<trkpt lat="45.770651" lon="-73.794972"></trkpt>
<trkpt lat="45.770467" lon="-73.795215"></trkpt>
<trkpt lat="45.771072" lon="-73.795982"></trkpt>
<trkpt lat="45.771333" lon="-73.796311"></trkpt>
<trkpt lat="45.771572" lon="-73.796653"></trkpt>
<trkpt lat="45.771720" lon="-73.796885"></trkpt>
<trkpt lat="45.772099" lon="-73.797672"></trkpt>
<trkpt lat="45.771131" lon="-73.798614"></trkpt>
<trkpt lat="45.769995" lon="-73.799719"></trkpt>
<trkpt lat="45.769295" lon="-73.800401"></trkpt>
<trkpt lat="45.768724" lon="-73.800956"></trkpt>
<trkpt lat="45.769155" lon="-73.801876"></trkpt>
<trkpt lat="45.769245" lon="-73.802334"></trkpt>
<trkpt lat="45.769410" lon="-73.803275"></trkpt>
<trkpt lat="45.769444" lon="-73.803479"></trkpt>
<trkpt lat="45.769594" lon="-73.803800"></trkpt>
<trkpt lat="45.769741" lon="-73.804433"></trkpt>
<trkpt lat="45.769800" lon="-73.804577"></trkpt>
<trkpt lat="45.770460" lon="-73.805573"></trkpt>
<trkpt lat="45.771286" lon="-73.806776"></trkpt>
<trkpt lat="45.771383" lon="-73.806958"></trkpt>
<trkpt lat="45.771464" lon="-73.807301"></trkpt>
<trkpt lat="45.771452" lon="-73.807632"></trkpt>
<trkpt lat="45.771441" lon="-73.808049"></trkpt>
<trkpt lat="45.771416" lon="-73.808217"></trkpt>
<trkpt lat="45.771352" lon="-73.808369"></trkpt>
<trkpt lat="45.770726" lon="-73.809472"></trkpt>
<trkpt lat="45.769914" lon="-73.810763"></trkpt>
<trkpt lat="45.769779" lon="-73.810941"></trkpt>
<trkpt lat="45.769521" lon="-73.811282"></trkpt>
<trkpt lat="45.769416" lon="-73.811420"></trkpt>
<trkpt lat="45.769311" lon="-73.811558"></trkpt>
<trkpt lat="45.769286" lon="-73.811591"></trkpt>
<trkpt lat="45.769226" lon="-73.811670"></trkpt>
<trkpt lat="45.769170" lon="-73.811742"></trkpt>
<trkpt lat="45.769116" lon="-73.811808"></trkpt>
<trkpt lat="45.769102" lon="-73.811825"></trkpt>
<trkpt lat="45.769072" lon="-73.811863"></trkpt>
<trkpt lat="45.768953" lon="-73.812008"></trkpt>
<trkpt lat="45.768829" lon="-73.812161"></trkpt>
<trkpt lat="45.768748" lon="-73.812260"></trkpt>
<trkpt lat="45.768712" lon="-73.812309"></trkpt>
<trkpt lat="45.768605" lon="-73.812459"></trkpt>
<trkpt lat="45.768577" lon="-73.812503"></trkpt>
<trkpt lat="45.768499" lon="-73.812626"></trkpt>
<trkpt lat="45.768462" lon="-73.812674"></trkpt>
<trkpt lat="45.768439" lon="-73.812704"></trkpt>
<trkpt lat="45.768176" lon="-73.813065"></trkpt>
<trkpt lat="45.768084" lon="-73.813201"></trkpt>
<trkpt lat="45.767886" lon="-73.813471"></trkpt>
<trkpt lat="45.767864" lon="-73.813499"></trkpt>
<trkpt lat="45.767797" lon="-73.813588"></trkpt>
<trkpt lat="45.767543" lon="-73.813920"></trkpt>
<trkpt lat="45.767501" lon="-73.813976"></trkpt>
<trkpt lat="45.767417" lon="-73.814088"></trkpt>
<trkpt lat="45.767170" lon="-73.814415"></trkpt>
<trkpt lat="45.766885" lon="-73.814790"></trkpt>
<trkpt lat="45.766847" lon="-73.814836"></trkpt>
<trkpt lat="45.766900" lon="-73.814915"></trkpt>
<trkpt lat="45.766998" lon="-73.815062"></trkpt>
<trkpt lat="45.767179" lon="-73.815333"></trkpt>
<trkpt lat="45.767202" lon="-73.815368"></trkpt>
<trkpt lat="45.767336" lon="-73.815570"></trkpt>
<trkpt lat="45.767366" lon="-73.815615"></trkpt>
<trkpt lat="45.767467" lon="-73.815766"></trkpt>
<trkpt lat="45.767514" lon="-73.815838"></trkpt>
<trkpt lat="45.767624" lon="-73.816002"></trkpt>
<trkpt lat="45.767692" lon="-73.816103"></trkpt>
<trkpt lat="45.767790" lon="-73.816252"></trkpt>
<trkpt lat="45.767882" lon="-73.816390"></trkpt>
<trkpt lat="45.767977" lon="-73.816535"></trkpt>
<trkpt lat="45.768040" lon="-73.816630"></trkpt>
<trkpt lat="45.768111" lon="-73.816737"></trkpt>
<trkpt lat="45.768169" lon="-73.816826"></trkpt>
<trkpt lat="45.768887" lon="-73.817924"></trkpt>
<trkpt lat="45.768934" lon="-73.817994"></trkpt>
<trkpt lat="45.768972" lon="-73.818051"></trkpt>
<trkpt lat="45.769137" lon="-73.818291"></trkpt>
<trkpt lat="45.769298" lon="-73.818467"></trkpt>
<trkpt lat="45.769456" lon="-73.818589"></trkpt>
<trkpt lat="45.769607" lon="-73.818668"></trkpt>
<trkpt lat="45.769954" lon="-73.818755"></trkpt>
<trkpt lat="45.769979" lon="-73.819291"></trkpt>
<trkpt lat="45.770052" lon="-73.819585"></trkpt>
<trkpt lat="45.770228" lon="-73.819936"></trkpt>
<trkpt lat="45.770276" lon="-73.820014"></trkpt>
<trkpt lat="45.770686" lon="-73.820649"></trkpt>
<trkpt lat="45.770744" lon="-73.820735"></trkpt>
<trkpt lat="45.771921" lon="-73.822477"></trkpt>
<trkpt lat="45.776483" lon="-73.829488"></trkpt>
<trkpt lat="45.778497" lon="-73.832530"></trkpt>
<trkpt lat="45.776546" lon="-73.835143"></trkpt>
<trkpt lat="45.776402" lon="-73.835425"></trkpt>
<trkpt lat="45.776303" lon="-73.835696"></trkpt>
<trkpt lat="45.775976" lon="-73.836901"></trkpt>
<trkpt lat="45.775543" lon="-73.838984"></trkpt>
<trkpt lat="45.775335" lon="-73.839515"></trkpt>
<trkpt lat="45.774851" lon="-73.840277"></trkpt>
<trkpt lat="45.778832" lon="-73.845616"></trkpt>
<trkpt lat="45.785401" lon="-73.854242"></trkpt>
<trkpt lat="45.785625" lon="-73.854521"></trkpt>
<trkpt lat="45.786262" lon="-73.855199"></trkpt>
<trkpt lat="45.787954" lon="-73.856825"></trkpt>
<trkpt lat="45.793141" lon="-73.863701"></trkpt>
<trkpt lat="45.794117" lon="-73.864982"></trkpt>
<trkpt lat="45.794534" lon="-73.865523"></trkpt>
<trkpt lat="45.796031" lon="-73.867499"></trkpt>
<trkpt lat="45.796507" lon="-73.868131"></trkpt>
<trkpt lat="45.798405" lon="-73.870651"></trkpt>
<trkpt lat="45.800574" lon="-73.873655"></trkpt>
<trkpt lat="45.803184" lon="-73.877174"></trkpt>
<trkpt lat="45.806266" lon="-73.881402"></trkpt>
<trkpt lat="45.807642" lon="-73.883290"></trkpt>
<trkpt lat="45.809501" lon="-73.885731"></trkpt>
<trkpt lat="45.813031" lon="-73.890529"></trkpt>
<trkpt lat="45.814649" lon="-73.892420"></trkpt>
<trkpt lat="45.814978" lon="-73.892860"></trkpt>
<trkpt lat="45.815590" lon="-73.893906"></trkpt>
<trkpt lat="45.816075" lon="-73.894734"></trkpt>
<trkpt lat="45.816835" lon="-73.896094"></trkpt>
<trkpt lat="45.817254" lon="-73.896956"></trkpt>
<trkpt lat="45.817367" lon="-73.897188"></trkpt>
<trkpt lat="45.817972" lon="-73.898430"></trkpt>
<trkpt lat="45.818040" lon="-73.898571"></trkpt>
<trkpt lat="45.818506" lon="-73.897879"></trkpt>
<trkpt lat="45.818952" lon="-73.897215"></trkpt>
<trkpt lat="45.819782" lon="-73.895978"></trkpt>
<trkpt lat="45.820344" lon="-73.895141"></trkpt>
<trkpt lat="45.820357" lon="-73.895122"></trkpt>
<trkpt lat="45.820417" lon="-73.895064"></trkpt>
<trkpt lat="45.820487" lon="-73.895060"></trkpt>
<trkpt lat="45.820627" lon="-73.895110"></trkpt>
<trkpt lat="45.820790" lon="-73.894670"></trkpt>
<trkpt lat="45.820946" lon="-73.894327"></trkpt>
<trkpt lat="45.821169" lon="-73.893966"></trkpt>
<trkpt lat="45.821581" lon="-73.893401"></trkpt>
<trkpt lat="45.821945" lon="-73.892888"></trkpt>
<trkpt lat="45.822622" lon="-73.891883"></trkpt>
<trkpt lat="45.823931" lon="-73.889905"></trkpt>
<trkpt lat="45.825782" lon="-73.887199"></trkpt>
<trkpt lat="45.825822" lon="-73.887144"></trkpt>
<trkpt lat="45.826323" lon="-73.886725"></trkpt>
<trkpt lat="45.826740" lon="-73.886482"></trkpt>
<trkpt lat="45.827294" lon="-73.886247"></trkpt>
<trkpt lat="45.828418" lon="-73.885821"></trkpt>
<trkpt lat="45.828942" lon="-73.885580"></trkpt>
<trkpt lat="45.829789" lon="-73.884933"></trkpt>
<trkpt lat="45.830249" lon="-73.884471"></trkpt>
<trkpt lat="45.830549" lon="-73.884105"></trkpt>
<trkpt lat="45.830817" lon="-73.883722"></trkpt>
<trkpt lat="45.831225" lon="-73.882925"></trkpt>
<trkpt lat="45.831237" lon="-73.882902"></trkpt>
<trkpt lat="45.831495" lon="-73.882240"></trkpt>
<trkpt lat="45.831725" lon="-73.881515"></trkpt>
<trkpt lat="45.832161" lon="-73.881531"></trkpt>
<trkpt lat="45.832335" lon="-73.881535"></trkpt>
<trkpt lat="45.832449" lon="-73.881536"></trkpt>
<trkpt lat="45.833038" lon="-73.881544"></trkpt>
<trkpt lat="45.833300" lon="-73.881570"></trkpt>
<trkpt lat="45.833527" lon="-73.881632"></trkpt>
<trkpt lat="45.834490" lon="-73.882136"></trkpt>
<trkpt lat="45.834781" lon="-73.882226"></trkpt>
<trkpt lat="45.834971" lon="-73.882240"></trkpt>
<trkpt lat="45.835296" lon="-73.882144"></trkpt>
<trkpt lat="45.835570" lon="-73.882112"></trkpt>
<trkpt lat="45.835743" lon="-73.882128"></trkpt>
<trkpt lat="45.835902" lon="-73.882194"></trkpt>
<trkpt lat="45.836067" lon="-73.882299"></trkpt>
<trkpt lat="45.836255" lon="-73.882485"></trkpt>
<trkpt lat="45.836531" lon="-73.882951"></trkpt>
<trkpt lat="45.838042" lon="-73.884242"></trkpt>
<trkpt lat="45.838420" lon="-73.884670"></trkpt>
<trkpt lat="45.838727" lon="-73.885096"></trkpt>
<trkpt lat="45.839057" lon="-73.885686"></trkpt>
<trkpt lat="45.839455" lon="-73.886566"></trkpt>
<trkpt lat="45.839673" lon="-73.886907"></trkpt>
<trkpt lat="45.839859" lon="-73.887077"></trkpt>
<trkpt lat="45.840051" lon="-73.887166"></trkpt>
<trkpt lat="45.840494" lon="-73.887212"></trkpt>
<trkpt lat="45.841060" lon="-73.887221"></trkpt>
<trkpt lat="45.841447" lon="-73.887107"></trkpt>
<trkpt lat="45.841664" lon="-73.886908"></trkpt>
<trkpt lat="45.842087" lon="-73.886405"></trkpt>
<trkpt lat="45.842343" lon="-73.886275"></trkpt>
<trkpt lat="45.842888" lon="-73.886101"></trkpt>
<trkpt lat="45.843303" lon="-73.886010"></trkpt>
<trkpt lat="45.843909" lon="-73.885835"></trkpt>
<trkpt lat="45.844259" lon="-73.885797"></trkpt>
<trkpt lat="45.844550" lon="-73.885813"></trkpt>
<trkpt lat="45.845189" lon="-73.885865"></trkpt>
<trkpt lat="45.845396" lon="-73.885938"></trkpt>
<trkpt lat="45.845583" lon="-73.886055"></trkpt>
<trkpt lat="45.845799" lon="-73.886191"></trkpt>
<trkpt lat="45.846015" lon="-73.886394"></trkpt>
<trkpt lat="45.846293" lon="-73.886753"></trkpt>
<trkpt lat="45.846660" lon="-73.887228"></trkpt>
<trkpt lat="45.847305" lon="-73.888063"></trkpt>
<trkpt lat="45.847466" lon="-73.888272"></trkpt>
<trkpt lat="45.847649" lon="-73.888577"></trkpt>
<trkpt lat="45.847887" lon="-73.889084"></trkpt>
<trkpt lat="45.848293" lon="-73.889988"></trkpt>
<trkpt lat="45.848526" lon="-73.890568"></trkpt>
<trkpt lat="45.848885" lon="-73.891212"></trkpt>
<trkpt lat="45.849050" lon="-73.891759"></trkpt>
<trkpt lat="45.849212" lon="-73.892166"></trkpt>
<trkpt lat="45.849491" lon="-73.892617"></trkpt>
<trkpt lat="45.850470" lon="-73.893758"></trkpt>
<trkpt lat="45.850682" lon="-73.893867"></trkpt>
<trkpt lat="45.850933" lon="-73.893862"></trkpt>
<trkpt lat="45.851529" lon="-73.893743"></trkpt>
<trkpt lat="45.851901" lon="-73.893783"></trkpt>
<trkpt lat="45.852285" lon="-73.893883"></trkpt>
<trkpt lat="45.853666" lon="-73.893968"></trkpt>
<trkpt lat="45.857397" lon="-73.895077"></trkpt>
<trkpt lat="45.857670" lon="-73.895130"></trkpt>
<trkpt lat="45.857791" lon="-73.895116"></trkpt>
<trkpt lat="45.858764" lon="-73.894960"></trkpt>
<trkpt lat="45.859015" lon="-73.894956"></trkpt>
<trkpt lat="45.859216" lon="-73.895009"></trkpt>
<trkpt lat="45.859437" lon="-73.895162"></trkpt>
<trkpt lat="45.860548" lon="-73.896157"></trkpt>
<trkpt lat="45.860833" lon="-73.896308"></trkpt>
<trkpt lat="45.861803" lon="-73.896543"></trkpt>
<trkpt lat="45.862279" lon="-73.896748"></trkpt>
<trkpt lat="45.862520" lon="-73.896954"></trkpt>
<trkpt lat="45.862644" lon="-73.897149"></trkpt>
<trkpt lat="45.862716" lon="-73.897263"></trkpt>
<trkpt lat="45.862887" lon="-73.897745"></trkpt>
<trkpt lat="45.863074" lon="-73.898058"></trkpt>
<trkpt lat="45.863395" lon="-73.898355"></trkpt>
<trkpt lat="45.863682" lon="-73.898543"></trkpt>
<trkpt lat="45.864010" lon="-73.898815"></trkpt>
<trkpt lat="45.864218" lon="-73.899108"></trkpt>
<trkpt lat="45.864487" lon="-73.899612"></trkpt>
<trkpt lat="45.864567" lon="-73.900025"></trkpt>
<trkpt lat="45.864579" lon="-73.900459"></trkpt>
<trkpt lat="45.864489" lon="-73.901730"></trkpt>
<trkpt lat="45.864483" lon="-73.902169"></trkpt>
<trkpt lat="45.864606" lon="-73.903220"></trkpt>
<trkpt lat="45.864668" lon="-73.903464"></trkpt>
<trkpt lat="45.864762" lon="-73.903608"></trkpt>
<trkpt lat="45.864874" lon="-73.903784"></trkpt>
<trkpt lat="45.864991" lon="-73.903971"></trkpt>
<trkpt lat="45.865164" lon="-73.903568"></trkpt>
<trkpt lat="45.865229" lon="-73.903086"></trkpt>
<trkpt lat="45.865251" lon="-73.902727"></trkpt>
<trkpt lat="45.865335" lon="-73.902287"></trkpt>
<trkpt lat="45.865883" lon="-73.901429"></trkpt>
<trkpt lat="45.866415" lon="-73.900754"></trkpt>
<trkpt lat="45.866503" lon="-73.900595"></trkpt>
<trkpt lat="45.866720" lon="-73.899849"></trkpt>
<trkpt lat="45.866893" lon="-73.899221"></trkpt>
<trkpt lat="45.867280" lon="-73.898290"></trkpt>
<trkpt lat="45.867516" lon="-73.897739"></trkpt>
<trkpt lat="45.867629" lon="-73.897028"></trkpt>
<trkpt lat="45.867661" lon="-73.896476"></trkpt>
<trkpt lat="45.867599" lon="-73.894977"></trkpt>
<trkpt lat="45.867831" lon="-73.893632"></trkpt>
<trkpt lat="45.867826" lon="-73.893282"></trkpt>
<trkpt lat="45.867768" lon="-73.893017"></trkpt>
<trkpt lat="45.867427" lon="-73.892298"></trkpt>
<trkpt lat="45.867384" lon="-73.892094"></trkpt>
<trkpt lat="45.867400" lon="-73.891625"></trkpt>
<trkpt lat="45.867716" lon="-73.889092"></trkpt>
<trkpt lat="45.867821" lon="-73.888486"></trkpt>
<trkpt lat="45.868276" lon="-73.886739"></trkpt>
<trkpt lat="45.868406" lon="-73.886329"></trkpt>
<trkpt lat="45.868556" lon="-73.885919"></trkpt>
<trkpt lat="45.868872" lon="-73.885324"></trkpt>
<trkpt lat="45.869355" lon="-73.884411"></trkpt>
<trkpt lat="45.870482" lon="-73.882641"></trkpt>
<trkpt lat="45.871052" lon="-73.881746"></trkpt>
<trkpt lat="45.871265" lon="-73.881360"></trkpt>
<trkpt lat="45.871426" lon="-73.880990"></trkpt>
<trkpt lat="45.871575" lon="-73.880462"></trkpt>
<trkpt lat="45.871831" lon="-73.880491"></trkpt>
<trkpt lat="45.872391" lon="-73.880303"></trkpt>
<trkpt lat="45.872790" lon="-73.880126"></trkpt>
<trkpt lat="45.873495" lon="-73.879822"></trkpt>
<trkpt lat="45.873540" lon="-73.879802"></trkpt>
<trkpt lat="45.874951" lon="-73.879184"></trkpt>
<trkpt lat="45.875503" lon="-73.878817"></trkpt>
<trkpt lat="45.876360" lon="-73.878103"></trkpt>
<trkpt lat="45.877297" lon="-73.877285"></trkpt>
<trkpt lat="45.877478" lon="-73.877160"></trkpt>
<trkpt lat="45.877655" lon="-73.877058"></trkpt>
<trkpt lat="45.877924" lon="-73.876983"></trkpt>
<trkpt lat="45.878152" lon="-73.876959"></trkpt>
<trkpt lat="45.878583" lon="-73.877081"></trkpt>
<trkpt lat="45.880363" lon="-73.877985"></trkpt>
<trkpt lat="45.881196" lon="-73.878397"></trkpt>
<trkpt lat="45.882876" lon="-73.879238"></trkpt>
<trkpt lat="45.883147" lon="-73.879372"></trkpt>
<trkpt lat="45.883227" lon="-73.879412"></trkpt>
<trkpt lat="45.884118" lon="-73.879859"></trkpt>
<trkpt lat="45.885332" lon="-73.880568"></trkpt>
<trkpt lat="45.885604" lon="-73.880647"></trkpt>
<trkpt lat="45.885825" lon="-73.880613"></trkpt>
<trkpt lat="45.885956" lon="-73.880560"></trkpt>
<trkpt lat="45.886302" lon="-73.880428"></trkpt>
<trkpt lat="45.886488" lon="-73.880421"></trkpt>
<trkpt lat="45.886663" lon="-73.880460"></trkpt>
<trkpt lat="45.886971" lon="-73.880599"></trkpt>
<trkpt lat="45.888248" lon="-73.881286"></trkpt>
<trkpt lat="45.888354" lon="-73.881310"></trkpt>
<trkpt lat="45.888535" lon="-73.881281"></trkpt>
<trkpt lat="45.888597" lon="-73.881245"></trkpt>
<trkpt lat="45.888732" lon="-73.881052"></trkpt>
<trkpt lat="45.888906" lon="-73.880678"></trkpt>
<trkpt lat="45.889277" lon="-73.880203"></trkpt>
<trkpt lat="45.889454" lon="-73.879966"></trkpt>
<trkpt lat="45.889610" lon="-73.879873"></trkpt>
<trkpt lat="45.889772" lon="-73.879882"></trkpt>
<trkpt lat="45.890121" lon="-73.880023"></trkpt>
<trkpt lat="45.890684" lon="-73.880191"></trkpt>
<trkpt lat="45.891183" lon="-73.880239"></trkpt>
<trkpt lat="45.892073" lon="-73.880353"></trkpt>
<trkpt lat="45.892994" lon="-73.880381"></trkpt>
<trkpt lat="45.893227" lon="-73.880562"></trkpt>
<trkpt lat="45.893549" lon="-73.881090"></trkpt>
<trkpt lat="45.894057" lon="-73.881622"></trkpt>
<trkpt lat="45.894647" lon="-73.882161"></trkpt>
<trkpt lat="45.894971" lon="-73.882381"></trkpt>
<trkpt lat="45.896207" lon="-73.883071"></trkpt>
<trkpt lat="45.896639" lon="-73.883344"></trkpt>
<trkpt lat="45.897010" lon="-73.883511"></trkpt>
<trkpt lat="45.897454" lon="-73.883630"></trkpt>
<trkpt lat="45.898077" lon="-73.883744"></trkpt>
<trkpt lat="45.898607" lon="-73.883951"></trkpt>
<trkpt lat="45.899125" lon="-73.884334"></trkpt>
<trkpt lat="45.899588" lon="-73.884595"></trkpt>
<trkpt lat="45.900004" lon="-73.884731"></trkpt>
<trkpt lat="45.900294" lon="-73.884725"></trkpt>
<trkpt lat="45.900997" lon="-73.884392"></trkpt>
<trkpt lat="45.901464" lon="-73.884133"></trkpt>
<trkpt lat="45.901923" lon="-73.884468"></trkpt>
<trkpt lat="45.902358" lon="-73.884847"></trkpt>
<trkpt lat="45.902998" lon="-73.885342"></trkpt>
<trkpt lat="45.903254" lon="-73.885494"></trkpt>
<trkpt lat="45.903460" lon="-73.885513"></trkpt>
<trkpt lat="45.903606" lon="-73.885407"></trkpt>
<trkpt lat="45.903795" lon="-73.885160"></trkpt>
<trkpt lat="45.904101" lon="-73.884748"></trkpt>
<trkpt lat="45.904266" lon="-73.884624"></trkpt>
<trkpt lat="45.904337" lon="-73.884633"></trkpt>
<trkpt lat="45.904542" lon="-73.884761"></trkpt>
<trkpt lat="45.904965" lon="-73.885100"></trkpt>
<trkpt lat="45.905299" lon="-73.885408"></trkpt>
<trkpt lat="45.907204" lon="-73.887456"></trkpt>
<trkpt lat="45.907428" lon="-73.887625"></trkpt>
<trkpt lat="45.907959" lon="-73.887877"></trkpt>
<trkpt lat="45.908615" lon="-73.888129"></trkpt>
<trkpt lat="45.908901" lon="-73.888318"></trkpt>
<trkpt lat="45.909507" lon="-73.889019"></trkpt>
<trkpt lat="45.909899" lon="-73.889428"></trkpt>
<trkpt lat="45.910328" lon="-73.889826"></trkpt>
<trkpt lat="45.910659" lon="-73.890041"></trkpt>
<trkpt lat="45.911642" lon="-73.890187"></trkpt>
<trkpt lat="45.912699" lon="-73.890284"></trkpt>
<trkpt lat="45.913485" lon="-73.890394"></trkpt>
<trkpt lat="45.914447" lon="-73.890350"></trkpt>
<trkpt lat="45.914686" lon="-73.890385"></trkpt>
<trkpt lat="45.914836" lon="-73.890456"></trkpt>
<trkpt lat="45.915130" lon="-73.890742"></trkpt>
<trkpt lat="45.916857" lon="-73.893485"></trkpt>
<trkpt lat="45.917437" lon="-73.894361"></trkpt>
<trkpt lat="45.918162" lon="-73.895458"></trkpt>
<trkpt lat="45.916373" lon="-73.898143"></trkpt>
<trkpt lat="45.914934" lon="-73.900373"></trkpt>
<trkpt lat="45.914678" lon="-73.900628"></trkpt>
<trkpt lat="45.914515" lon="-73.900707"></trkpt>
<trkpt lat="45.914365" lon="-73.900703"></trkpt>
<trkpt lat="45.914183" lon="-73.900611"></trkpt>
<trkpt lat="45.913691" lon="-73.900249"></trkpt>
<trkpt lat="45.913507" lon="-73.900211"></trkpt>
<trkpt lat="45.913274" lon="-73.900251"></trkpt>
<trkpt lat="45.911140" lon="-73.901427"></trkpt>
<trkpt lat="45.911026" lon="-73.901552"></trkpt>
<trkpt lat="45.910958" lon="-73.901674"></trkpt>
<trkpt lat="45.910902" lon="-73.901996"></trkpt>
<trkpt lat="45.910851" lon="-73.902236"></trkpt>
<trkpt lat="45.910542" lon="-73.903695"></trkpt>
<trkpt lat="45.910415" lon="-73.904430"></trkpt>
<trkpt lat="45.910360" lon="-73.904972"></trkpt>
<trkpt lat="45.910354" lon="-73.905284"></trkpt>
<trkpt lat="45.910381" lon="-73.905494"></trkpt>
<trkpt lat="45.910447" lon="-73.905750"></trkpt>
<trkpt lat="45.910674" lon="-73.906412"></trkpt>
<trkpt lat="45.910741" lon="-73.906783"></trkpt>
<trkpt lat="45.910736" lon="-73.907449"></trkpt>
<trkpt lat="45.910694" lon="-73.907750"></trkpt>
<trkpt lat="45.910562" lon="-73.908181"></trkpt>
<trkpt lat="45.910409" lon="-73.908546"></trkpt>
<trkpt lat="45.910198" lon="-73.908587"></trkpt>
<trkpt lat="45.909997" lon="-73.908529"></trkpt>
<trkpt lat="45.909680" lon="-73.908352"></trkpt>
<trkpt lat="45.909432" lon="-73.908286"></trkpt>
<trkpt lat="45.909291" lon="-73.908313"></trkpt>
<trkpt lat="45.909083" lon="-73.908413"></trkpt>
<trkpt lat="45.908906" lon="-73.908596"></trkpt>
<trkpt lat="45.908190" lon="-73.909557"></trkpt>
<trkpt lat="45.907964" lon="-73.909821"></trkpt>
<trkpt lat="45.907397" lon="-73.910306"></trkpt>
<trkpt lat="45.907144" lon="-73.910687"></trkpt>
<trkpt lat="45.907064" lon="-73.911012"></trkpt>
<trkpt lat="45.906920" lon="-73.911847"></trkpt>
<trkpt lat="45.906823" lon="-73.912580"></trkpt>
<trkpt lat="45.906547" lon="-73.913691"></trkpt>
<trkpt lat="45.906294" lon="-73.914172"></trkpt>
<trkpt lat="45.905828" lon="-73.914647"></trkpt>
<trkpt lat="45.904724" lon="-73.915941"></trkpt>
<trkpt lat="45.903669" lon="-73.917014"></trkpt>
<trkpt lat="45.903655" lon="-73.917031"></trkpt>
<trkpt lat="45.903369" lon="-73.917364"></trkpt>
<trkpt lat="45.903056" lon="-73.917612"></trkpt>
<trkpt lat="45.901366" lon="-73.918614"></trkpt>
<trkpt lat="45.901017" lon="-73.918963"></trkpt>
<trkpt lat="45.900605" lon="-73.919505"></trkpt>
<trkpt lat="45.899934" lon="-73.920637"></trkpt>
<trkpt lat="45.899811" lon="-73.920700"></trkpt>
<trkpt lat="45.899312" lon="-73.920756"></trkpt>
<trkpt lat="45.899087" lon="-73.920910"></trkpt>
<trkpt lat="45.898790" lon="-73.921237"></trkpt>
<trkpt lat="45.898604" lon="-73.921553"></trkpt>
<trkpt lat="45.898449" lon="-73.922018"></trkpt>
<trkpt lat="45.898319" lon="-73.922938"></trkpt>
<trkpt lat="45.898090" lon="-73.923681"></trkpt>
<trkpt lat="45.897917" lon="-73.924119"></trkpt>
<trkpt lat="45.897682" lon="-73.924583"></trkpt>
<trkpt lat="45.896794" lon="-73.925675"></trkpt>
<trkpt lat="45.896004" lon="-73.926441"></trkpt>
<trkpt lat="45.895037" lon="-73.926977"></trkpt>
<trkpt lat="45.894263" lon="-73.927559"></trkpt>
<trkpt lat="45.894067" lon="-73.927795"></trkpt>
<trkpt lat="45.893881" lon="-73.928196"></trkpt>
<trkpt lat="45.893683" lon="-73.929088"></trkpt>
<trkpt lat="45.893534" lon="-73.929538"></trkpt>
<trkpt lat="45.893159" lon="-73.930242"></trkpt>
<trkpt lat="45.892440" lon="-73.931250"></trkpt>
<trkpt lat="45.891661" lon="-73.932022"></trkpt>
<trkpt lat="45.890760" lon="-73.932631"></trkpt>
<trkpt lat="45.889992" lon="-73.933057"></trkpt>
<trkpt lat="45.889584" lon="-73.933468"></trkpt>
<trkpt lat="45.889210" lon="-73.934208"></trkpt>
<trkpt lat="45.888838" lon="-73.935966"></trkpt>
<trkpt lat="45.888596" lon="-73.936423"></trkpt>
<trkpt lat="45.888009" lon="-73.937398"></trkpt>
<trkpt lat="45.888174" lon="-73.937531"></trkpt>
<trkpt lat="45.888534" lon="-73.937880"></trkpt>
<trkpt lat="45.888737" lon="-73.938038"></trkpt>
<trkpt lat="45.888928" lon="-73.938260"></trkpt>
<trkpt lat="45.889819" lon="-73.939608"></trkpt>
<trkpt lat="45.891750" lon="-73.942705"></trkpt>
<trkpt lat="45.892305" lon="-73.943377"></trkpt>
<trkpt lat="45.892418" lon="-73.943436"></trkpt>
<trkpt lat="45.892601" lon="-73.943533"></trkpt>
<trkpt lat="45.892936" lon="-73.943692"></trkpt>
<trkpt lat="45.893677" lon="-73.944195"></trkpt>
<trkpt lat="45.893916" lon="-73.944479"></trkpt>
<trkpt lat="45.894114" lon="-73.944824"></trkpt>
<trkpt lat="45.894229" lon="-73.945391"></trkpt>
<trkpt lat="45.894320" lon="-73.946512"></trkpt>
<trkpt lat="45.894188" lon="-73.947517"></trkpt>
<trkpt lat="45.894053" lon="-73.947798"></trkpt>
<trkpt lat="45.893571" lon="-73.948566"></trkpt>
<trkpt lat="45.893350" lon="-73.948780"></trkpt>
<trkpt lat="45.893004" lon="-73.948992"></trkpt>
<trkpt lat="45.892915" lon="-73.949093"></trkpt>
<trkpt lat="45.892826" lon="-73.949235"></trkpt>
<trkpt lat="45.892609" lon="-73.949928"></trkpt>
<trkpt lat="45.892488" lon="-73.950357"></trkpt>
<trkpt lat="45.892376" lon="-73.950628"></trkpt>
<trkpt lat="45.892163" lon="-73.950915"></trkpt>
<trkpt lat="45.891887" lon="-73.951478"></trkpt>
<trkpt lat="45.891278" lon="-73.953120"></trkpt>
<trkpt lat="45.891275" lon="-73.953226"></trkpt>
<trkpt lat="45.891303" lon="-73.953349"></trkpt>
<trkpt lat="45.891520" lon="-73.954029"></trkpt>
<trkpt lat="45.891610" lon="-73.954424"></trkpt>
<trkpt lat="45.891710" lon="-73.955042"></trkpt>
<trkpt lat="45.891811" lon="-73.955409"></trkpt>
<trkpt lat="45.892367" lon="-73.956043"></trkpt>
<trkpt lat="45.892626" lon="-73.956361"></trkpt>
<trkpt lat="45.893047" lon="-73.956803"></trkpt>
<trkpt lat="45.893616" lon="-73.957175"></trkpt>
<trkpt lat="45.893965" lon="-73.957245"></trkpt>
<trkpt lat="45.894519" lon="-73.957264"></trkpt>
<trkpt lat="45.895272" lon="-73.957179"></trkpt>
<trkpt lat="45.895634" lon="-73.957264"></trkpt>
<trkpt lat="45.896437" lon="-73.957267"></trkpt>
<trkpt lat="45.897612" lon="-73.957042"></trkpt>
<trkpt lat="45.897873" lon="-73.957076"></trkpt>
<trkpt lat="45.898641" lon="-73.957724"></trkpt>
<trkpt lat="45.898838" lon="-73.958247"></trkpt>
<trkpt lat="45.899018" lon="-73.958518"></trkpt>
<trkpt lat="45.899251" lon="-73.958702"></trkpt>
<trkpt lat="45.900206" lon="-73.959400"></trkpt>
<trkpt lat="45.900562" lon="-73.959620"></trkpt>
<trkpt lat="45.901717" lon="-73.960078"></trkpt>
<trkpt lat="45.902843" lon="-73.960629"></trkpt>
<trkpt lat="45.903039" lon="-73.960755"></trkpt>
<trkpt lat="45.903581" lon="-73.961374"></trkpt>
<trkpt lat="45.904254" lon="-73.961970"></trkpt>
<trkpt lat="45.904431" lon="-73.962171"></trkpt>
<trkpt lat="45.904573" lon="-73.962409"></trkpt>
<trkpt lat="45.904595" lon="-73.962627"></trkpt>
<trkpt lat="45.904576" lon="-73.962952"></trkpt>
<trkpt lat="45.904498" lon="-73.963308"></trkpt>
<trkpt lat="45.904333" lon="-73.963722"></trkpt>
<trkpt lat="45.903945" lon="-73.964441"></trkpt>
<trkpt lat="45.903644" lon="-73.965184"></trkpt>
<trkpt lat="45.903528" lon="-73.965427"></trkpt>
<trkpt lat="45.903355" lon="-73.965925"></trkpt>
<trkpt lat="45.903352" lon="-73.966052"></trkpt>
<trkpt lat="45.903371" lon="-73.966138"></trkpt>
<trkpt lat="45.903412" lon="-73.966195"></trkpt>
<trkpt lat="45.903855" lon="-73.966331"></trkpt>
<trkpt lat="45.904054" lon="-73.966444"></trkpt>
<trkpt lat="45.904601" lon="-73.966973"></trkpt>
<trkpt lat="45.904759" lon="-73.967140"></trkpt>
<trkpt lat="45.904972" lon="-73.967475"></trkpt>
<trkpt lat="45.905100" lon="-73.967728"></trkpt>
<trkpt lat="45.905270" lon="-73.967976"></trkpt>
<trkpt lat="45.905479" lon="-73.968168"></trkpt>
<trkpt lat="45.906008" lon="-73.968453"></trkpt>
<trkpt lat="45.906699" lon="-73.968903"></trkpt>
<trkpt lat="45.907052" lon="-73.969068"></trkpt>
<trkpt lat="45.907528" lon="-73.969226"></trkpt>
<trkpt lat="45.908343" lon="-73.969722"></trkpt>
<trkpt lat="45.909094" lon="-73.970072"></trkpt>
<trkpt lat="45.909701" lon="-73.970212"></trkpt>
<trkpt lat="45.909817" lon="-73.970306"></trkpt>
<trkpt lat="45.909959" lon="-73.970520"></trkpt>
<trkpt lat="45.910384" lon="-73.971374"></trkpt>
<trkpt lat="45.910445" lon="-73.971920"></trkpt>
<trkpt lat="45.910645" lon="-73.972825"></trkpt>
<trkpt lat="45.910807" lon="-73.973324"></trkpt>
<trkpt lat="45.911076" lon="-73.974011"></trkpt>
<trkpt lat="45.911184" lon="-73.974153"></trkpt>
<trkpt lat="45.911104" lon="-73.974337"></trkpt>
<trkpt lat="45.910950" lon="-73.974854"></trkpt>
<trkpt lat="45.910939" lon="-73.975373"></trkpt>
<trkpt lat="45.910971" lon="-73.975758"></trkpt>
<trkpt lat="45.910953" lon="-73.975924"></trkpt>
<trkpt lat="45.910900" lon="-73.976087"></trkpt>
<trkpt lat="45.910590" lon="-73.976449"></trkpt>
<trkpt lat="45.909903" lon="-73.977155"></trkpt>
<trkpt lat="45.909785" lon="-73.977250"></trkpt>
<trkpt lat="45.909424" lon="-73.977424"></trkpt>
<trkpt lat="45.909219" lon="-73.977611"></trkpt>
<trkpt lat="45.908856" lon="-73.978284"></trkpt>
<trkpt lat="45.908795" lon="-73.978426"></trkpt>
<trkpt lat="45.908432" lon="-73.979309"></trkpt>
<trkpt lat="45.908018" lon="-73.980110"></trkpt>
<trkpt lat="45.907837" lon="-73.980422"></trkpt>
<trkpt lat="45.907511" lon="-73.980800"></trkpt>
<trkpt lat="45.907124" lon="-73.981363"></trkpt>
<trkpt lat="45.906438" lon="-73.982342"></trkpt>
<trkpt lat="45.906429" lon="-73.982359"></trkpt>
<trkpt lat="45.906120" lon="-73.982954"></trkpt>
<trkpt lat="45.905954" lon="-73.983342"></trkpt>
<trkpt lat="45.905916" lon="-73.983520"></trkpt>
<trkpt lat="45.905816" lon="-73.983640"></trkpt>
<trkpt lat="45.905676" lon="-73.983729"></trkpt>
<trkpt lat="45.905439" lon="-73.983822"></trkpt>
<trkpt lat="45.904996" lon="-73.984013"></trkpt>
<trkpt lat="45.904217" lon="-73.984636"></trkpt>
<trkpt lat="45.904029" lon="-73.984887"></trkpt>
<trkpt lat="45.903852" lon="-73.985063"></trkpt>
<trkpt lat="45.903721" lon="-73.985229"></trkpt>
<trkpt lat="45.903127" lon="-73.986343"></trkpt>
<trkpt lat="45.902749" lon="-73.986904"></trkpt>
<trkpt lat="45.902073" lon="-73.988039"></trkpt>
<trkpt lat="45.901931" lon="-73.988241"></trkpt>
<trkpt lat="45.901662" lon="-73.988498"></trkpt>
<trkpt lat="45.901217" lon="-73.988799"></trkpt>
<trkpt lat="45.900753" lon="-73.989265"></trkpt>
<trkpt lat="45.900445" lon="-73.989553"></trkpt>
<trkpt lat="45.900173" lon="-73.989737"></trkpt>
<trkpt lat="45.899560" lon="-73.990071"></trkpt>
<trkpt lat="45.899293" lon="-73.990371"></trkpt>
<trkpt lat="45.898627" lon="-73.991431"></trkpt>
<trkpt lat="45.898495" lon="-73.991721"></trkpt>
<trkpt lat="45.898184" lon="-73.992774"></trkpt>
<trkpt lat="45.897869" lon="-73.993993"></trkpt>
<trkpt lat="45.897526" lon="-73.994976"></trkpt>
<trkpt lat="45.897466" lon="-73.995245"></trkpt>
<trkpt lat="45.897420" lon="-73.995737"></trkpt>
<trkpt lat="45.897223" lon="-73.997154"></trkpt>
<trkpt lat="45.897193" lon="-73.997829"></trkpt>
<trkpt lat="45.897234" lon="-73.998160"></trkpt>
<trkpt lat="45.897316" lon="-73.998567"></trkpt>
<trkpt lat="45.899409" lon="-73.997667"></trkpt>
<trkpt lat="45.899418" lon="-73.997663"></trkpt>
<trkpt lat="45.899878" lon="-73.997507"></trkpt>
<trkpt lat="45.900163" lon="-73.997420"></trkpt>
<trkpt lat="45.900764" lon="-73.997355"></trkpt>
<trkpt lat="45.901211" lon="-73.997393"></trkpt>
<trkpt lat="45.901846" lon="-73.997614"></trkpt>
<trkpt lat="45.902274" lon="-73.997859"></trkpt>
<trkpt lat="45.902744" lon="-73.998267"></trkpt>
<trkpt lat="45.903159" lon="-73.998763"></trkpt>
<trkpt lat="45.903337" lon="-73.999049"></trkpt>
<trkpt lat="45.903641" lon="-73.999692"></trkpt>
<trkpt lat="45.904898" lon="-74.002411"></trkpt>
<trkpt lat="45.905336" lon="-74.003217"></trkpt>
<trkpt lat="45.905586" lon="-74.003563"></trkpt>
<trkpt lat="45.905738" lon="-74.003777"></trkpt>
<trkpt lat="45.906036" lon="-74.004062"></trkpt>
<trkpt lat="45.906372" lon="-74.004467"></trkpt>
<trkpt lat="45.906696" lon="-74.004787"></trkpt>
<trkpt lat="45.907791" lon="-74.005716"></trkpt>
<trkpt lat="45.910508" lon="-74.007960"></trkpt>
<trkpt lat="45.910878" lon="-74.008295"></trkpt>
<trkpt lat="45.911218" lon="-74.008719"></trkpt>
<trkpt lat="45.911581" lon="-74.009318"></trkpt>
<trkpt lat="45.911871" lon="-74.009890"></trkpt>
<trkpt lat="45.912295" lon="-74.010908"></trkpt>
<trkpt lat="45.912877" lon="-74.012411"></trkpt>
<trkpt lat="45.913188" lon="-74.013002"></trkpt>
<trkpt lat="45.913532" lon="-74.013531"></trkpt>
<trkpt lat="45.913874" lon="-74.013955"></trkpt>
<trkpt lat="45.914301" lon="-74.014346"></trkpt>
<trkpt lat="45.914719" lon="-74.014668"></trkpt>
<trkpt lat="45.915209" lon="-74.014945"></trkpt>
<trkpt lat="45.916782" lon="-74.015656"></trkpt>
<trkpt lat="45.917478" lon="-74.015909"></trkpt>
<trkpt lat="45.920282" lon="-74.017036"></trkpt>
<trkpt lat="45.921916" lon="-74.017784"></trkpt>
<trkpt lat="45.922307" lon="-74.018033"></trkpt>
<trkpt lat="45.922716" lon="-74.018361"></trkpt>
<trkpt lat="45.923094" lon="-74.018773"></trkpt>
<trkpt lat="45.923425" lon="-74.019232"></trkpt>
<trkpt lat="45.923705" lon="-74.019724"></trkpt>
<trkpt lat="45.924077" lon="-74.020546"></trkpt>
<trkpt lat="45.924257" lon="-74.020902"></trkpt>
<trkpt lat="45.925448" lon="-74.023367"></trkpt>
<trkpt lat="45.925825" lon="-74.023944"></trkpt>
<trkpt lat="45.926021" lon="-74.024177"></trkpt>
<trkpt lat="45.926293" lon="-74.024445"></trkpt>
<trkpt lat="45.926633" lon="-74.024690"></trkpt>
<trkpt lat="45.928151" lon="-74.025389"></trkpt>
<trkpt lat="45.928590" lon="-74.025564"></trkpt>
<trkpt lat="45.929108" lon="-74.025795"></trkpt>
<trkpt lat="45.929489" lon="-74.025854"></trkpt>
<trkpt lat="45.929894" lon="-74.025663"></trkpt>
<trkpt lat="45.930272" lon="-74.025380"></trkpt>
<trkpt lat="45.930610" lon="-74.025144"></trkpt>
<trkpt lat="45.930839" lon="-74.024961"></trkpt>
<trkpt lat="45.931061" lon="-74.024769"></trkpt>
<trkpt lat="45.931201" lon="-74.024664"></trkpt>
<trkpt lat="45.931370" lon="-74.024524"></trkpt>
<trkpt lat="45.932384" lon="-74.027031"></trkpt>
<trkpt lat="45.932461" lon="-74.027255"></trkpt>
<trkpt lat="45.932605" lon="-74.027751"></trkpt>
<trkpt lat="45.932695" lon="-74.028251"></trkpt>
<trkpt lat="45.932716" lon="-74.029258"></trkpt>
<trkpt lat="45.932800" lon="-74.029743"></trkpt>
<trkpt lat="45.933008" lon="-74.030325"></trkpt>
<trkpt lat="45.933661" lon="-74.032439"></trkpt>
<trkpt lat="45.933829" lon="-74.033039"></trkpt>
<trkpt lat="45.934058" lon="-74.033668"></trkpt>
<trkpt lat="45.934370" lon="-74.034332"></trkpt>
<trkpt lat="45.934523" lon="-74.034577"></trkpt>
<trkpt lat="45.935149" lon="-74.035390"></trkpt>
<trkpt lat="45.935327" lon="-74.035506"></trkpt>
<trkpt lat="45.935580" lon="-74.035521"></trkpt>
<trkpt lat="45.935713" lon="-74.035471"></trkpt>
<trkpt lat="45.936200" lon="-74.035035"></trkpt>
<trkpt lat="45.936497" lon="-74.034882"></trkpt>
<trkpt lat="45.937052" lon="-74.034925"></trkpt>
<trkpt lat="45.937377" lon="-74.035029"></trkpt>
<trkpt lat="45.937884" lon="-74.035299"></trkpt>
<trkpt lat="45.939149" lon="-74.036220"></trkpt>
<trkpt lat="45.939353" lon="-74.036503"></trkpt>
<trkpt lat="45.939686" lon="-74.036895"></trkpt>
<trkpt lat="45.940213" lon="-74.038002"></trkpt>
<trkpt lat="45.940298" lon="-74.038228"></trkpt>
<trkpt lat="45.940418" lon="-74.038643"></trkpt>
<trkpt lat="45.940492" lon="-74.039043"></trkpt>
<trkpt lat="45.940674" lon="-74.039454"></trkpt>
<trkpt lat="45.940842" lon="-74.039727"></trkpt>
<trkpt lat="45.941103" lon="-74.040334"></trkpt>
<trkpt lat="45.941657" lon="-74.042487"></trkpt>
<trkpt lat="45.942272" lon="-74.044136"></trkpt>
<trkpt lat="45.942476" lon="-74.044480"></trkpt>
<trkpt lat="45.942672" lon="-74.044748"></trkpt>
<trkpt lat="45.942912" lon="-74.044935"></trkpt>
<trkpt lat="45.943275" lon="-74.045012"></trkpt>
<trkpt lat="45.943391" lon="-74.045066"></trkpt>
<trkpt lat="45.943630" lon="-74.045262"></trkpt>
<trkpt lat="45.944136" lon="-74.045792"></trkpt>
<trkpt lat="45.944346" lon="-74.045936"></trkpt>
<trkpt lat="45.944514" lon="-74.045987"></trkpt>
<trkpt lat="45.945141" lon="-74.046038"></trkpt>
<trkpt lat="45.945624" lon="-74.046138"></trkpt>
<trkpt lat="45.945802" lon="-74.046154"></trkpt>
<trkpt lat="45.946419" lon="-74.046463"></trkpt>
<trkpt lat="45.947466" lon="-74.046811"></trkpt>
<trkpt lat="45.947709" lon="-74.046855"></trkpt>
<trkpt lat="45.947861" lon="-74.046932"></trkpt>
<trkpt lat="45.948173" lon="-74.046986"></trkpt>
<trkpt lat="45.949102" lon="-74.047020"></trkpt>
<trkpt lat="45.949722" lon="-74.047126"></trkpt>
<trkpt lat="45.950334" lon="-74.047020"></trkpt>
<trkpt lat="45.950547" lon="-74.046989"></trkpt>
<trkpt lat="45.951287" lon="-74.047011"></trkpt>
<trkpt lat="45.952776" lon="-74.047275"></trkpt>
<trkpt lat="45.953189" lon="-74.047371"></trkpt>
<trkpt lat="45.953591" lon="-74.047422"></trkpt>
<trkpt lat="45.954085" lon="-74.047442"></trkpt>
<trkpt lat="45.954532" lon="-74.047282"></trkpt>
<trkpt lat="45.955751" lon="-74.046768"></trkpt>
<trkpt lat="45.957164" lon="-74.045949"></trkpt>
<trkpt lat="45.958439" lon="-74.047813"></trkpt>
<trkpt lat="45.959305" lon="-74.050010"></trkpt>
<trkpt lat="45.959456" lon="-74.050223"></trkpt>
<trkpt lat="45.959888" lon="-74.050723"></trkpt>
<trkpt lat="45.960225" lon="-74.051104"></trkpt>
<trkpt lat="45.960631" lon="-74.051611"></trkpt>
<trkpt lat="45.961071" lon="-74.051862"></trkpt>
<trkpt lat="45.961322" lon="-74.051707"></trkpt>
<trkpt lat="45.961721" lon="-74.051342"></trkpt>
<trkpt lat="45.961874" lon="-74.051185"></trkpt>
<trkpt lat="45.962259" lon="-74.050893"></trkpt>
<trkpt lat="45.962545" lon="-74.050829"></trkpt>
<trkpt lat="45.962787" lon="-74.050819"></trkpt>
<trkpt lat="45.963056" lon="-74.050866"></trkpt>
<trkpt lat="45.963927" lon="-74.051256"></trkpt>
<trkpt lat="45.964223" lon="-74.051339"></trkpt>
<trkpt lat="45.965196" lon="-74.051297"></trkpt>
<trkpt lat="45.965562" lon="-74.051393"></trkpt>
<trkpt lat="45.965745" lon="-74.051509"></trkpt>
<trkpt lat="45.966595" lon="-74.052261"></trkpt>
<trkpt lat="45.967039" lon="-74.052564"></trkpt>
<trkpt lat="45.967968" lon="-74.053457"></trkpt>
<trkpt lat="45.968213" lon="-74.053778"></trkpt>
<trkpt lat="45.968898" lon="-74.054954"></trkpt>
<trkpt lat="45.969441" lon="-74.055814"></trkpt>
<trkpt lat="45.969881" lon="-74.056357"></trkpt>
<trkpt lat="45.970389" lon="-74.056837"></trkpt>
<trkpt lat="45.970875" lon="-74.057195"></trkpt>
<trkpt lat="45.971137" lon="-74.057305"></trkpt>
<trkpt lat="45.972232" lon="-74.057595"></trkpt>
<trkpt lat="45.973090" lon="-74.057922"></trkpt>
<trkpt lat="45.974308" lon="-74.058321"></trkpt>
<trkpt lat="45.974697" lon="-74.058534"></trkpt>
<trkpt lat="45.975304" lon="-74.059027"></trkpt>
<trkpt lat="45.975649" lon="-74.059370"></trkpt>
<trkpt lat="45.976149" lon="-74.060007"></trkpt>
<trkpt lat="45.976660" lon="-74.060889"></trkpt>
<trkpt lat="45.977344" lon="-74.061962"></trkpt>
<trkpt lat="45.978108" lon="-74.062904"></trkpt>
<trkpt lat="45.978562" lon="-74.063387"></trkpt>
<trkpt lat="45.979070" lon="-74.063895"></trkpt>
<trkpt lat="45.979310" lon="-74.064049"></trkpt>
<trkpt lat="45.979982" lon="-74.064339"></trkpt>
<trkpt lat="45.980215" lon="-74.064474"></trkpt>
<trkpt lat="45.980540" lon="-74.064730"></trkpt>
<trkpt lat="45.980740" lon="-74.064834"></trkpt>
<trkpt lat="45.980918" lon="-74.064872"></trkpt>
<trkpt lat="45.981285" lon="-74.064807"></trkpt>
<trkpt lat="45.981579" lon="-74.064705"></trkpt>
<trkpt lat="45.982747" lon="-74.064479"></trkpt>
<trkpt lat="45.983241" lon="-74.064328"></trkpt>
<trkpt lat="45.983886" lon="-74.063943"></trkpt>
<trkpt lat="45.984475" lon="-74.063404"></trkpt>
<trkpt lat="45.984771" lon="-74.063205"></trkpt>
<trkpt lat="45.985031" lon="-74.063084"></trkpt>
<trkpt lat="45.985451" lon="-74.062819"></trkpt>
<trkpt lat="45.986568" lon="-74.061780"></trkpt>
<trkpt lat="45.986837" lon="-74.061608"></trkpt>
<trkpt lat="45.988190" lon="-74.061209"></trkpt>
<trkpt lat="45.988461" lon="-74.061031"></trkpt>
<trkpt lat="45.988676" lon="-74.060937"></trkpt>
<trkpt lat="45.988901" lon="-74.060940"></trkpt>
<trkpt lat="45.989091" lon="-74.061014"></trkpt>
<trkpt lat="45.989843" lon="-74.061647"></trkpt>
<trkpt lat="45.990414" lon="-74.062090"></trkpt>
<trkpt lat="45.990585" lon="-74.062177"></trkpt>
<trkpt lat="45.990721" lon="-74.062201"></trkpt>
<trkpt lat="45.991412" lon="-74.062047"></trkpt>
<trkpt lat="45.991908" lon="-74.062103"></trkpt>
<trkpt lat="45.992205" lon="-74.062085"></trkpt>
<trkpt lat="45.992348" lon="-74.061980"></trkpt>
<trkpt lat="45.993143" lon="-74.060668"></trkpt>
<trkpt lat="45.993412" lon="-74.059999"></trkpt>
<trkpt lat="45.993732" lon="-74.059593"></trkpt>
<trkpt lat="45.994041" lon="-74.059337"></trkpt>
<trkpt lat="45.994763" lon="-74.059059"></trkpt>
<trkpt lat="45.995120" lon="-74.058756"></trkpt>
<trkpt lat="45.995334" lon="-74.058494"></trkpt>
<trkpt lat="45.995726" lon="-74.057919"></trkpt>
<trkpt lat="45.996135" lon="-74.057409"></trkpt>
<trkpt lat="45.997042" lon="-74.056037"></trkpt>
<trkpt lat="45.998497" lon="-74.054093"></trkpt>
<trkpt lat="46.000002" lon="-74.051972"></trkpt>
<trkpt lat="46.000584" lon="-74.051147"></trkpt>
<trkpt lat="46.000923" lon="-74.050818"></trkpt>
<trkpt lat="46.001647" lon="-74.050199"></trkpt>
<trkpt lat="46.002146" lon="-74.049635"></trkpt>
<trkpt lat="46.003010" lon="-74.048509"></trkpt>
<trkpt lat="46.003622" lon="-74.047492"></trkpt>
<trkpt lat="46.003987" lon="-74.046982"></trkpt>
<trkpt lat="46.004538" lon="-74.046133"></trkpt>
<trkpt lat="46.004929" lon="-74.045467"></trkpt>
<trkpt lat="46.005079" lon="-74.045142"></trkpt>
<trkpt lat="46.005307" lon="-74.044415"></trkpt>
<trkpt lat="46.005369" lon="-74.044310"></trkpt>
<trkpt lat="46.005556" lon="-74.044074"></trkpt>
<trkpt lat="46.005699" lon="-74.044007"></trkpt>
<trkpt lat="46.005862" lon="-74.044031"></trkpt>
<trkpt lat="46.005980" lon="-74.044171"></trkpt>
<trkpt lat="46.006127" lon="-74.044478"></trkpt>
<trkpt lat="46.006191" lon="-74.044722"></trkpt>
<trkpt lat="46.006298" lon="-74.045560"></trkpt>
<trkpt lat="46.006400" lon="-74.045933"></trkpt>
<trkpt lat="46.006492" lon="-74.046164"></trkpt>
<trkpt lat="46.006783" lon="-74.046572"></trkpt>
<trkpt lat="46.006957" lon="-74.046931"></trkpt>
<trkpt lat="46.007041" lon="-74.047330"></trkpt>
<trkpt lat="46.007147" lon="-74.048180"></trkpt>
<trkpt lat="46.007323" lon="-74.048784"></trkpt>
<trkpt lat="46.007544" lon="-74.049336"></trkpt>
<trkpt lat="46.007622" lon="-74.049480"></trkpt>
<trkpt lat="46.007800" lon="-74.049809"></trkpt>
<trkpt lat="46.008055" lon="-74.050180"></trkpt>
<trkpt lat="46.008699" lon="-74.050776"></trkpt>
<trkpt lat="46.009016" lon="-74.051003"></trkpt>
<trkpt lat="46.009233" lon="-74.051090"></trkpt>
<trkpt lat="46.009990" lon="-74.051283"></trkpt>
<trkpt lat="46.010396" lon="-74.051341"></trkpt>
<trkpt lat="46.010542" lon="-74.051326"></trkpt>
<trkpt lat="46.011142" lon="-74.051264"></trkpt>
<trkpt lat="46.011403" lon="-74.051259"></trkpt>
<trkpt lat="46.011782" lon="-74.051304"></trkpt>
<trkpt lat="46.012385" lon="-74.051383"></trkpt>
<trkpt lat="46.013079" lon="-74.051476"></trkpt>
<trkpt lat="46.014115" lon="-74.051536"></trkpt>
<trkpt lat="46.014620" lon="-74.051669"></trkpt>
<trkpt lat="46.015197" lon="-74.051879"></trkpt>
<trkpt lat="46.015505" lon="-74.052039"></trkpt>
<trkpt lat="46.015984" lon="-74.052330"></trkpt>
<trkpt lat="46.016356" lon="-74.052634"></trkpt>
<trkpt lat="46.016773" lon="-74.053002"></trkpt>
<trkpt lat="46.018851" lon="-74.053935"></trkpt>
<trkpt lat="46.019501" lon="-74.054170"></trkpt>
<trkpt lat="46.019824" lon="-74.054138"></trkpt>
<trkpt lat="46.020075" lon="-74.053992"></trkpt>
<trkpt lat="46.020307" lon="-74.053781"></trkpt>
<trkpt lat="46.020424" lon="-74.053616"></trkpt>
<trkpt lat="46.020539" lon="-74.053454"></trkpt>
<trkpt lat="46.021097" lon="-74.052398"></trkpt>
<trkpt lat="46.021185" lon="-74.052151"></trkpt>
<trkpt lat="46.021257" lon="-74.051129"></trkpt>
<trkpt lat="46.021283" lon="-74.050987"></trkpt>
<trkpt lat="46.021406" lon="-74.050558"></trkpt>
<trkpt lat="46.021634" lon="-74.049921"></trkpt>
<trkpt lat="46.021865" lon="-74.049465"></trkpt>
<trkpt lat="46.022168" lon="-74.049085"></trkpt>
<trkpt lat="46.022748" lon="-74.048571"></trkpt>
<trkpt lat="46.023773" lon="-74.047951"></trkpt>
<trkpt lat="46.024056" lon="-74.047800"></trkpt>
<trkpt lat="46.024281" lon="-74.047770"></trkpt>
<trkpt lat="46.024539" lon="-74.047824"></trkpt>
<trkpt lat="46.024967" lon="-74.048017"></trkpt>
<trkpt lat="46.025265" lon="-74.048205"></trkpt>
<trkpt lat="46.025447" lon="-74.048409"></trkpt>
<trkpt lat="46.025914" lon="-74.049422"></trkpt>
<trkpt lat="46.026133" lon="-74.049741"></trkpt>
<trkpt lat="46.026932" lon="-74.050580"></trkpt>
<trkpt lat="46.028201" lon="-74.051606"></trkpt>
<trkpt lat="46.028309" lon="-74.051693"></trkpt>
<trkpt lat="46.029325" lon="-74.053024"></trkpt>
<trkpt lat="46.029441" lon="-74.053194"></trkpt>
<trkpt lat="46.029761" lon="-74.053495"></trkpt>
<trkpt lat="46.030538" lon="-74.054091"></trkpt>
<trkpt lat="46.030825" lon="-74.054441"></trkpt>
<trkpt lat="46.030984" lon="-74.054714"></trkpt>
<trkpt lat="46.031100" lon="-74.055120"></trkpt>
<trkpt lat="46.031248" lon="-74.055924"></trkpt>
<trkpt lat="46.031252" lon="-74.055946"></trkpt>
<trkpt lat="46.031308" lon="-74.056225"></trkpt>
<trkpt lat="46.031457" lon="-74.056782"></trkpt>
<trkpt lat="46.030851" lon="-74.057563"></trkpt>
<trkpt lat="46.030522" lon="-74.057987"></trkpt>
<trkpt lat="46.030161" lon="-74.058527"></trkpt>
<trkpt lat="46.030068" lon="-74.058667"></trkpt>
<trkpt lat="46.029751" lon="-74.059173"></trkpt>
<trkpt lat="46.029590" lon="-74.059939"></trkpt>
<trkpt lat="46.029463" lon="-74.060602"></trkpt>
<trkpt lat="46.029393" lon="-74.060849"></trkpt>
<trkpt lat="46.029278" lon="-74.061174"></trkpt>
<trkpt lat="46.029083" lon="-74.061621"></trkpt>
<trkpt lat="46.028304" lon="-74.063038"></trkpt>
<trkpt lat="46.027923" lon="-74.063650"></trkpt>
<trkpt lat="46.027785" lon="-74.063869"></trkpt>
<trkpt lat="46.027710" lon="-74.063998"></trkpt>
<trkpt lat="46.027442" lon="-74.064448"></trkpt>
<trkpt lat="46.026803" lon="-74.065428"></trkpt>
<trkpt lat="46.026474" lon="-74.065954"></trkpt>
<trkpt lat="46.026083" lon="-74.066577"></trkpt>
<trkpt lat="46.023960" lon="-74.070011"></trkpt>
<trkpt lat="46.022707" lon="-74.071957"></trkpt>
<trkpt lat="46.020795" lon="-74.075019"></trkpt>
<trkpt lat="46.020001" lon="-74.076381"></trkpt>
<trkpt lat="46.019826" lon="-74.076926"></trkpt>
<trkpt lat="46.019727" lon="-74.077321"></trkpt>
<trkpt lat="46.019665" lon="-74.077793"></trkpt>
<trkpt lat="46.019607" lon="-74.078957"></trkpt>
<trkpt lat="46.019565" lon="-74.079599"></trkpt>
<trkpt lat="46.019452" lon="-74.080189"></trkpt>
<trkpt lat="46.018821" lon="-74.082457"></trkpt>
<trkpt lat="46.018818" lon="-74.083018"></trkpt>
<trkpt lat="46.018884" lon="-74.083416"></trkpt>
<trkpt lat="46.019283" lon="-74.084956"></trkpt>
<trkpt lat="46.019329" lon="-74.085335"></trkpt>
<trkpt lat="46.019287" lon="-74.085928"></trkpt>
<trkpt lat="46.018825" lon="-74.088455"></trkpt>
<trkpt lat="46.018428" lon="-74.092893"></trkpt>
<trkpt lat="46.018307" lon="-74.093502"></trkpt>
<trkpt lat="46.017868" lon="-74.094891"></trkpt>
<trkpt lat="46.017625" lon="-74.095630"></trkpt>
<trkpt lat="46.017595" lon="-74.095719"></trkpt>
<trkpt lat="46.017359" lon="-74.096437"></trkpt>
<trkpt lat="46.017083" lon="-74.096829"></trkpt>
<trkpt lat="46.016716" lon="-74.097171"></trkpt>
<trkpt lat="46.016403" lon="-74.097370"></trkpt>
<trkpt lat="46.015632" lon="-74.097808"></trkpt>
<trkpt lat="46.015310" lon="-74.098085"></trkpt>
<trkpt lat="46.015230" lon="-74.098190"></trkpt>
<trkpt lat="46.014892" lon="-74.098660"></trkpt>
<trkpt lat="46.014208" lon="-74.100535"></trkpt>
<trkpt lat="46.013650" lon="-74.102129"></trkpt>
<trkpt lat="46.013420" lon="-74.102559"></trkpt>
<trkpt lat="46.012537" lon="-74.103672"></trkpt>
<trkpt lat="46.012376" lon="-74.103816"></trkpt>
<trkpt lat="46.011849" lon="-74.104290"></trkpt>
<trkpt lat="46.011046" lon="-74.105142"></trkpt>
<trkpt lat="46.010604" lon="-74.105527"></trkpt>
<trkpt lat="46.008268" lon="-74.106737"></trkpt>
<trkpt lat="46.007548" lon="-74.107212"></trkpt>
<trkpt lat="46.006674" lon="-74.107937"></trkpt>
<trkpt lat="46.005934" lon="-74.108661"></trkpt>
<trkpt lat="46.005698" lon="-74.108851"></trkpt>
<trkpt lat="46.005411" lon="-74.109031"></trkpt>
<trkpt lat="46.005054" lon="-74.109184"></trkpt>
<trkpt lat="46.004760" lon="-74.109261"></trkpt>
<trkpt lat="46.003662" lon="-74.109265"></trkpt>
<trkpt lat="46.003491" lon="-74.109333"></trkpt>
<trkpt lat="46.002980" lon="-74.109638"></trkpt>
<trkpt lat="46.002464" lon="-74.110060"></trkpt>
<trkpt lat="46.002158" lon="-74.110310"></trkpt>
<trkpt lat="46.001468" lon="-74.110734"></trkpt>
<trkpt lat="46.000552" lon="-74.111059"></trkpt>
<trkpt lat="45.999286" lon="-74.111441"></trkpt>
<trkpt lat="45.998658" lon="-74.111593"></trkpt>
<trkpt lat="45.997410" lon="-74.112013"></trkpt>
<trkpt lat="45.997095" lon="-74.112096"></trkpt>
<trkpt lat="45.996665" lon="-74.112296"></trkpt>
<trkpt lat="45.995061" lon="-74.113213"></trkpt>
<trkpt lat="45.994280" lon="-74.113509"></trkpt>
<trkpt lat="45.992340" lon="-74.114005"></trkpt>
<trkpt lat="45.992071" lon="-74.114126"></trkpt>
<trkpt lat="45.991695" lon="-74.114351"></trkpt>
<trkpt lat="45.991569" lon="-74.114457"></trkpt>
<trkpt lat="45.991132" lon="-74.114941"></trkpt>
<trkpt lat="45.990624" lon="-74.115723"></trkpt>
<trkpt lat="45.990378" lon="-74.116204"></trkpt>
<trkpt lat="45.990246" lon="-74.116480"></trkpt>
<trkpt lat="45.989787" lon="-74.117750"></trkpt>
<trkpt lat="45.989561" lon="-74.118139"></trkpt>
<trkpt lat="45.989359" lon="-74.118378"></trkpt>
<trkpt lat="45.989119" lon="-74.118608"></trkpt>
<trkpt lat="45.988708" lon="-74.118833"></trkpt>
<trkpt lat="45.988402" lon="-74.118896"></trkpt>
<trkpt lat="45.987571" lon="-74.118970"></trkpt>
<trkpt lat="45.987270" lon="-74.119029"></trkpt>
<trkpt lat="45.987004" lon="-74.119155"></trkpt>
<trkpt lat="45.986442" lon="-74.119598"></trkpt>
<trkpt lat="45.986179" lon="-74.119719"></trkpt>
<trkpt lat="45.986006" lon="-74.119751"></trkpt>
<trkpt lat="45.985703" lon="-74.119716"></trkpt>
<trkpt lat="45.985340" lon="-74.119631"></trkpt>
<trkpt lat="45.985107" lon="-74.119618"></trkpt>
<trkpt lat="45.984864" lon="-74.119666"></trkpt>
<trkpt lat="45.984637" lon="-74.119751"></trkpt>
<trkpt lat="45.984344" lon="-74.119944"></trkpt>
<trkpt lat="45.983398" lon="-74.120854"></trkpt>
<trkpt lat="45.983214" lon="-74.121006"></trkpt>
<trkpt lat="45.983097" lon="-74.121060"></trkpt>
<trkpt lat="45.982703" lon="-74.121113"></trkpt>
<trkpt lat="45.982415" lon="-74.121069"></trkpt>
<trkpt lat="45.982067" lon="-74.120932"></trkpt>
<trkpt lat="45.981544" lon="-74.120700"></trkpt>
<trkpt lat="45.981483" lon="-74.120672"></trkpt>
<trkpt lat="45.981389" lon="-74.120638"></trkpt>
<trkpt lat="45.981158" lon="-74.120600"></trkpt>
<trkpt lat="45.980907" lon="-74.120643"></trkpt>
<trkpt lat="45.980772" lon="-74.120696"></trkpt>
<trkpt lat="45.980503" lon="-74.120856"></trkpt>
<trkpt lat="45.980020" lon="-74.121245"></trkpt>
<trkpt lat="45.979868" lon="-74.121362"></trkpt>
<trkpt lat="45.979367" lon="-74.121713"></trkpt>
<trkpt lat="45.979062" lon="-74.121860"></trkpt>
<trkpt lat="45.978719" lon="-74.121956"></trkpt>
<trkpt lat="45.978190" lon="-74.122015"></trkpt>
<trkpt lat="45.977290" lon="-74.122004"></trkpt>
<trkpt lat="45.976945" lon="-74.121933"></trkpt>
<trkpt lat="45.976523" lon="-74.121796"></trkpt>
<trkpt lat="45.976234" lon="-74.121620"></trkpt>
<trkpt lat="45.975818" lon="-74.121304"></trkpt>
<trkpt lat="45.975546" lon="-74.121025"></trkpt>
<trkpt lat="45.975182" lon="-74.120527"></trkpt>
<trkpt lat="45.974990" lon="-74.120181"></trkpt>
<trkpt lat="45.974733" lon="-74.119604"></trkpt>
<trkpt lat="45.974359" lon="-74.118619"></trkpt>
<trkpt lat="45.973529" lon="-74.116293"></trkpt>
<trkpt lat="45.973446" lon="-74.116036"></trkpt>
<trkpt lat="45.973189" lon="-74.115447"></trkpt>
<trkpt lat="45.972988" lon="-74.115088"></trkpt>
<trkpt lat="45.972843" lon="-74.114897"></trkpt>
<trkpt lat="45.972634" lon="-74.114681"></trkpt>
<trkpt lat="45.972372" lon="-74.114504"></trkpt>
<trkpt lat="45.972228" lon="-74.114442"></trkpt>
<trkpt lat="45.971966" lon="-74.114395"></trkpt>
<trkpt lat="45.971669" lon="-74.114387"></trkpt>
<trkpt lat="45.971525" lon="-74.114415"></trkpt>
<trkpt lat="45.971131" lon="-74.114615"></trkpt>
<trkpt lat="45.970879" lon="-74.114869"></trkpt>
<trkpt lat="45.969876" lon="-74.116201"></trkpt>
<trkpt lat="45.969241" lon="-74.116955"></trkpt>
<trkpt lat="45.968598" lon="-74.117598"></trkpt>
<trkpt lat="45.967963" lon="-74.118176"></trkpt>
<trkpt lat="45.967436" lon="-74.118662"></trkpt>
<trkpt lat="45.966328" lon="-74.119776"></trkpt>
<trkpt lat="45.963507" lon="-74.122764"></trkpt>
<trkpt lat="45.962731" lon="-74.123628"></trkpt>
<trkpt lat="45.962517" lon="-74.123876"></trkpt>
<trkpt lat="45.961927" lon="-74.124492"></trkpt>
<trkpt lat="45.961346" lon="-74.125005"></trkpt>
<trkpt lat="45.959876" lon="-74.126278"></trkpt>
<trkpt lat="45.959793" lon="-74.126354"></trkpt>
<trkpt lat="45.959566" lon="-74.126548"></trkpt>
<trkpt lat="45.958398" lon="-74.127579"></trkpt>
<trkpt lat="45.958360" lon="-74.127613"></trkpt>
<trkpt lat="45.958133" lon="-74.127821"></trkpt>
<trkpt lat="45.957945" lon="-74.127991"></trkpt>
<trkpt lat="45.957830" lon="-74.128097"></trkpt>
<trkpt lat="45.957701" lon="-74.128238"></trkpt>
<trkpt lat="45.957650" lon="-74.128295"></trkpt>
<trkpt lat="45.957499" lon="-74.128435"></trkpt>
<trkpt lat="45.957321" lon="-74.128598"></trkpt>
<trkpt lat="45.957093" lon="-74.128826"></trkpt>
<trkpt lat="45.956952" lon="-74.128943"></trkpt>
<trkpt lat="45.956765" lon="-74.129157"></trkpt>
<trkpt lat="45.956670" lon="-74.129265"></trkpt>
<trkpt lat="45.956575" lon="-74.129380"></trkpt>
<trkpt lat="45.956176" lon="-74.129857"></trkpt>
<trkpt lat="45.955748" lon="-74.130371"></trkpt>
<trkpt lat="45.955693" lon="-74.130435"></trkpt>
<trkpt lat="45.955646" lon="-74.130505"></trkpt>
<trkpt lat="45.955486" lon="-74.130735"></trkpt>
<trkpt lat="45.955157" lon="-74.131162"></trkpt>
<trkpt lat="45.955087" lon="-74.131254"></trkpt>
<trkpt lat="45.955023" lon="-74.131333"></trkpt>
<trkpt lat="45.954505" lon="-74.131963"></trkpt>
<trkpt lat="45.954454" lon="-74.132022"></trkpt>
<trkpt lat="45.954397" lon="-74.132087"></trkpt>
<trkpt lat="45.954340" lon="-74.132145"></trkpt>
<trkpt lat="45.954298" lon="-74.132181"></trkpt>
<trkpt lat="45.954198" lon="-74.132264"></trkpt>
<trkpt lat="45.954130" lon="-74.132320"></trkpt>
<trkpt lat="45.954092" lon="-74.132366"></trkpt>
<trkpt lat="45.954054" lon="-74.132410"></trkpt>
<trkpt lat="45.953946" lon="-74.132537"></trkpt>
<trkpt lat="45.953906" lon="-74.132584"></trkpt>
<trkpt lat="45.953840" lon="-74.132665"></trkpt>
<trkpt lat="45.953787" lon="-74.132730"></trkpt>
<trkpt lat="45.953729" lon="-74.132800"></trkpt>
<trkpt lat="45.953665" lon="-74.132876"></trkpt>
<trkpt lat="45.953459" lon="-74.133143"></trkpt>
<trkpt lat="45.953271" lon="-74.133409"></trkpt>
<trkpt lat="45.953147" lon="-74.133594"></trkpt>
<trkpt lat="45.953108" lon="-74.133656"></trkpt>
<trkpt lat="45.953054" lon="-74.133746"></trkpt>
<trkpt lat="45.953022" lon="-74.133799"></trkpt>
<trkpt lat="45.952934" lon="-74.133946"></trkpt>
<trkpt lat="45.952912" lon="-74.133981"></trkpt>
<trkpt lat="45.952853" lon="-74.134074"></trkpt>
<trkpt lat="45.952817" lon="-74.134131"></trkpt>
<trkpt lat="45.952761" lon="-74.134219"></trkpt>
<trkpt lat="45.952660" lon="-74.134378"></trkpt>
<trkpt lat="45.952613" lon="-74.134454"></trkpt>
<trkpt lat="45.952534" lon="-74.134584"></trkpt>
<trkpt lat="45.952409" lon="-74.134788"></trkpt>
<trkpt lat="45.952372" lon="-74.134851"></trkpt>
<trkpt lat="45.952311" lon="-74.134958"></trkpt>
<trkpt lat="45.952205" lon="-74.135128"></trkpt>
<trkpt lat="45.952096" lon="-74.135317"></trkpt>
<trkpt lat="45.952055" lon="-74.135389"></trkpt>
<trkpt lat="45.952024" lon="-74.135444"></trkpt>
<trkpt lat="45.951983" lon="-74.135513"></trkpt>
<trkpt lat="45.952053" lon="-74.135615"></trkpt>
<trkpt lat="45.952224" lon="-74.135866"></trkpt>
<trkpt lat="45.952411" lon="-74.136116"></trkpt>
<trkpt lat="45.952628" lon="-74.136402"></trkpt>
<trkpt lat="45.952928" lon="-74.136771"></trkpt>
<trkpt lat="45.953150" lon="-74.137042"></trkpt>
<trkpt lat="45.953207" lon="-74.137108"></trkpt>
<trkpt lat="45.953257" lon="-74.137167"></trkpt>
<trkpt lat="45.953517" lon="-74.137480"></trkpt>
<trkpt lat="45.953543" lon="-74.137553"></trkpt>
<trkpt lat="45.953566" lon="-74.137619"></trkpt>
<trkpt lat="45.953693" lon="-74.137777"></trkpt>
<trkpt lat="45.953727" lon="-74.137820"></trkpt>
<trkpt lat="45.953756" lon="-74.137856"></trkpt>
<trkpt lat="45.953859" lon="-74.137981"></trkpt>
<trkpt lat="45.953991" lon="-74.138142"></trkpt>
<trkpt lat="45.954119" lon="-74.138295"></trkpt>
<trkpt lat="45.954150" lon="-74.138332"></trkpt>
<trkpt lat="45.954313" lon="-74.138529"></trkpt>
<trkpt lat="45.954561" lon="-74.138828"></trkpt>
<trkpt lat="45.954647" lon="-74.138932"></trkpt>
<trkpt lat="45.954792" lon="-74.139110"></trkpt>
<trkpt lat="45.954865" lon="-74.139200"></trkpt>
<trkpt lat="45.954906" lon="-74.139252"></trkpt>
<trkpt lat="45.954948" lon="-74.139301"></trkpt>
<trkpt lat="45.955045" lon="-74.139417"></trkpt>
<trkpt lat="45.955320" lon="-74.139746"></trkpt>
<trkpt lat="45.955446" lon="-74.139898"></trkpt>
<trkpt lat="45.955580" lon="-74.140059"></trkpt>
<trkpt lat="45.955629" lon="-74.140118"></trkpt>
<trkpt lat="45.955688" lon="-74.140189"></trkpt>
<trkpt lat="45.955749" lon="-74.140263"></trkpt>
<trkpt lat="45.955813" lon="-74.140339"></trkpt>
<trkpt lat="45.955889" lon="-74.140423"></trkpt>
<trkpt lat="45.956116" lon="-74.140672"></trkpt>
<trkpt lat="45.956176" lon="-74.140738"></trkpt>
<trkpt lat="45.956262" lon="-74.140833"></trkpt>
<trkpt lat="45.956321" lon="-74.140898"></trkpt>
<trkpt lat="45.956424" lon="-74.141011"></trkpt>
<trkpt lat="45.956754" lon="-74.141373"></trkpt>
<trkpt lat="45.956987" lon="-74.141629"></trkpt>
<trkpt lat="45.957157" lon="-74.141814"></trkpt>
<trkpt lat="45.957587" lon="-74.142283"></trkpt>
<trkpt lat="45.957758" lon="-74.142468"></trkpt>
<trkpt lat="45.958125" lon="-74.142862"></trkpt>
<trkpt lat="45.958276" lon="-74.143024"></trkpt>
<trkpt lat="45.958405" lon="-74.143162"></trkpt>
<trkpt lat="45.959183" lon="-74.144016"></trkpt>
<trkpt lat="45.959476" lon="-74.144361"></trkpt>
<trkpt lat="45.959832" lon="-74.144839"></trkpt>
<trkpt lat="45.960051" lon="-74.145165"></trkpt>
<trkpt lat="45.960259" lon="-74.145494"></trkpt>
<trkpt lat="45.960625" lon="-74.146143"></trkpt>
<trkpt lat="45.960772" lon="-74.146436"></trkpt>
<trkpt lat="45.960898" lon="-74.146702"></trkpt>
<trkpt lat="45.961013" lon="-74.146949"></trkpt>
<trkpt lat="45.961106" lon="-74.147156"></trkpt>
<trkpt lat="45.961176" lon="-74.147320"></trkpt>
<trkpt lat="45.961301" lon="-74.147599"></trkpt>
<trkpt lat="45.961416" lon="-74.147865"></trkpt>
<trkpt lat="45.961582" lon="-74.147959"></trkpt>
<trkpt lat="45.961747" lon="-74.147986"></trkpt>
<trkpt lat="45.961883" lon="-74.147963"></trkpt>
<trkpt lat="45.961931" lon="-74.147940"></trkpt>
<trkpt lat="45.962616" lon="-74.147608"></trkpt>
<trkpt lat="45.962800" lon="-74.147516"></trkpt>
<trkpt lat="45.962865" lon="-74.147489"></trkpt>
<trkpt lat="45.963160" lon="-74.147364"></trkpt>
<trkpt lat="45.963454" lon="-74.147207"></trkpt>
<trkpt lat="45.963840" lon="-74.146827"></trkpt>
<trkpt lat="45.964034" lon="-74.146655"></trkpt>
<trkpt lat="45.964145" lon="-74.146579"></trkpt>
<trkpt lat="45.964274" lon="-74.146513"></trkpt>
<trkpt lat="45.964452" lon="-74.146440"></trkpt>
<trkpt lat="45.964715" lon="-74.146393"></trkpt>
<trkpt lat="45.964964" lon="-74.146423"></trkpt>
<trkpt lat="45.965097" lon="-74.146482"></trkpt>
<trkpt lat="45.965216" lon="-74.146570"></trkpt>
<trkpt lat="45.965617" lon="-74.146986"></trkpt>
<trkpt lat="45.965697" lon="-74.147074"></trkpt>
<trkpt lat="45.966011" lon="-74.147439"></trkpt>
<trkpt lat="45.966270" lon="-74.147744"></trkpt>
<trkpt lat="45.966684" lon="-74.148184"></trkpt>
<trkpt lat="45.966840" lon="-74.148323"></trkpt>
<trkpt lat="45.966930" lon="-74.148388"></trkpt>
<trkpt lat="45.967224" lon="-74.148501"></trkpt>
<trkpt lat="45.967419" lon="-74.148530"></trkpt>
<trkpt lat="45.967602" lon="-74.148546"></trkpt>
<trkpt lat="45.967956" lon="-74.148569"></trkpt>
<trkpt lat="45.968222" lon="-74.148587"></trkpt>
<trkpt lat="45.968425" lon="-74.148600"></trkpt>
<trkpt lat="45.968658" lon="-74.148623"></trkpt>
<trkpt lat="45.968827" lon="-74.148681"></trkpt>
<trkpt lat="45.968981" lon="-74.148781"></trkpt>
<trkpt lat="45.969156" lon="-74.148982"></trkpt>
<trkpt lat="45.969259" lon="-74.149126"></trkpt>
<trkpt lat="45.969283" lon="-74.149158"></trkpt>
<trkpt lat="45.969701" lon="-74.149743"></trkpt>
<trkpt lat="45.970017" lon="-74.150189"></trkpt>
<trkpt lat="45.970275" lon="-74.150552"></trkpt>
<trkpt lat="45.970577" lon="-74.150987"></trkpt>
<trkpt lat="45.970615" lon="-74.151042"></trkpt>
<trkpt lat="45.970757" lon="-74.151233"></trkpt>
<trkpt lat="45.970898" lon="-74.151422"></trkpt>
<trkpt lat="45.971133" lon="-74.151679"></trkpt>
<trkpt lat="45.971175" lon="-74.151720"></trkpt>
<trkpt lat="45.971355" lon="-74.151901"></trkpt>
<trkpt lat="45.971510" lon="-74.152069"></trkpt>
<trkpt lat="45.971544" lon="-74.152109"></trkpt>
<trkpt lat="45.971725" lon="-74.152348"></trkpt>
<trkpt lat="45.971826" lon="-74.152502"></trkpt>
<trkpt lat="45.972147" lon="-74.153057"></trkpt>
<trkpt lat="45.972734" lon="-74.154079"></trkpt>
<trkpt lat="45.972782" lon="-74.154151"></trkpt>
<trkpt lat="45.972902" lon="-74.154329"></trkpt>
<trkpt lat="45.973154" lon="-74.154694"></trkpt>
<trkpt lat="45.973255" lon="-74.154841"></trkpt>
<trkpt lat="45.973271" lon="-74.154864"></trkpt>
<trkpt lat="45.973648" lon="-74.155411"></trkpt>
<trkpt lat="45.973691" lon="-74.155473"></trkpt>
<trkpt lat="45.973848" lon="-74.155668"></trkpt>
<trkpt lat="45.974066" lon="-74.155857"></trkpt>
<trkpt lat="45.974194" lon="-74.155934"></trkpt>
<trkpt lat="45.974399" lon="-74.156038"></trkpt>
<trkpt lat="45.974420" lon="-74.156050"></trkpt>
<trkpt lat="45.974581" lon="-74.156127"></trkpt>
<trkpt lat="45.974642" lon="-74.156146"></trkpt>
<trkpt lat="45.974742" lon="-74.156160"></trkpt>
<trkpt lat="45.975017" lon="-74.156138"></trkpt>
<trkpt lat="45.975720" lon="-74.155845"></trkpt>
<trkpt lat="45.976113" lon="-74.155754"></trkpt>
<trkpt lat="45.976371" lon="-74.155778"></trkpt>
<trkpt lat="45.976866" lon="-74.155956"></trkpt>
<trkpt lat="45.977381" lon="-74.156205"></trkpt>
<trkpt lat="45.977549" lon="-74.156339"></trkpt>
<trkpt lat="45.977848" lon="-74.156657"></trkpt>
<trkpt lat="45.978166" lon="-74.157101"></trkpt>
<trkpt lat="45.978986" lon="-74.158382"></trkpt>
<trkpt lat="45.979340" lon="-74.158835"></trkpt>
<trkpt lat="45.979786" lon="-74.159292"></trkpt>
<trkpt lat="45.979977" lon="-74.159418"></trkpt>
<trkpt lat="45.980205" lon="-74.159491"></trkpt>
<trkpt lat="45.981092" lon="-74.159654"></trkpt>
<trkpt lat="45.982112" lon="-74.159949"></trkpt>
<trkpt lat="45.982463" lon="-74.160047"></trkpt>
<trkpt lat="45.982897" lon="-74.160234"></trkpt>
<trkpt lat="45.984261" lon="-74.160988"></trkpt>
<trkpt lat="45.984622" lon="-74.161124"></trkpt>
<trkpt lat="45.984895" lon="-74.161177"></trkpt>
<trkpt lat="45.985109" lon="-74.161181"></trkpt>
<trkpt lat="45.985409" lon="-74.161110"></trkpt>
<trkpt lat="45.986139" lon="-74.160953"></trkpt>
<trkpt lat="45.986500" lon="-74.160924"></trkpt>
<trkpt lat="45.987027" lon="-74.160930"></trkpt>
<trkpt lat="45.987951" lon="-74.161165"></trkpt>
<trkpt lat="45.988638" lon="-74.161387"></trkpt>
<trkpt lat="45.988864" lon="-74.161417"></trkpt>
<trkpt lat="45.989107" lon="-74.161453"></trkpt>
<trkpt lat="45.989537" lon="-74.161610"></trkpt>
<trkpt lat="45.989861" lon="-74.161784"></trkpt>
<trkpt lat="45.990191" lon="-74.162034"></trkpt>
<trkpt lat="45.990944" lon="-74.162724"></trkpt>
<trkpt lat="45.991358" lon="-74.163157"></trkpt>
<trkpt lat="45.992240" lon="-74.164119"></trkpt>
<trkpt lat="45.992641" lon="-74.164549"></trkpt>
<trkpt lat="45.993543" lon="-74.165508"></trkpt>
<trkpt lat="45.993863" lon="-74.165724"></trkpt>
<trkpt lat="45.994480" lon="-74.166059"></trkpt>
<trkpt lat="45.994695" lon="-74.166267"></trkpt>
<trkpt lat="45.994868" lon="-74.166496"></trkpt>
<trkpt lat="45.995581" lon="-74.167945"></trkpt>
<trkpt lat="45.995818" lon="-74.168368"></trkpt>
<trkpt lat="45.996227" lon="-74.168994"></trkpt>
<trkpt lat="45.997081" lon="-74.170428"></trkpt>
<trkpt lat="45.997513" lon="-74.171338"></trkpt>
<trkpt lat="45.997817" lon="-74.172225"></trkpt>
<trkpt lat="45.998072" lon="-74.172673"></trkpt>
<trkpt lat="45.999398" lon="-74.174332"></trkpt>
<trkpt lat="46.000518" lon="-74.175864"></trkpt>
<trkpt lat="46.001245" lon="-74.177096"></trkpt>
<trkpt lat="46.001558" lon="-74.177735"></trkpt>
<trkpt lat="46.002193" lon="-74.179592"></trkpt>
<trkpt lat="46.002580" lon="-74.180967"></trkpt>
<trkpt lat="46.002779" lon="-74.181450"></trkpt>
<trkpt lat="46.003888" lon="-74.183134"></trkpt>
<trkpt lat="46.005146" lon="-74.184827"></trkpt>
<trkpt lat="46.005361" lon="-74.185222"></trkpt>
<trkpt lat="46.005586" lon="-74.185754"></trkpt>
<trkpt lat="46.005949" lon="-74.186303"></trkpt>
<trkpt lat="46.006648" lon="-74.187299"></trkpt>
<trkpt lat="46.007014" lon="-74.187920"></trkpt>
<trkpt lat="46.007246" lon="-74.188385"></trkpt>
<trkpt lat="46.007568" lon="-74.189074"></trkpt>
<trkpt lat="46.007674" lon="-74.189416"></trkpt>
<trkpt lat="46.007895" lon="-74.190396"></trkpt>
<trkpt lat="46.007991" lon="-74.190618"></trkpt>
<trkpt lat="46.008136" lon="-74.190841"></trkpt>
<trkpt lat="46.008544" lon="-74.191291"></trkpt>
<trkpt lat="46.008669" lon="-74.191500"></trkpt>
<trkpt lat="46.008759" lon="-74.191769"></trkpt>
<trkpt lat="46.008963" lon="-74.192929"></trkpt>
<trkpt lat="46.008984" lon="-74.193582"></trkpt>
<trkpt lat="46.008765" lon="-74.195389"></trkpt>
<trkpt lat="46.008750" lon="-74.195860"></trkpt>
<trkpt lat="46.008819" lon="-74.196276"></trkpt>
<trkpt lat="46.008921" lon="-74.196517"></trkpt>
<trkpt lat="46.009045" lon="-74.196686"></trkpt>
<trkpt lat="46.009360" lon="-74.197120"></trkpt>
<trkpt lat="46.009855" lon="-74.197804"></trkpt>
<trkpt lat="46.010397" lon="-74.198504"></trkpt>
<trkpt lat="46.010481" lon="-74.198631"></trkpt>
<trkpt lat="46.010629" lon="-74.198952"></trkpt>
<trkpt lat="46.010795" lon="-74.199339"></trkpt>
<trkpt lat="46.011147" lon="-74.200159"></trkpt>
<trkpt lat="46.011568" lon="-74.201137"></trkpt>
<trkpt lat="46.012014" lon="-74.202245"></trkpt>
<trkpt lat="46.012498" lon="-74.203818"></trkpt>
<trkpt lat="46.012597" lon="-74.204169"></trkpt>
<trkpt lat="46.013033" lon="-74.205628"></trkpt>
<trkpt lat="46.013595" lon="-74.207976"></trkpt>
<trkpt lat="46.013819" lon="-74.209169"></trkpt>
<trkpt lat="46.014002" lon="-74.210374"></trkpt>
<trkpt lat="46.014094" lon="-74.210998"></trkpt>
<trkpt lat="46.014246" lon="-74.212016"></trkpt>
<trkpt lat="46.014261" lon="-74.212151"></trkpt>
<trkpt lat="46.014272" lon="-74.212386"></trkpt>
<trkpt lat="46.014414" lon="-74.212785"></trkpt>
<trkpt lat="46.014512" lon="-74.213031"></trkpt>
<trkpt lat="46.014708" lon="-74.213333"></trkpt>
<trkpt lat="46.015892" lon="-74.214954"></trkpt>
<trkpt lat="46.016583" lon="-74.215895"></trkpt>
<trkpt lat="46.016895" lon="-74.216325"></trkpt>
<trkpt lat="46.017363" lon="-74.216997"></trkpt>
<trkpt lat="46.020049" lon="-74.220674"></trkpt>
<trkpt lat="46.022533" lon="-74.224069"></trkpt>
<trkpt lat="46.022611" lon="-74.224181"></trkpt>
<trkpt lat="46.023926" lon="-74.226004"></trkpt>
<trkpt lat="46.024618" lon="-74.226988"></trkpt>
<trkpt lat="46.025587" lon="-74.228286"></trkpt>
<trkpt lat="46.025801" lon="-74.228490"></trkpt>
<trkpt lat="46.026527" lon="-74.228891"></trkpt>
<trkpt lat="46.026671" lon="-74.229026"></trkpt>
<trkpt lat="46.026773" lon="-74.229186"></trkpt>
<trkpt lat="46.026853" lon="-74.229386"></trkpt>
<trkpt lat="46.026924" lon="-74.229698"></trkpt>
<trkpt lat="46.027114" lon="-74.231789"></trkpt>
<trkpt lat="46.027200" lon="-74.232346"></trkpt>
<trkpt lat="46.027330" lon="-74.232952"></trkpt>
<trkpt lat="46.027577" lon="-74.233620"></trkpt>
<trkpt lat="46.027769" lon="-74.233980"></trkpt>
<trkpt lat="46.029042" lon="-74.235842"></trkpt>
<trkpt lat="46.029342" lon="-74.236439"></trkpt>
<trkpt lat="46.029598" lon="-74.237107"></trkpt>
<trkpt lat="46.030013" lon="-74.238484"></trkpt>
<trkpt lat="46.030161" lon="-74.239051"></trkpt>
<trkpt lat="46.030358" lon="-74.240250"></trkpt>
<trkpt lat="46.030480" lon="-74.241075"></trkpt>
<trkpt lat="46.030631" lon="-74.242184"></trkpt>
<trkpt lat="46.030969" lon="-74.244260"></trkpt>
<trkpt lat="46.031008" lon="-74.244660"></trkpt>
<trkpt lat="46.031048" lon="-74.245331"></trkpt>
<trkpt lat="46.031067" lon="-74.246833"></trkpt>
<trkpt lat="46.031034" lon="-74.248447"></trkpt>
<trkpt lat="46.031170" lon="-74.249815"></trkpt>
<trkpt lat="46.031186" lon="-74.250389"></trkpt>
<trkpt lat="46.031101" lon="-74.252076"></trkpt>
<trkpt lat="46.031149" lon="-74.252411"></trkpt>
<trkpt lat="46.031306" lon="-74.252990"></trkpt>
<trkpt lat="46.031480" lon="-74.253492"></trkpt>
<trkpt lat="46.031864" lon="-74.254378"></trkpt>
<trkpt lat="46.032074" lon="-74.254931"></trkpt>
<trkpt lat="46.032341" lon="-74.255755"></trkpt>
<trkpt lat="46.032571" lon="-74.256553"></trkpt>
<trkpt lat="46.032756" lon="-74.257313"></trkpt>
<trkpt lat="46.033073" lon="-74.258962"></trkpt>
<trkpt lat="46.033079" lon="-74.258984"></trkpt>
<trkpt lat="46.033118" lon="-74.259104"></trkpt>
<trkpt lat="46.033219" lon="-74.259387"></trkpt>
<trkpt lat="46.033347" lon="-74.259631"></trkpt>
<trkpt lat="46.033501" lon="-74.259822"></trkpt>
<trkpt lat="46.033673" lon="-74.259975"></trkpt>
<trkpt lat="46.034459" lon="-74.260456"></trkpt>
<trkpt lat="46.034838" lon="-74.260619"></trkpt>
<trkpt lat="46.035614" lon="-74.260841"></trkpt>
<trkpt lat="46.036713" lon="-74.260994"></trkpt>
<trkpt lat="46.037497" lon="-74.261113"></trkpt>
<trkpt lat="46.037912" lon="-74.261276"></trkpt>
<trkpt lat="46.038300" lon="-74.261542"></trkpt>
<trkpt lat="46.039260" lon="-74.262330"></trkpt>
<trkpt lat="46.039657" lon="-74.262571"></trkpt>
<trkpt lat="46.040316" lon="-74.262820"></trkpt>
<trkpt lat="46.040505" lon="-74.262908"></trkpt>
<trkpt lat="46.040876" lon="-74.263239"></trkpt>
<trkpt lat="46.041686" lon="-74.264170"></trkpt>
<trkpt lat="46.041856" lon="-74.264333"></trkpt>
<trkpt lat="46.042053" lon="-74.264465"></trkpt>
<trkpt lat="46.042235" lon="-74.264539"></trkpt>
<trkpt lat="46.042367" lon="-74.264575"></trkpt>
<trkpt lat="46.042577" lon="-74.264583"></trkpt>
<trkpt lat="46.042688" lon="-74.264569"></trkpt>
<trkpt lat="46.042890" lon="-74.264520"></trkpt>
<trkpt lat="46.043007" lon="-74.264477"></trkpt>
<trkpt lat="46.043028" lon="-74.264634"></trkpt>
<trkpt lat="46.043063" lon="-74.264870"></trkpt>
<trkpt lat="46.043078" lon="-74.264969"></trkpt>
<trkpt lat="46.043107" lon="-74.265173"></trkpt>
<trkpt lat="46.043122" lon="-74.265273"></trkpt>
<trkpt lat="46.043162" lon="-74.265541"></trkpt>
<trkpt lat="46.043174" lon="-74.265618"></trkpt>
<trkpt lat="46.043185" lon="-74.265685"></trkpt>
<trkpt lat="46.043209" lon="-74.265841"></trkpt>
<trkpt lat="46.043270" lon="-74.266229"></trkpt>
<trkpt lat="46.043286" lon="-74.266331"></trkpt>
<trkpt lat="46.043367" lon="-74.266460"></trkpt>
<trkpt lat="46.043412" lon="-74.266727"></trkpt>
<trkpt lat="46.043452" lon="-74.266956"></trkpt>
<trkpt lat="46.043478" lon="-74.267101"></trkpt>
<trkpt lat="46.043537" lon="-74.267451"></trkpt>
<trkpt lat="46.043549" lon="-74.267520"></trkpt>
<trkpt lat="46.043578" lon="-74.267680"></trkpt>
<trkpt lat="46.043620" lon="-74.267916"></trkpt>
<trkpt lat="46.043646" lon="-74.268070"></trkpt>
<trkpt lat="46.043725" lon="-74.268535"></trkpt>
<trkpt lat="46.043748" lon="-74.268669"></trkpt>
<trkpt lat="46.043784" lon="-74.268871"></trkpt>
<trkpt lat="46.043805" lon="-74.268991"></trkpt>
<trkpt lat="46.043833" lon="-74.269154"></trkpt>
<trkpt lat="46.043843" lon="-74.269210"></trkpt>
<trkpt lat="46.043859" lon="-74.269305"></trkpt>
<trkpt lat="46.043904" lon="-74.269569"></trkpt>
<trkpt lat="46.043936" lon="-74.269747"></trkpt>
<trkpt lat="46.043953" lon="-74.269851"></trkpt>
<trkpt lat="46.044044" lon="-74.270357"></trkpt>
<trkpt lat="46.044034" lon="-74.270579"></trkpt>
<trkpt lat="46.044031" lon="-74.270643"></trkpt>
<trkpt lat="46.044074" lon="-74.270883"></trkpt>
<trkpt lat="46.044101" lon="-74.271034"></trkpt>
<trkpt lat="46.044168" lon="-74.271424"></trkpt>
<trkpt lat="46.044184" lon="-74.271514"></trkpt>
<trkpt lat="46.044199" lon="-74.271596"></trkpt>
<trkpt lat="46.044242" lon="-74.271824"></trkpt>
<trkpt lat="46.044272" lon="-74.271981"></trkpt>
<trkpt lat="46.044291" lon="-74.272030"></trkpt>
<trkpt lat="46.044330" lon="-74.272126"></trkpt>
<trkpt lat="46.044371" lon="-74.272229"></trkpt>
<trkpt lat="46.044386" lon="-74.272312"></trkpt>
<trkpt lat="46.044447" lon="-74.272656"></trkpt>
<trkpt lat="46.044468" lon="-74.272771"></trkpt>
<trkpt lat="46.044487" lon="-74.272876"></trkpt>
<trkpt lat="46.044518" lon="-74.273048"></trkpt>
<trkpt lat="46.044560" lon="-74.273279"></trkpt>
<trkpt lat="46.044559" lon="-74.273362"></trkpt>
<trkpt lat="46.044559" lon="-74.273401"></trkpt>
<trkpt lat="46.044556" lon="-74.273580"></trkpt>
<trkpt lat="46.044578" lon="-74.273704"></trkpt>
<trkpt lat="46.044624" lon="-74.273972"></trkpt>
<trkpt lat="46.044658" lon="-74.274165"></trkpt>
<trkpt lat="46.044678" lon="-74.274281"></trkpt>
<trkpt lat="46.044721" lon="-74.274525"></trkpt>
<trkpt lat="46.044732" lon="-74.274590"></trkpt>
<trkpt lat="46.044765" lon="-74.274777"></trkpt>
<trkpt lat="46.044773" lon="-74.274819"></trkpt>
<trkpt lat="46.044831" lon="-74.275138"></trkpt>
<trkpt lat="46.044852" lon="-74.275248"></trkpt>
<trkpt lat="46.044878" lon="-74.275398"></trkpt>
<trkpt lat="46.044917" lon="-74.275615"></trkpt>
<trkpt lat="46.044992" lon="-74.275753"></trkpt>
<trkpt lat="46.045013" lon="-74.275869"></trkpt>
<trkpt lat="46.045099" lon="-74.276304"></trkpt>
<trkpt lat="46.045131" lon="-74.276460"></trkpt>
<trkpt lat="46.045177" lon="-74.276652"></trkpt>
<trkpt lat="46.045220" lon="-74.276832"></trkpt>
<trkpt lat="46.045257" lon="-74.276975"></trkpt>
<trkpt lat="46.045323" lon="-74.277247"></trkpt>
<trkpt lat="46.045342" lon="-74.277327"></trkpt>
<trkpt lat="46.045377" lon="-74.277462"></trkpt>
<trkpt lat="46.045394" lon="-74.277520"></trkpt>
<trkpt lat="46.045473" lon="-74.277741"></trkpt>
<trkpt lat="46.045509" lon="-74.277803"></trkpt>
<trkpt lat="46.045571" lon="-74.277886"></trkpt>
<trkpt lat="46.045672" lon="-74.277953"></trkpt>
<trkpt lat="46.045730" lon="-74.278119"></trkpt>
<trkpt lat="46.045723" lon="-74.278226"></trkpt>
<trkpt lat="46.045685" lon="-74.278322"></trkpt>
<trkpt lat="46.045620" lon="-74.278390"></trkpt>
<trkpt lat="46.045565" lon="-74.278410"></trkpt>
<trkpt lat="46.045539" lon="-74.278470"></trkpt>
<trkpt lat="46.045501" lon="-74.278694"></trkpt>
<trkpt lat="46.045492" lon="-74.278849"></trkpt>
<trkpt lat="46.045522" lon="-74.279016"></trkpt>
<trkpt lat="46.045553" lon="-74.279184"></trkpt>
<trkpt lat="46.045609" lon="-74.279490"></trkpt>
<trkpt lat="46.045619" lon="-74.279544"></trkpt>
<trkpt lat="46.045650" lon="-74.279717"></trkpt>
<trkpt lat="46.045673" lon="-74.279852"></trkpt>
<trkpt lat="46.045690" lon="-74.279945"></trkpt>
<trkpt lat="46.045705" lon="-74.280036"></trkpt>
<trkpt lat="46.045761" lon="-74.280348"></trkpt>
<trkpt lat="46.045794" lon="-74.280526"></trkpt>
<trkpt lat="46.045825" lon="-74.280692"></trkpt>
<trkpt lat="46.045838" lon="-74.280764"></trkpt>
<trkpt lat="46.045854" lon="-74.280847"></trkpt>
<trkpt lat="46.046057" lon="-74.281868"></trkpt>
<trkpt lat="46.046071" lon="-74.281938"></trkpt>
<trkpt lat="46.045989" lon="-74.281976"></trkpt>
<trkpt lat="46.045290" lon="-74.282297"></trkpt>
<trkpt lat="46.044508" lon="-74.282673"></trkpt>
<trkpt lat="46.042978" lon="-74.283408"></trkpt>
<trkpt lat="46.041414" lon="-74.284156"></trkpt>
<trkpt lat="46.039891" lon="-74.284841"></trkpt>
<trkpt lat="46.039294" lon="-74.285088"></trkpt>
<trkpt lat="46.039091" lon="-74.285081"></trkpt>
<trkpt lat="46.039001" lon="-74.285093"></trkpt>
<trkpt lat="46.037796" lon="-74.285086"></trkpt>
<trkpt lat="46.037338" lon="-74.285138"></trkpt>
<trkpt lat="46.036660" lon="-74.285393"></trkpt>
<trkpt lat="46.036115" lon="-74.285396"></trkpt>
<trkpt lat="46.035870" lon="-74.285324"></trkpt>
<trkpt lat="46.035645" lon="-74.285194"></trkpt>
<trkpt lat="46.034649" lon="-74.284401"></trkpt>
<trkpt lat="46.034418" lon="-74.284263"></trkpt>
<trkpt lat="46.034202" lon="-74.284188"></trkpt>
<trkpt lat="46.034001" lon="-74.284176"></trkpt>
<trkpt lat="46.033749" lon="-74.284236"></trkpt>
<trkpt lat="46.033482" lon="-74.284429"></trkpt>
<trkpt lat="46.033366" lon="-74.284574"></trkpt>
<trkpt lat="46.032763" lon="-74.285647"></trkpt>
<trkpt lat="46.032612" lon="-74.285869"></trkpt>
<trkpt lat="46.032353" lon="-74.286234"></trkpt>
<trkpt lat="46.032059" lon="-74.286500"></trkpt>
<trkpt lat="46.031771" lon="-74.286663"></trkpt>
<trkpt lat="46.031498" lon="-74.286760"></trkpt>
<trkpt lat="46.031247" lon="-74.286807"></trkpt>
<trkpt lat="46.030255" lon="-74.286674"></trkpt>
<trkpt lat="46.028485" lon="-74.286333"></trkpt>
<trkpt lat="46.026238" lon="-74.286088"></trkpt>
<trkpt lat="46.022486" lon="-74.285867"></trkpt>
<trkpt lat="46.022116" lon="-74.285792"></trkpt>
<trkpt lat="46.021712" lon="-74.285631"></trkpt>
<trkpt lat="46.021223" lon="-74.285407"></trkpt>
<trkpt lat="46.020561" lon="-74.285044"></trkpt>
<trkpt lat="46.019679" lon="-74.284622"></trkpt>
<trkpt lat="46.018816" lon="-74.284377"></trkpt>
<trkpt lat="46.018544" lon="-74.284355"></trkpt>
<trkpt lat="46.017411" lon="-74.284381"></trkpt>
<trkpt lat="46.015486" lon="-74.284356"></trkpt>
<trkpt lat="46.014728" lon="-74.284437"></trkpt>
<trkpt lat="46.014089" lon="-74.284595"></trkpt>
<trkpt lat="46.012080" lon="-74.285237"></trkpt>
<trkpt lat="46.010664" lon="-74.285709"></trkpt>
<trkpt lat="46.010285" lon="-74.285852"></trkpt>
<trkpt lat="46.009861" lon="-74.286091"></trkpt>
<trkpt lat="46.009580" lon="-74.286353"></trkpt>
<trkpt lat="46.009318" lon="-74.286801"></trkpt>
<trkpt lat="46.009108" lon="-74.287437"></trkpt>
<trkpt lat="46.009015" lon="-74.288098"></trkpt>
<trkpt lat="46.009050" lon="-74.290452"></trkpt>
<trkpt lat="46.008996" lon="-74.291685"></trkpt>
<trkpt lat="46.008837" lon="-74.292647"></trkpt>
<trkpt lat="46.007361" lon="-74.297574"></trkpt>
<trkpt lat="46.007051" lon="-74.298257"></trkpt>
<trkpt lat="46.006706" lon="-74.298798"></trkpt>
<trkpt lat="46.006296" lon="-74.299291"></trkpt>
<trkpt lat="46.005623" lon="-74.299866"></trkpt>
<trkpt lat="46.003496" lon="-74.301593"></trkpt>
<trkpt lat="46.002534" lon="-74.302254"></trkpt>
<trkpt lat="46.001538" lon="-74.302706"></trkpt>
<trkpt lat="45.999408" lon="-74.303530"></trkpt>
<trkpt lat="45.998671" lon="-74.303931"></trkpt>
<trkpt lat="45.997074" lon="-74.305192"></trkpt>
<trkpt lat="45.996465" lon="-74.305512"></trkpt>
<trkpt lat="45.995944" lon="-74.305599"></trkpt>
<trkpt lat="45.993256" lon="-74.305813"></trkpt>
<trkpt lat="45.992611" lon="-74.305980"></trkpt>
<trkpt lat="45.992100" lon="-74.306387"></trkpt>
<trkpt lat="45.991665" lon="-74.307067"></trkpt>
<trkpt lat="45.991520" lon="-74.307456"></trkpt>
<trkpt lat="45.991367" lon="-74.308097"></trkpt>
<trkpt lat="45.991338" lon="-74.308556"></trkpt>
<trkpt lat="45.991454" lon="-74.310357"></trkpt>
<trkpt lat="45.991367" lon="-74.311430"></trkpt>
<trkpt lat="45.991128" lon="-74.312303"></trkpt>
<trkpt lat="45.990719" lon="-74.313251"></trkpt>
<trkpt lat="45.989757" lon="-74.315478"></trkpt>
<trkpt lat="45.989535" lon="-74.316051"></trkpt>
<trkpt lat="45.989339" lon="-74.316937"></trkpt>
<trkpt lat="45.989265" lon="-74.317454"></trkpt>
<trkpt lat="45.989252" lon="-74.318374"></trkpt>
<trkpt lat="45.989179" lon="-74.319223"></trkpt>
<trkpt lat="45.989103" lon="-74.319642"></trkpt>
<trkpt lat="45.988982" lon="-74.320061"></trkpt>
<trkpt lat="45.988791" lon="-74.320541"></trkpt>
<trkpt lat="45.988027" lon="-74.321916"></trkpt>
<trkpt lat="45.987670" lon="-74.322774"></trkpt>
<trkpt lat="45.987010" lon="-74.324612"></trkpt>
<trkpt lat="45.986420" lon="-74.325832"></trkpt>
<trkpt lat="45.985379" lon="-74.327686"></trkpt>
<trkpt lat="45.984739" lon="-74.329032"></trkpt>
<trkpt lat="45.984211" lon="-74.329555"></trkpt>
<trkpt lat="45.981977" lon="-74.330842"></trkpt>
<trkpt lat="45.981708" lon="-74.330892"></trkpt>
<trkpt lat="45.981382" lon="-74.330746"></trkpt>
<trkpt lat="45.981065" lon="-74.330511"></trkpt>
<trkpt lat="45.980604" lon="-74.330333"></trkpt>
<trkpt lat="45.980230" lon="-74.330306"></trkpt>
<trkpt lat="45.980247" lon="-74.329028"></trkpt>
<trkpt lat="45.980231" lon="-74.328788"></trkpt>
<trkpt lat="45.980158" lon="-74.328606"></trkpt>
<trkpt lat="45.980028" lon="-74.328424"></trkpt>
<trkpt lat="45.979230" lon="-74.327657"></trkpt>
<trkpt lat="45.978980" lon="-74.327318"></trkpt>
<trkpt lat="45.978807" lon="-74.326972"></trkpt>
<trkpt lat="45.978706" lon="-74.326663"></trkpt>
<trkpt lat="45.978250" lon="-74.324078"></trkpt>
<trkpt lat="45.977992" lon="-74.323096"></trkpt>
<trkpt lat="45.977700" lon="-74.322415"></trkpt>
<trkpt lat="45.976754" lon="-74.320761"></trkpt>
<trkpt lat="45.975929" lon="-74.319674"></trkpt>
<trkpt lat="45.975526" lon="-74.319272"></trkpt>
<trkpt lat="45.975007" lon="-74.318897"></trkpt>
<trkpt lat="45.974814" lon="-74.318809"></trkpt>
<trkpt lat="45.973042" lon="-74.318561"></trkpt>
<trkpt lat="45.972853" lon="-74.318511"></trkpt>
<trkpt lat="45.972626" lon="-74.318320"></trkpt>
<trkpt lat="45.972445" lon="-74.318026"></trkpt>
<trkpt lat="45.972345" lon="-74.317834"></trkpt>
<trkpt lat="45.972317" lon="-74.317731"></trkpt>
<trkpt lat="45.971696" lon="-74.316280"></trkpt>
<trkpt lat="45.971413" lon="-74.315772"></trkpt>
<trkpt lat="45.971334" lon="-74.315722"></trkpt>
<trkpt lat="45.971198" lon="-74.315782"></trkpt>
<trkpt lat="45.971001" lon="-74.315974"></trkpt>
<trkpt lat="45.970802" lon="-74.316123"></trkpt>
<trkpt lat="45.970589" lon="-74.316274"></trkpt>
<trkpt lat="45.970230" lon="-74.316491"></trkpt>
<trkpt lat="45.969971" lon="-74.316688"></trkpt>
<trkpt lat="45.969613" lon="-74.317067"></trkpt>
<trkpt lat="45.969246" lon="-74.317471"></trkpt>
<trkpt lat="45.969122" lon="-74.317705"></trkpt>
<trkpt lat="45.968815" lon="-74.319090"></trkpt>
<trkpt lat="45.968682" lon="-74.319409"></trkpt>
<trkpt lat="45.968459" lon="-74.319766"></trkpt>
<trkpt lat="45.968119" lon="-74.320105"></trkpt>
<trkpt lat="45.968029" lon="-74.320145"></trkpt>
<trkpt lat="45.967840" lon="-74.320148"></trkpt>
<trkpt lat="45.967444" lon="-74.320018"></trkpt>
<trkpt lat="45.967219" lon="-74.320065"></trkpt>
<trkpt lat="45.967075" lon="-74.320209"></trkpt>
<trkpt lat="45.966853" lon="-74.320689"></trkpt>
<trkpt lat="45.966784" lon="-74.321129"></trkpt>
<trkpt lat="45.966776" lon="-74.321270"></trkpt>
<trkpt lat="45.966929" lon="-74.322953"></trkpt>
<trkpt lat="45.966918" lon="-74.323941"></trkpt>
<trkpt lat="45.966876" lon="-74.324480"></trkpt>
<trkpt lat="45.966845" lon="-74.324884"></trkpt>
<trkpt lat="45.966635" lon="-74.325770"></trkpt>
<trkpt lat="45.966315" lon="-74.327123"></trkpt>
<trkpt lat="45.966301" lon="-74.327404"></trkpt>
<trkpt lat="45.966339" lon="-74.328129"></trkpt>
<trkpt lat="45.966435" lon="-74.329081"></trkpt>
<trkpt lat="45.966580" lon="-74.330601"></trkpt>
<trkpt lat="45.966604" lon="-74.331082"></trkpt>
<trkpt lat="45.966260" lon="-74.330834"></trkpt>
<trkpt lat="45.964812" lon="-74.329705"></trkpt>
<trkpt lat="45.964297" lon="-74.329266"></trkpt>
<trkpt lat="45.964225" lon="-74.329204"></trkpt>
<trkpt lat="45.963942" lon="-74.328913"></trkpt>
<trkpt lat="45.962243" lon="-74.326985"></trkpt>
<trkpt lat="45.961949" lon="-74.326745"></trkpt>
<trkpt lat="45.961404" lon="-74.326386"></trkpt>
<trkpt lat="45.960889" lon="-74.326172"></trkpt>
<trkpt lat="45.959321" lon="-74.325880"></trkpt>
<trkpt lat="45.958731" lon="-74.325715"></trkpt>
<trkpt lat="45.958247" lon="-74.325506"></trkpt>
<trkpt lat="45.957149" lon="-74.324853"></trkpt>
<trkpt lat="45.955252" lon="-74.323661"></trkpt>
<trkpt lat="45.954397" lon="-74.323257"></trkpt>
<trkpt lat="45.953621" lon="-74.322986"></trkpt>
<trkpt lat="45.952184" lon="-74.322644"></trkpt>
<trkpt lat="45.951099" lon="-74.322374"></trkpt>
<trkpt lat="45.950371" lon="-74.322217"></trkpt>
<trkpt lat="45.949849" lon="-74.322104"></trkpt>
<trkpt lat="45.949488" lon="-74.322059"></trkpt>
<trkpt lat="45.949145" lon="-74.322084"></trkpt>
<trkpt lat="45.948580" lon="-74.322212"></trkpt>
<trkpt lat="45.948171" lon="-74.322428"></trkpt>
<trkpt lat="45.946863" lon="-74.323354"></trkpt>
<trkpt lat="45.946387" lon="-74.323647"></trkpt>
<trkpt lat="45.946037" lon="-74.323780"></trkpt>
<trkpt lat="45.945622" lon="-74.323875"></trkpt>
<trkpt lat="45.945207" lon="-74.323872"></trkpt>
<trkpt lat="45.944803" lon="-74.323790"></trkpt>
<trkpt lat="45.944403" lon="-74.323594"></trkpt>
<trkpt lat="45.944042" lon="-74.323347"></trkpt>
<trkpt lat="45.943696" lon="-74.323063"></trkpt>
<trkpt lat="45.943467" lon="-74.322788"></trkpt>
<trkpt lat="45.943204" lon="-74.322403"></trkpt>
<trkpt lat="45.942988" lon="-74.321973"></trkpt>
<trkpt lat="45.942808" lon="-74.321414"></trkpt>
<trkpt lat="45.942584" lon="-74.320393"></trkpt>
<trkpt lat="45.942456" lon="-74.318870"></trkpt>
<trkpt lat="45.942453" lon="-74.318338"></trkpt>
<trkpt lat="45.942417" lon="-74.315360"></trkpt>
<trkpt lat="45.942401" lon="-74.314644"></trkpt>
<trkpt lat="45.942337" lon="-74.313924"></trkpt>
<trkpt lat="45.942201" lon="-74.313242"></trkpt>
<trkpt lat="45.941913" lon="-74.312461"></trkpt>
<trkpt lat="45.941625" lon="-74.311976"></trkpt>
<trkpt lat="45.941268" lon="-74.311535"></trkpt>
<trkpt lat="45.940753" lon="-74.311042"></trkpt>
<trkpt lat="45.940209" lon="-74.310769"></trkpt>
<trkpt lat="45.939655" lon="-74.310667"></trkpt>
<trkpt lat="45.939168" lon="-74.310654"></trkpt>
<trkpt lat="45.938646" lon="-74.310815"></trkpt>
<trkpt lat="45.938044" lon="-74.311100"></trkpt>
<trkpt lat="45.937155" lon="-74.311565"></trkpt>
<trkpt lat="45.936740" lon="-74.311734"></trkpt>
<trkpt lat="45.936321" lon="-74.311746"></trkpt>
<trkpt lat="45.935839" lon="-74.311653"></trkpt>
<trkpt lat="45.935591" lon="-74.311575"></trkpt>
<trkpt lat="45.935341" lon="-74.311440"></trkpt>
<trkpt lat="45.935091" lon="-74.311242"></trkpt>
<trkpt lat="45.934797" lon="-74.310915"></trkpt>
<trkpt lat="45.934100" lon="-74.309951"></trkpt>
<trkpt lat="45.933837" lon="-74.309641"></trkpt>
<trkpt lat="45.933469" lon="-74.309313"></trkpt>
<trkpt lat="45.933128" lon="-74.309115"></trkpt>
<trkpt lat="45.932193" lon="-74.308753"></trkpt>
<trkpt lat="45.931902" lon="-74.308569"></trkpt>
<trkpt lat="45.931582" lon="-74.308299"></trkpt>
<trkpt lat="45.931177" lon="-74.307852"></trkpt>
<trkpt lat="45.930742" lon="-74.307233"></trkpt>
<trkpt lat="45.930453" lon="-74.306655"></trkpt>
<trkpt lat="45.930290" lon="-74.306107"></trkpt>
<trkpt lat="45.930154" lon="-74.305467"></trkpt>
<trkpt lat="45.930080" lon="-74.304746"></trkpt>
<trkpt lat="45.930088" lon="-74.303863"></trkpt>
<trkpt lat="45.930138" lon="-74.303001"></trkpt>
<trkpt lat="45.930236" lon="-74.300880"></trkpt>
<trkpt lat="45.930229" lon="-74.300311"></trkpt>
<trkpt lat="45.930178" lon="-74.299691"></trkpt>
<trkpt lat="45.930127" lon="-74.299324"></trkpt>
<trkpt lat="45.929914" lon="-74.298534"></trkpt>
<trkpt lat="45.929436" lon="-74.297418"></trkpt>
<trkpt lat="45.928839" lon="-74.296388"></trkpt>
<trkpt lat="45.927991" lon="-74.295209"></trkpt>
<trkpt lat="45.926534" lon="-74.293184"></trkpt>
<trkpt lat="45.925443" lon="-74.291718"></trkpt>
<trkpt lat="45.924993" lon="-74.290945"></trkpt>
<trkpt lat="45.924568" lon="-74.289730"></trkpt>
<trkpt lat="45.924446" lon="-74.288594"></trkpt>
<trkpt lat="45.924496" lon="-74.287664"></trkpt>
<trkpt lat="45.924714" lon="-74.285745"></trkpt>
<trkpt lat="45.924877" lon="-74.284135"></trkpt>
<trkpt lat="45.924901" lon="-74.282713"></trkpt>
<trkpt lat="45.924881" lon="-74.280674"></trkpt>
<trkpt lat="45.924877" lon="-74.280280"></trkpt>
<trkpt lat="45.924877" lon="-74.279672"></trkpt>
<trkpt lat="45.925024" lon="-74.278116"></trkpt>
<trkpt lat="45.925182" lon="-74.277172"></trkpt>
<trkpt lat="45.925381" lon="-74.276100"></trkpt>
<trkpt lat="45.925632" lon="-74.274800"></trkpt>
<trkpt lat="45.925696" lon="-74.274152"></trkpt>
<trkpt lat="45.925674" lon="-74.273321"></trkpt>
<trkpt lat="45.925564" lon="-74.272657"></trkpt>
<trkpt lat="45.925235" lon="-74.271518"></trkpt>
<trkpt lat="45.924560" lon="-74.269375"></trkpt>
<trkpt lat="45.924461" lon="-74.268908"></trkpt>
<trkpt lat="45.924208" lon="-74.267713"></trkpt>
<trkpt lat="45.923802" lon="-74.265081"></trkpt>
<trkpt lat="45.923600" lon="-74.264107"></trkpt>
<trkpt lat="45.923264" lon="-74.263015"></trkpt>
<trkpt lat="45.923143" lon="-74.262703"></trkpt>
<trkpt lat="45.922966" lon="-74.262248"></trkpt>
<trkpt lat="45.922735" lon="-74.261841"></trkpt>
<trkpt lat="45.922543" lon="-74.261545"></trkpt>
<trkpt lat="45.921988" lon="-74.260734"></trkpt>
<trkpt lat="45.921603" lon="-74.260300"></trkpt>
<trkpt lat="45.921376" lon="-74.260094"></trkpt>
<trkpt lat="45.921266" lon="-74.259988"></trkpt>
<trkpt lat="45.920835" lon="-74.259637"></trkpt>
<trkpt lat="45.920353" lon="-74.259241"></trkpt>
<trkpt lat="45.919812" lon="-74.258796"></trkpt>
<trkpt lat="45.918697" lon="-74.257854"></trkpt>
<trkpt lat="45.918371" lon="-74.257594"></trkpt>
<trkpt lat="45.917172" lon="-74.256644"></trkpt>
<trkpt lat="45.916863" lon="-74.256466"></trkpt>
<trkpt lat="45.916473" lon="-74.256317"></trkpt>
<trkpt lat="45.916156" lon="-74.256261"></trkpt>
<trkpt lat="45.915715" lon="-74.256261"></trkpt>
<trkpt lat="45.915200" lon="-74.256352"></trkpt>
<trkpt lat="45.914774" lon="-74.256549"></trkpt>
<trkpt lat="45.914050" lon="-74.256963"></trkpt>
<trkpt lat="45.912055" lon="-74.258181"></trkpt>
<trkpt lat="45.911389" lon="-74.258588"></trkpt>
<trkpt lat="45.909452" lon="-74.259863"></trkpt>
<trkpt lat="45.908741" lon="-74.260333"></trkpt>
<trkpt lat="45.908189" lon="-74.257953"></trkpt>
<trkpt lat="45.907636" lon="-74.255569"></trkpt>
<trkpt lat="45.907501" lon="-74.255620"></trkpt>
<trkpt lat="45.907384" lon="-74.255616"></trkpt>
<trkpt lat="45.907297" lon="-74.255544"></trkpt>
<trkpt lat="45.906536" lon="-74.254495"></trkpt>
<trkpt lat="45.906126" lon="-74.253839"></trkpt>
<trkpt lat="45.906011" lon="-74.253714"></trkpt>
<trkpt lat="45.905891" lon="-74.253677"></trkpt>
<trkpt lat="45.904397" lon="-74.253738"></trkpt>
<trkpt lat="45.903991" lon="-74.253807"></trkpt>
<trkpt lat="45.903809" lon="-74.253876"></trkpt>
<trkpt lat="45.903105" lon="-74.254436"></trkpt>
<trkpt lat="45.902917" lon="-74.254499"></trkpt>
<trkpt lat="45.902758" lon="-74.254478"></trkpt>
<trkpt lat="45.902615" lon="-74.254411"></trkpt>
<trkpt lat="45.902436" lon="-74.254253"></trkpt>
<trkpt lat="45.902115" lon="-74.253792"></trkpt>
<trkpt lat="45.901592" lon="-74.253044"></trkpt>
<trkpt lat="45.902505" lon="-74.251341"></trkpt>
<trkpt lat="45.902733" lon="-74.250781"></trkpt>
<trkpt lat="45.903042" lon="-74.249947"></trkpt>
<trkpt lat="45.903354" lon="-74.249106"></trkpt>
<trkpt lat="45.903731" lon="-74.248074"></trkpt>
<trkpt lat="45.903867" lon="-74.247679"></trkpt>
<trkpt lat="45.903912" lon="-74.247492"></trkpt>
<trkpt lat="45.903917" lon="-74.247326"></trkpt>
<trkpt lat="45.903875" lon="-74.247134"></trkpt>
<trkpt lat="45.903688" lon="-74.246694"></trkpt>
<trkpt lat="45.903593" lon="-74.246320"></trkpt>
<trkpt lat="45.903616" lon="-74.246045"></trkpt>
<trkpt lat="45.903754" lon="-74.245724"></trkpt>
<trkpt lat="45.903932" lon="-74.245362"></trkpt>
<trkpt lat="45.904032" lon="-74.245102"></trkpt>
<trkpt lat="45.904047" lon="-74.244968"></trkpt>
<trkpt lat="45.904039" lon="-74.244533"></trkpt>
<trkpt lat="45.903785" lon="-74.242376"></trkpt>
<trkpt lat="45.903735" lon="-74.241467"></trkpt>
<trkpt lat="45.903760" lon="-74.240603"></trkpt>
<trkpt lat="45.903934" lon="-74.239422"></trkpt>
<trkpt lat="45.904124" lon="-74.238315"></trkpt>
<trkpt lat="45.904283" lon="-74.237699"></trkpt>
<trkpt lat="45.904442" lon="-74.237275"></trkpt>
<trkpt lat="45.904660" lon="-74.236821"></trkpt>
<trkpt lat="45.905170" lon="-74.235913"></trkpt>
<trkpt lat="45.905295" lon="-74.235690"></trkpt>
<trkpt lat="45.906321" lon="-74.233964"></trkpt>
<trkpt lat="45.906630" lon="-74.233445"></trkpt>
<trkpt lat="45.907692" lon="-74.231674"></trkpt>
<trkpt lat="45.908293" lon="-74.230727"></trkpt>
<trkpt lat="45.908757" lon="-74.230032"></trkpt>
<trkpt lat="45.909297" lon="-74.229221"></trkpt>
<trkpt lat="45.909519" lon="-74.228826"></trkpt>
<trkpt lat="45.909680" lon="-74.228442"></trkpt>
<trkpt lat="45.909764" lon="-74.228053"></trkpt>
<trkpt lat="45.909762" lon="-74.227710"></trkpt>
<trkpt lat="45.909724" lon="-74.226804"></trkpt>
<trkpt lat="45.909642" lon="-74.224979"></trkpt>
<trkpt lat="45.909569" lon="-74.224122"></trkpt>
<trkpt lat="45.909474" lon="-74.223656"></trkpt>
<trkpt lat="45.909319" lon="-74.223069"></trkpt>
<trkpt lat="45.908991" lon="-74.221989"></trkpt>
<trkpt lat="45.908940" lon="-74.221674"></trkpt>
<trkpt lat="45.908891" lon="-74.220654"></trkpt>
<trkpt lat="45.908820" lon="-74.218169"></trkpt>
<trkpt lat="45.908656" lon="-74.215801"></trkpt>
<trkpt lat="45.908572" lon="-74.215299"></trkpt>
<trkpt lat="45.908432" lon="-74.214878"></trkpt>
<trkpt lat="45.908078" lon="-74.214127"></trkpt>
<trkpt lat="45.906499" lon="-74.211769"></trkpt>
<trkpt lat="45.906203" lon="-74.211217"></trkpt>
<trkpt lat="45.906028" lon="-74.210760"></trkpt>
<trkpt lat="45.905957" lon="-74.210372"></trkpt>
<trkpt lat="45.905951" lon="-74.209944"></trkpt>
<trkpt lat="45.906080" lon="-74.209168"></trkpt>
<trkpt lat="45.906533" lon="-74.207708"></trkpt>
<trkpt lat="45.906768" lon="-74.206949"></trkpt>
<trkpt lat="45.907641" lon="-74.204214"></trkpt>
<trkpt lat="45.908194" lon="-74.202835"></trkpt>
<trkpt lat="45.908419" lon="-74.202055"></trkpt>
<trkpt lat="45.908540" lon="-74.201274"></trkpt>
<trkpt lat="45.908664" lon="-74.199824"></trkpt>
<trkpt lat="45.908792" lon="-74.198282"></trkpt>
<trkpt lat="45.908783" lon="-74.197311"></trkpt>
<trkpt lat="45.908700" lon="-74.196723"></trkpt>
<trkpt lat="45.908442" lon="-74.195398"></trkpt>
<trkpt lat="45.907870" lon="-74.193080"></trkpt>
<trkpt lat="45.907527" lon="-74.192061"></trkpt>
<trkpt lat="45.907225" lon="-74.191421"></trkpt>
<trkpt lat="45.907054" lon="-74.191063"></trkpt>
<trkpt lat="45.907033" lon="-74.191018"></trkpt>
<trkpt lat="45.906890" lon="-74.190722"></trkpt>
<trkpt lat="45.906586" lon="-74.189931"></trkpt>
<trkpt lat="45.906496" lon="-74.189488"></trkpt>
<trkpt lat="45.906452" lon="-74.189001"></trkpt>
<trkpt lat="45.906384" lon="-74.187266"></trkpt>
<trkpt lat="45.906344" lon="-74.186039"></trkpt>
<trkpt lat="45.906359" lon="-74.185711"></trkpt>
<trkpt lat="45.906508" lon="-74.185066"></trkpt>
<trkpt lat="45.906557" lon="-74.184940"></trkpt>
<trkpt lat="45.906745" lon="-74.184461"></trkpt>
<trkpt lat="45.907233" lon="-74.183215"></trkpt>
<trkpt lat="45.907397" lon="-74.182794"></trkpt>
<trkpt lat="45.907533" lon="-74.182362"></trkpt>
<trkpt lat="45.907646" lon="-74.181734"></trkpt>
<trkpt lat="45.907666" lon="-74.180948"></trkpt>
<trkpt lat="45.907682" lon="-74.180284"></trkpt>
<trkpt lat="45.907640" lon="-74.177550"></trkpt>
<trkpt lat="45.907559" lon="-74.176793"></trkpt>
<trkpt lat="45.907246" lon="-74.175426"></trkpt>
<trkpt lat="45.907184" lon="-74.175249"></trkpt>
<trkpt lat="45.907086" lon="-74.175027"></trkpt>
<trkpt lat="45.906961" lon="-74.174740"></trkpt>
<trkpt lat="45.906635" lon="-74.174178"></trkpt>
<trkpt lat="45.906304" lon="-74.173682"></trkpt>
<trkpt lat="45.906070" lon="-74.173352"></trkpt>
<trkpt lat="45.905100" lon="-74.171989"></trkpt>
<trkpt lat="45.904606" lon="-74.171262"></trkpt>
<trkpt lat="45.904089" lon="-74.170413"></trkpt>
<trkpt lat="45.903695" lon="-74.169812"></trkpt>
<trkpt lat="45.902411" lon="-74.167863"></trkpt>
<trkpt lat="45.901705" lon="-74.166819"></trkpt>
<trkpt lat="45.901508" lon="-74.166504"></trkpt>
<trkpt lat="45.901014" lon="-74.165771"></trkpt>
<trkpt lat="45.900666" lon="-74.165227"></trkpt>
<trkpt lat="45.900441" lon="-74.164876"></trkpt>
<trkpt lat="45.899513" lon="-74.163425"></trkpt>
<trkpt lat="45.899471" lon="-74.163360"></trkpt>
<trkpt lat="45.898588" lon="-74.161975"></trkpt>
<trkpt lat="45.898056" lon="-74.161191"></trkpt>
<trkpt lat="45.897574" lon="-74.160450"></trkpt>
<trkpt lat="45.897297" lon="-74.160012"></trkpt>
<trkpt lat="45.897119" lon="-74.159647"></trkpt>
<trkpt lat="45.897046" lon="-74.159314"></trkpt>
<trkpt lat="45.897022" lon="-74.158740"></trkpt>
<trkpt lat="45.896976" lon="-74.158463"></trkpt>
<trkpt lat="45.896917" lon="-74.158284"></trkpt>
<trkpt lat="45.896597" lon="-74.157766"></trkpt>
<trkpt lat="45.896560" lon="-74.157710"></trkpt>
<trkpt lat="45.896485" lon="-74.157595"></trkpt>
<trkpt lat="45.896437" lon="-74.157522"></trkpt>
<trkpt lat="45.896028" lon="-74.156940"></trkpt>
<trkpt lat="45.895960" lon="-74.156845"></trkpt>
<trkpt lat="45.895681" lon="-74.156453"></trkpt>
<trkpt lat="45.895535" lon="-74.156715"></trkpt>
<trkpt lat="45.895341" lon="-74.156993"></trkpt>
<trkpt lat="45.895203" lon="-74.157134"></trkpt>
<trkpt lat="45.894899" lon="-74.157368"></trkpt>
<trkpt lat="45.894517" lon="-74.157627"></trkpt>
<trkpt lat="45.894129" lon="-74.157073"></trkpt>
<trkpt lat="45.893063" lon="-74.155553"></trkpt>
<trkpt lat="45.892826" lon="-74.155224"></trkpt>
<trkpt lat="45.892606" lon="-74.154977"></trkpt>
<trkpt lat="45.892417" lon="-74.154736"></trkpt>
<trkpt lat="45.892352" lon="-74.154645"></trkpt>
<trkpt lat="45.892281" lon="-74.154534"></trkpt>
<trkpt lat="45.892217" lon="-74.154439"></trkpt>
<trkpt lat="45.891951" lon="-74.154052"></trkpt>
<trkpt lat="45.891898" lon="-74.153977"></trkpt>
<trkpt lat="45.891845" lon="-74.153901"></trkpt>
<trkpt lat="45.891740" lon="-74.153749"></trkpt>
<trkpt lat="45.891578" lon="-74.153512"></trkpt>
<trkpt lat="45.891542" lon="-74.153458"></trkpt>
<trkpt lat="45.891502" lon="-74.153401"></trkpt>
<trkpt lat="45.891360" lon="-74.153194"></trkpt>
<trkpt lat="45.891212" lon="-74.152980"></trkpt>
<trkpt lat="45.891115" lon="-74.152840"></trkpt>
<trkpt lat="45.891062" lon="-74.152761"></trkpt>
<trkpt lat="45.891009" lon="-74.152680"></trkpt>
<trkpt lat="45.890703" lon="-74.152217"></trkpt>
<trkpt lat="45.890650" lon="-74.152139"></trkpt>
<trkpt lat="45.890481" lon="-74.151882"></trkpt>
<trkpt lat="45.890301" lon="-74.151575"></trkpt>
<trkpt lat="45.890046" lon="-74.151026"></trkpt>
<trkpt lat="45.889939" lon="-74.150726"></trkpt>
<trkpt lat="45.889864" lon="-74.150514"></trkpt>
<trkpt lat="45.889819" lon="-74.150130"></trkpt>
<trkpt lat="45.889823" lon="-74.149959"></trkpt>
<trkpt lat="45.889865" lon="-74.149624"></trkpt>
<trkpt lat="45.889975" lon="-74.149208"></trkpt>
<trkpt lat="45.890008" lon="-74.149122"></trkpt>
<trkpt lat="45.889958" lon="-74.149072"></trkpt>
<trkpt lat="45.889776" lon="-74.148818"></trkpt>
<trkpt lat="45.889662" lon="-74.148502"></trkpt>
<trkpt lat="45.889648" lon="-74.148461"></trkpt>
<trkpt lat="45.889640" lon="-74.148437"></trkpt>
<trkpt lat="45.889600" lon="-74.148321"></trkpt>
<trkpt lat="45.889570" lon="-74.148232"></trkpt>
<trkpt lat="45.889393" lon="-74.147712"></trkpt>
<trkpt lat="45.889251" lon="-74.147296"></trkpt>
<trkpt lat="45.888916" lon="-74.146297"></trkpt>
<trkpt lat="45.888771" lon="-74.145729"></trkpt>
<trkpt lat="45.888747" lon="-74.145595"></trkpt>
<trkpt lat="45.888741" lon="-74.145454"></trkpt>
<trkpt lat="45.888770" lon="-74.144911"></trkpt>
<trkpt lat="45.888789" lon="-74.144727"></trkpt>
<trkpt lat="45.888828" lon="-74.144423"></trkpt>
<trkpt lat="45.888885" lon="-74.144004"></trkpt>
<trkpt lat="45.888899" lon="-74.143868"></trkpt>
<trkpt lat="45.888924" lon="-74.143547"></trkpt>
<trkpt lat="45.888894" lon="-74.143004"></trkpt>
<trkpt lat="45.888578" lon="-74.141066"></trkpt>
<trkpt lat="45.888418" lon="-74.140291"></trkpt>
<trkpt lat="45.888077" lon="-74.138926"></trkpt>
<trkpt lat="45.888009" lon="-74.138672"></trkpt>
<trkpt lat="45.887881" lon="-74.138198"></trkpt>
<trkpt lat="45.887792" lon="-74.137869"></trkpt>
<trkpt lat="45.887475" lon="-74.136734"></trkpt>
<trkpt lat="45.887203" lon="-74.135762"></trkpt>
<trkpt lat="45.886969" lon="-74.134923"></trkpt>
<trkpt lat="45.886643" lon="-74.133750"></trkpt>
<trkpt lat="45.886610" lon="-74.133631"></trkpt>
<trkpt lat="45.885536" lon="-74.129736"></trkpt>
<trkpt lat="45.885339" lon="-74.128843"></trkpt>
<trkpt lat="45.885255" lon="-74.128014"></trkpt>
<trkpt lat="45.885246" lon="-74.127431"></trkpt>
<trkpt lat="45.885296" lon="-74.124825"></trkpt>
<trkpt lat="45.885327" lon="-74.123396"></trkpt>
<trkpt lat="45.885381" lon="-74.122956"></trkpt>
<trkpt lat="45.885440" lon="-74.122619"></trkpt>
<trkpt lat="45.885575" lon="-74.121983"></trkpt>
<trkpt lat="45.885730" lon="-74.121014"></trkpt>
<trkpt lat="45.885738" lon="-74.119939"></trkpt>
<trkpt lat="45.885652" lon="-74.119065"></trkpt>
<trkpt lat="45.885546" lon="-74.118239"></trkpt>
<trkpt lat="45.885481" lon="-74.117742"></trkpt>
<trkpt lat="45.885335" lon="-74.116728"></trkpt>
<trkpt lat="45.885264" lon="-74.116479"></trkpt>
<trkpt lat="45.885161" lon="-74.116261"></trkpt>
<trkpt lat="45.885086" lon="-74.116138"></trkpt>
<trkpt lat="45.884359" lon="-74.114987"></trkpt>
<trkpt lat="45.884144" lon="-74.114556"></trkpt>
<trkpt lat="45.884055" lon="-74.114283"></trkpt>
<trkpt lat="45.883997" lon="-74.113879"></trkpt>
<trkpt lat="45.883828" lon="-74.112009"></trkpt>
<trkpt lat="45.883847" lon="-74.110455"></trkpt>
<trkpt lat="45.883744" lon="-74.109014"></trkpt>
<trkpt lat="45.883721" lon="-74.107800"></trkpt>
<trkpt lat="45.883698" lon="-74.107637"></trkpt>
<trkpt lat="45.883614" lon="-74.107464"></trkpt>
<trkpt lat="45.883504" lon="-74.107384"></trkpt>
<trkpt lat="45.883377" lon="-74.107359"></trkpt>
<trkpt lat="45.883318" lon="-74.107764"></trkpt>
<trkpt lat="45.883237" lon="-74.108439"></trkpt>
<trkpt lat="45.883078" lon="-74.109230"></trkpt>
<trkpt lat="45.882881" lon="-74.109966"></trkpt>
<trkpt lat="45.882650" lon="-74.110626"></trkpt>
<trkpt lat="45.882448" lon="-74.111186"></trkpt>
<trkpt lat="45.882228" lon="-74.111610"></trkpt>
<trkpt lat="45.881875" lon="-74.112148"></trkpt>
<trkpt lat="45.880573" lon="-74.113751"></trkpt>
<trkpt lat="45.878209" lon="-74.116694"></trkpt>
<trkpt lat="45.877368" lon="-74.117697"></trkpt>
<trkpt lat="45.876837" lon="-74.118255"></trkpt>
<trkpt lat="45.876273" lon="-74.118696"></trkpt>
<trkpt lat="45.875773" lon="-74.118856"></trkpt>
<trkpt lat="45.875438" lon="-74.118866"></trkpt>
<trkpt lat="45.874920" lon="-74.118773"></trkpt>
<trkpt lat="45.874140" lon="-74.118581"></trkpt>
<trkpt lat="45.873481" lon="-74.118391"></trkpt>
<trkpt lat="45.872369" lon="-74.118091"></trkpt>
<trkpt lat="45.871754" lon="-74.117736"></trkpt>
<trkpt lat="45.871353" lon="-74.117628"></trkpt>
<trkpt lat="45.871185" lon="-74.117543"></trkpt>
<trkpt lat="45.870435" lon="-74.117155"></trkpt>
<trkpt lat="45.870190" lon="-74.117125"></trkpt>
<trkpt lat="45.869986" lon="-74.117233"></trkpt>
<trkpt lat="45.869765" lon="-74.117462"></trkpt>
<trkpt lat="45.869509" lon="-74.117934"></trkpt>
<trkpt lat="45.869276" lon="-74.118223"></trkpt>
<trkpt lat="45.868635" lon="-74.118816"></trkpt>
<trkpt lat="45.868473" lon="-74.119086"></trkpt>
<trkpt lat="45.868206" lon="-74.119654"></trkpt>
<trkpt lat="45.867505" lon="-74.120414"></trkpt>
<trkpt lat="45.866832" lon="-74.121372"></trkpt>
<trkpt lat="45.866494" lon="-74.121746"></trkpt>
<trkpt lat="45.866283" lon="-74.121911"></trkpt>
<trkpt lat="45.866125" lon="-74.121990"></trkpt>
<trkpt lat="45.865981" lon="-74.122019"></trkpt>
<trkpt lat="45.865817" lon="-74.122022"></trkpt>
<trkpt lat="45.865549" lon="-74.121927"></trkpt>
<trkpt lat="45.865368" lon="-74.121768"></trkpt>
<trkpt lat="45.864917" lon="-74.121210"></trkpt>
<trkpt lat="45.864755" lon="-74.121096"></trkpt>
<trkpt lat="45.864657" lon="-74.121068"></trkpt>
<trkpt lat="45.864511" lon="-74.121075"></trkpt>
<trkpt lat="45.864395" lon="-74.121162"></trkpt>
<trkpt lat="45.864304" lon="-74.121276"></trkpt>
<trkpt lat="45.863515" lon="-74.122552"></trkpt>
<trkpt lat="45.862780" lon="-74.123293"></trkpt>
<trkpt lat="45.862621" lon="-74.123495"></trkpt>
<trkpt lat="45.862530" lon="-74.123668"></trkpt>
<trkpt lat="45.862122" lon="-74.124562"></trkpt>
<trkpt lat="45.861929" lon="-74.124928"></trkpt>
<trkpt lat="45.861813" lon="-74.125242"></trkpt>
<trkpt lat="45.861702" lon="-74.125574"></trkpt>
<trkpt lat="45.861559" lon="-74.125782"></trkpt>
<trkpt lat="45.860982" lon="-74.126301"></trkpt>
<trkpt lat="45.860678" lon="-74.126681"></trkpt>
<trkpt lat="45.860333" lon="-74.127175"></trkpt>
<trkpt lat="45.860265" lon="-74.127273"></trkpt>
<trkpt lat="45.859586" lon="-74.127814"></trkpt>
<trkpt lat="45.859274" lon="-74.128107"></trkpt>
<trkpt lat="45.858260" lon="-74.129321"></trkpt>
<trkpt lat="45.857224" lon="-74.130303"></trkpt>
<trkpt lat="45.856926" lon="-74.130694"></trkpt>
<trkpt lat="45.856403" lon="-74.131506"></trkpt>
<trkpt lat="45.856107" lon="-74.132055"></trkpt>
<trkpt lat="45.855658" lon="-74.133007"></trkpt>
<trkpt lat="45.854665" lon="-74.134566"></trkpt>
<trkpt lat="45.854529" lon="-74.134839"></trkpt>
<trkpt lat="45.854378" lon="-74.135500"></trkpt>
<trkpt lat="45.854325" lon="-74.135992"></trkpt>
<trkpt lat="45.853866" lon="-74.136681"></trkpt>
<trkpt lat="45.853530" lon="-74.137136"></trkpt>
<trkpt lat="45.853164" lon="-74.137526"></trkpt>
<trkpt lat="45.852967" lon="-74.137882"></trkpt>
<trkpt lat="45.852533" lon="-74.139061"></trkpt>
<trkpt lat="45.852213" lon="-74.139362"></trkpt>
<trkpt lat="45.852055" lon="-74.139436"></trkpt>
<trkpt lat="45.851866" lon="-74.139423"></trkpt>
<trkpt lat="45.851295" lon="-74.139059"></trkpt>
<trkpt lat="45.851097" lon="-74.139037"></trkpt>
<trkpt lat="45.850079" lon="-74.139280"></trkpt>
<trkpt lat="45.849424" lon="-74.139322"></trkpt>
<trkpt lat="45.848663" lon="-74.139441"></trkpt>
<trkpt lat="45.847865" lon="-74.139641"></trkpt>
<trkpt lat="45.847086" lon="-74.139743"></trkpt>
<trkpt lat="45.846781" lon="-74.139847"></trkpt>
<trkpt lat="45.846007" lon="-74.140632"></trkpt>
<trkpt lat="45.845495" lon="-74.140937"></trkpt>
<trkpt lat="45.845054" lon="-74.141065"></trkpt>
<trkpt lat="45.844694" lon="-74.141044"></trkpt>
<trkpt lat="45.844506" lon="-74.140979"></trkpt>
<trkpt lat="45.843957" lon="-74.140651"></trkpt>
<trkpt lat="45.843573" lon="-74.140285"></trkpt>
<trkpt lat="45.843440" lon="-74.140095"></trkpt>
<trkpt lat="45.843390" lon="-74.139674"></trkpt>
<trkpt lat="45.843400" lon="-74.139053"></trkpt>
<trkpt lat="45.843154" lon="-74.137315"></trkpt>
<trkpt lat="45.843126" lon="-74.137112"></trkpt>
<trkpt lat="45.843123" lon="-74.136860"></trkpt>
<trkpt lat="45.843178" lon="-74.136550"></trkpt>
<trkpt lat="45.843185" lon="-74.136301"></trkpt>
<trkpt lat="45.843079" lon="-74.135945"></trkpt>
<trkpt lat="45.841224" lon="-74.133477"></trkpt>
<trkpt lat="45.840651" lon="-74.134246"></trkpt>
<trkpt lat="45.840488" lon="-74.134408"></trkpt>
<trkpt lat="45.840116" lon="-74.134626"></trkpt>
<trkpt lat="45.839933" lon="-74.134852"></trkpt>
<trkpt lat="45.839826" lon="-74.135037"></trkpt>
<trkpt lat="45.839658" lon="-74.135437"></trkpt>
<trkpt lat="45.839563" lon="-74.136052"></trkpt>
<trkpt lat="45.839228" lon="-74.137234"></trkpt>
<trkpt lat="45.839064" lon="-74.137526"></trkpt>
<trkpt lat="45.838622" lon="-74.138133"></trkpt>
<trkpt lat="45.838454" lon="-74.138282"></trkpt>
<trkpt lat="45.837660" lon="-74.138801"></trkpt>
<trkpt lat="45.837504" lon="-74.138573"></trkpt>
<trkpt lat="45.837282" lon="-74.138326"></trkpt>
<trkpt lat="45.837228" lon="-74.138301"></trkpt>
<trkpt lat="45.836736" lon="-74.138131"></trkpt>
<trkpt lat="45.836615" lon="-74.138022"></trkpt>
<trkpt lat="45.836530" lon="-74.137849"></trkpt>
<trkpt lat="45.836431" lon="-74.137213"></trkpt>
<trkpt lat="45.836381" lon="-74.137097"></trkpt>
<trkpt lat="45.836256" lon="-74.136995"></trkpt>
<trkpt lat="45.835935" lon="-74.136604"></trkpt>
<trkpt lat="45.835848" lon="-74.136456"></trkpt>
<trkpt lat="45.835785" lon="-74.136222"></trkpt>
<trkpt lat="45.835692" lon="-74.135752"></trkpt>
<trkpt lat="45.835669" lon="-74.135105"></trkpt>
<trkpt lat="45.835717" lon="-74.134669"></trkpt>
<trkpt lat="45.835748" lon="-74.134521"></trkpt>
<trkpt lat="45.835811" lon="-74.134388"></trkpt>
<trkpt lat="45.835887" lon="-74.134327"></trkpt>
<trkpt lat="45.836480" lon="-74.134265"></trkpt>
<trkpt lat="45.836596" lon="-74.134121"></trkpt>
<trkpt lat="45.837108" lon="-74.132967"></trkpt>
<trkpt lat="45.837207" lon="-74.132631"></trkpt>
<trkpt lat="45.837222" lon="-74.132322"></trkpt>
<trkpt lat="45.837117" lon="-74.132001"></trkpt>
<trkpt lat="45.836601" lon="-74.131375"></trkpt>
<trkpt lat="45.836219" lon="-74.131008"></trkpt>
<trkpt lat="45.835407" lon="-74.130393"></trkpt>
<trkpt lat="45.835118" lon="-74.129888"></trkpt>
<trkpt lat="45.834958" lon="-74.129659"></trkpt>
<trkpt lat="45.834335" lon="-74.128863"></trkpt>
<trkpt lat="45.833996" lon="-74.128273"></trkpt>
<trkpt lat="45.833274" lon="-74.127123"></trkpt>
<trkpt lat="45.832989" lon="-74.126801"></trkpt>
<trkpt lat="45.832845" lon="-74.126672"></trkpt>
<trkpt lat="45.832615" lon="-74.126541"></trkpt>
<trkpt lat="45.831407" lon="-74.126114"></trkpt>
<trkpt lat="45.830525" lon="-74.125713"></trkpt>
<trkpt lat="45.830040" lon="-74.125617"></trkpt>
<trkpt lat="45.829184" lon="-74.125062"></trkpt>
<trkpt lat="45.828899" lon="-74.125027"></trkpt>
<trkpt lat="45.828696" lon="-74.125058"></trkpt>
<trkpt lat="45.828418" lon="-74.125186"></trkpt>
<trkpt lat="45.828078" lon="-74.125493"></trkpt>
<trkpt lat="45.827886" lon="-74.125517"></trkpt>
<trkpt lat="45.827804" lon="-74.125482"></trkpt>
<trkpt lat="45.827122" lon="-74.124982"></trkpt>
<trkpt lat="45.826289" lon="-74.124465"></trkpt>
<trkpt lat="45.824304" lon="-74.123081"></trkpt>
<trkpt lat="45.823763" lon="-74.122760"></trkpt>
<trkpt lat="45.821020" lon="-74.120936"></trkpt>
<trkpt lat="45.820325" lon="-74.120442"></trkpt>
<trkpt lat="45.819579" lon="-74.119778"></trkpt>
<trkpt lat="45.818836" lon="-74.118943"></trkpt>
<trkpt lat="45.818574" lon="-74.118690"></trkpt>
<trkpt lat="45.817836" lon="-74.118295"></trkpt>
<trkpt lat="45.817630" lon="-74.118252"></trkpt>
<trkpt lat="45.816989" lon="-74.118281"></trkpt>
<trkpt lat="45.816855" lon="-74.118208"></trkpt>
<trkpt lat="45.815877" lon="-74.117500"></trkpt>
<trkpt lat="45.815436" lon="-74.117222"></trkpt>
<trkpt lat="45.814637" lon="-74.116583"></trkpt>
<trkpt lat="45.813791" lon="-74.116071"></trkpt>
<trkpt lat="45.813194" lon="-74.115709"></trkpt>
<trkpt lat="45.812213" lon="-74.114994"></trkpt>
<trkpt lat="45.812008" lon="-74.114918"></trkpt>
<trkpt lat="45.811931" lon="-74.114920"></trkpt>
<trkpt lat="45.811811" lon="-74.114924"></trkpt>
<trkpt lat="45.811375" lon="-74.115195"></trkpt>
<trkpt lat="45.811254" lon="-74.115276"></trkpt>
<trkpt lat="45.811082" lon="-74.115280"></trkpt>
<trkpt lat="45.810962" lon="-74.115184"></trkpt>
<trkpt lat="45.810850" lon="-74.115029"></trkpt>
<trkpt lat="45.810315" lon="-74.113984"></trkpt>
<trkpt lat="45.810081" lon="-74.113670"></trkpt>
<trkpt lat="45.809891" lon="-74.113488"></trkpt>
<trkpt lat="45.809745" lon="-74.113384"></trkpt>
<trkpt lat="45.809628" lon="-74.113322"></trkpt>
<trkpt lat="45.809443" lon="-74.113223"></trkpt>
<trkpt lat="45.808270" lon="-74.112883"></trkpt>
<trkpt lat="45.808013" lon="-74.112737"></trkpt>
<trkpt lat="45.807441" lon="-74.112413"></trkpt>
<trkpt lat="45.806815" lon="-74.111983"></trkpt>
<trkpt lat="45.806298" lon="-74.111499"></trkpt>
<trkpt lat="45.805682" lon="-74.111122"></trkpt>
<trkpt lat="45.805577" lon="-74.111026"></trkpt>
<trkpt lat="45.805071" lon="-74.110348"></trkpt>
<trkpt lat="45.804728" lon="-74.110061"></trkpt>
<trkpt lat="45.803872" lon="-74.109577"></trkpt>
<trkpt lat="45.803401" lon="-74.109232"></trkpt>
<trkpt lat="45.803114" lon="-74.108966"></trkpt>
<trkpt lat="45.802808" lon="-74.108536"></trkpt>
<trkpt lat="45.802521" lon="-74.107999"></trkpt>
<trkpt lat="45.802339" lon="-74.107580"></trkpt>
<trkpt lat="45.801915" lon="-74.106416"></trkpt>
<trkpt lat="45.801391" lon="-74.104951"></trkpt>
<trkpt lat="45.800767" lon="-74.102910"></trkpt>
<trkpt lat="45.800560" lon="-74.102185"></trkpt>
<trkpt lat="45.800447" lon="-74.101980"></trkpt>
<trkpt lat="45.800212" lon="-74.101731"></trkpt>
<trkpt lat="45.799975" lon="-74.101589"></trkpt>
<trkpt lat="45.799652" lon="-74.101455"></trkpt>
<trkpt lat="45.798564" lon="-74.101255"></trkpt>
<trkpt lat="45.798240" lon="-74.101134"></trkpt>
<trkpt lat="45.796992" lon="-74.100383"></trkpt>
<trkpt lat="45.796708" lon="-74.100152"></trkpt>
<trkpt lat="45.796393" lon="-74.099846"></trkpt>
<trkpt lat="45.796079" lon="-74.099416"></trkpt>
<trkpt lat="45.795862" lon="-74.099067"></trkpt>
<trkpt lat="45.795642" lon="-74.098530"></trkpt>
<trkpt lat="45.795300" lon="-74.097549"></trkpt>
<trkpt lat="45.794562" lon="-74.095605"></trkpt>
<trkpt lat="45.794366" lon="-74.095186"></trkpt>
<trkpt lat="45.794266" lon="-74.095015"></trkpt>
<trkpt lat="45.794062" lon="-74.094801"></trkpt>
<trkpt lat="45.793308" lon="-74.094394"></trkpt>
<trkpt lat="45.791875" lon="-74.093709"></trkpt>
<trkpt lat="45.790049" lon="-74.093120"></trkpt>
<trkpt lat="45.786898" lon="-74.092494"></trkpt>
<trkpt lat="45.786079" lon="-74.092383"></trkpt>
<trkpt lat="45.784510" lon="-74.092004"></trkpt>
<trkpt lat="45.784528" lon="-74.091662"></trkpt>
<trkpt lat="45.784512" lon="-74.091220"></trkpt>
<trkpt lat="45.784492" lon="-74.091053"></trkpt>
<trkpt lat="45.784410" lon="-74.090168"></trkpt>
<trkpt lat="45.784556" lon="-74.088924"></trkpt>
<trkpt lat="45.785173" lon="-74.083654"></trkpt>
<trkpt lat="45.785323" lon="-74.082381"></trkpt>
<trkpt lat="45.785435" lon="-74.081419"></trkpt>
<trkpt lat="45.785623" lon="-74.079740"></trkpt>
<trkpt lat="45.786698" lon="-74.070133"></trkpt>
<trkpt lat="45.786747" lon="-74.069740"></trkpt>
<trkpt lat="45.786824" lon="-74.069392"></trkpt>
<trkpt lat="45.786935" lon="-74.069138"></trkpt>
<trkpt lat="45.787150" lon="-74.068814"></trkpt>
<trkpt lat="45.787385" lon="-74.068603"></trkpt>
<trkpt lat="45.787872" lon="-74.068330"></trkpt>
<trkpt lat="45.788218" lon="-74.068119"></trkpt>
<trkpt lat="45.788373" lon="-74.067976"></trkpt>
<trkpt lat="45.788526" lon="-74.067781"></trkpt>
<trkpt lat="45.788677" lon="-74.067496"></trkpt>
<trkpt lat="45.788796" lon="-74.067095"></trkpt>
<trkpt lat="45.788885" lon="-74.066165"></trkpt>
<trkpt lat="45.789106" lon="-74.063412"></trkpt>
<trkpt lat="45.789155" lon="-74.062816"></trkpt>
<trkpt lat="45.789340" lon="-74.060381"></trkpt>
<trkpt lat="45.789502" lon="-74.058507"></trkpt>
<trkpt lat="45.789640" lon="-74.056905"></trkpt>
<trkpt lat="45.789747" lon="-74.055660"></trkpt>
<trkpt lat="45.789903" lon="-74.054164"></trkpt>
<trkpt lat="45.789859" lon="-74.053845"></trkpt>
<trkpt lat="45.789795" lon="-74.053684"></trkpt>
<trkpt lat="45.789705" lon="-74.053555"></trkpt>
<trkpt lat="45.789397" lon="-74.053389"></trkpt>
<trkpt lat="45.788812" lon="-74.053218"></trkpt>
<trkpt lat="45.788404" lon="-74.053119"></trkpt>
<trkpt lat="45.784394" lon="-74.052141"></trkpt>
<trkpt lat="45.782152" lon="-74.051610"></trkpt>
<trkpt lat="45.780551" lon="-74.051224"></trkpt>
<trkpt lat="45.778604" lon="-74.050754"></trkpt>
<trkpt lat="45.776781" lon="-74.050305"></trkpt>
<trkpt lat="45.776350" lon="-74.050147"></trkpt>
<trkpt lat="45.776124" lon="-74.050146"></trkpt>
<trkpt lat="45.776069" lon="-74.050248"></trkpt>
<trkpt lat="45.775960" lon="-74.050281"></trkpt>
<trkpt lat="45.775897" lon="-74.050241"></trkpt>
<trkpt lat="45.775853" lon="-74.050163"></trkpt>
<trkpt lat="45.775843" lon="-74.050115"></trkpt>
<trkpt lat="45.775688" lon="-74.049984"></trkpt>
<trkpt lat="45.775120" lon="-74.049780"></trkpt>
<trkpt lat="45.774247" lon="-74.049501"></trkpt>
<trkpt lat="45.773275" lon="-74.049310"></trkpt>
<trkpt lat="45.773192" lon="-74.049291"></trkpt>
<trkpt lat="45.772522" lon="-74.049135"></trkpt>
<trkpt lat="45.771850" lon="-74.049005"></trkpt>
<trkpt lat="45.770927" lon="-74.048769"></trkpt>
<trkpt lat="45.770833" lon="-74.048745"></trkpt>
<trkpt lat="45.767767" lon="-74.048025"></trkpt>
<trkpt lat="45.767478" lon="-74.047912"></trkpt>
<trkpt lat="45.767259" lon="-74.047740"></trkpt>
<trkpt lat="45.767028" lon="-74.047445"></trkpt>
<trkpt lat="45.766840" lon="-74.047010"></trkpt>
<trkpt lat="45.766671" lon="-74.046310"></trkpt>
<trkpt lat="45.766647" lon="-74.046212"></trkpt>
<trkpt lat="45.766253" lon="-74.044590"></trkpt>
<trkpt lat="45.765766" lon="-74.042351"></trkpt>
<trkpt lat="45.765493" lon="-74.041098"></trkpt>
<trkpt lat="45.765391" lon="-74.040823"></trkpt>
<trkpt lat="45.764935" lon="-74.040420"></trkpt>
<trkpt lat="45.763680" lon="-74.039179"></trkpt>
<trkpt lat="45.763585" lon="-74.039084"></trkpt>
<trkpt lat="45.763093" lon="-74.038325"></trkpt>
<trkpt lat="45.762938" lon="-74.037877"></trkpt>
<trkpt lat="45.762885" lon="-74.037572"></trkpt>
<trkpt lat="45.762875" lon="-74.037008"></trkpt>
<trkpt lat="45.762911" lon="-74.036619"></trkpt>
<trkpt lat="45.763147" lon="-74.034247"></trkpt>
<trkpt lat="45.763167" lon="-74.033475"></trkpt>
<trkpt lat="45.763132" lon="-74.032878"></trkpt>
<trkpt lat="45.763037" lon="-74.032316"></trkpt>
<trkpt lat="45.762883" lon="-74.031770"></trkpt>
<trkpt lat="45.762177" lon="-74.030248"></trkpt>
<trkpt lat="45.761794" lon="-74.029541"></trkpt>
<trkpt lat="45.761158" lon="-74.028580"></trkpt>
<trkpt lat="45.760452" lon="-74.027702"></trkpt>
<trkpt lat="45.760312" lon="-74.027447"></trkpt>
<trkpt lat="45.760250" lon="-74.027288"></trkpt>
<trkpt lat="45.760198" lon="-74.026997"></trkpt>
<trkpt lat="45.760219" lon="-74.026725"></trkpt>
<trkpt lat="45.760368" lon="-74.025995"></trkpt>
<trkpt lat="45.760354" lon="-74.025817"></trkpt>
<trkpt lat="45.760396" lon="-74.025536"></trkpt>
<trkpt lat="45.760313" lon="-74.025507"></trkpt>
<trkpt lat="45.760168" lon="-74.025421"></trkpt>
<trkpt lat="45.759424" lon="-74.025168"></trkpt>
<trkpt lat="45.759343" lon="-74.025131"></trkpt>
<trkpt lat="45.759259" lon="-74.025090"></trkpt>
<trkpt lat="45.759176" lon="-74.025044"></trkpt>
<trkpt lat="45.759064" lon="-74.024981"></trkpt>
<trkpt lat="45.758980" lon="-74.024927"></trkpt>
<trkpt lat="45.758603" lon="-74.024597"></trkpt>
<trkpt lat="45.758515" lon="-74.024499"></trkpt>
<trkpt lat="45.758231" lon="-74.024122"></trkpt>
<trkpt lat="45.758165" lon="-74.024012"></trkpt>
<trkpt lat="45.758007" lon="-74.023770"></trkpt>
<trkpt lat="45.757874" lon="-74.023560"></trkpt>
<trkpt lat="45.757781" lon="-74.023414"></trkpt>
<trkpt lat="45.757720" lon="-74.023319"></trkpt>
<trkpt lat="45.757644" lon="-74.023201"></trkpt>
<trkpt lat="45.757400" lon="-74.022818"></trkpt>
<trkpt lat="45.757339" lon="-74.022715"></trkpt>
<trkpt lat="45.757227" lon="-74.022544"></trkpt>
<trkpt lat="45.757156" lon="-74.022433"></trkpt>
<trkpt lat="45.757067" lon="-74.022289"></trkpt>
<trkpt lat="45.756940" lon="-74.022089"></trkpt>
<trkpt lat="45.756691" lon="-74.021701"></trkpt>
<trkpt lat="45.756667" lon="-74.021660"></trkpt>
<trkpt lat="45.756520" lon="-74.021432"></trkpt>
<trkpt lat="45.756496" lon="-74.021394"></trkpt>
<trkpt lat="45.756478" lon="-74.021364"></trkpt>
<trkpt lat="45.756330" lon="-74.021171"></trkpt>
<trkpt lat="45.756258" lon="-74.021088"></trkpt>
<trkpt lat="45.756185" lon="-74.020996"></trkpt>
<trkpt lat="45.756146" lon="-74.020941"></trkpt>
<trkpt lat="45.756175" lon="-74.020910"></trkpt>
<trkpt lat="45.756230" lon="-74.020859"></trkpt>
<trkpt lat="45.756276" lon="-74.020816"></trkpt>
<trkpt lat="45.757028" lon="-74.020190"></trkpt>
<trkpt lat="45.757757" lon="-74.019537"></trkpt>
<trkpt lat="45.758232" lon="-74.019097"></trkpt>
<trkpt lat="45.758658" lon="-74.018607"></trkpt>
<trkpt lat="45.758919" lon="-74.018365"></trkpt>
<trkpt lat="45.758958" lon="-74.018296"></trkpt>
<trkpt lat="45.758971" lon="-74.018302"></trkpt>
<trkpt lat="45.759085" lon="-74.018196"></trkpt>
<trkpt lat="45.759174" lon="-74.018109"></trkpt>
<trkpt lat="45.759226" lon="-74.018018"></trkpt>
<trkpt lat="45.759319" lon="-74.017977"></trkpt>
<trkpt lat="45.759747" lon="-74.017566"></trkpt>
<trkpt lat="45.759819" lon="-74.017498"></trkpt>
<trkpt lat="45.759884" lon="-74.017437"></trkpt>
<trkpt lat="45.760369" lon="-74.016981"></trkpt>
<trkpt lat="45.760435" lon="-74.016856"></trkpt>
<trkpt lat="45.760497" lon="-74.016853"></trkpt>
<trkpt lat="45.760540" lon="-74.016818"></trkpt>
<trkpt lat="45.760685" lon="-74.016675"></trkpt>
<trkpt lat="45.760760" lon="-74.016615"></trkpt>
<trkpt lat="45.761584" lon="-74.015799"></trkpt>
<trkpt lat="45.761636" lon="-74.015709"></trkpt>
<trkpt lat="45.761653" lon="-74.015573"></trkpt>
<trkpt lat="45.761609" lon="-74.015377"></trkpt>
<trkpt lat="45.761263" lon="-74.014668"></trkpt>
<trkpt lat="45.761147" lon="-74.014152"></trkpt>
<trkpt lat="45.761146" lon="-74.014044"></trkpt>
<trkpt lat="45.761152" lon="-74.013042"></trkpt>
<trkpt lat="45.761189" lon="-74.012339"></trkpt>
<trkpt lat="45.761369" lon="-74.011347"></trkpt>
<trkpt lat="45.761629" lon="-74.010356"></trkpt>
<trkpt lat="45.761661" lon="-74.010322"></trkpt>
<trkpt lat="45.761744" lon="-74.010078"></trkpt>
<trkpt lat="45.761775" lon="-74.010027"></trkpt>
<trkpt lat="45.761875" lon="-74.010153"></trkpt>
<trkpt lat="45.762141" lon="-74.009497"></trkpt>
<trkpt lat="45.762357" lon="-74.009120"></trkpt>
<trkpt lat="45.762979" lon="-74.008283"></trkpt>
<trkpt lat="45.763438" lon="-74.007617"></trkpt>
<trkpt lat="45.763667" lon="-74.007046"></trkpt>
<trkpt lat="45.763994" lon="-74.005771"></trkpt>
<trkpt lat="45.764126" lon="-74.005204"></trkpt>
<trkpt lat="45.764158" lon="-74.005047"></trkpt>
<trkpt lat="45.764181" lon="-74.004812"></trkpt>
<trkpt lat="45.764166" lon="-74.004595"></trkpt>
<trkpt lat="45.763942" lon="-74.003876"></trkpt>
<trkpt lat="45.763594" lon="-74.002704"></trkpt>
<trkpt lat="45.763045" lon="-74.000979"></trkpt>
<trkpt lat="45.762963" lon="-74.000435"></trkpt>
<trkpt lat="45.762951" lon="-74.000031"></trkpt>
<trkpt lat="45.763022" lon="-73.999487"></trkpt>
<trkpt lat="45.763232" lon="-73.998876"></trkpt>
<trkpt lat="45.763289" lon="-73.998753"></trkpt>
<trkpt lat="45.763651" lon="-73.998207"></trkpt>
<trkpt lat="45.763889" lon="-73.998004"></trkpt>
<trkpt lat="45.764797" lon="-73.997662"></trkpt>
<trkpt lat="45.765467" lon="-73.997367"></trkpt>
<trkpt lat="45.765574" lon="-73.997286"></trkpt>
<trkpt lat="45.765639" lon="-73.997192"></trkpt>
<trkpt lat="45.766192" lon="-73.996655"></trkpt>
<trkpt lat="45.767032" lon="-73.995770"></trkpt>
<trkpt lat="45.767308" lon="-73.995484"></trkpt>
<trkpt lat="45.767745" lon="-73.995085"></trkpt>
<trkpt lat="45.768006" lon="-73.994948"></trkpt>
<trkpt lat="45.768155" lon="-73.994956"></trkpt>
<trkpt lat="45.768578" lon="-73.994927"></trkpt>
<trkpt lat="45.769369" lon="-73.994913"></trkpt>
<trkpt lat="45.769362" lon="-73.994793"></trkpt>
<trkpt lat="45.769313" lon="-73.994747"></trkpt>
<trkpt lat="45.768892" lon="-73.994738"></trkpt>
<trkpt lat="45.768822" lon="-73.994694"></trkpt>
<trkpt lat="45.766568" lon="-73.991671"></trkpt>
<trkpt lat="45.764925" lon="-73.989467"></trkpt>
<trkpt lat="45.764877" lon="-73.989394"></trkpt>
<trkpt lat="45.764756" lon="-73.989566"></trkpt>
<trkpt lat="45.764706" lon="-73.989495"></trkpt>
<trkpt lat="45.763413" lon="-73.987737"></trkpt>
<trkpt lat="45.763359" lon="-73.987679"></trkpt>
<trkpt lat="45.763270" lon="-73.987617"></trkpt>
<trkpt lat="45.762424" lon="-73.986404"></trkpt>
<trkpt lat="45.762353" lon="-73.986338"></trkpt>
<trkpt lat="45.762311" lon="-73.986313"></trkpt>
<trkpt lat="45.762272" lon="-73.986278"></trkpt>
<trkpt lat="45.762362" lon="-73.986050"></trkpt>
<trkpt lat="45.762262" lon="-73.985917"></trkpt>
<trkpt lat="45.760621" lon="-73.983741"></trkpt>
<trkpt lat="45.758270" lon="-73.980593"></trkpt>
<trkpt lat="45.758122" lon="-73.980288"></trkpt>
<trkpt lat="45.755907" lon="-73.977297"></trkpt>
<trkpt lat="45.754491" lon="-73.975393"></trkpt>
<trkpt lat="45.754295" lon="-73.975193"></trkpt>
<trkpt lat="45.754156" lon="-73.975010"></trkpt>
<trkpt lat="45.754124" lon="-73.974964"></trkpt>
<trkpt lat="45.754098" lon="-73.974926"></trkpt>
<trkpt lat="45.754049" lon="-73.974985"></trkpt>
<trkpt lat="45.752968" lon="-73.976428"></trkpt>
<trkpt lat="45.752926" lon="-73.976434"></trkpt>
<trkpt lat="45.752706" lon="-73.976098"></trkpt>
<trkpt lat="45.752150" lon="-73.975210"></trkpt>
<trkpt lat="45.742096" lon="-73.959742"></trkpt>
<trkpt lat="45.742055" lon="-73.959624"></trkpt>
<trkpt lat="45.742133" lon="-73.959432"></trkpt>
<trkpt lat="45.742106" lon="-73.959379"></trkpt>
<trkpt lat="45.742082" lon="-73.959342"></trkpt>
<trkpt lat="45.742055" lon="-73.959304"></trkpt>
<trkpt lat="45.742262" lon="-73.959022"></trkpt>
<trkpt lat="45.732583" lon="-73.946089"></trkpt>
<trkpt lat="45.732511" lon="-73.945995"></trkpt>
<trkpt lat="45.722408" lon="-73.932505"></trkpt>
<trkpt lat="45.722383" lon="-73.932474"></trkpt>
<trkpt lat="45.722358" lon="-73.932439"></trkpt>
<trkpt lat="45.713942" lon="-73.921229"></trkpt>
<trkpt lat="45.713811" lon="-73.920976"></trkpt>
<trkpt lat="45.713430" lon="-73.920464"></trkpt>
<trkpt lat="45.712543" lon="-73.919282"></trkpt>
<trkpt lat="45.712375" lon="-73.919140"></trkpt>
<trkpt lat="45.711816" lon="-73.918397"></trkpt>
<trkpt lat="45.711596" lon="-73.918071"></trkpt>
<trkpt lat="45.711581" lon="-73.917938"></trkpt>
<trkpt lat="45.711618" lon="-73.917821"></trkpt>
<trkpt lat="45.712171" lon="-73.916897"></trkpt>
<trkpt lat="45.712201" lon="-73.916847"></trkpt>
<trkpt lat="45.712227" lon="-73.916806"></trkpt>
<trkpt lat="45.712376" lon="-73.916557"></trkpt>
<trkpt lat="45.712341" lon="-73.916482"></trkpt>
<trkpt lat="45.712320" lon="-73.916455"></trkpt>
<trkpt lat="45.712299" lon="-73.916427"></trkpt>
<trkpt lat="45.711987" lon="-73.915921"></trkpt>
<trkpt lat="45.711408" lon="-73.914829"></trkpt>
<trkpt lat="45.711261" lon="-73.914554"></trkpt>
<trkpt lat="45.711042" lon="-73.914170"></trkpt>
<trkpt lat="45.710684" lon="-73.913811"></trkpt>
<trkpt lat="45.710503" lon="-73.913699"></trkpt>
<trkpt lat="45.710245" lon="-73.913617"></trkpt>
<trkpt lat="45.710119" lon="-73.913524"></trkpt>
<trkpt lat="45.709820" lon="-73.913104"></trkpt>
<trkpt lat="45.709790" lon="-73.913064"></trkpt>
<trkpt lat="45.709741" lon="-73.913046"></trkpt>
<trkpt lat="45.709671" lon="-73.913019"></trkpt>
<trkpt lat="45.709347" lon="-73.912512"></trkpt>
<trkpt lat="45.708481" lon="-73.913971"></trkpt>
<trkpt lat="45.707197" lon="-73.912202"></trkpt>
<trkpt lat="45.705557" lon="-73.910062"></trkpt>
<trkpt lat="45.704570" lon="-73.908740"></trkpt>
<trkpt lat="45.704401" lon="-73.908413"></trkpt>
<trkpt lat="45.704087" lon="-73.908102"></trkpt>
<trkpt lat="45.703491" lon="-73.907314"></trkpt>
<trkpt lat="45.703319" lon="-73.907072"></trkpt>
<trkpt lat="45.703214" lon="-73.906797"></trkpt>
<trkpt lat="45.703042" lon="-73.906663"></trkpt>
<trkpt lat="45.702780" lon="-73.906374"></trkpt>
<trkpt lat="45.699005" lon="-73.901335"></trkpt>
<trkpt lat="45.698768" lon="-73.901013"></trkpt>
<trkpt lat="45.698532" lon="-73.900628"></trkpt>
<trkpt lat="45.698516" lon="-73.900607"></trkpt>
<trkpt lat="45.698490" lon="-73.900571"></trkpt>
<trkpt lat="45.698417" lon="-73.900477"></trkpt>
<trkpt lat="45.698383" lon="-73.900437"></trkpt>
<trkpt lat="45.698361" lon="-73.900423"></trkpt>
<trkpt lat="45.698060" lon="-73.900080"></trkpt>
<trkpt lat="45.697303" lon="-73.899057"></trkpt>
<trkpt lat="45.697242" lon="-73.898956"></trkpt>
<trkpt lat="45.697142" lon="-73.898594"></trkpt>
<trkpt lat="45.696920" lon="-73.898379"></trkpt>
<trkpt lat="45.696677" lon="-73.898055"></trkpt>
<trkpt lat="45.696547" lon="-73.897969"></trkpt>
<trkpt lat="45.695148" lon="-73.896092"></trkpt>
<trkpt lat="45.695074" lon="-73.895940"></trkpt>
<trkpt lat="45.695048" lon="-73.895684"></trkpt>
<trkpt lat="45.695018" lon="-73.895576"></trkpt>
<trkpt lat="45.694455" lon="-73.894806"></trkpt>
<trkpt lat="45.692704" lon="-73.892491"></trkpt>
<trkpt lat="45.692039" lon="-73.891753"></trkpt>
<trkpt lat="45.691556" lon="-73.891052"></trkpt>
<trkpt lat="45.691073" lon="-73.890446"></trkpt>
<trkpt lat="45.690383" lon="-73.889498"></trkpt>
<trkpt lat="45.689858" lon="-73.888504"></trkpt>
<trkpt lat="45.689682" lon="-73.888235"></trkpt>
<trkpt lat="45.689221" lon="-73.887736"></trkpt>
<trkpt lat="45.689031" lon="-73.887481"></trkpt>
<trkpt lat="45.688688" lon="-73.887240"></trkpt>
<trkpt lat="45.688262" lon="-73.886714"></trkpt>
<trkpt lat="45.688209" lon="-73.886644"></trkpt>
<trkpt lat="45.688137" lon="-73.886551"></trkpt>
<trkpt lat="45.687910" lon="-73.886244"></trkpt>
<trkpt lat="45.687726" lon="-73.885990"></trkpt>
<trkpt lat="45.687552" lon="-73.885493"></trkpt>
<trkpt lat="45.687328" lon="-73.885328"></trkpt>
<trkpt lat="45.686839" lon="-73.884761"></trkpt>
<trkpt lat="45.686649" lon="-73.884582"></trkpt>
<trkpt lat="45.686072" lon="-73.883708"></trkpt>
<trkpt lat="45.685947" lon="-73.883413"></trkpt>
<trkpt lat="45.685683" lon="-73.883179"></trkpt>
<trkpt lat="45.685562" lon="-73.882981"></trkpt>
<trkpt lat="45.685409" lon="-73.882802"></trkpt>
<trkpt lat="45.685182" lon="-73.882435"></trkpt>
<trkpt lat="45.684746" lon="-73.881903"></trkpt>
<trkpt lat="45.684521" lon="-73.881406"></trkpt>
<trkpt lat="45.684481" lon="-73.881079"></trkpt>
<trkpt lat="45.684369" lon="-73.881004"></trkpt>
<trkpt lat="45.684275" lon="-73.880974"></trkpt>
<trkpt lat="45.684124" lon="-73.880928"></trkpt>
<trkpt lat="45.684036" lon="-73.880863"></trkpt>
<trkpt lat="45.682676" lon="-73.879032"></trkpt>
<trkpt lat="45.682422" lon="-73.878822"></trkpt>
<trkpt lat="45.682287" lon="-73.878478"></trkpt>
<trkpt lat="45.682057" lon="-73.878378"></trkpt>
<trkpt lat="45.681917" lon="-73.878259"></trkpt>
<trkpt lat="45.680954" lon="-73.876977"></trkpt>
<trkpt lat="45.680469" lon="-73.876350"></trkpt>
<trkpt lat="45.680445" lon="-73.876326"></trkpt>
<trkpt lat="45.680232" lon="-73.876163"></trkpt>
<trkpt lat="45.680056" lon="-73.876016"></trkpt>
<trkpt lat="45.679563" lon="-73.875361"></trkpt>
<trkpt lat="45.679545" lon="-73.875346"></trkpt>
<trkpt lat="45.679500" lon="-73.875287"></trkpt>
<trkpt lat="45.679460" lon="-73.875232"></trkpt>
<trkpt lat="45.679063" lon="-73.874706"></trkpt>
<trkpt lat="45.679034" lon="-73.874625"></trkpt>
<trkpt lat="45.679004" lon="-73.874395"></trkpt>
<trkpt lat="45.678792" lon="-73.874097"></trkpt>
<trkpt lat="45.678758" lon="-73.874018"></trkpt>
<trkpt lat="45.678717" lon="-73.873937"></trkpt>
<trkpt lat="45.678607" lon="-73.873848"></trkpt>
<trkpt lat="45.677447" lon="-73.872325"></trkpt>
<trkpt lat="45.677380" lon="-73.872265"></trkpt>
<trkpt lat="45.677265" lon="-73.872248"></trkpt>
<trkpt lat="45.677201" lon="-73.872239"></trkpt>
<trkpt lat="45.677145" lon="-73.872182"></trkpt>
<trkpt lat="45.675289" lon="-73.869714"></trkpt>
<trkpt lat="45.675277" lon="-73.869696"></trkpt>
<trkpt lat="45.675007" lon="-73.869329"></trkpt>
<trkpt lat="45.674985" lon="-73.869236"></trkpt>
<trkpt lat="45.674994" lon="-73.869023"></trkpt>
<trkpt lat="45.674949" lon="-73.868900"></trkpt>
<trkpt lat="45.674700" lon="-73.868680"></trkpt>
<trkpt lat="45.672825" lon="-73.866169"></trkpt>
<trkpt lat="45.672748" lon="-73.866058"></trkpt>
<trkpt lat="45.672482" lon="-73.865711"></trkpt>
<trkpt lat="45.672215" lon="-73.865360"></trkpt>
<trkpt lat="45.672129" lon="-73.865246"></trkpt>
<trkpt lat="45.672037" lon="-73.865154"></trkpt>
<trkpt lat="45.671850" lon="-73.865050"></trkpt>
<trkpt lat="45.671588" lon="-73.864712"></trkpt>
<trkpt lat="45.671431" lon="-73.864658"></trkpt>
<trkpt lat="45.671414" lon="-73.864647"></trkpt>
<trkpt lat="45.671270" lon="-73.864838"></trkpt>
<trkpt lat="45.671197" lon="-73.864934"></trkpt>
<trkpt lat="45.671161" lon="-73.864879"></trkpt>
<trkpt lat="45.671086" lon="-73.864778"></trkpt>
<trkpt lat="45.671049" lon="-73.864728"></trkpt>
<trkpt lat="45.671034" lon="-73.864708"></trkpt>
<trkpt lat="45.670835" lon="-73.864316"></trkpt>
<trkpt lat="45.670573" lon="-73.863860"></trkpt>
<trkpt lat="45.666994" lon="-73.859104"></trkpt>
<trkpt lat="45.666741" lon="-73.858841"></trkpt>
<trkpt lat="45.666110" lon="-73.858006"></trkpt>
<trkpt lat="45.664162" lon="-73.855428"></trkpt>
<trkpt lat="45.663956" lon="-73.855082"></trkpt>
<trkpt lat="45.663841" lon="-73.854889"></trkpt>
<trkpt lat="45.662294" lon="-73.852823"></trkpt>
<trkpt lat="45.662080" lon="-73.852646"></trkpt>
<trkpt lat="45.660367" lon="-73.850348"></trkpt>
<trkpt lat="45.660269" lon="-73.850144"></trkpt>
<trkpt lat="45.659979" lon="-73.849755"></trkpt>
<trkpt lat="45.659680" lon="-73.849740"></trkpt>
<trkpt lat="45.659548" lon="-73.849649"></trkpt>
<trkpt lat="45.659372" lon="-73.849271"></trkpt>
<trkpt lat="45.658890" lon="-73.848634"></trkpt>
<trkpt lat="45.658663" lon="-73.848293"></trkpt>
<trkpt lat="45.658622" lon="-73.848179"></trkpt>
<trkpt lat="45.658567" lon="-73.847882"></trkpt>
<trkpt lat="45.658531" lon="-73.847808"></trkpt>
<trkpt lat="45.656735" lon="-73.845415"></trkpt>
<trkpt lat="45.656489" lon="-73.845169"></trkpt>
<trkpt lat="45.656065" lon="-73.844629"></trkpt>
<trkpt lat="45.655972" lon="-73.844506"></trkpt>
<trkpt lat="45.655946" lon="-73.844422"></trkpt>
<trkpt lat="45.656121" lon="-73.844341"></trkpt>
<trkpt lat="45.656132" lon="-73.844256"></trkpt>
<trkpt lat="45.656167" lon="-73.844251"></trkpt>
<trkpt lat="45.656770" lon="-73.844227"></trkpt>
<trkpt lat="45.656885" lon="-73.844229"></trkpt>
<trkpt lat="45.658472" lon="-73.844257"></trkpt>
<trkpt lat="45.658528" lon="-73.844355"></trkpt>
<trkpt lat="45.658599" lon="-73.844356"></trkpt>
<trkpt lat="45.658671" lon="-73.844360"></trkpt>
<trkpt lat="45.658731" lon="-73.844409"></trkpt>
<trkpt lat="45.658860" lon="-73.844420"></trkpt>
<trkpt lat="45.658894" lon="-73.844523"></trkpt>
<trkpt lat="45.659063" lon="-73.844617"></trkpt>
<trkpt lat="45.659257" lon="-73.844529"></trkpt>
<trkpt lat="45.659409" lon="-73.844532"></trkpt>
<trkpt lat="45.659569" lon="-73.844625"></trkpt>
<trkpt lat="45.659763" lon="-73.844823"></trkpt>
<trkpt lat="45.659927" lon="-73.844946"></trkpt>
<trkpt lat="45.660098" lon="-73.845008"></trkpt>
<trkpt lat="45.661164" lon="-73.844854"></trkpt>
<trkpt lat="45.661212" lon="-73.844836"></trkpt>
<trkpt lat="45.661342" lon="-73.844688"></trkpt>
<trkpt lat="45.661606" lon="-73.844692"></trkpt>
<trkpt lat="45.661811" lon="-73.844572"></trkpt>
<trkpt lat="45.661950" lon="-73.844560"></trkpt>
<trkpt lat="45.662059" lon="-73.844433"></trkpt>
<trkpt lat="45.662170" lon="-73.844381"></trkpt>
<trkpt lat="45.662381" lon="-73.844338"></trkpt>
<trkpt lat="45.662584" lon="-73.844358"></trkpt>
<trkpt lat="45.662780" lon="-73.844267"></trkpt>
<trkpt lat="45.662906" lon="-73.844296"></trkpt>
<trkpt lat="45.662895" lon="-73.844142"></trkpt>
<trkpt lat="45.662841" lon="-73.844081"></trkpt>
<trkpt lat="45.662840" lon="-73.843994"></trkpt>
<trkpt lat="45.662830" lon="-73.843204"></trkpt>
<trkpt lat="45.662771" lon="-73.842945"></trkpt>
<trkpt lat="45.662662" lon="-73.842755"></trkpt>
<trkpt lat="45.661623" lon="-73.841221"></trkpt>
<trkpt lat="45.661256" lon="-73.840668"></trkpt>
<trkpt lat="45.661109" lon="-73.840362"></trkpt>
<trkpt lat="45.661081" lon="-73.840286"></trkpt>
<trkpt lat="45.661094" lon="-73.840163"></trkpt>
<trkpt lat="45.661043" lon="-73.839883"></trkpt>
<trkpt lat="45.661019" lon="-73.839591"></trkpt>
<trkpt lat="45.661022" lon="-73.839294"></trkpt>
<trkpt lat="45.661067" lon="-73.838969"></trkpt>
<trkpt lat="45.661105" lon="-73.838817"></trkpt>
<trkpt lat="45.661195" lon="-73.838571"></trkpt>
<trkpt lat="45.661440" lon="-73.838175"></trkpt>
<trkpt lat="45.661497" lon="-73.838098"></trkpt>
<trkpt lat="45.661530" lon="-73.838059"></trkpt>
<trkpt lat="45.661589" lon="-73.837974"></trkpt>
<trkpt lat="45.661617" lon="-73.837934"></trkpt>
<trkpt lat="45.661663" lon="-73.837871"></trkpt>
<trkpt lat="45.661668" lon="-73.837861"></trkpt>
<trkpt lat="45.661720" lon="-73.837610"></trkpt>
<trkpt lat="45.661702" lon="-73.837409"></trkpt>
<trkpt lat="45.661660" lon="-73.837256"></trkpt>
<trkpt lat="45.661558" lon="-73.837079"></trkpt>
<trkpt lat="45.661447" lon="-73.836921"></trkpt>
<trkpt lat="45.661330" lon="-73.836753"></trkpt>
<trkpt lat="45.661213" lon="-73.836585"></trkpt>
<trkpt lat="45.661086" lon="-73.836403"></trkpt>
<trkpt lat="45.660956" lon="-73.836217"></trkpt>
<trkpt lat="45.660742" lon="-73.835913"></trkpt>
<trkpt lat="45.660688" lon="-73.835832"></trkpt>
<trkpt lat="45.660638" lon="-73.835758"></trkpt>
<trkpt lat="45.660268" lon="-73.835231"></trkpt>
<trkpt lat="45.660214" lon="-73.835154"></trkpt>
<trkpt lat="45.660155" lon="-73.835071"></trkpt>
<trkpt lat="45.659551" lon="-73.834208"></trkpt>
<trkpt lat="45.659423" lon="-73.833946"></trkpt>
<trkpt lat="45.659376" lon="-73.833759"></trkpt>
<trkpt lat="45.659356" lon="-73.833513"></trkpt>
<trkpt lat="45.659365" lon="-73.833361"></trkpt>
<trkpt lat="45.659422" lon="-73.833105"></trkpt>
<trkpt lat="45.659528" lon="-73.832874"></trkpt>
<trkpt lat="45.660011" lon="-73.832181"></trkpt>
<trkpt lat="45.660021" lon="-73.832167"></trkpt>
<trkpt lat="45.660659" lon="-73.831262"></trkpt>
<trkpt lat="45.660727" lon="-73.831165"></trkpt>
<trkpt lat="45.660672" lon="-73.831088"></trkpt>
<trkpt lat="45.660183" lon="-73.830388"></trkpt>
<trkpt lat="45.660067" lon="-73.830223"></trkpt>
<trkpt lat="45.659608" lon="-73.829561"></trkpt>
<trkpt lat="45.659489" lon="-73.829393"></trkpt>
<trkpt lat="45.659239" lon="-73.829110"></trkpt>
<trkpt lat="45.659190" lon="-73.829040"></trkpt>
<trkpt lat="45.659143" lon="-73.828973"></trkpt>
<trkpt lat="45.658962" lon="-73.828640"></trkpt>
<trkpt lat="45.658662" lon="-73.828206"></trkpt>
<trkpt lat="45.658548" lon="-73.828130"></trkpt>
<trkpt lat="45.658467" lon="-73.828120"></trkpt>
<trkpt lat="45.658325" lon="-73.828267"></trkpt>
<trkpt lat="45.658278" lon="-73.828261"></trkpt>
<trkpt lat="45.658192" lon="-73.828179"></trkpt>
<trkpt lat="45.658116" lon="-73.828010"></trkpt>
<trkpt lat="45.657801" lon="-73.827553"></trkpt>
<trkpt lat="45.657683" lon="-73.827381"></trkpt>
<trkpt lat="45.657251" lon="-73.826763"></trkpt>
<trkpt lat="45.657133" lon="-73.826594"></trkpt>
<trkpt lat="45.656708" lon="-73.825984"></trkpt>
<trkpt lat="45.656588" lon="-73.825817"></trkpt>
<trkpt lat="45.656139" lon="-73.825168"></trkpt>
<trkpt lat="45.656009" lon="-73.824980"></trkpt>
<trkpt lat="45.655637" lon="-73.824448"></trkpt>
<trkpt lat="45.655578" lon="-73.824362"></trkpt>
<trkpt lat="45.655453" lon="-73.824182"></trkpt>
<trkpt lat="45.655396" lon="-73.824099"></trkpt>
<trkpt lat="45.654924" lon="-73.823403"></trkpt>
<trkpt lat="45.654534" lon="-73.822494"></trkpt>
<trkpt lat="45.654479" lon="-73.822361"></trkpt>
<trkpt lat="45.654443" lon="-73.822273"></trkpt>
<trkpt lat="45.654208" lon="-73.821837"></trkpt>
<trkpt lat="45.653004" lon="-73.820121"></trkpt>
<trkpt lat="45.652858" lon="-73.819849"></trkpt>
<trkpt lat="45.652792" lon="-73.819633"></trkpt>
<trkpt lat="45.652770" lon="-73.819307"></trkpt>
<trkpt lat="45.652849" lon="-73.817561"></trkpt>
<trkpt lat="45.652912" lon="-73.816719"></trkpt>
<trkpt lat="45.653008" lon="-73.816022"></trkpt>
<trkpt lat="45.653011" lon="-73.816004"></trkpt>
<trkpt lat="45.653027" lon="-73.815918"></trkpt>
<trkpt lat="45.653050" lon="-73.815793"></trkpt>
<trkpt lat="45.653067" lon="-73.815709"></trkpt>
<trkpt lat="45.653454" lon="-73.814061"></trkpt>
<trkpt lat="45.653478" lon="-73.813920"></trkpt>
<trkpt lat="45.653496" lon="-73.813786"></trkpt>
<trkpt lat="45.653483" lon="-73.813349"></trkpt>
<trkpt lat="45.653387" lon="-73.812929"></trkpt>
<trkpt lat="45.653203" lon="-73.812558"></trkpt>
<trkpt lat="45.652917" lon="-73.812147"></trkpt>
<trkpt lat="45.652877" lon="-73.812088"></trkpt>
<trkpt lat="45.652817" lon="-73.812003"></trkpt>
<trkpt lat="45.652202" lon="-73.811135"></trkpt>
<trkpt lat="45.652146" lon="-73.811056"></trkpt>
<trkpt lat="45.652096" lon="-73.810986"></trkpt>
<trkpt lat="45.651729" lon="-73.810467"></trkpt>
<trkpt lat="45.651664" lon="-73.810371"></trkpt>
<trkpt lat="45.651618" lon="-73.810308"></trkpt>
<trkpt lat="45.651234" lon="-73.809769"></trkpt>
<trkpt lat="45.650764" lon="-73.809095"></trkpt>
<trkpt lat="45.650637" lon="-73.808854"></trkpt>
<trkpt lat="45.650529" lon="-73.808490"></trkpt>
<trkpt lat="45.650503" lon="-73.808025"></trkpt>
<trkpt lat="45.650509" lon="-73.807923"></trkpt>
<trkpt lat="45.650518" lon="-73.807849"></trkpt>
<trkpt lat="45.650650" lon="-73.807262"></trkpt>
<trkpt lat="45.650906" lon="-73.806328"></trkpt>
<trkpt lat="45.651098" lon="-73.805669"></trkpt>
<trkpt lat="45.651194" lon="-73.805340"></trkpt>
<trkpt lat="45.651321" lon="-73.804900"></trkpt>
<trkpt lat="45.651352" lon="-73.804793"></trkpt>
<trkpt lat="45.651370" lon="-73.804726"></trkpt>
<trkpt lat="45.651476" lon="-73.804240"></trkpt>
<trkpt lat="45.651503" lon="-73.804078"></trkpt>
<trkpt lat="45.651520" lon="-73.803975"></trkpt>
<trkpt lat="45.651549" lon="-73.803758"></trkpt>
<trkpt lat="45.651553" lon="-73.803698"></trkpt>
<trkpt lat="45.651557" lon="-73.803314"></trkpt>
<trkpt lat="45.651534" lon="-73.802946"></trkpt>
<trkpt lat="45.651453" lon="-73.802947"></trkpt>
<trkpt lat="45.651446" lon="-73.802926"></trkpt>
<trkpt lat="45.651435" lon="-73.802810"></trkpt>
<trkpt lat="45.651427" lon="-73.802738"></trkpt>
<trkpt lat="45.651375" lon="-73.802645"></trkpt>
<trkpt lat="45.651365" lon="-73.802477"></trkpt>
<trkpt lat="45.651297" lon="-73.801294"></trkpt>
<trkpt lat="45.651220" lon="-73.801102"></trkpt>
<trkpt lat="45.651197" lon="-73.800920"></trkpt>
<trkpt lat="45.651229" lon="-73.800034"></trkpt>
<trkpt lat="45.651148" lon="-73.799853"></trkpt>
<trkpt lat="45.650940" lon="-73.799598"></trkpt>
<trkpt lat="45.650785" lon="-73.799477"></trkpt>
<trkpt lat="45.650108" lon="-73.799122"></trkpt>
<trkpt lat="45.649804" lon="-73.798883"></trkpt>
<trkpt lat="45.649667" lon="-73.798732"></trkpt>
<trkpt lat="45.649659" lon="-73.798623"></trkpt>
<trkpt lat="45.649688" lon="-73.798532"></trkpt>
<trkpt lat="45.649746" lon="-73.798476"></trkpt>
<trkpt lat="45.650009" lon="-73.798447"></trkpt>
<trkpt lat="45.650243" lon="-73.798240"></trkpt>
<trkpt lat="45.651133" lon="-73.796862"></trkpt>
<trkpt lat="45.651202" lon="-73.796674"></trkpt>
<trkpt lat="45.651418" lon="-73.795893"></trkpt>
<trkpt lat="45.651718" lon="-73.794354"></trkpt>
<trkpt lat="45.651944" lon="-73.793404"></trkpt>
<trkpt lat="45.651922" lon="-73.793207"></trkpt>
<trkpt lat="45.651859" lon="-73.793085"></trkpt>
<trkpt lat="45.651638" lon="-73.792800"></trkpt>
<trkpt lat="45.651617" lon="-73.792729"></trkpt>
<trkpt lat="45.651627" lon="-73.792576"></trkpt>
<trkpt lat="45.651695" lon="-73.792439"></trkpt>
<trkpt lat="45.651762" lon="-73.792281"></trkpt>
<trkpt lat="45.651962" lon="-73.792018"></trkpt>
<trkpt lat="45.652001" lon="-73.791877"></trkpt>
<trkpt lat="45.652147" lon="-73.791683"></trkpt>
<trkpt lat="45.652164" lon="-73.791615"></trkpt>
<trkpt lat="45.652012" lon="-73.791351"></trkpt>
<trkpt lat="45.652008" lon="-73.791307"></trkpt>
<trkpt lat="45.652509" lon="-73.790625"></trkpt>
<trkpt lat="45.652576" lon="-73.790531"></trkpt>
<trkpt lat="45.652536" lon="-73.790407"></trkpt>
<trkpt lat="45.651274" lon="-73.788505"></trkpt>
<trkpt lat="45.651089" lon="-73.788261"></trkpt>
<trkpt lat="45.651035" lon="-73.788130"></trkpt>
<trkpt lat="45.651012" lon="-73.787912"></trkpt>
<trkpt lat="45.651066" lon="-73.787676"></trkpt>
<trkpt lat="45.651233" lon="-73.787519"></trkpt>
<trkpt lat="45.651584" lon="-73.787350"></trkpt>
<trkpt lat="45.652122" lon="-73.786639"></trkpt>
<trkpt lat="45.652354" lon="-73.786361"></trkpt>
<trkpt lat="45.652519" lon="-73.785976"></trkpt>
<trkpt lat="45.652759" lon="-73.785012"></trkpt>
<trkpt lat="45.652830" lon="-73.784621"></trkpt>
<trkpt lat="45.652788" lon="-73.784313"></trkpt>
<trkpt lat="45.652557" lon="-73.783589"></trkpt>
<trkpt lat="45.652543" lon="-73.783547"></trkpt>
<trkpt lat="45.652475" lon="-73.783384"></trkpt>
<trkpt lat="45.652300" lon="-73.783067"></trkpt>
<trkpt lat="45.652072" lon="-73.782891"></trkpt>
<trkpt lat="45.651782" lon="-73.782455"></trkpt>
<trkpt lat="45.651485" lon="-73.782218"></trkpt>
<trkpt lat="45.651317" lon="-73.782030"></trkpt>
<trkpt lat="45.651365" lon="-73.781714"></trkpt>
<trkpt lat="45.651433" lon="-73.781446"></trkpt>
<trkpt lat="45.651909" lon="-73.779991"></trkpt>
<trkpt lat="45.651860" lon="-73.779959"></trkpt>
<trkpt lat="45.651884" lon="-73.779890"></trkpt>
<trkpt lat="45.651958" lon="-73.779676"></trkpt>
<trkpt lat="45.652003" lon="-73.779539"></trkpt>
<trkpt lat="45.652111" lon="-73.779194"></trkpt>
<trkpt lat="45.652200" lon="-73.778820"></trkpt>
<trkpt lat="45.652209" lon="-73.778757"></trkpt>
<trkpt lat="45.652214" lon="-73.778702"></trkpt>
<trkpt lat="45.652220" lon="-73.778601"></trkpt>
<trkpt lat="45.652223" lon="-73.778468"></trkpt>
<trkpt lat="45.652214" lon="-73.778258"></trkpt>
<trkpt lat="45.652177" lon="-73.777964"></trkpt>
<trkpt lat="45.652097" lon="-73.777647"></trkpt>
<trkpt lat="45.652016" lon="-73.777438"></trkpt>
<trkpt lat="45.651854" lon="-73.777141"></trkpt>
<trkpt lat="45.651788" lon="-73.777042"></trkpt>
<trkpt lat="45.651745" lon="-73.776977"></trkpt>
<trkpt lat="45.651712" lon="-73.776928"></trkpt>
<trkpt lat="45.651584" lon="-73.776735"></trkpt>
<trkpt lat="45.651541" lon="-73.776670"></trkpt>
<trkpt lat="45.651506" lon="-73.776619"></trkpt>
<trkpt lat="45.651424" lon="-73.776496"></trkpt>
<trkpt lat="45.651320" lon="-73.776338"></trkpt>
<trkpt lat="45.651054" lon="-73.775942"></trkpt>
<trkpt lat="45.651009" lon="-73.775876"></trkpt>
<trkpt lat="45.651045" lon="-73.775834"></trkpt>
<trkpt lat="45.651108" lon="-73.775759"></trkpt>
<trkpt lat="45.651158" lon="-73.775699"></trkpt>
<trkpt lat="45.651223" lon="-73.775624"></trkpt>
<trkpt lat="45.651245" lon="-73.775598"></trkpt>
<trkpt lat="45.651283" lon="-73.775554"></trkpt>
<trkpt lat="45.651370" lon="-73.775453"></trkpt>
<trkpt lat="45.651506" lon="-73.775293"></trkpt>
<trkpt lat="45.651571" lon="-73.775217"></trkpt>
<trkpt lat="45.651687" lon="-73.775081"></trkpt>
<trkpt lat="45.651869" lon="-73.774868"></trkpt>
<trkpt lat="45.651933" lon="-73.774781"></trkpt>
<trkpt lat="45.651969" lon="-73.774732"></trkpt>
<trkpt lat="45.652039" lon="-73.774631"></trkpt>
<trkpt lat="45.652104" lon="-73.774530"></trkpt>
<trkpt lat="45.652254" lon="-73.774288"></trkpt>
<trkpt lat="45.652263" lon="-73.774275"></trkpt>
<trkpt lat="45.652302" lon="-73.774215"></trkpt>
<trkpt lat="45.652331" lon="-73.774166"></trkpt>
<trkpt lat="45.652411" lon="-73.774038"></trkpt>
<trkpt lat="45.652462" lon="-73.773959"></trkpt>
<trkpt lat="45.652485" lon="-73.773926"></trkpt>
<trkpt lat="45.652517" lon="-73.773877"></trkpt>
<trkpt lat="45.652550" lon="-73.773830"></trkpt>
<trkpt lat="45.652626" lon="-73.773725"></trkpt>
<trkpt lat="45.652759" lon="-73.773553"></trkpt>
<trkpt lat="45.652886" lon="-73.773406"></trkpt>
<trkpt lat="45.653094" lon="-73.773202"></trkpt>
<trkpt lat="45.653112" lon="-73.773186"></trkpt>
<trkpt lat="45.653339" lon="-73.773040"></trkpt>
<trkpt lat="45.653374" lon="-73.773020"></trkpt>
<trkpt lat="45.653479" lon="-73.772964"></trkpt>
<trkpt lat="45.653657" lon="-73.772874"></trkpt>
<trkpt lat="45.653821" lon="-73.772799"></trkpt>
<trkpt lat="45.653936" lon="-73.772748"></trkpt>
<trkpt lat="45.654102" lon="-73.772671"></trkpt>
<trkpt lat="45.654226" lon="-73.772608"></trkpt>
<trkpt lat="45.654283" lon="-73.772578"></trkpt>
<trkpt lat="45.654378" lon="-73.772525"></trkpt>
<trkpt lat="45.654532" lon="-73.772429"></trkpt>
<trkpt lat="45.654629" lon="-73.772368"></trkpt>
<trkpt lat="45.654716" lon="-73.772313"></trkpt>
<trkpt lat="45.655180" lon="-73.771988"></trkpt>
<trkpt lat="45.655255" lon="-73.771913"></trkpt>
<trkpt lat="45.655413" lon="-73.771723"></trkpt>
<trkpt lat="45.655561" lon="-73.771533"></trkpt>
<trkpt lat="45.655669" lon="-73.771399"></trkpt>
<trkpt lat="45.655729" lon="-73.771334"></trkpt>
<trkpt lat="45.655791" lon="-73.771272"></trkpt>
<trkpt lat="45.655844" lon="-73.771223"></trkpt>
<trkpt lat="45.655970" lon="-73.771116"></trkpt>
<trkpt lat="45.656120" lon="-73.770991"></trkpt>
<trkpt lat="45.656168" lon="-73.770953"></trkpt>
<trkpt lat="45.656215" lon="-73.770916"></trkpt>
<trkpt lat="45.656305" lon="-73.770848"></trkpt>
<trkpt lat="45.656739" lon="-73.770511"></trkpt>
<trkpt lat="45.656784" lon="-73.770477"></trkpt>
<trkpt lat="45.656851" lon="-73.770420"></trkpt>
<trkpt lat="45.656934" lon="-73.770325"></trkpt>
<trkpt lat="45.657041" lon="-73.770186"></trkpt>
<trkpt lat="45.657096" lon="-73.770107"></trkpt>
<trkpt lat="45.657196" lon="-73.769949"></trkpt>
<trkpt lat="45.657229" lon="-73.769894"></trkpt>
<trkpt lat="45.657265" lon="-73.769829"></trkpt>
<trkpt lat="45.657309" lon="-73.769742"></trkpt>
<trkpt lat="45.657364" lon="-73.769625"></trkpt>
<trkpt lat="45.657393" lon="-73.769560"></trkpt>
<trkpt lat="45.657511" lon="-73.769297"></trkpt>
<trkpt lat="45.657571" lon="-73.769169"></trkpt>
<trkpt lat="45.657612" lon="-73.769076"></trkpt>
<trkpt lat="45.657642" lon="-73.769009"></trkpt>
<trkpt lat="45.657661" lon="-73.768968"></trkpt>
<trkpt lat="45.657707" lon="-73.768870"></trkpt>
<trkpt lat="45.657777" lon="-73.768725"></trkpt>
<trkpt lat="45.657861" lon="-73.768589"></trkpt>
<trkpt lat="45.657888" lon="-73.768546"></trkpt>
<trkpt lat="45.657916" lon="-73.768509"></trkpt>
<trkpt lat="45.658099" lon="-73.768316"></trkpt>
<trkpt lat="45.658372" lon="-73.768077"></trkpt>
<trkpt lat="45.658408" lon="-73.768045"></trkpt>
<trkpt lat="45.658613" lon="-73.767873"></trkpt>
<trkpt lat="45.658722" lon="-73.767782"></trkpt>
<trkpt lat="45.658754" lon="-73.767755"></trkpt>
<trkpt lat="45.658828" lon="-73.767692"></trkpt>
<trkpt lat="45.659024" lon="-73.767527"></trkpt>
<trkpt lat="45.659072" lon="-73.767485"></trkpt>
<trkpt lat="45.659113" lon="-73.767450"></trkpt>
<trkpt lat="45.659140" lon="-73.767427"></trkpt>
<trkpt lat="45.659167" lon="-73.767403"></trkpt>
<trkpt lat="45.659474" lon="-73.767132"></trkpt>
<trkpt lat="45.659684" lon="-73.766920"></trkpt>
<trkpt lat="45.659708" lon="-73.766893"></trkpt>
<trkpt lat="45.659745" lon="-73.766847"></trkpt>
<trkpt lat="45.659951" lon="-73.766556"></trkpt>
<trkpt lat="45.660153" lon="-73.766230"></trkpt>
<trkpt lat="45.660263" lon="-73.766033"></trkpt>
<trkpt lat="45.660325" lon="-73.765924"></trkpt>
<trkpt lat="45.660421" lon="-73.765749"></trkpt>
<trkpt lat="45.660508" lon="-73.765590"></trkpt>
<trkpt lat="45.660640" lon="-73.765310"></trkpt>
<trkpt lat="45.660709" lon="-73.765102"></trkpt>
<trkpt lat="45.660727" lon="-73.765022"></trkpt>
<trkpt lat="45.660742" lon="-73.764945"></trkpt>
<trkpt lat="45.660824" lon="-73.764581"></trkpt>
<trkpt lat="45.660864" lon="-73.764437"></trkpt>
<trkpt lat="45.660890" lon="-73.764361"></trkpt>
<trkpt lat="45.660925" lon="-73.764274"></trkpt>
<trkpt lat="45.661057" lon="-73.764022"></trkpt>
<trkpt lat="45.661182" lon="-73.763821"></trkpt>
<trkpt lat="45.661273" lon="-73.763690"></trkpt>
<trkpt lat="45.661285" lon="-73.763674"></trkpt>
<trkpt lat="45.661322" lon="-73.763622"></trkpt>
<trkpt lat="45.661358" lon="-73.763572"></trkpt>
<trkpt lat="45.661550" lon="-73.763289"></trkpt>
<trkpt lat="45.661567" lon="-73.763266"></trkpt>
<trkpt lat="45.661642" lon="-73.763160"></trkpt>
<trkpt lat="45.661814" lon="-73.762946"></trkpt>
<trkpt lat="45.661859" lon="-73.762893"></trkpt>
<trkpt lat="45.661900" lon="-73.762844"></trkpt>
<trkpt lat="45.662069" lon="-73.762684"></trkpt>
<trkpt lat="45.662334" lon="-73.762554"></trkpt>
<trkpt lat="45.662433" lon="-73.762505"></trkpt>
<trkpt lat="45.662499" lon="-73.762474"></trkpt>
<trkpt lat="45.662568" lon="-73.762440"></trkpt>
<trkpt lat="45.662623" lon="-73.762410"></trkpt>
<trkpt lat="45.662765" lon="-73.762321"></trkpt>
<trkpt lat="45.662786" lon="-73.762307"></trkpt>
<trkpt lat="45.662897" lon="-73.762232"></trkpt>
<trkpt lat="45.663077" lon="-73.762101"></trkpt>
<trkpt lat="45.663100" lon="-73.762084"></trkpt>
<trkpt lat="45.663149" lon="-73.762047"></trkpt>
<trkpt lat="45.663185" lon="-73.762021"></trkpt>
<trkpt lat="45.663216" lon="-73.761998"></trkpt>
<trkpt lat="45.663342" lon="-73.761886"></trkpt>
<trkpt lat="45.663509" lon="-73.761676"></trkpt>
<trkpt lat="45.663623" lon="-73.761526"></trkpt>
<trkpt lat="45.663659" lon="-73.761478"></trkpt>
<trkpt lat="45.663694" lon="-73.761430"></trkpt>
<trkpt lat="45.663744" lon="-73.761366"></trkpt>
<trkpt lat="45.663899" lon="-73.761169"></trkpt>
<trkpt lat="45.664083" lon="-73.760932"></trkpt>
<trkpt lat="45.664141" lon="-73.760863"></trkpt>
<trkpt lat="45.664177" lon="-73.760929"></trkpt>
<trkpt lat="45.664220" lon="-73.760881"></trkpt>
<trkpt lat="45.664375" lon="-73.760709"></trkpt>
<trkpt lat="45.664399" lon="-73.760682"></trkpt>
<trkpt lat="45.664432" lon="-73.760645"></trkpt>
<trkpt lat="45.664576" lon="-73.760515"></trkpt>
<trkpt lat="45.664544" lon="-73.760385"></trkpt>
<trkpt lat="45.664624" lon="-73.760291"></trkpt>
<trkpt lat="45.664678" lon="-73.760229"></trkpt>
<trkpt lat="45.664826" lon="-73.760059"></trkpt>
<trkpt lat="45.664902" lon="-73.759973"></trkpt>
<trkpt lat="45.665069" lon="-73.759750"></trkpt>
<trkpt lat="45.665109" lon="-73.759704"></trkpt>
<trkpt lat="45.665311" lon="-73.759483"></trkpt>
<trkpt lat="45.665392" lon="-73.759387"></trkpt>
<trkpt lat="45.665545" lon="-73.759212"></trkpt>
<trkpt lat="45.665660" lon="-73.759087"></trkpt>
<trkpt lat="45.665873" lon="-73.758854"></trkpt>
<trkpt lat="45.666006" lon="-73.758717"></trkpt>
<trkpt lat="45.666169" lon="-73.758546"></trkpt>
<trkpt lat="45.666232" lon="-73.758480"></trkpt>
<trkpt lat="45.666367" lon="-73.758338"></trkpt>
<trkpt lat="45.666415" lon="-73.758290"></trkpt>
<trkpt lat="45.666461" lon="-73.758244"></trkpt>
<trkpt lat="45.666681" lon="-73.758040"></trkpt>
<trkpt lat="45.666879" lon="-73.757861"></trkpt>
<trkpt lat="45.666919" lon="-73.757824"></trkpt>
<trkpt lat="45.666987" lon="-73.757763"></trkpt>
<trkpt lat="45.667029" lon="-73.757718"></trkpt>
<trkpt lat="45.667090" lon="-73.757652"></trkpt>
<trkpt lat="45.667195" lon="-73.757540"></trkpt>
<trkpt lat="45.667310" lon="-73.757416"></trkpt>
<trkpt lat="45.667400" lon="-73.757321"></trkpt>
<trkpt lat="45.667446" lon="-73.757269"></trkpt>
<trkpt lat="45.667498" lon="-73.757213"></trkpt>
<trkpt lat="45.667605" lon="-73.757096"></trkpt>
<trkpt lat="45.667692" lon="-73.757003"></trkpt>
<trkpt lat="45.667849" lon="-73.756839"></trkpt>
<trkpt lat="45.667912" lon="-73.756773"></trkpt>
<trkpt lat="45.667977" lon="-73.756707"></trkpt>
<trkpt lat="45.668040" lon="-73.756640"></trkpt>
<trkpt lat="45.668178" lon="-73.756499"></trkpt>
<trkpt lat="45.668306" lon="-73.756368"></trkpt>
<trkpt lat="45.668374" lon="-73.756299"></trkpt>
<trkpt lat="45.668504" lon="-73.756165"></trkpt>
<trkpt lat="45.668643" lon="-73.756022"></trkpt>
<trkpt lat="45.668698" lon="-73.755961"></trkpt>
<trkpt lat="45.668752" lon="-73.755901"></trkpt>
<trkpt lat="45.668902" lon="-73.755747"></trkpt>
<trkpt lat="45.669025" lon="-73.755607"></trkpt>
<trkpt lat="45.669157" lon="-73.755450"></trkpt>
<trkpt lat="45.669251" lon="-73.755352"></trkpt>
<trkpt lat="45.669280" lon="-73.755325"></trkpt>
<trkpt lat="45.669342" lon="-73.755275"></trkpt>
<trkpt lat="45.669414" lon="-73.755226"></trkpt>
<trkpt lat="45.669494" lon="-73.755169"></trkpt>
<trkpt lat="45.669741" lon="-73.755010"></trkpt>
<trkpt lat="45.669857" lon="-73.754937"></trkpt>
<trkpt lat="45.669931" lon="-73.754889"></trkpt>
<trkpt lat="45.669984" lon="-73.754960"></trkpt>
<trkpt lat="45.670080" lon="-73.755094"></trkpt>
<trkpt lat="45.670105" lon="-73.755129"></trkpt>
<trkpt lat="45.670169" lon="-73.755219"></trkpt>
<trkpt lat="45.670231" lon="-73.755310"></trkpt>
<trkpt lat="45.670288" lon="-73.755393"></trkpt>
<trkpt lat="45.671449" lon="-73.757006"></trkpt>
<trkpt lat="45.671573" lon="-73.757125"></trkpt>
<trkpt lat="45.672070" lon="-73.757404"></trkpt>
<trkpt lat="45.672818" lon="-73.757782"></trkpt>
<trkpt lat="45.675052" lon="-73.758921"></trkpt>
<trkpt lat="45.675301" lon="-73.758986"></trkpt>
<trkpt lat="45.675737" lon="-73.758973"></trkpt>
<trkpt lat="45.676074" lon="-73.758961"></trkpt>
<trkpt lat="45.676942" lon="-73.758938"></trkpt>
<trkpt lat="45.677497" lon="-73.758916"></trkpt>
<trkpt lat="45.677631" lon="-73.758828"></trkpt>
<trkpt lat="45.677873" lon="-73.758478"></trkpt>
<trkpt lat="45.677925" lon="-73.758405"></trkpt>
<trkpt lat="45.678798" lon="-73.757111"></trkpt>
<trkpt lat="45.679402" lon="-73.755818"></trkpt>
<trkpt lat="45.679452" lon="-73.755717"></trkpt>
<trkpt lat="45.679575" lon="-73.755443"></trkpt>
<trkpt lat="45.679629" lon="-73.755414"></trkpt>
<trkpt lat="45.679880" lon="-73.755024"></trkpt>
<trkpt lat="45.679977" lon="-73.754975"></trkpt>
<trkpt lat="45.680431" lon="-73.754329"></trkpt>
<trkpt lat="45.680633" lon="-73.754047"></trkpt>
<trkpt lat="45.680736" lon="-73.753882"></trkpt>
<trkpt lat="45.680902" lon="-73.754111"></trkpt>
<trkpt lat="45.681572" lon="-73.755046"></trkpt>
<trkpt lat="45.681746" lon="-73.755049"></trkpt>
<trkpt lat="45.681869" lon="-73.754929"></trkpt>
<trkpt lat="45.682534" lon="-73.753958"></trkpt>
<trkpt lat="45.682626" lon="-73.753655"></trkpt>
<trkpt lat="45.682597" lon="-73.753516"></trkpt>
<trkpt lat="45.682493" lon="-73.753328"></trkpt>
<trkpt lat="45.682488" lon="-73.753195"></trkpt>
<trkpt lat="45.682585" lon="-73.752944"></trkpt>
<trkpt lat="45.682663" lon="-73.752853"></trkpt>
<trkpt lat="45.682763" lon="-73.752823"></trkpt>
<trkpt lat="45.682856" lon="-73.752834"></trkpt>
<trkpt lat="45.682921" lon="-73.752814"></trkpt>
<trkpt lat="45.683229" lon="-73.752481"></trkpt>
<trkpt lat="45.683491" lon="-73.752123"></trkpt>
<trkpt lat="45.683745" lon="-73.751961"></trkpt>
<trkpt lat="45.683869" lon="-73.751701"></trkpt>
<trkpt lat="45.683995" lon="-73.751337"></trkpt>
<trkpt lat="45.684105" lon="-73.751136"></trkpt>
<trkpt lat="45.684447" lon="-73.750789"></trkpt>
<trkpt lat="45.684768" lon="-73.750146"></trkpt>
<trkpt lat="45.684943" lon="-73.749708"></trkpt>
<trkpt lat="45.685334" lon="-73.749007"></trkpt>
<trkpt lat="45.685555" lon="-73.748443"></trkpt>
<trkpt lat="45.685756" lon="-73.748087"></trkpt>
<trkpt lat="45.685992" lon="-73.747736"></trkpt>
<trkpt lat="45.686322" lon="-73.747082"></trkpt>
<trkpt lat="45.686461" lon="-73.746729"></trkpt>
<trkpt lat="45.686886" lon="-73.745686"></trkpt>
<trkpt lat="45.687162" lon="-73.745461"></trkpt>
<trkpt lat="45.687365" lon="-73.744972"></trkpt>
<trkpt lat="45.687440" lon="-73.744647"></trkpt>
<trkpt lat="45.687497" lon="-73.744235"></trkpt>
<trkpt lat="45.687597" lon="-73.743871"></trkpt>
<trkpt lat="45.687610" lon="-73.743630"></trkpt>
<trkpt lat="45.687584" lon="-73.743432"></trkpt>
<trkpt lat="45.687589" lon="-73.743269"></trkpt>
<trkpt lat="45.687625" lon="-73.743123"></trkpt>
<trkpt lat="45.687774" lon="-73.742768"></trkpt>
<trkpt lat="45.687900" lon="-73.742367"></trkpt>
<trkpt lat="45.688352" lon="-73.741307"></trkpt>
<trkpt lat="45.688878" lon="-73.740373"></trkpt>
<trkpt lat="45.689070" lon="-73.739855"></trkpt>
<trkpt lat="45.689135" lon="-73.739615"></trkpt>
<trkpt lat="45.689118" lon="-73.739555"></trkpt>
<trkpt lat="45.688546" lon="-73.739243"></trkpt>
<trkpt lat="45.688504" lon="-73.739188"></trkpt>
<trkpt lat="45.688511" lon="-73.739069"></trkpt>
<trkpt lat="45.688638" lon="-73.738698"></trkpt>
<trkpt lat="45.688714" lon="-73.738194"></trkpt>
<trkpt lat="45.688798" lon="-73.738080"></trkpt>
<trkpt lat="45.688944" lon="-73.738042"></trkpt>
<trkpt lat="45.689300" lon="-73.738101"></trkpt>
<trkpt lat="45.689798" lon="-73.738259"></trkpt>
<trkpt lat="45.689854" lon="-73.738243"></trkpt>
<trkpt lat="45.689981" lon="-73.738012"></trkpt>
<trkpt lat="45.690027" lon="-73.737870"></trkpt>
<trkpt lat="45.690051" lon="-73.737780"></trkpt>
<trkpt lat="45.690242" lon="-73.737590"></trkpt>
<trkpt lat="45.690289" lon="-73.737421"></trkpt>
<trkpt lat="45.690341" lon="-73.737330"></trkpt>
<trkpt lat="45.690562" lon="-73.737170"></trkpt>
<trkpt lat="45.690703" lon="-73.736983"></trkpt>
<trkpt lat="45.690771" lon="-73.736989"></trkpt>
<trkpt lat="45.690842" lon="-73.737061"></trkpt>
<trkpt lat="45.690918" lon="-73.737060"></trkpt>
<trkpt lat="45.690972" lon="-73.737046"></trkpt>
<trkpt lat="45.691174" lon="-73.736970"></trkpt>
<trkpt lat="45.691373" lon="-73.736686"></trkpt>
<trkpt lat="45.691858" lon="-73.736225"></trkpt>
<trkpt lat="45.691964" lon="-73.735927"></trkpt>
<trkpt lat="45.692018" lon="-73.735693"></trkpt>
<trkpt lat="45.692201" lon="-73.735381"></trkpt>
<trkpt lat="45.692301" lon="-73.735045"></trkpt>
<trkpt lat="45.692412" lon="-73.734807"></trkpt>
<trkpt lat="45.692470" lon="-73.734560"></trkpt>
<trkpt lat="45.692499" lon="-73.734499"></trkpt>
<trkpt lat="45.692594" lon="-73.734430"></trkpt>
<trkpt lat="45.692790" lon="-73.734256"></trkpt>
<trkpt lat="45.692946" lon="-73.734246"></trkpt>
<trkpt lat="45.693024" lon="-73.734189"></trkpt>
<trkpt lat="45.693110" lon="-73.733822"></trkpt>
<trkpt lat="45.693187" lon="-73.733715"></trkpt>
<trkpt lat="45.693265" lon="-73.733535"></trkpt>
<trkpt lat="45.693581" lon="-73.732972"></trkpt>
<trkpt lat="45.693588" lon="-73.732874"></trkpt>
<trkpt lat="45.693522" lon="-73.732800"></trkpt>
<trkpt lat="45.693489" lon="-73.732677"></trkpt>
<trkpt lat="45.693477" lon="-73.732610"></trkpt>
<trkpt lat="45.693465" lon="-73.732544"></trkpt>
<trkpt lat="45.693493" lon="-73.732231"></trkpt>
<trkpt lat="45.693515" lon="-73.732172"></trkpt>
<trkpt lat="45.693553" lon="-73.732157"></trkpt>
<trkpt lat="45.693700" lon="-73.732217"></trkpt>
<trkpt lat="45.693774" lon="-73.732170"></trkpt>
<trkpt lat="45.694137" lon="-73.731550"></trkpt>
<trkpt lat="45.694288" lon="-73.731391"></trkpt>
<trkpt lat="45.694404" lon="-73.731142"></trkpt>
<trkpt lat="45.694411" lon="-73.731019"></trkpt>
<trkpt lat="45.694424" lon="-73.730880"></trkpt>
<trkpt lat="45.694556" lon="-73.730708"></trkpt>
<trkpt lat="45.694715" lon="-73.730260"></trkpt>
<trkpt lat="45.695007" lon="-73.729861"></trkpt>
<trkpt lat="45.695074" lon="-73.729523"></trkpt>
<trkpt lat="45.695221" lon="-73.729212"></trkpt>
<trkpt lat="45.695399" lon="-73.729139"></trkpt>
<trkpt lat="45.695463" lon="-73.729045"></trkpt>
<trkpt lat="45.695682" lon="-73.728836"></trkpt>
<trkpt lat="45.695782" lon="-73.728684"></trkpt>
<trkpt lat="45.695829" lon="-73.728230"></trkpt>
<trkpt lat="45.696151" lon="-73.728053"></trkpt>
<trkpt lat="45.696246" lon="-73.727883"></trkpt>
<trkpt lat="45.696461" lon="-73.727612"></trkpt>
<trkpt lat="45.696674" lon="-73.727337"></trkpt>
<trkpt lat="45.696917" lon="-73.727114"></trkpt>
<trkpt lat="45.697064" lon="-73.726764"></trkpt>
<trkpt lat="45.697139" lon="-73.726512"></trkpt>
<trkpt lat="45.697381" lon="-73.726159"></trkpt>
<trkpt lat="45.697454" lon="-73.726090"></trkpt>
<trkpt lat="45.697630" lon="-73.726039"></trkpt>
<trkpt lat="45.697677" lon="-73.725977"></trkpt>
<trkpt lat="45.697679" lon="-73.725947"></trkpt>
<trkpt lat="45.697659" lon="-73.725878"></trkpt>
<trkpt lat="45.697552" lon="-73.725726"></trkpt>
<trkpt lat="45.697560" lon="-73.725604"></trkpt>
<trkpt lat="45.697731" lon="-73.725527"></trkpt>
<trkpt lat="45.697772" lon="-73.725474"></trkpt>
<trkpt lat="45.698088" lon="-73.724682"></trkpt>
<trkpt lat="45.698249" lon="-73.724367"></trkpt>
<trkpt lat="45.698299" lon="-73.724126"></trkpt>
<trkpt lat="45.698436" lon="-73.723878"></trkpt>
<trkpt lat="45.698565" lon="-73.723499"></trkpt>
<trkpt lat="45.698829" lon="-73.723017"></trkpt>
<trkpt lat="45.698971" lon="-73.722660"></trkpt>
<trkpt lat="45.699009" lon="-73.722445"></trkpt>
<trkpt lat="45.698996" lon="-73.722217"></trkpt>
<trkpt lat="45.699056" lon="-73.721588"></trkpt>
<trkpt lat="45.699037" lon="-73.721288"></trkpt>
<trkpt lat="45.698989" lon="-73.721103"></trkpt>
<trkpt lat="45.698895" lon="-73.720911"></trkpt>
<trkpt lat="45.698749" lon="-73.720798"></trkpt>
<trkpt lat="45.698703" lon="-73.720751"></trkpt>
<trkpt lat="45.698678" lon="-73.720665"></trkpt>
<trkpt lat="45.698710" lon="-73.720396"></trkpt>
<trkpt lat="45.698945" lon="-73.719981"></trkpt>
<trkpt lat="45.699046" lon="-73.719813"></trkpt>
<trkpt lat="45.699241" lon="-73.719708"></trkpt>
<trkpt lat="45.699408" lon="-73.719683"></trkpt>
<trkpt lat="45.699613" lon="-73.719770"></trkpt>
<trkpt lat="45.699647" lon="-73.719803"></trkpt>
<trkpt lat="45.699917" lon="-73.720423"></trkpt>
<trkpt lat="45.699992" lon="-73.720530"></trkpt>
<trkpt lat="45.700043" lon="-73.720661"></trkpt>
<trkpt lat="45.700192" lon="-73.720596"></trkpt>
<trkpt lat="45.700472" lon="-73.720831"></trkpt>
<trkpt lat="45.700656" lon="-73.721025"></trkpt>
<trkpt lat="45.700830" lon="-73.721133"></trkpt>
<trkpt lat="45.700953" lon="-73.721152"></trkpt>
<trkpt lat="45.701002" lon="-73.721096"></trkpt>
<trkpt lat="45.701017" lon="-73.721006"></trkpt>
<trkpt lat="45.701034" lon="-73.720594"></trkpt>
<trkpt lat="45.701087" lon="-73.720132"></trkpt>
<trkpt lat="45.701085" lon="-73.719582"></trkpt>
<trkpt lat="45.701225" lon="-73.719307"></trkpt>
<trkpt lat="45.701259" lon="-73.719193"></trkpt>
<trkpt lat="45.701237" lon="-73.718697"></trkpt>
<trkpt lat="45.701257" lon="-73.718523"></trkpt>
<trkpt lat="45.701376" lon="-73.718212"></trkpt>
<trkpt lat="45.701565" lon="-73.717928"></trkpt>
<trkpt lat="45.701668" lon="-73.717457"></trkpt>
<trkpt lat="45.701735" lon="-73.717238"></trkpt>
<trkpt lat="45.701833" lon="-73.717083"></trkpt>
<trkpt lat="45.701934" lon="-73.716694"></trkpt>
<trkpt lat="45.702151" lon="-73.716451"></trkpt>
<trkpt lat="45.702447" lon="-73.716207"></trkpt>
<trkpt lat="45.702808" lon="-73.715647"></trkpt>
<trkpt lat="45.702936" lon="-73.715306"></trkpt>
<trkpt lat="45.702997" lon="-73.715274"></trkpt>
<trkpt lat="45.703028" lon="-73.715273"></trkpt>
<trkpt lat="45.703493" lon="-73.715387"></trkpt>
<trkpt lat="45.703669" lon="-73.715470"></trkpt>
<trkpt lat="45.703851" lon="-73.715489"></trkpt>
<trkpt lat="45.704043" lon="-73.715573"></trkpt>
<trkpt lat="45.704426" lon="-73.715658"></trkpt>
<trkpt lat="45.705217" lon="-73.715908"></trkpt>
<trkpt lat="45.707500" lon="-73.716527"></trkpt>
<trkpt lat="45.707836" lon="-73.716648"></trkpt>
<trkpt lat="45.708087" lon="-73.716700"></trkpt>
<trkpt lat="45.708197" lon="-73.716752"></trkpt>
<trkpt lat="45.708366" lon="-73.716768"></trkpt>
<trkpt lat="45.708826" lon="-73.716924"></trkpt>
<trkpt lat="45.709101" lon="-73.716984"></trkpt>
<trkpt lat="45.709500" lon="-73.717145"></trkpt>
<trkpt lat="45.709634" lon="-73.717133"></trkpt>
<trkpt lat="45.709731" lon="-73.717178"></trkpt>
<trkpt lat="45.709799" lon="-73.717169"></trkpt>
<trkpt lat="45.709828" lon="-73.717137"></trkpt>
<trkpt lat="45.709873" lon="-73.716982"></trkpt>
<trkpt lat="45.709911" lon="-73.716909"></trkpt>
<trkpt lat="45.710051" lon="-73.716849"></trkpt>
<trkpt lat="45.711565" lon="-73.713920"></trkpt>
<trkpt lat="45.711593" lon="-73.713831"></trkpt>
<trkpt lat="45.711576" lon="-73.713735"></trkpt>
<trkpt lat="45.711442" lon="-73.713575"></trkpt>
<trkpt lat="45.711371" lon="-73.713356"></trkpt>
<trkpt lat="45.711268" lon="-73.712915"></trkpt>
<trkpt lat="45.711295" lon="-73.712744"></trkpt>
<trkpt lat="45.711274" lon="-73.712661"></trkpt>
<trkpt lat="45.711199" lon="-73.712617"></trkpt>
<trkpt lat="45.711047" lon="-73.712432"></trkpt>
<trkpt lat="45.711020" lon="-73.712180"></trkpt>
<trkpt lat="45.710788" lon="-73.712051"></trkpt>
<trkpt lat="45.710739" lon="-73.711819"></trkpt>
<trkpt lat="45.710567" lon="-73.711550"></trkpt>
<trkpt lat="45.710491" lon="-73.711327"></trkpt>
<trkpt lat="45.710290" lon="-73.711211"></trkpt>
<trkpt lat="45.710145" lon="-73.711081"></trkpt>
<trkpt lat="45.710096" lon="-73.710982"></trkpt>
<trkpt lat="45.710079" lon="-73.710873"></trkpt>
<trkpt lat="45.710056" lon="-73.710618"></trkpt>
<trkpt lat="45.710069" lon="-73.710526"></trkpt>
<trkpt lat="45.710109" lon="-73.710390"></trkpt>
<trkpt lat="45.710244" lon="-73.710188"></trkpt>
<trkpt lat="45.710282" lon="-73.710069"></trkpt>
<trkpt lat="45.710228" lon="-73.709767"></trkpt>
<trkpt lat="45.710285" lon="-73.709279"></trkpt>
<trkpt lat="45.710266" lon="-73.709022"></trkpt>
<trkpt lat="45.710279" lon="-73.708744"></trkpt>
<trkpt lat="45.710296" lon="-73.708584"></trkpt>
<trkpt lat="45.710371" lon="-73.708388"></trkpt>
<trkpt lat="45.710392" lon="-73.708210"></trkpt>
<trkpt lat="45.710319" lon="-73.707891"></trkpt>
<trkpt lat="45.710319" lon="-73.707677"></trkpt>
<trkpt lat="45.710251" lon="-73.707284"></trkpt>
<trkpt lat="45.710274" lon="-73.706435"></trkpt>
<trkpt lat="45.710157" lon="-73.706089"></trkpt>
<trkpt lat="45.710167" lon="-73.705976"></trkpt>
<trkpt lat="45.710277" lon="-73.705799"></trkpt>
<trkpt lat="45.710350" lon="-73.705620"></trkpt>
<trkpt lat="45.710359" lon="-73.705248"></trkpt>
<trkpt lat="45.710556" lon="-73.705005"></trkpt>
<trkpt lat="45.710585" lon="-73.704540"></trkpt>
<trkpt lat="45.710523" lon="-73.704223"></trkpt>
<trkpt lat="45.710517" lon="-73.704083"></trkpt>
<trkpt lat="45.710625" lon="-73.703829"></trkpt>
<trkpt lat="45.710823" lon="-73.702831"></trkpt>
<trkpt lat="45.710901" lon="-73.702522"></trkpt>
<trkpt lat="45.710984" lon="-73.702358"></trkpt>
<trkpt lat="45.711120" lon="-73.702050"></trkpt>
<trkpt lat="45.711220" lon="-73.701927"></trkpt>
<trkpt lat="45.711366" lon="-73.701561"></trkpt>
<trkpt lat="45.711420" lon="-73.701557"></trkpt>
<trkpt lat="45.711499" lon="-73.701608"></trkpt>
<trkpt lat="45.711722" lon="-73.701817"></trkpt>
<trkpt lat="45.711899" lon="-73.701876"></trkpt>
<trkpt lat="45.712091" lon="-73.701899"></trkpt>
<trkpt lat="45.712180" lon="-73.701848"></trkpt>
<trkpt lat="45.712341" lon="-73.701650"></trkpt>
<trkpt lat="45.712417" lon="-73.701504"></trkpt>
<trkpt lat="45.712524" lon="-73.700723"></trkpt>
<trkpt lat="45.712861" lon="-73.698809"></trkpt>
<trkpt lat="45.712834" lon="-73.698690"></trkpt>
<trkpt lat="45.712705" lon="-73.698445"></trkpt>
<trkpt lat="45.712675" lon="-73.698411"></trkpt>
<trkpt lat="45.712544" lon="-73.698279"></trkpt>
<trkpt lat="45.712412" lon="-73.698193"></trkpt>
<trkpt lat="45.712174" lon="-73.698112"></trkpt>
<trkpt lat="45.712009" lon="-73.698129"></trkpt>
<trkpt lat="45.711920" lon="-73.698097"></trkpt>
<trkpt lat="45.711832" lon="-73.697973"></trkpt>
<trkpt lat="45.711777" lon="-73.697808"></trkpt>
<trkpt lat="45.711770" lon="-73.697782"></trkpt>
<trkpt lat="45.711754" lon="-73.697723"></trkpt>
<trkpt lat="45.711739" lon="-73.697670"></trkpt>
<trkpt lat="45.711752" lon="-73.697598"></trkpt>
<trkpt lat="45.711761" lon="-73.697553"></trkpt>
<trkpt lat="45.711790" lon="-73.697515"></trkpt>
<trkpt lat="45.711840" lon="-73.697509"></trkpt>
<trkpt lat="45.712143" lon="-73.697668"></trkpt>
<trkpt lat="45.712188" lon="-73.697642"></trkpt>
<trkpt lat="45.712200" lon="-73.697515"></trkpt>
<trkpt lat="45.712257" lon="-73.697149"></trkpt>
<trkpt lat="45.712371" lon="-73.696699"></trkpt>
<trkpt lat="45.712378" lon="-73.696464"></trkpt>
<trkpt lat="45.712566" lon="-73.696232"></trkpt>
<trkpt lat="45.712634" lon="-73.696106"></trkpt>
<trkpt lat="45.712661" lon="-73.695989"></trkpt>
<trkpt lat="45.712730" lon="-73.695412"></trkpt>
<trkpt lat="45.712654" lon="-73.695095"></trkpt>
<trkpt lat="45.712644" lon="-73.695014"></trkpt>
<trkpt lat="45.712662" lon="-73.694925"></trkpt>
<trkpt lat="45.713011" lon="-73.694227"></trkpt>
<trkpt lat="45.713021" lon="-73.694140"></trkpt>
<trkpt lat="45.712891" lon="-73.693867"></trkpt>
<trkpt lat="45.712576" lon="-73.693523"></trkpt>
<trkpt lat="45.712341" lon="-73.693113"></trkpt>
<trkpt lat="45.712068" lon="-73.692756"></trkpt>
<trkpt lat="45.711843" lon="-73.692304"></trkpt>
<trkpt lat="45.711507" lon="-73.691940"></trkpt>
<trkpt lat="45.710989" lon="-73.690730"></trkpt>
<trkpt lat="45.710773" lon="-73.690434"></trkpt>
<trkpt lat="45.710749" lon="-73.690334"></trkpt>
<trkpt lat="45.710766" lon="-73.690084"></trkpt>
<trkpt lat="45.710793" lon="-73.689978"></trkpt>
<trkpt lat="45.710830" lon="-73.689924"></trkpt>
<trkpt lat="45.710896" lon="-73.689894"></trkpt>
<trkpt lat="45.712294" lon="-73.689645"></trkpt>
<trkpt lat="45.712404" lon="-73.689582"></trkpt>
<trkpt lat="45.712449" lon="-73.689467"></trkpt>
<trkpt lat="45.712509" lon="-73.689112"></trkpt>
<trkpt lat="45.712471" lon="-73.687870"></trkpt>
<trkpt lat="45.712450" lon="-73.687656"></trkpt>
<trkpt lat="45.712387" lon="-73.687377"></trkpt>
<trkpt lat="45.712387" lon="-73.687280"></trkpt>
<trkpt lat="45.712643" lon="-73.686701"></trkpt>
<trkpt lat="45.712688" lon="-73.686502"></trkpt>
<trkpt lat="45.712674" lon="-73.686436"></trkpt>
<trkpt lat="45.712553" lon="-73.686258"></trkpt>
<trkpt lat="45.712475" lon="-73.686089"></trkpt>
<trkpt lat="45.712381" lon="-73.685707"></trkpt>
<trkpt lat="45.712168" lon="-73.685158"></trkpt>
<trkpt lat="45.712094" lon="-73.684886"></trkpt>
<trkpt lat="45.712043" lon="-73.684822"></trkpt>
<trkpt lat="45.711881" lon="-73.684731"></trkpt>
<trkpt lat="45.711733" lon="-73.684696"></trkpt>
<trkpt lat="45.711636" lon="-73.684601"></trkpt>
<trkpt lat="45.711602" lon="-73.684513"></trkpt>
<trkpt lat="45.711581" lon="-73.684340"></trkpt>
<trkpt lat="45.711583" lon="-73.684051"></trkpt>
<trkpt lat="45.711480" lon="-73.683723"></trkpt>
<trkpt lat="45.711401" lon="-73.683348"></trkpt>
<trkpt lat="45.711368" lon="-73.682871"></trkpt>
<trkpt lat="45.711405" lon="-73.682742"></trkpt>
<trkpt lat="45.711486" lon="-73.682602"></trkpt>
<trkpt lat="45.711618" lon="-73.682481"></trkpt>
<trkpt lat="45.711791" lon="-73.682230"></trkpt>
<trkpt lat="45.711876" lon="-73.682069"></trkpt>
<trkpt lat="45.711997" lon="-73.681749"></trkpt>
<trkpt lat="45.712077" lon="-73.681444"></trkpt>
<trkpt lat="45.712047" lon="-73.681056"></trkpt>
<trkpt lat="45.711970" lon="-73.680816"></trkpt>
<trkpt lat="45.711880" lon="-73.680647"></trkpt>
<trkpt lat="45.711801" lon="-73.680599"></trkpt>
<trkpt lat="45.711608" lon="-73.680640"></trkpt>
<trkpt lat="45.711301" lon="-73.680920"></trkpt>
<trkpt lat="45.711227" lon="-73.680922"></trkpt>
<trkpt lat="45.711155" lon="-73.680882"></trkpt>
<trkpt lat="45.711420" lon="-73.680540"></trkpt>
<trkpt lat="45.711669" lon="-73.680277"></trkpt>
<trkpt lat="45.711935" lon="-73.680070"></trkpt>
<trkpt lat="45.712286" lon="-73.679888"></trkpt>
<trkpt lat="45.712366" lon="-73.679851"></trkpt>
<trkpt lat="45.712463" lon="-73.679806"></trkpt>
<trkpt lat="45.712448" lon="-73.679014"></trkpt>
<trkpt lat="45.712418" lon="-73.678912"></trkpt>
<trkpt lat="45.712307" lon="-73.678793"></trkpt>
<trkpt lat="45.712191" lon="-73.678700"></trkpt>
<trkpt lat="45.712165" lon="-73.678559"></trkpt>
<trkpt lat="45.712281" lon="-73.678345"></trkpt>
<trkpt lat="45.712307" lon="-73.678240"></trkpt>
<trkpt lat="45.712400" lon="-73.677619"></trkpt>
<trkpt lat="45.712441" lon="-73.677043"></trkpt>
<trkpt lat="45.712549" lon="-73.676576"></trkpt>
<trkpt lat="45.712888" lon="-73.675715"></trkpt>
<trkpt lat="45.713002" lon="-73.675308"></trkpt>
<trkpt lat="45.713024" lon="-73.674996"></trkpt>
<trkpt lat="45.713166" lon="-73.674395"></trkpt>
<trkpt lat="45.713160" lon="-73.674264"></trkpt>
<trkpt lat="45.713147" lon="-73.674002"></trkpt>
<trkpt lat="45.713218" lon="-73.673602"></trkpt>
<trkpt lat="45.712979" lon="-73.673253"></trkpt>
<trkpt lat="45.712100" lon="-73.671073"></trkpt>
<trkpt lat="45.712147" lon="-73.670858"></trkpt>
<trkpt lat="45.712127" lon="-73.670706"></trkpt>
<trkpt lat="45.712056" lon="-73.670549"></trkpt>
<trkpt lat="45.711941" lon="-73.670266"></trkpt>
<trkpt lat="45.711932" lon="-73.670208"></trkpt>
<trkpt lat="45.711966" lon="-73.670132"></trkpt>
<trkpt lat="45.712385" lon="-73.670118"></trkpt>
<trkpt lat="45.712502" lon="-73.670077"></trkpt>
<trkpt lat="45.712522" lon="-73.670035"></trkpt>
<trkpt lat="45.712580" lon="-73.669921"></trkpt>
<trkpt lat="45.712546" lon="-73.669846"></trkpt>
<trkpt lat="45.712493" lon="-73.669729"></trkpt>
<trkpt lat="45.712454" lon="-73.669713"></trkpt>
<trkpt lat="45.712330" lon="-73.669664"></trkpt>
<trkpt lat="45.712252" lon="-73.669634"></trkpt>
<trkpt lat="45.712085" lon="-73.669547"></trkpt>
<trkpt lat="45.711993" lon="-73.669458"></trkpt>
<trkpt lat="45.711915" lon="-73.669334"></trkpt>
<trkpt lat="45.711824" lon="-73.669037"></trkpt>
<trkpt lat="45.711800" lon="-73.668769"></trkpt>
<trkpt lat="45.711795" lon="-73.668525"></trkpt>
<trkpt lat="45.711635" lon="-73.668241"></trkpt>
<trkpt lat="45.711563" lon="-73.668230"></trkpt>
<trkpt lat="45.711492" lon="-73.668278"></trkpt>
<trkpt lat="45.711436" lon="-73.668246"></trkpt>
<trkpt lat="45.711402" lon="-73.668163"></trkpt>
<trkpt lat="45.711384" lon="-73.668091"></trkpt>
<trkpt lat="45.711412" lon="-73.667844"></trkpt>
<trkpt lat="45.711467" lon="-73.667352"></trkpt>
<trkpt lat="45.711470" lon="-73.667327"></trkpt>
<trkpt lat="45.711425" lon="-73.667209"></trkpt>
<trkpt lat="45.711473" lon="-73.667151"></trkpt>
<trkpt lat="45.711518" lon="-73.666869"></trkpt>
<trkpt lat="45.711564" lon="-73.666737"></trkpt>
<trkpt lat="45.711602" lon="-73.666533"></trkpt>
<trkpt lat="45.711587" lon="-73.666436"></trkpt>
<trkpt lat="45.711663" lon="-73.666178"></trkpt>
<trkpt lat="45.711659" lon="-73.665995"></trkpt>
<trkpt lat="45.711611" lon="-73.665614"></trkpt>
<trkpt lat="45.711615" lon="-73.665474"></trkpt>
<trkpt lat="45.711704" lon="-73.665096"></trkpt>
<trkpt lat="45.711728" lon="-73.664365"></trkpt>
<trkpt lat="45.711624" lon="-73.664164"></trkpt>
<trkpt lat="45.711586" lon="-73.664136"></trkpt>
<trkpt lat="45.711304" lon="-73.664076"></trkpt>
<trkpt lat="45.711088" lon="-73.664068"></trkpt>
<trkpt lat="45.710946" lon="-73.664117"></trkpt>
<trkpt lat="45.710826" lon="-73.664110"></trkpt>
<trkpt lat="45.710695" lon="-73.663989"></trkpt>
<trkpt lat="45.710533" lon="-73.663220"></trkpt>
<trkpt lat="45.710518" lon="-73.663046"></trkpt>
		</trkseg>
	</trk>
</gpx>