<?xml version="1.0" encoding="UTF-8"?>
<gpx version="1.1" xmlns="http://www.topografix.com/GPX/1/1">

	<trk>
		<name>RACE ACROSS QUEBEC 2026 - 1000 KM</name>
		<trkseg>
<trkpt lat="46.778043" lon="-71.346134"></trkpt>
<trkpt lat="46.778445" lon="-71.346674"></trkpt>
<trkpt lat="46.778544" lon="-71.346806"></trkpt>
<trkpt lat="46.778896" lon="-71.347056"></trkpt>
<trkpt lat="46.778494" lon="-71.348266"></trkpt>
<trkpt lat="46.778251" lon="-71.349015"></trkpt>
<trkpt lat="46.778043" lon="-71.349531"></trkpt>
<trkpt lat="46.777804" lon="-71.349986"></trkpt>
<trkpt lat="46.777551" lon="-71.350364"></trkpt>
<trkpt lat="46.777117" lon="-71.350842"></trkpt>
<trkpt lat="46.776667" lon="-71.351170"></trkpt>
<trkpt lat="46.776136" lon="-71.351429"></trkpt>
<trkpt lat="46.775480" lon="-71.351624"></trkpt>
<trkpt lat="46.775208" lon="-71.351765"></trkpt>
<trkpt lat="46.774859" lon="-71.352177"></trkpt>
<trkpt lat="46.774437" lon="-71.352789"></trkpt>
<trkpt lat="46.774338" lon="-71.352938"></trkpt>
<trkpt lat="46.773619" lon="-71.353968"></trkpt>
<trkpt lat="46.773590" lon="-71.354011"></trkpt>
<trkpt lat="46.773212" lon="-71.354551"></trkpt>
<trkpt lat="46.772790" lon="-71.355170"></trkpt>
<trkpt lat="46.772703" lon="-71.355284"></trkpt>
<trkpt lat="46.772633" lon="-71.355175"></trkpt>
<trkpt lat="46.771833" lon="-71.353960"></trkpt>
<trkpt lat="46.771311" lon="-71.353225"></trkpt>
<trkpt lat="46.770828" lon="-71.352537"></trkpt>
<trkpt lat="46.770296" lon="-71.351796"></trkpt>
<trkpt lat="46.770294" lon="-71.351794"></trkpt>
<trkpt lat="46.770109" lon="-71.351702"></trkpt>
<trkpt lat="46.769916" lon="-71.351691"></trkpt>
<trkpt lat="46.769791" lon="-71.351602"></trkpt>
<trkpt lat="46.769740" lon="-71.351519"></trkpt>
<trkpt lat="46.769657" lon="-71.351274"></trkpt>
<trkpt lat="46.769632" lon="-71.350948"></trkpt>
<trkpt lat="46.769596" lon="-71.350799"></trkpt>
<trkpt lat="46.769487" lon="-71.350560"></trkpt>
<trkpt lat="46.769012" lon="-71.349873"></trkpt>
<trkpt lat="46.768550" lon="-71.349197"></trkpt>
<trkpt lat="46.768103" lon="-71.348543"></trkpt>
<trkpt lat="46.767979" lon="-71.348362"></trkpt>
<trkpt lat="46.767833" lon="-71.348149"></trkpt>
<trkpt lat="46.767729" lon="-71.347946"></trkpt>
<trkpt lat="46.767646" lon="-71.347701"></trkpt>
<trkpt lat="46.767611" lon="-71.347585"></trkpt>
<trkpt lat="46.767599" lon="-71.347591"></trkpt>
<trkpt lat="46.766646" lon="-71.348110"></trkpt>
<trkpt lat="46.765838" lon="-71.348552"></trkpt>
<trkpt lat="46.765117" lon="-71.348954"></trkpt>
<trkpt lat="46.764438" lon="-71.349319"></trkpt>
<trkpt lat="46.763930" lon="-71.349603"></trkpt>
<trkpt lat="46.763688" lon="-71.349738"></trkpt>
<trkpt lat="46.763250" lon="-71.349931"></trkpt>
<trkpt lat="46.762393" lon="-71.350234"></trkpt>
<trkpt lat="46.761714" lon="-71.350334"></trkpt>
<trkpt lat="46.761025" lon="-71.350401"></trkpt>
<trkpt lat="46.760617" lon="-71.350362"></trkpt>
<trkpt lat="46.760253" lon="-71.350322"></trkpt>
<trkpt lat="46.759457" lon="-71.350234"></trkpt>
<trkpt lat="46.758605" lon="-71.350136"></trkpt>
<trkpt lat="46.758446" lon="-71.350127"></trkpt>
<trkpt lat="46.758190" lon="-71.350090"></trkpt>
<trkpt lat="46.758044" lon="-71.350069"></trkpt>
<trkpt lat="46.758038" lon="-71.349744"></trkpt>
<trkpt lat="46.758099" lon="-71.348771"></trkpt>
<trkpt lat="46.758043" lon="-71.348753"></trkpt>
<trkpt lat="46.758075" lon="-71.348144"></trkpt>
<trkpt lat="46.758100" lon="-71.347124"></trkpt>
<trkpt lat="46.758081" lon="-71.347044"></trkpt>
<trkpt lat="46.757998" lon="-71.346673"></trkpt>
<trkpt lat="46.757867" lon="-71.346299"></trkpt>
<trkpt lat="46.757704" lon="-71.345987"></trkpt>
<trkpt lat="46.757496" lon="-71.345699"></trkpt>
<trkpt lat="46.757375" lon="-71.345584"></trkpt>
<trkpt lat="46.757236" lon="-71.345442"></trkpt>
<trkpt lat="46.756997" lon="-71.345299"></trkpt>
<trkpt lat="46.756625" lon="-71.345208"></trkpt>
<trkpt lat="46.756465" lon="-71.345169"></trkpt>
<trkpt lat="46.756300" lon="-71.345129"></trkpt>
<trkpt lat="46.752578" lon="-71.344222"></trkpt>
<trkpt lat="46.752079" lon="-71.344109"></trkpt>
<trkpt lat="46.751360" lon="-71.343958"></trkpt>
<trkpt lat="46.750633" lon="-71.343783"></trkpt>
<trkpt lat="46.750130" lon="-71.343672"></trkpt>
<trkpt lat="46.749969" lon="-71.343594"></trkpt>
<trkpt lat="46.749928" lon="-71.343553"></trkpt>
<trkpt lat="46.749830" lon="-71.343380"></trkpt>
<trkpt lat="46.749640" lon="-71.342617"></trkpt>
<trkpt lat="46.749464" lon="-71.341958"></trkpt>
<trkpt lat="46.749422" lon="-71.341797"></trkpt>
<trkpt lat="46.750184" lon="-71.341279"></trkpt>
<trkpt lat="46.751316" lon="-71.340623"></trkpt>
<trkpt lat="46.751518" lon="-71.340516"></trkpt>
<trkpt lat="46.751728" lon="-71.340430"></trkpt>
<trkpt lat="46.752309" lon="-71.340370"></trkpt>
<trkpt lat="46.752506" lon="-71.340300"></trkpt>
<trkpt lat="46.753608" lon="-71.339668"></trkpt>
<trkpt lat="46.754594" lon="-71.339169"></trkpt>
<trkpt lat="46.755344" lon="-71.338818"></trkpt>
<trkpt lat="46.755943" lon="-71.338551"></trkpt>
<trkpt lat="46.756094" lon="-71.338499"></trkpt>
<trkpt lat="46.757345" lon="-71.337956"></trkpt>
<trkpt lat="46.757467" lon="-71.337767"></trkpt>
<trkpt lat="46.757498" lon="-71.337651"></trkpt>
<trkpt lat="46.757514" lon="-71.337457"></trkpt>
<trkpt lat="46.756263" lon="-71.335644"></trkpt>
<trkpt lat="46.756049" lon="-71.335273"></trkpt>
<trkpt lat="46.755921" lon="-71.334975"></trkpt>
<trkpt lat="46.755843" lon="-71.334770"></trkpt>
<trkpt lat="46.755614" lon="-71.334004"></trkpt>
<trkpt lat="46.754994" lon="-71.331672"></trkpt>
<trkpt lat="46.754891" lon="-71.331154"></trkpt>
<trkpt lat="46.754853" lon="-71.330896"></trkpt>
<trkpt lat="46.754799" lon="-71.330818"></trkpt>
<trkpt lat="46.754682" lon="-71.330628"></trkpt>
<trkpt lat="46.754447" lon="-71.330466"></trkpt>
<trkpt lat="46.754254" lon="-71.330432"></trkpt>
<trkpt lat="46.754023" lon="-71.330304"></trkpt>
<trkpt lat="46.753907" lon="-71.330185"></trkpt>
<trkpt lat="46.753750" lon="-71.330022"></trkpt>
<trkpt lat="46.753505" lon="-71.329699"></trkpt>
<trkpt lat="46.753448" lon="-71.329542"></trkpt>
<trkpt lat="46.753406" lon="-71.329492"></trkpt>
<trkpt lat="46.753253" lon="-71.329261"></trkpt>
<trkpt lat="46.753129" lon="-71.328999"></trkpt>
<trkpt lat="46.753089" lon="-71.328897"></trkpt>
<trkpt lat="46.752938" lon="-71.328346"></trkpt>
<trkpt lat="46.752898" lon="-71.327869"></trkpt>
<trkpt lat="46.752893" lon="-71.327420"></trkpt>
<trkpt lat="46.752973" lon="-71.326337"></trkpt>
<trkpt lat="46.753071" lon="-71.325417"></trkpt>
<trkpt lat="46.753102" lon="-71.325123"></trkpt>
<trkpt lat="46.753219" lon="-71.324163"></trkpt>
<trkpt lat="46.753231" lon="-71.324069"></trkpt>
<trkpt lat="46.753133" lon="-71.324038"></trkpt>
<trkpt lat="46.752195" lon="-71.323737"></trkpt>
<trkpt lat="46.752265" lon="-71.323205"></trkpt>
<trkpt lat="46.752300" lon="-71.322841"></trkpt>
<trkpt lat="46.752314" lon="-71.322346"></trkpt>
<trkpt lat="46.752291" lon="-71.321356"></trkpt>
<trkpt lat="46.752284" lon="-71.320533"></trkpt>
<trkpt lat="46.752301" lon="-71.320288"></trkpt>
<trkpt lat="46.752358" lon="-71.319577"></trkpt>
<trkpt lat="46.752509" lon="-71.318671"></trkpt>
<trkpt lat="46.752704" lon="-71.317896"></trkpt>
<trkpt lat="46.753056" lon="-71.316829"></trkpt>
<trkpt lat="46.753246" lon="-71.316264"></trkpt>
<trkpt lat="46.753317" lon="-71.316044"></trkpt>
<trkpt lat="46.753510" lon="-71.315439"></trkpt>
<trkpt lat="46.753672" lon="-71.314837"></trkpt>
<trkpt lat="46.753830" lon="-71.314162"></trkpt>
<trkpt lat="46.754091" lon="-71.312831"></trkpt>
<trkpt lat="46.754250" lon="-71.312134"></trkpt>
<trkpt lat="46.754389" lon="-71.311241"></trkpt>
<trkpt lat="46.754397" lon="-71.310657"></trkpt>
<trkpt lat="46.754391" lon="-71.310483"></trkpt>
<trkpt lat="46.754364" lon="-71.309608"></trkpt>
<trkpt lat="46.754317" lon="-71.308096"></trkpt>
<trkpt lat="46.754338" lon="-71.307173"></trkpt>
<trkpt lat="46.754473" lon="-71.306043"></trkpt>
<trkpt lat="46.754677" lon="-71.305056"></trkpt>
<trkpt lat="46.754728" lon="-71.304816"></trkpt>
<trkpt lat="46.754766" lon="-71.304642"></trkpt>
<trkpt lat="46.755060" lon="-71.303277"></trkpt>
<trkpt lat="46.755503" lon="-71.301106"></trkpt>
<trkpt lat="46.755674" lon="-71.300326"></trkpt>
<trkpt lat="46.755869" lon="-71.299456"></trkpt>
<trkpt lat="46.756167" lon="-71.298098"></trkpt>
<trkpt lat="46.756217" lon="-71.297871"></trkpt>
<trkpt lat="46.756343" lon="-71.297106"></trkpt>
<trkpt lat="46.756406" lon="-71.296692"></trkpt>
<trkpt lat="46.756482" lon="-71.296123"></trkpt>
<trkpt lat="46.756559" lon="-71.295581"></trkpt>
<trkpt lat="46.756687" lon="-71.294681"></trkpt>
<trkpt lat="46.756730" lon="-71.294424"></trkpt>
<trkpt lat="46.756846" lon="-71.293651"></trkpt>
<trkpt lat="46.756891" lon="-71.293394"></trkpt>
<trkpt lat="46.756935" lon="-71.293138"></trkpt>
<trkpt lat="46.756941" lon="-71.293092"></trkpt>
<trkpt lat="46.757075" lon="-71.292310"></trkpt>
<trkpt lat="46.757097" lon="-71.292170"></trkpt>
<trkpt lat="46.757209" lon="-71.291344"></trkpt>
<trkpt lat="46.757316" lon="-71.290528"></trkpt>
<trkpt lat="46.757436" lon="-71.289937"></trkpt>
<trkpt lat="46.756827" lon="-71.289179"></trkpt>
<trkpt lat="46.756344" lon="-71.288576"></trkpt>
<trkpt lat="46.755717" lon="-71.287803"></trkpt>
<trkpt lat="46.755374" lon="-71.287360"></trkpt>
<trkpt lat="46.755334" lon="-71.287244"></trkpt>
<trkpt lat="46.755321" lon="-71.287121"></trkpt>
<trkpt lat="46.754879" lon="-71.287064"></trkpt>
<trkpt lat="46.754748" lon="-71.287000"></trkpt>
<trkpt lat="46.754762" lon="-71.286450"></trkpt>
<trkpt lat="46.754746" lon="-71.286120"></trkpt>
<trkpt lat="46.754902" lon="-71.283217"></trkpt>
<trkpt lat="46.754985" lon="-71.281843"></trkpt>
<trkpt lat="46.755074" lon="-71.281189"></trkpt>
<trkpt lat="46.755262" lon="-71.280198"></trkpt>
<trkpt lat="46.755668" lon="-71.278983"></trkpt>
<trkpt lat="46.755788" lon="-71.278762"></trkpt>
<trkpt lat="46.756032" lon="-71.278211"></trkpt>
<trkpt lat="46.756270" lon="-71.277829"></trkpt>
<trkpt lat="46.757350" lon="-71.275827"></trkpt>
<trkpt lat="46.758729" lon="-71.273155"></trkpt>
<trkpt lat="46.759360" lon="-71.271808"></trkpt>
<trkpt lat="46.759014" lon="-71.271527"></trkpt>
<trkpt lat="46.758683" lon="-71.271029"></trkpt>
<trkpt lat="46.758516" lon="-71.270876"></trkpt>
<trkpt lat="46.758378" lon="-71.270831"></trkpt>
<trkpt lat="46.758213" lon="-71.270832"></trkpt>
<trkpt lat="46.758048" lon="-71.270917"></trkpt>
<trkpt lat="46.757712" lon="-71.271228"></trkpt>
<trkpt lat="46.757632" lon="-71.271292"></trkpt>
<trkpt lat="46.757453" lon="-71.271446"></trkpt>
<trkpt lat="46.756929" lon="-71.272059"></trkpt>
<trkpt lat="46.756293" lon="-71.272872"></trkpt>
<trkpt lat="46.756221" lon="-71.272909"></trkpt>
<trkpt lat="46.756155" lon="-71.272899"></trkpt>
<trkpt lat="46.756102" lon="-71.272876"></trkpt>
<trkpt lat="46.756022" lon="-71.272777"></trkpt>
<trkpt lat="46.755792" lon="-71.272488"></trkpt>
<trkpt lat="46.755705" lon="-71.272375"></trkpt>
<trkpt lat="46.755616" lon="-71.272279"></trkpt>
<trkpt lat="46.755691" lon="-71.272142"></trkpt>
<trkpt lat="46.756049" lon="-71.271598"></trkpt>
<trkpt lat="46.756248" lon="-71.271520"></trkpt>
<trkpt lat="46.757245" lon="-71.270854"></trkpt>
<trkpt lat="46.757921" lon="-71.270138"></trkpt>
<trkpt lat="46.758173" lon="-71.269745"></trkpt>
<trkpt lat="46.758459" lon="-71.269204"></trkpt>
<trkpt lat="46.758714" lon="-71.268491"></trkpt>
<trkpt lat="46.758970" lon="-71.267731"></trkpt>
<trkpt lat="46.759138" lon="-71.267373"></trkpt>
<trkpt lat="46.759249" lon="-71.267201"></trkpt>
<trkpt lat="46.759638" lon="-71.266793"></trkpt>
<trkpt lat="46.759946" lon="-71.266272"></trkpt>
<trkpt lat="46.760080" lon="-71.266119"></trkpt>
<trkpt lat="46.760620" lon="-71.265681"></trkpt>
<trkpt lat="46.760893" lon="-71.265303"></trkpt>
<trkpt lat="46.761182" lon="-71.265089"></trkpt>
<trkpt lat="46.761396" lon="-71.264826"></trkpt>
<trkpt lat="46.761795" lon="-71.264447"></trkpt>
<trkpt lat="46.761972" lon="-71.264286"></trkpt>
<trkpt lat="46.762132" lon="-71.264089"></trkpt>
<trkpt lat="46.762995" lon="-71.263357"></trkpt>
<trkpt lat="46.763343" lon="-71.263000"></trkpt>
<trkpt lat="46.763722" lon="-71.262551"></trkpt>
<trkpt lat="46.764801" lon="-71.261085"></trkpt>
<trkpt lat="46.765179" lon="-71.260300"></trkpt>
<trkpt lat="46.765520" lon="-71.259719"></trkpt>
<trkpt lat="46.766259" lon="-71.258360"></trkpt>
<trkpt lat="46.766322" lon="-71.258250"></trkpt>
<trkpt lat="46.766374" lon="-71.258154"></trkpt>
<trkpt lat="46.766690" lon="-71.257590"></trkpt>
<trkpt lat="46.767504" lon="-71.256329"></trkpt>
<trkpt lat="46.767592" lon="-71.256190"></trkpt>
<trkpt lat="46.768095" lon="-71.255300"></trkpt>
<trkpt lat="46.768676" lon="-71.254583"></trkpt>
<trkpt lat="46.768890" lon="-71.254256"></trkpt>
<trkpt lat="46.769495" lon="-71.253189"></trkpt>
<trkpt lat="46.769854" lon="-71.252255"></trkpt>
<trkpt lat="46.769882" lon="-71.252163"></trkpt>
<trkpt lat="46.770058" lon="-71.251590"></trkpt>
<trkpt lat="46.770377" lon="-71.250815"></trkpt>
<trkpt lat="46.770555" lon="-71.250270"></trkpt>
<trkpt lat="46.770862" lon="-71.248596"></trkpt>
<trkpt lat="46.770920" lon="-71.248238"></trkpt>
<trkpt lat="46.771138" lon="-71.247032"></trkpt>
<trkpt lat="46.771461" lon="-71.245621"></trkpt>
<trkpt lat="46.771583" lon="-71.245154"></trkpt>
<trkpt lat="46.771832" lon="-71.244436"></trkpt>
<trkpt lat="46.772008" lon="-71.244025"></trkpt>
<trkpt lat="46.772286" lon="-71.243482"></trkpt>
<trkpt lat="46.772536" lon="-71.243107"></trkpt>
<trkpt lat="46.772799" lon="-71.242801"></trkpt>
<trkpt lat="46.773128" lon="-71.242525"></trkpt>
<trkpt lat="46.773362" lon="-71.242389"></trkpt>
<trkpt lat="46.773680" lon="-71.242267"></trkpt>
<trkpt lat="46.773932" lon="-71.242222"></trkpt>
<trkpt lat="46.774290" lon="-71.242219"></trkpt>
<trkpt lat="46.774604" lon="-71.242276"></trkpt>
<trkpt lat="46.774894" lon="-71.242395"></trkpt>
<trkpt lat="46.775419" lon="-71.242809"></trkpt>
<trkpt lat="46.775396" lon="-71.242899"></trkpt>
<trkpt lat="46.776088" lon="-71.243276"></trkpt>
<trkpt lat="46.776471" lon="-71.243431"></trkpt>
<trkpt lat="46.777085" lon="-71.243502"></trkpt>
<trkpt lat="46.777526" lon="-71.243470"></trkpt>
<trkpt lat="46.777866" lon="-71.243357"></trkpt>
<trkpt lat="46.778082" lon="-71.243234"></trkpt>
<trkpt lat="46.778303" lon="-71.243060"></trkpt>
<trkpt lat="46.778620" lon="-71.242731"></trkpt>
<trkpt lat="46.778836" lon="-71.242426"></trkpt>
<trkpt lat="46.778998" lon="-71.242136"></trkpt>
<trkpt lat="46.779220" lon="-71.241790"></trkpt>
<trkpt lat="46.779497" lon="-71.241438"></trkpt>
<trkpt lat="46.779883" lon="-71.241044"></trkpt>
<trkpt lat="46.780280" lon="-71.240711"></trkpt>
<trkpt lat="46.780787" lon="-71.240365"></trkpt>
<trkpt lat="46.781095" lon="-71.240197"></trkpt>
<trkpt lat="46.781480" lon="-71.240028"></trkpt>
<trkpt lat="46.782014" lon="-71.239794"></trkpt>
<trkpt lat="46.782692" lon="-71.239552"></trkpt>
<trkpt lat="46.783095" lon="-71.239449"></trkpt>
<trkpt lat="46.783075" lon="-71.239351"></trkpt>
<trkpt lat="46.783690" lon="-71.239216"></trkpt>
<trkpt lat="46.784164" lon="-71.239065"></trkpt>
<trkpt lat="46.784390" lon="-71.238948"></trkpt>
<trkpt lat="46.784749" lon="-71.238661"></trkpt>
<trkpt lat="46.785024" lon="-71.238321"></trkpt>
<trkpt lat="46.785283" lon="-71.238057"></trkpt>
<trkpt lat="46.785412" lon="-71.237857"></trkpt>
<trkpt lat="46.785651" lon="-71.237384"></trkpt>
<trkpt lat="46.785884" lon="-71.236740"></trkpt>
<trkpt lat="46.786047" lon="-71.236359"></trkpt>
<trkpt lat="46.786272" lon="-71.235972"></trkpt>
<trkpt lat="46.786557" lon="-71.235618"></trkpt>
<trkpt lat="46.787184" lon="-71.235060"></trkpt>
<trkpt lat="46.787741" lon="-71.234654"></trkpt>
<trkpt lat="46.788411" lon="-71.234108"></trkpt>
<trkpt lat="46.788971" lon="-71.233660"></trkpt>
<trkpt lat="46.789037" lon="-71.233603"></trkpt>
<trkpt lat="46.790385" lon="-71.232289"></trkpt>
<trkpt lat="46.790436" lon="-71.232193"></trkpt>
<trkpt lat="46.790474" lon="-71.232002"></trkpt>
<trkpt lat="46.790537" lon="-71.231901"></trkpt>
<trkpt lat="46.790824" lon="-71.231630"></trkpt>
<trkpt lat="46.791017" lon="-71.231399"></trkpt>
<trkpt lat="46.791821" lon="-71.230182"></trkpt>
<trkpt lat="46.792189" lon="-71.229873"></trkpt>
<trkpt lat="46.792643" lon="-71.229433"></trkpt>
<trkpt lat="46.792919" lon="-71.229062"></trkpt>
<trkpt lat="46.793067" lon="-71.228818"></trkpt>
<trkpt lat="46.793381" lon="-71.228098"></trkpt>
<trkpt lat="46.793727" lon="-71.226937"></trkpt>
<trkpt lat="46.794309" lon="-71.225808"></trkpt>
<trkpt lat="46.794390" lon="-71.225640"></trkpt>
<trkpt lat="46.794529" lon="-71.225470"></trkpt>
<trkpt lat="46.794736" lon="-71.225094"></trkpt>
<trkpt lat="46.795217" lon="-71.224049"></trkpt>
<trkpt lat="46.795420" lon="-71.223670"></trkpt>
<trkpt lat="46.795817" lon="-71.222971"></trkpt>
<trkpt lat="46.796445" lon="-71.222272"></trkpt>
<trkpt lat="46.796890" lon="-71.221564"></trkpt>
<trkpt lat="46.797836" lon="-71.219542"></trkpt>
<trkpt lat="46.797892" lon="-71.219360"></trkpt>
<trkpt lat="46.797971" lon="-71.219211"></trkpt>
<trkpt lat="46.798015" lon="-71.219036"></trkpt>
<trkpt lat="46.798094" lon="-71.218546"></trkpt>
<trkpt lat="46.798207" lon="-71.217549"></trkpt>
<trkpt lat="46.798369" lon="-71.217067"></trkpt>
<trkpt lat="46.798597" lon="-71.216692"></trkpt>
<trkpt lat="46.799345" lon="-71.215781"></trkpt>
<trkpt lat="46.799677" lon="-71.215305"></trkpt>
<trkpt lat="46.800936" lon="-71.213230"></trkpt>
<trkpt lat="46.801349" lon="-71.212452"></trkpt>
<trkpt lat="46.801480" lon="-71.212076"></trkpt>
<trkpt lat="46.801549" lon="-71.211698"></trkpt>
<trkpt lat="46.801675" lon="-71.210551"></trkpt>
<trkpt lat="46.801768" lon="-71.210100"></trkpt>
<trkpt lat="46.802001" lon="-71.209448"></trkpt>
<trkpt lat="46.802396" lon="-71.208689"></trkpt>
<trkpt lat="46.802474" lon="-71.208539"></trkpt>
<trkpt lat="46.802563" lon="-71.208320"></trkpt>
<trkpt lat="46.802797" lon="-71.207876"></trkpt>
<trkpt lat="46.803254" lon="-71.207302"></trkpt>
<trkpt lat="46.803606" lon="-71.206794"></trkpt>
<trkpt lat="46.804442" lon="-71.205887"></trkpt>
<trkpt lat="46.804917" lon="-71.205448"></trkpt>
<trkpt lat="46.806962" lon="-71.204177"></trkpt>
<trkpt lat="46.808169" lon="-71.203561"></trkpt>
<trkpt lat="46.808832" lon="-71.203280"></trkpt>
<trkpt lat="46.809159" lon="-71.203196"></trkpt>
<trkpt lat="46.810142" lon="-71.203169"></trkpt>
<trkpt lat="46.810541" lon="-71.203181"></trkpt>
<trkpt lat="46.811108" lon="-71.203083"></trkpt>
<trkpt lat="46.811211" lon="-71.203050"></trkpt>
<trkpt lat="46.811269" lon="-71.203057"></trkpt>
<trkpt lat="46.811306" lon="-71.203054"></trkpt>
<trkpt lat="46.811285" lon="-71.203163"></trkpt>
<trkpt lat="46.811636" lon="-71.203172"></trkpt>
<trkpt lat="46.811671" lon="-71.203175"></trkpt>
<trkpt lat="46.811800" lon="-71.203138"></trkpt>
<trkpt lat="46.811938" lon="-71.203147"></trkpt>
<trkpt lat="46.812053" lon="-71.203101"></trkpt>
<trkpt lat="46.812153" lon="-71.202842"></trkpt>
<trkpt lat="46.812189" lon="-71.202786"></trkpt>
<trkpt lat="46.812287" lon="-71.202157"></trkpt>
<trkpt lat="46.812334" lon="-71.201885"></trkpt>
<trkpt lat="46.812357" lon="-71.201753"></trkpt>
<trkpt lat="46.812441" lon="-71.201597"></trkpt>
<trkpt lat="46.812494" lon="-71.201571"></trkpt>
<trkpt lat="46.812468" lon="-71.201479"></trkpt>
<trkpt lat="46.812458" lon="-71.201439"></trkpt>
<trkpt lat="46.812584" lon="-71.201360"></trkpt>
<trkpt lat="46.813102" lon="-71.201297"></trkpt>
<trkpt lat="46.813595" lon="-71.201238"></trkpt>
<trkpt lat="46.814039" lon="-71.201343"></trkpt>
<trkpt lat="46.814309" lon="-71.201415"></trkpt>
<trkpt lat="46.814808" lon="-71.201537"></trkpt>
<trkpt lat="46.814896" lon="-71.201622"></trkpt>
<trkpt lat="46.814985" lon="-71.201788"></trkpt>
<trkpt lat="46.815198" lon="-71.201854"></trkpt>
<trkpt lat="46.815340" lon="-71.201897"></trkpt>
<trkpt lat="46.815729" lon="-71.202018"></trkpt>
<trkpt lat="46.816394" lon="-71.202224"></trkpt>
<trkpt lat="46.816565" lon="-71.202276"></trkpt>
<trkpt lat="46.816916" lon="-71.202384"></trkpt>
<trkpt lat="46.816901" lon="-71.202495"></trkpt>
<trkpt lat="46.816869" lon="-71.202730"></trkpt>
<trkpt lat="46.816847" lon="-71.202889"></trkpt>
<trkpt lat="46.816757" lon="-71.203455"></trkpt>
<trkpt lat="46.816761" lon="-71.203593"></trkpt>
<trkpt lat="46.816772" lon="-71.203682"></trkpt>
<trkpt lat="46.816851" lon="-71.203706"></trkpt>
<trkpt lat="46.816915" lon="-71.203794"></trkpt>
<trkpt lat="46.816919" lon="-71.203832"></trkpt>
<trkpt lat="46.816953" lon="-71.204105"></trkpt>
<trkpt lat="46.817033" lon="-71.204853"></trkpt>
<trkpt lat="46.817065" lon="-71.205099"></trkpt>
<trkpt lat="46.817154" lon="-71.205837"></trkpt>
<trkpt lat="46.817193" lon="-71.206159"></trkpt>
<trkpt lat="46.817266" lon="-71.206772"></trkpt>
<trkpt lat="46.817435" lon="-71.208147"></trkpt>
<trkpt lat="46.817556" lon="-71.208998"></trkpt>
<trkpt lat="46.817689" lon="-71.209367"></trkpt>
<trkpt lat="46.817676" lon="-71.209709"></trkpt>
<trkpt lat="46.817825" lon="-71.210362"></trkpt>
<trkpt lat="46.817955" lon="-71.211023"></trkpt>
<trkpt lat="46.818106" lon="-71.211668"></trkpt>
<trkpt lat="46.818143" lon="-71.211824"></trkpt>
<trkpt lat="46.818161" lon="-71.211843"></trkpt>
<trkpt lat="46.818180" lon="-71.211842"></trkpt>
<trkpt lat="46.818344" lon="-71.212535"></trkpt>
<trkpt lat="46.818331" lon="-71.212714"></trkpt>
<trkpt lat="46.818323" lon="-71.212744"></trkpt>
<trkpt lat="46.818342" lon="-71.212757"></trkpt>
<trkpt lat="46.818597" lon="-71.212895"></trkpt>
<trkpt lat="46.818743" lon="-71.212935"></trkpt>
<trkpt lat="46.818917" lon="-71.212950"></trkpt>
<trkpt lat="46.819147" lon="-71.212903"></trkpt>
<trkpt lat="46.819489" lon="-71.212687"></trkpt>
<trkpt lat="46.819673" lon="-71.212460"></trkpt>
<trkpt lat="46.819824" lon="-71.212171"></trkpt>
<trkpt lat="46.819877" lon="-71.212207"></trkpt>
<trkpt lat="46.819949" lon="-71.212223"></trkpt>
<trkpt lat="46.819955" lon="-71.212234"></trkpt>
<trkpt lat="46.820045" lon="-71.212463"></trkpt>
<trkpt lat="46.820076" lon="-71.212637"></trkpt>
<trkpt lat="46.820073" lon="-71.214201"></trkpt>
<trkpt lat="46.820117" lon="-71.214315"></trkpt>
<trkpt lat="46.820180" lon="-71.214362"></trkpt>
<trkpt lat="46.820581" lon="-71.214385"></trkpt>
<trkpt lat="46.820741" lon="-71.214408"></trkpt>
<trkpt lat="46.820740" lon="-71.214424"></trkpt>
<trkpt lat="46.820739" lon="-71.214435"></trkpt>
<trkpt lat="46.820739" lon="-71.214502"></trkpt>
<trkpt lat="46.820738" lon="-71.214576"></trkpt>
<trkpt lat="46.820743" lon="-71.214589"></trkpt>
<trkpt lat="46.820745" lon="-71.214601"></trkpt>
<trkpt lat="46.820868" lon="-71.214720"></trkpt>
<trkpt lat="46.820950" lon="-71.214894"></trkpt>
<trkpt lat="46.820947" lon="-71.215202"></trkpt>
<trkpt lat="46.820816" lon="-71.215542"></trkpt>
<trkpt lat="46.820615" lon="-71.215979"></trkpt>
<trkpt lat="46.820539" lon="-71.216131"></trkpt>
<trkpt lat="46.820473" lon="-71.216371"></trkpt>
<trkpt lat="46.820378" lon="-71.216307"></trkpt>
<trkpt lat="46.820331" lon="-71.216224"></trkpt>
<trkpt lat="46.820327" lon="-71.216136"></trkpt>
<trkpt lat="46.820368" lon="-71.215837"></trkpt>
<trkpt lat="46.820398" lon="-71.215833"></trkpt>
<trkpt lat="46.820484" lon="-71.215863"></trkpt>
<trkpt lat="46.820754" lon="-71.215976"></trkpt>
<trkpt lat="46.820904" lon="-71.216076"></trkpt>
<trkpt lat="46.821910" lon="-71.216971"></trkpt>
<trkpt lat="46.822066" lon="-71.217115"></trkpt>
<trkpt lat="46.822351" lon="-71.217396"></trkpt>
<trkpt lat="46.822415" lon="-71.217465"></trkpt>
<trkpt lat="46.822449" lon="-71.217512"></trkpt>
<trkpt lat="46.822495" lon="-71.217550"></trkpt>
<trkpt lat="46.822545" lon="-71.217452"></trkpt>
<trkpt lat="46.822617" lon="-71.217331"></trkpt>
<trkpt lat="46.822655" lon="-71.217267"></trkpt>
<trkpt lat="46.822668" lon="-71.217263"></trkpt>
<trkpt lat="46.823018" lon="-71.217708"></trkpt>
<trkpt lat="46.823102" lon="-71.217667"></trkpt>
<trkpt lat="46.823192" lon="-71.217462"></trkpt>
<trkpt lat="46.823254" lon="-71.217435"></trkpt>
<trkpt lat="46.823633" lon="-71.217613"></trkpt>
<trkpt lat="46.824219" lon="-71.217802"></trkpt>
<trkpt lat="46.824584" lon="-71.217834"></trkpt>
<trkpt lat="46.825237" lon="-71.217816"></trkpt>
<trkpt lat="46.825864" lon="-71.217601"></trkpt>
<trkpt lat="46.827198" lon="-71.217081"></trkpt>
<trkpt lat="46.827427" lon="-71.216923"></trkpt>
<trkpt lat="46.827452" lon="-71.216963"></trkpt>
<trkpt lat="46.827729" lon="-71.217039"></trkpt>
<trkpt lat="46.827971" lon="-71.216771"></trkpt>
<trkpt lat="46.828265" lon="-71.216639"></trkpt>
<trkpt lat="46.828342" lon="-71.216631"></trkpt>
<trkpt lat="46.828414" lon="-71.216649"></trkpt>
<trkpt lat="46.828553" lon="-71.216863"></trkpt>
<trkpt lat="46.828627" lon="-71.217026"></trkpt>
<trkpt lat="46.828796" lon="-71.216893"></trkpt>
<trkpt lat="46.829117" lon="-71.216749"></trkpt>
<trkpt lat="46.829673" lon="-71.216649"></trkpt>
<trkpt lat="46.829902" lon="-71.216565"></trkpt>
<trkpt lat="46.830048" lon="-71.216566"></trkpt>
<trkpt lat="46.830386" lon="-71.216584"></trkpt>
<trkpt lat="46.831651" lon="-71.216361"></trkpt>
<trkpt lat="46.832547" lon="-71.216247"></trkpt>
<trkpt lat="46.833335" lon="-71.216147"></trkpt>
<trkpt lat="46.834187" lon="-71.216048"></trkpt>
<trkpt lat="46.834881" lon="-71.215965"></trkpt>
<trkpt lat="46.836203" lon="-71.215810"></trkpt>
<trkpt lat="46.836414" lon="-71.215817"></trkpt>
<trkpt lat="46.836479" lon="-71.215792"></trkpt>
<trkpt lat="46.836592" lon="-71.215750"></trkpt>
<trkpt lat="46.836659" lon="-71.215682"></trkpt>
<trkpt lat="46.837127" lon="-71.215511"></trkpt>
<trkpt lat="46.838727" lon="-71.214929"></trkpt>
<trkpt lat="46.838905" lon="-71.214863"></trkpt>
<trkpt lat="46.839598" lon="-71.214605"></trkpt>
<trkpt lat="46.839981" lon="-71.214462"></trkpt>
<trkpt lat="46.840499" lon="-71.214273"></trkpt>
<trkpt lat="46.840572" lon="-71.214246"></trkpt>
<trkpt lat="46.840773" lon="-71.214173"></trkpt>
<trkpt lat="46.841486" lon="-71.213910"></trkpt>
<trkpt lat="46.841595" lon="-71.213870"></trkpt>
<trkpt lat="46.842089" lon="-71.213690"></trkpt>
<trkpt lat="46.842862" lon="-71.213404"></trkpt>
<trkpt lat="46.843539" lon="-71.213153"></trkpt>
<trkpt lat="46.843543" lon="-71.213152"></trkpt>
<trkpt lat="46.843584" lon="-71.213077"></trkpt>
<trkpt lat="46.843589" lon="-71.212977"></trkpt>
<trkpt lat="46.843664" lon="-71.213078"></trkpt>
<trkpt lat="46.843717" lon="-71.212998"></trkpt>
<trkpt lat="46.843775" lon="-71.212896"></trkpt>
<trkpt lat="46.844252" lon="-71.213521"></trkpt>
<trkpt lat="46.844729" lon="-71.214147"></trkpt>
<trkpt lat="46.845001" lon="-71.213748"></trkpt>
<trkpt lat="46.845819" lon="-71.212569"></trkpt>
<trkpt lat="46.845979" lon="-71.212323"></trkpt>
<trkpt lat="46.846072" lon="-71.212179"></trkpt>
<trkpt lat="46.846231" lon="-71.211935"></trkpt>
<trkpt lat="46.846432" lon="-71.211627"></trkpt>
<trkpt lat="46.846964" lon="-71.210769"></trkpt>
<trkpt lat="46.847357" lon="-71.210154"></trkpt>
<trkpt lat="46.847583" lon="-71.209801"></trkpt>
<trkpt lat="46.847981" lon="-71.209203"></trkpt>
<trkpt lat="46.848374" lon="-71.208579"></trkpt>
<trkpt lat="46.848710" lon="-71.207996"></trkpt>
<trkpt lat="46.849047" lon="-71.207324"></trkpt>
<trkpt lat="46.849533" lon="-71.206103"></trkpt>
<trkpt lat="46.850039" lon="-71.204296"></trkpt>
<trkpt lat="46.850202" lon="-71.203883"></trkpt>
<trkpt lat="46.850615" lon="-71.202673"></trkpt>
<trkpt lat="46.851549" lon="-71.200022"></trkpt>
<trkpt lat="46.851586" lon="-71.199861"></trkpt>
<trkpt lat="46.851689" lon="-71.199569"></trkpt>
<trkpt lat="46.851980" lon="-71.198735"></trkpt>
<trkpt lat="46.852010" lon="-71.198649"></trkpt>
<trkpt lat="46.852035" lon="-71.198577"></trkpt>
<trkpt lat="46.852152" lon="-71.198679"></trkpt>
<trkpt lat="46.852282" lon="-71.198746"></trkpt>
<trkpt lat="46.852417" lon="-71.198920"></trkpt>
<trkpt lat="46.852697" lon="-71.199232"></trkpt>
<trkpt lat="46.852894" lon="-71.199443"></trkpt>
<trkpt lat="46.853074" lon="-71.199636"></trkpt>
<trkpt lat="46.853198" lon="-71.199677"></trkpt>
<trkpt lat="46.853213" lon="-71.199734"></trkpt>
<trkpt lat="46.853288" lon="-71.199809"></trkpt>
<trkpt lat="46.853379" lon="-71.199905"></trkpt>
<trkpt lat="46.853419" lon="-71.199909"></trkpt>
<trkpt lat="46.853532" lon="-71.200082"></trkpt>
<trkpt lat="46.853815" lon="-71.200378"></trkpt>
<trkpt lat="46.853966" lon="-71.200494"></trkpt>
<trkpt lat="46.853978" lon="-71.200541"></trkpt>
<trkpt lat="46.854083" lon="-71.200651"></trkpt>
<trkpt lat="46.854181" lon="-71.200776"></trkpt>
<trkpt lat="46.854337" lon="-71.200805"></trkpt>
<trkpt lat="46.854541" lon="-71.201023"></trkpt>
<trkpt lat="46.854721" lon="-71.201265"></trkpt>
<trkpt lat="46.854994" lon="-71.201355"></trkpt>
<trkpt lat="46.855069" lon="-71.201336"></trkpt>
<trkpt lat="46.855263" lon="-71.201117"></trkpt>
<trkpt lat="46.855388" lon="-71.201041"></trkpt>
<trkpt lat="46.855886" lon="-71.200994"></trkpt>
<trkpt lat="46.855991" lon="-71.201060"></trkpt>
<trkpt lat="46.857517" lon="-71.200146"></trkpt>
<trkpt lat="46.858414" lon="-71.199661"></trkpt>
<trkpt lat="46.859910" lon="-71.198340"></trkpt>
<trkpt lat="46.860252" lon="-71.197392"></trkpt>
<trkpt lat="46.860356" lon="-71.197340"></trkpt>
<trkpt lat="46.860492" lon="-71.197371"></trkpt>
<trkpt lat="46.860680" lon="-71.197180"></trkpt>
<trkpt lat="46.860783" lon="-71.197048"></trkpt>
<trkpt lat="46.860845" lon="-71.196976"></trkpt>
<trkpt lat="46.860869" lon="-71.196949"></trkpt>
<trkpt lat="46.860902" lon="-71.196947"></trkpt>
<trkpt lat="46.861064" lon="-71.197162"></trkpt>
<trkpt lat="46.861335" lon="-71.197404"></trkpt>
<trkpt lat="46.861392" lon="-71.197585"></trkpt>
<trkpt lat="46.861383" lon="-71.197693"></trkpt>
<trkpt lat="46.861306" lon="-71.197981"></trkpt>
<trkpt lat="46.861361" lon="-71.198235"></trkpt>
<trkpt lat="46.861432" lon="-71.198392"></trkpt>
<trkpt lat="46.861458" lon="-71.198596"></trkpt>
<trkpt lat="46.861435" lon="-71.198744"></trkpt>
<trkpt lat="46.861372" lon="-71.198866"></trkpt>
<trkpt lat="46.861321" lon="-71.199039"></trkpt>
<trkpt lat="46.861277" lon="-71.199396"></trkpt>
<trkpt lat="46.861252" lon="-71.199899"></trkpt>
<trkpt lat="46.861284" lon="-71.200390"></trkpt>
<trkpt lat="46.861353" lon="-71.200654"></trkpt>
<trkpt lat="46.861534" lon="-71.200945"></trkpt>
<trkpt lat="46.861651" lon="-71.201070"></trkpt>
<trkpt lat="46.861828" lon="-71.201405"></trkpt>
<trkpt lat="46.861778" lon="-71.201657"></trkpt>
<trkpt lat="46.861829" lon="-71.201864"></trkpt>
<trkpt lat="46.861796" lon="-71.202004"></trkpt>
<trkpt lat="46.861740" lon="-71.202140"></trkpt>
<trkpt lat="46.861711" lon="-71.202240"></trkpt>
<trkpt lat="46.861714" lon="-71.202434"></trkpt>
<trkpt lat="46.862052" lon="-71.203291"></trkpt>
<trkpt lat="46.862097" lon="-71.203490"></trkpt>
<trkpt lat="46.862101" lon="-71.203726"></trkpt>
<trkpt lat="46.862122" lon="-71.203785"></trkpt>
<trkpt lat="46.862331" lon="-71.203948"></trkpt>
<trkpt lat="46.862564" lon="-71.204400"></trkpt>
<trkpt lat="46.862710" lon="-71.204628"></trkpt>
<trkpt lat="46.863006" lon="-71.205029"></trkpt>
<trkpt lat="46.863356" lon="-71.205434"></trkpt>
<trkpt lat="46.863704" lon="-71.205959"></trkpt>
<trkpt lat="46.863731" lon="-71.206137"></trkpt>
<trkpt lat="46.863726" lon="-71.206277"></trkpt>
<trkpt lat="46.863701" lon="-71.206469"></trkpt>
<trkpt lat="46.863638" lon="-71.206702"></trkpt>
<trkpt lat="46.863595" lon="-71.206818"></trkpt>
<trkpt lat="46.863572" lon="-71.207066"></trkpt>
<trkpt lat="46.863836" lon="-71.207687"></trkpt>
<trkpt lat="46.863822" lon="-71.207770"></trkpt>
<trkpt lat="46.863758" lon="-71.207853"></trkpt>
<trkpt lat="46.863350" lon="-71.207953"></trkpt>
<trkpt lat="46.862957" lon="-71.207992"></trkpt>
<trkpt lat="46.862947" lon="-71.207998"></trkpt>
<trkpt lat="46.862835" lon="-71.208070"></trkpt>
<trkpt lat="46.862766" lon="-71.208180"></trkpt>
<trkpt lat="46.862765" lon="-71.208371"></trkpt>
<trkpt lat="46.862561" lon="-71.208816"></trkpt>
<trkpt lat="46.862236" lon="-71.209607"></trkpt>
<trkpt lat="46.862038" lon="-71.210121"></trkpt>
<trkpt lat="46.861679" lon="-71.210769"></trkpt>
<trkpt lat="46.861545" lon="-71.211073"></trkpt>
<trkpt lat="46.861456" lon="-71.211465"></trkpt>
<trkpt lat="46.861337" lon="-71.211622"></trkpt>
<trkpt lat="46.861238" lon="-71.211611"></trkpt>
<trkpt lat="46.860587" lon="-71.211155"></trkpt>
<trkpt lat="46.860541" lon="-71.211265"></trkpt>
<trkpt lat="46.860961" lon="-71.211693"></trkpt>
<trkpt lat="46.860968" lon="-71.211700"></trkpt>
<trkpt lat="46.861614" lon="-71.212286"></trkpt>
<trkpt lat="46.862399" lon="-71.213011"></trkpt>
<trkpt lat="46.862409" lon="-71.213020"></trkpt>
<trkpt lat="46.863339" lon="-71.213879"></trkpt>
<trkpt lat="46.863503" lon="-71.213924"></trkpt>
<trkpt lat="46.863876" lon="-71.214322"></trkpt>
<trkpt lat="46.863926" lon="-71.214372"></trkpt>
<trkpt lat="46.864026" lon="-71.214458"></trkpt>
<trkpt lat="46.864093" lon="-71.214522"></trkpt>
<trkpt lat="46.864022" lon="-71.214699"></trkpt>
<trkpt lat="46.863803" lon="-71.215311"></trkpt>
<trkpt lat="46.863639" lon="-71.215686"></trkpt>
<trkpt lat="46.863380" lon="-71.216178"></trkpt>
<trkpt lat="46.863008" lon="-71.216976"></trkpt>
<trkpt lat="46.862652" lon="-71.217776"></trkpt>
<trkpt lat="46.862238" lon="-71.218698"></trkpt>
<trkpt lat="46.861994" lon="-71.219239"></trkpt>
<trkpt lat="46.861689" lon="-71.219933"></trkpt>
<trkpt lat="46.861442" lon="-71.220743"></trkpt>
<trkpt lat="46.861285" lon="-71.221287"></trkpt>
<trkpt lat="46.861034" lon="-71.222155"></trkpt>
<trkpt lat="46.860876" lon="-71.222702"></trkpt>
<trkpt lat="46.860742" lon="-71.223111"></trkpt>
<trkpt lat="46.867184" lon="-71.231717"></trkpt>
<trkpt lat="46.867487" lon="-71.232199"></trkpt>
<trkpt lat="46.869840" lon="-71.236623"></trkpt>
<trkpt lat="46.870095" lon="-71.237064"></trkpt>
<trkpt lat="46.870398" lon="-71.237491"></trkpt>
<trkpt lat="46.870587" lon="-71.237739"></trkpt>
<trkpt lat="46.870974" lon="-71.238152"></trkpt>
<trkpt lat="46.870939" lon="-71.238280"></trkpt>
<trkpt lat="46.870899" lon="-71.238428"></trkpt>
<trkpt lat="46.873933" lon="-71.241312"></trkpt>
<trkpt lat="46.874001" lon="-71.241186"></trkpt>
<trkpt lat="46.874579" lon="-71.241728"></trkpt>
<trkpt lat="46.875163" lon="-71.242280"></trkpt>
<trkpt lat="46.876583" lon="-71.243604"></trkpt>
<trkpt lat="46.877170" lon="-71.244151"></trkpt>
<trkpt lat="46.878325" lon="-71.245225"></trkpt>
<trkpt lat="46.878380" lon="-71.245269"></trkpt>
<trkpt lat="46.878942" lon="-71.245718"></trkpt>
<trkpt lat="46.879281" lon="-71.246051"></trkpt>
<trkpt lat="46.879695" lon="-71.246435"></trkpt>
<trkpt lat="46.880007" lon="-71.246010"></trkpt>
<trkpt lat="46.880227" lon="-71.245643"></trkpt>
<trkpt lat="46.880596" lon="-71.244816"></trkpt>
<trkpt lat="46.880816" lon="-71.244312"></trkpt>
<trkpt lat="46.881584" lon="-71.242598"></trkpt>
<trkpt lat="46.881712" lon="-71.242339"></trkpt>
<trkpt lat="46.882137" lon="-71.241377"></trkpt>
<trkpt lat="46.882540" lon="-71.240398"></trkpt>
<trkpt lat="46.882740" lon="-71.239911"></trkpt>
<trkpt lat="46.884815" lon="-71.234775"></trkpt>
<trkpt lat="46.885243" lon="-71.233666"></trkpt>
<trkpt lat="46.885643" lon="-71.232491"></trkpt>
<trkpt lat="46.886218" lon="-71.230302"></trkpt>
<trkpt lat="46.887161" lon="-71.226466"></trkpt>
<trkpt lat="46.887553" lon="-71.224864"></trkpt>
<trkpt lat="46.888338" lon="-71.221658"></trkpt>
<trkpt lat="46.890191" lon="-71.223405"></trkpt>
<trkpt lat="46.890791" lon="-71.223972"></trkpt>
<trkpt lat="46.892098" lon="-71.225206"></trkpt>
<trkpt lat="46.892461" lon="-71.224351"></trkpt>
<trkpt lat="46.892812" lon="-71.223553"></trkpt>
<trkpt lat="46.893380" lon="-71.224024"></trkpt>
<trkpt lat="46.893974" lon="-71.222735"></trkpt>
<trkpt lat="46.894052" lon="-71.222567"></trkpt>
<trkpt lat="46.894264" lon="-71.221913"></trkpt>
<trkpt lat="46.894632" lon="-71.220791"></trkpt>
<trkpt lat="46.894862" lon="-71.220090"></trkpt>
<trkpt lat="46.895148" lon="-71.219234"></trkpt>
<trkpt lat="46.895353" lon="-71.218607"></trkpt>
<trkpt lat="46.896043" lon="-71.216457"></trkpt>
<trkpt lat="46.896904" lon="-71.213800"></trkpt>
<trkpt lat="46.897694" lon="-71.211754"></trkpt>
<trkpt lat="46.897898" lon="-71.211295"></trkpt>
<trkpt lat="46.898344" lon="-71.210290"></trkpt>
<trkpt lat="46.898622" lon="-71.209599"></trkpt>
<trkpt lat="46.898922" lon="-71.208850"></trkpt>
<trkpt lat="46.900171" lon="-71.205723"></trkpt>
<trkpt lat="46.900506" lon="-71.204776"></trkpt>
<trkpt lat="46.900726" lon="-71.204318"></trkpt>
<trkpt lat="46.900866" lon="-71.204027"></trkpt>
<trkpt lat="46.901209" lon="-71.203338"></trkpt>
<trkpt lat="46.901540" lon="-71.202640"></trkpt>
<trkpt lat="46.901885" lon="-71.201821"></trkpt>
<trkpt lat="46.902205" lon="-71.201037"></trkpt>
<trkpt lat="46.902277" lon="-71.200865"></trkpt>
<trkpt lat="46.902769" lon="-71.199788"></trkpt>
<trkpt lat="46.903520" lon="-71.198215"></trkpt>
<trkpt lat="46.903706" lon="-71.197808"></trkpt>
<trkpt lat="46.903801" lon="-71.197584"></trkpt>
<trkpt lat="46.904088" lon="-71.196923"></trkpt>
<trkpt lat="46.905082" lon="-71.194773"></trkpt>
<trkpt lat="46.905609" lon="-71.193591"></trkpt>
<trkpt lat="46.905836" lon="-71.192962"></trkpt>
<trkpt lat="46.905896" lon="-71.192588"></trkpt>
<trkpt lat="46.905941" lon="-71.192300"></trkpt>
<trkpt lat="46.906055" lon="-71.191733"></trkpt>
<trkpt lat="46.907751" lon="-71.191974"></trkpt>
<trkpt lat="46.908617" lon="-71.192145"></trkpt>
<trkpt lat="46.910218" lon="-71.192569"></trkpt>
<trkpt lat="46.910740" lon="-71.192740"></trkpt>
<trkpt lat="46.911362" lon="-71.193032"></trkpt>
<trkpt lat="46.911987" lon="-71.193444"></trkpt>
<trkpt lat="46.912365" lon="-71.193774"></trkpt>
<trkpt lat="46.912793" lon="-71.194195"></trkpt>
<trkpt lat="46.914267" lon="-71.196015"></trkpt>
<trkpt lat="46.914644" lon="-71.196376"></trkpt>
<trkpt lat="46.915060" lon="-71.196646"></trkpt>
<trkpt lat="46.915807" lon="-71.196962"></trkpt>
<trkpt lat="46.916238" lon="-71.197210"></trkpt>
<trkpt lat="46.917320" lon="-71.198013"></trkpt>
<trkpt lat="46.917416" lon="-71.198084"></trkpt>
<trkpt lat="46.917941" lon="-71.198473"></trkpt>
<trkpt lat="46.918503" lon="-71.198822"></trkpt>
<trkpt lat="46.918980" lon="-71.199003"></trkpt>
<trkpt lat="46.919265" lon="-71.199025"></trkpt>
<trkpt lat="46.919390" lon="-71.198979"></trkpt>
<trkpt lat="46.920235" lon="-71.198676"></trkpt>
<trkpt lat="46.920721" lon="-71.198642"></trkpt>
<trkpt lat="46.921036" lon="-71.198721"></trkpt>
<trkpt lat="46.922130" lon="-71.199431"></trkpt>
<trkpt lat="46.922569" lon="-71.199634"></trkpt>
<trkpt lat="46.923043" lon="-71.199790"></trkpt>
<trkpt lat="46.923455" lon="-71.199910"></trkpt>
<trkpt lat="46.924621" lon="-71.199993"></trkpt>
<trkpt lat="46.925085" lon="-71.200024"></trkpt>
<trkpt lat="46.925269" lon="-71.200008"></trkpt>
<trkpt lat="46.925479" lon="-71.199872"></trkpt>
<trkpt lat="46.925834" lon="-71.199017"></trkpt>
<trkpt lat="46.925883" lon="-71.198786"></trkpt>
<trkpt lat="46.925916" lon="-71.198189"></trkpt>
<trkpt lat="46.926284" lon="-71.198075"></trkpt>
<trkpt lat="46.926894" lon="-71.197853"></trkpt>
<trkpt lat="46.927379" lon="-71.197746"></trkpt>
<trkpt lat="46.927942" lon="-71.197651"></trkpt>
<trkpt lat="46.928945" lon="-71.197481"></trkpt>
<trkpt lat="46.930800" lon="-71.197399"></trkpt>
<trkpt lat="46.931191" lon="-71.197469"></trkpt>
<trkpt lat="46.931602" lon="-71.197544"></trkpt>
<trkpt lat="46.932306" lon="-71.197865"></trkpt>
<trkpt lat="46.932807" lon="-71.198165"></trkpt>
<trkpt lat="46.933663" lon="-71.198968"></trkpt>
<trkpt lat="46.933971" lon="-71.199352"></trkpt>
<trkpt lat="46.935314" lon="-71.200541"></trkpt>
<trkpt lat="46.935778" lon="-71.200946"></trkpt>
<trkpt lat="46.936586" lon="-71.201528"></trkpt>
<trkpt lat="46.936955" lon="-71.201670"></trkpt>
<trkpt lat="46.937350" lon="-71.201820"></trkpt>
<trkpt lat="46.937816" lon="-71.201986"></trkpt>
<trkpt lat="46.938418" lon="-71.202210"></trkpt>
<trkpt lat="46.938923" lon="-71.202398"></trkpt>
<trkpt lat="46.939465" lon="-71.202704"></trkpt>
<trkpt lat="46.939963" lon="-71.203064"></trkpt>
<trkpt lat="46.941741" lon="-71.204716"></trkpt>
<trkpt lat="46.942504" lon="-71.205280"></trkpt>
<trkpt lat="46.943274" lon="-71.205707"></trkpt>
<trkpt lat="46.944999" lon="-71.206348"></trkpt>
<trkpt lat="46.945868" lon="-71.206543"></trkpt>
<trkpt lat="46.949494" lon="-71.207014"></trkpt>
<trkpt lat="46.951216" lon="-71.207239"></trkpt>
<trkpt lat="46.951558" lon="-71.207235"></trkpt>
<trkpt lat="46.951953" lon="-71.207138"></trkpt>
<trkpt lat="46.952330" lon="-71.206949"></trkpt>
<trkpt lat="46.953759" lon="-71.205948"></trkpt>
<trkpt lat="46.953829" lon="-71.205919"></trkpt>
<trkpt lat="46.954146" lon="-71.205746"></trkpt>
<trkpt lat="46.954772" lon="-71.205243"></trkpt>
<trkpt lat="46.955239" lon="-71.204872"></trkpt>
<trkpt lat="46.955531" lon="-71.204740"></trkpt>
<trkpt lat="46.956323" lon="-71.204618"></trkpt>
<trkpt lat="46.956559" lon="-71.204629"></trkpt>
<trkpt lat="46.956780" lon="-71.204648"></trkpt>
<trkpt lat="46.956956" lon="-71.204746"></trkpt>
<trkpt lat="46.959108" lon="-71.205940"></trkpt>
<trkpt lat="46.959950" lon="-71.206543"></trkpt>
<trkpt lat="46.961609" lon="-71.207415"></trkpt>
<trkpt lat="46.962626" lon="-71.208003"></trkpt>
<trkpt lat="46.963483" lon="-71.208194"></trkpt>
<trkpt lat="46.963759" lon="-71.208162"></trkpt>
<trkpt lat="46.964011" lon="-71.208025"></trkpt>
<trkpt lat="46.964340" lon="-71.207728"></trkpt>
<trkpt lat="46.964951" lon="-71.207106"></trkpt>
<trkpt lat="46.965401" lon="-71.206980"></trkpt>
<trkpt lat="46.966098" lon="-71.207136"></trkpt>
<trkpt lat="46.966801" lon="-71.207437"></trkpt>
<trkpt lat="46.967338" lon="-71.207825"></trkpt>
<trkpt lat="46.968353" lon="-71.208843"></trkpt>
<trkpt lat="46.968623" lon="-71.209041"></trkpt>
<trkpt lat="46.968936" lon="-71.209157"></trkpt>
<trkpt lat="46.969162" lon="-71.209161"></trkpt>
<trkpt lat="46.969679" lon="-71.209081"></trkpt>
<trkpt lat="46.970332" lon="-71.208790"></trkpt>
<trkpt lat="46.970460" lon="-71.208765"></trkpt>
<trkpt lat="46.970587" lon="-71.208739"></trkpt>
<trkpt lat="46.970853" lon="-71.208761"></trkpt>
<trkpt lat="46.971226" lon="-71.208832"></trkpt>
<trkpt lat="46.972188" lon="-71.209050"></trkpt>
<trkpt lat="46.972430" lon="-71.209045"></trkpt>
<trkpt lat="46.972823" lon="-71.208927"></trkpt>
<trkpt lat="46.973231" lon="-71.208625"></trkpt>
<trkpt lat="46.973947" lon="-71.207715"></trkpt>
<trkpt lat="46.974176" lon="-71.208170"></trkpt>
<trkpt lat="46.974267" lon="-71.208496"></trkpt>
<trkpt lat="46.974322" lon="-71.208966"></trkpt>
<trkpt lat="46.974278" lon="-71.209545"></trkpt>
<trkpt lat="46.973867" lon="-71.211989"></trkpt>
<trkpt lat="46.973823" lon="-71.212866"></trkpt>
<trkpt lat="46.973961" lon="-71.213952"></trkpt>
<trkpt lat="46.974401" lon="-71.215329"></trkpt>
<trkpt lat="46.974901" lon="-71.216573"></trkpt>
<trkpt lat="46.975117" lon="-71.217152"></trkpt>
<trkpt lat="46.975297" lon="-71.218163"></trkpt>
<trkpt lat="46.975302" lon="-71.219041"></trkpt>
<trkpt lat="46.975133" lon="-71.220782"></trkpt>
<trkpt lat="46.975224" lon="-71.221826"></trkpt>
<trkpt lat="46.975502" lon="-71.222723"></trkpt>
<trkpt lat="46.975803" lon="-71.223332"></trkpt>
<trkpt lat="46.976199" lon="-71.223881"></trkpt>
<trkpt lat="46.977345" lon="-71.224840"></trkpt>
<trkpt lat="46.977824" lon="-71.225283"></trkpt>
<trkpt lat="46.977964" lon="-71.225456"></trkpt>
<trkpt lat="46.978128" lon="-71.225737"></trkpt>
<trkpt lat="46.978264" lon="-71.226131"></trkpt>
<trkpt lat="46.978353" lon="-71.226483"></trkpt>
<trkpt lat="46.978371" lon="-71.226910"></trkpt>
<trkpt lat="46.978314" lon="-71.227373"></trkpt>
<trkpt lat="46.978130" lon="-71.227863"></trkpt>
<trkpt lat="46.977973" lon="-71.228162"></trkpt>
<trkpt lat="46.977569" lon="-71.228718"></trkpt>
<trkpt lat="46.976958" lon="-71.229448"></trkpt>
<trkpt lat="46.976447" lon="-71.230059"></trkpt>
<trkpt lat="46.975864" lon="-71.230755"></trkpt>
<trkpt lat="46.973355" lon="-71.233756"></trkpt>
<trkpt lat="46.972628" lon="-71.234630"></trkpt>
<trkpt lat="46.969962" lon="-71.237830"></trkpt>
<trkpt lat="46.966160" lon="-71.242394"></trkpt>
<trkpt lat="46.965839" lon="-71.242809"></trkpt>
<trkpt lat="46.965494" lon="-71.243455"></trkpt>
<trkpt lat="46.965086" lon="-71.244751"></trkpt>
<trkpt lat="46.963727" lon="-71.249483"></trkpt>
<trkpt lat="46.962998" lon="-71.252041"></trkpt>
<trkpt lat="46.962862" lon="-71.252515"></trkpt>
<trkpt lat="46.962522" lon="-71.253626"></trkpt>
<trkpt lat="46.961898" lon="-71.255224"></trkpt>
<trkpt lat="46.961425" lon="-71.256398"></trkpt>
<trkpt lat="46.961231" lon="-71.256992"></trkpt>
<trkpt lat="46.961076" lon="-71.257487"></trkpt>
<trkpt lat="46.960890" lon="-71.258171"></trkpt>
<trkpt lat="46.958965" lon="-71.266189"></trkpt>
<trkpt lat="46.960098" lon="-71.267393"></trkpt>
<trkpt lat="46.960511" lon="-71.267976"></trkpt>
<trkpt lat="46.960821" lon="-71.268596"></trkpt>
<trkpt lat="46.960967" lon="-71.269024"></trkpt>
<trkpt lat="46.961192" lon="-71.269810"></trkpt>
<trkpt lat="46.961348" lon="-71.270495"></trkpt>
<trkpt lat="46.961867" lon="-71.275187"></trkpt>
<trkpt lat="46.961846" lon="-71.275573"></trkpt>
<trkpt lat="46.961743" lon="-71.276105"></trkpt>
<trkpt lat="46.961576" lon="-71.276530"></trkpt>
<trkpt lat="46.961377" lon="-71.276879"></trkpt>
<trkpt lat="46.961169" lon="-71.277098"></trkpt>
<trkpt lat="46.960750" lon="-71.277375"></trkpt>
<trkpt lat="46.958525" lon="-71.278471"></trkpt>
<trkpt lat="46.956421" lon="-71.279427"></trkpt>
<trkpt lat="46.955754" lon="-71.279857"></trkpt>
<trkpt lat="46.955024" lon="-71.280416"></trkpt>
<trkpt lat="46.954626" lon="-71.280846"></trkpt>
<trkpt lat="46.953593" lon="-71.282051"></trkpt>
<trkpt lat="46.953461" lon="-71.282220"></trkpt>
<trkpt lat="46.952274" lon="-71.283759"></trkpt>
<trkpt lat="46.951942" lon="-71.284208"></trkpt>
<trkpt lat="46.951561" lon="-71.284803"></trkpt>
<trkpt lat="46.951214" lon="-71.285464"></trkpt>
<trkpt lat="46.950925" lon="-71.286128"></trkpt>
<trkpt lat="46.950756" lon="-71.286518"></trkpt>
<trkpt lat="46.950400" lon="-71.287572"></trkpt>
<trkpt lat="46.949213" lon="-71.291554"></trkpt>
<trkpt lat="46.948894" lon="-71.292587"></trkpt>
<trkpt lat="46.948623" lon="-71.293297"></trkpt>
<trkpt lat="46.948428" lon="-71.293667"></trkpt>
<trkpt lat="46.947752" lon="-71.294608"></trkpt>
<trkpt lat="46.947330" lon="-71.295068"></trkpt>
<trkpt lat="46.947000" lon="-71.295384"></trkpt>
<trkpt lat="46.946219" lon="-71.296132"></trkpt>
<trkpt lat="46.946036" lon="-71.296307"></trkpt>
<trkpt lat="46.945795" lon="-71.296537"></trkpt>
<trkpt lat="46.945639" lon="-71.296686"></trkpt>
<trkpt lat="46.944860" lon="-71.297426"></trkpt>
<trkpt lat="46.944599" lon="-71.297672"></trkpt>
<trkpt lat="46.943347" lon="-71.298850"></trkpt>
<trkpt lat="46.942736" lon="-71.299361"></trkpt>
<trkpt lat="46.942595" lon="-71.299488"></trkpt>
<trkpt lat="46.942501" lon="-71.299530"></trkpt>
<trkpt lat="46.942347" lon="-71.299539"></trkpt>
<trkpt lat="46.942255" lon="-71.299505"></trkpt>
<trkpt lat="46.941644" lon="-71.300746"></trkpt>
<trkpt lat="46.940802" lon="-71.302437"></trkpt>
<trkpt lat="46.940301" lon="-71.303385"></trkpt>
<trkpt lat="46.939578" lon="-71.304753"></trkpt>
<trkpt lat="46.938079" lon="-71.307504"></trkpt>
<trkpt lat="46.937495" lon="-71.308575"></trkpt>
<trkpt lat="46.937193" lon="-71.309103"></trkpt>
<trkpt lat="46.936628" lon="-71.310020"></trkpt>
<trkpt lat="46.936234" lon="-71.310612"></trkpt>
<trkpt lat="46.935928" lon="-71.310984"></trkpt>
<trkpt lat="46.934993" lon="-71.311961"></trkpt>
<trkpt lat="46.933911" lon="-71.312787"></trkpt>
<trkpt lat="46.933372" lon="-71.313114"></trkpt>
<trkpt lat="46.932148" lon="-71.313593"></trkpt>
<trkpt lat="46.932107" lon="-71.313396"></trkpt>
<trkpt lat="46.933296" lon="-71.312841"></trkpt>
<trkpt lat="46.933301" lon="-71.312838"></trkpt>
<trkpt lat="46.934251" lon="-71.312289"></trkpt>
<trkpt lat="46.934945" lon="-71.311755"></trkpt>
<trkpt lat="46.934993" lon="-71.311961"></trkpt>
<trkpt lat="46.933911" lon="-71.312787"></trkpt>
<trkpt lat="46.933372" lon="-71.313114"></trkpt>
<trkpt lat="46.932148" lon="-71.313593"></trkpt>
<trkpt lat="46.930421" lon="-71.314386"></trkpt>
<trkpt lat="46.929803" lon="-71.314723"></trkpt>
<trkpt lat="46.929236" lon="-71.315048"></trkpt>
<trkpt lat="46.928232" lon="-71.315690"></trkpt>
<trkpt lat="46.926426" lon="-71.316845"></trkpt>
<trkpt lat="46.924795" lon="-71.317661"></trkpt>
<trkpt lat="46.923225" lon="-71.318048"></trkpt>
<trkpt lat="46.920698" lon="-71.318537"></trkpt>
<trkpt lat="46.919121" lon="-71.318902"></trkpt>
<trkpt lat="46.918344" lon="-71.319201"></trkpt>
<trkpt lat="46.916497" lon="-71.319988"></trkpt>
<trkpt lat="46.913616" lon="-71.321369"></trkpt>
<trkpt lat="46.912772" lon="-71.321704"></trkpt>
<trkpt lat="46.912110" lon="-71.321832"></trkpt>
<trkpt lat="46.911289" lon="-71.321850"></trkpt>
<trkpt lat="46.910538" lon="-71.321670"></trkpt>
<trkpt lat="46.909876" lon="-71.321395"></trkpt>
<trkpt lat="46.909261" lon="-71.321135"></trkpt>
<trkpt lat="46.908854" lon="-71.320980"></trkpt>
<trkpt lat="46.907917" lon="-71.320589"></trkpt>
<trkpt lat="46.907726" lon="-71.320512"></trkpt>
<trkpt lat="46.907658" lon="-71.320488"></trkpt>
<trkpt lat="46.907160" lon="-71.320232"></trkpt>
<trkpt lat="46.906570" lon="-71.319984"></trkpt>
<trkpt lat="46.906476" lon="-71.320011"></trkpt>
<trkpt lat="46.906344" lon="-71.320122"></trkpt>
<trkpt lat="46.906875" lon="-71.321722"></trkpt>
<trkpt lat="46.907027" lon="-71.322173"></trkpt>
<trkpt lat="46.907423" lon="-71.323381"></trkpt>
<trkpt lat="46.908381" lon="-71.325462"></trkpt>
<trkpt lat="46.909413" lon="-71.327170"></trkpt>
<trkpt lat="46.909803" lon="-71.327937"></trkpt>
<trkpt lat="46.910409" lon="-71.329337"></trkpt>
<trkpt lat="46.910477" lon="-71.329607"></trkpt>
<trkpt lat="46.910492" lon="-71.329926"></trkpt>
<trkpt lat="46.910476" lon="-71.330390"></trkpt>
<trkpt lat="46.910334" lon="-71.331902"></trkpt>
<trkpt lat="46.910180" lon="-71.333552"></trkpt>
<trkpt lat="46.910132" lon="-71.333982"></trkpt>
<trkpt lat="46.910147" lon="-71.334442"></trkpt>
<trkpt lat="46.910191" lon="-71.334618"></trkpt>
<trkpt lat="46.910252" lon="-71.334858"></trkpt>
<trkpt lat="46.910432" lon="-71.335281"></trkpt>
<trkpt lat="46.910649" lon="-71.335628"></trkpt>
<trkpt lat="46.910968" lon="-71.335983"></trkpt>
<trkpt lat="46.911327" lon="-71.336381"></trkpt>
<trkpt lat="46.911362" lon="-71.336421"></trkpt>
<trkpt lat="46.911355" lon="-71.336795"></trkpt>
<trkpt lat="46.911332" lon="-71.337088"></trkpt>
<trkpt lat="46.911329" lon="-71.338001"></trkpt>
<trkpt lat="46.911385" lon="-71.338653"></trkpt>
<trkpt lat="46.911485" lon="-71.339222"></trkpt>
<trkpt lat="46.911524" lon="-71.339335"></trkpt>
<trkpt lat="46.911688" lon="-71.339816"></trkpt>
<trkpt lat="46.911877" lon="-71.340373"></trkpt>
<trkpt lat="46.911813" lon="-71.340642"></trkpt>
<trkpt lat="46.911644" lon="-71.341356"></trkpt>
<trkpt lat="46.911537" lon="-71.341810"></trkpt>
<trkpt lat="46.911249" lon="-71.343028"></trkpt>
<trkpt lat="46.911211" lon="-71.343189"></trkpt>
<trkpt lat="46.911168" lon="-71.343376"></trkpt>
<trkpt lat="46.911051" lon="-71.343880"></trkpt>
<trkpt lat="46.911024" lon="-71.343998"></trkpt>
<trkpt lat="46.910976" lon="-71.344201"></trkpt>
<trkpt lat="46.910816" lon="-71.344882"></trkpt>
<trkpt lat="46.910505" lon="-71.346202"></trkpt>
<trkpt lat="46.910408" lon="-71.346456"></trkpt>
<trkpt lat="46.909966" lon="-71.347291"></trkpt>
<trkpt lat="46.909764" lon="-71.347598"></trkpt>
<trkpt lat="46.909192" lon="-71.348524"></trkpt>
<trkpt lat="46.909027" lon="-71.348859"></trkpt>
<trkpt lat="46.908783" lon="-71.349487"></trkpt>
<trkpt lat="46.908344" lon="-71.350734"></trkpt>
<trkpt lat="46.909954" lon="-71.352296"></trkpt>
<trkpt lat="46.914032" lon="-71.356254"></trkpt>
<trkpt lat="46.914119" lon="-71.356339"></trkpt>
<trkpt lat="46.914777" lon="-71.356977"></trkpt>
<trkpt lat="46.916460" lon="-71.358611"></trkpt>
<trkpt lat="46.918013" lon="-71.360068"></trkpt>
<trkpt lat="46.920786" lon="-71.362668"></trkpt>
<trkpt lat="46.923680" lon="-71.365442"></trkpt>
<trkpt lat="46.925580" lon="-71.367266"></trkpt>
<trkpt lat="46.927458" lon="-71.369064"></trkpt>
<trkpt lat="46.936348" lon="-71.377590"></trkpt>
<trkpt lat="46.936899" lon="-71.378118"></trkpt>
<trkpt lat="46.938921" lon="-71.380015"></trkpt>
<trkpt lat="46.939749" lon="-71.377684"></trkpt>
<trkpt lat="46.939963" lon="-71.377083"></trkpt>
<trkpt lat="46.940600" lon="-71.375348"></trkpt>
<trkpt lat="46.940648" lon="-71.375287"></trkpt>
<trkpt lat="46.940714" lon="-71.375267"></trkpt>
<trkpt lat="46.940837" lon="-71.375307"></trkpt>
<trkpt lat="46.941549" lon="-71.375988"></trkpt>
<trkpt lat="46.943712" lon="-71.378054"></trkpt>
<trkpt lat="46.944122" lon="-71.378365"></trkpt>
<trkpt lat="46.944474" lon="-71.378494"></trkpt>
<trkpt lat="46.944789" lon="-71.378494"></trkpt>
<trkpt lat="46.946007" lon="-71.378013"></trkpt>
<trkpt lat="46.946217" lon="-71.377936"></trkpt>
<trkpt lat="46.946598" lon="-71.377893"></trkpt>
<trkpt lat="46.946876" lon="-71.377941"></trkpt>
<trkpt lat="46.947250" lon="-71.378086"></trkpt>
<trkpt lat="46.948685" lon="-71.378956"></trkpt>
<trkpt lat="46.949214" lon="-71.379185"></trkpt>
<trkpt lat="46.950277" lon="-71.379450"></trkpt>
<trkpt lat="46.950645" lon="-71.379655"></trkpt>
<trkpt lat="46.950816" lon="-71.379749"></trkpt>
<trkpt lat="46.951211" lon="-71.380071"></trkpt>
<trkpt lat="46.951541" lon="-71.380457"></trkpt>
<trkpt lat="46.952056" lon="-71.381351"></trkpt>
<trkpt lat="46.952471" lon="-71.382099"></trkpt>
<trkpt lat="46.952800" lon="-71.382592"></trkpt>
<trkpt lat="46.954248" lon="-71.384396"></trkpt>
<trkpt lat="46.955327" lon="-71.385741"></trkpt>
<trkpt lat="46.956611" lon="-71.387287"></trkpt>
<trkpt lat="46.960605" lon="-71.392254"></trkpt>
<trkpt lat="46.960819" lon="-71.392520"></trkpt>
<trkpt lat="46.961239" lon="-71.393042"></trkpt>
<trkpt lat="46.961301" lon="-71.393119"></trkpt>
<trkpt lat="46.961330" lon="-71.393156"></trkpt>
<trkpt lat="46.961699" lon="-71.393614"></trkpt>
<trkpt lat="46.961886" lon="-71.393342"></trkpt>
<trkpt lat="46.962029" lon="-71.393202"></trkpt>
<trkpt lat="46.962209" lon="-71.393105"></trkpt>
<trkpt lat="46.962531" lon="-71.393041"></trkpt>
<trkpt lat="46.963586" lon="-71.393041"></trkpt>
<trkpt lat="46.963988" lon="-71.393006"></trkpt>
<trkpt lat="46.964398" lon="-71.392898"></trkpt>
<trkpt lat="46.964801" lon="-71.392751"></trkpt>
<trkpt lat="46.965225" lon="-71.392520"></trkpt>
<trkpt lat="46.965581" lon="-71.392274"></trkpt>
<trkpt lat="46.965906" lon="-71.392000"></trkpt>
<trkpt lat="46.966154" lon="-71.391726"></trkpt>
<trkpt lat="46.966483" lon="-71.391295"></trkpt>
<trkpt lat="46.968775" lon="-71.387899"></trkpt>
<trkpt lat="46.968852" lon="-71.387785"></trkpt>
<trkpt lat="46.969662" lon="-71.386591"></trkpt>
<trkpt lat="46.969776" lon="-71.386425"></trkpt>
<trkpt lat="46.969973" lon="-71.386135"></trkpt>
<trkpt lat="46.970075" lon="-71.385985"></trkpt>
<trkpt lat="46.970792" lon="-71.384928"></trkpt>
<trkpt lat="46.971047" lon="-71.384508"></trkpt>
<trkpt lat="46.971292" lon="-71.384106"></trkpt>
<trkpt lat="46.973278" lon="-71.380843"></trkpt>
<trkpt lat="46.973865" lon="-71.380103"></trkpt>
<trkpt lat="46.973959" lon="-71.380014"></trkpt>
<trkpt lat="46.974291" lon="-71.379697"></trkpt>
<trkpt lat="46.974936" lon="-71.379238"></trkpt>
<trkpt lat="46.974949" lon="-71.379229"></trkpt>
<trkpt lat="46.976841" lon="-71.378045"></trkpt>
<trkpt lat="46.977657" lon="-71.377488"></trkpt>
<trkpt lat="46.978218" lon="-71.376947"></trkpt>
<trkpt lat="46.978764" lon="-71.376267"></trkpt>
<trkpt lat="46.978852" lon="-71.376159"></trkpt>
<trkpt lat="46.980079" lon="-71.374629"></trkpt>
<trkpt lat="46.980139" lon="-71.374566"></trkpt>
<trkpt lat="46.980510" lon="-71.374120"></trkpt>
<trkpt lat="46.981820" lon="-71.372465"></trkpt>
<trkpt lat="46.982339" lon="-71.371993"></trkpt>
<trkpt lat="46.982917" lon="-71.371586"></trkpt>
<trkpt lat="46.983561" lon="-71.371260"></trkpt>
<trkpt lat="46.983696" lon="-71.371192"></trkpt>
<trkpt lat="46.983900" lon="-71.371088"></trkpt>
<trkpt lat="46.984773" lon="-71.370655"></trkpt>
<trkpt lat="46.985566" lon="-71.372422"></trkpt>
<trkpt lat="46.985918" lon="-71.373242"></trkpt>
<trkpt lat="46.986075" lon="-71.373806"></trkpt>
<trkpt lat="46.986141" lon="-71.374093"></trkpt>
<trkpt lat="46.986271" lon="-71.374885"></trkpt>
<trkpt lat="46.986310" lon="-71.375475"></trkpt>
<trkpt lat="46.986287" lon="-71.376018"></trkpt>
<trkpt lat="46.986192" lon="-71.376618"></trkpt>
<trkpt lat="46.985998" lon="-71.377455"></trkpt>
<trkpt lat="46.984976" lon="-71.381085"></trkpt>
<trkpt lat="46.984822" lon="-71.381780"></trkpt>
<trkpt lat="46.984749" lon="-71.382487"></trkpt>
<trkpt lat="46.984795" lon="-71.383167"></trkpt>
<trkpt lat="46.984924" lon="-71.383762"></trkpt>
<trkpt lat="46.985620" lon="-71.386308"></trkpt>
<trkpt lat="46.986494" lon="-71.389564"></trkpt>
<trkpt lat="46.989238" lon="-71.386612"></trkpt>
<trkpt lat="46.989653" lon="-71.386037"></trkpt>
<trkpt lat="46.990901" lon="-71.384073"></trkpt>
<trkpt lat="46.991341" lon="-71.383378"></trkpt>
<trkpt lat="46.991827" lon="-71.382608"></trkpt>
<trkpt lat="46.992328" lon="-71.381818"></trkpt>
<trkpt lat="46.992743" lon="-71.380931"></trkpt>
<trkpt lat="46.993062" lon="-71.380531"></trkpt>
<trkpt lat="46.993662" lon="-71.380024"></trkpt>
<trkpt lat="46.994392" lon="-71.379306"></trkpt>
<trkpt lat="46.994665" lon="-71.379082"></trkpt>
<trkpt lat="46.995080" lon="-71.378852"></trkpt>
<trkpt lat="46.995487" lon="-71.378710"></trkpt>
<trkpt lat="46.995852" lon="-71.378690"></trkpt>
<trkpt lat="46.996244" lon="-71.378757"></trkpt>
<trkpt lat="46.997352" lon="-71.379130"></trkpt>
<trkpt lat="46.997648" lon="-71.379299"></trkpt>
<trkpt lat="46.997944" lon="-71.379563"></trkpt>
<trkpt lat="46.998193" lon="-71.379915"></trkpt>
<trkpt lat="46.998316" lon="-71.380140"></trkpt>
<trkpt lat="46.999200" lon="-71.381757"></trkpt>
<trkpt lat="46.999408" lon="-71.382082"></trkpt>
<trkpt lat="46.999948" lon="-71.382712"></trkpt>
<trkpt lat="47.000534" lon="-71.383294"></trkpt>
<trkpt lat="47.000881" lon="-71.383687"></trkpt>
<trkpt lat="47.001204" lon="-71.384168"></trkpt>
<trkpt lat="47.001647" lon="-71.384872"></trkpt>
<trkpt lat="47.002007" lon="-71.385576"></trkpt>
<trkpt lat="47.002333" lon="-71.386382"></trkpt>
<trkpt lat="47.002811" lon="-71.387560"></trkpt>
<trkpt lat="47.003082" lon="-71.388314"></trkpt>
<trkpt lat="47.003342" lon="-71.389036"></trkpt>
<trkpt lat="47.003554" lon="-71.389700"></trkpt>
<trkpt lat="47.003707" lon="-71.389984"></trkpt>
<trkpt lat="47.003910" lon="-71.390214"></trkpt>
<trkpt lat="47.004252" lon="-71.390492"></trkpt>
<trkpt lat="47.004635" lon="-71.390709"></trkpt>
<trkpt lat="47.005166" lon="-71.390864"></trkpt>
<trkpt lat="47.005955" lon="-71.391162"></trkpt>
<trkpt lat="47.005905" lon="-71.391460"></trkpt>
<trkpt lat="47.005826" lon="-71.391569"></trkpt>
<trkpt lat="47.005738" lon="-71.391636"></trkpt>
<trkpt lat="47.005531" lon="-71.391657"></trkpt>
<trkpt lat="47.005106" lon="-71.391528"></trkpt>
<trkpt lat="47.004949" lon="-71.391521"></trkpt>
<trkpt lat="47.004741" lon="-71.391629"></trkpt>
<trkpt lat="47.004658" lon="-71.391873"></trkpt>
<trkpt lat="47.005218" lon="-71.392363"></trkpt>
<trkpt lat="47.004778" lon="-71.393260"></trkpt>
<trkpt lat="47.004677" lon="-71.393465"></trkpt>
<trkpt lat="47.004345" lon="-71.393945"></trkpt>
<trkpt lat="47.004257" lon="-71.394006"></trkpt>
<trkpt lat="47.004142" lon="-71.394020"></trkpt>
<trkpt lat="47.004169" lon="-71.394650"></trkpt>
<trkpt lat="47.004299" lon="-71.395273"></trkpt>
<trkpt lat="47.004691" lon="-71.396261"></trkpt>
<trkpt lat="47.004770" lon="-71.396065"></trkpt>
<trkpt lat="47.005097" lon="-71.395760"></trkpt>
<trkpt lat="47.005277" lon="-71.395672"></trkpt>
<trkpt lat="47.005467" lon="-71.395692"></trkpt>
<trkpt lat="47.005536" lon="-71.395767"></trkpt>
<trkpt lat="47.005573" lon="-71.395862"></trkpt>
<trkpt lat="47.005573" lon="-71.395997"></trkpt>
<trkpt lat="47.005545" lon="-71.396119"></trkpt>
<trkpt lat="47.005111" lon="-71.397006"></trkpt>
<trkpt lat="47.004580" lon="-71.398374"></trkpt>
<trkpt lat="47.004520" lon="-71.398658"></trkpt>
<trkpt lat="47.004492" lon="-71.398976"></trkpt>
<trkpt lat="47.004405" lon="-71.399539"></trkpt>
<trkpt lat="47.004275" lon="-71.399999"></trkpt>
<trkpt lat="47.004137" lon="-71.400358"></trkpt>
<trkpt lat="47.003315" lon="-71.402085"></trkpt>
<trkpt lat="47.003167" lon="-71.402288"></trkpt>
<trkpt lat="47.002856" lon="-71.402569"></trkpt>
<trkpt lat="47.002488" lon="-71.402829"></trkpt>
<trkpt lat="47.002276" lon="-71.402924"></trkpt>
<trkpt lat="47.002087" lon="-71.402951"></trkpt>
<trkpt lat="47.001805" lon="-71.402924"></trkpt>
<trkpt lat="47.001232" lon="-71.402748"></trkpt>
<trkpt lat="47.000997" lon="-71.402768"></trkpt>
<trkpt lat="47.000872" lon="-71.402850"></trkpt>
<trkpt lat="47.000780" lon="-71.402992"></trkpt>
<trkpt lat="47.000715" lon="-71.403175"></trkpt>
<trkpt lat="47.000701" lon="-71.403879"></trkpt>
<trkpt lat="47.000669" lon="-71.404156"></trkpt>
<trkpt lat="47.000470" lon="-71.404569"></trkpt>
<trkpt lat="47.000054" lon="-71.405315"></trkpt>
<trkpt lat="47.000603" lon="-71.406102"></trkpt>
<trkpt lat="47.000940" lon="-71.406585"></trkpt>
<trkpt lat="47.001377" lon="-71.407212"></trkpt>
<trkpt lat="47.001693" lon="-71.407535"></trkpt>
<trkpt lat="47.002638" lon="-71.408298"></trkpt>
<trkpt lat="47.002795" lon="-71.408496"></trkpt>
<trkpt lat="47.003725" lon="-71.410042"></trkpt>
<trkpt lat="47.004182" lon="-71.410608"></trkpt>
<trkpt lat="47.005876" lon="-71.412260"></trkpt>
<trkpt lat="47.006207" lon="-71.412653"></trkpt>
<trkpt lat="47.007286" lon="-71.414109"></trkpt>
<trkpt lat="47.007633" lon="-71.414502"></trkpt>
<trkpt lat="47.007972" lon="-71.414779"></trkpt>
<trkpt lat="47.009414" lon="-71.415738"></trkpt>
<trkpt lat="47.009634" lon="-71.415981"></trkpt>
<trkpt lat="47.010028" lon="-71.416500"></trkpt>
<trkpt lat="47.013116" lon="-71.420845"></trkpt>
<trkpt lat="47.013423" lon="-71.421145"></trkpt>
<trkpt lat="47.013715" lon="-71.421341"></trkpt>
<trkpt lat="47.014061" lon="-71.421445"></trkpt>
<trkpt lat="47.015028" lon="-71.421517"></trkpt>
<trkpt lat="47.015928" lon="-71.421584"></trkpt>
<trkpt lat="47.016291" lon="-71.421676"></trkpt>
<trkpt lat="47.016637" lon="-71.421815"></trkpt>
<trkpt lat="47.017133" lon="-71.422069"></trkpt>
<trkpt lat="47.017393" lon="-71.422150"></trkpt>
<trkpt lat="47.017708" lon="-71.422150"></trkpt>
<trkpt lat="47.018370" lon="-71.422011"></trkpt>
<trkpt lat="47.019262" lon="-71.421708"></trkpt>
<trkpt lat="47.020213" lon="-71.421365"></trkpt>
<trkpt lat="47.020662" lon="-71.421203"></trkpt>
<trkpt lat="47.020969" lon="-71.421018"></trkpt>
<trkpt lat="47.021473" lon="-71.420602"></trkpt>
<trkpt lat="47.022269" lon="-71.419528"></trkpt>
<trkpt lat="47.024710" lon="-71.417378"></trkpt>
<trkpt lat="47.025096" lon="-71.417136"></trkpt>
<trkpt lat="47.025472" lon="-71.416944"></trkpt>
<trkpt lat="47.025892" lon="-71.416877"></trkpt>
<trkpt lat="47.026333" lon="-71.416912"></trkpt>
<trkpt lat="47.027152" lon="-71.417078"></trkpt>
<trkpt lat="47.027987" lon="-71.417055"></trkpt>
<trkpt lat="47.028396" lon="-71.417124"></trkpt>
<trkpt lat="47.028955" lon="-71.417321"></trkpt>
<trkpt lat="47.030900" lon="-71.418430"></trkpt>
<trkpt lat="47.031341" lon="-71.418603"></trkpt>
<trkpt lat="47.032809" lon="-71.419003"></trkpt>
<trkpt lat="47.033546" lon="-71.419204"></trkpt>
<trkpt lat="47.034425" lon="-71.419336"></trkpt>
<trkpt lat="47.035680" lon="-71.419336"></trkpt>
<trkpt lat="47.036183" lon="-71.419465"></trkpt>
<trkpt lat="47.036576" lon="-71.419644"></trkpt>
<trkpt lat="47.037377" lon="-71.420112"></trkpt>
<trkpt lat="47.037716" lon="-71.420252"></trkpt>
<trkpt lat="47.038008" lon="-71.420311"></trkpt>
<trkpt lat="47.038897" lon="-71.420172"></trkpt>
<trkpt lat="47.039216" lon="-71.420182"></trkpt>
<trkpt lat="47.039399" lon="-71.420252"></trkpt>
<trkpt lat="47.039963" lon="-71.420769"></trkpt>
<trkpt lat="47.040132" lon="-71.420849"></trkpt>
<trkpt lat="47.041035" lon="-71.420969"></trkpt>
<trkpt lat="47.042107" lon="-71.421367"></trkpt>
<trkpt lat="47.043484" lon="-71.421695"></trkpt>
<trkpt lat="47.043858" lon="-71.421875"></trkpt>
<trkpt lat="47.044923" lon="-71.422552"></trkpt>
<trkpt lat="47.045235" lon="-71.422821"></trkpt>
<trkpt lat="47.045479" lon="-71.423159"></trkpt>
<trkpt lat="47.045669" lon="-71.423607"></trkpt>
<trkpt lat="47.045717" lon="-71.423881"></trkpt>
<trkpt lat="47.045975" lon="-71.425171"></trkpt>
<trkpt lat="47.046151" lon="-71.425778"></trkpt>
<trkpt lat="47.046239" lon="-71.425962"></trkpt>
<trkpt lat="47.046606" lon="-71.426521"></trkpt>
<trkpt lat="47.046882" lon="-71.426805"></trkpt>
<trkpt lat="47.047827" lon="-71.427391"></trkpt>
<trkpt lat="47.048186" lon="-71.427649"></trkpt>
<trkpt lat="47.049623" lon="-71.428708"></trkpt>
<trkpt lat="47.049828" lon="-71.428925"></trkpt>
<trkpt lat="47.050095" lon="-71.429277"></trkpt>
<trkpt lat="47.050264" lon="-71.429611"></trkpt>
<trkpt lat="47.050389" lon="-71.430078"></trkpt>
<trkpt lat="47.050473" lon="-71.430516"></trkpt>
<trkpt lat="47.050510" lon="-71.431027"></trkpt>
<trkpt lat="47.050379" lon="-71.434712"></trkpt>
<trkpt lat="47.050423" lon="-71.435074"></trkpt>
<trkpt lat="47.050495" lon="-71.435405"></trkpt>
<trkpt lat="47.050829" lon="-71.436171"></trkpt>
<trkpt lat="47.050938" lon="-71.436534"></trkpt>
<trkpt lat="47.050981" lon="-71.436970"></trkpt>
<trkpt lat="47.050967" lon="-71.437471"></trkpt>
<trkpt lat="47.050923" lon="-71.437929"></trkpt>
<trkpt lat="47.050793" lon="-71.438653"></trkpt>
<trkpt lat="47.050756" lon="-71.438994"></trkpt>
<trkpt lat="47.050786" lon="-71.439345"></trkpt>
<trkpt lat="47.050931" lon="-71.440389"></trkpt>
<trkpt lat="47.050909" lon="-71.440773"></trkpt>
<trkpt lat="47.050677" lon="-71.441774"></trkpt>
<trkpt lat="47.050299" lon="-71.442914"></trkpt>
<trkpt lat="47.047048" lon="-71.449048"></trkpt>
<trkpt lat="47.046465" lon="-71.450259"></trkpt>
<trkpt lat="47.043695" lon="-71.455928"></trkpt>
<trkpt lat="47.043630" lon="-71.456216"></trkpt>
<trkpt lat="47.043615" lon="-71.456461"></trkpt>
<trkpt lat="47.043644" lon="-71.456749"></trkpt>
<trkpt lat="47.043717" lon="-71.457036"></trkpt>
<trkpt lat="47.043869" lon="-71.457302"></trkpt>
<trkpt lat="47.045379" lon="-71.458953"></trkpt>
<trkpt lat="47.045589" lon="-71.459273"></trkpt>
<trkpt lat="47.045727" lon="-71.459560"></trkpt>
<trkpt lat="47.045763" lon="-71.459780"></trkpt>
<trkpt lat="47.045792" lon="-71.459965"></trkpt>
<trkpt lat="47.045800" lon="-71.460391"></trkpt>
<trkpt lat="47.045727" lon="-71.460849"></trkpt>
<trkpt lat="47.045627" lon="-71.461208"></trkpt>
<trkpt lat="47.045147" lon="-71.462926"></trkpt>
<trkpt lat="47.045054" lon="-71.463147"></trkpt>
<trkpt lat="47.044820" lon="-71.463682"></trkpt>
<trkpt lat="47.044479" lon="-71.464332"></trkpt>
<trkpt lat="47.044094" lon="-71.464918"></trkpt>
<trkpt lat="47.043753" lon="-71.465322"></trkpt>
<trkpt lat="47.042691" lon="-71.466302"></trkpt>
<trkpt lat="47.042441" lon="-71.466637"></trkpt>
<trkpt lat="47.042227" lon="-71.466994"></trkpt>
<trkpt lat="47.041006" lon="-71.469833"></trkpt>
<trkpt lat="47.040856" lon="-71.470116"></trkpt>
<trkpt lat="47.040656" lon="-71.470378"></trkpt>
<trkpt lat="47.039349" lon="-71.471405"></trkpt>
<trkpt lat="47.038364" lon="-71.472086"></trkpt>
<trkpt lat="47.037985" lon="-71.472484"></trkpt>
<trkpt lat="47.037557" lon="-71.473019"></trkpt>
<trkpt lat="47.037360" lon="-71.473318"></trkpt>
<trkpt lat="47.036571" lon="-71.474517"></trkpt>
<trkpt lat="47.036307" lon="-71.474863"></trkpt>
<trkpt lat="47.035771" lon="-71.475431"></trkpt>
<trkpt lat="47.035600" lon="-71.475686"></trkpt>
<trkpt lat="47.035498" lon="-71.475945"></trkpt>
<trkpt lat="47.035445" lon="-71.476228"></trkpt>
<trkpt lat="47.035423" lon="-71.476532"></trkpt>
<trkpt lat="47.035462" lon="-71.477487"></trkpt>
<trkpt lat="47.035436" lon="-71.478837"></trkpt>
<trkpt lat="47.035416" lon="-71.479007"></trkpt>
<trkpt lat="47.035322" lon="-71.479359"></trkpt>
<trkpt lat="47.035171" lon="-71.479666"></trkpt>
<trkpt lat="47.034979" lon="-71.479909"></trkpt>
<trkpt lat="47.034855" lon="-71.480012"></trkpt>
<trkpt lat="47.034036" lon="-71.480564"></trkpt>
<trkpt lat="47.033657" lon="-71.480857"></trkpt>
<trkpt lat="47.032283" lon="-71.482139"></trkpt>
<trkpt lat="47.032018" lon="-71.482290"></trkpt>
<trkpt lat="47.031514" lon="-71.482476"></trkpt>
<trkpt lat="47.031307" lon="-71.482594"></trkpt>
<trkpt lat="47.031118" lon="-71.482781"></trkpt>
<trkpt lat="47.030952" lon="-71.483034"></trkpt>
<trkpt lat="47.030836" lon="-71.483287"></trkpt>
<trkpt lat="47.030622" lon="-71.483854"></trkpt>
<trkpt lat="47.030458" lon="-71.484189"></trkpt>
<trkpt lat="47.030229" lon="-71.484514"></trkpt>
<trkpt lat="47.029872" lon="-71.484902"></trkpt>
<trkpt lat="47.029486" lon="-71.485195"></trkpt>
<trkpt lat="47.027222" lon="-71.486275"></trkpt>
<trkpt lat="47.026865" lon="-71.486369"></trkpt>
<trkpt lat="47.026501" lon="-71.486369"></trkpt>
<trkpt lat="47.026172" lon="-71.486327"></trkpt>
<trkpt lat="47.025701" lon="-71.486421"></trkpt>
<trkpt lat="47.025215" lon="-71.486589"></trkpt>
<trkpt lat="47.024293" lon="-71.487176"></trkpt>
<trkpt lat="47.023415" lon="-71.487595"></trkpt>
<trkpt lat="47.023051" lon="-71.487658"></trkpt>
<trkpt lat="47.020579" lon="-71.487668"></trkpt>
<trkpt lat="47.020100" lon="-71.487543"></trkpt>
<trkpt lat="47.019765" lon="-71.487375"></trkpt>
<trkpt lat="47.019400" lon="-71.487249"></trkpt>
<trkpt lat="47.019022" lon="-71.487228"></trkpt>
<trkpt lat="47.018593" lon="-71.487302"></trkpt>
<trkpt lat="47.017521" lon="-71.487857"></trkpt>
<trkpt lat="47.017314" lon="-71.487878"></trkpt>
<trkpt lat="47.016943" lon="-71.487825"></trkpt>
<trkpt lat="47.016557" lon="-71.487658"></trkpt>
<trkpt lat="47.015717" lon="-71.487152"></trkpt>
<trkpt lat="47.014728" lon="-71.486495"></trkpt>
<trkpt lat="47.014532" lon="-71.486318"></trkpt>
<trkpt lat="47.014378" lon="-71.486180"></trkpt>
<trkpt lat="47.013920" lon="-71.485656"></trkpt>
<trkpt lat="47.013478" lon="-71.485101"></trkpt>
<trkpt lat="47.012906" lon="-71.484294"></trkpt>
<trkpt lat="47.011448" lon="-71.481758"></trkpt>
<trkpt lat="47.011191" lon="-71.481423"></trkpt>
<trkpt lat="47.010573" lon="-71.480804"></trkpt>
<trkpt lat="47.010385" lon="-71.481075"></trkpt>
<trkpt lat="47.010265" lon="-71.481177"></trkpt>
<trkpt lat="47.010136" lon="-71.481251"></trkpt>
<trkpt lat="47.009531" lon="-71.481468"></trkpt>
<trkpt lat="47.009300" lon="-71.481651"></trkpt>
<trkpt lat="47.009037" lon="-71.481949"></trkpt>
<trkpt lat="47.008811" lon="-71.482423"></trkpt>
<trkpt lat="47.008331" lon="-71.483435"></trkpt>
<trkpt lat="47.007869" lon="-71.484278"></trkpt>
<trkpt lat="47.007624" lon="-71.484569"></trkpt>
<trkpt lat="47.007347" lon="-71.484779"></trkpt>
<trkpt lat="47.005629" lon="-71.485578"></trkpt>
<trkpt lat="47.004588" lon="-71.485931"></trkpt>
<trkpt lat="47.003311" lon="-71.486164"></trkpt>
<trkpt lat="47.002693" lon="-71.486226"></trkpt>
<trkpt lat="47.002048" lon="-71.486291"></trkpt>
<trkpt lat="47.001500" lon="-71.486407"></trkpt>
<trkpt lat="47.001074" lon="-71.486587"></trkpt>
<trkpt lat="46.999595" lon="-71.487518"></trkpt>
<trkpt lat="46.998808" lon="-71.488093"></trkpt>
<trkpt lat="46.998372" lon="-71.488510"></trkpt>
<trkpt lat="46.997964" lon="-71.489010"></trkpt>
<trkpt lat="46.995799" lon="-71.492258"></trkpt>
<trkpt lat="46.994616" lon="-71.494260"></trkpt>
<trkpt lat="46.994436" lon="-71.494565"></trkpt>
<trkpt lat="46.994169" lon="-71.494903"></trkpt>
<trkpt lat="46.993691" lon="-71.495277"></trkpt>
<trkpt lat="46.993573" lon="-71.495352"></trkpt>
<trkpt lat="46.993310" lon="-71.495475"></trkpt>
<trkpt lat="46.993036" lon="-71.495538"></trkpt>
<trkpt lat="46.992675" lon="-71.495538"></trkpt>
<trkpt lat="46.991607" lon="-71.495221"></trkpt>
<trkpt lat="46.991051" lon="-71.495136"></trkpt>
<trkpt lat="46.987847" lon="-71.495210"></trkpt>
<trkpt lat="46.986952" lon="-71.495189"></trkpt>
<trkpt lat="46.985032" lon="-71.494840"></trkpt>
<trkpt lat="46.984534" lon="-71.494776"></trkpt>
<trkpt lat="46.984281" lon="-71.494808"></trkpt>
<trkpt lat="46.983790" lon="-71.494977"></trkpt>
<trkpt lat="46.983495" lon="-71.495147"></trkpt>
<trkpt lat="46.982893" lon="-71.495223"></trkpt>
<trkpt lat="46.982498" lon="-71.495221"></trkpt>
<trkpt lat="46.981762" lon="-71.495020"></trkpt>
<trkpt lat="46.981298" lon="-71.495009"></trkpt>
<trkpt lat="46.981046" lon="-71.494945"></trkpt>
<trkpt lat="46.980815" lon="-71.494776"></trkpt>
<trkpt lat="46.979956" lon="-71.493919"></trkpt>
<trkpt lat="46.979602" lon="-71.493523"></trkpt>
<trkpt lat="46.979284" lon="-71.493168"></trkpt>
<trkpt lat="46.977227" lon="-71.491401"></trkpt>
<trkpt lat="46.976195" lon="-71.490237"></trkpt>
<trkpt lat="46.975856" lon="-71.489898"></trkpt>
<trkpt lat="46.975596" lon="-71.489719"></trkpt>
<trkpt lat="46.975069" lon="-71.489496"></trkpt>
<trkpt lat="46.973257" lon="-71.488872"></trkpt>
<trkpt lat="46.972607" lon="-71.488735"></trkpt>
<trkpt lat="46.972275" lon="-71.488735"></trkpt>
<trkpt lat="46.971372" lon="-71.488946"></trkpt>
<trkpt lat="46.971091" lon="-71.488929"></trkpt>
<trkpt lat="46.970732" lon="-71.488835"></trkpt>
<trkpt lat="46.970241" lon="-71.488646"></trkpt>
<trkpt lat="46.969060" lon="-71.488051"></trkpt>
<trkpt lat="46.968537" lon="-71.487835"></trkpt>
<trkpt lat="46.967963" lon="-71.487717"></trkpt>
<trkpt lat="46.967546" lon="-71.487730"></trkpt>
<trkpt lat="46.967033" lon="-71.487846"></trkpt>
<trkpt lat="46.966360" lon="-71.488306"></trkpt>
<trkpt lat="46.966185" lon="-71.488401"></trkpt>
<trkpt lat="46.965977" lon="-71.488435"></trkpt>
<trkpt lat="46.965786" lon="-71.488410"></trkpt>
<trkpt lat="46.964694" lon="-71.487909"></trkpt>
<trkpt lat="46.964217" lon="-71.487730"></trkpt>
<trkpt lat="46.963799" lon="-71.487656"></trkpt>
<trkpt lat="46.963228" lon="-71.487634"></trkpt>
<trkpt lat="46.962574" lon="-71.487694"></trkpt>
<trkpt lat="46.962199" lon="-71.487825"></trkpt>
<trkpt lat="46.961838" lon="-71.488012"></trkpt>
<trkpt lat="46.961052" lon="-71.488564"></trkpt>
<trkpt lat="46.960378" lon="-71.488963"></trkpt>
<trkpt lat="46.959751" lon="-71.489067"></trkpt>
<trkpt lat="46.959438" lon="-71.489063"></trkpt>
<trkpt lat="46.958928" lon="-71.488952"></trkpt>
<trkpt lat="46.955392" lon="-71.487284"></trkpt>
<trkpt lat="46.952527" lon="-71.485853"></trkpt>
<trkpt lat="46.952303" lon="-71.485741"></trkpt>
<trkpt lat="46.951207" lon="-71.485199"></trkpt>
<trkpt lat="46.950725" lon="-71.485082"></trkpt>
<trkpt lat="46.950423" lon="-71.485102"></trkpt>
<trkpt lat="46.950167" lon="-71.485211"></trkpt>
<trkpt lat="46.949926" lon="-71.485407"></trkpt>
<trkpt lat="46.949710" lon="-71.485636"></trkpt>
<trkpt lat="46.949538" lon="-71.485897"></trkpt>
<trkpt lat="46.949460" lon="-71.486022"></trkpt>
<trkpt lat="46.948952" lon="-71.486808"></trkpt>
<trkpt lat="46.948848" lon="-71.486965"></trkpt>
<trkpt lat="46.948703" lon="-71.487127"></trkpt>
<trkpt lat="46.948505" lon="-71.487162"></trkpt>
<trkpt lat="46.948249" lon="-71.486986"></trkpt>
<trkpt lat="46.948100" lon="-71.486788"></trkpt>
<trkpt lat="46.946636" lon="-71.484793"></trkpt>
<trkpt lat="46.946289" lon="-71.484143"></trkpt>
<trkpt lat="46.946137" lon="-71.483749"></trkpt>
<trkpt lat="46.946054" lon="-71.483469"></trkpt>
<trkpt lat="46.945905" lon="-71.482436"></trkpt>
<trkpt lat="46.945773" lon="-71.481961"></trkpt>
<trkpt lat="46.945651" lon="-71.481712"></trkpt>
<trkpt lat="46.945429" lon="-71.481358"></trkpt>
<trkpt lat="46.944963" lon="-71.480771"></trkpt>
<trkpt lat="46.944836" lon="-71.480589"></trkpt>
<trkpt lat="46.943875" lon="-71.479216"></trkpt>
<trkpt lat="46.942555" lon="-71.477331"></trkpt>
<trkpt lat="46.942445" lon="-71.477173"></trkpt>
<trkpt lat="46.942356" lon="-71.477046"></trkpt>
<trkpt lat="46.942248" lon="-71.476893"></trkpt>
<trkpt lat="46.941732" lon="-71.476165"></trkpt>
<trkpt lat="46.941601" lon="-71.475978"></trkpt>
<trkpt lat="46.940614" lon="-71.474566"></trkpt>
<trkpt lat="46.940591" lon="-71.474533"></trkpt>
<trkpt lat="46.940381" lon="-71.474233"></trkpt>
<trkpt lat="46.939858" lon="-71.473486"></trkpt>
<trkpt lat="46.938972" lon="-71.472009"></trkpt>
<trkpt lat="46.938177" lon="-71.471006"></trkpt>
<trkpt lat="46.937583" lon="-71.470263"></trkpt>
<trkpt lat="46.937019" lon="-71.469513"></trkpt>
<trkpt lat="46.936584" lon="-71.468920"></trkpt>
<trkpt lat="46.933799" lon="-71.465129"></trkpt>
<trkpt lat="46.933089" lon="-71.464169"></trkpt>
<trkpt lat="46.932637" lon="-71.463572"></trkpt>
<trkpt lat="46.931553" lon="-71.462143"></trkpt>
<trkpt lat="46.931316" lon="-71.461834"></trkpt>
<trkpt lat="46.930616" lon="-71.460917"></trkpt>
<trkpt lat="46.928513" lon="-71.458168"></trkpt>
<trkpt lat="46.921675" lon="-71.449154"></trkpt>
<trkpt lat="46.921423" lon="-71.448766"></trkpt>
<trkpt lat="46.920610" lon="-71.447455"></trkpt>
<trkpt lat="46.919987" lon="-71.446331"></trkpt>
<trkpt lat="46.919555" lon="-71.445671"></trkpt>
<trkpt lat="46.916784" lon="-71.441645"></trkpt>
<trkpt lat="46.914163" lon="-71.437833"></trkpt>
<trkpt lat="46.913591" lon="-71.437070"></trkpt>
<trkpt lat="46.913397" lon="-71.436820"></trkpt>
<trkpt lat="46.913060" lon="-71.436485"></trkpt>
<trkpt lat="46.912532" lon="-71.436120"></trkpt>
<trkpt lat="46.912091" lon="-71.435937"></trkpt>
<trkpt lat="46.911718" lon="-71.435881"></trkpt>
<trkpt lat="46.910996" lon="-71.435821"></trkpt>
<trkpt lat="46.910195" lon="-71.435649"></trkpt>
<trkpt lat="46.909703" lon="-71.435492"></trkpt>
<trkpt lat="46.909254" lon="-71.435211"></trkpt>
<trkpt lat="46.908837" lon="-71.434804"></trkpt>
<trkpt lat="46.908495" lon="-71.434334"></trkpt>
<trkpt lat="46.908142" lon="-71.433708"></trkpt>
<trkpt lat="46.907158" lon="-71.431627"></trkpt>
<trkpt lat="46.906902" lon="-71.431157"></trkpt>
<trkpt lat="46.906514" lon="-71.430562"></trkpt>
<trkpt lat="46.906186" lon="-71.430094"></trkpt>
<trkpt lat="46.905912" lon="-71.429708"></trkpt>
<trkpt lat="46.905844" lon="-71.429612"></trkpt>
<trkpt lat="46.905528" lon="-71.429167"></trkpt>
<trkpt lat="46.904743" lon="-71.428061"></trkpt>
<trkpt lat="46.903933" lon="-71.426921"></trkpt>
<trkpt lat="46.903929" lon="-71.426916"></trkpt>
<trkpt lat="46.903156" lon="-71.425724"></trkpt>
<trkpt lat="46.903002" lon="-71.425502"></trkpt>
<trkpt lat="46.901621" lon="-71.423514"></trkpt>
<trkpt lat="46.901531" lon="-71.423383"></trkpt>
<trkpt lat="46.901214" lon="-71.422927"></trkpt>
<trkpt lat="46.898408" lon="-71.418872"></trkpt>
<trkpt lat="46.897670" lon="-71.417819"></trkpt>
<trkpt lat="46.893623" lon="-71.411979"></trkpt>
<trkpt lat="46.893538" lon="-71.411856"></trkpt>
<trkpt lat="46.892989" lon="-71.411058"></trkpt>
<trkpt lat="46.892588" lon="-71.411658"></trkpt>
<trkpt lat="46.892039" lon="-71.412488"></trkpt>
<trkpt lat="46.890738" lon="-71.414447"></trkpt>
<trkpt lat="46.890100" lon="-71.415461"></trkpt>
<trkpt lat="46.881547" lon="-71.428317"></trkpt>
<trkpt lat="46.880969" lon="-71.429397"></trkpt>
<trkpt lat="46.880514" lon="-71.430376"></trkpt>
<trkpt lat="46.880278" lon="-71.431060"></trkpt>
<trkpt lat="46.879973" lon="-71.432086"></trkpt>
<trkpt lat="46.879810" lon="-71.432750"></trkpt>
<trkpt lat="46.879699" lon="-71.433350"></trkpt>
<trkpt lat="46.879601" lon="-71.433954"></trkpt>
<trkpt lat="46.878916" lon="-71.439152"></trkpt>
<trkpt lat="46.878803" lon="-71.439843"></trkpt>
<trkpt lat="46.878629" lon="-71.440571"></trkpt>
<trkpt lat="46.878488" lon="-71.441035"></trkpt>
<trkpt lat="46.878131" lon="-71.441952"></trkpt>
<trkpt lat="46.877906" lon="-71.442418"></trkpt>
<trkpt lat="46.877684" lon="-71.442819"></trkpt>
<trkpt lat="46.877194" lon="-71.443524"></trkpt>
<trkpt lat="46.876914" lon="-71.443860"></trkpt>
<trkpt lat="46.876317" lon="-71.444437"></trkpt>
<trkpt lat="46.875245" lon="-71.445184"></trkpt>
<trkpt lat="46.875014" lon="-71.445322"></trkpt>
<trkpt lat="46.874877" lon="-71.445399"></trkpt>
<trkpt lat="46.873900" lon="-71.445985"></trkpt>
<trkpt lat="46.873568" lon="-71.446178"></trkpt>
<trkpt lat="46.873132" lon="-71.446365"></trkpt>
<trkpt lat="46.872879" lon="-71.446439"></trkpt>
<trkpt lat="46.872652" lon="-71.446482"></trkpt>
<trkpt lat="46.872498" lon="-71.446508"></trkpt>
<trkpt lat="46.872248" lon="-71.446540"></trkpt>
<trkpt lat="46.872165" lon="-71.446552"></trkpt>
<trkpt lat="46.872119" lon="-71.446558"></trkpt>
<trkpt lat="46.871976" lon="-71.446674"></trkpt>
<trkpt lat="46.870429" lon="-71.448944"></trkpt>
<trkpt lat="46.870446" lon="-71.449015"></trkpt>
<trkpt lat="46.870527" lon="-71.449280"></trkpt>
<trkpt lat="46.870685" lon="-71.449675"></trkpt>
<trkpt lat="46.870900" lon="-71.450534"></trkpt>
<trkpt lat="46.871274" lon="-71.452022"></trkpt>
<trkpt lat="46.872155" lon="-71.455373"></trkpt>
<trkpt lat="46.872711" lon="-71.457195"></trkpt>
<trkpt lat="46.873418" lon="-71.459248"></trkpt>
<trkpt lat="46.873791" lon="-71.460221"></trkpt>
<trkpt lat="46.874490" lon="-71.461894"></trkpt>
<trkpt lat="46.875037" lon="-71.463056"></trkpt>
<trkpt lat="46.875419" lon="-71.463790"></trkpt>
<trkpt lat="46.875599" lon="-71.464096"></trkpt>
<trkpt lat="46.876605" lon="-71.465688"></trkpt>
<trkpt lat="46.877525" lon="-71.467081"></trkpt>
<trkpt lat="46.877585" lon="-71.467170"></trkpt>
<trkpt lat="46.878116" lon="-71.467963"></trkpt>
<trkpt lat="46.879773" lon="-71.470467"></trkpt>
<trkpt lat="46.880413" lon="-71.471537"></trkpt>
<trkpt lat="46.880718" lon="-71.472159"></trkpt>
<trkpt lat="46.880936" lon="-71.472709"></trkpt>
<trkpt lat="46.881109" lon="-71.473175"></trkpt>
<trkpt lat="46.881401" lon="-71.474184"></trkpt>
<trkpt lat="46.881925" lon="-71.476648"></trkpt>
<trkpt lat="46.883336" lon="-71.483673"></trkpt>
<trkpt lat="46.883560" lon="-71.484785"></trkpt>
<trkpt lat="46.883785" lon="-71.486095"></trkpt>
<trkpt lat="46.883918" lon="-71.487059"></trkpt>
<trkpt lat="46.884002" lon="-71.487754"></trkpt>
<trkpt lat="46.884087" lon="-71.488728"></trkpt>
<trkpt lat="46.884119" lon="-71.489607"></trkpt>
<trkpt lat="46.884152" lon="-71.490707"></trkpt>
<trkpt lat="46.884149" lon="-71.491601"></trkpt>
<trkpt lat="46.884104" lon="-71.492982"></trkpt>
<trkpt lat="46.883387" lon="-71.509816"></trkpt>
<trkpt lat="46.883265" lon="-71.512802"></trkpt>
<trkpt lat="46.883262" lon="-71.512860"></trkpt>
<trkpt lat="46.883259" lon="-71.512933"></trkpt>
<trkpt lat="46.882969" lon="-71.520073"></trkpt>
<trkpt lat="46.882956" lon="-71.520417"></trkpt>
<trkpt lat="46.882924" lon="-71.521059"></trkpt>
<trkpt lat="46.882899" lon="-71.521588"></trkpt>
<trkpt lat="46.882833" lon="-71.523254"></trkpt>
<trkpt lat="46.882746" lon="-71.525627"></trkpt>
<trkpt lat="46.882626" lon="-71.527959"></trkpt>
<trkpt lat="46.882623" lon="-71.528034"></trkpt>
<trkpt lat="46.882619" lon="-71.528127"></trkpt>
<trkpt lat="46.882174" lon="-71.539205"></trkpt>
<trkpt lat="46.882102" lon="-71.540901"></trkpt>
<trkpt lat="46.881739" lon="-71.549521"></trkpt>
<trkpt lat="46.881499" lon="-71.555159"></trkpt>
<trkpt lat="46.881393" lon="-71.557653"></trkpt>
<trkpt lat="46.881266" lon="-71.559552"></trkpt>
<trkpt lat="46.881083" lon="-71.561206"></trkpt>
<trkpt lat="46.880928" lon="-71.562275"></trkpt>
<trkpt lat="46.880726" lon="-71.563413"></trkpt>
<trkpt lat="46.879435" lon="-71.569068"></trkpt>
<trkpt lat="46.876628" lon="-71.581370"></trkpt>
<trkpt lat="46.876492" lon="-71.581871"></trkpt>
<trkpt lat="46.876292" lon="-71.582461"></trkpt>
<trkpt lat="46.875915" lon="-71.583315"></trkpt>
<trkpt lat="46.866668" lon="-71.601750"></trkpt>
<trkpt lat="46.865778" lon="-71.603509"></trkpt>
<trkpt lat="46.865495" lon="-71.604225"></trkpt>
<trkpt lat="46.865347" lon="-71.604707"></trkpt>
<trkpt lat="46.865335" lon="-71.604852"></trkpt>
<trkpt lat="46.865347" lon="-71.604919"></trkpt>
<trkpt lat="46.865363" lon="-71.605009"></trkpt>
<trkpt lat="46.865287" lon="-71.605186"></trkpt>
<trkpt lat="46.865063" lon="-71.606459"></trkpt>
<trkpt lat="46.864292" lon="-71.611114"></trkpt>
<trkpt lat="46.863715" lon="-71.614613"></trkpt>
<trkpt lat="46.863260" lon="-71.617644"></trkpt>
<trkpt lat="46.863248" lon="-71.617699"></trkpt>
<trkpt lat="46.863236" lon="-71.617747"></trkpt>
<trkpt lat="46.863220" lon="-71.617831"></trkpt>
<trkpt lat="46.863362" lon="-71.617864"></trkpt>
<trkpt lat="46.863621" lon="-71.617998"></trkpt>
<trkpt lat="46.864010" lon="-71.618143"></trkpt>
<trkpt lat="46.864574" lon="-71.618280"></trkpt>
<trkpt lat="46.864668" lon="-71.618335"></trkpt>
<trkpt lat="46.864885" lon="-71.618474"></trkpt>
<trkpt lat="46.866183" lon="-71.618871"></trkpt>
<trkpt lat="46.866246" lon="-71.618932"></trkpt>
<trkpt lat="46.867310" lon="-71.619253"></trkpt>
<trkpt lat="46.867460" lon="-71.619230"></trkpt>
<trkpt lat="46.867926" lon="-71.619382"></trkpt>
<trkpt lat="46.868113" lon="-71.619549"></trkpt>
<trkpt lat="46.868230" lon="-71.619588"></trkpt>
<trkpt lat="46.868569" lon="-71.619701"></trkpt>
<trkpt lat="46.869162" lon="-71.619898"></trkpt>
<trkpt lat="46.869647" lon="-71.620041"></trkpt>
<trkpt lat="46.870921" lon="-71.620426"></trkpt>
<trkpt lat="46.871363" lon="-71.620158"></trkpt>
<trkpt lat="46.871540" lon="-71.619989"></trkpt>
<trkpt lat="46.871542" lon="-71.619987"></trkpt>
<trkpt lat="46.871663" lon="-71.619811"></trkpt>
<trkpt lat="46.871753" lon="-71.619617"></trkpt>
<trkpt lat="46.871786" lon="-71.619254"></trkpt>
<trkpt lat="46.871925" lon="-71.618299"></trkpt>
<trkpt lat="46.872066" lon="-71.617131"></trkpt>
<trkpt lat="46.872148" lon="-71.616513"></trkpt>
<trkpt lat="46.872258" lon="-71.616066"></trkpt>
<trkpt lat="46.872391" lon="-71.615813"></trkpt>
<trkpt lat="46.872661" lon="-71.615549"></trkpt>
<trkpt lat="46.873789" lon="-71.614810"></trkpt>
<trkpt lat="46.874990" lon="-71.613714"></trkpt>
<trkpt lat="46.876134" lon="-71.612724"></trkpt>
<trkpt lat="46.876540" lon="-71.612423"></trkpt>
<trkpt lat="46.877164" lon="-71.611901"></trkpt>
<trkpt lat="46.877560" lon="-71.611925"></trkpt>
<trkpt lat="46.877704" lon="-71.611859"></trkpt>
<trkpt lat="46.877729" lon="-71.611702"></trkpt>
<trkpt lat="46.878349" lon="-71.611874"></trkpt>
<trkpt lat="46.879078" lon="-71.611987"></trkpt>
<trkpt lat="46.879475" lon="-71.611883"></trkpt>
<trkpt lat="46.880036" lon="-71.611485"></trkpt>
<trkpt lat="46.880341" lon="-71.611349"></trkpt>
<trkpt lat="46.880831" lon="-71.611332"></trkpt>
<trkpt lat="46.881135" lon="-71.611358"></trkpt>
<trkpt lat="46.882402" lon="-71.611238"></trkpt>
<trkpt lat="46.882665" lon="-71.611141"></trkpt>
<trkpt lat="46.882985" lon="-71.610888"></trkpt>
<trkpt lat="46.883866" lon="-71.610467"></trkpt>
<trkpt lat="46.884131" lon="-71.610340"></trkpt>
<trkpt lat="46.884792" lon="-71.609903"></trkpt>
<trkpt lat="46.885190" lon="-71.609807"></trkpt>
<trkpt lat="46.885598" lon="-71.609928"></trkpt>
<trkpt lat="46.885719" lon="-71.610000"></trkpt>
<trkpt lat="46.887059" lon="-71.611125"></trkpt>
<trkpt lat="46.888025" lon="-71.611747"></trkpt>
<trkpt lat="46.889268" lon="-71.612399"></trkpt>
<trkpt lat="46.890093" lon="-71.612757"></trkpt>
<trkpt lat="46.891001" lon="-71.612794"></trkpt>
<trkpt lat="46.891580" lon="-71.612887"></trkpt>
<trkpt lat="46.892728" lon="-71.613361"></trkpt>
<trkpt lat="46.893092" lon="-71.613529"></trkpt>
<trkpt lat="46.893533" lon="-71.613666"></trkpt>
<trkpt lat="46.893845" lon="-71.613634"></trkpt>
<trkpt lat="46.893951" lon="-71.613536"></trkpt>
<trkpt lat="46.894142" lon="-71.613212"></trkpt>
<trkpt lat="46.894267" lon="-71.613104"></trkpt>
<trkpt lat="46.897908" lon="-71.607927"></trkpt>
<trkpt lat="46.897908" lon="-71.607928"></trkpt>
<trkpt lat="46.898081" lon="-71.609188"></trkpt>
<trkpt lat="46.898253" lon="-71.610445"></trkpt>
<trkpt lat="46.898920" lon="-71.610178"></trkpt>
<trkpt lat="46.899893" lon="-71.609988"></trkpt>
<trkpt lat="46.902343" lon="-71.609550"></trkpt>
<trkpt lat="46.902705" lon="-71.609611"></trkpt>
<trkpt lat="46.903560" lon="-71.610356"></trkpt>
<trkpt lat="46.905698" lon="-71.612969"></trkpt>
<trkpt lat="46.905809" lon="-71.613112"></trkpt>
<trkpt lat="46.905821" lon="-71.613170"></trkpt>
<trkpt lat="46.905789" lon="-71.613251"></trkpt>
<trkpt lat="46.906004" lon="-71.613492"></trkpt>
<trkpt lat="46.906332" lon="-71.613848"></trkpt>
<trkpt lat="46.906472" lon="-71.614015"></trkpt>
<trkpt lat="46.906672" lon="-71.614287"></trkpt>
<trkpt lat="46.906776" lon="-71.614441"></trkpt>
<trkpt lat="46.906838" lon="-71.614533"></trkpt>
<trkpt lat="46.907002" lon="-71.614829"></trkpt>
<trkpt lat="46.907241" lon="-71.615418"></trkpt>
<trkpt lat="46.907348" lon="-71.615817"></trkpt>
<trkpt lat="46.907483" lon="-71.616638"></trkpt>
<trkpt lat="46.907557" lon="-71.619675"></trkpt>
<trkpt lat="46.907582" lon="-71.620327"></trkpt>
<trkpt lat="46.907619" lon="-71.621297"></trkpt>
<trkpt lat="46.907709" lon="-71.623661"></trkpt>
<trkpt lat="46.907750" lon="-71.624445"></trkpt>
<trkpt lat="46.907866" lon="-71.625416"></trkpt>
<trkpt lat="46.907995" lon="-71.625918"></trkpt>
<trkpt lat="46.908220" lon="-71.626470"></trkpt>
<trkpt lat="46.908697" lon="-71.627255"></trkpt>
<trkpt lat="46.908969" lon="-71.627544"></trkpt>
<trkpt lat="46.910414" lon="-71.628508"></trkpt>
<trkpt lat="46.910532" lon="-71.628640"></trkpt>
<trkpt lat="46.910634" lon="-71.628755"></trkpt>
<trkpt lat="46.911358" lon="-71.630130"></trkpt>
<trkpt lat="46.911642" lon="-71.630561"></trkpt>
<trkpt lat="46.912093" lon="-71.631033"></trkpt>
<trkpt lat="46.912377" lon="-71.631217"></trkpt>
<trkpt lat="46.913010" lon="-71.631472"></trkpt>
<trkpt lat="46.913618" lon="-71.631633"></trkpt>
<trkpt lat="46.913912" lon="-71.631635"></trkpt>
<trkpt lat="46.914178" lon="-71.631555"></trkpt>
<trkpt lat="46.914789" lon="-71.631204"></trkpt>
<trkpt lat="46.915134" lon="-71.631077"></trkpt>
<trkpt lat="46.917334" lon="-71.630909"></trkpt>
<trkpt lat="46.918391" lon="-71.630711"></trkpt>
<trkpt lat="46.918700" lon="-71.630568"></trkpt>
<trkpt lat="46.919434" lon="-71.629961"></trkpt>
<trkpt lat="46.919638" lon="-71.629708"></trkpt>
<trkpt lat="46.920045" lon="-71.628835"></trkpt>
<trkpt lat="46.920231" lon="-71.628594"></trkpt>
<trkpt lat="46.920451" lon="-71.628421"></trkpt>
<trkpt lat="46.920740" lon="-71.628356"></trkpt>
<trkpt lat="46.923259" lon="-71.628414"></trkpt>
<trkpt lat="46.924948" lon="-71.628536"></trkpt>
<trkpt lat="46.926740" lon="-71.628860"></trkpt>
<trkpt lat="46.927459" lon="-71.628922"></trkpt>
<trkpt lat="46.928152" lon="-71.628903"></trkpt>
<trkpt lat="46.929526" lon="-71.628668"></trkpt>
<trkpt lat="46.930561" lon="-71.628602"></trkpt>
<trkpt lat="46.931004" lon="-71.628545"></trkpt>
<trkpt lat="46.931939" lon="-71.628195"></trkpt>
<trkpt lat="46.932246" lon="-71.628158"></trkpt>
<trkpt lat="46.932702" lon="-71.628241"></trkpt>
<trkpt lat="46.933004" lon="-71.628471"></trkpt>
<trkpt lat="46.933174" lon="-71.628679"></trkpt>
<trkpt lat="46.933349" lon="-71.629006"></trkpt>
<trkpt lat="46.933559" lon="-71.629475"></trkpt>
<trkpt lat="46.933715" lon="-71.629687"></trkpt>
<trkpt lat="46.933945" lon="-71.629915"></trkpt>
<trkpt lat="46.934178" lon="-71.630078"></trkpt>
<trkpt lat="46.936152" lon="-71.631151"></trkpt>
<trkpt lat="46.936509" lon="-71.631428"></trkpt>
<trkpt lat="46.936726" lon="-71.631767"></trkpt>
<trkpt lat="46.937553" lon="-71.633739"></trkpt>
<trkpt lat="46.937982" lon="-71.635061"></trkpt>
<trkpt lat="46.938117" lon="-71.636224"></trkpt>
<trkpt lat="46.938160" lon="-71.636725"></trkpt>
<trkpt lat="46.938130" lon="-71.637236"></trkpt>
<trkpt lat="46.937780" lon="-71.639137"></trkpt>
<trkpt lat="46.937249" lon="-71.643447"></trkpt>
<trkpt lat="46.936829" lon="-71.645620"></trkpt>
<trkpt lat="46.936062" lon="-71.647659"></trkpt>
<trkpt lat="46.935485" lon="-71.649221"></trkpt>
<trkpt lat="46.934894" lon="-71.651083"></trkpt>
<trkpt lat="46.934751" lon="-71.651417"></trkpt>
<trkpt lat="46.934584" lon="-71.651658"></trkpt>
<trkpt lat="46.934149" lon="-71.652149"></trkpt>
<trkpt lat="46.933197" lon="-71.653027"></trkpt>
<trkpt lat="46.932459" lon="-71.653813"></trkpt>
<trkpt lat="46.932233" lon="-71.654015"></trkpt>
<trkpt lat="46.931822" lon="-71.654300"></trkpt>
<trkpt lat="46.931321" lon="-71.654585"></trkpt>
<trkpt lat="46.929348" lon="-71.655472"></trkpt>
<trkpt lat="46.928826" lon="-71.655854"></trkpt>
<trkpt lat="46.928388" lon="-71.656489"></trkpt>
<trkpt lat="46.928079" lon="-71.657140"></trkpt>
<trkpt lat="46.926641" lon="-71.659770"></trkpt>
<trkpt lat="46.926275" lon="-71.660299"></trkpt>
<trkpt lat="46.924633" lon="-71.661991"></trkpt>
<trkpt lat="46.924419" lon="-71.662296"></trkpt>
<trkpt lat="46.924171" lon="-71.662852"></trkpt>
<trkpt lat="46.923907" lon="-71.663441"></trkpt>
<trkpt lat="46.923546" lon="-71.664249"></trkpt>
<trkpt lat="46.923232" lon="-71.664739"></trkpt>
<trkpt lat="46.923114" lon="-71.664855"></trkpt>
<trkpt lat="46.923051" lon="-71.664917"></trkpt>
<trkpt lat="46.922822" lon="-71.665026"></trkpt>
<trkpt lat="46.922546" lon="-71.665066"></trkpt>
<trkpt lat="46.921734" lon="-71.665034"></trkpt>
<trkpt lat="46.921224" lon="-71.665014"></trkpt>
<trkpt lat="46.919845" lon="-71.665129"></trkpt>
<trkpt lat="46.917379" lon="-71.665125"></trkpt>
<trkpt lat="46.916448" lon="-71.665276"></trkpt>
<trkpt lat="46.914197" lon="-71.665190"></trkpt>
<trkpt lat="46.912773" lon="-71.665028"></trkpt>
<trkpt lat="46.912345" lon="-71.664889"></trkpt>
<trkpt lat="46.911875" lon="-71.664590"></trkpt>
<trkpt lat="46.910197" lon="-71.662199"></trkpt>
<trkpt lat="46.909061" lon="-71.660576"></trkpt>
<trkpt lat="46.908724" lon="-71.659982"></trkpt>
<trkpt lat="46.908093" lon="-71.657311"></trkpt>
<trkpt lat="46.906714" lon="-71.652034"></trkpt>
<trkpt lat="46.906487" lon="-71.651664"></trkpt>
<trkpt lat="46.906120" lon="-71.651392"></trkpt>
<trkpt lat="46.905425" lon="-71.650878"></trkpt>
<trkpt lat="46.904021" lon="-71.649730"></trkpt>
<trkpt lat="46.903334" lon="-71.649092"></trkpt>
<trkpt lat="46.902824" lon="-71.648429"></trkpt>
<trkpt lat="46.902682" lon="-71.648088"></trkpt>
<trkpt lat="46.902485" lon="-71.647278"></trkpt>
<trkpt lat="46.902020" lon="-71.645193"></trkpt>
<trkpt lat="46.900027" lon="-71.640329"></trkpt>
<trkpt lat="46.899152" lon="-71.638842"></trkpt>
<trkpt lat="46.898532" lon="-71.637630"></trkpt>
<trkpt lat="46.897466" lon="-71.635870"></trkpt>
<trkpt lat="46.897328" lon="-71.635575"></trkpt>
<trkpt lat="46.897174" lon="-71.634451"></trkpt>
<trkpt lat="46.897065" lon="-71.634105"></trkpt>
<trkpt lat="46.896519" lon="-71.633198"></trkpt>
<trkpt lat="46.895831" lon="-71.632193"></trkpt>
<trkpt lat="46.895401" lon="-71.631752"></trkpt>
<trkpt lat="46.894441" lon="-71.631232"></trkpt>
<trkpt lat="46.893656" lon="-71.630931"></trkpt>
<trkpt lat="46.890069" lon="-71.630756"></trkpt>
<trkpt lat="46.889312" lon="-71.630771"></trkpt>
<trkpt lat="46.886788" lon="-71.630582"></trkpt>
<trkpt lat="46.886266" lon="-71.630583"></trkpt>
<trkpt lat="46.886012" lon="-71.630675"></trkpt>
<trkpt lat="46.885783" lon="-71.630848"></trkpt>
<trkpt lat="46.885605" lon="-71.631141"></trkpt>
<trkpt lat="46.885480" lon="-71.631476"></trkpt>
<trkpt lat="46.885293" lon="-71.632189"></trkpt>
<trkpt lat="46.883842" lon="-71.636594"></trkpt>
<trkpt lat="46.882634" lon="-71.640184"></trkpt>
<trkpt lat="46.882348" lon="-71.640891"></trkpt>
<trkpt lat="46.881946" lon="-71.641502"></trkpt>
<trkpt lat="46.881428" lon="-71.642133"></trkpt>
<trkpt lat="46.879800" lon="-71.644415"></trkpt>
<trkpt lat="46.879622" lon="-71.644580"></trkpt>
<trkpt lat="46.879443" lon="-71.644686"></trkpt>
<trkpt lat="46.878044" lon="-71.645104"></trkpt>
<trkpt lat="46.877496" lon="-71.645361"></trkpt>
<trkpt lat="46.877321" lon="-71.645515"></trkpt>
<trkpt lat="46.877114" lon="-71.645792"></trkpt>
<trkpt lat="46.876879" lon="-71.646201"></trkpt>
<trkpt lat="46.876416" lon="-71.647162"></trkpt>
<trkpt lat="46.876254" lon="-71.647449"></trkpt>
<trkpt lat="46.875578" lon="-71.648368"></trkpt>
<trkpt lat="46.875256" lon="-71.648693"></trkpt>
<trkpt lat="46.874900" lon="-71.648941"></trkpt>
<trkpt lat="46.874534" lon="-71.649143"></trkpt>
<trkpt lat="46.873071" lon="-71.649767"></trkpt>
<trkpt lat="46.872193" lon="-71.650353"></trkpt>
<trkpt lat="46.871913" lon="-71.650418"></trkpt>
<trkpt lat="46.871774" lon="-71.650406"></trkpt>
<trkpt lat="46.871635" lon="-71.650352"></trkpt>
<trkpt lat="46.871461" lon="-71.650235"></trkpt>
<trkpt lat="46.871070" lon="-71.649878"></trkpt>
<trkpt lat="46.870509" lon="-71.649221"></trkpt>
<trkpt lat="46.870258" lon="-71.648740"></trkpt>
<trkpt lat="46.869165" lon="-71.646255"></trkpt>
<trkpt lat="46.868834" lon="-71.646657"></trkpt>
<trkpt lat="46.868593" lon="-71.646989"></trkpt>
<trkpt lat="46.868315" lon="-71.647462"></trkpt>
<trkpt lat="46.868153" lon="-71.647842"></trkpt>
<trkpt lat="46.867969" lon="-71.648494"></trkpt>
<trkpt lat="46.867832" lon="-71.649328"></trkpt>
<trkpt lat="46.867761" lon="-71.650075"></trkpt>
<trkpt lat="46.867730" lon="-71.651112"></trkpt>
<trkpt lat="46.867796" lon="-71.652085"></trkpt>
<trkpt lat="46.869595" lon="-71.672330"></trkpt>
<trkpt lat="46.869671" lon="-71.673388"></trkpt>
<trkpt lat="46.870169" lon="-71.684645"></trkpt>
<trkpt lat="46.870211" lon="-71.685597"></trkpt>
<trkpt lat="46.870268" lon="-71.686878"></trkpt>
<trkpt lat="46.870373" lon="-71.689254"></trkpt>
<trkpt lat="46.870421" lon="-71.690197"></trkpt>
<trkpt lat="46.870487" lon="-71.690867"></trkpt>
<trkpt lat="46.870612" lon="-71.691583"></trkpt>
<trkpt lat="46.870629" lon="-71.691658"></trkpt>
<trkpt lat="46.870926" lon="-71.692722"></trkpt>
<trkpt lat="46.871371" lon="-71.693846"></trkpt>
<trkpt lat="46.871949" lon="-71.695233"></trkpt>
<trkpt lat="46.872165" lon="-71.695750"></trkpt>
<trkpt lat="46.872352" lon="-71.696198"></trkpt>
<trkpt lat="46.872671" lon="-71.696966"></trkpt>
<trkpt lat="46.872845" lon="-71.697382"></trkpt>
<trkpt lat="46.872906" lon="-71.697530"></trkpt>
<trkpt lat="46.873035" lon="-71.697839"></trkpt>
<trkpt lat="46.873228" lon="-71.698302"></trkpt>
<trkpt lat="46.873557" lon="-71.699092"></trkpt>
<trkpt lat="46.873728" lon="-71.699503"></trkpt>
<trkpt lat="46.873915" lon="-71.699950"></trkpt>
<trkpt lat="46.874053" lon="-71.700282"></trkpt>
<trkpt lat="46.874610" lon="-71.701614"></trkpt>
<trkpt lat="46.874798" lon="-71.702064"></trkpt>
<trkpt lat="46.875111" lon="-71.702812"></trkpt>
<trkpt lat="46.875234" lon="-71.703107"></trkpt>
<trkpt lat="46.875909" lon="-71.704721"></trkpt>
<trkpt lat="46.876453" lon="-71.706021"></trkpt>
<trkpt lat="46.876836" lon="-71.706937"></trkpt>
<trkpt lat="46.876895" lon="-71.707081"></trkpt>
<trkpt lat="46.877413" lon="-71.708337"></trkpt>
<trkpt lat="46.877650" lon="-71.708913"></trkpt>
<trkpt lat="46.877800" lon="-71.709276"></trkpt>
<trkpt lat="46.877869" lon="-71.709444"></trkpt>
<trkpt lat="46.878228" lon="-71.710294"></trkpt>
<trkpt lat="46.878862" lon="-71.711816"></trkpt>
<trkpt lat="46.878960" lon="-71.712040"></trkpt>
<trkpt lat="46.879284" lon="-71.712880"></trkpt>
<trkpt lat="46.879329" lon="-71.713008"></trkpt>
<trkpt lat="46.879535" lon="-71.713830"></trkpt>
<trkpt lat="46.879674" lon="-71.714651"></trkpt>
<trkpt lat="46.879722" lon="-71.715151"></trkpt>
<trkpt lat="46.879740" lon="-71.715864"></trkpt>
<trkpt lat="46.879719" lon="-71.716387"></trkpt>
<trkpt lat="46.879653" lon="-71.717050"></trkpt>
<trkpt lat="46.879498" lon="-71.717874"></trkpt>
<trkpt lat="46.879278" lon="-71.718634"></trkpt>
<trkpt lat="46.878919" lon="-71.719510"></trkpt>
<trkpt lat="46.878573" lon="-71.720158"></trkpt>
<trkpt lat="46.878292" lon="-71.720584"></trkpt>
<trkpt lat="46.877985" lon="-71.720943"></trkpt>
<trkpt lat="46.877447" lon="-71.721487"></trkpt>
<trkpt lat="46.876503" lon="-71.722409"></trkpt>
<trkpt lat="46.876373" lon="-71.722535"></trkpt>
<trkpt lat="46.876232" lon="-71.722669"></trkpt>
<trkpt lat="46.874991" lon="-71.723912"></trkpt>
<trkpt lat="46.874773" lon="-71.724159"></trkpt>
<trkpt lat="46.874330" lon="-71.724764"></trkpt>
<trkpt lat="46.874025" lon="-71.725334"></trkpt>
<trkpt lat="46.873771" lon="-71.725951"></trkpt>
<trkpt lat="46.873685" lon="-71.726186"></trkpt>
<trkpt lat="46.873572" lon="-71.726557"></trkpt>
<trkpt lat="46.873411" lon="-71.727437"></trkpt>
<trkpt lat="46.873364" lon="-71.727922"></trkpt>
<trkpt lat="46.873359" lon="-71.728441"></trkpt>
<trkpt lat="46.873367" lon="-71.728928"></trkpt>
<trkpt lat="46.873404" lon="-71.729415"></trkpt>
<trkpt lat="46.873507" lon="-71.730143"></trkpt>
<trkpt lat="46.873627" lon="-71.730717"></trkpt>
<trkpt lat="46.873860" lon="-71.731783"></trkpt>
<trkpt lat="46.874230" lon="-71.733377"></trkpt>
<trkpt lat="46.874756" lon="-71.735938"></trkpt>
<trkpt lat="46.875585" lon="-71.739730"></trkpt>
<trkpt lat="46.876336" lon="-71.743167"></trkpt>
<trkpt lat="46.876712" lon="-71.744887"></trkpt>
<trkpt lat="46.876902" lon="-71.745776"></trkpt>
<trkpt lat="46.877237" lon="-71.746690"></trkpt>
<trkpt lat="46.877552" lon="-71.747351"></trkpt>
<trkpt lat="46.877922" lon="-71.747990"></trkpt>
<trkpt lat="46.878242" lon="-71.748471"></trkpt>
<trkpt lat="46.880219" lon="-71.751171"></trkpt>
<trkpt lat="46.881688" lon="-71.753185"></trkpt>
<trkpt lat="46.882379" lon="-71.754148"></trkpt>
<trkpt lat="46.882762" lon="-71.754680"></trkpt>
<trkpt lat="46.884455" lon="-71.757066"></trkpt>
<trkpt lat="46.885561" lon="-71.758588"></trkpt>
<trkpt lat="46.886521" lon="-71.759903"></trkpt>
<trkpt lat="46.886623" lon="-71.760046"></trkpt>
<trkpt lat="46.887026" lon="-71.760644"></trkpt>
<trkpt lat="46.887450" lon="-71.761360"></trkpt>
<trkpt lat="46.888081" lon="-71.762626"></trkpt>
<trkpt lat="46.888605" lon="-71.764040"></trkpt>
<trkpt lat="46.888706" lon="-71.764342"></trkpt>
<trkpt lat="46.888983" lon="-71.765169"></trkpt>
<trkpt lat="46.889071" lon="-71.765432"></trkpt>
<trkpt lat="46.889878" lon="-71.767946"></trkpt>
<trkpt lat="46.890282" lon="-71.769125"></trkpt>
<trkpt lat="46.890695" lon="-71.769920"></trkpt>
<trkpt lat="46.890945" lon="-71.770315"></trkpt>
<trkpt lat="46.891482" lon="-71.770931"></trkpt>
<trkpt lat="46.891813" lon="-71.771206"></trkpt>
<trkpt lat="46.892222" lon="-71.771485"></trkpt>
<trkpt lat="46.892755" lon="-71.771745"></trkpt>
<trkpt lat="46.893949" lon="-71.772172"></trkpt>
<trkpt lat="46.894022" lon="-71.772201"></trkpt>
<trkpt lat="46.894076" lon="-71.772223"></trkpt>
<trkpt lat="46.895059" lon="-71.772662"></trkpt>
<trkpt lat="46.895374" lon="-71.772850"></trkpt>
<trkpt lat="46.895808" lon="-71.773173"></trkpt>
<trkpt lat="46.896412" lon="-71.773803"></trkpt>
<trkpt lat="46.896737" lon="-71.774207"></trkpt>
<trkpt lat="46.897164" lon="-71.774842"></trkpt>
<trkpt lat="46.897773" lon="-71.775766"></trkpt>
<trkpt lat="46.897991" lon="-71.776092"></trkpt>
<trkpt lat="46.898580" lon="-71.776976"></trkpt>
<trkpt lat="46.899006" lon="-71.777613"></trkpt>
<trkpt lat="46.900058" lon="-71.776070"></trkpt>
<trkpt lat="46.900950" lon="-71.774709"></trkpt>
<trkpt lat="46.901974" lon="-71.772931"></trkpt>
<trkpt lat="46.902889" lon="-71.771211"></trkpt>
<trkpt lat="46.903197" lon="-71.770754"></trkpt>
<trkpt lat="46.903890" lon="-71.770002"></trkpt>
<trkpt lat="46.904659" lon="-71.769451"></trkpt>
<trkpt lat="46.905050" lon="-71.769287"></trkpt>
<trkpt lat="46.905827" lon="-71.769170"></trkpt>
<trkpt lat="46.907218" lon="-71.769334"></trkpt>
<trkpt lat="46.908381" lon="-71.769236"></trkpt>
<trkpt lat="46.911268" lon="-71.768613"></trkpt>
<trkpt lat="46.913294" lon="-71.768176"></trkpt>
<trkpt lat="46.913675" lon="-71.768038"></trkpt>
<trkpt lat="46.914178" lon="-71.767703"></trkpt>
<trkpt lat="46.914370" lon="-71.767575"></trkpt>
<trkpt lat="46.914693" lon="-71.767263"></trkpt>
<trkpt lat="46.915270" lon="-71.766478"></trkpt>
<trkpt lat="46.916015" lon="-71.765059"></trkpt>
<trkpt lat="46.916471" lon="-71.764071"></trkpt>
<trkpt lat="46.916674" lon="-71.763738"></trkpt>
<trkpt lat="46.916743" lon="-71.763625"></trkpt>
<trkpt lat="46.917065" lon="-71.763300"></trkpt>
<trkpt lat="46.917413" lon="-71.763056"></trkpt>
<trkpt lat="46.919201" lon="-71.762084"></trkpt>
<trkpt lat="46.919837" lon="-71.761447"></trkpt>
<trkpt lat="46.920099" lon="-71.761026"></trkpt>
<trkpt lat="46.920304" lon="-71.760549"></trkpt>
<trkpt lat="46.920671" lon="-71.759690"></trkpt>
<trkpt lat="46.920722" lon="-71.759622"></trkpt>
<trkpt lat="46.921852" lon="-71.758084"></trkpt>
<trkpt lat="46.921965" lon="-71.757931"></trkpt>
<trkpt lat="46.922439" lon="-71.756930"></trkpt>
<trkpt lat="46.922170" lon="-71.756580"></trkpt>
<trkpt lat="46.922002" lon="-71.756396"></trkpt>
<trkpt lat="46.921810" lon="-71.756270"></trkpt>
<trkpt lat="46.921531" lon="-71.756161"></trkpt>
<trkpt lat="46.921163" lon="-71.756090"></trkpt>
<trkpt lat="46.921067" lon="-71.756025"></trkpt>
<trkpt lat="46.920948" lon="-71.755855"></trkpt>
<trkpt lat="46.920842" lon="-71.755692"></trkpt>
<trkpt lat="46.920717" lon="-71.755369"></trkpt>
<trkpt lat="46.920624" lon="-71.754919"></trkpt>
<trkpt lat="46.920606" lon="-71.754481"></trkpt>
<trkpt lat="46.920625" lon="-71.754144"></trkpt>
<trkpt lat="46.920833" lon="-71.753367"></trkpt>
<trkpt lat="46.920976" lon="-71.753007"></trkpt>
<trkpt lat="46.921667" lon="-71.751610"></trkpt>
<trkpt lat="46.922551" lon="-71.750014"></trkpt>
<trkpt lat="46.922657" lon="-71.749756"></trkpt>
<trkpt lat="46.922698" lon="-71.749483"></trkpt>
<trkpt lat="46.922696" lon="-71.749220"></trkpt>
<trkpt lat="46.922504" lon="-71.748780"></trkpt>
<trkpt lat="46.922110" lon="-71.748165"></trkpt>
<trkpt lat="46.921735" lon="-71.747647"></trkpt>
<trkpt lat="46.921595" lon="-71.747400"></trkpt>
<trkpt lat="46.921482" lon="-71.747075"></trkpt>
<trkpt lat="46.921000" lon="-71.744549"></trkpt>
<trkpt lat="46.921000" lon="-71.744142"></trkpt>
<trkpt lat="46.921131" lon="-71.742441"></trkpt>
<trkpt lat="46.921145" lon="-71.741631"></trkpt>
<trkpt lat="46.921149" lon="-71.741392"></trkpt>
<trkpt lat="46.921136" lon="-71.740734"></trkpt>
<trkpt lat="46.920890" lon="-71.739342"></trkpt>
<trkpt lat="46.920901" lon="-71.738883"></trkpt>
<trkpt lat="46.920784" lon="-71.737011"></trkpt>
<trkpt lat="46.920505" lon="-71.736249"></trkpt>
<trkpt lat="46.920135" lon="-71.735560"></trkpt>
<trkpt lat="46.919976" lon="-71.734672"></trkpt>
<trkpt lat="46.919829" lon="-71.733311"></trkpt>
<trkpt lat="46.919528" lon="-71.730433"></trkpt>
<trkpt lat="46.919351" lon="-71.729570"></trkpt>
<trkpt lat="46.918622" lon="-71.727300"></trkpt>
<trkpt lat="46.918523" lon="-71.726559"></trkpt>
<trkpt lat="46.918515" lon="-71.726139"></trkpt>
<trkpt lat="46.918662" lon="-71.724872"></trkpt>
<trkpt lat="46.918788" lon="-71.724524"></trkpt>
<trkpt lat="46.918991" lon="-71.724271"></trkpt>
<trkpt lat="46.919256" lon="-71.724114"></trkpt>
<trkpt lat="46.919399" lon="-71.724069"></trkpt>
<trkpt lat="46.920556" lon="-71.723672"></trkpt>
<trkpt lat="46.920952" lon="-71.723583"></trkpt>
<trkpt lat="46.921276" lon="-71.723586"></trkpt>
<trkpt lat="46.921571" lon="-71.723667"></trkpt>
<trkpt lat="46.922164" lon="-71.724078"></trkpt>
<trkpt lat="46.923553" lon="-71.725475"></trkpt>
<trkpt lat="46.923880" lon="-71.725715"></trkpt>
<trkpt lat="46.924853" lon="-71.726040"></trkpt>
<trkpt lat="46.925503" lon="-71.726336"></trkpt>
<trkpt lat="46.927511" lon="-71.727410"></trkpt>
<trkpt lat="46.928618" lon="-71.728176"></trkpt>
<trkpt lat="46.928963" lon="-71.728416"></trkpt>
<trkpt lat="46.929595" lon="-71.728737"></trkpt>
<trkpt lat="46.929995" lon="-71.728902"></trkpt>
<trkpt lat="46.930401" lon="-71.728883"></trkpt>
<trkpt lat="46.931201" lon="-71.728543"></trkpt>
<trkpt lat="46.931508" lon="-71.728480"></trkpt>
<trkpt lat="46.932204" lon="-71.728667"></trkpt>
<trkpt lat="46.932355" lon="-71.728735"></trkpt>
<trkpt lat="46.932534" lon="-71.728874"></trkpt>
<trkpt lat="46.932974" lon="-71.729475"></trkpt>
<trkpt lat="46.933141" lon="-71.729791"></trkpt>
<trkpt lat="46.933245" lon="-71.730027"></trkpt>
<trkpt lat="46.933445" lon="-71.730667"></trkpt>
<trkpt lat="46.933490" lon="-71.730940"></trkpt>
<trkpt lat="46.933563" lon="-71.731370"></trkpt>
<trkpt lat="46.933730" lon="-71.731917"></trkpt>
<trkpt lat="46.934347" lon="-71.732868"></trkpt>
<trkpt lat="46.935570" lon="-71.734402"></trkpt>
<trkpt lat="46.936090" lon="-71.734862"></trkpt>
<trkpt lat="46.938042" lon="-71.736026"></trkpt>
<trkpt lat="46.939121" lon="-71.736803"></trkpt>
<trkpt lat="46.939404" lon="-71.737041"></trkpt>
<trkpt lat="46.939883" lon="-71.737696"></trkpt>
<trkpt lat="46.940356" lon="-71.738233"></trkpt>
<trkpt lat="46.940631" lon="-71.738391"></trkpt>
<trkpt lat="46.940946" lon="-71.738421"></trkpt>
<trkpt lat="46.941515" lon="-71.738318"></trkpt>
<trkpt lat="46.941775" lon="-71.738358"></trkpt>
<trkpt lat="46.942014" lon="-71.738514"></trkpt>
<trkpt lat="46.942471" lon="-71.738985"></trkpt>
<trkpt lat="46.942710" lon="-71.739154"></trkpt>
<trkpt lat="46.943511" lon="-71.739524"></trkpt>
<trkpt lat="46.943739" lon="-71.739759"></trkpt>
<trkpt lat="46.943930" lon="-71.740058"></trkpt>
<trkpt lat="46.944083" lon="-71.740420"></trkpt>
<trkpt lat="46.944328" lon="-71.741497"></trkpt>
<trkpt lat="46.944571" lon="-71.742246"></trkpt>
<trkpt lat="46.945158" lon="-71.743642"></trkpt>
<trkpt lat="46.945399" lon="-71.744850"></trkpt>
<trkpt lat="46.945403" lon="-71.745642"></trkpt>
<trkpt lat="46.945432" lon="-71.746469"></trkpt>
<trkpt lat="46.945709" lon="-71.749203"></trkpt>
<trkpt lat="46.945686" lon="-71.749561"></trkpt>
<trkpt lat="46.945621" lon="-71.749936"></trkpt>
<trkpt lat="46.945483" lon="-71.750361"></trkpt>
<trkpt lat="46.944440" lon="-71.752735"></trkpt>
<trkpt lat="46.944251" lon="-71.752939"></trkpt>
<trkpt lat="46.944068" lon="-71.753049"></trkpt>
<trkpt lat="46.943927" lon="-71.753092"></trkpt>
<trkpt lat="46.943779" lon="-71.753112"></trkpt>
<trkpt lat="46.943249" lon="-71.753085"></trkpt>
<trkpt lat="46.942351" lon="-71.753354"></trkpt>
<trkpt lat="46.942137" lon="-71.753290"></trkpt>
<trkpt lat="46.941553" lon="-71.752853"></trkpt>
<trkpt lat="46.941316" lon="-71.752802"></trkpt>
<trkpt lat="46.941167" lon="-71.752833"></trkpt>
<trkpt lat="46.940993" lon="-71.752956"></trkpt>
<trkpt lat="46.940852" lon="-71.753172"></trkpt>
<trkpt lat="46.940746" lon="-71.753469"></trkpt>
<trkpt lat="46.940488" lon="-71.754467"></trkpt>
<trkpt lat="46.940370" lon="-71.755276"></trkpt>
<trkpt lat="46.940350" lon="-71.755726"></trkpt>
<trkpt lat="46.940357" lon="-71.756563"></trkpt>
<trkpt lat="46.940472" lon="-71.757370"></trkpt>
<trkpt lat="46.940954" lon="-71.759064"></trkpt>
<trkpt lat="46.941435" lon="-71.761874"></trkpt>
<trkpt lat="46.941542" lon="-71.762287"></trkpt>
<trkpt lat="46.941950" lon="-71.763254"></trkpt>
<trkpt lat="46.942075" lon="-71.763668"></trkpt>
<trkpt lat="46.942248" lon="-71.764715"></trkpt>
<trkpt lat="46.942231" lon="-71.765030"></trkpt>
<trkpt lat="46.942181" lon="-71.765283"></trkpt>
<trkpt lat="46.942066" lon="-71.765547"></trkpt>
<trkpt lat="46.941825" lon="-71.765837"></trkpt>
<trkpt lat="46.941642" lon="-71.765972"></trkpt>
<trkpt lat="46.942143" lon="-71.767561"></trkpt>
<trkpt lat="46.943554" lon="-71.772838"></trkpt>
<trkpt lat="46.943647" lon="-71.773473"></trkpt>
<trkpt lat="46.943621" lon="-71.774904"></trkpt>
<trkpt lat="46.943403" lon="-71.775582"></trkpt>
<trkpt lat="46.943329" lon="-71.775809"></trkpt>
<trkpt lat="46.943067" lon="-71.776597"></trkpt>
<trkpt lat="46.942898" lon="-71.776948"></trkpt>
<trkpt lat="46.942663" lon="-71.777299"></trkpt>
<trkpt lat="46.941647" lon="-71.778260"></trkpt>
<trkpt lat="46.940915" lon="-71.778877"></trkpt>
<trkpt lat="46.940646" lon="-71.779192"></trkpt>
<trkpt lat="46.939730" lon="-71.780590"></trkpt>
<trkpt lat="46.939494" lon="-71.780919"></trkpt>
<trkpt lat="46.938939" lon="-71.781692"></trkpt>
<trkpt lat="46.938217" lon="-71.782508"></trkpt>
<trkpt lat="46.936722" lon="-71.784389"></trkpt>
<trkpt lat="46.935373" lon="-71.786224"></trkpt>
<trkpt lat="46.934176" lon="-71.787307"></trkpt>
<trkpt lat="46.933731" lon="-71.787833"></trkpt>
<trkpt lat="46.932385" lon="-71.789905"></trkpt>
<trkpt lat="46.931892" lon="-71.790576"></trkpt>
<trkpt lat="46.929435" lon="-71.793388"></trkpt>
<trkpt lat="46.928097" lon="-71.794871"></trkpt>
<trkpt lat="46.927259" lon="-71.795655"></trkpt>
<trkpt lat="46.926407" lon="-71.796281"></trkpt>
<trkpt lat="46.925486" lon="-71.796758"></trkpt>
<trkpt lat="46.925294" lon="-71.796904"></trkpt>
<trkpt lat="46.924773" lon="-71.797522"></trkpt>
<trkpt lat="46.923202" lon="-71.799492"></trkpt>
<trkpt lat="46.922741" lon="-71.800097"></trkpt>
<trkpt lat="46.922464" lon="-71.800605"></trkpt>
<trkpt lat="46.922060" lon="-71.801505"></trkpt>
<trkpt lat="46.921590" lon="-71.802256"></trkpt>
<trkpt lat="46.920021" lon="-71.804946"></trkpt>
<trkpt lat="46.919103" lon="-71.806776"></trkpt>
<trkpt lat="46.918534" lon="-71.807768"></trkpt>
<trkpt lat="46.918011" lon="-71.808680"></trkpt>
<trkpt lat="46.916748" lon="-71.810672"></trkpt>
<trkpt lat="46.916240" lon="-71.811311"></trkpt>
<trkpt lat="46.915070" lon="-71.812454"></trkpt>
<trkpt lat="46.914239" lon="-71.813181"></trkpt>
<trkpt lat="46.913554" lon="-71.813643"></trkpt>
<trkpt lat="46.912612" lon="-71.814199"></trkpt>
<trkpt lat="46.912299" lon="-71.814307"></trkpt>
<trkpt lat="46.911414" lon="-71.814567"></trkpt>
<trkpt lat="46.910311" lon="-71.814852"></trkpt>
<trkpt lat="46.909820" lon="-71.815002"></trkpt>
<trkpt lat="46.908994" lon="-71.815296"></trkpt>
<trkpt lat="46.908382" lon="-71.815516"></trkpt>
<trkpt lat="46.906470" lon="-71.816201"></trkpt>
<trkpt lat="46.905738" lon="-71.816320"></trkpt>
<trkpt lat="46.905336" lon="-71.816413"></trkpt>
<trkpt lat="46.904760" lon="-71.816545"></trkpt>
<trkpt lat="46.903886" lon="-71.816959"></trkpt>
<trkpt lat="46.903439" lon="-71.817211"></trkpt>
<trkpt lat="46.902565" lon="-71.817724"></trkpt>
<trkpt lat="46.902037" lon="-71.818080"></trkpt>
<trkpt lat="46.901665" lon="-71.818404"></trkpt>
<trkpt lat="46.901035" lon="-71.819035"></trkpt>
<trkpt lat="46.900871" lon="-71.819238"></trkpt>
<trkpt lat="46.900400" lon="-71.819882"></trkpt>
<trkpt lat="46.900059" lon="-71.820400"></trkpt>
<trkpt lat="46.899630" lon="-71.821006"></trkpt>
<trkpt lat="46.898749" lon="-71.822022"></trkpt>
<trkpt lat="46.898466" lon="-71.822366"></trkpt>
<trkpt lat="46.898220" lon="-71.822651"></trkpt>
<trkpt lat="46.898010" lon="-71.822865"></trkpt>
<trkpt lat="46.897686" lon="-71.823192"></trkpt>
<trkpt lat="46.897143" lon="-71.823766"></trkpt>
<trkpt lat="46.896639" lon="-71.824265"></trkpt>
<trkpt lat="46.896389" lon="-71.824469"></trkpt>
<trkpt lat="46.896039" lon="-71.824677"></trkpt>
<trkpt lat="46.895661" lon="-71.824835"></trkpt>
<trkpt lat="46.895310" lon="-71.825046"></trkpt>
<trkpt lat="46.895120" lon="-71.825225"></trkpt>
<trkpt lat="46.894944" lon="-71.825473"></trkpt>
<trkpt lat="46.894690" lon="-71.825980"></trkpt>
<trkpt lat="46.894591" lon="-71.826174"></trkpt>
<trkpt lat="46.894321" lon="-71.826741"></trkpt>
<trkpt lat="46.893712" lon="-71.827864"></trkpt>
<trkpt lat="46.892428" lon="-71.829899"></trkpt>
<trkpt lat="46.891998" lon="-71.830581"></trkpt>
<trkpt lat="46.890884" lon="-71.832346"></trkpt>
<trkpt lat="46.890785" lon="-71.832503"></trkpt>
<trkpt lat="46.890726" lon="-71.832598"></trkpt>
<trkpt lat="46.890606" lon="-71.832787"></trkpt>
<trkpt lat="46.890440" lon="-71.833050"></trkpt>
<trkpt lat="46.890041" lon="-71.833683"></trkpt>
<trkpt lat="46.889924" lon="-71.833869"></trkpt>
<trkpt lat="46.889837" lon="-71.834006"></trkpt>
<trkpt lat="46.889519" lon="-71.834510"></trkpt>
<trkpt lat="46.889394" lon="-71.834709"></trkpt>
<trkpt lat="46.889025" lon="-71.835293"></trkpt>
<trkpt lat="46.888917" lon="-71.835464"></trkpt>
<trkpt lat="46.888505" lon="-71.834880"></trkpt>
<trkpt lat="46.888319" lon="-71.835682"></trkpt>
<trkpt lat="46.888177" lon="-71.836317"></trkpt>
<trkpt lat="46.887999" lon="-71.837111"></trkpt>
<trkpt lat="46.887361" lon="-71.837826"></trkpt>
<trkpt lat="46.887356" lon="-71.837836"></trkpt>
<trkpt lat="46.887216" lon="-71.838139"></trkpt>
<trkpt lat="46.886811" lon="-71.840057"></trkpt>
<trkpt lat="46.886678" lon="-71.839990"></trkpt>
<trkpt lat="46.886636" lon="-71.839968"></trkpt>
<trkpt lat="46.886625" lon="-71.840045"></trkpt>
<trkpt lat="46.885951" lon="-71.843145"></trkpt>
<trkpt lat="46.885905" lon="-71.843251"></trkpt>
<trkpt lat="46.885713" lon="-71.843528"></trkpt>
<trkpt lat="46.885653" lon="-71.843663"></trkpt>
<trkpt lat="46.885612" lon="-71.843847"></trkpt>
<trkpt lat="46.885581" lon="-71.844178"></trkpt>
<trkpt lat="46.885602" lon="-71.845126"></trkpt>
<trkpt lat="46.885763" lon="-71.846944"></trkpt>
<trkpt lat="46.885770" lon="-71.847049"></trkpt>
<trkpt lat="46.885778" lon="-71.847158"></trkpt>
<trkpt lat="46.885852" lon="-71.848199"></trkpt>
<trkpt lat="46.886183" lon="-71.851960"></trkpt>
<trkpt lat="46.886211" lon="-71.852146"></trkpt>
<trkpt lat="46.886351" lon="-71.852676"></trkpt>
<trkpt lat="46.886384" lon="-71.853128"></trkpt>
<trkpt lat="46.886348" lon="-71.853866"></trkpt>
<trkpt lat="46.886375" lon="-71.854282"></trkpt>
<trkpt lat="46.886434" lon="-71.855141"></trkpt>
<trkpt lat="46.886504" lon="-71.856019"></trkpt>
<trkpt lat="46.886551" lon="-71.856562"></trkpt>
<trkpt lat="46.886567" lon="-71.857148"></trkpt>
<trkpt lat="46.886540" lon="-71.857806"></trkpt>
<trkpt lat="46.886475" lon="-71.858301"></trkpt>
<trkpt lat="46.886410" lon="-71.858722"></trkpt>
<trkpt lat="46.886319" lon="-71.859105"></trkpt>
<trkpt lat="46.886140" lon="-71.859715"></trkpt>
<trkpt lat="46.885951" lon="-71.860197"></trkpt>
<trkpt lat="46.885753" lon="-71.860613"></trkpt>
<trkpt lat="46.885443" lon="-71.861117"></trkpt>
<trkpt lat="46.885182" lon="-71.861515"></trkpt>
<trkpt lat="46.884574" lon="-71.862303"></trkpt>
<trkpt lat="46.883529" lon="-71.863352"></trkpt>
<trkpt lat="46.882519" lon="-71.864306"></trkpt>
<trkpt lat="46.882066" lon="-71.864805"></trkpt>
<trkpt lat="46.881775" lon="-71.865231"></trkpt>
<trkpt lat="46.881344" lon="-71.865906"></trkpt>
<trkpt lat="46.880215" lon="-71.867992"></trkpt>
<trkpt lat="46.877330" lon="-71.873143"></trkpt>
<trkpt lat="46.875152" lon="-71.876997"></trkpt>
<trkpt lat="46.875064" lon="-71.877152"></trkpt>
<trkpt lat="46.874881" lon="-71.877596"></trkpt>
<trkpt lat="46.874668" lon="-71.878226"></trkpt>
<trkpt lat="46.874474" lon="-71.878979"></trkpt>
<trkpt lat="46.874336" lon="-71.879754"></trkpt>
<trkpt lat="46.874255" lon="-71.880507"></trkpt>
<trkpt lat="46.874219" lon="-71.881181"></trkpt>
<trkpt lat="46.874210" lon="-71.881987"></trkpt>
<trkpt lat="46.874273" lon="-71.885748"></trkpt>
<trkpt lat="46.874276" lon="-71.885823"></trkpt>
<trkpt lat="46.874276" lon="-71.885919"></trkpt>
<trkpt lat="46.874344" lon="-71.895131"></trkpt>
<trkpt lat="46.874370" lon="-71.895931"></trkpt>
<trkpt lat="46.874491" lon="-71.897076"></trkpt>
<trkpt lat="46.874667" lon="-71.897938"></trkpt>
<trkpt lat="46.875561" lon="-71.901711"></trkpt>
<trkpt lat="46.875572" lon="-71.901757"></trkpt>
<trkpt lat="46.875595" lon="-71.901848"></trkpt>
<trkpt lat="46.880816" lon="-71.923488"></trkpt>
<trkpt lat="46.880978" lon="-71.924181"></trkpt>
<trkpt lat="46.881074" lon="-71.924735"></trkpt>
<trkpt lat="46.881136" lon="-71.925186"></trkpt>
<trkpt lat="46.881177" lon="-71.925753"></trkpt>
<trkpt lat="46.881452" lon="-71.935022"></trkpt>
<trkpt lat="46.881549" lon="-71.935743"></trkpt>
<trkpt lat="46.881639" lon="-71.936179"></trkpt>
<trkpt lat="46.881803" lon="-71.936787"></trkpt>
<trkpt lat="46.882013" lon="-71.937322"></trkpt>
<trkpt lat="46.882317" lon="-71.937946"></trkpt>
<trkpt lat="46.882689" lon="-71.938519"></trkpt>
<trkpt lat="46.882909" lon="-71.938793"></trkpt>
<trkpt lat="46.883346" lon="-71.939233"></trkpt>
<trkpt lat="46.883814" lon="-71.939597"></trkpt>
<trkpt lat="46.884375" lon="-71.939872"></trkpt>
<trkpt lat="46.884668" lon="-71.939968"></trkpt>
<trkpt lat="46.885191" lon="-71.940069"></trkpt>
<trkpt lat="46.885460" lon="-71.940073"></trkpt>
<trkpt lat="46.885813" lon="-71.940027"></trkpt>
<trkpt lat="46.890152" lon="-71.939202"></trkpt>
<trkpt lat="46.897666" lon="-71.937733"></trkpt>
<trkpt lat="46.898561" lon="-71.937648"></trkpt>
<trkpt lat="46.898977" lon="-71.937716"></trkpt>
<trkpt lat="46.899344" lon="-71.937832"></trkpt>
<trkpt lat="46.899682" lon="-71.938004"></trkpt>
<trkpt lat="46.900050" lon="-71.938261"></trkpt>
<trkpt lat="46.900313" lon="-71.938515"></trkpt>
<trkpt lat="46.900630" lon="-71.938911"></trkpt>
<trkpt lat="46.900855" lon="-71.939198"></trkpt>
<trkpt lat="46.904149" lon="-71.943342"></trkpt>
<trkpt lat="46.904171" lon="-71.943369"></trkpt>
<trkpt lat="46.904202" lon="-71.943404"></trkpt>
<trkpt lat="46.904680" lon="-71.944029"></trkpt>
<trkpt lat="46.904952" lon="-71.944447"></trkpt>
<trkpt lat="46.905320" lon="-71.945107"></trkpt>
<trkpt lat="46.905665" lon="-71.945911"></trkpt>
<trkpt lat="46.905891" lon="-71.946639"></trkpt>
<trkpt lat="46.906074" lon="-71.947409"></trkpt>
<trkpt lat="46.906256" lon="-71.948743"></trkpt>
<trkpt lat="46.906260" lon="-71.948791"></trkpt>
<trkpt lat="46.906266" lon="-71.948855"></trkpt>
<trkpt lat="46.906975" lon="-71.956343"></trkpt>
<trkpt lat="46.907944" lon="-71.966770"></trkpt>
<trkpt lat="46.908414" lon="-71.971727"></trkpt>
<trkpt lat="46.908379" lon="-71.972074"></trkpt>
<trkpt lat="46.908435" lon="-71.972164"></trkpt>
<trkpt lat="46.908477" lon="-71.972203"></trkpt>
<trkpt lat="46.908511" lon="-71.972235"></trkpt>
<trkpt lat="46.908538" lon="-71.972291"></trkpt>
<trkpt lat="46.908487" lon="-71.972745"></trkpt>
<trkpt lat="46.908432" lon="-71.974275"></trkpt>
<trkpt lat="46.908356" lon="-71.975126"></trkpt>
<trkpt lat="46.908269" lon="-71.975761"></trkpt>
<trkpt lat="46.907507" lon="-71.979922"></trkpt>
<trkpt lat="46.907047" lon="-71.982182"></trkpt>
<trkpt lat="46.906849" lon="-71.983152"></trkpt>
<trkpt lat="46.906808" lon="-71.983345"></trkpt>
<trkpt lat="46.906492" lon="-71.984968"></trkpt>
<trkpt lat="46.905458" lon="-71.990259"></trkpt>
<trkpt lat="46.905295" lon="-71.991417"></trkpt>
<trkpt lat="46.905212" lon="-71.992410"></trkpt>
<trkpt lat="46.905035" lon="-71.995684"></trkpt>
<trkpt lat="46.904933" lon="-71.996624"></trkpt>
<trkpt lat="46.904709" lon="-71.997523"></trkpt>
<trkpt lat="46.903917" lon="-71.999996"></trkpt>
<trkpt lat="46.903839" lon="-72.000390"></trkpt>
<trkpt lat="46.903713" lon="-72.001336"></trkpt>
<trkpt lat="46.903690" lon="-72.001692"></trkpt>
<trkpt lat="46.903698" lon="-72.002268"></trkpt>
<trkpt lat="46.903780" lon="-72.003095"></trkpt>
<trkpt lat="46.903844" lon="-72.003471"></trkpt>
<trkpt lat="46.904569" lon="-72.006863"></trkpt>
<trkpt lat="46.904696" lon="-72.007515"></trkpt>
<trkpt lat="46.904736" lon="-72.007733"></trkpt>
<trkpt lat="46.904852" lon="-72.008299"></trkpt>
<trkpt lat="46.905037" lon="-72.009042"></trkpt>
<trkpt lat="46.905166" lon="-72.009685"></trkpt>
<trkpt lat="46.905320" lon="-72.010759"></trkpt>
<trkpt lat="46.906003" lon="-72.016138"></trkpt>
<trkpt lat="46.906070" lon="-72.016537"></trkpt>
<trkpt lat="46.906143" lon="-72.016935"></trkpt>
<trkpt lat="46.906448" lon="-72.018219"></trkpt>
<trkpt lat="46.907175" lon="-72.021160"></trkpt>
<trkpt lat="46.907200" lon="-72.021239"></trkpt>
<trkpt lat="46.907174" lon="-72.021400"></trkpt>
<trkpt lat="46.907167" lon="-72.021491"></trkpt>
<trkpt lat="46.907161" lon="-72.021553"></trkpt>
<trkpt lat="46.907160" lon="-72.021661"></trkpt>
<trkpt lat="46.907169" lon="-72.021755"></trkpt>
<trkpt lat="46.907419" lon="-72.022250"></trkpt>
<trkpt lat="46.907520" lon="-72.022538"></trkpt>
<trkpt lat="46.908356" lon="-72.025908"></trkpt>
<trkpt lat="46.908583" lon="-72.026702"></trkpt>
<trkpt lat="46.910367" lon="-72.031255"></trkpt>
<trkpt lat="46.910921" lon="-72.033705"></trkpt>
<trkpt lat="46.911176" lon="-72.034452"></trkpt>
<trkpt lat="46.911450" lon="-72.035098"></trkpt>
<trkpt lat="46.911686" lon="-72.035586"></trkpt>
<trkpt lat="46.911928" lon="-72.036086"></trkpt>
<trkpt lat="46.912083" lon="-72.036541"></trkpt>
<trkpt lat="46.912177" lon="-72.036952"></trkpt>
<trkpt lat="46.912248" lon="-72.037413"></trkpt>
<trkpt lat="46.912277" lon="-72.037840"></trkpt>
<trkpt lat="46.912244" lon="-72.038511"></trkpt>
<trkpt lat="46.912203" lon="-72.038992"></trkpt>
<trkpt lat="46.912110" lon="-72.039589"></trkpt>
<trkpt lat="46.911946" lon="-72.040210"></trkpt>
<trkpt lat="46.911719" lon="-72.040656"></trkpt>
<trkpt lat="46.910607" lon="-72.042402"></trkpt>
<trkpt lat="46.910353" lon="-72.042916"></trkpt>
<trkpt lat="46.910123" lon="-72.043907"></trkpt>
<trkpt lat="46.910075" lon="-72.044493"></trkpt>
<trkpt lat="46.910108" lon="-72.045076"></trkpt>
<trkpt lat="46.910191" lon="-72.045753"></trkpt>
<trkpt lat="46.910333" lon="-72.046238"></trkpt>
<trkpt lat="46.910506" lon="-72.046666"></trkpt>
<trkpt lat="46.911803" lon="-72.049312"></trkpt>
<trkpt lat="46.911970" lon="-72.049833"></trkpt>
<trkpt lat="46.912131" lon="-72.050487"></trkpt>
<trkpt lat="46.912272" lon="-72.051273"></trkpt>
<trkpt lat="46.912521" lon="-72.052898"></trkpt>
<trkpt lat="46.912629" lon="-72.053362"></trkpt>
<trkpt lat="46.912799" lon="-72.053847"></trkpt>
<trkpt lat="46.913112" lon="-72.054577"></trkpt>
<trkpt lat="46.913302" lon="-72.055089"></trkpt>
<trkpt lat="46.913531" lon="-72.056109"></trkpt>
<trkpt lat="46.913843" lon="-72.057861"></trkpt>
<trkpt lat="46.913935" lon="-72.058253"></trkpt>
<trkpt lat="46.914367" lon="-72.059423"></trkpt>
<trkpt lat="46.914606" lon="-72.060202"></trkpt>
<trkpt lat="46.914719" lon="-72.060636"></trkpt>
<trkpt lat="46.915124" lon="-72.062536"></trkpt>
<trkpt lat="46.915843" lon="-72.065161"></trkpt>
<trkpt lat="46.915910" lon="-72.065484"></trkpt>
<trkpt lat="46.915962" lon="-72.065886"></trkpt>
<trkpt lat="46.915984" lon="-72.066839"></trkpt>
<trkpt lat="46.915829" lon="-72.067701"></trkpt>
<trkpt lat="46.915563" lon="-72.068405"></trkpt>
<trkpt lat="46.914828" lon="-72.069808"></trkpt>
<trkpt lat="46.914498" lon="-72.070828"></trkpt>
<trkpt lat="46.914390" lon="-72.071359"></trkpt>
<trkpt lat="46.914338" lon="-72.071791"></trkpt>
<trkpt lat="46.914327" lon="-72.072452"></trkpt>
<trkpt lat="46.914363" lon="-72.076641"></trkpt>
<trkpt lat="46.914384" lon="-72.077168"></trkpt>
<trkpt lat="46.914446" lon="-72.077841"></trkpt>
<trkpt lat="46.914667" lon="-72.078966"></trkpt>
<trkpt lat="46.916561" lon="-72.084979"></trkpt>
<trkpt lat="46.917882" lon="-72.089015"></trkpt>
<trkpt lat="46.918004" lon="-72.089421"></trkpt>
<trkpt lat="46.918153" lon="-72.090135"></trkpt>
<trkpt lat="46.918260" lon="-72.090764"></trkpt>
<trkpt lat="46.918293" lon="-72.091206"></trkpt>
<trkpt lat="46.918247" lon="-72.092126"></trkpt>
<trkpt lat="46.918178" lon="-72.092606"></trkpt>
<trkpt lat="46.917757" lon="-72.094664"></trkpt>
<trkpt lat="46.917698" lon="-72.095050"></trkpt>
<trkpt lat="46.917660" lon="-72.095558"></trkpt>
<trkpt lat="46.917661" lon="-72.095895"></trkpt>
<trkpt lat="46.917730" lon="-72.096450"></trkpt>
<trkpt lat="46.917800" lon="-72.096786"></trkpt>
<trkpt lat="46.917917" lon="-72.097111"></trkpt>
<trkpt lat="46.918608" lon="-72.098586"></trkpt>
<trkpt lat="46.918756" lon="-72.098994"></trkpt>
<trkpt lat="46.918839" lon="-72.099319"></trkpt>
<trkpt lat="46.918903" lon="-72.099692"></trkpt>
<trkpt lat="46.918941" lon="-72.100194"></trkpt>
<trkpt lat="46.919102" lon="-72.103444"></trkpt>
<trkpt lat="46.919227" lon="-72.104466"></trkpt>
<trkpt lat="46.919460" lon="-72.105377"></trkpt>
<trkpt lat="46.919693" lon="-72.105864"></trkpt>
<trkpt lat="46.920101" lon="-72.106553"></trkpt>
<trkpt lat="46.920440" lon="-72.107003"></trkpt>
<trkpt lat="46.920809" lon="-72.107406"></trkpt>
<trkpt lat="46.921160" lon="-72.107697"></trkpt>
<trkpt lat="46.921655" lon="-72.108033"></trkpt>
<trkpt lat="46.923832" lon="-72.109358"></trkpt>
<trkpt lat="46.924784" lon="-72.109948"></trkpt>
<trkpt lat="46.925206" lon="-72.110320"></trkpt>
<trkpt lat="46.925420" lon="-72.110580"></trkpt>
<trkpt lat="46.925615" lon="-72.110882"></trkpt>
<trkpt lat="46.925855" lon="-72.111416"></trkpt>
<trkpt lat="46.926027" lon="-72.111933"></trkpt>
<trkpt lat="46.926127" lon="-72.112420"></trkpt>
<trkpt lat="46.926185" lon="-72.113351"></trkpt>
<trkpt lat="46.926266" lon="-72.116611"></trkpt>
<trkpt lat="46.926336" lon="-72.117091"></trkpt>
<trkpt lat="46.926442" lon="-72.117535"></trkpt>
<trkpt lat="46.926853" lon="-72.118366"></trkpt>
<trkpt lat="46.927200" lon="-72.118776"></trkpt>
<trkpt lat="46.927495" lon="-72.118974"></trkpt>
<trkpt lat="46.929211" lon="-72.119818"></trkpt>
<trkpt lat="46.929574" lon="-72.120090"></trkpt>
<trkpt lat="46.929707" lon="-72.120222"></trkpt>
<trkpt lat="46.930039" lon="-72.120644"></trkpt>
<trkpt lat="46.930820" lon="-72.121837"></trkpt>
<trkpt lat="46.931027" lon="-72.122172"></trkpt>
<trkpt lat="46.931401" lon="-72.122782"></trkpt>
<trkpt lat="46.932604" lon="-72.124735"></trkpt>
<trkpt lat="46.932823" lon="-72.125055"></trkpt>
<trkpt lat="46.933299" lon="-72.125590"></trkpt>
<trkpt lat="46.933603" lon="-72.125833"></trkpt>
<trkpt lat="46.933798" lon="-72.125936"></trkpt>
<trkpt lat="46.934368" lon="-72.126167"></trkpt>
<trkpt lat="46.935574" lon="-72.126441"></trkpt>
<trkpt lat="46.935743" lon="-72.126495"></trkpt>
<trkpt lat="46.936130" lon="-72.126756"></trkpt>
<trkpt lat="46.936323" lon="-72.126948"></trkpt>
<trkpt lat="46.936655" lon="-72.127426"></trkpt>
<trkpt lat="46.936762" lon="-72.127639"></trkpt>
<trkpt lat="46.936950" lon="-72.128138"></trkpt>
<trkpt lat="46.937305" lon="-72.129786"></trkpt>
<trkpt lat="46.937525" lon="-72.130414"></trkpt>
<trkpt lat="46.937808" lon="-72.130892"></trkpt>
<trkpt lat="46.938139" lon="-72.131255"></trkpt>
<trkpt lat="46.938643" lon="-72.131573"></trkpt>
<trkpt lat="46.941540" lon="-72.133076"></trkpt>
<trkpt lat="46.942536" lon="-72.133621"></trkpt>
<trkpt lat="46.942920" lon="-72.133743"></trkpt>
<trkpt lat="46.943707" lon="-72.133845"></trkpt>
<trkpt lat="46.943956" lon="-72.133910"></trkpt>
<trkpt lat="46.944314" lon="-72.134082"></trkpt>
<trkpt lat="46.944547" lon="-72.134284"></trkpt>
<trkpt lat="46.944888" lon="-72.134670"></trkpt>
<trkpt lat="46.945292" lon="-72.135267"></trkpt>
<trkpt lat="46.945698" lon="-72.135974"></trkpt>
<trkpt lat="46.945981" lon="-72.136645"></trkpt>
<trkpt lat="46.946086" lon="-72.137328"></trkpt>
<trkpt lat="46.946104" lon="-72.137876"></trkpt>
<trkpt lat="46.946044" lon="-72.138409"></trkpt>
<trkpt lat="46.945902" lon="-72.139161"></trkpt>
<trkpt lat="46.945868" lon="-72.139907"></trkpt>
<trkpt lat="46.945906" lon="-72.140610"></trkpt>
<trkpt lat="46.945963" lon="-72.141068"></trkpt>
<trkpt lat="46.946153" lon="-72.141527"></trkpt>
<trkpt lat="46.946427" lon="-72.141993"></trkpt>
<trkpt lat="46.947175" lon="-72.143133"></trkpt>
<trkpt lat="46.947403" lon="-72.143699"></trkpt>
<trkpt lat="46.947545" lon="-72.144268"></trkpt>
<trkpt lat="46.947622" lon="-72.144963"></trkpt>
<trkpt lat="46.947698" lon="-72.145270"></trkpt>
<trkpt lat="46.947833" lon="-72.145651"></trkpt>
<trkpt lat="46.948225" lon="-72.146467"></trkpt>
<trkpt lat="46.948365" lon="-72.146845"></trkpt>
<trkpt lat="46.948467" lon="-72.147236"></trkpt>
<trkpt lat="46.948520" lon="-72.147547"></trkpt>
<trkpt lat="46.948570" lon="-72.148076"></trkpt>
<trkpt lat="46.948552" lon="-72.148626"></trkpt>
<trkpt lat="46.948476" lon="-72.149283"></trkpt>
<trkpt lat="46.948374" lon="-72.149917"></trkpt>
<trkpt lat="46.947791" lon="-72.151991"></trkpt>
<trkpt lat="46.947661" lon="-72.152840"></trkpt>
<trkpt lat="46.947656" lon="-72.153190"></trkpt>
<trkpt lat="46.948034" lon="-72.157194"></trkpt>
<trkpt lat="46.948034" lon="-72.157814"></trkpt>
<trkpt lat="46.947959" lon="-72.158384"></trkpt>
<trkpt lat="46.947593" lon="-72.159892"></trkpt>
<trkpt lat="46.947468" lon="-72.160735"></trkpt>
<trkpt lat="46.947290" lon="-72.163662"></trkpt>
<trkpt lat="46.947346" lon="-72.164275"></trkpt>
<trkpt lat="46.947473" lon="-72.164881"></trkpt>
<trkpt lat="46.947649" lon="-72.165353"></trkpt>
<trkpt lat="46.948148" lon="-72.166986"></trkpt>
<trkpt lat="46.948249" lon="-72.167401"></trkpt>
<trkpt lat="46.948434" lon="-72.168592"></trkpt>
<trkpt lat="46.948637" lon="-72.169389"></trkpt>
<trkpt lat="46.948772" lon="-72.169649"></trkpt>
<trkpt lat="46.948982" lon="-72.169948"></trkpt>
<trkpt lat="46.949209" lon="-72.170216"></trkpt>
<trkpt lat="46.949629" lon="-72.170545"></trkpt>
<trkpt lat="46.949849" lon="-72.170640"></trkpt>
<trkpt lat="46.950158" lon="-72.170700"></trkpt>
<trkpt lat="46.952006" lon="-72.170785"></trkpt>
<trkpt lat="46.952405" lon="-72.170844"></trkpt>
<trkpt lat="46.952893" lon="-72.171004"></trkpt>
<trkpt lat="46.953621" lon="-72.171395"></trkpt>
<trkpt lat="46.957031" lon="-72.173419"></trkpt>
<trkpt lat="46.958962" lon="-72.174552"></trkpt>
<trkpt lat="46.959640" lon="-72.174875"></trkpt>
<trkpt lat="46.960018" lon="-72.174995"></trkpt>
<trkpt lat="46.961354" lon="-72.175119"></trkpt>
<trkpt lat="46.961623" lon="-72.175184"></trkpt>
<trkpt lat="46.961927" lon="-72.175294"></trkpt>
<trkpt lat="46.962211" lon="-72.175443"></trkpt>
<trkpt lat="46.962774" lon="-72.175809"></trkpt>
<trkpt lat="46.965292" lon="-72.177644"></trkpt>
<trkpt lat="46.965888" lon="-72.178114"></trkpt>
<trkpt lat="46.966113" lon="-72.178353"></trkpt>
<trkpt lat="46.966810" lon="-72.179325"></trkpt>
<trkpt lat="46.968530" lon="-72.181596"></trkpt>
<trkpt lat="46.968853" lon="-72.181976"></trkpt>
<trkpt lat="46.969072" lon="-72.182175"></trkpt>
<trkpt lat="46.969361" lon="-72.182359"></trkpt>
<trkpt lat="46.969603" lon="-72.182458"></trkpt>
<trkpt lat="46.969805" lon="-72.182509"></trkpt>
<trkpt lat="46.970049" lon="-72.182514"></trkpt>
<trkpt lat="46.970363" lon="-72.182469"></trkpt>
<trkpt lat="46.971673" lon="-72.182197"></trkpt>
<trkpt lat="46.972267" lon="-72.181997"></trkpt>
<trkpt lat="46.972700" lon="-72.181702"></trkpt>
<trkpt lat="46.973250" lon="-72.181155"></trkpt>
<trkpt lat="46.973741" lon="-72.180546"></trkpt>
<trkpt lat="46.973964" lon="-72.180162"></trkpt>
<trkpt lat="46.974688" lon="-72.178657"></trkpt>
<trkpt lat="46.975077" lon="-72.177920"></trkpt>
<trkpt lat="46.975630" lon="-72.176993"></trkpt>
<trkpt lat="46.975795" lon="-72.176783"></trkpt>
<trkpt lat="46.976079" lon="-72.176493"></trkpt>
<trkpt lat="46.976464" lon="-72.176249"></trkpt>
<trkpt lat="46.976654" lon="-72.176167"></trkpt>
<trkpt lat="46.977006" lon="-72.176083"></trkpt>
<trkpt lat="46.977319" lon="-72.176087"></trkpt>
<trkpt lat="46.978050" lon="-72.176266"></trkpt>
<trkpt lat="46.978140" lon="-72.176337"></trkpt>
<trkpt lat="46.978322" lon="-72.176868"></trkpt>
<trkpt lat="46.978341" lon="-72.176893"></trkpt>
<trkpt lat="46.978372" lon="-72.176870"></trkpt>
<trkpt lat="46.978411" lon="-72.176836"></trkpt>
<trkpt lat="46.978627" lon="-72.177437"></trkpt>
<trkpt lat="46.978851" lon="-72.177973"></trkpt>
<trkpt lat="46.978632" lon="-72.178063"></trkpt>
<trkpt lat="46.978338" lon="-72.178100"></trkpt>
<trkpt lat="46.978231" lon="-72.178076"></trkpt>
<trkpt lat="46.977599" lon="-72.177752"></trkpt>
<trkpt lat="46.976784" lon="-72.177344"></trkpt>
<trkpt lat="46.976425" lon="-72.177309"></trkpt>
<trkpt lat="46.976213" lon="-72.177342"></trkpt>
<trkpt lat="46.975992" lon="-72.177457"></trkpt>
<trkpt lat="46.975893" lon="-72.177543"></trkpt>
<trkpt lat="46.975656" lon="-72.177862"></trkpt>
<trkpt lat="46.975530" lon="-72.178077"></trkpt>
<trkpt lat="46.975256" lon="-72.178651"></trkpt>
<trkpt lat="46.975247" lon="-72.178678"></trkpt>
<trkpt lat="46.974877" lon="-72.179721"></trkpt>
<trkpt lat="46.974784" lon="-72.179980"></trkpt>
<trkpt lat="46.974421" lon="-72.181096"></trkpt>
<trkpt lat="46.974377" lon="-72.181343"></trkpt>
<trkpt lat="46.974266" lon="-72.182341"></trkpt>
<trkpt lat="46.974123" lon="-72.183403"></trkpt>
<trkpt lat="46.973859" lon="-72.184624"></trkpt>
<trkpt lat="46.973709" lon="-72.185126"></trkpt>
<trkpt lat="46.973438" lon="-72.185822"></trkpt>
<trkpt lat="46.972965" lon="-72.186784"></trkpt>
<trkpt lat="46.972674" lon="-72.187284"></trkpt>
<trkpt lat="46.971930" lon="-72.188283"></trkpt>
<trkpt lat="46.971754" lon="-72.188481"></trkpt>
<trkpt lat="46.971345" lon="-72.188862"></trkpt>
<trkpt lat="46.971044" lon="-72.189030"></trkpt>
<trkpt lat="46.970386" lon="-72.189324"></trkpt>
<trkpt lat="46.967879" lon="-72.190172"></trkpt>
<trkpt lat="46.967720" lon="-72.190177"></trkpt>
<trkpt lat="46.967573" lon="-72.190128"></trkpt>
<trkpt lat="46.966366" lon="-72.189569"></trkpt>
<trkpt lat="46.966035" lon="-72.189500"></trkpt>
<trkpt lat="46.965587" lon="-72.189465"></trkpt>
<trkpt lat="46.964872" lon="-72.189538"></trkpt>
<trkpt lat="46.964557" lon="-72.189632"></trkpt>
<trkpt lat="46.964225" lon="-72.189803"></trkpt>
<trkpt lat="46.963969" lon="-72.190008"></trkpt>
<trkpt lat="46.963697" lon="-72.190299"></trkpt>
<trkpt lat="46.963413" lon="-72.190725"></trkpt>
<trkpt lat="46.963006" lon="-72.191468"></trkpt>
<trkpt lat="46.961510" lon="-72.194301"></trkpt>
<trkpt lat="46.961262" lon="-72.194871"></trkpt>
<trkpt lat="46.961186" lon="-72.195144"></trkpt>
<trkpt lat="46.961144" lon="-72.195460"></trkpt>
<trkpt lat="46.961068" lon="-72.196469"></trkpt>
<trkpt lat="46.961086" lon="-72.197344"></trkpt>
<trkpt lat="46.961141" lon="-72.198220"></trkpt>
<trkpt lat="46.961304" lon="-72.199586"></trkpt>
<trkpt lat="46.961463" lon="-72.200591"></trkpt>
<trkpt lat="46.961530" lon="-72.201272"></trkpt>
<trkpt lat="46.961533" lon="-72.201481"></trkpt>
<trkpt lat="46.961503" lon="-72.201705"></trkpt>
<trkpt lat="46.961356" lon="-72.202169"></trkpt>
<trkpt lat="46.961039" lon="-72.202824"></trkpt>
<trkpt lat="46.960831" lon="-72.203129"></trkpt>
<trkpt lat="46.960594" lon="-72.203378"></trkpt>
<trkpt lat="46.960414" lon="-72.203501"></trkpt>
<trkpt lat="46.959867" lon="-72.203760"></trkpt>
<trkpt lat="46.958476" lon="-72.204254"></trkpt>
<trkpt lat="46.958295" lon="-72.204348"></trkpt>
<trkpt lat="46.958148" lon="-72.204466"></trkpt>
<trkpt lat="46.957808" lon="-72.204856"></trkpt>
<trkpt lat="46.957254" lon="-72.205805"></trkpt>
<trkpt lat="46.957047" lon="-72.206196"></trkpt>
<trkpt lat="46.956910" lon="-72.206454"></trkpt>
<trkpt lat="46.956610" lon="-72.207015"></trkpt>
<trkpt lat="46.956103" lon="-72.208243"></trkpt>
<trkpt lat="46.955401" lon="-72.209406"></trkpt>
<trkpt lat="46.955316" lon="-72.209659"></trkpt>
<trkpt lat="46.954588" lon="-72.212771"></trkpt>
<trkpt lat="46.954481" lon="-72.213053"></trkpt>
<trkpt lat="46.953841" lon="-72.214459"></trkpt>
<trkpt lat="46.953118" lon="-72.215914"></trkpt>
<trkpt lat="46.952998" lon="-72.216284"></trkpt>
<trkpt lat="46.952947" lon="-72.216618"></trkpt>
<trkpt lat="46.952926" lon="-72.217563"></trkpt>
<trkpt lat="46.952833" lon="-72.218959"></trkpt>
<trkpt lat="46.952843" lon="-72.219260"></trkpt>
<trkpt lat="46.952984" lon="-72.220396"></trkpt>
<trkpt lat="46.953107" lon="-72.221338"></trkpt>
<trkpt lat="46.953203" lon="-72.221850"></trkpt>
<trkpt lat="46.953354" lon="-72.222362"></trkpt>
<trkpt lat="46.953644" lon="-72.223184"></trkpt>
<trkpt lat="46.953943" lon="-72.223741"></trkpt>
<trkpt lat="46.954314" lon="-72.224139"></trkpt>
<trkpt lat="46.954857" lon="-72.224590"></trkpt>
<trkpt lat="46.955355" lon="-72.225108"></trkpt>
<trkpt lat="46.956813" lon="-72.227084"></trkpt>
<trkpt lat="46.957184" lon="-72.227708"></trkpt>
<trkpt lat="46.957429" lon="-72.228251"></trkpt>
<trkpt lat="46.957592" lon="-72.228729"></trkpt>
<trkpt lat="46.957809" lon="-72.229949"></trkpt>
<trkpt lat="46.958017" lon="-72.230798"></trkpt>
<trkpt lat="46.958633" lon="-72.232722"></trkpt>
<trkpt lat="46.958714" lon="-72.233226"></trkpt>
<trkpt lat="46.958760" lon="-72.233916"></trkpt>
<trkpt lat="46.958771" lon="-72.236203"></trkpt>
<trkpt lat="46.958696" lon="-72.236629"></trkpt>
<trkpt lat="46.958572" lon="-72.237077"></trkpt>
<trkpt lat="46.958403" lon="-72.237500"></trkpt>
<trkpt lat="46.958263" lon="-72.237957"></trkpt>
<trkpt lat="46.957963" lon="-72.239381"></trkpt>
<trkpt lat="46.957564" lon="-72.241026"></trkpt>
<trkpt lat="46.957338" lon="-72.241689"></trkpt>
<trkpt lat="46.957076" lon="-72.242286"></trkpt>
<trkpt lat="46.956062" lon="-72.243917"></trkpt>
<trkpt lat="46.955672" lon="-72.244408"></trkpt>
<trkpt lat="46.955265" lon="-72.244740"></trkpt>
<trkpt lat="46.954894" lon="-72.245018"></trkpt>
<trkpt lat="46.954450" lon="-72.245217"></trkpt>
<trkpt lat="46.953979" lon="-72.245310"></trkpt>
<trkpt lat="46.953689" lon="-72.245416"></trkpt>
<trkpt lat="46.951353" lon="-72.246822"></trkpt>
<trkpt lat="46.951018" lon="-72.246995"></trkpt>
<trkpt lat="46.949841" lon="-72.247300"></trkpt>
<trkpt lat="46.949370" lon="-72.247579"></trkpt>
<trkpt lat="46.948981" lon="-72.247976"></trkpt>
<trkpt lat="46.948628" lon="-72.248481"></trkpt>
<trkpt lat="46.948374" lon="-72.249117"></trkpt>
<trkpt lat="46.948238" lon="-72.249794"></trkpt>
<trkpt lat="46.948202" lon="-72.250444"></trkpt>
<trkpt lat="46.948229" lon="-72.251054"></trkpt>
<trkpt lat="46.948157" lon="-72.251664"></trkpt>
<trkpt lat="46.947994" lon="-72.252208"></trkpt>
<trkpt lat="46.947822" lon="-72.252725"></trkpt>
<trkpt lat="46.947623" lon="-72.253097"></trkpt>
<trkpt lat="46.947333" lon="-72.253428"></trkpt>
<trkpt lat="46.947007" lon="-72.253654"></trkpt>
<trkpt lat="46.946382" lon="-72.253985"></trkpt>
<trkpt lat="46.946002" lon="-72.254357"></trkpt>
<trkpt lat="46.945540" lon="-72.254994"></trkpt>
<trkpt lat="46.944199" lon="-72.256546"></trkpt>
<trkpt lat="46.943846" lon="-72.256890"></trkpt>
<trkpt lat="46.943457" lon="-72.257143"></trkpt>
<trkpt lat="46.942995" lon="-72.257355"></trkpt>
<trkpt lat="46.942089" lon="-72.257474"></trkpt>
<trkpt lat="46.941627" lon="-72.257633"></trkpt>
<trkpt lat="46.940876" lon="-72.258005"></trkpt>
<trkpt lat="46.940597" lon="-72.258212"></trkpt>
<trkpt lat="46.940287" lon="-72.258443"></trkpt>
<trkpt lat="46.939898" lon="-72.258841"></trkpt>
<trkpt lat="46.939408" lon="-72.259570"></trkpt>
<trkpt lat="46.938865" lon="-72.260565"></trkpt>
<trkpt lat="46.938657" lon="-72.261255"></trkpt>
<trkpt lat="46.938539" lon="-72.262011"></trkpt>
<trkpt lat="46.938430" lon="-72.262966"></trkpt>
<trkpt lat="46.938304" lon="-72.263629"></trkpt>
<trkpt lat="46.938141" lon="-72.264279"></trkpt>
<trkpt lat="46.937914" lon="-72.264982"></trkpt>
<trkpt lat="46.937543" lon="-72.265990"></trkpt>
<trkpt lat="46.937226" lon="-72.266786"></trkpt>
<trkpt lat="46.936746" lon="-72.267821"></trkpt>
<trkpt lat="46.936492" lon="-72.268471"></trkpt>
<trkpt lat="46.936311" lon="-72.269187"></trkpt>
<trkpt lat="46.936238" lon="-72.269970"></trkpt>
<trkpt lat="46.936257" lon="-72.272769"></trkpt>
<trkpt lat="46.936275" lon="-72.273167"></trkpt>
<trkpt lat="46.936365" lon="-72.273578"></trkpt>
<trkpt lat="46.936574" lon="-72.274281"></trkpt>
<trkpt lat="46.936628" lon="-72.274652"></trkpt>
<trkpt lat="46.936555" lon="-72.275647"></trkpt>
<trkpt lat="46.936411" lon="-72.276443"></trkpt>
<trkpt lat="46.936229" lon="-72.277027"></trkpt>
<trkpt lat="46.935162" lon="-72.279760"></trkpt>
<trkpt lat="46.934862" lon="-72.280529"></trkpt>
<trkpt lat="46.934644" lon="-72.281179"></trkpt>
<trkpt lat="46.934572" lon="-72.281961"></trkpt>
<trkpt lat="46.934499" lon="-72.283288"></trkpt>
<trkpt lat="46.934436" lon="-72.284031"></trkpt>
<trkpt lat="46.934291" lon="-72.284734"></trkpt>
<trkpt lat="46.933956" lon="-72.285768"></trkpt>
<trkpt lat="46.933902" lon="-72.286034"></trkpt>
<trkpt lat="46.933965" lon="-72.286604"></trkpt>
<trkpt lat="46.933929" lon="-72.286843"></trkpt>
<trkpt lat="46.933104" lon="-72.290146"></trkpt>
<trkpt lat="46.932842" lon="-72.291048"></trkpt>
<trkpt lat="46.932553" lon="-72.291819"></trkpt>
<trkpt lat="46.932271" lon="-72.292480"></trkpt>
<trkpt lat="46.931954" lon="-72.292985"></trkpt>
<trkpt lat="46.931431" lon="-72.293683"></trkpt>
<trkpt lat="46.931211" lon="-72.293886"></trkpt>
<trkpt lat="46.930788" lon="-72.294123"></trkpt>
<trkpt lat="46.926708" lon="-72.295079"></trkpt>
<trkpt lat="46.924522" lon="-72.295823"></trkpt>
<trkpt lat="46.923996" lon="-72.295929"></trkpt>
<trkpt lat="46.923661" lon="-72.295863"></trkpt>
<trkpt lat="46.923353" lon="-72.295690"></trkpt>
<trkpt lat="46.921310" lon="-72.294298"></trkpt>
<trkpt lat="46.919997" lon="-72.293592"></trkpt>
<trkpt lat="46.919689" lon="-72.293512"></trkpt>
<trkpt lat="46.919362" lon="-72.293526"></trkpt>
<trkpt lat="46.918546" lon="-72.293844"></trkpt>
<trkpt lat="46.918074" lon="-72.293937"></trkpt>
<trkpt lat="46.917603" lon="-72.293924"></trkpt>
<trkpt lat="46.917095" lon="-72.293751"></trkpt>
<trkpt lat="46.914392" lon="-72.292530"></trkpt>
<trkpt lat="46.913249" lon="-72.291932"></trkpt>
<trkpt lat="46.912950" lon="-72.291667"></trkpt>
<trkpt lat="46.912569" lon="-72.291215"></trkpt>
<trkpt lat="46.911643" lon="-72.289675"></trkpt>
<trkpt lat="46.910873" lon="-72.288772"></trkpt>
<trkpt lat="46.908704" lon="-72.286701"></trkpt>
<trkpt lat="46.908251" lon="-72.286355"></trkpt>
<trkpt lat="46.907788" lon="-72.286050"></trkpt>
<trkpt lat="46.907126" lon="-72.285838"></trkpt>
<trkpt lat="46.905838" lon="-72.285213"></trkpt>
<trkpt lat="46.905348" lon="-72.285107"></trkpt>
<trkpt lat="46.904395" lon="-72.285025"></trkpt>
<trkpt lat="46.904005" lon="-72.285067"></trkpt>
<trkpt lat="46.903211" lon="-72.285268"></trkpt>
<trkpt lat="46.902918" lon="-72.285272"></trkpt>
<trkpt lat="46.902702" lon="-72.285229"></trkpt>
<trkpt lat="46.902490" lon="-72.285131"></trkpt>
<trkpt lat="46.902225" lon="-72.284925"></trkpt>
<trkpt lat="46.901097" lon="-72.283776"></trkpt>
<trkpt lat="46.900748" lon="-72.283451"></trkpt>
<trkpt lat="46.900450" lon="-72.283264"></trkpt>
<trkpt lat="46.900053" lon="-72.283124"></trkpt>
<trkpt lat="46.899052" lon="-72.282943"></trkpt>
<trkpt lat="46.897981" lon="-72.283049"></trkpt>
<trkpt lat="46.897661" lon="-72.283116"></trkpt>
<trkpt lat="46.896625" lon="-72.283552"></trkpt>
<trkpt lat="46.896356" lon="-72.283609"></trkpt>
<trkpt lat="46.895340" lon="-72.283606"></trkpt>
<trkpt lat="46.894720" lon="-72.283669"></trkpt>
<trkpt lat="46.893836" lon="-72.283865"></trkpt>
<trkpt lat="46.893575" lon="-72.283983"></trkpt>
<trkpt lat="46.893323" lon="-72.284181"></trkpt>
<trkpt lat="46.892392" lon="-72.285306"></trkpt>
<trkpt lat="46.892052" lon="-72.285816"></trkpt>
<trkpt lat="46.891857" lon="-72.286316"></trkpt>
<trkpt lat="46.891739" lon="-72.286953"></trkpt>
<trkpt lat="46.891711" lon="-72.287444"></trkpt>
<trkpt lat="46.891866" lon="-72.289290"></trkpt>
<trkpt lat="46.891848" lon="-72.289794"></trkpt>
<trkpt lat="46.891748" lon="-72.290339"></trkpt>
<trkpt lat="46.891539" lon="-72.291016"></trkpt>
<trkpt lat="46.891095" lon="-72.292171"></trkpt>
<trkpt lat="46.888894" lon="-72.296036"></trkpt>
<trkpt lat="46.888797" lon="-72.296180"></trkpt>
<trkpt lat="46.888574" lon="-72.296404"></trkpt>
<trkpt lat="46.888311" lon="-72.296531"></trkpt>
<trkpt lat="46.888030" lon="-72.296578"></trkpt>
<trkpt lat="46.887166" lon="-72.296632"></trkpt>
<trkpt lat="46.885930" lon="-72.296787"></trkpt>
<trkpt lat="46.885566" lon="-72.296884"></trkpt>
<trkpt lat="46.885207" lon="-72.297041"></trkpt>
<trkpt lat="46.885044" lon="-72.297143"></trkpt>
<trkpt lat="46.884651" lon="-72.297483"></trkpt>
<trkpt lat="46.884225" lon="-72.297961"></trkpt>
<trkpt lat="46.883670" lon="-72.298665"></trkpt>
<trkpt lat="46.883404" lon="-72.299175"></trkpt>
<trkpt lat="46.882841" lon="-72.300546"></trkpt>
<trkpt lat="46.882618" lon="-72.301123"></trkpt>
<trkpt lat="46.881439" lon="-72.303179"></trkpt>
<trkpt lat="46.881221" lon="-72.303697"></trkpt>
<trkpt lat="46.881065" lon="-72.304389"></trkpt>
<trkpt lat="46.880980" lon="-72.304739"></trkpt>
<trkpt lat="46.881187" lon="-72.304843"></trkpt>
<trkpt lat="46.881924" lon="-72.305173"></trkpt>
<trkpt lat="46.882118" lon="-72.305279"></trkpt>
<trkpt lat="46.882156" lon="-72.305305"></trkpt>
<trkpt lat="46.882334" lon="-72.305428"></trkpt>
<trkpt lat="46.882649" lon="-72.305713"></trkpt>
<trkpt lat="46.882804" lon="-72.305837"></trkpt>
<trkpt lat="46.882982" lon="-72.306019"></trkpt>
<trkpt lat="46.882941" lon="-72.306509"></trkpt>
<trkpt lat="46.882651" lon="-72.307261"></trkpt>
<trkpt lat="46.881820" lon="-72.308667"></trkpt>
<trkpt lat="46.881705" lon="-72.308920"></trkpt>
<trkpt lat="46.881435" lon="-72.309513"></trkpt>
<trkpt lat="46.881245" lon="-72.310245"></trkpt>
<trkpt lat="46.881084" lon="-72.311828"></trkpt>
<trkpt lat="46.880880" lon="-72.312337"></trkpt>
<trkpt lat="46.880680" lon="-72.312622"></trkpt>
<trkpt lat="46.880204" lon="-72.313040"></trkpt>
<trkpt lat="46.879540" lon="-72.313506"></trkpt>
<trkpt lat="46.878445" lon="-72.314007"></trkpt>
<trkpt lat="46.877444" lon="-72.314320"></trkpt>
<trkpt lat="46.876610" lon="-72.314427"></trkpt>
<trkpt lat="46.874996" lon="-72.315085"></trkpt>
<trkpt lat="46.874428" lon="-72.315441"></trkpt>
<trkpt lat="46.873625" lon="-72.316111"></trkpt>
<trkpt lat="46.873284" lon="-72.316548"></trkpt>
<trkpt lat="46.873017" lon="-72.317034"></trkpt>
<trkpt lat="46.871901" lon="-72.319447"></trkpt>
<trkpt lat="46.871572" lon="-72.320106"></trkpt>
<trkpt lat="46.871226" lon="-72.320686"></trkpt>
<trkpt lat="46.870537" lon="-72.321715"></trkpt>
<trkpt lat="46.870276" lon="-72.322199"></trkpt>
<trkpt lat="46.870094" lon="-72.322759"></trkpt>
<trkpt lat="46.869686" lon="-72.324299"></trkpt>
<trkpt lat="46.869630" lon="-72.325378"></trkpt>
<trkpt lat="46.869710" lon="-72.327251"></trkpt>
<trkpt lat="46.869806" lon="-72.327902"></trkpt>
<trkpt lat="46.870146" lon="-72.328961"></trkpt>
<trkpt lat="46.871339" lon="-72.330346"></trkpt>
<trkpt lat="46.872242" lon="-72.331233"></trkpt>
<trkpt lat="46.873276" lon="-72.331956"></trkpt>
<trkpt lat="46.874160" lon="-72.332450"></trkpt>
<trkpt lat="46.874446" lon="-72.332724"></trkpt>
<trkpt lat="46.874595" lon="-72.332966"></trkpt>
<trkpt lat="46.875393" lon="-72.334764"></trkpt>
<trkpt lat="46.877464" lon="-72.337877"></trkpt>
<trkpt lat="46.877601" lon="-72.338346"></trkpt>
<trkpt lat="46.877632" lon="-72.338748"></trkpt>
<trkpt lat="46.877589" lon="-72.339117"></trkpt>
<trkpt lat="46.877239" lon="-72.340727"></trkpt>
<trkpt lat="46.877149" lon="-72.341371"></trkpt>
<trkpt lat="46.877018" lon="-72.342322"></trkpt>
<trkpt lat="46.876624" lon="-72.343588"></trkpt>
<trkpt lat="46.876115" lon="-72.346474"></trkpt>
<trkpt lat="46.876004" lon="-72.347858"></trkpt>
<trkpt lat="46.875886" lon="-72.348205"></trkpt>
<trkpt lat="46.875598" lon="-72.348626"></trkpt>
<trkpt lat="46.874786" lon="-72.349283"></trkpt>
<trkpt lat="46.874400" lon="-72.349722"></trkpt>
<trkpt lat="46.874158" lon="-72.350167"></trkpt>
<trkpt lat="46.873345" lon="-72.351965"></trkpt>
<trkpt lat="46.873057" lon="-72.352741"></trkpt>
<trkpt lat="46.872553" lon="-72.354695"></trkpt>
<trkpt lat="46.871948" lon="-72.356942"></trkpt>
<trkpt lat="46.871740" lon="-72.358455"></trkpt>
<trkpt lat="46.871563" lon="-72.359743"></trkpt>
<trkpt lat="46.871459" lon="-72.360066"></trkpt>
<trkpt lat="46.871395" lon="-72.360263"></trkpt>
<trkpt lat="46.871146" lon="-72.360813"></trkpt>
<trkpt lat="46.870619" lon="-72.361732"></trkpt>
<trkpt lat="46.869620" lon="-72.363697"></trkpt>
<trkpt lat="46.869308" lon="-72.364484"></trkpt>
<trkpt lat="46.868376" lon="-72.368295"></trkpt>
<trkpt lat="46.868262" lon="-72.368706"></trkpt>
<trkpt lat="46.868082" lon="-72.369191"></trkpt>
<trkpt lat="46.867390" lon="-72.370800"></trkpt>
<trkpt lat="46.867195" lon="-72.371546"></trkpt>
<trkpt lat="46.867075" lon="-72.372377"></trkpt>
<trkpt lat="46.867084" lon="-72.372796"></trkpt>
<trkpt lat="46.867315" lon="-72.374609"></trkpt>
<trkpt lat="46.867395" lon="-72.376071"></trkpt>
<trkpt lat="46.867571" lon="-72.378745"></trkpt>
<trkpt lat="46.867670" lon="-72.380260"></trkpt>
<trkpt lat="46.867488" lon="-72.381490"></trkpt>
<trkpt lat="46.867301" lon="-72.383034"></trkpt>
<trkpt lat="46.867126" lon="-72.383659"></trkpt>
<trkpt lat="46.866513" lon="-72.385565"></trkpt>
<trkpt lat="46.866324" lon="-72.385955"></trkpt>
<trkpt lat="46.866127" lon="-72.386261"></trkpt>
<trkpt lat="46.865969" lon="-72.386522"></trkpt>
<trkpt lat="46.865942" lon="-72.386652"></trkpt>
<trkpt lat="46.865935" lon="-72.386885"></trkpt>
<trkpt lat="46.865950" lon="-72.387188"></trkpt>
<trkpt lat="46.866017" lon="-72.388110"></trkpt>
<trkpt lat="46.864607" lon="-72.390063"></trkpt>
<trkpt lat="46.864173" lon="-72.390667"></trkpt>
<trkpt lat="46.863711" lon="-72.391317"></trkpt>
<trkpt lat="46.863606" lon="-72.391457"></trkpt>
<trkpt lat="46.862422" lon="-72.393080"></trkpt>
<trkpt lat="46.861780" lon="-72.393972"></trkpt>
<trkpt lat="46.860847" lon="-72.395245"></trkpt>
<trkpt lat="46.859991" lon="-72.396462"></trkpt>
<trkpt lat="46.859550" lon="-72.397279"></trkpt>
<trkpt lat="46.859419" lon="-72.397534"></trkpt>
<trkpt lat="46.858882" lon="-72.398577"></trkpt>
<trkpt lat="46.858992" lon="-72.398796"></trkpt>
<trkpt lat="46.859214" lon="-72.399754"></trkpt>
<trkpt lat="46.859388" lon="-72.400514"></trkpt>
<trkpt lat="46.859588" lon="-72.401381"></trkpt>
<trkpt lat="46.859842" lon="-72.402419"></trkpt>
<trkpt lat="46.859917" lon="-72.402726"></trkpt>
<trkpt lat="46.860065" lon="-72.403365"></trkpt>
<trkpt lat="46.860123" lon="-72.403613"></trkpt>
<trkpt lat="46.860250" lon="-72.404164"></trkpt>
<trkpt lat="46.860906" lon="-72.407044"></trkpt>
<trkpt lat="46.861087" lon="-72.407862"></trkpt>
<trkpt lat="46.861441" lon="-72.409524"></trkpt>
<trkpt lat="46.861532" lon="-72.410255"></trkpt>
<trkpt lat="46.861542" lon="-72.410545"></trkpt>
<trkpt lat="46.861519" lon="-72.411107"></trkpt>
<trkpt lat="46.861432" lon="-72.411774"></trkpt>
<trkpt lat="46.861372" lon="-72.412075"></trkpt>
<trkpt lat="46.861114" lon="-72.412944"></trkpt>
<trkpt lat="46.860720" lon="-72.414031"></trkpt>
<trkpt lat="46.860664" lon="-72.414188"></trkpt>
<trkpt lat="46.859862" lon="-72.416453"></trkpt>
<trkpt lat="46.858951" lon="-72.419006"></trkpt>
<trkpt lat="46.858831" lon="-72.419351"></trkpt>
<trkpt lat="46.858025" lon="-72.421672"></trkpt>
<trkpt lat="46.857789" lon="-72.422166"></trkpt>
<trkpt lat="46.857544" lon="-72.422516"></trkpt>
<trkpt lat="46.857227" lon="-72.422827"></trkpt>
<trkpt lat="46.856938" lon="-72.423000"></trkpt>
<trkpt lat="46.856633" lon="-72.423109"></trkpt>
<trkpt lat="46.856249" lon="-72.423178"></trkpt>
<trkpt lat="46.854764" lon="-72.423241"></trkpt>
<trkpt lat="46.854155" lon="-72.423380"></trkpt>
<trkpt lat="46.853684" lon="-72.423602"></trkpt>
<trkpt lat="46.853091" lon="-72.423968"></trkpt>
<trkpt lat="46.852531" lon="-72.424458"></trkpt>
<trkpt lat="46.851745" lon="-72.425375"></trkpt>
<trkpt lat="46.851465" lon="-72.425701"></trkpt>
<trkpt lat="46.849011" lon="-72.428567"></trkpt>
<trkpt lat="46.848365" lon="-72.429453"></trkpt>
<trkpt lat="46.847949" lon="-72.430334"></trkpt>
<trkpt lat="46.847708" lon="-72.431126"></trkpt>
<trkpt lat="46.847611" lon="-72.431926"></trkpt>
<trkpt lat="46.847510" lon="-72.432950"></trkpt>
<trkpt lat="46.847521" lon="-72.433563"></trkpt>
<trkpt lat="46.847587" lon="-72.434208"></trkpt>
<trkpt lat="46.847728" lon="-72.434998"></trkpt>
<trkpt lat="46.847994" lon="-72.435868"></trkpt>
<trkpt lat="46.848286" lon="-72.436534"></trkpt>
<trkpt lat="46.848605" lon="-72.437098"></trkpt>
<trkpt lat="46.850380" lon="-72.439723"></trkpt>
<trkpt lat="46.850586" lon="-72.440034"></trkpt>
<trkpt lat="46.853219" lon="-72.443946"></trkpt>
<trkpt lat="46.853723" lon="-72.444700"></trkpt>
<trkpt lat="46.853761" lon="-72.444758"></trkpt>
<trkpt lat="46.855273" lon="-72.447011"></trkpt>
<trkpt lat="46.855449" lon="-72.447273"></trkpt>
<trkpt lat="46.856515" lon="-72.448809"></trkpt>
<trkpt lat="46.857333" lon="-72.449988"></trkpt>
<trkpt lat="46.857564" lon="-72.450369"></trkpt>
<trkpt lat="46.857653" lon="-72.450597"></trkpt>
<trkpt lat="46.857717" lon="-72.450894"></trkpt>
<trkpt lat="46.857752" lon="-72.451208"></trkpt>
<trkpt lat="46.857759" lon="-72.451480"></trkpt>
<trkpt lat="46.857714" lon="-72.452060"></trkpt>
<trkpt lat="46.857618" lon="-72.452380"></trkpt>
<trkpt lat="46.856289" lon="-72.455172"></trkpt>
<trkpt lat="46.856197" lon="-72.455651"></trkpt>
<trkpt lat="46.856163" lon="-72.456198"></trkpt>
<trkpt lat="46.856188" lon="-72.456531"></trkpt>
<trkpt lat="46.856302" lon="-72.456982"></trkpt>
<trkpt lat="46.856434" lon="-72.457259"></trkpt>
<trkpt lat="46.856529" lon="-72.457462"></trkpt>
<trkpt lat="46.856696" lon="-72.457735"></trkpt>
<trkpt lat="46.856806" lon="-72.457960"></trkpt>
<trkpt lat="46.856881" lon="-72.458192"></trkpt>
<trkpt lat="46.856947" lon="-72.458533"></trkpt>
<trkpt lat="46.856955" lon="-72.458812"></trkpt>
<trkpt lat="46.856921" lon="-72.459086"></trkpt>
<trkpt lat="46.856843" lon="-72.459387"></trkpt>
<trkpt lat="46.856629" lon="-72.459931"></trkpt>
<trkpt lat="46.855461" lon="-72.462650"></trkpt>
<trkpt lat="46.854181" lon="-72.465629"></trkpt>
<trkpt lat="46.853580" lon="-72.466960"></trkpt>
<trkpt lat="46.852789" lon="-72.469094"></trkpt>
<trkpt lat="46.852741" lon="-72.469250"></trkpt>
<trkpt lat="46.852727" lon="-72.469441"></trkpt>
<trkpt lat="46.852766" lon="-72.469607"></trkpt>
<trkpt lat="46.852918" lon="-72.469852"></trkpt>
<trkpt lat="46.853451" lon="-72.470658"></trkpt>
<trkpt lat="46.852648" lon="-72.471857"></trkpt>
<trkpt lat="46.852501" lon="-72.472078"></trkpt>
<trkpt lat="46.851221" lon="-72.473974"></trkpt>
<trkpt lat="46.850474" lon="-72.475043"></trkpt>
<trkpt lat="46.850056" lon="-72.475551"></trkpt>
<trkpt lat="46.848840" lon="-72.476849"></trkpt>
<trkpt lat="46.846137" lon="-72.480256"></trkpt>
<trkpt lat="46.843863" lon="-72.483179"></trkpt>
<trkpt lat="46.842896" lon="-72.484315"></trkpt>
<trkpt lat="46.841820" lon="-72.485410"></trkpt>
<trkpt lat="46.840509" lon="-72.486697"></trkpt>
<trkpt lat="46.839023" lon="-72.488179"></trkpt>
<trkpt lat="46.836989" lon="-72.490185"></trkpt>
<trkpt lat="46.836283" lon="-72.490889"></trkpt>
<trkpt lat="46.835918" lon="-72.491249"></trkpt>
<trkpt lat="46.835482" lon="-72.491613"></trkpt>
<trkpt lat="46.834582" lon="-72.492284"></trkpt>
<trkpt lat="46.833686" lon="-72.492951"></trkpt>
<trkpt lat="46.833117" lon="-72.493485"></trkpt>
<trkpt lat="46.832022" lon="-72.494646"></trkpt>
<trkpt lat="46.830726" lon="-72.496035"></trkpt>
<trkpt lat="46.829445" lon="-72.497378"></trkpt>
<trkpt lat="46.828129" lon="-72.498765"></trkpt>
<trkpt lat="46.827633" lon="-72.499298"></trkpt>
<trkpt lat="46.826807" lon="-72.500163"></trkpt>
<trkpt lat="46.826194" lon="-72.500783"></trkpt>
<trkpt lat="46.825421" lon="-72.501512"></trkpt>
<trkpt lat="46.824600" lon="-72.502199"></trkpt>
<trkpt lat="46.823223" lon="-72.503218"></trkpt>
<trkpt lat="46.822192" lon="-72.503946"></trkpt>
<trkpt lat="46.821899" lon="-72.504092"></trkpt>
<trkpt lat="46.821450" lon="-72.504209"></trkpt>
<trkpt lat="46.821348" lon="-72.504225"></trkpt>
<trkpt lat="46.820473" lon="-72.504316"></trkpt>
<trkpt lat="46.818895" lon="-72.504405"></trkpt>
<trkpt lat="46.818073" lon="-72.504392"></trkpt>
<trkpt lat="46.817756" lon="-72.504366"></trkpt>
<trkpt lat="46.817650" lon="-72.504388"></trkpt>
<trkpt lat="46.816437" lon="-72.504937"></trkpt>
<trkpt lat="46.816165" lon="-72.505091"></trkpt>
<trkpt lat="46.815711" lon="-72.505427"></trkpt>
<trkpt lat="46.815269" lon="-72.505783"></trkpt>
<trkpt lat="46.815166" lon="-72.505871"></trkpt>
<trkpt lat="46.814918" lon="-72.506094"></trkpt>
<trkpt lat="46.813744" lon="-72.507075"></trkpt>
<trkpt lat="46.813647" lon="-72.507117"></trkpt>
<trkpt lat="46.813144" lon="-72.506298"></trkpt>
<trkpt lat="46.811562" lon="-72.503809"></trkpt>
<trkpt lat="46.810655" lon="-72.502380"></trkpt>
<trkpt lat="46.810522" lon="-72.502167"></trkpt>
<trkpt lat="46.808701" lon="-72.499313"></trkpt>
<trkpt lat="46.808514" lon="-72.499020"></trkpt>
<trkpt lat="46.808290" lon="-72.498669"></trkpt>
<trkpt lat="46.807972" lon="-72.498167"></trkpt>
<trkpt lat="46.807971" lon="-72.498165"></trkpt>
<trkpt lat="46.807732" lon="-72.497972"></trkpt>
<trkpt lat="46.807541" lon="-72.497891"></trkpt>
<trkpt lat="46.807062" lon="-72.497794"></trkpt>
<trkpt lat="46.803571" lon="-72.497149"></trkpt>
<trkpt lat="46.800939" lon="-72.496686"></trkpt>
<trkpt lat="46.800930" lon="-72.496685"></trkpt>
<trkpt lat="46.800051" lon="-72.496614"></trkpt>
<trkpt lat="46.799525" lon="-72.496653"></trkpt>
<trkpt lat="46.798658" lon="-72.496911"></trkpt>
<trkpt lat="46.797979" lon="-72.497188"></trkpt>
<trkpt lat="46.794431" lon="-72.498899"></trkpt>
<trkpt lat="46.791715" lon="-72.500159"></trkpt>
<trkpt lat="46.788545" lon="-72.501587"></trkpt>
<trkpt lat="46.786291" lon="-72.502544"></trkpt>
<trkpt lat="46.785455" lon="-72.502779"></trkpt>
<trkpt lat="46.781767" lon="-72.503196"></trkpt>
<trkpt lat="46.781399" lon="-72.503271"></trkpt>
<trkpt lat="46.781056" lon="-72.503402"></trkpt>
<trkpt lat="46.780761" lon="-72.503577"></trkpt>
<trkpt lat="46.780482" lon="-72.503808"></trkpt>
<trkpt lat="46.780198" lon="-72.504113"></trkpt>
<trkpt lat="46.779916" lon="-72.504515"></trkpt>
<trkpt lat="46.779717" lon="-72.504900"></trkpt>
<trkpt lat="46.778580" lon="-72.507886"></trkpt>
<trkpt lat="46.778406" lon="-72.508289"></trkpt>
<trkpt lat="46.778175" lon="-72.508726"></trkpt>
<trkpt lat="46.777711" lon="-72.509483"></trkpt>
<trkpt lat="46.775419" lon="-72.512803"></trkpt>
<trkpt lat="46.768926" lon="-72.522482"></trkpt>
<trkpt lat="46.768362" lon="-72.523146"></trkpt>
<trkpt lat="46.767762" lon="-72.523704"></trkpt>
<trkpt lat="46.766943" lon="-72.524262"></trkpt>
<trkpt lat="46.764942" lon="-72.525350"></trkpt>
<trkpt lat="46.764342" lon="-72.525789"></trkpt>
<trkpt lat="46.763751" lon="-72.526333"></trkpt>
<trkpt lat="46.763205" lon="-72.526970"></trkpt>
<trkpt lat="46.762732" lon="-72.527661"></trkpt>
<trkpt lat="46.762314" lon="-72.528444"></trkpt>
<trkpt lat="46.756356" lon="-72.540952"></trkpt>
<trkpt lat="46.755500" lon="-72.542586"></trkpt>
<trkpt lat="46.754764" lon="-72.543834"></trkpt>
<trkpt lat="46.754011" lon="-72.544857"></trkpt>
<trkpt lat="46.751525" lon="-72.548236"></trkpt>
<trkpt lat="46.749068" lon="-72.551575"></trkpt>
<trkpt lat="46.748568" lon="-72.552119"></trkpt>
<trkpt lat="46.748068" lon="-72.552491"></trkpt>
<trkpt lat="46.747485" lon="-72.552730"></trkpt>
<trkpt lat="46.746876" lon="-72.552810"></trkpt>
<trkpt lat="46.746150" lon="-72.552819"></trkpt>
<trkpt lat="46.744710" lon="-72.552836"></trkpt>
<trkpt lat="46.744444" lon="-72.552910"></trkpt>
<trkpt lat="46.744183" lon="-72.553019"></trkpt>
<trkpt lat="46.743891" lon="-72.553155"></trkpt>
<trkpt lat="46.743373" lon="-72.553527"></trkpt>
<trkpt lat="46.742900" lon="-72.554085"></trkpt>
<trkpt lat="46.740020" lon="-72.558358"></trkpt>
<trkpt lat="46.735200" lon="-72.565385"></trkpt>
<trkpt lat="46.734356" lon="-72.566586"></trkpt>
<trkpt lat="46.733584" lon="-72.567786"></trkpt>
<trkpt lat="46.732252" lon="-72.569522"></trkpt>
<trkpt lat="46.731910" lon="-72.570019"></trkpt>
<trkpt lat="46.730526" lon="-72.572058"></trkpt>
<trkpt lat="46.729677" lon="-72.573137"></trkpt>
<trkpt lat="46.729263" lon="-72.573449"></trkpt>
<trkpt lat="46.728797" lon="-72.573659"></trkpt>
<trkpt lat="46.728519" lon="-72.573724"></trkpt>
<trkpt lat="46.728132" lon="-72.573741"></trkpt>
<trkpt lat="46.727562" lon="-72.573597"></trkpt>
<trkpt lat="46.727135" lon="-72.573393"></trkpt>
<trkpt lat="46.726815" lon="-72.573159"></trkpt>
<trkpt lat="46.725922" lon="-72.572244"></trkpt>
<trkpt lat="46.725717" lon="-72.571958"></trkpt>
<trkpt lat="46.725594" lon="-72.571923"></trkpt>
<trkpt lat="46.725464" lon="-72.571947"></trkpt>
<trkpt lat="46.725276" lon="-72.572041"></trkpt>
<trkpt lat="46.725164" lon="-72.572173"></trkpt>
<trkpt lat="46.723916" lon="-72.573900"></trkpt>
<trkpt lat="46.723685" lon="-72.574273"></trkpt>
<trkpt lat="46.723462" lon="-72.574521"></trkpt>
<trkpt lat="46.722859" lon="-72.575301"></trkpt>
<trkpt lat="46.721778" lon="-72.576322"></trkpt>
<trkpt lat="46.720303" lon="-72.577213"></trkpt>
<trkpt lat="46.720058" lon="-72.577429"></trkpt>
<trkpt lat="46.719522" lon="-72.578008"></trkpt>
<trkpt lat="46.719226" lon="-72.578434"></trkpt>
<trkpt lat="46.718294" lon="-72.579776"></trkpt>
<trkpt lat="46.715732" lon="-72.583461"></trkpt>
<trkpt lat="46.712960" lon="-72.587670"></trkpt>
<trkpt lat="46.705002" lon="-72.599238"></trkpt>
<trkpt lat="46.702950" lon="-72.602348"></trkpt>
<trkpt lat="46.702582" lon="-72.602832"></trkpt>
<trkpt lat="46.701988" lon="-72.603483"></trkpt>
<trkpt lat="46.701347" lon="-72.604030"></trkpt>
<trkpt lat="46.700462" lon="-72.604603"></trkpt>
<trkpt lat="46.678847" lon="-72.616765"></trkpt>
<trkpt lat="46.678840" lon="-72.616769"></trkpt>
<trkpt lat="46.676973" lon="-72.617866"></trkpt>
<trkpt lat="46.675860" lon="-72.618472"></trkpt>
<trkpt lat="46.674471" lon="-72.619239"></trkpt>
<trkpt lat="46.674039" lon="-72.619488"></trkpt>
<trkpt lat="46.670997" lon="-72.621242"></trkpt>
<trkpt lat="46.667656" lon="-72.623086"></trkpt>
<trkpt lat="46.666111" lon="-72.623939"></trkpt>
<trkpt lat="46.665998" lon="-72.624002"></trkpt>
<trkpt lat="46.665319" lon="-72.624437"></trkpt>
<trkpt lat="46.664959" lon="-72.624709"></trkpt>
<trkpt lat="46.664631" lon="-72.625051"></trkpt>
<trkpt lat="46.664252" lon="-72.625553"></trkpt>
<trkpt lat="46.659360" lon="-72.632802"></trkpt>
<trkpt lat="46.658898" lon="-72.633357"></trkpt>
<trkpt lat="46.658570" lon="-72.633665"></trkpt>
<trkpt lat="46.656925" lon="-72.634958"></trkpt>
<trkpt lat="46.656796" lon="-72.635102"></trkpt>
<trkpt lat="46.656195" lon="-72.635775"></trkpt>
<trkpt lat="46.649844" lon="-72.644431"></trkpt>
<trkpt lat="46.648191" lon="-72.646684"></trkpt>
<trkpt lat="46.644995" lon="-72.651081"></trkpt>
<trkpt lat="46.642443" lon="-72.654527"></trkpt>
<trkpt lat="46.642105" lon="-72.655073"></trkpt>
<trkpt lat="46.641740" lon="-72.655843"></trkpt>
<trkpt lat="46.641506" lon="-72.656531"></trkpt>
<trkpt lat="46.641227" lon="-72.657464"></trkpt>
<trkpt lat="46.640762" lon="-72.656794"></trkpt>
<trkpt lat="46.639226" lon="-72.654584"></trkpt>
<trkpt lat="46.636956" lon="-72.651331"></trkpt>
<trkpt lat="46.634884" lon="-72.649337"></trkpt>
<trkpt lat="46.634653" lon="-72.649115"></trkpt>
<trkpt lat="46.632971" lon="-72.647497"></trkpt>
<trkpt lat="46.632575" lon="-72.647172"></trkpt>
<trkpt lat="46.632258" lon="-72.646912"></trkpt>
<trkpt lat="46.631701" lon="-72.646631"></trkpt>
<trkpt lat="46.631574" lon="-72.646568"></trkpt>
<trkpt lat="46.630914" lon="-72.646408"></trkpt>
<trkpt lat="46.630255" lon="-72.646410"></trkpt>
<trkpt lat="46.629556" lon="-72.646556"></trkpt>
<trkpt lat="46.629386" lon="-72.646648"></trkpt>
<trkpt lat="46.628808" lon="-72.646961"></trkpt>
<trkpt lat="46.628538" lon="-72.647201"></trkpt>
<trkpt lat="46.628185" lon="-72.647515"></trkpt>
<trkpt lat="46.625831" lon="-72.650756"></trkpt>
<trkpt lat="46.624437" lon="-72.652562"></trkpt>
<trkpt lat="46.623831" lon="-72.653379"></trkpt>
<trkpt lat="46.623258" lon="-72.654151"></trkpt>
<trkpt lat="46.622674" lon="-72.654939"></trkpt>
<trkpt lat="46.622040" lon="-72.655795"></trkpt>
<trkpt lat="46.621499" lon="-72.656566"></trkpt>
<trkpt lat="46.621021" lon="-72.657245"></trkpt>
<trkpt lat="46.620726" lon="-72.657666"></trkpt>
<trkpt lat="46.620438" lon="-72.658076"></trkpt>
<trkpt lat="46.620187" lon="-72.658593"></trkpt>
<trkpt lat="46.620100" lon="-72.658782"></trkpt>
<trkpt lat="46.619810" lon="-72.659576"></trkpt>
<trkpt lat="46.619726" lon="-72.659808"></trkpt>
<trkpt lat="46.619544" lon="-72.660652"></trkpt>
<trkpt lat="46.619481" lon="-72.661204"></trkpt>
<trkpt lat="46.619415" lon="-72.662168"></trkpt>
<trkpt lat="46.619405" lon="-72.663271"></trkpt>
<trkpt lat="46.619422" lon="-72.664646"></trkpt>
<trkpt lat="46.619426" lon="-72.665300"></trkpt>
<trkpt lat="46.619444" lon="-72.667005"></trkpt>
<trkpt lat="46.619444" lon="-72.669519"></trkpt>
<trkpt lat="46.619470" lon="-72.669619"></trkpt>
<trkpt lat="46.619491" lon="-72.671527"></trkpt>
<trkpt lat="46.619559" lon="-72.672579"></trkpt>
<trkpt lat="46.619627" lon="-72.673626"></trkpt>
<trkpt lat="46.619682" lon="-72.674223"></trkpt>
<trkpt lat="46.619695" lon="-72.674577"></trkpt>
<trkpt lat="46.619717" lon="-72.674777"></trkpt>
<trkpt lat="46.620037" lon="-72.679118"></trkpt>
<trkpt lat="46.620045" lon="-72.679255"></trkpt>
<trkpt lat="46.620109" lon="-72.679869"></trkpt>
<trkpt lat="46.620105" lon="-72.680730"></trkpt>
<trkpt lat="46.620156" lon="-72.680927"></trkpt>
<trkpt lat="46.620235" lon="-72.681071"></trkpt>
<trkpt lat="46.620305" lon="-72.681153"></trkpt>
<trkpt lat="46.620497" lon="-72.681337"></trkpt>
<trkpt lat="46.620565" lon="-72.681435"></trkpt>
<trkpt lat="46.620612" lon="-72.681539"></trkpt>
<trkpt lat="46.620654" lon="-72.681735"></trkpt>
<trkpt lat="46.620698" lon="-72.681816"></trkpt>
<trkpt lat="46.620775" lon="-72.681879"></trkpt>
<trkpt lat="46.620922" lon="-72.682014"></trkpt>
<trkpt lat="46.621145" lon="-72.682253"></trkpt>
<trkpt lat="46.621159" lon="-72.682296"></trkpt>
<trkpt lat="46.621037" lon="-72.682441"></trkpt>
<trkpt lat="46.620997" lon="-72.682529"></trkpt>
<trkpt lat="46.621001" lon="-72.682735"></trkpt>
<trkpt lat="46.621094" lon="-72.683094"></trkpt>
<trkpt lat="46.621084" lon="-72.683418"></trkpt>
<trkpt lat="46.621005" lon="-72.683625"></trkpt>
<trkpt lat="46.620803" lon="-72.683902"></trkpt>
<trkpt lat="46.620733" lon="-72.684060"></trkpt>
<trkpt lat="46.620707" lon="-72.684184"></trkpt>
<trkpt lat="46.620711" lon="-72.684359"></trkpt>
<trkpt lat="46.620807" lon="-72.684688"></trkpt>
<trkpt lat="46.621084" lon="-72.685140"></trkpt>
<trkpt lat="46.621121" lon="-72.685241"></trkpt>
<trkpt lat="46.621137" lon="-72.685366"></trkpt>
<trkpt lat="46.621100" lon="-72.685567"></trkpt>
<trkpt lat="46.620560" lon="-72.686765"></trkpt>
<trkpt lat="46.620432" lon="-72.687121"></trkpt>
<trkpt lat="46.620394" lon="-72.687450"></trkpt>
<trkpt lat="46.620402" lon="-72.687776"></trkpt>
<trkpt lat="46.620372" lon="-72.687844"></trkpt>
<trkpt lat="46.620290" lon="-72.687908"></trkpt>
<trkpt lat="46.620201" lon="-72.687928"></trkpt>
<trkpt lat="46.620064" lon="-72.687915"></trkpt>
<trkpt lat="46.619954" lon="-72.687860"></trkpt>
<trkpt lat="46.619862" lon="-72.687769"></trkpt>
<trkpt lat="46.619782" lon="-72.687748"></trkpt>
<trkpt lat="46.619690" lon="-72.687770"></trkpt>
<trkpt lat="46.619633" lon="-72.687823"></trkpt>
<trkpt lat="46.619514" lon="-72.688677"></trkpt>
<trkpt lat="46.619448" lon="-72.688865"></trkpt>
<trkpt lat="46.619295" lon="-72.689040"></trkpt>
<trkpt lat="46.618552" lon="-72.689696"></trkpt>
<trkpt lat="46.618371" lon="-72.690028"></trkpt>
<trkpt lat="46.618358" lon="-72.690196"></trkpt>
<trkpt lat="46.618436" lon="-72.690617"></trkpt>
<trkpt lat="46.618442" lon="-72.690796"></trkpt>
<trkpt lat="46.618404" lon="-72.691048"></trkpt>
<trkpt lat="46.618308" lon="-72.691282"></trkpt>
<trkpt lat="46.617801" lon="-72.692516"></trkpt>
<trkpt lat="46.617457" lon="-72.693427"></trkpt>
<trkpt lat="46.617426" lon="-72.693614"></trkpt>
<trkpt lat="46.617464" lon="-72.693792"></trkpt>
<trkpt lat="46.617694" lon="-72.694106"></trkpt>
<trkpt lat="46.617852" lon="-72.694380"></trkpt>
<trkpt lat="46.617875" lon="-72.694478"></trkpt>
<trkpt lat="46.617881" lon="-72.694579"></trkpt>
<trkpt lat="46.617823" lon="-72.694778"></trkpt>
<trkpt lat="46.617727" lon="-72.694951"></trkpt>
<trkpt lat="46.617658" lon="-72.695081"></trkpt>
<trkpt lat="46.618024" lon="-72.695214"></trkpt>
<trkpt lat="46.618128" lon="-72.695288"></trkpt>
<trkpt lat="46.618209" lon="-72.695390"></trkpt>
<trkpt lat="46.618290" lon="-72.695573"></trkpt>
<trkpt lat="46.618343" lon="-72.695818"></trkpt>
<trkpt lat="46.618336" lon="-72.696177"></trkpt>
<trkpt lat="46.618308" lon="-72.696400"></trkpt>
<trkpt lat="46.618042" lon="-72.697657"></trkpt>
<trkpt lat="46.617780" lon="-72.698392"></trkpt>
<trkpt lat="46.618243" lon="-72.699065"></trkpt>
<trkpt lat="46.618688" lon="-72.699710"></trkpt>
<trkpt lat="46.619236" lon="-72.700507"></trkpt>
<trkpt lat="46.619374" lon="-72.700407"></trkpt>
<trkpt lat="46.619533" lon="-72.700390"></trkpt>
<trkpt lat="46.619698" lon="-72.700476"></trkpt>
<trkpt lat="46.619828" lon="-72.700656"></trkpt>
<trkpt lat="46.619869" lon="-72.700870"></trkpt>
<trkpt lat="46.619869" lon="-72.701008"></trkpt>
<trkpt lat="46.619805" lon="-72.701301"></trkpt>
<trkpt lat="46.619249" lon="-72.702114"></trkpt>
<trkpt lat="46.618700" lon="-72.702916"></trkpt>
<trkpt lat="46.619011" lon="-72.703119"></trkpt>
<trkpt lat="46.619125" lon="-72.703124"></trkpt>
<trkpt lat="46.619388" lon="-72.703229"></trkpt>
<trkpt lat="46.620070" lon="-72.703386"></trkpt>
<trkpt lat="46.621383" lon="-72.703499"></trkpt>
<trkpt lat="46.621576" lon="-72.703516"></trkpt>
<trkpt lat="46.621805" lon="-72.703540"></trkpt>
<trkpt lat="46.622526" lon="-72.703623"></trkpt>
<trkpt lat="46.622864" lon="-72.703661"></trkpt>
<trkpt lat="46.623056" lon="-72.703683"></trkpt>
<trkpt lat="46.623449" lon="-72.703729"></trkpt>
<trkpt lat="46.623930" lon="-72.703779"></trkpt>
<trkpt lat="46.624442" lon="-72.703836"></trkpt>
<trkpt lat="46.624859" lon="-72.703902"></trkpt>
<trkpt lat="46.625267" lon="-72.703984"></trkpt>
<trkpt lat="46.625654" lon="-72.704106"></trkpt>
<trkpt lat="46.625959" lon="-72.704239"></trkpt>
<trkpt lat="46.626283" lon="-72.704426"></trkpt>
<trkpt lat="46.626733" lon="-72.704743"></trkpt>
<trkpt lat="46.626902" lon="-72.704881"></trkpt>
<trkpt lat="46.627361" lon="-72.705325"></trkpt>
<trkpt lat="46.627669" lon="-72.705662"></trkpt>
<trkpt lat="46.628100" lon="-72.706268"></trkpt>
<trkpt lat="46.628203" lon="-72.706435"></trkpt>
<trkpt lat="46.628439" lon="-72.706817"></trkpt>
<trkpt lat="46.629073" lon="-72.707819"></trkpt>
<trkpt lat="46.630040" lon="-72.709203"></trkpt>
<trkpt lat="46.630269" lon="-72.709530"></trkpt>
<trkpt lat="46.630549" lon="-72.709929"></trkpt>
<trkpt lat="46.632019" lon="-72.712020"></trkpt>
<trkpt lat="46.634593" lon="-72.715686"></trkpt>
<trkpt lat="46.635028" lon="-72.716289"></trkpt>
<trkpt lat="46.635286" lon="-72.716568"></trkpt>
<trkpt lat="46.635591" lon="-72.716833"></trkpt>
<trkpt lat="46.636215" lon="-72.717203"></trkpt>
<trkpt lat="46.636923" lon="-72.717331"></trkpt>
<trkpt lat="46.637206" lon="-72.717317"></trkpt>
<trkpt lat="46.637700" lon="-72.717260"></trkpt>
<trkpt lat="46.639510" lon="-72.716944"></trkpt>
<trkpt lat="46.640459" lon="-72.716762"></trkpt>
<trkpt lat="46.642062" lon="-72.716252"></trkpt>
<trkpt lat="46.642908" lon="-72.715904"></trkpt>
<trkpt lat="46.644743" lon="-72.714999"></trkpt>
<trkpt lat="46.647645" lon="-72.713630"></trkpt>
<trkpt lat="46.648894" lon="-72.713036"></trkpt>
<trkpt lat="46.650770" lon="-72.712089"></trkpt>
<trkpt lat="46.652263" lon="-72.711532"></trkpt>
<trkpt lat="46.652622" lon="-72.711462"></trkpt>
<trkpt lat="46.653875" lon="-72.711323"></trkpt>
<trkpt lat="46.656371" lon="-72.711218"></trkpt>
<trkpt lat="46.657590" lon="-72.711063"></trkpt>
<trkpt lat="46.660106" lon="-72.710717"></trkpt>
<trkpt lat="46.661219" lon="-72.710709"></trkpt>
<trkpt lat="46.663069" lon="-72.710891"></trkpt>
<trkpt lat="46.664063" lon="-72.711128"></trkpt>
<trkpt lat="46.666228" lon="-72.711768"></trkpt>
<trkpt lat="46.667605" lon="-72.712299"></trkpt>
<trkpt lat="46.668411" lon="-72.712762"></trkpt>
<trkpt lat="46.670369" lon="-72.714073"></trkpt>
<trkpt lat="46.671962" lon="-72.715241"></trkpt>
<trkpt lat="46.672364" lon="-72.715536"></trkpt>
<trkpt lat="46.674672" lon="-72.717269"></trkpt>
<trkpt lat="46.675297" lon="-72.717941"></trkpt>
<trkpt lat="46.675593" lon="-72.718347"></trkpt>
<trkpt lat="46.675935" lon="-72.718935"></trkpt>
<trkpt lat="46.677102" lon="-72.721300"></trkpt>
<trkpt lat="46.677819" lon="-72.722931"></trkpt>
<trkpt lat="46.678115" lon="-72.723748"></trkpt>
<trkpt lat="46.678835" lon="-72.725984"></trkpt>
<trkpt lat="46.679201" lon="-72.727020"></trkpt>
<trkpt lat="46.679596" lon="-72.727876"></trkpt>
<trkpt lat="46.680260" lon="-72.729183"></trkpt>
<trkpt lat="46.680541" lon="-72.729642"></trkpt>
<trkpt lat="46.680705" lon="-72.729907"></trkpt>
<trkpt lat="46.680911" lon="-72.730244"></trkpt>
<trkpt lat="46.681473" lon="-72.731252"></trkpt>
<trkpt lat="46.681817" lon="-72.731869"></trkpt>
<trkpt lat="46.682519" lon="-72.733127"></trkpt>
<trkpt lat="46.682890" lon="-72.733792"></trkpt>
<trkpt lat="46.683249" lon="-72.734285"></trkpt>
<trkpt lat="46.683740" lon="-72.734808"></trkpt>
<trkpt lat="46.684845" lon="-72.735526"></trkpt>
<trkpt lat="46.686960" lon="-72.736781"></trkpt>
<trkpt lat="46.687830" lon="-72.737310"></trkpt>
<trkpt lat="46.688439" lon="-72.737730"></trkpt>
<trkpt lat="46.689171" lon="-72.738360"></trkpt>
<trkpt lat="46.689818" lon="-72.738925"></trkpt>
<trkpt lat="46.690930" lon="-72.739876"></trkpt>
<trkpt lat="46.691625" lon="-72.740463"></trkpt>
<trkpt lat="46.692131" lon="-72.740891"></trkpt>
<trkpt lat="46.692144" lon="-72.740903"></trkpt>
<trkpt lat="46.693996" lon="-72.742468"></trkpt>
<trkpt lat="46.695247" lon="-72.743485"></trkpt>
<trkpt lat="46.695507" lon="-72.743742"></trkpt>
<trkpt lat="46.695975" lon="-72.744381"></trkpt>
<trkpt lat="46.696354" lon="-72.745069"></trkpt>
<trkpt lat="46.696534" lon="-72.745634"></trkpt>
<trkpt lat="46.696612" lon="-72.746253"></trkpt>
<trkpt lat="46.696644" lon="-72.747281"></trkpt>
<trkpt lat="46.696796" lon="-72.748183"></trkpt>
<trkpt lat="46.697058" lon="-72.749421"></trkpt>
<trkpt lat="46.697210" lon="-72.750479"></trkpt>
<trkpt lat="46.697272" lon="-72.751455"></trkpt>
<trkpt lat="46.697430" lon="-72.752084"></trkpt>
<trkpt lat="46.697778" lon="-72.752630"></trkpt>
<trkpt lat="46.699196" lon="-72.754227"></trkpt>
<trkpt lat="46.699540" lon="-72.754475"></trkpt>
<trkpt lat="46.699998" lon="-72.754668"></trkpt>
<trkpt lat="46.700845" lon="-72.754651"></trkpt>
<trkpt lat="46.701256" lon="-72.754711"></trkpt>
<trkpt lat="46.701621" lon="-72.754931"></trkpt>
<trkpt lat="46.701973" lon="-72.755302"></trkpt>
<trkpt lat="46.702632" lon="-72.756459"></trkpt>
<trkpt lat="46.702877" lon="-72.756812"></trkpt>
<trkpt lat="46.704321" lon="-72.758230"></trkpt>
<trkpt lat="46.705360" lon="-72.759591"></trkpt>
<trkpt lat="46.705724" lon="-72.759988"></trkpt>
<trkpt lat="46.706217" lon="-72.760456"></trkpt>
<trkpt lat="46.708435" lon="-72.761968"></trkpt>
<trkpt lat="46.709197" lon="-72.762568"></trkpt>
<trkpt lat="46.711145" lon="-72.764445"></trkpt>
<trkpt lat="46.711766" lon="-72.764991"></trkpt>
<trkpt lat="46.712341" lon="-72.765380"></trkpt>
<trkpt lat="46.713045" lon="-72.765717"></trkpt>
<trkpt lat="46.713917" lon="-72.765955"></trkpt>
<trkpt lat="46.714457" lon="-72.765968"></trkpt>
<trkpt lat="46.718029" lon="-72.765298"></trkpt>
<trkpt lat="46.718395" lon="-72.765289"></trkpt>
<trkpt lat="46.718809" lon="-72.765366"></trkpt>
<trkpt lat="46.719366" lon="-72.765573"></trkpt>
<trkpt lat="46.719927" lon="-72.765781"></trkpt>
<trkpt lat="46.721883" lon="-72.766614"></trkpt>
<trkpt lat="46.722181" lon="-72.766706"></trkpt>
<trkpt lat="46.723082" lon="-72.766983"></trkpt>
<trkpt lat="46.723898" lon="-72.767185"></trkpt>
<trkpt lat="46.724436" lon="-72.767264"></trkpt>
<trkpt lat="46.726124" lon="-72.767223"></trkpt>
<trkpt lat="46.726459" lon="-72.767318"></trkpt>
<trkpt lat="46.727018" lon="-72.767537"></trkpt>
<trkpt lat="46.727546" lon="-72.767745"></trkpt>
<trkpt lat="46.727926" lon="-72.767785"></trkpt>
<trkpt lat="46.728570" lon="-72.767586"></trkpt>
<trkpt lat="46.729426" lon="-72.767461"></trkpt>
<trkpt lat="46.730084" lon="-72.767463"></trkpt>
<trkpt lat="46.730497" lon="-72.767517"></trkpt>
<trkpt lat="46.731007" lon="-72.767714"></trkpt>
<trkpt lat="46.732426" lon="-72.768406"></trkpt>
<trkpt lat="46.733475" lon="-72.768829"></trkpt>
<trkpt lat="46.734108" lon="-72.769112"></trkpt>
<trkpt lat="46.734327" lon="-72.769250"></trkpt>
<trkpt lat="46.734912" lon="-72.769691"></trkpt>
<trkpt lat="46.735166" lon="-72.769924"></trkpt>
<trkpt lat="46.735389" lon="-72.770171"></trkpt>
<trkpt lat="46.735584" lon="-72.770438"></trkpt>
<trkpt lat="46.735776" lon="-72.770800"></trkpt>
<trkpt lat="46.736064" lon="-72.771579"></trkpt>
<trkpt lat="46.736205" lon="-72.771888"></trkpt>
<trkpt lat="46.736503" lon="-72.772300"></trkpt>
<trkpt lat="46.738097" lon="-72.773771"></trkpt>
<trkpt lat="46.738378" lon="-72.774147"></trkpt>
<trkpt lat="46.738598" lon="-72.774618"></trkpt>
<trkpt lat="46.738705" lon="-72.775047"></trkpt>
<trkpt lat="46.738896" lon="-72.776574"></trkpt>
<trkpt lat="46.739018" lon="-72.777086"></trkpt>
<trkpt lat="46.739158" lon="-72.777560"></trkpt>
<trkpt lat="46.739307" lon="-72.777838"></trkpt>
<trkpt lat="46.739551" lon="-72.778177"></trkpt>
<trkpt lat="46.740056" lon="-72.778627"></trkpt>
<trkpt lat="46.740470" lon="-72.779055"></trkpt>
<trkpt lat="46.740803" lon="-72.779352"></trkpt>
<trkpt lat="46.741091" lon="-72.779490"></trkpt>
<trkpt lat="46.741465" lon="-72.779569"></trkpt>
<trkpt lat="46.741852" lon="-72.779719"></trkpt>
<trkpt lat="46.743193" lon="-72.780449"></trkpt>
<trkpt lat="46.743815" lon="-72.780843"></trkpt>
<trkpt lat="46.744095" lon="-72.781061"></trkpt>
<trkpt lat="46.744349" lon="-72.781259"></trkpt>
<trkpt lat="46.744964" lon="-72.781833"></trkpt>
<trkpt lat="46.746606" lon="-72.783719"></trkpt>
<trkpt lat="46.748648" lon="-72.785942"></trkpt>
<trkpt lat="46.749196" lon="-72.786425"></trkpt>
<trkpt lat="46.749411" lon="-72.786685"></trkpt>
<trkpt lat="46.749712" lon="-72.787187"></trkpt>
<trkpt lat="46.750341" lon="-72.788050"></trkpt>
<trkpt lat="46.750484" lon="-72.788383"></trkpt>
<trkpt lat="46.750570" lon="-72.788698"></trkpt>
<trkpt lat="46.750621" lon="-72.789084"></trkpt>
<trkpt lat="46.750618" lon="-72.789413"></trkpt>
<trkpt lat="46.750549" lon="-72.789852"></trkpt>
<trkpt lat="46.750369" lon="-72.790465"></trkpt>
<trkpt lat="46.750289" lon="-72.790915"></trkpt>
<trkpt lat="46.750121" lon="-72.792962"></trkpt>
<trkpt lat="46.750166" lon="-72.793467"></trkpt>
<trkpt lat="46.750271" lon="-72.793892"></trkpt>
<trkpt lat="46.750365" lon="-72.794207"></trkpt>
<trkpt lat="46.750535" lon="-72.794480"></trkpt>
<trkpt lat="46.750832" lon="-72.794774"></trkpt>
<trkpt lat="46.751212" lon="-72.794990"></trkpt>
<trkpt lat="46.751496" lon="-72.795036"></trkpt>
<trkpt lat="46.752929" lon="-72.794975"></trkpt>
<trkpt lat="46.753179" lon="-72.795042"></trkpt>
<trkpt lat="46.753605" lon="-72.795320"></trkpt>
<trkpt lat="46.753799" lon="-72.795609"></trkpt>
<trkpt lat="46.754021" lon="-72.796200"></trkpt>
<trkpt lat="46.754100" lon="-72.796769"></trkpt>
<trkpt lat="46.754090" lon="-72.797068"></trkpt>
<trkpt lat="46.754002" lon="-72.797734"></trkpt>
<trkpt lat="46.754002" lon="-72.798014"></trkpt>
<trkpt lat="46.754066" lon="-72.798468"></trkpt>
<trkpt lat="46.754143" lon="-72.798796"></trkpt>
<trkpt lat="46.754604" lon="-72.799700"></trkpt>
<trkpt lat="46.754720" lon="-72.800044"></trkpt>
<trkpt lat="46.754777" lon="-72.800622"></trkpt>
<trkpt lat="46.754765" lon="-72.800885"></trkpt>
<trkpt lat="46.754715" lon="-72.801177"></trkpt>
<trkpt lat="46.754638" lon="-72.801437"></trkpt>
<trkpt lat="46.754266" lon="-72.802247"></trkpt>
<trkpt lat="46.754190" lon="-72.802515"></trkpt>
<trkpt lat="46.754145" lon="-72.802808"></trkpt>
<trkpt lat="46.754132" lon="-72.803252"></trkpt>
<trkpt lat="46.754188" lon="-72.803623"></trkpt>
<trkpt lat="46.754294" lon="-72.803974"></trkpt>
<trkpt lat="46.754465" lon="-72.804330"></trkpt>
<trkpt lat="46.754647" lon="-72.804585"></trkpt>
<trkpt lat="46.754800" lon="-72.804723"></trkpt>
<trkpt lat="46.755154" lon="-72.804922"></trkpt>
<trkpt lat="46.755447" lon="-72.804981"></trkpt>
<trkpt lat="46.756306" lon="-72.805054"></trkpt>
<trkpt lat="46.756550" lon="-72.805118"></trkpt>
<trkpt lat="46.756789" lon="-72.805243"></trkpt>
<trkpt lat="46.756990" lon="-72.805410"></trkpt>
<trkpt lat="46.757198" lon="-72.805665"></trkpt>
<trkpt lat="46.757380" lon="-72.805967"></trkpt>
<trkpt lat="46.757509" lon="-72.806406"></trkpt>
<trkpt lat="46.757551" lon="-72.806741"></trkpt>
<trkpt lat="46.757560" lon="-72.807190"></trkpt>
<trkpt lat="46.757505" lon="-72.807577"></trkpt>
<trkpt lat="46.757437" lon="-72.807811"></trkpt>
<trkpt lat="46.757100" lon="-72.808599"></trkpt>
<trkpt lat="46.756984" lon="-72.809062"></trkpt>
<trkpt lat="46.756945" lon="-72.809524"></trkpt>
<trkpt lat="46.756975" lon="-72.810033"></trkpt>
<trkpt lat="46.757098" lon="-72.810359"></trkpt>
<trkpt lat="46.757348" lon="-72.810845"></trkpt>
<trkpt lat="46.757597" lon="-72.811170"></trkpt>
<trkpt lat="46.757889" lon="-72.811647"></trkpt>
<trkpt lat="46.757991" lon="-72.811909"></trkpt>
<trkpt lat="46.758085" lon="-72.812270"></trkpt>
<trkpt lat="46.758119" lon="-72.812487"></trkpt>
<trkpt lat="46.758255" lon="-72.813270"></trkpt>
<trkpt lat="46.758361" lon="-72.813642"></trkpt>
<trkpt lat="46.758491" lon="-72.813895"></trkpt>
<trkpt lat="46.758622" lon="-72.814110"></trkpt>
<trkpt lat="46.759352" lon="-72.814740"></trkpt>
<trkpt lat="46.759516" lon="-72.814915"></trkpt>
<trkpt lat="46.760172" lon="-72.815819"></trkpt>
<trkpt lat="46.760489" lon="-72.816316"></trkpt>
<trkpt lat="46.760631" lon="-72.816680"></trkpt>
<trkpt lat="46.760733" lon="-72.817077"></trkpt>
<trkpt lat="46.760771" lon="-72.817482"></trkpt>
<trkpt lat="46.760756" lon="-72.817809"></trkpt>
<trkpt lat="46.760714" lon="-72.818126"></trkpt>
<trkpt lat="46.760613" lon="-72.818581"></trkpt>
<trkpt lat="46.760563" lon="-72.818920"></trkpt>
<trkpt lat="46.760538" lon="-72.819221"></trkpt>
<trkpt lat="46.760552" lon="-72.819560"></trkpt>
<trkpt lat="46.760710" lon="-72.820112"></trkpt>
<trkpt lat="46.761039" lon="-72.821068"></trkpt>
<trkpt lat="46.761173" lon="-72.821739"></trkpt>
<trkpt lat="46.761370" lon="-72.823070"></trkpt>
<trkpt lat="46.761362" lon="-72.823451"></trkpt>
<trkpt lat="46.761304" lon="-72.823773"></trkpt>
<trkpt lat="46.761146" lon="-72.824161"></trkpt>
<trkpt lat="46.760958" lon="-72.824433"></trkpt>
<trkpt lat="46.758681" lon="-72.827321"></trkpt>
<trkpt lat="46.758486" lon="-72.827643"></trkpt>
<trkpt lat="46.758407" lon="-72.827987"></trkpt>
<trkpt lat="46.758416" lon="-72.828558"></trkpt>
<trkpt lat="46.758549" lon="-72.829402"></trkpt>
<trkpt lat="46.758554" lon="-72.830163"></trkpt>
<trkpt lat="46.758310" lon="-72.831772"></trkpt>
<trkpt lat="46.758156" lon="-72.832441"></trkpt>
<trkpt lat="46.757851" lon="-72.833275"></trkpt>
<trkpt lat="46.757722" lon="-72.833867"></trkpt>
<trkpt lat="46.757784" lon="-72.834512"></trkpt>
<trkpt lat="46.757972" lon="-72.835028"></trkpt>
<trkpt lat="46.758198" lon="-72.835331"></trkpt>
<trkpt lat="46.758410" lon="-72.835524"></trkpt>
<trkpt lat="46.758786" lon="-72.835627"></trkpt>
<trkpt lat="46.759006" lon="-72.835620"></trkpt>
<trkpt lat="46.759222" lon="-72.835556"></trkpt>
<trkpt lat="46.759508" lon="-72.835469"></trkpt>
<trkpt lat="46.759973" lon="-72.835231"></trkpt>
<trkpt lat="46.760413" lon="-72.835090"></trkpt>
<trkpt lat="46.760876" lon="-72.835017"></trkpt>
<trkpt lat="46.761951" lon="-72.835193"></trkpt>
<trkpt lat="46.762178" lon="-72.835181"></trkpt>
<trkpt lat="46.762497" lon="-72.835155"></trkpt>
<trkpt lat="46.762904" lon="-72.835073"></trkpt>
<trkpt lat="46.763102" lon="-72.835112"></trkpt>
<trkpt lat="46.763326" lon="-72.835206"></trkpt>
<trkpt lat="46.764263" lon="-72.835790"></trkpt>
<trkpt lat="46.765404" lon="-72.836128"></trkpt>
<trkpt lat="46.766174" lon="-72.836700"></trkpt>
<trkpt lat="46.766564" lon="-72.836873"></trkpt>
<trkpt lat="46.766772" lon="-72.836902"></trkpt>
<trkpt lat="46.767082" lon="-72.836831"></trkpt>
<trkpt lat="46.767584" lon="-72.836571"></trkpt>
<trkpt lat="46.768473" lon="-72.836544"></trkpt>
<trkpt lat="46.768696" lon="-72.836455"></trkpt>
<trkpt lat="46.769386" lon="-72.835887"></trkpt>
<trkpt lat="46.769739" lon="-72.835680"></trkpt>
<trkpt lat="46.769952" lon="-72.835637"></trkpt>
<trkpt lat="46.771337" lon="-72.836135"></trkpt>
<trkpt lat="46.771858" lon="-72.836197"></trkpt>
<trkpt lat="46.772497" lon="-72.836107"></trkpt>
<trkpt lat="46.772904" lon="-72.836271"></trkpt>
<trkpt lat="46.773294" lon="-72.836647"></trkpt>
<trkpt lat="46.773525" lon="-72.837099"></trkpt>
<trkpt lat="46.773653" lon="-72.837521"></trkpt>
<trkpt lat="46.774417" lon="-72.842715"></trkpt>
<trkpt lat="46.774484" lon="-72.843301"></trkpt>
<trkpt lat="46.774438" lon="-72.844243"></trkpt>
<trkpt lat="46.774246" lon="-72.845272"></trkpt>
<trkpt lat="46.773761" lon="-72.847333"></trkpt>
<trkpt lat="46.773521" lon="-72.848002"></trkpt>
<trkpt lat="46.773350" lon="-72.848361"></trkpt>
<trkpt lat="46.773147" lon="-72.848574"></trkpt>
<trkpt lat="46.772756" lon="-72.848914"></trkpt>
<trkpt lat="46.772480" lon="-72.849242"></trkpt>
<trkpt lat="46.772337" lon="-72.849545"></trkpt>
<trkpt lat="46.772246" lon="-72.849860"></trkpt>
<trkpt lat="46.772185" lon="-72.850324"></trkpt>
<trkpt lat="46.772206" lon="-72.850918"></trkpt>
<trkpt lat="46.772357" lon="-72.851492"></trkpt>
<trkpt lat="46.772474" lon="-72.851751"></trkpt>
<trkpt lat="46.772764" lon="-72.852136"></trkpt>
<trkpt lat="46.773777" lon="-72.853004"></trkpt>
<trkpt lat="46.774002" lon="-72.853284"></trkpt>
<trkpt lat="46.774184" lon="-72.853688"></trkpt>
<trkpt lat="46.774321" lon="-72.854214"></trkpt>
<trkpt lat="46.774594" lon="-72.855928"></trkpt>
<trkpt lat="46.774853" lon="-72.856706"></trkpt>
<trkpt lat="46.775145" lon="-72.857424"></trkpt>
<trkpt lat="46.775579" lon="-72.858199"></trkpt>
<trkpt lat="46.775678" lon="-72.858463"></trkpt>
<trkpt lat="46.775766" lon="-72.858879"></trkpt>
<trkpt lat="46.775771" lon="-72.859342"></trkpt>
<trkpt lat="46.775695" lon="-72.859772"></trkpt>
<trkpt lat="46.775410" lon="-72.860563"></trkpt>
<trkpt lat="46.775342" lon="-72.861270"></trkpt>
<trkpt lat="46.775435" lon="-72.861947"></trkpt>
<trkpt lat="46.775604" lon="-72.862495"></trkpt>
<trkpt lat="46.775685" lon="-72.862990"></trkpt>
<trkpt lat="46.775692" lon="-72.863515"></trkpt>
<trkpt lat="46.775594" lon="-72.863988"></trkpt>
<trkpt lat="46.775401" lon="-72.864444"></trkpt>
<trkpt lat="46.775167" lon="-72.864660"></trkpt>
<trkpt lat="46.774811" lon="-72.864864"></trkpt>
<trkpt lat="46.773915" lon="-72.864869"></trkpt>
<trkpt lat="46.773561" lon="-72.864981"></trkpt>
<trkpt lat="46.773156" lon="-72.865302"></trkpt>
<trkpt lat="46.772985" lon="-72.865484"></trkpt>
<trkpt lat="46.772799" lon="-72.865791"></trkpt>
<trkpt lat="46.772709" lon="-72.866145"></trkpt>
<trkpt lat="46.772675" lon="-72.866697"></trkpt>
<trkpt lat="46.772767" lon="-72.867791"></trkpt>
<trkpt lat="46.772735" lon="-72.868304"></trkpt>
<trkpt lat="46.772589" lon="-72.868798"></trkpt>
<trkpt lat="46.772323" lon="-72.869261"></trkpt>
<trkpt lat="46.771992" lon="-72.869564"></trkpt>
<trkpt lat="46.771083" lon="-72.869954"></trkpt>
<trkpt lat="46.770706" lon="-72.870383"></trkpt>
<trkpt lat="46.770389" lon="-72.871025"></trkpt>
<trkpt lat="46.770194" lon="-72.871693"></trkpt>
<trkpt lat="46.770008" lon="-72.872135"></trkpt>
<trkpt lat="46.769448" lon="-72.872870"></trkpt>
<trkpt lat="46.769047" lon="-72.873256"></trkpt>
<trkpt lat="46.768818" lon="-72.873591"></trkpt>
<trkpt lat="46.768642" lon="-72.874107"></trkpt>
<trkpt lat="46.768518" lon="-72.874600"></trkpt>
<trkpt lat="46.768478" lon="-72.875167"></trkpt>
<trkpt lat="46.768521" lon="-72.875504"></trkpt>
<trkpt lat="46.768636" lon="-72.876084"></trkpt>
<trkpt lat="46.768861" lon="-72.876487"></trkpt>
<trkpt lat="46.769153" lon="-72.876866"></trkpt>
<trkpt lat="46.769411" lon="-72.877120"></trkpt>
<trkpt lat="46.770323" lon="-72.877785"></trkpt>
<trkpt lat="46.770638" lon="-72.878109"></trkpt>
<trkpt lat="46.770884" lon="-72.878579"></trkpt>
<trkpt lat="46.771303" lon="-72.880097"></trkpt>
<trkpt lat="46.771543" lon="-72.880565"></trkpt>
<trkpt lat="46.771826" lon="-72.880830"></trkpt>
<trkpt lat="46.772092" lon="-72.880987"></trkpt>
<trkpt lat="46.772373" lon="-72.881047"></trkpt>
<trkpt lat="46.773099" lon="-72.880971"></trkpt>
<trkpt lat="46.773467" lon="-72.881037"></trkpt>
<trkpt lat="46.773887" lon="-72.881324"></trkpt>
<trkpt lat="46.774111" lon="-72.881606"></trkpt>
<trkpt lat="46.774296" lon="-72.881968"></trkpt>
<trkpt lat="46.774400" lon="-72.882472"></trkpt>
<trkpt lat="46.774423" lon="-72.882765"></trkpt>
<trkpt lat="46.774393" lon="-72.885833"></trkpt>
<trkpt lat="46.774420" lon="-72.886571"></trkpt>
<trkpt lat="46.774478" lon="-72.886932"></trkpt>
<trkpt lat="46.774620" lon="-72.887337"></trkpt>
<trkpt lat="46.774788" lon="-72.887600"></trkpt>
<trkpt lat="46.775125" lon="-72.887997"></trkpt>
<trkpt lat="46.775512" lon="-72.888453"></trkpt>
<trkpt lat="46.775751" lon="-72.888906"></trkpt>
<trkpt lat="46.775897" lon="-72.889373"></trkpt>
<trkpt lat="46.775975" lon="-72.889861"></trkpt>
<trkpt lat="46.775985" lon="-72.890620"></trkpt>
<trkpt lat="46.775832" lon="-72.891290"></trkpt>
<trkpt lat="46.775418" lon="-72.892560"></trkpt>
<trkpt lat="46.774857" lon="-72.895454"></trkpt>
<trkpt lat="46.774571" lon="-72.896150"></trkpt>
<trkpt lat="46.774209" lon="-72.896773"></trkpt>
<trkpt lat="46.773243" lon="-72.898029"></trkpt>
<trkpt lat="46.772760" lon="-72.898749"></trkpt>
<trkpt lat="46.772565" lon="-72.899259"></trkpt>
<trkpt lat="46.772430" lon="-72.899895"></trkpt>
<trkpt lat="46.772342" lon="-72.900735"></trkpt>
<trkpt lat="46.772402" lon="-72.901645"></trkpt>
<trkpt lat="46.772614" lon="-72.902462"></trkpt>
<trkpt lat="46.772712" lon="-72.903157"></trkpt>
<trkpt lat="46.772811" lon="-72.904251"></trkpt>
<trkpt lat="46.772878" lon="-72.904620"></trkpt>
<trkpt lat="46.773056" lon="-72.905304"></trkpt>
<trkpt lat="46.773466" lon="-72.906524"></trkpt>
<trkpt lat="46.773524" lon="-72.906987"></trkpt>
<trkpt lat="46.773529" lon="-72.907423"></trkpt>
<trkpt lat="46.773425" lon="-72.907955"></trkpt>
<trkpt lat="46.773219" lon="-72.908361"></trkpt>
<trkpt lat="46.772757" lon="-72.909000"></trkpt>
<trkpt lat="46.772545" lon="-72.909373"></trkpt>
<trkpt lat="46.772013" lon="-72.911031"></trkpt>
<trkpt lat="46.771299" lon="-72.912542"></trkpt>
<trkpt lat="46.771158" lon="-72.913004"></trkpt>
<trkpt lat="46.771058" lon="-72.913548"></trkpt>
<trkpt lat="46.771049" lon="-72.914094"></trkpt>
<trkpt lat="46.771112" lon="-72.914624"></trkpt>
<trkpt lat="46.771209" lon="-72.915075"></trkpt>
<trkpt lat="46.771380" lon="-72.915490"></trkpt>
<trkpt lat="46.771560" lon="-72.915816"></trkpt>
<trkpt lat="46.771839" lon="-72.916168"></trkpt>
<trkpt lat="46.772441" lon="-72.916808"></trkpt>
<trkpt lat="46.772618" lon="-72.917078"></trkpt>
<trkpt lat="46.772766" lon="-72.917460"></trkpt>
<trkpt lat="46.772831" lon="-72.917946"></trkpt>
<trkpt lat="46.772831" lon="-72.918485"></trkpt>
<trkpt lat="46.772775" lon="-72.919038"></trkpt>
<trkpt lat="46.772696" lon="-72.919510"></trkpt>
<trkpt lat="46.772561" lon="-72.920407"></trkpt>
<trkpt lat="46.772547" lon="-72.921015"></trkpt>
<trkpt lat="46.772597" lon="-72.921457"></trkpt>
<trkpt lat="46.772709" lon="-72.921890"></trkpt>
<trkpt lat="46.773063" lon="-72.922646"></trkpt>
<trkpt lat="46.773465" lon="-72.923477"></trkpt>
<trkpt lat="46.773617" lon="-72.923991"></trkpt>
<trkpt lat="46.773680" lon="-72.924636"></trkpt>
<trkpt lat="46.773671" lon="-72.925998"></trkpt>
<trkpt lat="46.773596" lon="-72.927328"></trkpt>
<trkpt lat="46.773473" lon="-72.927742"></trkpt>
<trkpt lat="46.773326" lon="-72.928032"></trkpt>
<trkpt lat="46.773194" lon="-72.928221"></trkpt>
<trkpt lat="46.772903" lon="-72.928479"></trkpt>
<trkpt lat="46.772560" lon="-72.928654"></trkpt>
<trkpt lat="46.772014" lon="-72.928836"></trkpt>
<trkpt lat="46.771794" lon="-72.928991"></trkpt>
<trkpt lat="46.771622" lon="-72.929196"></trkpt>
<trkpt lat="46.771437" lon="-72.929516"></trkpt>
<trkpt lat="46.770666" lon="-72.931174"></trkpt>
<trkpt lat="46.770492" lon="-72.931721"></trkpt>
<trkpt lat="46.770402" lon="-72.932297"></trkpt>
<trkpt lat="46.770388" lon="-72.932778"></trkpt>
<trkpt lat="46.770410" lon="-72.933769"></trkpt>
<trkpt lat="46.770334" lon="-72.934710"></trkpt>
<trkpt lat="46.770087" lon="-72.936576"></trkpt>
<trkpt lat="46.770067" lon="-72.937069"></trkpt>
<trkpt lat="46.770103" lon="-72.937631"></trkpt>
<trkpt lat="46.770217" lon="-72.938253"></trkpt>
<trkpt lat="46.770711" lon="-72.940375"></trkpt>
<trkpt lat="46.770888" lon="-72.940914"></trkpt>
<trkpt lat="46.771140" lon="-72.941453"></trkpt>
<trkpt lat="46.772012" lon="-72.942985"></trkpt>
<trkpt lat="46.772568" lon="-72.944227"></trkpt>
<trkpt lat="46.772704" lon="-72.944428"></trkpt>
<trkpt lat="46.773310" lon="-72.945095"></trkpt>
<trkpt lat="46.773485" lon="-72.945392"></trkpt>
<trkpt lat="46.773576" lon="-72.945734"></trkpt>
<trkpt lat="46.773577" lon="-72.946075"></trkpt>
<trkpt lat="46.773552" lon="-72.946331"></trkpt>
<trkpt lat="46.773386" lon="-72.946724"></trkpt>
<trkpt lat="46.773266" lon="-72.946891"></trkpt>
<trkpt lat="46.772029" lon="-72.947988"></trkpt>
<trkpt lat="46.769894" lon="-72.950498"></trkpt>
<trkpt lat="46.767418" lon="-72.954059"></trkpt>
<trkpt lat="46.767038" lon="-72.954452"></trkpt>
<trkpt lat="46.766351" lon="-72.954971"></trkpt>
<trkpt lat="46.765309" lon="-72.955505"></trkpt>
<trkpt lat="46.764688" lon="-72.955875"></trkpt>
<trkpt lat="46.764195" lon="-72.956320"></trkpt>
<trkpt lat="46.763759" lon="-72.956977"></trkpt>
<trkpt lat="46.762968" lon="-72.958734"></trkpt>
<trkpt lat="46.762356" lon="-72.959870"></trkpt>
<trkpt lat="46.762102" lon="-72.960645"></trkpt>
<trkpt lat="46.761688" lon="-72.962528"></trkpt>
<trkpt lat="46.761458" lon="-72.963129"></trkpt>
<trkpt lat="46.761195" lon="-72.963589"></trkpt>
<trkpt lat="46.760876" lon="-72.964002"></trkpt>
<trkpt lat="46.760574" lon="-72.964316"></trkpt>
<trkpt lat="46.760232" lon="-72.964559"></trkpt>
<trkpt lat="46.759792" lon="-72.964777"></trkpt>
<trkpt lat="46.758401" lon="-72.965003"></trkpt>
<trkpt lat="46.758042" lon="-72.965199"></trkpt>
<trkpt lat="46.757775" lon="-72.965383"></trkpt>
<trkpt lat="46.757525" lon="-72.965682"></trkpt>
<trkpt lat="46.757313" lon="-72.966026"></trkpt>
<trkpt lat="46.757103" lon="-72.966479"></trkpt>
<trkpt lat="46.756957" lon="-72.966901"></trkpt>
<trkpt lat="46.756526" lon="-72.969756"></trkpt>
<trkpt lat="46.756412" lon="-72.970159"></trkpt>
<trkpt lat="46.756258" lon="-72.970579"></trkpt>
<trkpt lat="46.756063" lon="-72.970896"></trkpt>
<trkpt lat="46.755814" lon="-72.971191"></trkpt>
<trkpt lat="46.755608" lon="-72.971358"></trkpt>
<trkpt lat="46.755355" lon="-72.971483"></trkpt>
<trkpt lat="46.754734" lon="-72.971680"></trkpt>
<trkpt lat="46.754240" lon="-72.971899"></trkpt>
<trkpt lat="46.753915" lon="-72.972221"></trkpt>
<trkpt lat="46.753713" lon="-72.972550"></trkpt>
<trkpt lat="46.753550" lon="-72.973018"></trkpt>
<trkpt lat="46.753478" lon="-72.973582"></trkpt>
<trkpt lat="46.753212" lon="-72.974935"></trkpt>
<trkpt lat="46.753004" lon="-72.975694"></trkpt>
<trkpt lat="46.752909" lon="-72.976284"></trkpt>
<trkpt lat="46.752915" lon="-72.976885"></trkpt>
<trkpt lat="46.753009" lon="-72.977249"></trkpt>
<trkpt lat="46.753186" lon="-72.977625"></trkpt>
<trkpt lat="46.753426" lon="-72.977955"></trkpt>
<trkpt lat="46.753757" lon="-72.978231"></trkpt>
<trkpt lat="46.754406" lon="-72.978612"></trkpt>
<trkpt lat="46.754812" lon="-72.979029"></trkpt>
<trkpt lat="46.755459" lon="-72.980080"></trkpt>
<trkpt lat="46.755652" lon="-72.980574"></trkpt>
<trkpt lat="46.755763" lon="-72.981068"></trkpt>
<trkpt lat="46.755959" lon="-72.982300"></trkpt>
<trkpt lat="46.756198" lon="-72.983552"></trkpt>
<trkpt lat="46.756425" lon="-72.984238"></trkpt>
<trkpt lat="46.756643" lon="-72.984615"></trkpt>
<trkpt lat="46.756925" lon="-72.984933"></trkpt>
<trkpt lat="46.757442" lon="-72.985237"></trkpt>
<trkpt lat="46.757828" lon="-72.985229"></trkpt>
<trkpt lat="46.758191" lon="-72.985108"></trkpt>
<trkpt lat="46.758431" lon="-72.984943"></trkpt>
<trkpt lat="46.758829" lon="-72.984477"></trkpt>
<trkpt lat="46.759141" lon="-72.983839"></trkpt>
<trkpt lat="46.759487" lon="-72.982867"></trkpt>
<trkpt lat="46.759678" lon="-72.982453"></trkpt>
<trkpt lat="46.759952" lon="-72.982129"></trkpt>
<trkpt lat="46.760526" lon="-72.981919"></trkpt>
<trkpt lat="46.760891" lon="-72.981950"></trkpt>
<trkpt lat="46.761240" lon="-72.982083"></trkpt>
<trkpt lat="46.761568" lon="-72.982430"></trkpt>
<trkpt lat="46.761846" lon="-72.983010"></trkpt>
<trkpt lat="46.761964" lon="-72.983602"></trkpt>
<trkpt lat="46.761966" lon="-72.983934"></trkpt>
<trkpt lat="46.761685" lon="-72.985368"></trkpt>
<trkpt lat="46.761575" lon="-72.986748"></trkpt>
<trkpt lat="46.761641" lon="-72.987517"></trkpt>
<trkpt lat="46.761793" lon="-72.988287"></trkpt>
<trkpt lat="46.762318" lon="-72.989864"></trkpt>
<trkpt lat="46.762966" lon="-72.991226"></trkpt>
<trkpt lat="46.763480" lon="-72.992571"></trkpt>
<trkpt lat="46.763806" lon="-72.993779"></trkpt>
<trkpt lat="46.764544" lon="-72.997718"></trkpt>
<trkpt lat="46.764580" lon="-72.998159"></trkpt>
<trkpt lat="46.764552" lon="-72.998766"></trkpt>
<trkpt lat="46.764434" lon="-72.999323"></trkpt>
<trkpt lat="46.764220" lon="-72.999808"></trkpt>
<trkpt lat="46.763929" lon="-73.000197"></trkpt>
<trkpt lat="46.762711" lon="-73.001603"></trkpt>
<trkpt lat="46.762556" lon="-73.001868"></trkpt>
<trkpt lat="46.762438" lon="-73.002193"></trkpt>
<trkpt lat="46.762349" lon="-73.002614"></trkpt>
<trkpt lat="46.762312" lon="-73.003054"></trkpt>
<trkpt lat="46.762401" lon="-73.006892"></trkpt>
<trkpt lat="46.762326" lon="-73.007794"></trkpt>
<trkpt lat="46.762117" lon="-73.008728"></trkpt>
<trkpt lat="46.761787" lon="-73.009522"></trkpt>
<trkpt lat="46.761221" lon="-73.010536"></trkpt>
<trkpt lat="46.760201" lon="-73.013103"></trkpt>
<trkpt lat="46.759969" lon="-73.013768"></trkpt>
<trkpt lat="46.759864" lon="-73.014405"></trkpt>
<trkpt lat="46.759910" lon="-73.015318"></trkpt>
<trkpt lat="46.760057" lon="-73.015731"></trkpt>
<trkpt lat="46.760287" lon="-73.016100"></trkpt>
<trkpt lat="46.760682" lon="-73.016538"></trkpt>
<trkpt lat="46.761471" lon="-73.016985"></trkpt>
<trkpt lat="46.762052" lon="-73.017509"></trkpt>
<trkpt lat="46.762391" lon="-73.018202"></trkpt>
<trkpt lat="46.762624" lon="-73.018900"></trkpt>
<trkpt lat="46.762725" lon="-73.019446"></trkpt>
<trkpt lat="46.762741" lon="-73.020180"></trkpt>
<trkpt lat="46.762668" lon="-73.020792"></trkpt>
<trkpt lat="46.762536" lon="-73.021366"></trkpt>
<trkpt lat="46.762387" lon="-73.021801"></trkpt>
<trkpt lat="46.761796" lon="-73.022925"></trkpt>
<trkpt lat="46.761643" lon="-73.023359"></trkpt>
<trkpt lat="46.761535" lon="-73.023804"></trkpt>
<trkpt lat="46.761546" lon="-73.024501"></trkpt>
<trkpt lat="46.761665" lon="-73.024959"></trkpt>
<trkpt lat="46.761827" lon="-73.025342"></trkpt>
<trkpt lat="46.762019" lon="-73.025716"></trkpt>
<trkpt lat="46.762381" lon="-73.026080"></trkpt>
<trkpt lat="46.762825" lon="-73.026314"></trkpt>
<trkpt lat="46.763243" lon="-73.026320"></trkpt>
<trkpt lat="46.763883" lon="-73.026103"></trkpt>
<trkpt lat="46.764582" lon="-73.025597"></trkpt>
<trkpt lat="46.765160" lon="-73.025280"></trkpt>
<trkpt lat="46.765548" lon="-73.025248"></trkpt>
<trkpt lat="46.765916" lon="-73.025311"></trkpt>
<trkpt lat="46.766258" lon="-73.025518"></trkpt>
<trkpt lat="46.766609" lon="-73.025958"></trkpt>
<trkpt lat="46.767062" lon="-73.026400"></trkpt>
<trkpt lat="46.767320" lon="-73.026518"></trkpt>
<trkpt lat="46.767641" lon="-73.026577"></trkpt>
<trkpt lat="46.768619" lon="-73.026474"></trkpt>
<trkpt lat="46.768852" lon="-73.026578"></trkpt>
<trkpt lat="46.769011" lon="-73.026750"></trkpt>
<trkpt lat="46.769145" lon="-73.026956"></trkpt>
<trkpt lat="46.769260" lon="-73.027380"></trkpt>
<trkpt lat="46.769265" lon="-73.027713"></trkpt>
<trkpt lat="46.769206" lon="-73.028077"></trkpt>
<trkpt lat="46.769056" lon="-73.028464"></trkpt>
<trkpt lat="46.768670" lon="-73.029090"></trkpt>
<trkpt lat="46.768553" lon="-73.029370"></trkpt>
<trkpt lat="46.768504" lon="-73.029650"></trkpt>
<trkpt lat="46.768500" lon="-73.029989"></trkpt>
<trkpt lat="46.768833" lon="-73.031230"></trkpt>
<trkpt lat="46.768861" lon="-73.031613"></trkpt>
<trkpt lat="46.768819" lon="-73.031995"></trkpt>
<trkpt lat="46.768738" lon="-73.032300"></trkpt>
<trkpt lat="46.768553" lon="-73.032701"></trkpt>
<trkpt lat="46.768349" lon="-73.032988"></trkpt>
<trkpt lat="46.768067" lon="-73.033260"></trkpt>
<trkpt lat="46.767637" lon="-73.033451"></trkpt>
<trkpt lat="46.766275" lon="-73.033766"></trkpt>
<trkpt lat="46.764468" lon="-73.034448"></trkpt>
<trkpt lat="46.764107" lon="-73.034441"></trkpt>
<trkpt lat="46.763778" lon="-73.034304"></trkpt>
<trkpt lat="46.763460" lon="-73.034039"></trkpt>
<trkpt lat="46.763223" lon="-73.033702"></trkpt>
<trkpt lat="46.762689" lon="-73.032339"></trkpt>
<trkpt lat="46.762466" lon="-73.031970"></trkpt>
<trkpt lat="46.762220" lon="-73.031727"></trkpt>
<trkpt lat="46.761793" lon="-73.031524"></trkpt>
<trkpt lat="46.761420" lon="-73.031498"></trkpt>
<trkpt lat="46.757864" lon="-73.032146"></trkpt>
<trkpt lat="46.757533" lon="-73.032239"></trkpt>
<trkpt lat="46.757222" lon="-73.032458"></trkpt>
<trkpt lat="46.757011" lon="-73.032702"></trkpt>
<trkpt lat="46.756873" lon="-73.032938"></trkpt>
<trkpt lat="46.756755" lon="-73.033223"></trkpt>
<trkpt lat="46.756666" lon="-73.033523"></trkpt>
<trkpt lat="46.756563" lon="-73.034383"></trkpt>
<trkpt lat="46.756368" lon="-73.035228"></trkpt>
<trkpt lat="46.755922" lon="-73.036613"></trkpt>
<trkpt lat="46.755844" lon="-73.037269"></trkpt>
<trkpt lat="46.755886" lon="-73.037738"></trkpt>
<trkpt lat="46.756003" lon="-73.038210"></trkpt>
<trkpt lat="46.756219" lon="-73.038598"></trkpt>
<trkpt lat="46.756455" lon="-73.038824"></trkpt>
<trkpt lat="46.756994" lon="-73.039136"></trkpt>
<trkpt lat="46.757883" lon="-73.039463"></trkpt>
<trkpt lat="46.758422" lon="-73.039509"></trkpt>
<trkpt lat="46.758871" lon="-73.039398"></trkpt>
<trkpt lat="46.759940" lon="-73.038957"></trkpt>
<trkpt lat="46.760419" lon="-73.038812"></trkpt>
<trkpt lat="46.760908" lon="-73.038747"></trkpt>
<trkpt lat="46.761733" lon="-73.038979"></trkpt>
<trkpt lat="46.762333" lon="-73.039314"></trkpt>
<trkpt lat="46.762816" lon="-73.039662"></trkpt>
<trkpt lat="46.763069" lon="-73.040128"></trkpt>
<trkpt lat="46.763244" lon="-73.040616"></trkpt>
<trkpt lat="46.763312" lon="-73.041268"></trkpt>
<trkpt lat="46.763215" lon="-73.041857"></trkpt>
<trkpt lat="46.763071" lon="-73.042205"></trkpt>
<trkpt lat="46.762916" lon="-73.042488"></trkpt>
<trkpt lat="46.762615" lon="-73.042777"></trkpt>
<trkpt lat="46.762146" lon="-73.042940"></trkpt>
<trkpt lat="46.760737" lon="-73.042886"></trkpt>
<trkpt lat="46.759431" lon="-73.043038"></trkpt>
<trkpt lat="46.758503" lon="-73.043084"></trkpt>
<trkpt lat="46.755767" lon="-73.042759"></trkpt>
<trkpt lat="46.755300" lon="-73.042887"></trkpt>
<trkpt lat="46.754879" lon="-73.043229"></trkpt>
<trkpt lat="46.754507" lon="-73.043720"></trkpt>
<trkpt lat="46.754094" lon="-73.044774"></trkpt>
<trkpt lat="46.753636" lon="-73.046095"></trkpt>
<trkpt lat="46.753551" lon="-73.046427"></trkpt>
<trkpt lat="46.753513" lon="-73.046787"></trkpt>
<trkpt lat="46.753535" lon="-73.047151"></trkpt>
<trkpt lat="46.753630" lon="-73.047629"></trkpt>
<trkpt lat="46.753726" lon="-73.047904"></trkpt>
<trkpt lat="46.753952" lon="-73.048314"></trkpt>
<trkpt lat="46.754165" lon="-73.048601"></trkpt>
<trkpt lat="46.754411" lon="-73.048824"></trkpt>
<trkpt lat="46.755186" lon="-73.049312"></trkpt>
<trkpt lat="46.756088" lon="-73.049795"></trkpt>
<trkpt lat="46.756375" lon="-73.049816"></trkpt>
<trkpt lat="46.756595" lon="-73.049784"></trkpt>
<trkpt lat="46.756864" lon="-73.049672"></trkpt>
<trkpt lat="46.757628" lon="-73.049149"></trkpt>
<trkpt lat="46.761105" lon="-73.046553"></trkpt>
<trkpt lat="46.761423" lon="-73.046400"></trkpt>
<trkpt lat="46.761742" lon="-73.046345"></trkpt>
<trkpt lat="46.762136" lon="-73.046391"></trkpt>
<trkpt lat="46.762538" lon="-73.046657"></trkpt>
<trkpt lat="46.762838" lon="-73.047056"></trkpt>
<trkpt lat="46.763016" lon="-73.047435"></trkpt>
<trkpt lat="46.763093" lon="-73.047862"></trkpt>
<trkpt lat="46.763084" lon="-73.048310"></trkpt>
<trkpt lat="46.762990" lon="-73.048895"></trkpt>
<trkpt lat="46.762817" lon="-73.049340"></trkpt>
<trkpt lat="46.762346" lon="-73.049930"></trkpt>
<trkpt lat="46.759485" lon="-73.052784"></trkpt>
<trkpt lat="46.759302" lon="-73.053053"></trkpt>
<trkpt lat="46.759200" lon="-73.053295"></trkpt>
<trkpt lat="46.759158" lon="-73.053620"></trkpt>
<trkpt lat="46.759155" lon="-73.053888"></trkpt>
<trkpt lat="46.759199" lon="-73.054222"></trkpt>
<trkpt lat="46.759349" lon="-73.054534"></trkpt>
<trkpt lat="46.759549" lon="-73.054755"></trkpt>
<trkpt lat="46.760302" lon="-73.055345"></trkpt>
<trkpt lat="46.760502" lon="-73.055553"></trkpt>
<trkpt lat="46.760635" lon="-73.055741"></trkpt>
<trkpt lat="46.760728" lon="-73.055965"></trkpt>
<trkpt lat="46.760786" lon="-73.056200"></trkpt>
<trkpt lat="46.760804" lon="-73.056445"></trkpt>
<trkpt lat="46.760787" lon="-73.056706"></trkpt>
<trkpt lat="46.760730" lon="-73.056996"></trkpt>
<trkpt lat="46.760624" lon="-73.057248"></trkpt>
<trkpt lat="46.760434" lon="-73.057474"></trkpt>
<trkpt lat="46.760185" lon="-73.057655"></trkpt>
<trkpt lat="46.759988" lon="-73.057687"></trkpt>
<trkpt lat="46.759801" lon="-73.057670"></trkpt>
<trkpt lat="46.759594" lon="-73.057581"></trkpt>
<trkpt lat="46.759338" lon="-73.057390"></trkpt>
<trkpt lat="46.758353" lon="-73.056254"></trkpt>
<trkpt lat="46.758054" lon="-73.056046"></trkpt>
<trkpt lat="46.757702" lon="-73.055924"></trkpt>
<trkpt lat="46.756867" lon="-73.055852"></trkpt>
<trkpt lat="46.756645" lon="-73.055799"></trkpt>
<trkpt lat="46.756419" lon="-73.055692"></trkpt>
<trkpt lat="46.756171" lon="-73.055486"></trkpt>
<trkpt lat="46.755754" lon="-73.054897"></trkpt>
<trkpt lat="46.755538" lon="-73.054636"></trkpt>
<trkpt lat="46.755299" lon="-73.054462"></trkpt>
<trkpt lat="46.754821" lon="-73.054339"></trkpt>
<trkpt lat="46.754543" lon="-73.054368"></trkpt>
<trkpt lat="46.754289" lon="-73.054439"></trkpt>
<trkpt lat="46.754031" lon="-73.054632"></trkpt>
<trkpt lat="46.753888" lon="-73.054793"></trkpt>
<trkpt lat="46.753721" lon="-73.055042"></trkpt>
<trkpt lat="46.753629" lon="-73.055260"></trkpt>
<trkpt lat="46.753429" lon="-73.055960"></trkpt>
<trkpt lat="46.753154" lon="-73.056653"></trkpt>
<trkpt lat="46.752823" lon="-73.057247"></trkpt>
<trkpt lat="46.752494" lon="-73.057740"></trkpt>
<trkpt lat="46.752053" lon="-73.058466"></trkpt>
<trkpt lat="46.751808" lon="-73.058994"></trkpt>
<trkpt lat="46.751523" lon="-73.059759"></trkpt>
<trkpt lat="46.751362" lon="-73.060593"></trkpt>
<trkpt lat="46.751269" lon="-73.061438"></trkpt>
<trkpt lat="46.751190" lon="-73.062528"></trkpt>
<trkpt lat="46.751089" lon="-73.063047"></trkpt>
<trkpt lat="46.750943" lon="-73.063507"></trkpt>
<trkpt lat="46.750584" lon="-73.064307"></trkpt>
<trkpt lat="46.750471" lon="-73.064682"></trkpt>
<trkpt lat="46.750397" lon="-73.065057"></trkpt>
<trkpt lat="46.750342" lon="-73.065721"></trkpt>
<trkpt lat="46.750277" lon="-73.067764"></trkpt>
<trkpt lat="46.750192" lon="-73.068242"></trkpt>
<trkpt lat="46.749964" lon="-73.068798"></trkpt>
<trkpt lat="46.749807" lon="-73.069017"></trkpt>
<trkpt lat="46.749576" lon="-73.069230"></trkpt>
<trkpt lat="46.749233" lon="-73.069412"></trkpt>
<trkpt lat="46.748876" lon="-73.069498"></trkpt>
<trkpt lat="46.748633" lon="-73.069470"></trkpt>
<trkpt lat="46.748404" lon="-73.069346"></trkpt>
<trkpt lat="46.748058" lon="-73.069052"></trkpt>
<trkpt lat="46.746290" lon="-73.067329"></trkpt>
<trkpt lat="46.745641" lon="-73.066758"></trkpt>
<trkpt lat="46.744880" lon="-73.066261"></trkpt>
<trkpt lat="46.743916" lon="-73.065786"></trkpt>
<trkpt lat="46.739820" lon="-73.064626"></trkpt>
<trkpt lat="46.739037" lon="-73.064251"></trkpt>
<trkpt lat="46.736856" lon="-73.063100"></trkpt>
<trkpt lat="46.736462" lon="-73.062970"></trkpt>
<trkpt lat="46.735389" lon="-73.062833"></trkpt>
<trkpt lat="46.735051" lon="-73.062719"></trkpt>
<trkpt lat="46.732704" lon="-73.061671"></trkpt>
<trkpt lat="46.732466" lon="-73.061588"></trkpt>
<trkpt lat="46.731963" lon="-73.061478"></trkpt>
<trkpt lat="46.731714" lon="-73.061368"></trkpt>
<trkpt lat="46.731492" lon="-73.061182"></trkpt>
<trkpt lat="46.731305" lon="-73.060941"></trkpt>
<trkpt lat="46.730511" lon="-73.059341"></trkpt>
<trkpt lat="46.730262" lon="-73.058961"></trkpt>
<trkpt lat="46.729921" lon="-73.058622"></trkpt>
<trkpt lat="46.729586" lon="-73.058370"></trkpt>
<trkpt lat="46.728872" lon="-73.058042"></trkpt>
<trkpt lat="46.727652" lon="-73.057148"></trkpt>
<trkpt lat="46.726899" lon="-73.056697"></trkpt>
<trkpt lat="46.726701" lon="-73.056611"></trkpt>
<trkpt lat="46.726437" lon="-73.056545"></trkpt>
<trkpt lat="46.726158" lon="-73.056588"></trkpt>
<trkpt lat="46.725520" lon="-73.056840"></trkpt>
<trkpt lat="46.725295" lon="-73.056835"></trkpt>
<trkpt lat="46.724984" lon="-73.056757"></trkpt>
<trkpt lat="46.724777" lon="-73.056646"></trkpt>
<trkpt lat="46.724530" lon="-73.056448"></trkpt>
<trkpt lat="46.724304" lon="-73.056126"></trkpt>
<trkpt lat="46.723760" lon="-73.054243"></trkpt>
<trkpt lat="46.723227" lon="-73.051267"></trkpt>
<trkpt lat="46.723095" lon="-73.050657"></trkpt>
<trkpt lat="46.722976" lon="-73.050362"></trkpt>
<trkpt lat="46.722804" lon="-73.050052"></trkpt>
<trkpt lat="46.722497" lon="-73.049744"></trkpt>
<trkpt lat="46.722205" lon="-73.049613"></trkpt>
<trkpt lat="46.721800" lon="-73.049570"></trkpt>
<trkpt lat="46.721569" lon="-73.049651"></trkpt>
<trkpt lat="46.721302" lon="-73.049863"></trkpt>
<trkpt lat="46.721065" lon="-73.050157"></trkpt>
<trkpt lat="46.720909" lon="-73.050555"></trkpt>
<trkpt lat="46.720801" lon="-73.051010"></trkpt>
<trkpt lat="46.720779" lon="-73.052648"></trkpt>
<trkpt lat="46.720829" lon="-73.053273"></trkpt>
<trkpt lat="46.721076" lon="-73.054407"></trkpt>
<trkpt lat="46.721140" lon="-73.055142"></trkpt>
<trkpt lat="46.721085" lon="-73.055769"></trkpt>
<trkpt lat="46.720979" lon="-73.056302"></trkpt>
<trkpt lat="46.720773" lon="-73.056928"></trkpt>
<trkpt lat="46.720765" lon="-73.056944"></trkpt>
<trkpt lat="46.720508" lon="-73.057457"></trkpt>
<trkpt lat="46.720199" lon="-73.057856"></trkpt>
<trkpt lat="46.719506" lon="-73.058422"></trkpt>
<trkpt lat="46.719366" lon="-73.058598"></trkpt>
<trkpt lat="46.719041" lon="-73.059297"></trkpt>
<trkpt lat="46.718429" lon="-73.060976"></trkpt>
<trkpt lat="46.718215" lon="-73.061328"></trkpt>
<trkpt lat="46.718008" lon="-73.061550"></trkpt>
<trkpt lat="46.717812" lon="-73.061741"></trkpt>
<trkpt lat="46.717499" lon="-73.061896"></trkpt>
<trkpt lat="46.717170" lon="-73.061949"></trkpt>
<trkpt lat="46.716786" lon="-73.061904"></trkpt>
<trkpt lat="46.716498" lon="-73.061794"></trkpt>
<trkpt lat="46.716253" lon="-73.061621"></trkpt>
<trkpt lat="46.716005" lon="-73.061369"></trkpt>
<trkpt lat="46.715764" lon="-73.060987"></trkpt>
<trkpt lat="46.715575" lon="-73.060424"></trkpt>
<trkpt lat="46.715478" lon="-73.059963"></trkpt>
<trkpt lat="46.715463" lon="-73.059513"></trkpt>
<trkpt lat="46.715559" lon="-73.058811"></trkpt>
<trkpt lat="46.715588" lon="-73.058438"></trkpt>
<trkpt lat="46.715571" lon="-73.058059"></trkpt>
<trkpt lat="46.715480" lon="-73.057617"></trkpt>
<trkpt lat="46.715384" lon="-73.057319"></trkpt>
<trkpt lat="46.714712" lon="-73.055806"></trkpt>
<trkpt lat="46.714411" lon="-73.054965"></trkpt>
<trkpt lat="46.713927" lon="-73.053293"></trkpt>
<trkpt lat="46.713688" lon="-73.052110"></trkpt>
<trkpt lat="46.713500" lon="-73.050825"></trkpt>
<trkpt lat="46.713393" lon="-73.049550"></trkpt>
<trkpt lat="46.713317" lon="-73.047322"></trkpt>
<trkpt lat="46.713236" lon="-73.046518"></trkpt>
<trkpt lat="46.713110" lon="-73.046050"></trkpt>
<trkpt lat="46.712845" lon="-73.045498"></trkpt>
<trkpt lat="46.712237" lon="-73.044817"></trkpt>
<trkpt lat="46.712014" lon="-73.044415"></trkpt>
<trkpt lat="46.711917" lon="-73.044013"></trkpt>
<trkpt lat="46.711863" lon="-73.043529"></trkpt>
<trkpt lat="46.711891" lon="-73.043159"></trkpt>
<trkpt lat="46.712027" lon="-73.042575"></trkpt>
<trkpt lat="46.712225" lon="-73.042139"></trkpt>
<trkpt lat="46.712720" lon="-73.041285"></trkpt>
<trkpt lat="46.712882" lon="-73.040698"></trkpt>
<trkpt lat="46.712946" lon="-73.040131"></trkpt>
<trkpt lat="46.712918" lon="-73.039597"></trkpt>
<trkpt lat="46.712798" lon="-73.039111"></trkpt>
<trkpt lat="46.712589" lon="-73.038608"></trkpt>
<trkpt lat="46.712222" lon="-73.038156"></trkpt>
<trkpt lat="46.710687" lon="-73.036770"></trkpt>
<trkpt lat="46.710035" lon="-73.036078"></trkpt>
<trkpt lat="46.708263" lon="-73.033437"></trkpt>
<trkpt lat="46.707963" lon="-73.033051"></trkpt>
<trkpt lat="46.707629" lon="-73.032828"></trkpt>
<trkpt lat="46.707234" lon="-73.032734"></trkpt>
<trkpt lat="46.705757" lon="-73.032739"></trkpt>
<trkpt lat="46.705095" lon="-73.032639"></trkpt>
<trkpt lat="46.704239" lon="-73.032335"></trkpt>
<trkpt lat="46.703551" lon="-73.032020"></trkpt>
<trkpt lat="46.703319" lon="-73.031820"></trkpt>
<trkpt lat="46.703114" lon="-73.031508"></trkpt>
<trkpt lat="46.702810" lon="-73.030795"></trkpt>
<trkpt lat="46.702664" lon="-73.030577"></trkpt>
<trkpt lat="46.701636" lon="-73.029506"></trkpt>
<trkpt lat="46.700799" lon="-73.028405"></trkpt>
<trkpt lat="46.700393" lon="-73.028085"></trkpt>
<trkpt lat="46.700088" lon="-73.028038"></trkpt>
<trkpt lat="46.699825" lon="-73.028084"></trkpt>
<trkpt lat="46.699548" lon="-73.028197"></trkpt>
<trkpt lat="46.699247" lon="-73.028461"></trkpt>
<trkpt lat="46.698991" lon="-73.028828"></trkpt>
<trkpt lat="46.698796" lon="-73.029239"></trkpt>
<trkpt lat="46.698599" lon="-73.029933"></trkpt>
<trkpt lat="46.698389" lon="-73.031101"></trkpt>
<trkpt lat="46.697850" lon="-73.035757"></trkpt>
<trkpt lat="46.697708" lon="-73.036494"></trkpt>
<trkpt lat="46.697444" lon="-73.037240"></trkpt>
<trkpt lat="46.697112" lon="-73.037750"></trkpt>
<trkpt lat="46.696392" lon="-73.038405"></trkpt>
<trkpt lat="46.696139" lon="-73.038843"></trkpt>
<trkpt lat="46.695965" lon="-73.039317"></trkpt>
<trkpt lat="46.695886" lon="-73.039949"></trkpt>
<trkpt lat="46.695910" lon="-73.040884"></trkpt>
<trkpt lat="46.695811" lon="-73.041908"></trkpt>
<trkpt lat="46.695632" lon="-73.042978"></trkpt>
<trkpt lat="46.695482" lon="-73.044195"></trkpt>
<trkpt lat="46.695434" lon="-73.045406"></trkpt>
<trkpt lat="46.695305" lon="-73.046554"></trkpt>
<trkpt lat="46.694815" lon="-73.049781"></trkpt>
<trkpt lat="46.694574" lon="-73.052171"></trkpt>
<trkpt lat="46.694471" lon="-73.052643"></trkpt>
<trkpt lat="46.694277" lon="-73.053072"></trkpt>
<trkpt lat="46.693954" lon="-73.053459"></trkpt>
<trkpt lat="46.693649" lon="-73.053640"></trkpt>
<trkpt lat="46.693277" lon="-73.053664"></trkpt>
<trkpt lat="46.692868" lon="-73.053585"></trkpt>
<trkpt lat="46.692572" lon="-73.053375"></trkpt>
<trkpt lat="46.692327" lon="-73.053090"></trkpt>
<trkpt lat="46.692131" lon="-73.052702"></trkpt>
<trkpt lat="46.691971" lon="-73.052110"></trkpt>
<trkpt lat="46.691640" lon="-73.050473"></trkpt>
<trkpt lat="46.691402" lon="-73.049998"></trkpt>
<trkpt lat="46.691117" lon="-73.049660"></trkpt>
<trkpt lat="46.690383" lon="-73.049240"></trkpt>
<trkpt lat="46.690139" lon="-73.049038"></trkpt>
<trkpt lat="46.689973" lon="-73.048785"></trkpt>
<trkpt lat="46.689793" lon="-73.048281"></trkpt>
<trkpt lat="46.689708" lon="-73.047234"></trkpt>
<trkpt lat="46.689660" lon="-73.045340"></trkpt>
<trkpt lat="46.689444" lon="-73.042555"></trkpt>
<trkpt lat="46.689227" lon="-73.036578"></trkpt>
<trkpt lat="46.689093" lon="-73.035216"></trkpt>
<trkpt lat="46.688716" lon="-73.032433"></trkpt>
<trkpt lat="46.688696" lon="-73.030784"></trkpt>
<trkpt lat="46.688648" lon="-73.030011"></trkpt>
<trkpt lat="46.687304" lon="-73.023201"></trkpt>
<trkpt lat="46.687101" lon="-73.022636"></trkpt>
<trkpt lat="46.686800" lon="-73.022161"></trkpt>
<trkpt lat="46.686478" lon="-73.021884"></trkpt>
<trkpt lat="46.686034" lon="-73.021678"></trkpt>
<trkpt lat="46.685680" lon="-73.021696"></trkpt>
<trkpt lat="46.685443" lon="-73.021769"></trkpt>
<trkpt lat="46.685149" lon="-73.021949"></trkpt>
<trkpt lat="46.684875" lon="-73.022238"></trkpt>
<trkpt lat="46.684619" lon="-73.022698"></trkpt>
<trkpt lat="46.684461" lon="-73.023158"></trkpt>
<trkpt lat="46.684407" lon="-73.023575"></trkpt>
<trkpt lat="46.684433" lon="-73.024045"></trkpt>
<trkpt lat="46.684542" lon="-73.024727"></trkpt>
<trkpt lat="46.685344" lon="-73.027385"></trkpt>
<trkpt lat="46.685742" lon="-73.029159"></trkpt>
<trkpt lat="46.685849" lon="-73.030621"></trkpt>
<trkpt lat="46.685808" lon="-73.031819"></trkpt>
<trkpt lat="46.685688" lon="-73.032740"></trkpt>
<trkpt lat="46.685458" lon="-73.033812"></trkpt>
<trkpt lat="46.684923" lon="-73.036029"></trkpt>
<trkpt lat="46.684786" lon="-73.036803"></trkpt>
<trkpt lat="46.684723" lon="-73.037685"></trkpt>
<trkpt lat="46.684765" lon="-73.038507"></trkpt>
<trkpt lat="46.685274" lon="-73.041145"></trkpt>
<trkpt lat="46.685302" lon="-73.041520"></trkpt>
<trkpt lat="46.685285" lon="-73.041926"></trkpt>
<trkpt lat="46.685224" lon="-73.042343"></trkpt>
<trkpt lat="46.685120" lon="-73.042716"></trkpt>
<trkpt lat="46.684882" lon="-73.043206"></trkpt>
<trkpt lat="46.684596" lon="-73.043564"></trkpt>
<trkpt lat="46.684312" lon="-73.043774"></trkpt>
<trkpt lat="46.684064" lon="-73.043895"></trkpt>
<trkpt lat="46.683617" lon="-73.043951"></trkpt>
<trkpt lat="46.683225" lon="-73.043854"></trkpt>
<trkpt lat="46.682954" lon="-73.043688"></trkpt>
<trkpt lat="46.682650" lon="-73.043377"></trkpt>
<trkpt lat="46.682369" lon="-73.042842"></trkpt>
<trkpt lat="46.681660" lon="-73.040581"></trkpt>
<trkpt lat="46.680920" lon="-73.037639"></trkpt>
<trkpt lat="46.680523" lon="-73.036450"></trkpt>
<trkpt lat="46.679720" lon="-73.034622"></trkpt>
<trkpt lat="46.679191" lon="-73.033033"></trkpt>
<trkpt lat="46.678986" lon="-73.032628"></trkpt>
<trkpt lat="46.678623" lon="-73.032259"></trkpt>
<trkpt lat="46.678281" lon="-73.032042"></trkpt>
<trkpt lat="46.677284" lon="-73.031758"></trkpt>
<trkpt lat="46.676312" lon="-73.031323"></trkpt>
<trkpt lat="46.675797" lon="-73.031021"></trkpt>
<trkpt lat="46.675240" lon="-73.030466"></trkpt>
<trkpt lat="46.675052" lon="-73.030336"></trkpt>
<trkpt lat="46.674890" lon="-73.030278"></trkpt>
<trkpt lat="46.674737" lon="-73.030278"></trkpt>
<trkpt lat="46.674543" lon="-73.030341"></trkpt>
<trkpt lat="46.674343" lon="-73.030508"></trkpt>
<trkpt lat="46.674152" lon="-73.030790"></trkpt>
<trkpt lat="46.673919" lon="-73.031227"></trkpt>
<trkpt lat="46.673329" lon="-73.032692"></trkpt>
<trkpt lat="46.672806" lon="-73.033778"></trkpt>
<trkpt lat="46.672623" lon="-73.034080"></trkpt>
<trkpt lat="46.672491" lon="-73.034233"></trkpt>
<trkpt lat="46.672320" lon="-73.034326"></trkpt>
<trkpt lat="46.672129" lon="-73.034373"></trkpt>
<trkpt lat="46.671908" lon="-73.034330"></trkpt>
<trkpt lat="46.671778" lon="-73.034267"></trkpt>
<trkpt lat="46.671620" lon="-73.034131"></trkpt>
<trkpt lat="46.671484" lon="-73.033935"></trkpt>
<trkpt lat="46.671386" lon="-73.033711"></trkpt>
<trkpt lat="46.671327" lon="-73.033394"></trkpt>
<trkpt lat="46.671251" lon="-73.032238"></trkpt>
<trkpt lat="46.671243" lon="-73.031797"></trkpt>
<trkpt lat="46.671261" lon="-73.031497"></trkpt>
<trkpt lat="46.671317" lon="-73.031105"></trkpt>
<trkpt lat="46.671507" lon="-73.030247"></trkpt>
<trkpt lat="46.671628" lon="-73.029389"></trkpt>
<trkpt lat="46.671692" lon="-73.028721"></trkpt>
<trkpt lat="46.671720" lon="-73.027838"></trkpt>
<trkpt lat="46.671665" lon="-73.026783"></trkpt>
<trkpt lat="46.671486" lon="-73.025752"></trkpt>
<trkpt lat="46.671245" lon="-73.024849"></trkpt>
<trkpt lat="46.670693" lon="-73.023463"></trkpt>
<trkpt lat="46.670461" lon="-73.023065"></trkpt>
<trkpt lat="46.669829" lon="-73.022146"></trkpt>
<trkpt lat="46.669680" lon="-73.021984"></trkpt>
<trkpt lat="46.669341" lon="-73.021814"></trkpt>
<trkpt lat="46.669216" lon="-73.021806"></trkpt>
<trkpt lat="46.668936" lon="-73.021904"></trkpt>
<trkpt lat="46.668512" lon="-73.022130"></trkpt>
<trkpt lat="46.668268" lon="-73.022177"></trkpt>
<trkpt lat="46.667998" lon="-73.022149"></trkpt>
<trkpt lat="46.667747" lon="-73.022072"></trkpt>
<trkpt lat="46.667531" lon="-73.021906"></trkpt>
<trkpt lat="46.667345" lon="-73.021666"></trkpt>
<trkpt lat="46.667158" lon="-73.021361"></trkpt>
<trkpt lat="46.666915" lon="-73.020966"></trkpt>
<trkpt lat="46.666808" lon="-73.020792"></trkpt>
<trkpt lat="46.666741" lon="-73.020672"></trkpt>
<trkpt lat="46.666503" lon="-73.020348"></trkpt>
<trkpt lat="46.665910" lon="-73.019887"></trkpt>
<trkpt lat="46.664065" lon="-73.017949"></trkpt>
<trkpt lat="46.663811" lon="-73.017580"></trkpt>
<trkpt lat="46.663682" lon="-73.017249"></trkpt>
<trkpt lat="46.663586" lon="-73.016846"></trkpt>
<trkpt lat="46.663558" lon="-73.016390"></trkpt>
<trkpt lat="46.663613" lon="-73.015760"></trkpt>
<trkpt lat="46.663638" lon="-73.015432"></trkpt>
<trkpt lat="46.663627" lon="-73.015040"></trkpt>
<trkpt lat="46.663553" lon="-73.014609"></trkpt>
<trkpt lat="46.663354" lon="-73.014144"></trkpt>
<trkpt lat="46.663128" lon="-73.013818"></trkpt>
<trkpt lat="46.662911" lon="-73.013609"></trkpt>
<trkpt lat="46.662070" lon="-73.013262"></trkpt>
<trkpt lat="46.661859" lon="-73.013137"></trkpt>
<trkpt lat="46.661442" lon="-73.012745"></trkpt>
<trkpt lat="46.661175" lon="-73.012334"></trkpt>
<trkpt lat="46.660342" lon="-73.010845"></trkpt>
<trkpt lat="46.659905" lon="-73.010161"></trkpt>
<trkpt lat="46.659453" lon="-73.009586"></trkpt>
<trkpt lat="46.659304" lon="-73.009351"></trkpt>
<trkpt lat="46.659188" lon="-73.009086"></trkpt>
<trkpt lat="46.658821" lon="-73.007620"></trkpt>
<trkpt lat="46.658549" lon="-73.006919"></trkpt>
<trkpt lat="46.658297" lon="-73.006443"></trkpt>
<trkpt lat="46.657755" lon="-73.005683"></trkpt>
<trkpt lat="46.656909" lon="-73.004820"></trkpt>
<trkpt lat="46.656253" lon="-73.003834"></trkpt>
<trkpt lat="46.656098" lon="-73.003533"></trkpt>
<trkpt lat="46.655708" lon="-73.002586"></trkpt>
<trkpt lat="46.655420" lon="-73.001519"></trkpt>
<trkpt lat="46.655241" lon="-73.000513"></trkpt>
<trkpt lat="46.655119" lon="-72.999994"></trkpt>
<trkpt lat="46.654513" lon="-72.998433"></trkpt>
<trkpt lat="46.654357" lon="-72.997756"></trkpt>
<trkpt lat="46.654349" lon="-72.996999"></trkpt>
<trkpt lat="46.654538" lon="-72.996006"></trkpt>
<trkpt lat="46.654870" lon="-72.994830"></trkpt>
<trkpt lat="46.655025" lon="-72.993885"></trkpt>
<trkpt lat="46.655142" lon="-72.992702"></trkpt>
<trkpt lat="46.655185" lon="-72.991608"></trkpt>
<trkpt lat="46.655142" lon="-72.990499"></trkpt>
<trkpt lat="46.655037" lon="-72.989588"></trkpt>
<trkpt lat="46.654822" lon="-72.988450"></trkpt>
<trkpt lat="46.654449" lon="-72.987196"></trkpt>
<trkpt lat="46.654191" lon="-72.986418"></trkpt>
<trkpt lat="46.654086" lon="-72.985834"></trkpt>
<trkpt lat="46.654041" lon="-72.985245"></trkpt>
<trkpt lat="46.654065" lon="-72.984519"></trkpt>
<trkpt lat="46.654054" lon="-72.983794"></trkpt>
<trkpt lat="46.653986" lon="-72.983325"></trkpt>
<trkpt lat="46.653863" lon="-72.982855"></trkpt>
<trkpt lat="46.653289" lon="-72.981238"></trkpt>
<trkpt lat="46.653039" lon="-72.980229"></trkpt>
<trkpt lat="46.652788" lon="-72.978584"></trkpt>
<trkpt lat="46.652416" lon="-72.976949"></trkpt>
<trkpt lat="46.652313" lon="-72.975645"></trkpt>
<trkpt lat="46.652181" lon="-72.975221"></trkpt>
<trkpt lat="46.651984" lon="-72.974850"></trkpt>
<trkpt lat="46.651370" lon="-72.974159"></trkpt>
<trkpt lat="46.651176" lon="-72.973841"></trkpt>
<trkpt lat="46.651009" lon="-72.973421"></trkpt>
<trkpt lat="46.650915" lon="-72.972977"></trkpt>
<trkpt lat="46.650848" lon="-72.972001"></trkpt>
<trkpt lat="46.650786" lon="-72.971498"></trkpt>
<trkpt lat="46.650611" lon="-72.970833"></trkpt>
<trkpt lat="46.650379" lon="-72.969751"></trkpt>
<trkpt lat="46.650155" lon="-72.968882"></trkpt>
<trkpt lat="46.649891" lon="-72.968129"></trkpt>
<trkpt lat="46.649757" lon="-72.967814"></trkpt>
<trkpt lat="46.649601" lon="-72.967529"></trkpt>
<trkpt lat="46.649398" lon="-72.967200"></trkpt>
<trkpt lat="46.648306" lon="-72.965630"></trkpt>
<trkpt lat="46.647572" lon="-72.964388"></trkpt>
<trkpt lat="46.647339" lon="-72.964061"></trkpt>
<trkpt lat="46.647035" lon="-72.963778"></trkpt>
<trkpt lat="46.646741" lon="-72.963591"></trkpt>
<trkpt lat="46.646254" lon="-72.963287"></trkpt>
<trkpt lat="46.644976" lon="-72.962392"></trkpt>
<trkpt lat="46.644586" lon="-72.962086"></trkpt>
<trkpt lat="46.644143" lon="-72.961739"></trkpt>
<trkpt lat="46.643191" lon="-72.961026"></trkpt>
<trkpt lat="46.642982" lon="-72.960908"></trkpt>
<trkpt lat="46.642606" lon="-72.960755"></trkpt>
<trkpt lat="46.642320" lon="-72.960706"></trkpt>
<trkpt lat="46.641929" lon="-72.960744"></trkpt>
<trkpt lat="46.641784" lon="-72.960792"></trkpt>
<trkpt lat="46.641160" lon="-72.961210"></trkpt>
<trkpt lat="46.640781" lon="-72.961510"></trkpt>
<trkpt lat="46.640653" lon="-72.961673"></trkpt>
<trkpt lat="46.640448" lon="-72.962134"></trkpt>
<trkpt lat="46.640341" lon="-72.962280"></trkpt>
<trkpt lat="46.640248" lon="-72.962297"></trkpt>
<trkpt lat="46.640166" lon="-72.962285"></trkpt>
<trkpt lat="46.640013" lon="-72.962167"></trkpt>
<trkpt lat="46.639770" lon="-72.961825"></trkpt>
<trkpt lat="46.639426" lon="-72.961468"></trkpt>
<trkpt lat="46.639161" lon="-72.961208"></trkpt>
<trkpt lat="46.639065" lon="-72.961072"></trkpt>
<trkpt lat="46.638938" lon="-72.960807"></trkpt>
<trkpt lat="46.638672" lon="-72.960049"></trkpt>
<trkpt lat="46.638540" lon="-72.959756"></trkpt>
<trkpt lat="46.637699" lon="-72.958520"></trkpt>
<trkpt lat="46.637582" lon="-72.958297"></trkpt>
<trkpt lat="46.637470" lon="-72.958019"></trkpt>
<trkpt lat="46.637358" lon="-72.957412"></trkpt>
<trkpt lat="46.637132" lon="-72.956520"></trkpt>
<trkpt lat="46.637091" lon="-72.956284"></trkpt>
<trkpt lat="46.637065" lon="-72.956134"></trkpt>
<trkpt lat="46.637086" lon="-72.955794"></trkpt>
<trkpt lat="46.637204" lon="-72.954860"></trkpt>
<trkpt lat="46.637229" lon="-72.954202"></trkpt>
<trkpt lat="46.637201" lon="-72.953459"></trkpt>
<trkpt lat="46.637106" lon="-72.952325"></trkpt>
<trkpt lat="46.636994" lon="-72.951879"></trkpt>
<trkpt lat="46.636774" lon="-72.951353"></trkpt>
<trkpt lat="46.636490" lon="-72.950828"></trkpt>
<trkpt lat="46.635834" lon="-72.950005"></trkpt>
<trkpt lat="46.634524" lon="-72.948525"></trkpt>
<trkpt lat="46.632806" lon="-72.946584"></trkpt>
<trkpt lat="46.632538" lon="-72.946318"></trkpt>
<trkpt lat="46.632271" lon="-72.946106"></trkpt>
<trkpt lat="46.631446" lon="-72.945601"></trkpt>
<trkpt lat="46.630845" lon="-72.945097"></trkpt>
<trkpt lat="46.629600" lon="-72.943860"></trkpt>
<trkpt lat="46.629214" lon="-72.943609"></trkpt>
<trkpt lat="46.628679" lon="-72.943354"></trkpt>
<trkpt lat="46.627596" lon="-72.943076"></trkpt>
<trkpt lat="46.627108" lon="-72.943051"></trkpt>
<trkpt lat="46.625053" lon="-72.943241"></trkpt>
<trkpt lat="46.624041" lon="-72.943241"></trkpt>
<trkpt lat="46.623352" lon="-72.943333"></trkpt>
<trkpt lat="46.623142" lon="-72.943324"></trkpt>
<trkpt lat="46.622996" lon="-72.943243"></trkpt>
<trkpt lat="46.622889" lon="-72.943112"></trkpt>
<trkpt lat="46.622004" lon="-72.941849"></trkpt>
<trkpt lat="46.619333" lon="-72.938056"></trkpt>
<trkpt lat="46.619166" lon="-72.937825"></trkpt>
<trkpt lat="46.616704" lon="-72.934143"></trkpt>
<trkpt lat="46.616492" lon="-72.933775"></trkpt>
<trkpt lat="46.616304" lon="-72.933331"></trkpt>
<trkpt lat="46.616157" lon="-72.932776"></trkpt>
<trkpt lat="46.615713" lon="-72.931134"></trkpt>
<trkpt lat="46.615534" lon="-72.930621"></trkpt>
<trkpt lat="46.615313" lon="-72.930091"></trkpt>
<trkpt lat="46.615145" lon="-72.929825"></trkpt>
<trkpt lat="46.614617" lon="-72.929169"></trkpt>
<trkpt lat="46.613926" lon="-72.928353"></trkpt>
<trkpt lat="46.613600" lon="-72.927823"></trkpt>
<trkpt lat="46.613290" lon="-72.927149"></trkpt>
<trkpt lat="46.613059" lon="-72.926506"></trkpt>
<trkpt lat="46.612966" lon="-72.926175"></trkpt>
<trkpt lat="46.612318" lon="-72.923861"></trkpt>
<trkpt lat="46.611846" lon="-72.922296"></trkpt>
<trkpt lat="46.611562" lon="-72.921600"></trkpt>
<trkpt lat="46.611398" lon="-72.921398"></trkpt>
<trkpt lat="46.611258" lon="-72.921287"></trkpt>
<trkpt lat="46.611108" lon="-72.921236"></trkpt>
<trkpt lat="46.610906" lon="-72.921330"></trkpt>
<trkpt lat="46.610761" lon="-72.921484"></trkpt>
<trkpt lat="46.610399" lon="-72.921969"></trkpt>
<trkpt lat="46.610027" lon="-72.922440"></trkpt>
<trkpt lat="46.609737" lon="-72.922623"></trkpt>
<trkpt lat="46.609494" lon="-72.922744"></trkpt>
<trkpt lat="46.609255" lon="-72.922835"></trkpt>
<trkpt lat="46.609244" lon="-72.923265"></trkpt>
<trkpt lat="46.609198" lon="-72.923534"></trkpt>
<trkpt lat="46.609124" lon="-72.923756"></trkpt>
<trkpt lat="46.608989" lon="-72.924006"></trkpt>
<trkpt lat="46.608428" lon="-72.924911"></trkpt>
<trkpt lat="46.608282" lon="-72.925088"></trkpt>
<trkpt lat="46.608081" lon="-72.925224"></trkpt>
<trkpt lat="46.606046" lon="-72.926148"></trkpt>
<trkpt lat="46.605006" lon="-72.926641"></trkpt>
<trkpt lat="46.604780" lon="-72.926784"></trkpt>
<trkpt lat="46.604541" lon="-72.927029"></trkpt>
<trkpt lat="46.603433" lon="-72.928656"></trkpt>
<trkpt lat="46.601221" lon="-72.931903"></trkpt>
<trkpt lat="46.601041" lon="-72.932102"></trkpt>
<trkpt lat="46.600476" lon="-72.932410"></trkpt>
<trkpt lat="46.599052" lon="-72.933022"></trkpt>
<trkpt lat="46.595537" lon="-72.935232"></trkpt>
<trkpt lat="46.594277" lon="-72.936233"></trkpt>
<trkpt lat="46.591619" lon="-72.938625"></trkpt>
<trkpt lat="46.591188" lon="-72.938902"></trkpt>
<trkpt lat="46.590957" lon="-72.938976"></trkpt>
<trkpt lat="46.590695" lon="-72.939010"></trkpt>
<trkpt lat="46.590425" lon="-72.939001"></trkpt>
<trkpt lat="46.588879" lon="-72.936876"></trkpt>
<trkpt lat="46.588354" lon="-72.936157"></trkpt>
<trkpt lat="46.587998" lon="-72.935801"></trkpt>
<trkpt lat="46.587429" lon="-72.935299"></trkpt>
<trkpt lat="46.586978" lon="-72.934997"></trkpt>
<trkpt lat="46.586547" lon="-72.934777"></trkpt>
<trkpt lat="46.584837" lon="-72.934276"></trkpt>
<trkpt lat="46.584059" lon="-72.934049"></trkpt>
<trkpt lat="46.583750" lon="-72.933891"></trkpt>
<trkpt lat="46.583412" lon="-72.933591"></trkpt>
<trkpt lat="46.583218" lon="-72.933337"></trkpt>
<trkpt lat="46.582984" lon="-72.932850"></trkpt>
<trkpt lat="46.582621" lon="-72.931676"></trkpt>
<trkpt lat="46.582510" lon="-72.931231"></trkpt>
<trkpt lat="46.582204" lon="-72.930008"></trkpt>
<trkpt lat="46.582021" lon="-72.929456"></trkpt>
<trkpt lat="46.581842" lon="-72.929060"></trkpt>
<trkpt lat="46.581606" lon="-72.928678"></trkpt>
<trkpt lat="46.581493" lon="-72.928495"></trkpt>
<trkpt lat="46.581096" lon="-72.927988"></trkpt>
<trkpt lat="46.580948" lon="-72.927857"></trkpt>
<trkpt lat="46.580717" lon="-72.927654"></trkpt>
<trkpt lat="46.580474" lon="-72.927528"></trkpt>
<trkpt lat="46.580376" lon="-72.927479"></trkpt>
<trkpt lat="46.580222" lon="-72.927393"></trkpt>
<trkpt lat="46.579840" lon="-72.927164"></trkpt>
<trkpt lat="46.579508" lon="-72.927098"></trkpt>
<trkpt lat="46.577720" lon="-72.927414"></trkpt>
<trkpt lat="46.577347" lon="-72.927407"></trkpt>
<trkpt lat="46.577025" lon="-72.927305"></trkpt>
<trkpt lat="46.576789" lon="-72.927140"></trkpt>
<trkpt lat="46.576512" lon="-72.926792"></trkpt>
<trkpt lat="46.575727" lon="-72.925764"></trkpt>
<trkpt lat="46.575031" lon="-72.924704"></trkpt>
<trkpt lat="46.574827" lon="-72.924431"></trkpt>
<trkpt lat="46.574722" lon="-72.924296"></trkpt>
<trkpt lat="46.574191" lon="-72.923502"></trkpt>
<trkpt lat="46.573410" lon="-72.923001"></trkpt>
<trkpt lat="46.573174" lon="-72.922866"></trkpt>
<trkpt lat="46.569955" lon="-72.927665"></trkpt>
<trkpt lat="46.569791" lon="-72.927910"></trkpt>
<trkpt lat="46.569625" lon="-72.928146"></trkpt>
<trkpt lat="46.569188" lon="-72.928763"></trkpt>
<trkpt lat="46.569010" lon="-72.928971"></trkpt>
<trkpt lat="46.568833" lon="-72.929064"></trkpt>
<trkpt lat="46.568598" lon="-72.929130"></trkpt>
<trkpt lat="46.567809" lon="-72.929277"></trkpt>
<trkpt lat="46.566658" lon="-72.929843"></trkpt>
<trkpt lat="46.566268" lon="-72.930132"></trkpt>
<trkpt lat="46.565897" lon="-72.930511"></trkpt>
<trkpt lat="46.565005" lon="-72.931993"></trkpt>
<trkpt lat="46.563804" lon="-72.933239"></trkpt>
<trkpt lat="46.562615" lon="-72.934707"></trkpt>
<trkpt lat="46.561943" lon="-72.935346"></trkpt>
<trkpt lat="46.561506" lon="-72.935706"></trkpt>
<trkpt lat="46.559214" lon="-72.937237"></trkpt>
<trkpt lat="46.558962" lon="-72.937465"></trkpt>
<trkpt lat="46.557308" lon="-72.939814"></trkpt>
<trkpt lat="46.556692" lon="-72.940607"></trkpt>
<trkpt lat="46.554274" lon="-72.943790"></trkpt>
<trkpt lat="46.554099" lon="-72.943957"></trkpt>
<trkpt lat="46.553928" lon="-72.944051"></trkpt>
<trkpt lat="46.552543" lon="-72.944573"></trkpt>
<trkpt lat="46.551884" lon="-72.944989"></trkpt>
<trkpt lat="46.550549" lon="-72.946097"></trkpt>
<trkpt lat="46.549937" lon="-72.946741"></trkpt>
<trkpt lat="46.549258" lon="-72.947521"></trkpt>
<trkpt lat="46.548832" lon="-72.947805"></trkpt>
<trkpt lat="46.548623" lon="-72.947826"></trkpt>
<trkpt lat="46.548373" lon="-72.947816"></trkpt>
<trkpt lat="46.547908" lon="-72.947649"></trkpt>
<trkpt lat="46.547680" lon="-72.947647"></trkpt>
<trkpt lat="46.547452" lon="-72.947696"></trkpt>
<trkpt lat="46.546462" lon="-72.948559"></trkpt>
<trkpt lat="46.545421" lon="-72.949876"></trkpt>
<trkpt lat="46.544334" lon="-72.951535"></trkpt>
<trkpt lat="46.544116" lon="-72.951935"></trkpt>
<trkpt lat="46.543996" lon="-72.952265"></trkpt>
<trkpt lat="46.543737" lon="-72.953397"></trkpt>
<trkpt lat="46.543220" lon="-72.954682"></trkpt>
<trkpt lat="46.542974" lon="-72.955030"></trkpt>
<trkpt lat="46.542769" lon="-72.955155"></trkpt>
<trkpt lat="46.542572" lon="-72.955202"></trkpt>
<trkpt lat="46.542310" lon="-72.955146"></trkpt>
<trkpt lat="46.542000" lon="-72.954923"></trkpt>
<trkpt lat="46.540840" lon="-72.953428"></trkpt>
<trkpt lat="46.539729" lon="-72.952191"></trkpt>
<trkpt lat="46.539503" lon="-72.952069"></trkpt>
<trkpt lat="46.539318" lon="-72.952034"></trkpt>
<trkpt lat="46.539168" lon="-72.952069"></trkpt>
<trkpt lat="46.537907" lon="-72.952684"></trkpt>
<trkpt lat="46.537713" lon="-72.952708"></trkpt>
<trkpt lat="46.537501" lon="-72.952664"></trkpt>
<trkpt lat="46.537232" lon="-72.952520"></trkpt>
<trkpt lat="46.536866" lon="-72.952256"></trkpt>
<trkpt lat="46.536694" lon="-72.952097"></trkpt>
<trkpt lat="46.535902" lon="-72.951122"></trkpt>
<trkpt lat="46.535531" lon="-72.950733"></trkpt>
<trkpt lat="46.535344" lon="-72.950596"></trkpt>
<trkpt lat="46.535193" lon="-72.950512"></trkpt>
<trkpt lat="46.534657" lon="-72.950355"></trkpt>
<trkpt lat="46.534338" lon="-72.950435"></trkpt>
<trkpt lat="46.533034" lon="-72.951256"></trkpt>
<trkpt lat="46.532735" lon="-72.951528"></trkpt>
<trkpt lat="46.532522" lon="-72.951849"></trkpt>
<trkpt lat="46.531581" lon="-72.954161"></trkpt>
<trkpt lat="46.531282" lon="-72.954634"></trkpt>
<trkpt lat="46.529814" lon="-72.956385"></trkpt>
<trkpt lat="46.529480" lon="-72.956867"></trkpt>
<trkpt lat="46.529368" lon="-72.957119"></trkpt>
<trkpt lat="46.529300" lon="-72.957343"></trkpt>
<trkpt lat="46.529227" lon="-72.958080"></trkpt>
<trkpt lat="46.529082" lon="-72.958410"></trkpt>
<trkpt lat="46.528194" lon="-72.959309"></trkpt>
<trkpt lat="46.527910" lon="-72.959496"></trkpt>
<trkpt lat="46.527748" lon="-72.959545"></trkpt>
<trkpt lat="46.527558" lon="-72.959573"></trkpt>
<trkpt lat="46.526792" lon="-72.959574"></trkpt>
<trkpt lat="46.526606" lon="-72.959649"></trkpt>
<trkpt lat="46.526440" lon="-72.959788"></trkpt>
<trkpt lat="46.526190" lon="-72.960031"></trkpt>
<trkpt lat="46.526087" lon="-72.960151"></trkpt>
<trkpt lat="46.525605" lon="-72.960822"></trkpt>
<trkpt lat="46.525439" lon="-72.961000"></trkpt>
<trkpt lat="46.525339" lon="-72.961077"></trkpt>
<trkpt lat="46.524694" lon="-72.961254"></trkpt>
<trkpt lat="46.524417" lon="-72.961432"></trkpt>
<trkpt lat="46.523698" lon="-72.962041"></trkpt>
<trkpt lat="46.522892" lon="-72.962824"></trkpt>
<trkpt lat="46.522751" lon="-72.962932"></trkpt>
<trkpt lat="46.522561" lon="-72.963051"></trkpt>
<trkpt lat="46.521857" lon="-72.963322"></trkpt>
<trkpt lat="46.521640" lon="-72.963405"></trkpt>
<trkpt lat="46.521183" lon="-72.963423"></trkpt>
<trkpt lat="46.520981" lon="-72.963371"></trkpt>
<trkpt lat="46.520747" lon="-72.963244"></trkpt>
<trkpt lat="46.520455" lon="-72.962994"></trkpt>
<trkpt lat="46.520259" lon="-72.962597"></trkpt>
<trkpt lat="46.520067" lon="-72.961952"></trkpt>
<trkpt lat="46.519431" lon="-72.959564"></trkpt>
<trkpt lat="46.518651" lon="-72.957234"></trkpt>
<trkpt lat="46.518427" lon="-72.956786"></trkpt>
<trkpt lat="46.517928" lon="-72.956048"></trkpt>
<trkpt lat="46.517808" lon="-72.955947"></trkpt>
<trkpt lat="46.517624" lon="-72.955853"></trkpt>
<trkpt lat="46.517391" lon="-72.955844"></trkpt>
<trkpt lat="46.517038" lon="-72.955915"></trkpt>
<trkpt lat="46.516848" lon="-72.955901"></trkpt>
<trkpt lat="46.516695" lon="-72.955832"></trkpt>
<trkpt lat="46.516535" lon="-72.955644"></trkpt>
<trkpt lat="46.516331" lon="-72.955313"></trkpt>
<trkpt lat="46.515970" lon="-72.954284"></trkpt>
<trkpt lat="46.515785" lon="-72.954004"></trkpt>
<trkpt lat="46.515447" lon="-72.953690"></trkpt>
<trkpt lat="46.514635" lon="-72.953095"></trkpt>
<trkpt lat="46.513638" lon="-72.952181"></trkpt>
<trkpt lat="46.512774" lon="-72.951679"></trkpt>
<trkpt lat="46.512259" lon="-72.951581"></trkpt>
<trkpt lat="46.511089" lon="-72.951560"></trkpt>
<trkpt lat="46.510260" lon="-72.951694"></trkpt>
<trkpt lat="46.508998" lon="-72.952434"></trkpt>
<trkpt lat="46.508579" lon="-72.952632"></trkpt>
<trkpt lat="46.508263" lon="-72.952736"></trkpt>
<trkpt lat="46.507876" lon="-72.952753"></trkpt>
<trkpt lat="46.507040" lon="-72.952637"></trkpt>
<trkpt lat="46.505867" lon="-72.952473"></trkpt>
<trkpt lat="46.504576" lon="-72.952261"></trkpt>
<trkpt lat="46.504295" lon="-72.952115"></trkpt>
<trkpt lat="46.504012" lon="-72.951878"></trkpt>
<trkpt lat="46.503358" lon="-72.951055"></trkpt>
<trkpt lat="46.502397" lon="-72.949671"></trkpt>
<trkpt lat="46.501734" lon="-72.948823"></trkpt>
<trkpt lat="46.501507" lon="-72.948586"></trkpt>
<trkpt lat="46.498213" lon="-72.953813"></trkpt>
<trkpt lat="46.497763" lon="-72.954528"></trkpt>
<trkpt lat="46.497614" lon="-72.954764"></trkpt>
<trkpt lat="46.497503" lon="-72.954943"></trkpt>
<trkpt lat="46.496952" lon="-72.955768"></trkpt>
<trkpt lat="46.496501" lon="-72.956443"></trkpt>
<trkpt lat="46.495168" lon="-72.958439"></trkpt>
<trkpt lat="46.494291" lon="-72.959637"></trkpt>
<trkpt lat="46.492572" lon="-72.962324"></trkpt>
<trkpt lat="46.492430" lon="-72.961727"></trkpt>
<trkpt lat="46.492378" lon="-72.961506"></trkpt>
<trkpt lat="46.492232" lon="-72.961018"></trkpt>
<trkpt lat="46.492080" lon="-72.960724"></trkpt>
<trkpt lat="46.491835" lon="-72.960437"></trkpt>
<trkpt lat="46.491281" lon="-72.960161"></trkpt>
<trkpt lat="46.491074" lon="-72.960031"></trkpt>
<trkpt lat="46.490910" lon="-72.959857"></trkpt>
<trkpt lat="46.490637" lon="-72.959496"></trkpt>
<trkpt lat="46.489961" lon="-72.958562"></trkpt>
<trkpt lat="46.488576" lon="-72.956695"></trkpt>
<trkpt lat="46.488509" lon="-72.956604"></trkpt>
<trkpt lat="46.487649" lon="-72.957861"></trkpt>
<trkpt lat="46.487316" lon="-72.958356"></trkpt>
<trkpt lat="46.487205" lon="-72.958521"></trkpt>
<trkpt lat="46.486264" lon="-72.959919"></trkpt>
<trkpt lat="46.485928" lon="-72.960308"></trkpt>
<trkpt lat="46.485586" lon="-72.960624"></trkpt>
<trkpt lat="46.485266" lon="-72.960852"></trkpt>
<trkpt lat="46.483189" lon="-72.961758"></trkpt>
<trkpt lat="46.482737" lon="-72.961895"></trkpt>
<trkpt lat="46.482359" lon="-72.961942"></trkpt>
<trkpt lat="46.482010" lon="-72.961934"></trkpt>
<trkpt lat="46.481812" lon="-72.961896"></trkpt>
<trkpt lat="46.481380" lon="-72.961750"></trkpt>
<trkpt lat="46.478906" lon="-72.960692"></trkpt>
<trkpt lat="46.477138" lon="-72.959948"></trkpt>
<trkpt lat="46.476660" lon="-72.959887"></trkpt>
<trkpt lat="46.476328" lon="-72.959939"></trkpt>
<trkpt lat="46.475741" lon="-72.960286"></trkpt>
<trkpt lat="46.475256" lon="-72.960852"></trkpt>
<trkpt lat="46.472538" lon="-72.964913"></trkpt>
<trkpt lat="46.471567" lon="-72.966500"></trkpt>
<trkpt lat="46.470618" lon="-72.968431"></trkpt>
<trkpt lat="46.470367" lon="-72.968857"></trkpt>
<trkpt lat="46.463963" lon="-72.978170"></trkpt>
<trkpt lat="46.463718" lon="-72.978564"></trkpt>
<trkpt lat="46.463571" lon="-72.978936"></trkpt>
<trkpt lat="46.463481" lon="-72.979293"></trkpt>
<trkpt lat="46.463426" lon="-72.979680"></trkpt>
<trkpt lat="46.463415" lon="-72.982341"></trkpt>
<trkpt lat="46.463352" lon="-72.982864"></trkpt>
<trkpt lat="46.463029" lon="-72.983918"></trkpt>
<trkpt lat="46.462937" lon="-72.984405"></trkpt>
<trkpt lat="46.462902" lon="-72.984913"></trkpt>
<trkpt lat="46.462964" lon="-72.985874"></trkpt>
<trkpt lat="46.463667" lon="-72.989508"></trkpt>
<trkpt lat="46.463827" lon="-72.990414"></trkpt>
<trkpt lat="46.463884" lon="-72.991076"></trkpt>
<trkpt lat="46.463721" lon="-72.993062"></trkpt>
<trkpt lat="46.463627" lon="-72.995396"></trkpt>
<trkpt lat="46.463429" lon="-72.996954"></trkpt>
<trkpt lat="46.463480" lon="-72.997316"></trkpt>
<trkpt lat="46.463594" lon="-72.997651"></trkpt>
<trkpt lat="46.464020" lon="-72.998351"></trkpt>
<trkpt lat="46.464256" lon="-72.998955"></trkpt>
<trkpt lat="46.464299" lon="-72.999368"></trkpt>
<trkpt lat="46.464281" lon="-72.999708"></trkpt>
<trkpt lat="46.464211" lon="-73.000022"></trkpt>
<trkpt lat="46.463993" lon="-73.000478"></trkpt>
<trkpt lat="46.462688" lon="-73.002537"></trkpt>
<trkpt lat="46.462182" lon="-73.003439"></trkpt>
<trkpt lat="46.462047" lon="-73.003736"></trkpt>
<trkpt lat="46.461786" lon="-73.004402"></trkpt>
<trkpt lat="46.459724" lon="-73.009667"></trkpt>
<trkpt lat="46.459541" lon="-73.010094"></trkpt>
<trkpt lat="46.459334" lon="-73.010404"></trkpt>
<trkpt lat="46.459111" lon="-73.010665"></trkpt>
<trkpt lat="46.458854" lon="-73.010875"></trkpt>
<trkpt lat="46.458013" lon="-73.011305"></trkpt>
<trkpt lat="46.457601" lon="-73.011598"></trkpt>
<trkpt lat="46.457361" lon="-73.011880"></trkpt>
<trkpt lat="46.456408" lon="-73.013532"></trkpt>
<trkpt lat="46.456153" lon="-73.013867"></trkpt>
<trkpt lat="46.455645" lon="-73.014321"></trkpt>
<trkpt lat="46.455079" lon="-73.014627"></trkpt>
<trkpt lat="46.452942" lon="-73.015644"></trkpt>
<trkpt lat="46.452588" lon="-73.015741"></trkpt>
<trkpt lat="46.452282" lon="-73.015741"></trkpt>
<trkpt lat="46.451743" lon="-73.015593"></trkpt>
<trkpt lat="46.451618" lon="-73.015538"></trkpt>
<trkpt lat="46.450905" lon="-73.015266"></trkpt>
<trkpt lat="46.450642" lon="-73.015231"></trkpt>
<trkpt lat="46.449916" lon="-73.015214"></trkpt>
<trkpt lat="46.449692" lon="-73.015208"></trkpt>
<trkpt lat="46.449551" lon="-73.015205"></trkpt>
<trkpt lat="46.448991" lon="-73.015191"></trkpt>
<trkpt lat="46.448283" lon="-73.015170"></trkpt>
<trkpt lat="46.447629" lon="-73.015158"></trkpt>
<trkpt lat="46.446582" lon="-73.015132"></trkpt>
<trkpt lat="46.446168" lon="-73.015086"></trkpt>
<trkpt lat="46.445907" lon="-73.015017"></trkpt>
<trkpt lat="46.445581" lon="-73.014910"></trkpt>
<trkpt lat="46.445065" lon="-73.014543"></trkpt>
<trkpt lat="46.444424" lon="-73.013859"></trkpt>
<trkpt lat="46.439918" lon="-73.008795"></trkpt>
<trkpt lat="46.439536" lon="-73.008461"></trkpt>
<trkpt lat="46.439202" lon="-73.008238"></trkpt>
<trkpt lat="46.438859" lon="-73.008054"></trkpt>
<trkpt lat="46.438383" lon="-73.007896"></trkpt>
<trkpt lat="46.438041" lon="-73.007836"></trkpt>
<trkpt lat="46.437597" lon="-73.007837"></trkpt>
<trkpt lat="46.437085" lon="-73.007916"></trkpt>
<trkpt lat="46.427304" lon="-73.010724"></trkpt>
<trkpt lat="46.425812" lon="-73.011139"></trkpt>
<trkpt lat="46.422425" lon="-73.012082"></trkpt>
<trkpt lat="46.422307" lon="-73.012115"></trkpt>
<trkpt lat="46.421184" lon="-73.012427"></trkpt>
<trkpt lat="46.419775" lon="-73.012820"></trkpt>
<trkpt lat="46.419351" lon="-73.012938"></trkpt>
<trkpt lat="46.419184" lon="-73.012984"></trkpt>
<trkpt lat="46.419057" lon="-73.013020"></trkpt>
<trkpt lat="46.418846" lon="-73.013078"></trkpt>
<trkpt lat="46.418553" lon="-73.013160"></trkpt>
<trkpt lat="46.418243" lon="-73.013246"></trkpt>
<trkpt lat="46.417699" lon="-73.013398"></trkpt>
<trkpt lat="46.417699" lon="-73.014156"></trkpt>
<trkpt lat="46.417743" lon="-73.014868"></trkpt>
<trkpt lat="46.418023" lon="-73.017031"></trkpt>
<trkpt lat="46.418418" lon="-73.018530"></trkpt>
<trkpt lat="46.419266" lon="-73.021749"></trkpt>
<trkpt lat="46.421008" lon="-73.028031"></trkpt>
<trkpt lat="46.421161" lon="-73.028691"></trkpt>
<trkpt lat="46.421478" lon="-73.031000"></trkpt>
<trkpt lat="46.422255" lon="-73.037453"></trkpt>
<trkpt lat="46.422286" lon="-73.038220"></trkpt>
<trkpt lat="46.422244" lon="-73.038963"></trkpt>
<trkpt lat="46.422098" lon="-73.039866"></trkpt>
<trkpt lat="46.421766" lon="-73.040971"></trkpt>
<trkpt lat="46.421419" lon="-73.041739"></trkpt>
<trkpt lat="46.420106" lon="-73.043868"></trkpt>
<trkpt lat="46.419497" lon="-73.045139"></trkpt>
<trkpt lat="46.416520" lon="-73.053652"></trkpt>
<trkpt lat="46.416184" lon="-73.054575"></trkpt>
<trkpt lat="46.415946" lon="-73.055106"></trkpt>
<trkpt lat="46.415678" lon="-73.055492"></trkpt>
<trkpt lat="46.415319" lon="-73.055859"></trkpt>
<trkpt lat="46.415003" lon="-73.056139"></trkpt>
<trkpt lat="46.414626" lon="-73.056342"></trkpt>
<trkpt lat="46.411258" lon="-73.057573"></trkpt>
<trkpt lat="46.410983" lon="-73.057778"></trkpt>
<trkpt lat="46.410620" lon="-73.058155"></trkpt>
<trkpt lat="46.409972" lon="-73.059101"></trkpt>
<trkpt lat="46.409886" lon="-73.059242"></trkpt>
<trkpt lat="46.409456" lon="-73.059911"></trkpt>
<trkpt lat="46.409311" lon="-73.060138"></trkpt>
<trkpt lat="46.405032" lon="-73.066173"></trkpt>
<trkpt lat="46.404651" lon="-73.067058"></trkpt>
<trkpt lat="46.404456" lon="-73.067780"></trkpt>
<trkpt lat="46.404316" lon="-73.069047"></trkpt>
<trkpt lat="46.404316" lon="-73.069594"></trkpt>
<trkpt lat="46.404424" lon="-73.070644"></trkpt>
<trkpt lat="46.404531" lon="-73.071161"></trkpt>
<trkpt lat="46.405415" lon="-73.074460"></trkpt>
<trkpt lat="46.405881" lon="-73.075966"></trkpt>
<trkpt lat="46.406221" lon="-73.076891"></trkpt>
<trkpt lat="46.406573" lon="-73.077477"></trkpt>
<trkpt lat="46.407011" lon="-73.077865"></trkpt>
<trkpt lat="46.407347" lon="-73.078022"></trkpt>
<trkpt lat="46.407708" lon="-73.078107"></trkpt>
<trkpt lat="46.408762" lon="-73.078141"></trkpt>
<trkpt lat="46.409096" lon="-73.078208"></trkpt>
<trkpt lat="46.409377" lon="-73.078341"></trkpt>
<trkpt lat="46.409681" lon="-73.078721"></trkpt>
<trkpt lat="46.409786" lon="-73.079081"></trkpt>
<trkpt lat="46.409813" lon="-73.079530"></trkpt>
<trkpt lat="46.409759" lon="-73.079917"></trkpt>
<trkpt lat="46.409634" lon="-73.080291"></trkpt>
<trkpt lat="46.408627" lon="-73.082907"></trkpt>
<trkpt lat="46.408321" lon="-73.083553"></trkpt>
<trkpt lat="46.406757" lon="-73.085797"></trkpt>
<trkpt lat="46.406525" lon="-73.086429"></trkpt>
<trkpt lat="46.406393" lon="-73.087124"></trkpt>
<trkpt lat="46.406365" lon="-73.087619"></trkpt>
<trkpt lat="46.406605" lon="-73.090681"></trkpt>
<trkpt lat="46.406751" lon="-73.091755"></trkpt>
<trkpt lat="46.406851" lon="-73.092494"></trkpt>
<trkpt lat="46.406905" lon="-73.093533"></trkpt>
<trkpt lat="46.406859" lon="-73.094589"></trkpt>
<trkpt lat="46.406663" lon="-73.096833"></trkpt>
<trkpt lat="46.406616" lon="-73.097810"></trkpt>
<trkpt lat="46.406664" lon="-73.098550"></trkpt>
<trkpt lat="46.406767" lon="-73.099289"></trkpt>
<trkpt lat="46.407128" lon="-73.101019"></trkpt>
<trkpt lat="46.407383" lon="-73.101700"></trkpt>
<trkpt lat="46.407735" lon="-73.102312"></trkpt>
<trkpt lat="46.408523" lon="-73.103196"></trkpt>
<trkpt lat="46.409731" lon="-73.104390"></trkpt>
<trkpt lat="46.410278" lon="-73.104787"></trkpt>
<trkpt lat="46.412492" lon="-73.105869"></trkpt>
<trkpt lat="46.412901" lon="-73.106141"></trkpt>
<trkpt lat="46.413342" lon="-73.106646"></trkpt>
<trkpt lat="46.413592" lon="-73.107093"></trkpt>
<trkpt lat="46.414024" lon="-73.108171"></trkpt>
<trkpt lat="46.415301" lon="-73.111913"></trkpt>
<trkpt lat="46.416671" lon="-73.116394"></trkpt>
<trkpt lat="46.417841" lon="-73.119699"></trkpt>
<trkpt lat="46.418193" lon="-73.120893"></trkpt>
<trkpt lat="46.420164" lon="-73.127571"></trkpt>
<trkpt lat="46.420496" lon="-73.128431"></trkpt>
<trkpt lat="46.420785" lon="-73.129052"></trkpt>
<trkpt lat="46.421102" lon="-73.129636"></trkpt>
<trkpt lat="46.421906" lon="-73.130904"></trkpt>
<trkpt lat="46.422254" lon="-73.131445"></trkpt>
<trkpt lat="46.422701" lon="-73.132135"></trkpt>
<trkpt lat="46.422994" lon="-73.132592"></trkpt>
<trkpt lat="46.424591" lon="-73.134945"></trkpt>
<trkpt lat="46.426185" lon="-73.137372"></trkpt>
<trkpt lat="46.426627" lon="-73.137956"></trkpt>
<trkpt lat="46.427119" lon="-73.138369"></trkpt>
<trkpt lat="46.427698" lon="-73.138544"></trkpt>
<trkpt lat="46.428573" lon="-73.138684"></trkpt>
<trkpt lat="46.430338" lon="-73.138715"></trkpt>
<trkpt lat="46.431150" lon="-73.138843"></trkpt>
<trkpt lat="46.431458" lon="-73.138963"></trkpt>
<trkpt lat="46.432898" lon="-73.140046"></trkpt>
<trkpt lat="46.434071" lon="-73.140788"></trkpt>
<trkpt lat="46.434482" lon="-73.141151"></trkpt>
<trkpt lat="46.435445" lon="-73.142251"></trkpt>
<trkpt lat="46.435949" lon="-73.142832"></trkpt>
<trkpt lat="46.437028" lon="-73.143889"></trkpt>
<trkpt lat="46.437296" lon="-73.144217"></trkpt>
<trkpt lat="46.437462" lon="-73.144421"></trkpt>
<trkpt lat="46.437700" lon="-73.144778"></trkpt>
<trkpt lat="46.437894" lon="-73.145136"></trkpt>
<trkpt lat="46.438120" lon="-73.145740"></trkpt>
<trkpt lat="46.438587" lon="-73.147885"></trkpt>
<trkpt lat="46.438819" lon="-73.148346"></trkpt>
<trkpt lat="46.439048" lon="-73.148546"></trkpt>
<trkpt lat="46.439328" lon="-73.148654"></trkpt>
<trkpt lat="46.442751" lon="-73.149397"></trkpt>
<trkpt lat="46.444118" lon="-73.149888"></trkpt>
<trkpt lat="46.444692" lon="-73.150011"></trkpt>
<trkpt lat="46.444759" lon="-73.150011"></trkpt>
<trkpt lat="46.445196" lon="-73.149995"></trkpt>
<trkpt lat="46.445691" lon="-73.149964"></trkpt>
<trkpt lat="46.447927" lon="-73.149990"></trkpt>
<trkpt lat="46.448277" lon="-73.149952"></trkpt>
<trkpt lat="46.449154" lon="-73.149636"></trkpt>
<trkpt lat="46.450510" lon="-73.148900"></trkpt>
<trkpt lat="46.450617" lon="-73.149404"></trkpt>
<trkpt lat="46.450797" lon="-73.149919"></trkpt>
<trkpt lat="46.451102" lon="-73.150456"></trkpt>
<trkpt lat="46.451811" lon="-73.151434"></trkpt>
<trkpt lat="46.452070" lon="-73.151963"></trkpt>
<trkpt lat="46.452187" lon="-73.152437"></trkpt>
<trkpt lat="46.453395" lon="-73.159259"></trkpt>
<trkpt lat="46.453410" lon="-73.160183"></trkpt>
<trkpt lat="46.453354" lon="-73.160627"></trkpt>
<trkpt lat="46.452296" lon="-73.164752"></trkpt>
<trkpt lat="46.452007" lon="-73.165855"></trkpt>
<trkpt lat="46.449602" lon="-73.175285"></trkpt>
<trkpt lat="46.449386" lon="-73.176425"></trkpt>
<trkpt lat="46.448571" lon="-73.182845"></trkpt>
<trkpt lat="46.448115" lon="-73.186428"></trkpt>
<trkpt lat="46.448134" lon="-73.187104"></trkpt>
<trkpt lat="46.448230" lon="-73.187491"></trkpt>
<trkpt lat="46.449382" lon="-73.189745"></trkpt>
<trkpt lat="46.450086" lon="-73.191024"></trkpt>
<trkpt lat="46.451258" lon="-73.193118"></trkpt>
<trkpt lat="46.451796" lon="-73.194078"></trkpt>
<trkpt lat="46.452263" lon="-73.194939"></trkpt>
<trkpt lat="46.452965" lon="-73.196225"></trkpt>
<trkpt lat="46.454335" lon="-73.198737"></trkpt>
<trkpt lat="46.454370" lon="-73.198801"></trkpt>
<trkpt lat="46.454830" lon="-73.199643"></trkpt>
<trkpt lat="46.455089" lon="-73.200249"></trkpt>
<trkpt lat="46.455559" lon="-73.201351"></trkpt>
<trkpt lat="46.455986" lon="-73.202744"></trkpt>
<trkpt lat="46.456267" lon="-73.204024"></trkpt>
<trkpt lat="46.456288" lon="-73.205364"></trkpt>
<trkpt lat="46.456120" lon="-73.208443"></trkpt>
<trkpt lat="46.456031" lon="-73.209631"></trkpt>
<trkpt lat="46.455980" lon="-73.209841"></trkpt>
<trkpt lat="46.455801" lon="-73.210485"></trkpt>
<trkpt lat="46.455566" lon="-73.210974"></trkpt>
<trkpt lat="46.454177" lon="-73.213077"></trkpt>
<trkpt lat="46.453258" lon="-73.214709"></trkpt>
<trkpt lat="46.453170" lon="-73.214855"></trkpt>
<trkpt lat="46.452889" lon="-73.215307"></trkpt>
<trkpt lat="46.452632" lon="-73.215576"></trkpt>
<trkpt lat="46.452176" lon="-73.215773"></trkpt>
<trkpt lat="46.451798" lon="-73.215785"></trkpt>
<trkpt lat="46.449649" lon="-73.215322"></trkpt>
<trkpt lat="46.448856" lon="-73.215217"></trkpt>
<trkpt lat="46.448335" lon="-73.215313"></trkpt>
<trkpt lat="46.447555" lon="-73.215692"></trkpt>
<trkpt lat="46.447272" lon="-73.215829"></trkpt>
<trkpt lat="46.445678" lon="-73.216936"></trkpt>
<trkpt lat="46.444969" lon="-73.217610"></trkpt>
<trkpt lat="46.444191" lon="-73.218495"></trkpt>
<trkpt lat="46.443883" lon="-73.218973"></trkpt>
<trkpt lat="46.443413" lon="-73.219978"></trkpt>
<trkpt lat="46.443140" lon="-73.220404"></trkpt>
<trkpt lat="46.442795" lon="-73.220740"></trkpt>
<trkpt lat="46.441923" lon="-73.221394"></trkpt>
<trkpt lat="46.441382" lon="-73.221932"></trkpt>
<trkpt lat="46.441180" lon="-73.222251"></trkpt>
<trkpt lat="46.440964" lon="-73.222831"></trkpt>
<trkpt lat="46.440839" lon="-73.223473"></trkpt>
<trkpt lat="46.440673" lon="-73.224949"></trkpt>
<trkpt lat="46.440582" lon="-73.225447"></trkpt>
<trkpt lat="46.440340" lon="-73.226080"></trkpt>
<trkpt lat="46.440163" lon="-73.226307"></trkpt>
<trkpt lat="46.439870" lon="-73.226512"></trkpt>
<trkpt lat="46.439520" lon="-73.226575"></trkpt>
<trkpt lat="46.438068" lon="-73.226427"></trkpt>
<trkpt lat="46.437166" lon="-73.226261"></trkpt>
<trkpt lat="46.436869" lon="-73.226296"></trkpt>
<trkpt lat="46.436664" lon="-73.226381"></trkpt>
<trkpt lat="46.435685" lon="-73.227155"></trkpt>
<trkpt lat="46.435301" lon="-73.227324"></trkpt>
<trkpt lat="46.434728" lon="-73.227472"></trkpt>
<trkpt lat="46.434476" lon="-73.227481"></trkpt>
<trkpt lat="46.433906" lon="-73.227291"></trkpt>
<trkpt lat="46.433615" lon="-73.227092"></trkpt>
<trkpt lat="46.432263" lon="-73.225261"></trkpt>
<trkpt lat="46.431889" lon="-73.224909"></trkpt>
<trkpt lat="46.431805" lon="-73.224756"></trkpt>
<trkpt lat="46.431240" lon="-73.224305"></trkpt>
<trkpt lat="46.430753" lon="-73.224243"></trkpt>
<trkpt lat="46.428599" lon="-73.224612"></trkpt>
<trkpt lat="46.428008" lon="-73.224775"></trkpt>
<trkpt lat="46.427105" lon="-73.225156"></trkpt>
<trkpt lat="46.426763" lon="-73.225206"></trkpt>
<trkpt lat="46.426475" lon="-73.225211"></trkpt>
<trkpt lat="46.426169" lon="-73.225147"></trkpt>
<trkpt lat="46.424380" lon="-73.224564"></trkpt>
<trkpt lat="46.421940" lon="-73.223514"></trkpt>
<trkpt lat="46.421385" lon="-73.223142"></trkpt>
<trkpt lat="46.420640" lon="-73.222522"></trkpt>
<trkpt lat="46.420058" lon="-73.222226"></trkpt>
<trkpt lat="46.419452" lon="-73.222072"></trkpt>
<trkpt lat="46.418379" lon="-73.221977"></trkpt>
<trkpt lat="46.414319" lon="-73.221862"></trkpt>
<trkpt lat="46.413606" lon="-73.221755"></trkpt>
<trkpt lat="46.413035" lon="-73.221526"></trkpt>
<trkpt lat="46.412490" lon="-73.221154"></trkpt>
<trkpt lat="46.411759" lon="-73.220449"></trkpt>
<trkpt lat="46.411513" lon="-73.220301"></trkpt>
<trkpt lat="46.411242" lon="-73.220231"></trkpt>
<trkpt lat="46.410820" lon="-73.220258"></trkpt>
<trkpt lat="46.409905" lon="-73.220496"></trkpt>
<trkpt lat="46.406987" lon="-73.221502"></trkpt>
<trkpt lat="46.406745" lon="-73.221536"></trkpt>
<trkpt lat="46.406357" lon="-73.221483"></trkpt>
<trkpt lat="46.404831" lon="-73.220583"></trkpt>
<trkpt lat="46.404519" lon="-73.220242"></trkpt>
<trkpt lat="46.404168" lon="-73.219655"></trkpt>
<trkpt lat="46.402939" lon="-73.216976"></trkpt>
<trkpt lat="46.402354" lon="-73.215850"></trkpt>
<trkpt lat="46.400736" lon="-73.213093"></trkpt>
<trkpt lat="46.400539" lon="-73.212605"></trkpt>
<trkpt lat="46.400244" lon="-73.211587"></trkpt>
<trkpt lat="46.400021" lon="-73.211126"></trkpt>
<trkpt lat="46.399690" lon="-73.210656"></trkpt>
<trkpt lat="46.399312" lon="-73.210109"></trkpt>
<trkpt lat="46.399121" lon="-73.209985"></trkpt>
<trkpt lat="46.398979" lon="-73.209950"></trkpt>
<trkpt lat="46.398806" lon="-73.209969"></trkpt>
<trkpt lat="46.398644" lon="-73.210087"></trkpt>
<trkpt lat="46.397523" lon="-73.211605"></trkpt>
<trkpt lat="46.397321" lon="-73.211868"></trkpt>
<trkpt lat="46.394182" lon="-73.216084"></trkpt>
<trkpt lat="46.393886" lon="-73.216399"></trkpt>
<trkpt lat="46.393584" lon="-73.216611"></trkpt>
<trkpt lat="46.393269" lon="-73.216686"></trkpt>
<trkpt lat="46.392997" lon="-73.216703"></trkpt>
<trkpt lat="46.389748" lon="-73.216625"></trkpt>
<trkpt lat="46.389038" lon="-73.216688"></trkpt>
<trkpt lat="46.388654" lon="-73.216856"></trkpt>
<trkpt lat="46.388423" lon="-73.217046"></trkpt>
<trkpt lat="46.388192" lon="-73.217248"></trkpt>
<trkpt lat="46.387159" lon="-73.218518"></trkpt>
<trkpt lat="46.383959" lon="-73.222848"></trkpt>
<trkpt lat="46.383597" lon="-73.223263"></trkpt>
<trkpt lat="46.382363" lon="-73.224396"></trkpt>
<trkpt lat="46.381966" lon="-73.224890"></trkpt>
<trkpt lat="46.379744" lon="-73.228434"></trkpt>
<trkpt lat="46.379509" lon="-73.228961"></trkpt>
<trkpt lat="46.378819" lon="-73.230908"></trkpt>
<trkpt lat="46.378045" lon="-73.233183"></trkpt>
<trkpt lat="46.377118" lon="-73.236113"></trkpt>
<trkpt lat="46.376646" lon="-73.237597"></trkpt>
<trkpt lat="46.376414" lon="-73.238346"></trkpt>
<trkpt lat="46.375842" lon="-73.240341"></trkpt>
<trkpt lat="46.375697" lon="-73.240853"></trkpt>
<trkpt lat="46.375130" lon="-73.242028"></trkpt>
<trkpt lat="46.374862" lon="-73.242765"></trkpt>
<trkpt lat="46.374346" lon="-73.244940"></trkpt>
<trkpt lat="46.374103" lon="-73.245508"></trkpt>
<trkpt lat="46.373810" lon="-73.246014"></trkpt>
<trkpt lat="46.373259" lon="-73.246707"></trkpt>
<trkpt lat="46.372681" lon="-73.247377"></trkpt>
<trkpt lat="46.372395" lon="-73.247944"></trkpt>
<trkpt lat="46.371727" lon="-73.250000"></trkpt>
<trkpt lat="46.370356" lon="-73.254715"></trkpt>
<trkpt lat="46.369392" lon="-73.258763"></trkpt>
<trkpt lat="46.369030" lon="-73.260413"></trkpt>
<trkpt lat="46.368696" lon="-73.261529"></trkpt>
<trkpt lat="46.368548" lon="-73.261871"></trkpt>
<trkpt lat="46.368294" lon="-73.262282"></trkpt>
<trkpt lat="46.368001" lon="-73.262578"></trkpt>
<trkpt lat="46.367678" lon="-73.262640"></trkpt>
<trkpt lat="46.366103" lon="-73.262625"></trkpt>
<trkpt lat="46.365043" lon="-73.262789"></trkpt>
<trkpt lat="46.364800" lon="-73.262770"></trkpt>
<trkpt lat="46.364565" lon="-73.262700"></trkpt>
<trkpt lat="46.364211" lon="-73.262490"></trkpt>
<trkpt lat="46.362035" lon="-73.260882"></trkpt>
<trkpt lat="46.360881" lon="-73.260152"></trkpt>
<trkpt lat="46.360455" lon="-73.259944"></trkpt>
<trkpt lat="46.359867" lon="-73.259755"></trkpt>
<trkpt lat="46.359272" lon="-73.259670"></trkpt>
<trkpt lat="46.358911" lon="-73.259689"></trkpt>
<trkpt lat="46.358364" lon="-73.259782"></trkpt>
<trkpt lat="46.357378" lon="-73.260144"></trkpt>
<trkpt lat="46.356401" lon="-73.260726"></trkpt>
<trkpt lat="46.354726" lon="-73.262126"></trkpt>
<trkpt lat="46.352994" lon="-73.263945"></trkpt>
<trkpt lat="46.352722" lon="-73.264386"></trkpt>
<trkpt lat="46.351445" lon="-73.266878"></trkpt>
<trkpt lat="46.350890" lon="-73.268317"></trkpt>
<trkpt lat="46.350441" lon="-73.269295"></trkpt>
<trkpt lat="46.349897" lon="-73.269975"></trkpt>
<trkpt lat="46.349701" lon="-73.270085"></trkpt>
<trkpt lat="46.349387" lon="-73.270121"></trkpt>
<trkpt lat="46.348191" lon="-73.269652"></trkpt>
<trkpt lat="46.347873" lon="-73.269428"></trkpt>
<trkpt lat="46.347553" lon="-73.269100"></trkpt>
<trkpt lat="46.347030" lon="-73.268428"></trkpt>
<trkpt lat="46.345981" lon="-73.266915"></trkpt>
<trkpt lat="46.345789" lon="-73.266700"></trkpt>
<trkpt lat="46.345335" lon="-73.266428"></trkpt>
<trkpt lat="46.344900" lon="-73.266397"></trkpt>
<trkpt lat="46.344028" lon="-73.266488"></trkpt>
<trkpt lat="46.343176" lon="-73.266513"></trkpt>
<trkpt lat="46.342118" lon="-73.266192"></trkpt>
<trkpt lat="46.341685" lon="-73.266207"></trkpt>
<trkpt lat="46.340356" lon="-73.266732"></trkpt>
<trkpt lat="46.339928" lon="-73.267008"></trkpt>
<trkpt lat="46.336509" lon="-73.269447"></trkpt>
<trkpt lat="46.335896" lon="-73.269962"></trkpt>
<trkpt lat="46.335384" lon="-73.270613"></trkpt>
<trkpt lat="46.334739" lon="-73.272235"></trkpt>
<trkpt lat="46.334339" lon="-73.273000"></trkpt>
<trkpt lat="46.333846" lon="-73.273470"></trkpt>
<trkpt lat="46.331733" lon="-73.274919"></trkpt>
<trkpt lat="46.331563" lon="-73.275039"></trkpt>
<trkpt lat="46.329226" lon="-73.276630"></trkpt>
<trkpt lat="46.330015" lon="-73.278314"></trkpt>
<trkpt lat="46.330974" lon="-73.280236"></trkpt>
<trkpt lat="46.331415" lon="-73.281283"></trkpt>
<trkpt lat="46.331752" lon="-73.282409"></trkpt>
<trkpt lat="46.332566" lon="-73.285590"></trkpt>
<trkpt lat="46.333735" lon="-73.288854"></trkpt>
<trkpt lat="46.334508" lon="-73.290927"></trkpt>
<trkpt lat="46.336319" lon="-73.295994"></trkpt>
<trkpt lat="46.336324" lon="-73.296012"></trkpt>
<trkpt lat="46.336529" lon="-73.296737"></trkpt>
<trkpt lat="46.336630" lon="-73.297499"></trkpt>
<trkpt lat="46.336645" lon="-73.298455"></trkpt>
<trkpt lat="46.336412" lon="-73.299645"></trkpt>
<trkpt lat="46.335973" lon="-73.300542"></trkpt>
<trkpt lat="46.335640" lon="-73.301088"></trkpt>
<trkpt lat="46.335236" lon="-73.301698"></trkpt>
<trkpt lat="46.335093" lon="-73.301917"></trkpt>
<trkpt lat="46.328998" lon="-73.311624"></trkpt>
<trkpt lat="46.328656" lon="-73.312415"></trkpt>
<trkpt lat="46.328510" lon="-73.312973"></trkpt>
<trkpt lat="46.328392" lon="-73.313643"></trkpt>
<trkpt lat="46.328301" lon="-73.315123"></trkpt>
<trkpt lat="46.328186" lon="-73.315806"></trkpt>
<trkpt lat="46.327988" lon="-73.316489"></trkpt>
<trkpt lat="46.327798" lon="-73.316949"></trkpt>
<trkpt lat="46.327433" lon="-73.317579"></trkpt>
<trkpt lat="46.326169" lon="-73.319554"></trkpt>
<trkpt lat="46.325967" lon="-73.319943"></trkpt>
<trkpt lat="46.325747" lon="-73.320566"></trkpt>
<trkpt lat="46.325653" lon="-73.321022"></trkpt>
<trkpt lat="46.325568" lon="-73.321788"></trkpt>
<trkpt lat="46.325559" lon="-73.323622"></trkpt>
<trkpt lat="46.325530" lon="-73.324313"></trkpt>
<trkpt lat="46.325451" lon="-73.324859"></trkpt>
<trkpt lat="46.325267" lon="-73.325560"></trkpt>
<trkpt lat="46.324961" lon="-73.326325"></trkpt>
<trkpt lat="46.324800" lon="-73.326644"></trkpt>
<trkpt lat="46.324375" lon="-73.327386"></trkpt>
<trkpt lat="46.323912" lon="-73.328123"></trkpt>
<trkpt lat="46.323487" lon="-73.328879"></trkpt>
<trkpt lat="46.323170" lon="-73.329627"></trkpt>
<trkpt lat="46.322030" lon="-73.333045"></trkpt>
<trkpt lat="46.321229" lon="-73.335464"></trkpt>
<trkpt lat="46.320956" lon="-73.336413"></trkpt>
<trkpt lat="46.320723" lon="-73.337407"></trkpt>
<trkpt lat="46.319835" lon="-73.341971"></trkpt>
<trkpt lat="46.319827" lon="-73.342010"></trkpt>
<trkpt lat="46.319571" lon="-73.343355"></trkpt>
<trkpt lat="46.319313" lon="-73.344460"></trkpt>
<trkpt lat="46.319068" lon="-73.345239"></trkpt>
<trkpt lat="46.318737" lon="-73.345981"></trkpt>
<trkpt lat="46.318338" lon="-73.346699"></trkpt>
<trkpt lat="46.317964" lon="-73.347346"></trkpt>
<trkpt lat="46.316125" lon="-73.350384"></trkpt>
<trkpt lat="46.316052" lon="-73.350505"></trkpt>
<trkpt lat="46.315526" lon="-73.351416"></trkpt>
<trkpt lat="46.315072" lon="-73.352130"></trkpt>
<trkpt lat="46.314213" lon="-73.353393"></trkpt>
<trkpt lat="46.312774" lon="-73.355319"></trkpt>
<trkpt lat="46.311983" lon="-73.356341"></trkpt>
<trkpt lat="46.311945" lon="-73.356390"></trkpt>
<trkpt lat="46.311367" lon="-73.357170"></trkpt>
<trkpt lat="46.311035" lon="-73.357602"></trkpt>
<trkpt lat="46.310799" lon="-73.357931"></trkpt>
<trkpt lat="46.310518" lon="-73.358290"></trkpt>
<trkpt lat="46.310217" lon="-73.358679"></trkpt>
<trkpt lat="46.309920" lon="-73.359049"></trkpt>
<trkpt lat="46.309275" lon="-73.359918"></trkpt>
<trkpt lat="46.308728" lon="-73.360668"></trkpt>
<trkpt lat="46.308459" lon="-73.360995"></trkpt>
<trkpt lat="46.307792" lon="-73.361903"></trkpt>
<trkpt lat="46.306513" lon="-73.363647"></trkpt>
<trkpt lat="46.306439" lon="-73.363748"></trkpt>
<trkpt lat="46.305920" lon="-73.364472"></trkpt>
<trkpt lat="46.305311" lon="-73.365289"></trkpt>
<trkpt lat="46.304750" lon="-73.366033"></trkpt>
<trkpt lat="46.304475" lon="-73.366430"></trkpt>
<trkpt lat="46.303496" lon="-73.367775"></trkpt>
<trkpt lat="46.301972" lon="-73.369908"></trkpt>
<trkpt lat="46.300518" lon="-73.371715"></trkpt>
<trkpt lat="46.299477" lon="-73.372819"></trkpt>
<trkpt lat="46.298737" lon="-73.373594"></trkpt>
<trkpt lat="46.298097" lon="-73.374263"></trkpt>
<trkpt lat="46.297501" lon="-73.374876"></trkpt>
<trkpt lat="46.296316" lon="-73.376073"></trkpt>
<trkpt lat="46.295553" lon="-73.376800"></trkpt>
<trkpt lat="46.296224" lon="-73.377681"></trkpt>
<trkpt lat="46.295865" lon="-73.377942"></trkpt>
<trkpt lat="46.295827" lon="-73.378012"></trkpt>
<trkpt lat="46.295761" lon="-73.378275"></trkpt>
<trkpt lat="46.295699" lon="-73.379045"></trkpt>
<trkpt lat="46.295655" lon="-73.379611"></trkpt>
<trkpt lat="46.295677" lon="-73.380163"></trkpt>
<trkpt lat="46.295870" lon="-73.381034"></trkpt>
<trkpt lat="46.295830" lon="-73.381371"></trkpt>
<trkpt lat="46.295753" lon="-73.381696"></trkpt>
<trkpt lat="46.295596" lon="-73.382070"></trkpt>
<trkpt lat="46.295457" lon="-73.382317"></trkpt>
<trkpt lat="46.294908" lon="-73.383204"></trkpt>
<trkpt lat="46.294370" lon="-73.384071"></trkpt>
<trkpt lat="46.293857" lon="-73.384899"></trkpt>
<trkpt lat="46.294500" lon="-73.385493"></trkpt>
<trkpt lat="46.294992" lon="-73.385930"></trkpt>
<trkpt lat="46.295416" lon="-73.386232"></trkpt>
<trkpt lat="46.296301" lon="-73.386677"></trkpt>
<trkpt lat="46.296606" lon="-73.386900"></trkpt>
<trkpt lat="46.297708" lon="-73.388300"></trkpt>
<trkpt lat="46.298357" lon="-73.389157"></trkpt>
<trkpt lat="46.299629" lon="-73.390835"></trkpt>
<trkpt lat="46.299665" lon="-73.390882"></trkpt>
<trkpt lat="46.300148" lon="-73.391501"></trkpt>
<trkpt lat="46.301071" lon="-73.392708"></trkpt>
<trkpt lat="46.301761" lon="-73.393646"></trkpt>
<trkpt lat="46.302046" lon="-73.394025"></trkpt>
<trkpt lat="46.302844" lon="-73.395047"></trkpt>
<trkpt lat="46.303138" lon="-73.395488"></trkpt>
<trkpt lat="46.303328" lon="-73.395880"></trkpt>
<trkpt lat="46.303531" lon="-73.396378"></trkpt>
<trkpt lat="46.303464" lon="-73.396583"></trkpt>
<trkpt lat="46.303246" lon="-73.397653"></trkpt>
<trkpt lat="46.303120" lon="-73.398116"></trkpt>
<trkpt lat="46.302856" lon="-73.398665"></trkpt>
<trkpt lat="46.302362" lon="-73.399470"></trkpt>
<trkpt lat="46.302162" lon="-73.399796"></trkpt>
<trkpt lat="46.301668" lon="-73.400620"></trkpt>
<trkpt lat="46.301457" lon="-73.400981"></trkpt>
<trkpt lat="46.301410" lon="-73.401051"></trkpt>
<trkpt lat="46.301274" lon="-73.401262"></trkpt>
<trkpt lat="46.301133" lon="-73.401479"></trkpt>
<trkpt lat="46.301055" lon="-73.401602"></trkpt>
<trkpt lat="46.300781" lon="-73.401989"></trkpt>
<trkpt lat="46.300449" lon="-73.402513"></trkpt>
<trkpt lat="46.300235" lon="-73.402841"></trkpt>
<trkpt lat="46.300033" lon="-73.403210"></trkpt>
<trkpt lat="46.299946" lon="-73.403475"></trkpt>
<trkpt lat="46.299911" lon="-73.403580"></trkpt>
<trkpt lat="46.299780" lon="-73.404061"></trkpt>
<trkpt lat="46.299714" lon="-73.404452"></trkpt>
<trkpt lat="46.299770" lon="-73.406464"></trkpt>
<trkpt lat="46.299732" lon="-73.406939"></trkpt>
<trkpt lat="46.299605" lon="-73.407766"></trkpt>
<trkpt lat="46.299448" lon="-73.408383"></trkpt>
<trkpt lat="46.299108" lon="-73.409483"></trkpt>
<trkpt lat="46.299048" lon="-73.409806"></trkpt>
<trkpt lat="46.299010" lon="-73.410385"></trkpt>
<trkpt lat="46.299027" lon="-73.410754"></trkpt>
<trkpt lat="46.299181" lon="-73.411402"></trkpt>
<trkpt lat="46.299320" lon="-73.411923"></trkpt>
<trkpt lat="46.299370" lon="-73.412114"></trkpt>
<trkpt lat="46.299435" lon="-73.412466"></trkpt>
<trkpt lat="46.299488" lon="-73.412925"></trkpt>
<trkpt lat="46.299492" lon="-73.413296"></trkpt>
<trkpt lat="46.299429" lon="-73.413853"></trkpt>
<trkpt lat="46.299366" lon="-73.414211"></trkpt>
<trkpt lat="46.299096" lon="-73.415502"></trkpt>
<trkpt lat="46.298872" lon="-73.416316"></trkpt>
<trkpt lat="46.298519" lon="-73.417085"></trkpt>
<trkpt lat="46.298098" lon="-73.417788"></trkpt>
<trkpt lat="46.297872" lon="-73.418194"></trkpt>
<trkpt lat="46.297709" lon="-73.418522"></trkpt>
<trkpt lat="46.297459" lon="-73.419145"></trkpt>
<trkpt lat="46.297322" lon="-73.419696"></trkpt>
<trkpt lat="46.296946" lon="-73.421677"></trkpt>
<trkpt lat="46.296819" lon="-73.422107"></trkpt>
<trkpt lat="46.296608" lon="-73.422902"></trkpt>
<trkpt lat="46.296022" lon="-73.424116"></trkpt>
<trkpt lat="46.295596" lon="-73.424771"></trkpt>
<trkpt lat="46.294936" lon="-73.425448"></trkpt>
<trkpt lat="46.292392" lon="-73.427793"></trkpt>
<trkpt lat="46.292278" lon="-73.427940"></trkpt>
<trkpt lat="46.291698" lon="-73.429246"></trkpt>
<trkpt lat="46.291364" lon="-73.429897"></trkpt>
<trkpt lat="46.291182" lon="-73.430165"></trkpt>
<trkpt lat="46.290162" lon="-73.431249"></trkpt>
<trkpt lat="46.288983" lon="-73.432600"></trkpt>
<trkpt lat="46.288382" lon="-73.433329"></trkpt>
<trkpt lat="46.287485" lon="-73.434590"></trkpt>
<trkpt lat="46.287228" lon="-73.434990"></trkpt>
<trkpt lat="46.285863" lon="-73.437182"></trkpt>
<trkpt lat="46.284678" lon="-73.439024"></trkpt>
<trkpt lat="46.283291" lon="-73.440980"></trkpt>
<trkpt lat="46.281595" lon="-73.443109"></trkpt>
<trkpt lat="46.281280" lon="-73.443317"></trkpt>
<trkpt lat="46.279813" lon="-73.443390"></trkpt>
<trkpt lat="46.279663" lon="-73.443470"></trkpt>
<trkpt lat="46.279296" lon="-73.443764"></trkpt>
<trkpt lat="46.278375" lon="-73.444269"></trkpt>
<trkpt lat="46.278169" lon="-73.444446"></trkpt>
<trkpt lat="46.277940" lon="-73.444723"></trkpt>
<trkpt lat="46.276708" lon="-73.446700"></trkpt>
<trkpt lat="46.275028" lon="-73.449564"></trkpt>
<trkpt lat="46.274531" lon="-73.450466"></trkpt>
<trkpt lat="46.273945" lon="-73.451654"></trkpt>
<trkpt lat="46.273750" lon="-73.452158"></trkpt>
<trkpt lat="46.273659" lon="-73.452528"></trkpt>
<trkpt lat="46.273547" lon="-73.453342"></trkpt>
<trkpt lat="46.273540" lon="-73.453714"></trkpt>
<trkpt lat="46.273580" lon="-73.454258"></trkpt>
<trkpt lat="46.273753" lon="-73.455537"></trkpt>
<trkpt lat="46.273772" lon="-73.456058"></trkpt>
<trkpt lat="46.273745" lon="-73.456559"></trkpt>
<trkpt lat="46.273696" lon="-73.456924"></trkpt>
<trkpt lat="46.273596" lon="-73.457275"></trkpt>
<trkpt lat="46.273466" lon="-73.457619"></trkpt>
<trkpt lat="46.273311" lon="-73.457909"></trkpt>
<trkpt lat="46.272973" lon="-73.458348"></trkpt>
<trkpt lat="46.272807" lon="-73.458529"></trkpt>
<trkpt lat="46.271228" lon="-73.459932"></trkpt>
<trkpt lat="46.270291" lon="-73.460721"></trkpt>
<trkpt lat="46.269577" lon="-73.461556"></trkpt>
<trkpt lat="46.269188" lon="-73.462139"></trkpt>
<trkpt lat="46.268601" lon="-73.463118"></trkpt>
<trkpt lat="46.268363" lon="-73.462503"></trkpt>
<trkpt lat="46.268104" lon="-73.462011"></trkpt>
<trkpt lat="46.267881" lon="-73.461670"></trkpt>
<trkpt lat="46.267642" lon="-73.461400"></trkpt>
<trkpt lat="46.267375" lon="-73.461163"></trkpt>
<trkpt lat="46.266929" lon="-73.460862"></trkpt>
<trkpt lat="46.266404" lon="-73.460669"></trkpt>
<trkpt lat="46.265926" lon="-73.460618"></trkpt>
<trkpt lat="46.265576" lon="-73.460666"></trkpt>
<trkpt lat="46.265057" lon="-73.460850"></trkpt>
<trkpt lat="46.264690" lon="-73.461042"></trkpt>
<trkpt lat="46.264132" lon="-73.461581"></trkpt>
<trkpt lat="46.263815" lon="-73.461682"></trkpt>
<trkpt lat="46.263410" lon="-73.461532"></trkpt>
<trkpt lat="46.261311" lon="-73.460098"></trkpt>
<trkpt lat="46.261136" lon="-73.460020"></trkpt>
<trkpt lat="46.260986" lon="-73.460003"></trkpt>
<trkpt lat="46.260619" lon="-73.460117"></trkpt>
<trkpt lat="46.260432" lon="-73.460304"></trkpt>
<trkpt lat="46.260266" lon="-73.460685"></trkpt>
<trkpt lat="46.260183" lon="-73.461207"></trkpt>
<trkpt lat="46.260076" lon="-73.463312"></trkpt>
<trkpt lat="46.260193" lon="-73.463970"></trkpt>
<trkpt lat="46.261213" lon="-73.466237"></trkpt>
<trkpt lat="46.261289" lon="-73.466496"></trkpt>
<trkpt lat="46.261329" lon="-73.466890"></trkpt>
<trkpt lat="46.261302" lon="-73.467116"></trkpt>
<trkpt lat="46.261171" lon="-73.467461"></trkpt>
<trkpt lat="46.260945" lon="-73.467749"></trkpt>
<trkpt lat="46.260723" lon="-73.467914"></trkpt>
<trkpt lat="46.260349" lon="-73.468102"></trkpt>
<trkpt lat="46.260118" lon="-73.468142"></trkpt>
<trkpt lat="46.259808" lon="-73.468111"></trkpt>
<trkpt lat="46.259482" lon="-73.468000"></trkpt>
<trkpt lat="46.258913" lon="-73.467834"></trkpt>
<trkpt lat="46.258246" lon="-73.467774"></trkpt>
<trkpt lat="46.257725" lon="-73.467841"></trkpt>
<trkpt lat="46.257493" lon="-73.467951"></trkpt>
<trkpt lat="46.257039" lon="-73.468340"></trkpt>
<trkpt lat="46.256096" lon="-73.469871"></trkpt>
<trkpt lat="46.255507" lon="-73.470887"></trkpt>
<trkpt lat="46.255155" lon="-73.471454"></trkpt>
<trkpt lat="46.253204" lon="-73.475012"></trkpt>
<trkpt lat="46.252866" lon="-73.475478"></trkpt>
<trkpt lat="46.251852" lon="-73.476878"></trkpt>
<trkpt lat="46.249999" lon="-73.479979"></trkpt>
<trkpt lat="46.246591" lon="-73.485402"></trkpt>
<trkpt lat="46.246195" lon="-73.486041"></trkpt>
<trkpt lat="46.245700" lon="-73.487062"></trkpt>
<trkpt lat="46.245645" lon="-73.487317"></trkpt>
<trkpt lat="46.245629" lon="-73.487566"></trkpt>
<trkpt lat="46.245807" lon="-73.489002"></trkpt>
<trkpt lat="46.245809" lon="-73.489528"></trkpt>
<trkpt lat="46.245727" lon="-73.489865"></trkpt>
<trkpt lat="46.245584" lon="-73.490199"></trkpt>
<trkpt lat="46.243900" lon="-73.492990"></trkpt>
<trkpt lat="46.241206" lon="-73.496989"></trkpt>
<trkpt lat="46.240656" lon="-73.497789"></trkpt>
<trkpt lat="46.240506" lon="-73.498035"></trkpt>
<trkpt lat="46.240269" lon="-73.498851"></trkpt>
<trkpt lat="46.240016" lon="-73.503721"></trkpt>
<trkpt lat="46.239948" lon="-73.504691"></trkpt>
<trkpt lat="46.240001" lon="-73.506017"></trkpt>
<trkpt lat="46.240358" lon="-73.507090"></trkpt>
<trkpt lat="46.240892" lon="-73.508077"></trkpt>
<trkpt lat="46.241847" lon="-73.509511"></trkpt>
<trkpt lat="46.244796" lon="-73.513749"></trkpt>
<trkpt lat="46.245330" lon="-73.514515"></trkpt>
<trkpt lat="46.246477" lon="-73.516163"></trkpt>
<trkpt lat="46.247996" lon="-73.518399"></trkpt>
<trkpt lat="46.248162" lon="-73.518682"></trkpt>
<trkpt lat="46.248273" lon="-73.518985"></trkpt>
<trkpt lat="46.248340" lon="-73.519305"></trkpt>
<trkpt lat="46.248385" lon="-73.519691"></trkpt>
<trkpt lat="46.248391" lon="-73.520051"></trkpt>
<trkpt lat="46.248353" lon="-73.520957"></trkpt>
<trkpt lat="46.248128" lon="-73.520935"></trkpt>
<trkpt lat="46.247623" lon="-73.520949"></trkpt>
<trkpt lat="46.247369" lon="-73.520996"></trkpt>
<trkpt lat="46.246984" lon="-73.521118"></trkpt>
<trkpt lat="46.246656" lon="-73.521253"></trkpt>
<trkpt lat="46.246338" lon="-73.521446"></trkpt>
<trkpt lat="46.245959" lon="-73.521729"></trkpt>
<trkpt lat="46.245604" lon="-73.522080"></trkpt>
<trkpt lat="46.245185" lon="-73.522599"></trkpt>
<trkpt lat="46.244223" lon="-73.524203"></trkpt>
<trkpt lat="46.243763" lon="-73.525018"></trkpt>
<trkpt lat="46.243485" lon="-73.525460"></trkpt>
<trkpt lat="46.242866" lon="-73.526298"></trkpt>
<trkpt lat="46.242442" lon="-73.526763"></trkpt>
<trkpt lat="46.241874" lon="-73.527326"></trkpt>
<trkpt lat="46.239181" lon="-73.529798"></trkpt>
<trkpt lat="46.238857" lon="-73.530041"></trkpt>
<trkpt lat="46.238502" lon="-73.530222"></trkpt>
<trkpt lat="46.238160" lon="-73.530343"></trkpt>
<trkpt lat="46.237995" lon="-73.530380"></trkpt>
<trkpt lat="46.237350" lon="-73.530409"></trkpt>
<trkpt lat="46.235901" lon="-73.530185"></trkpt>
<trkpt lat="46.234333" lon="-73.529931"></trkpt>
<trkpt lat="46.233791" lon="-73.529834"></trkpt>
<trkpt lat="46.233639" lon="-73.529810"></trkpt>
<trkpt lat="46.233587" lon="-73.530030"></trkpt>
<trkpt lat="46.233489" lon="-73.530290"></trkpt>
<trkpt lat="46.232551" lon="-73.531436"></trkpt>
<trkpt lat="46.231971" lon="-73.532145"></trkpt>
<trkpt lat="46.231887" lon="-73.532250"></trkpt>
<trkpt lat="46.230828" lon="-73.533580"></trkpt>
<trkpt lat="46.230724" lon="-73.533720"></trkpt>
<trkpt lat="46.230668" lon="-73.533794"></trkpt>
<trkpt lat="46.230512" lon="-73.533981"></trkpt>
<trkpt lat="46.230030" lon="-73.534556"></trkpt>
<trkpt lat="46.229832" lon="-73.534814"></trkpt>
<trkpt lat="46.229472" lon="-73.535276"></trkpt>
<trkpt lat="46.229175" lon="-73.535657"></trkpt>
<trkpt lat="46.228480" lon="-73.536543"></trkpt>
<trkpt lat="46.227081" lon="-73.538328"></trkpt>
<trkpt lat="46.226389" lon="-73.539203"></trkpt>
<trkpt lat="46.225951" lon="-73.539812"></trkpt>
<trkpt lat="46.225806" lon="-73.540171"></trkpt>
<trkpt lat="46.225750" lon="-73.540464"></trkpt>
<trkpt lat="46.225710" lon="-73.540848"></trkpt>
<trkpt lat="46.225723" lon="-73.541100"></trkpt>
<trkpt lat="46.225783" lon="-73.541430"></trkpt>
<trkpt lat="46.225885" lon="-73.541724"></trkpt>
<trkpt lat="46.226031" lon="-73.541997"></trkpt>
<trkpt lat="46.230503" lon="-73.548760"></trkpt>
<trkpt lat="46.231736" lon="-73.550628"></trkpt>
<trkpt lat="46.232306" lon="-73.551491"></trkpt>
<trkpt lat="46.232573" lon="-73.551976"></trkpt>
<trkpt lat="46.232706" lon="-73.552340"></trkpt>
<trkpt lat="46.232839" lon="-73.552930"></trkpt>
<trkpt lat="46.232882" lon="-73.553341"></trkpt>
<trkpt lat="46.232880" lon="-73.553858"></trkpt>
<trkpt lat="46.232817" lon="-73.554368"></trkpt>
<trkpt lat="46.232723" lon="-73.554761"></trkpt>
<trkpt lat="46.232596" lon="-73.555136"></trkpt>
<trkpt lat="46.232333" lon="-73.555637"></trkpt>
<trkpt lat="46.231998" lon="-73.556062"></trkpt>
<trkpt lat="46.230438" lon="-73.557674"></trkpt>
<trkpt lat="46.230111" lon="-73.558076"></trkpt>
<trkpt lat="46.229739" lon="-73.558691"></trkpt>
<trkpt lat="46.229585" lon="-73.559030"></trkpt>
<trkpt lat="46.229113" lon="-73.560268"></trkpt>
<trkpt lat="46.228893" lon="-73.560773"></trkpt>
<trkpt lat="46.228561" lon="-73.561390"></trkpt>
<trkpt lat="46.228190" lon="-73.561930"></trkpt>
<trkpt lat="46.227892" lon="-73.562288"></trkpt>
<trkpt lat="46.226919" lon="-73.563249"></trkpt>
<trkpt lat="46.226555" lon="-73.563766"></trkpt>
<trkpt lat="46.226344" lon="-73.564197"></trkpt>
<trkpt lat="46.226232" lon="-73.564495"></trkpt>
<trkpt lat="46.225721" lon="-73.566456"></trkpt>
<trkpt lat="46.225548" lon="-73.566980"></trkpt>
<trkpt lat="46.225346" lon="-73.567468"></trkpt>
<trkpt lat="46.225074" lon="-73.568014"></trkpt>
<trkpt lat="46.224772" lon="-73.568530"></trkpt>
<trkpt lat="46.223078" lon="-73.571132"></trkpt>
<trkpt lat="46.222862" lon="-73.571397"></trkpt>
<trkpt lat="46.222616" lon="-73.571623"></trkpt>
<trkpt lat="46.222344" lon="-73.571798"></trkpt>
<trkpt lat="46.222171" lon="-73.571874"></trkpt>
<trkpt lat="46.221909" lon="-73.571966"></trkpt>
<trkpt lat="46.221465" lon="-73.572006"></trkpt>
<trkpt lat="46.220121" lon="-73.571808"></trkpt>
<trkpt lat="46.219671" lon="-73.571772"></trkpt>
<trkpt lat="46.219387" lon="-73.571816"></trkpt>
<trkpt lat="46.219130" lon="-73.571938"></trkpt>
<trkpt lat="46.218813" lon="-73.572231"></trkpt>
<trkpt lat="46.218643" lon="-73.572457"></trkpt>
<trkpt lat="46.218452" lon="-73.572828"></trkpt>
<trkpt lat="46.218365" lon="-73.573098"></trkpt>
<trkpt lat="46.218302" lon="-73.573402"></trkpt>
<trkpt lat="46.218259" lon="-73.574088"></trkpt>
<trkpt lat="46.218252" lon="-73.575192"></trkpt>
<trkpt lat="46.218248" lon="-73.575990"></trkpt>
<trkpt lat="46.218245" lon="-73.576179"></trkpt>
<trkpt lat="46.218253" lon="-73.576550"></trkpt>
<trkpt lat="46.218292" lon="-73.577124"></trkpt>
<trkpt lat="46.218393" lon="-73.578000"></trkpt>
<trkpt lat="46.218591" lon="-73.579330"></trkpt>
<trkpt lat="46.218690" lon="-73.580116"></trkpt>
<trkpt lat="46.218724" lon="-73.580800"></trkpt>
<trkpt lat="46.218666" lon="-73.581704"></trkpt>
<trkpt lat="46.218564" lon="-73.582334"></trkpt>
<trkpt lat="46.218357" lon="-73.583109"></trkpt>
<trkpt lat="46.218224" lon="-73.583468"></trkpt>
<trkpt lat="46.217986" lon="-73.583985"></trkpt>
<trkpt lat="46.217804" lon="-73.584308"></trkpt>
<trkpt lat="46.217552" lon="-73.584677"></trkpt>
<trkpt lat="46.215931" lon="-73.586685"></trkpt>
<trkpt lat="46.215140" lon="-73.587603"></trkpt>
<trkpt lat="46.214196" lon="-73.588595"></trkpt>
<trkpt lat="46.211011" lon="-73.591774"></trkpt>
<trkpt lat="46.210550" lon="-73.592327"></trkpt>
<trkpt lat="46.208877" lon="-73.594508"></trkpt>
<trkpt lat="46.206373" lon="-73.597464"></trkpt>
<trkpt lat="46.205272" lon="-73.598741"></trkpt>
<trkpt lat="46.204658" lon="-73.599476"></trkpt>
<trkpt lat="46.204168" lon="-73.600175"></trkpt>
<trkpt lat="46.202304" lon="-73.603481"></trkpt>
<trkpt lat="46.201455" lon="-73.604810"></trkpt>
<trkpt lat="46.200999" lon="-73.605484"></trkpt>
<trkpt lat="46.200847" lon="-73.605706"></trkpt>
<trkpt lat="46.200223" lon="-73.606628"></trkpt>
<trkpt lat="46.199925" lon="-73.607078"></trkpt>
<trkpt lat="46.196401" lon="-73.612490"></trkpt>
<trkpt lat="46.196134" lon="-73.613351"></trkpt>
<trkpt lat="46.196072" lon="-73.613924"></trkpt>
<trkpt lat="46.196079" lon="-73.614371"></trkpt>
<trkpt lat="46.196129" lon="-73.614823"></trkpt>
<trkpt lat="46.196497" lon="-73.616959"></trkpt>
<trkpt lat="46.196528" lon="-73.617538"></trkpt>
<trkpt lat="46.196508" lon="-73.617862"></trkpt>
<trkpt lat="46.196433" lon="-73.618296"></trkpt>
<trkpt lat="46.196241" lon="-73.618898"></trkpt>
<trkpt lat="46.195977" lon="-73.619433"></trkpt>
<trkpt lat="46.195419" lon="-73.620450"></trkpt>
<trkpt lat="46.195368" lon="-73.620638"></trkpt>
<trkpt lat="46.195271" lon="-73.621198"></trkpt>
<trkpt lat="46.195197" lon="-73.621496"></trkpt>
<trkpt lat="46.195079" lon="-73.621829"></trkpt>
<trkpt lat="46.194881" lon="-73.622214"></trkpt>
<trkpt lat="46.194643" lon="-73.622510"></trkpt>
<trkpt lat="46.193593" lon="-73.623572"></trkpt>
<trkpt lat="46.193316" lon="-73.623915"></trkpt>
<trkpt lat="46.193287" lon="-73.623966"></trkpt>
<trkpt lat="46.193195" lon="-73.624175"></trkpt>
<trkpt lat="46.193105" lon="-73.624501"></trkpt>
<trkpt lat="46.193071" lon="-73.624817"></trkpt>
<trkpt lat="46.193075" lon="-73.625017"></trkpt>
<trkpt lat="46.193118" lon="-73.625322"></trkpt>
<trkpt lat="46.193173" lon="-73.625526"></trkpt>
<trkpt lat="46.193357" lon="-73.625912"></trkpt>
<trkpt lat="46.193575" lon="-73.626146"></trkpt>
<trkpt lat="46.193747" lon="-73.626247"></trkpt>
<trkpt lat="46.194009" lon="-73.626322"></trkpt>
<trkpt lat="46.194609" lon="-73.626418"></trkpt>
<trkpt lat="46.194790" lon="-73.626488"></trkpt>
<trkpt lat="46.194965" lon="-73.626602"></trkpt>
<trkpt lat="46.195195" lon="-73.626831"></trkpt>
<trkpt lat="46.195896" lon="-73.627628"></trkpt>
<trkpt lat="46.196086" lon="-73.627870"></trkpt>
<trkpt lat="46.196183" lon="-73.628037"></trkpt>
<trkpt lat="46.196291" lon="-73.628316"></trkpt>
<trkpt lat="46.196376" lon="-73.628618"></trkpt>
<trkpt lat="46.196404" lon="-73.628935"></trkpt>
<trkpt lat="46.196392" lon="-73.629246"></trkpt>
<trkpt lat="46.196317" lon="-73.629587"></trkpt>
<trkpt lat="46.196154" lon="-73.629934"></trkpt>
<trkpt lat="46.195035" lon="-73.631617"></trkpt>
<trkpt lat="46.194774" lon="-73.632129"></trkpt>
<trkpt lat="46.194647" lon="-73.632506"></trkpt>
<trkpt lat="46.194533" lon="-73.633107"></trkpt>
<trkpt lat="46.194508" lon="-73.633715"></trkpt>
<trkpt lat="46.194540" lon="-73.634093"></trkpt>
<trkpt lat="46.194619" lon="-73.634597"></trkpt>
<trkpt lat="46.194783" lon="-73.635426"></trkpt>
<trkpt lat="46.194964" lon="-73.636467"></trkpt>
<trkpt lat="46.195375" lon="-73.638745"></trkpt>
<trkpt lat="46.195540" lon="-73.639511"></trkpt>
<trkpt lat="46.195790" lon="-73.640519"></trkpt>
<trkpt lat="46.196060" lon="-73.641267"></trkpt>
<trkpt lat="46.196233" lon="-73.641623"></trkpt>
<trkpt lat="46.196672" lon="-73.642381"></trkpt>
<trkpt lat="46.196814" lon="-73.642822"></trkpt>
<trkpt lat="46.196857" lon="-73.643211"></trkpt>
<trkpt lat="46.196899" lon="-73.644000"></trkpt>
<trkpt lat="46.196893" lon="-73.644422"></trkpt>
<trkpt lat="46.196841" lon="-73.645321"></trkpt>
<trkpt lat="46.196737" lon="-73.645879"></trkpt>
<trkpt lat="46.196557" lon="-73.646266"></trkpt>
<trkpt lat="46.196334" lon="-73.646582"></trkpt>
<trkpt lat="46.195211" lon="-73.647419"></trkpt>
<trkpt lat="46.194887" lon="-73.647740"></trkpt>
<trkpt lat="46.194651" lon="-73.648099"></trkpt>
<trkpt lat="46.193777" lon="-73.649709"></trkpt>
<trkpt lat="46.192799" lon="-73.651102"></trkpt>
<trkpt lat="46.192493" lon="-73.651390"></trkpt>
<trkpt lat="46.191757" lon="-73.651800"></trkpt>
<trkpt lat="46.191494" lon="-73.652145"></trkpt>
<trkpt lat="46.191351" lon="-73.652505"></trkpt>
<trkpt lat="46.191274" lon="-73.652881"></trkpt>
<trkpt lat="46.191181" lon="-73.653767"></trkpt>
<trkpt lat="46.191140" lon="-73.654136"></trkpt>
<trkpt lat="46.191113" lon="-73.654321"></trkpt>
<trkpt lat="46.191013" lon="-73.654869"></trkpt>
<trkpt lat="46.190776" lon="-73.655820"></trkpt>
<trkpt lat="46.190574" lon="-73.656431"></trkpt>
<trkpt lat="46.190370" lon="-73.657048"></trkpt>
<trkpt lat="46.190200" lon="-73.657561"></trkpt>
<trkpt lat="46.190029" lon="-73.658079"></trkpt>
<trkpt lat="46.189906" lon="-73.658451"></trkpt>
<trkpt lat="46.189674" lon="-73.659153"></trkpt>
<trkpt lat="46.188870" lon="-73.661585"></trkpt>
<trkpt lat="46.188265" lon="-73.663426"></trkpt>
<trkpt lat="46.188155" lon="-73.663872"></trkpt>
<trkpt lat="46.188021" lon="-73.664795"></trkpt>
<trkpt lat="46.188011" lon="-73.665596"></trkpt>
<trkpt lat="46.188024" lon="-73.665854"></trkpt>
<trkpt lat="46.188118" lon="-73.667206"></trkpt>
<trkpt lat="46.188117" lon="-73.667504"></trkpt>
<trkpt lat="46.188056" lon="-73.668069"></trkpt>
<trkpt lat="46.187927" lon="-73.668588"></trkpt>
<trkpt lat="46.187362" lon="-73.670011"></trkpt>
<trkpt lat="46.187167" lon="-73.670551"></trkpt>
<trkpt lat="46.186967" lon="-73.671423"></trkpt>
<trkpt lat="46.186696" lon="-73.673491"></trkpt>
<trkpt lat="46.186614" lon="-73.673885"></trkpt>
<trkpt lat="46.186466" lon="-73.674424"></trkpt>
<trkpt lat="46.186191" lon="-73.675165"></trkpt>
<trkpt lat="46.185892" lon="-73.675752"></trkpt>
<trkpt lat="46.185609" lon="-73.676256"></trkpt>
<trkpt lat="46.184295" lon="-73.678606"></trkpt>
<trkpt lat="46.184044" lon="-73.679084"></trkpt>
<trkpt lat="46.183765" lon="-73.679732"></trkpt>
<trkpt lat="46.183507" lon="-73.680471"></trkpt>
<trkpt lat="46.183435" lon="-73.680738"></trkpt>
<trkpt lat="46.183388" lon="-73.680918"></trkpt>
<trkpt lat="46.183037" lon="-73.682412"></trkpt>
<trkpt lat="46.182982" lon="-73.682812"></trkpt>
<trkpt lat="46.182975" lon="-73.683116"></trkpt>
<trkpt lat="46.183043" lon="-73.683568"></trkpt>
<trkpt lat="46.183192" lon="-73.684022"></trkpt>
<trkpt lat="46.183339" lon="-73.684371"></trkpt>
<trkpt lat="46.183414" lon="-73.684644"></trkpt>
<trkpt lat="46.183426" lon="-73.684811"></trkpt>
<trkpt lat="46.183395" lon="-73.685585"></trkpt>
<trkpt lat="46.183359" lon="-73.686131"></trkpt>
<trkpt lat="46.183249" lon="-73.687107"></trkpt>
<trkpt lat="46.183177" lon="-73.688593"></trkpt>
<trkpt lat="46.183146" lon="-73.689243"></trkpt>
<trkpt lat="46.183083" lon="-73.690584"></trkpt>
<trkpt lat="46.183082" lon="-73.690733"></trkpt>
<trkpt lat="46.183107" lon="-73.691267"></trkpt>
<trkpt lat="46.183169" lon="-73.691711"></trkpt>
<trkpt lat="46.183292" lon="-73.692292"></trkpt>
<trkpt lat="46.183621" lon="-73.693489"></trkpt>
<trkpt lat="46.183766" lon="-73.693745"></trkpt>
<trkpt lat="46.182764" lon="-73.696089"></trkpt>
<trkpt lat="46.182531" lon="-73.696652"></trkpt>
<trkpt lat="46.182230" lon="-73.697412"></trkpt>
<trkpt lat="46.181818" lon="-73.698492"></trkpt>
<trkpt lat="46.181468" lon="-73.699350"></trkpt>
<trkpt lat="46.181294" lon="-73.699710"></trkpt>
<trkpt lat="46.181104" lon="-73.700014"></trkpt>
<trkpt lat="46.180914" lon="-73.700218"></trkpt>
<trkpt lat="46.180682" lon="-73.700411"></trkpt>
<trkpt lat="46.180437" lon="-73.700543"></trkpt>
<trkpt lat="46.180127" lon="-73.700626"></trkpt>
<trkpt lat="46.179833" lon="-73.700633"></trkpt>
<trkpt lat="46.179426" lon="-73.700522"></trkpt>
<trkpt lat="46.177146" lon="-73.699499"></trkpt>
<trkpt lat="46.175967" lon="-73.698962"></trkpt>
<trkpt lat="46.173188" lon="-73.697097"></trkpt>
<trkpt lat="46.169667" lon="-73.695018"></trkpt>
<trkpt lat="46.167807" lon="-73.693977"></trkpt>
<trkpt lat="46.166895" lon="-73.693568"></trkpt>
<trkpt lat="46.164598" lon="-73.692730"></trkpt>
<trkpt lat="46.164469" lon="-73.692678"></trkpt>
<trkpt lat="46.163382" lon="-73.692222"></trkpt>
<trkpt lat="46.159555" lon="-73.690268"></trkpt>
<trkpt lat="46.158797" lon="-73.689972"></trkpt>
<trkpt lat="46.156543" lon="-73.689285"></trkpt>
<trkpt lat="46.156541" lon="-73.689284"></trkpt>
<trkpt lat="46.155853" lon="-73.688933"></trkpt>
<trkpt lat="46.153683" lon="-73.687663"></trkpt>
<trkpt lat="46.152678" lon="-73.687238"></trkpt>
<trkpt lat="46.151412" lon="-73.686888"></trkpt>
<trkpt lat="46.148569" lon="-73.686463"></trkpt>
<trkpt lat="46.147680" lon="-73.686279"></trkpt>
<trkpt lat="46.147470" lon="-73.686200"></trkpt>
<trkpt lat="46.147079" lon="-73.686014"></trkpt>
<trkpt lat="46.146733" lon="-73.685766"></trkpt>
<trkpt lat="46.146258" lon="-73.685273"></trkpt>
<trkpt lat="46.146062" lon="-73.685002"></trkpt>
<trkpt lat="46.145676" lon="-73.684368"></trkpt>
<trkpt lat="46.144109" lon="-73.681642"></trkpt>
<trkpt lat="46.143718" lon="-73.680948"></trkpt>
<trkpt lat="46.143531" lon="-73.680523"></trkpt>
<trkpt lat="46.143299" lon="-73.679743"></trkpt>
<trkpt lat="46.143234" lon="-73.679348"></trkpt>
<trkpt lat="46.143200" lon="-73.678795"></trkpt>
<trkpt lat="46.143208" lon="-73.678370"></trkpt>
<trkpt lat="46.142730" lon="-73.678321"></trkpt>
<trkpt lat="46.142357" lon="-73.678406"></trkpt>
<trkpt lat="46.141646" lon="-73.678921"></trkpt>
<trkpt lat="46.140835" lon="-73.679534"></trkpt>
<trkpt lat="46.140608" lon="-73.679657"></trkpt>
<trkpt lat="46.140303" lon="-73.679779"></trkpt>
<trkpt lat="46.139703" lon="-73.679863"></trkpt>
<trkpt lat="46.139278" lon="-73.679879"></trkpt>
<trkpt lat="46.138089" lon="-73.679855"></trkpt>
<trkpt lat="46.137427" lon="-73.679845"></trkpt>
<trkpt lat="46.136984" lon="-73.679876"></trkpt>
<trkpt lat="46.136210" lon="-73.680028"></trkpt>
<trkpt lat="46.135694" lon="-73.680205"></trkpt>
<trkpt lat="46.135217" lon="-73.680438"></trkpt>
<trkpt lat="46.134013" lon="-73.681223"></trkpt>
<trkpt lat="46.133490" lon="-73.681516"></trkpt>
<trkpt lat="46.133227" lon="-73.681717"></trkpt>
<trkpt lat="46.132987" lon="-73.681948"></trkpt>
<trkpt lat="46.132375" lon="-73.682693"></trkpt>
<trkpt lat="46.129654" lon="-73.686487"></trkpt>
<trkpt lat="46.129291" lon="-73.686903"></trkpt>
<trkpt lat="46.128888" lon="-73.687141"></trkpt>
<trkpt lat="46.128716" lon="-73.687194"></trkpt>
<trkpt lat="46.128396" lon="-73.687222"></trkpt>
<trkpt lat="46.127611" lon="-73.687118"></trkpt>
<trkpt lat="46.127345" lon="-73.687162"></trkpt>
<trkpt lat="46.127142" lon="-73.687256"></trkpt>
<trkpt lat="46.126938" lon="-73.687398"></trkpt>
<trkpt lat="46.126077" lon="-73.688102"></trkpt>
<trkpt lat="46.125782" lon="-73.688305"></trkpt>
<trkpt lat="46.125193" lon="-73.688623"></trkpt>
<trkpt lat="46.124763" lon="-73.688775"></trkpt>
<trkpt lat="46.124322" lon="-73.688817"></trkpt>
<trkpt lat="46.123660" lon="-73.688792"></trkpt>
<trkpt lat="46.120536" lon="-73.688413"></trkpt>
<trkpt lat="46.119793" lon="-73.688297"></trkpt>
<trkpt lat="46.118422" lon="-73.687987"></trkpt>
<trkpt lat="46.117053" lon="-73.687917"></trkpt>
<trkpt lat="46.116423" lon="-73.687753"></trkpt>
<trkpt lat="46.115852" lon="-73.687445"></trkpt>
<trkpt lat="46.115519" lon="-73.687156"></trkpt>
<trkpt lat="46.115359" lon="-73.687943"></trkpt>
<trkpt lat="46.115350" lon="-73.688528"></trkpt>
<trkpt lat="46.115306" lon="-73.689247"></trkpt>
<trkpt lat="46.115479" lon="-73.690023"></trkpt>
<trkpt lat="46.115483" lon="-73.690153"></trkpt>
<trkpt lat="46.115431" lon="-73.690370"></trkpt>
<trkpt lat="46.115127" lon="-73.691100"></trkpt>
<trkpt lat="46.114880" lon="-73.691769"></trkpt>
<trkpt lat="46.114742" lon="-73.692407"></trkpt>
<trkpt lat="46.114618" lon="-73.693409"></trkpt>
<trkpt lat="46.114589" lon="-73.694016"></trkpt>
<trkpt lat="46.114604" lon="-73.695182"></trkpt>
<trkpt lat="46.114508" lon="-73.695616"></trkpt>
<trkpt lat="46.114412" lon="-73.695804"></trkpt>
<trkpt lat="46.114118" lon="-73.696237"></trkpt>
<trkpt lat="46.113752" lon="-73.696691"></trkpt>
<trkpt lat="46.112620" lon="-73.698206"></trkpt>
<trkpt lat="46.110552" lon="-73.701080"></trkpt>
<trkpt lat="46.110403" lon="-73.701213"></trkpt>
<trkpt lat="46.110275" lon="-73.701268"></trkpt>
<trkpt lat="46.109861" lon="-73.701279"></trkpt>
<trkpt lat="46.109339" lon="-73.701243"></trkpt>
<trkpt lat="46.109086" lon="-73.701290"></trkpt>
<trkpt lat="46.108747" lon="-73.701448"></trkpt>
<trkpt lat="46.108396" lon="-73.701708"></trkpt>
<trkpt lat="46.108219" lon="-73.701891"></trkpt>
<trkpt lat="46.107992" lon="-73.702212"></trkpt>
<trkpt lat="46.107885" lon="-73.702437"></trkpt>
<trkpt lat="46.107831" lon="-73.702705"></trkpt>
<trkpt lat="46.107805" lon="-73.702937"></trkpt>
<trkpt lat="46.107806" lon="-73.703183"></trkpt>
<trkpt lat="46.107866" lon="-73.704081"></trkpt>
<trkpt lat="46.107916" lon="-73.704757"></trkpt>
<trkpt lat="46.107931" lon="-73.705367"></trkpt>
<trkpt lat="46.107930" lon="-73.705665"></trkpt>
<trkpt lat="46.107893" lon="-73.705973"></trkpt>
<trkpt lat="46.107750" lon="-73.706468"></trkpt>
<trkpt lat="46.107602" lon="-73.706873"></trkpt>
<trkpt lat="46.107359" lon="-73.707400"></trkpt>
<trkpt lat="46.107179" lon="-73.707672"></trkpt>
<trkpt lat="46.107001" lon="-73.707867"></trkpt>
<trkpt lat="46.106845" lon="-73.707960"></trkpt>
<trkpt lat="46.106679" lon="-73.708052"></trkpt>
<trkpt lat="46.106534" lon="-73.708094"></trkpt>
<trkpt lat="46.105799" lon="-73.708250"></trkpt>
<trkpt lat="46.105670" lon="-73.708332"></trkpt>
<trkpt lat="46.105500" lon="-73.708499"></trkpt>
<trkpt lat="46.105260" lon="-73.708792"></trkpt>
<trkpt lat="46.104795" lon="-73.709722"></trkpt>
<trkpt lat="46.104421" lon="-73.710408"></trkpt>
<trkpt lat="46.103566" lon="-73.711734"></trkpt>
<trkpt lat="46.103367" lon="-73.712005"></trkpt>
<trkpt lat="46.102944" lon="-73.712274"></trkpt>
<trkpt lat="46.102727" lon="-73.712311"></trkpt>
<trkpt lat="46.100617" lon="-73.712372"></trkpt>
<trkpt lat="46.100408" lon="-73.712409"></trkpt>
<trkpt lat="46.100090" lon="-73.712516"></trkpt>
<trkpt lat="46.099813" lon="-73.712717"></trkpt>
<trkpt lat="46.099034" lon="-73.713375"></trkpt>
<trkpt lat="46.097814" lon="-73.714301"></trkpt>
<trkpt lat="46.097619" lon="-73.713938"></trkpt>
<trkpt lat="46.097319" lon="-73.713464"></trkpt>
<trkpt lat="46.096639" lon="-73.712523"></trkpt>
<trkpt lat="46.096205" lon="-73.712040"></trkpt>
<trkpt lat="46.095968" lon="-73.711855"></trkpt>
<trkpt lat="46.095226" lon="-73.711416"></trkpt>
<trkpt lat="46.094849" lon="-73.711118"></trkpt>
<trkpt lat="46.094632" lon="-73.710882"></trkpt>
<trkpt lat="46.094337" lon="-73.710525"></trkpt>
<trkpt lat="46.093554" lon="-73.709448"></trkpt>
<trkpt lat="46.093026" lon="-73.708790"></trkpt>
<trkpt lat="46.092407" lon="-73.707932"></trkpt>
<trkpt lat="46.092259" lon="-73.707779"></trkpt>
<trkpt lat="46.092126" lon="-73.707705"></trkpt>
<trkpt lat="46.091848" lon="-73.707673"></trkpt>
<trkpt lat="46.091684" lon="-73.707726"></trkpt>
<trkpt lat="46.091331" lon="-73.708051"></trkpt>
<trkpt lat="46.091268" lon="-73.708123"></trkpt>
<trkpt lat="46.089358" lon="-73.710194"></trkpt>
<trkpt lat="46.088726" lon="-73.710784"></trkpt>
<trkpt lat="46.088250" lon="-73.711023"></trkpt>
<trkpt lat="46.086187" lon="-73.711553"></trkpt>
<trkpt lat="46.084313" lon="-73.712097"></trkpt>
<trkpt lat="46.083845" lon="-73.712231"></trkpt>
<trkpt lat="46.083559" lon="-73.712417"></trkpt>
<trkpt lat="46.083284" lon="-73.712699"></trkpt>
<trkpt lat="46.083030" lon="-73.713030"></trkpt>
<trkpt lat="46.082165" lon="-73.714337"></trkpt>
<trkpt lat="46.082100" lon="-73.714426"></trkpt>
<trkpt lat="46.081032" lon="-73.715947"></trkpt>
<trkpt lat="46.080305" lon="-73.716919"></trkpt>
<trkpt lat="46.079020" lon="-73.718461"></trkpt>
<trkpt lat="46.078665" lon="-73.718811"></trkpt>
<trkpt lat="46.078436" lon="-73.718951"></trkpt>
<trkpt lat="46.078052" lon="-73.719092"></trkpt>
<trkpt lat="46.077854" lon="-73.719117"></trkpt>
<trkpt lat="46.077566" lon="-73.719098"></trkpt>
<trkpt lat="46.076951" lon="-73.718887"></trkpt>
<trkpt lat="46.076419" lon="-73.718655"></trkpt>
<trkpt lat="46.075875" lon="-73.718488"></trkpt>
<trkpt lat="46.075344" lon="-73.718466"></trkpt>
<trkpt lat="46.074661" lon="-73.718443"></trkpt>
<trkpt lat="46.074168" lon="-73.718344"></trkpt>
<trkpt lat="46.073812" lon="-73.718216"></trkpt>
<trkpt lat="46.072794" lon="-73.717964"></trkpt>
<trkpt lat="46.071012" lon="-73.717646"></trkpt>
<trkpt lat="46.070843" lon="-73.717583"></trkpt>
<trkpt lat="46.069654" lon="-73.716661"></trkpt>
<trkpt lat="46.069414" lon="-73.716554"></trkpt>
<trkpt lat="46.069195" lon="-73.716511"></trkpt>
<trkpt lat="46.067864" lon="-73.716432"></trkpt>
<trkpt lat="46.067107" lon="-73.716185"></trkpt>
<trkpt lat="46.066602" lon="-73.715943"></trkpt>
<trkpt lat="46.066364" lon="-73.715771"></trkpt>
<trkpt lat="46.065866" lon="-73.715310"></trkpt>
<trkpt lat="46.065572" lon="-73.714966"></trkpt>
<trkpt lat="46.064960" lon="-73.714134"></trkpt>
<trkpt lat="46.064837" lon="-73.714035"></trkpt>
<trkpt lat="46.064641" lon="-73.713970"></trkpt>
<trkpt lat="46.064479" lon="-73.713971"></trkpt>
<trkpt lat="46.064316" lon="-73.713999"></trkpt>
<trkpt lat="46.063666" lon="-73.714316"></trkpt>
<trkpt lat="46.062564" lon="-73.714939"></trkpt>
<trkpt lat="46.062074" lon="-73.715306"></trkpt>
<trkpt lat="46.061944" lon="-73.715439"></trkpt>
<trkpt lat="46.061640" lon="-73.715897"></trkpt>
<trkpt lat="46.061425" lon="-73.716399"></trkpt>
<trkpt lat="46.061100" lon="-73.717490"></trkpt>
<trkpt lat="46.060999" lon="-73.717843"></trkpt>
<trkpt lat="46.060948" lon="-73.717997"></trkpt>
<trkpt lat="46.060813" lon="-73.718259"></trkpt>
<trkpt lat="46.060435" lon="-73.718776"></trkpt>
<trkpt lat="46.060280" lon="-73.718856"></trkpt>
<trkpt lat="46.060092" lon="-73.718817"></trkpt>
<trkpt lat="46.059620" lon="-73.718642"></trkpt>
<trkpt lat="46.058849" lon="-73.718318"></trkpt>
<trkpt lat="46.058112" lon="-73.717955"></trkpt>
<trkpt lat="46.057637" lon="-73.717612"></trkpt>
<trkpt lat="46.056997" lon="-73.717102"></trkpt>
<trkpt lat="46.056875" lon="-73.717009"></trkpt>
<trkpt lat="46.056371" lon="-73.716601"></trkpt>
<trkpt lat="46.056260" lon="-73.716507"></trkpt>
<trkpt lat="46.055641" lon="-73.715977"></trkpt>
<trkpt lat="46.054890" lon="-73.715346"></trkpt>
<trkpt lat="46.054160" lon="-73.714695"></trkpt>
<trkpt lat="46.053449" lon="-73.714126"></trkpt>
<trkpt lat="46.053377" lon="-73.714077"></trkpt>
<trkpt lat="46.053027" lon="-73.713825"></trkpt>
<trkpt lat="46.052646" lon="-73.713630"></trkpt>
<trkpt lat="46.052566" lon="-73.713586"></trkpt>
<trkpt lat="46.051776" lon="-73.713247"></trkpt>
<trkpt lat="46.051589" lon="-73.713169"></trkpt>
<trkpt lat="46.050960" lon="-73.712880"></trkpt>
<trkpt lat="46.050747" lon="-73.712788"></trkpt>
<trkpt lat="46.050286" lon="-73.712562"></trkpt>
<trkpt lat="46.049976" lon="-73.712411"></trkpt>
<trkpt lat="46.049084" lon="-73.712077"></trkpt>
<trkpt lat="46.048208" lon="-73.711654"></trkpt>
<trkpt lat="46.047348" lon="-73.711246"></trkpt>
<trkpt lat="46.046729" lon="-73.710905"></trkpt>
<trkpt lat="46.046571" lon="-73.710791"></trkpt>
<trkpt lat="46.046448" lon="-73.710692"></trkpt>
<trkpt lat="46.045952" lon="-73.710192"></trkpt>
<trkpt lat="46.045604" lon="-73.709795"></trkpt>
<trkpt lat="46.045489" lon="-73.709809"></trkpt>
<trkpt lat="46.045357" lon="-73.709954"></trkpt>
<trkpt lat="46.044847" lon="-73.710637"></trkpt>
<trkpt lat="46.044432" lon="-73.710032"></trkpt>
<trkpt lat="46.043658" lon="-73.708902"></trkpt>
<trkpt lat="46.043609" lon="-73.708832"></trkpt>
<trkpt lat="46.043203" lon="-73.708240"></trkpt>
<trkpt lat="46.042524" lon="-73.707250"></trkpt>
<trkpt lat="46.042214" lon="-73.706798"></trkpt>
<trkpt lat="46.042167" lon="-73.706729"></trkpt>
<trkpt lat="46.042075" lon="-73.706595"></trkpt>
<trkpt lat="46.042039" lon="-73.706542"></trkpt>
<trkpt lat="46.041961" lon="-73.706428"></trkpt>
<trkpt lat="46.041951" lon="-73.706414"></trkpt>
<trkpt lat="46.041822" lon="-73.706226"></trkpt>
<trkpt lat="46.041678" lon="-73.706016"></trkpt>
<trkpt lat="46.041603" lon="-73.705906"></trkpt>
<trkpt lat="46.041562" lon="-73.705847"></trkpt>
<trkpt lat="46.041516" lon="-73.705913"></trkpt>
<trkpt lat="46.041348" lon="-73.706157"></trkpt>
<trkpt lat="46.041249" lon="-73.706299"></trkpt>
<trkpt lat="46.041202" lon="-73.706368"></trkpt>
<trkpt lat="46.041181" lon="-73.706397"></trkpt>
<trkpt lat="46.040989" lon="-73.706676"></trkpt>
<trkpt lat="46.040983" lon="-73.706684"></trkpt>
<trkpt lat="46.040968" lon="-73.706706"></trkpt>
<trkpt lat="46.040928" lon="-73.706764"></trkpt>
<trkpt lat="46.040917" lon="-73.706780"></trkpt>
<trkpt lat="46.040782" lon="-73.706975"></trkpt>
<trkpt lat="46.040701" lon="-73.707093"></trkpt>
<trkpt lat="46.040635" lon="-73.707187"></trkpt>
<trkpt lat="46.040589" lon="-73.707120"></trkpt>
<trkpt lat="46.040232" lon="-73.706604"></trkpt>
<trkpt lat="46.040067" lon="-73.706365"></trkpt>
<trkpt lat="46.039842" lon="-73.706039"></trkpt>
<trkpt lat="46.039588" lon="-73.705672"></trkpt>
<trkpt lat="46.039456" lon="-73.705481"></trkpt>
<trkpt lat="46.039177" lon="-73.705078"></trkpt>
<trkpt lat="46.039013" lon="-73.704841"></trkpt>
<trkpt lat="46.038892" lon="-73.704666"></trkpt>
<trkpt lat="46.038531" lon="-73.704143"></trkpt>
<trkpt lat="46.038353" lon="-73.703886"></trkpt>
<trkpt lat="46.038161" lon="-73.703608"></trkpt>
<trkpt lat="46.037949" lon="-73.703301"></trkpt>
<trkpt lat="46.037845" lon="-73.703152"></trkpt>
<trkpt lat="46.037564" lon="-73.702745"></trkpt>
<trkpt lat="46.037173" lon="-73.702179"></trkpt>
<trkpt lat="46.037046" lon="-73.701996"></trkpt>
<trkpt lat="46.036864" lon="-73.701732"></trkpt>
<trkpt lat="46.036764" lon="-73.701588"></trkpt>
<trkpt lat="46.036560" lon="-73.701293"></trkpt>
<trkpt lat="46.036391" lon="-73.701047"></trkpt>
<trkpt lat="46.036201" lon="-73.701341"></trkpt>
<trkpt lat="46.035914" lon="-73.701739"></trkpt>
<trkpt lat="46.035659" lon="-73.702024"></trkpt>
<trkpt lat="46.035509" lon="-73.702150"></trkpt>
<trkpt lat="46.035322" lon="-73.702308"></trkpt>
<trkpt lat="46.035047" lon="-73.702494"></trkpt>
<trkpt lat="46.034977" lon="-73.702543"></trkpt>
<trkpt lat="46.034922" lon="-73.702582"></trkpt>
<trkpt lat="46.034417" lon="-73.702937"></trkpt>
<trkpt lat="46.033808" lon="-73.703367"></trkpt>
<trkpt lat="46.033308" lon="-73.703843"></trkpt>
<trkpt lat="46.032831" lon="-73.704571"></trkpt>
<trkpt lat="46.032606" lon="-73.704992"></trkpt>
<trkpt lat="46.031590" lon="-73.707516"></trkpt>
<trkpt lat="46.031109" lon="-73.708623"></trkpt>
<trkpt lat="46.030741" lon="-73.709455"></trkpt>
<trkpt lat="46.030425" lon="-73.709988"></trkpt>
<trkpt lat="46.030052" lon="-73.710484"></trkpt>
<trkpt lat="46.029248" lon="-73.711469"></trkpt>
<trkpt lat="46.028828" lon="-73.711919"></trkpt>
<trkpt lat="46.028571" lon="-73.712136"></trkpt>
<trkpt lat="46.028320" lon="-73.712302"></trkpt>
<trkpt lat="46.028117" lon="-73.712409"></trkpt>
<trkpt lat="46.027752" lon="-73.712513"></trkpt>
<trkpt lat="46.027268" lon="-73.712530"></trkpt>
<trkpt lat="46.026668" lon="-73.712370"></trkpt>
<trkpt lat="46.025788" lon="-73.711919"></trkpt>
<trkpt lat="46.025109" lon="-73.711639"></trkpt>
<trkpt lat="46.024713" lon="-73.711561"></trkpt>
<trkpt lat="46.024418" lon="-73.711558"></trkpt>
<trkpt lat="46.023941" lon="-73.711627"></trkpt>
<trkpt lat="46.023425" lon="-73.711790"></trkpt>
<trkpt lat="46.020428" lon="-73.712687"></trkpt>
<trkpt lat="46.019358" lon="-73.713000"></trkpt>
<trkpt lat="46.018208" lon="-73.713241"></trkpt>
<trkpt lat="46.017057" lon="-73.713250"></trkpt>
<trkpt lat="46.016532" lon="-73.713175"></trkpt>
<trkpt lat="46.015415" lon="-73.712890"></trkpt>
<trkpt lat="46.011991" lon="-73.711902"></trkpt>
<trkpt lat="46.011353" lon="-73.711816"></trkpt>
<trkpt lat="46.010561" lon="-73.711830"></trkpt>
<trkpt lat="46.009921" lon="-73.711941"></trkpt>
<trkpt lat="46.009620" lon="-73.712001"></trkpt>
<trkpt lat="46.009326" lon="-73.712099"></trkpt>
<trkpt lat="46.008632" lon="-73.712441"></trkpt>
<trkpt lat="46.008167" lon="-73.712740"></trkpt>
<trkpt lat="46.007967" lon="-73.712880"></trkpt>
<trkpt lat="46.007534" lon="-73.713255"></trkpt>
<trkpt lat="46.007252" lon="-73.713521"></trkpt>
<trkpt lat="46.006913" lon="-73.713904"></trkpt>
<trkpt lat="46.006557" lon="-73.714360"></trkpt>
<trkpt lat="46.005863" lon="-73.715348"></trkpt>
<trkpt lat="46.005605" lon="-73.715711"></trkpt>
<trkpt lat="46.005078" lon="-73.716464"></trkpt>
<trkpt lat="46.004548" lon="-73.717191"></trkpt>
<trkpt lat="46.004050" lon="-73.717900"></trkpt>
<trkpt lat="46.003199" lon="-73.719109"></trkpt>
<trkpt lat="46.002882" lon="-73.719558"></trkpt>
<trkpt lat="46.002471" lon="-73.720119"></trkpt>
<trkpt lat="46.002271" lon="-73.720403"></trkpt>
<trkpt lat="46.002059" lon="-73.720703"></trkpt>
<trkpt lat="46.002000" lon="-73.720787"></trkpt>
<trkpt lat="46.001820" lon="-73.721098"></trkpt>
<trkpt lat="46.001713" lon="-73.721343"></trkpt>
<trkpt lat="46.001636" lon="-73.721679"></trkpt>
<trkpt lat="46.001598" lon="-73.722055"></trkpt>
<trkpt lat="46.001548" lon="-73.722056"></trkpt>
<trkpt lat="46.000906" lon="-73.722120"></trkpt>
<trkpt lat="46.000456" lon="-73.722148"></trkpt>
<trkpt lat="46.000161" lon="-73.722136"></trkpt>
<trkpt lat="46.000033" lon="-73.722139"></trkpt>
<trkpt lat="45.999918" lon="-73.722125"></trkpt>
<trkpt lat="45.999290" lon="-73.721958"></trkpt>
<trkpt lat="45.998562" lon="-73.721572"></trkpt>
<trkpt lat="45.996432" lon="-73.720221"></trkpt>
<trkpt lat="45.995660" lon="-73.719779"></trkpt>
<trkpt lat="45.995089" lon="-73.719553"></trkpt>
<trkpt lat="45.994328" lon="-73.719301"></trkpt>
<trkpt lat="45.993304" lon="-73.719161"></trkpt>
<trkpt lat="45.992633" lon="-73.719186"></trkpt>
<trkpt lat="45.987311" lon="-73.720103"></trkpt>
<trkpt lat="45.986552" lon="-73.720150"></trkpt>
<trkpt lat="45.986227" lon="-73.720140"></trkpt>
<trkpt lat="45.985556" lon="-73.720056"></trkpt>
<trkpt lat="45.984851" lon="-73.719857"></trkpt>
<trkpt lat="45.983250" lon="-73.719207"></trkpt>
<trkpt lat="45.981586" lon="-73.718507"></trkpt>
<trkpt lat="45.980456" lon="-73.718043"></trkpt>
<trkpt lat="45.979585" lon="-73.717684"></trkpt>
<trkpt lat="45.979360" lon="-73.717592"></trkpt>
<trkpt lat="45.979134" lon="-73.717499"></trkpt>
<trkpt lat="45.978977" lon="-73.717433"></trkpt>
<trkpt lat="45.978051" lon="-73.717020"></trkpt>
<trkpt lat="45.976408" lon="-73.716356"></trkpt>
<trkpt lat="45.975748" lon="-73.716171"></trkpt>
<trkpt lat="45.975010" lon="-73.716058"></trkpt>
<trkpt lat="45.974577" lon="-73.716046"></trkpt>
<trkpt lat="45.973593" lon="-73.716114"></trkpt>
<trkpt lat="45.972736" lon="-73.716183"></trkpt>
<trkpt lat="45.970520" lon="-73.716384"></trkpt>
<trkpt lat="45.970124" lon="-73.716383"></trkpt>
<trkpt lat="45.969849" lon="-73.716360"></trkpt>
<trkpt lat="45.969599" lon="-73.716297"></trkpt>
<trkpt lat="45.969100" lon="-73.716103"></trkpt>
<trkpt lat="45.968989" lon="-73.716534"></trkpt>
<trkpt lat="45.968464" lon="-73.716582"></trkpt>
<trkpt lat="45.967943" lon="-73.716454"></trkpt>
<trkpt lat="45.967614" lon="-73.716254"></trkpt>
<trkpt lat="45.967200" lon="-73.716003"></trkpt>
<trkpt lat="45.966945" lon="-73.715803"></trkpt>
<trkpt lat="45.966792" lon="-73.715676"></trkpt>
<trkpt lat="45.965343" lon="-73.714437"></trkpt>
<trkpt lat="45.964535" lon="-73.713781"></trkpt>
<trkpt lat="45.964491" lon="-73.714616"></trkpt>
<trkpt lat="45.964533" lon="-73.715749"></trkpt>
<trkpt lat="45.963302" lon="-73.715849"></trkpt>
<trkpt lat="45.962806" lon="-73.715891"></trkpt>
<trkpt lat="45.961844" lon="-73.715973"></trkpt>
<trkpt lat="45.961519" lon="-73.716013"></trkpt>
<trkpt lat="45.960791" lon="-73.716122"></trkpt>
<trkpt lat="45.960300" lon="-73.716221"></trkpt>
<trkpt lat="45.960241" lon="-73.716267"></trkpt>
<trkpt lat="45.960144" lon="-73.716456"></trkpt>
<trkpt lat="45.960115" lon="-73.716516"></trkpt>
<trkpt lat="45.959699" lon="-73.717758"></trkpt>
<trkpt lat="45.959141" lon="-73.719359"></trkpt>
<trkpt lat="45.958455" lon="-73.721317"></trkpt>
<trkpt lat="45.958306" lon="-73.721750"></trkpt>
<trkpt lat="45.958011" lon="-73.722608"></trkpt>
<trkpt lat="45.957949" lon="-73.722784"></trkpt>
<trkpt lat="45.956498" lon="-73.726915"></trkpt>
<trkpt lat="45.955156" lon="-73.730735"></trkpt>
<trkpt lat="45.954920" lon="-73.731461"></trkpt>
<trkpt lat="45.954627" lon="-73.732263"></trkpt>
<trkpt lat="45.954425" lon="-73.732665"></trkpt>
<trkpt lat="45.954146" lon="-73.733118"></trkpt>
<trkpt lat="45.953815" lon="-73.733452"></trkpt>
<trkpt lat="45.953530" lon="-73.733691"></trkpt>
<trkpt lat="45.953146" lon="-73.733923"></trkpt>
<trkpt lat="45.952812" lon="-73.734034"></trkpt>
<trkpt lat="45.952455" lon="-73.734099"></trkpt>
<trkpt lat="45.951767" lon="-73.734093"></trkpt>
<trkpt lat="45.951257" lon="-73.734124"></trkpt>
<trkpt lat="45.950484" lon="-73.734169"></trkpt>
<trkpt lat="45.949668" lon="-73.734197"></trkpt>
<trkpt lat="45.948031" lon="-73.734098"></trkpt>
<trkpt lat="45.947697" lon="-73.734063"></trkpt>
<trkpt lat="45.946842" lon="-73.733972"></trkpt>
<trkpt lat="45.945089" lon="-73.733515"></trkpt>
<trkpt lat="45.944588" lon="-73.733343"></trkpt>
<trkpt lat="45.944166" lon="-73.733067"></trkpt>
<trkpt lat="45.943691" lon="-73.732655"></trkpt>
<trkpt lat="45.943126" lon="-73.732056"></trkpt>
<trkpt lat="45.941886" lon="-73.731035"></trkpt>
<trkpt lat="45.941601" lon="-73.730693"></trkpt>
<trkpt lat="45.940723" lon="-73.729279"></trkpt>
<trkpt lat="45.940457" lon="-73.728885"></trkpt>
<trkpt lat="45.939447" lon="-73.727207"></trkpt>
<trkpt lat="45.938947" lon="-73.726270"></trkpt>
<trkpt lat="45.938398" lon="-73.724972"></trkpt>
<trkpt lat="45.938249" lon="-73.724621"></trkpt>
<trkpt lat="45.937818" lon="-73.723758"></trkpt>
<trkpt lat="45.937148" lon="-73.722670"></trkpt>
<trkpt lat="45.934739" lon="-73.719147"></trkpt>
<trkpt lat="45.934370" lon="-73.718660"></trkpt>
<trkpt lat="45.932295" lon="-73.716491"></trkpt>
<trkpt lat="45.928051" lon="-73.712316"></trkpt>
<trkpt lat="45.927588" lon="-73.711911"></trkpt>
<trkpt lat="45.927151" lon="-73.711697"></trkpt>
<trkpt lat="45.925237" lon="-73.711125"></trkpt>
<trkpt lat="45.924859" lon="-73.711105"></trkpt>
<trkpt lat="45.924572" lon="-73.711190"></trkpt>
<trkpt lat="45.924398" lon="-73.711310"></trkpt>
<trkpt lat="45.924208" lon="-73.711471"></trkpt>
<trkpt lat="45.924018" lon="-73.711724"></trkpt>
<trkpt lat="45.923856" lon="-73.712108"></trkpt>
<trkpt lat="45.923569" lon="-73.713073"></trkpt>
<trkpt lat="45.922823" lon="-73.712676"></trkpt>
<trkpt lat="45.922172" lon="-73.712405"></trkpt>
<trkpt lat="45.920357" lon="-73.711810"></trkpt>
<trkpt lat="45.919275" lon="-73.711325"></trkpt>
<trkpt lat="45.918846" lon="-73.711114"></trkpt>
<trkpt lat="45.917132" lon="-73.710100"></trkpt>
<trkpt lat="45.916902" lon="-73.709936"></trkpt>
<trkpt lat="45.916710" lon="-73.709748"></trkpt>
<trkpt lat="45.916486" lon="-73.709460"></trkpt>
<trkpt lat="45.916141" lon="-73.708871"></trkpt>
<trkpt lat="45.915408" lon="-73.707856"></trkpt>
<trkpt lat="45.915194" lon="-73.707528"></trkpt>
<trkpt lat="45.915076" lon="-73.707271"></trkpt>
<trkpt lat="45.914966" lon="-73.706979"></trkpt>
<trkpt lat="45.914537" lon="-73.705523"></trkpt>
<trkpt lat="45.914157" lon="-73.704349"></trkpt>
<trkpt lat="45.913592" lon="-73.702784"></trkpt>
<trkpt lat="45.913309" lon="-73.701999"></trkpt>
<trkpt lat="45.913114" lon="-73.700907"></trkpt>
<trkpt lat="45.912619" lon="-73.697689"></trkpt>
<trkpt lat="45.912349" lon="-73.692885"></trkpt>
<trkpt lat="45.912039" lon="-73.690753"></trkpt>
<trkpt lat="45.911514" lon="-73.688462"></trkpt>
<trkpt lat="45.910872" lon="-73.682853"></trkpt>
<trkpt lat="45.910755" lon="-73.682073"></trkpt>
<trkpt lat="45.910301" lon="-73.680625"></trkpt>
<trkpt lat="45.909865" lon="-73.678774"></trkpt>
<trkpt lat="45.909529" lon="-73.677768"></trkpt>
<trkpt lat="45.908780" lon="-73.676043"></trkpt>
<trkpt lat="45.908050" lon="-73.674497"></trkpt>
<trkpt lat="45.907519" lon="-73.673776"></trkpt>
<trkpt lat="45.906988" lon="-73.673176"></trkpt>
<trkpt lat="45.905617" lon="-73.672043"></trkpt>
<trkpt lat="45.904761" lon="-73.671190"></trkpt>
<trkpt lat="45.903320" lon="-73.669686"></trkpt>
<trkpt lat="45.902392" lon="-73.668723"></trkpt>
<trkpt lat="45.901212" lon="-73.667567"></trkpt>
<trkpt lat="45.900383" lon="-73.666761"></trkpt>
<trkpt lat="45.899664" lon="-73.666066"></trkpt>
<trkpt lat="45.899371" lon="-73.665771"></trkpt>
<trkpt lat="45.897551" lon="-73.666402"></trkpt>
<trkpt lat="45.896201" lon="-73.666999"></trkpt>
<trkpt lat="45.895860" lon="-73.667120"></trkpt>
<trkpt lat="45.894880" lon="-73.667290"></trkpt>
<trkpt lat="45.893786" lon="-73.667440"></trkpt>
<trkpt lat="45.893373" lon="-73.667495"></trkpt>
<trkpt lat="45.892446" lon="-73.667617"></trkpt>
<trkpt lat="45.891913" lon="-73.667686"></trkpt>
<trkpt lat="45.891749" lon="-73.667708"></trkpt>
<trkpt lat="45.887146" lon="-73.668316"></trkpt>
<trkpt lat="45.887001" lon="-73.668350"></trkpt>
<trkpt lat="45.886903" lon="-73.668372"></trkpt>
<trkpt lat="45.886713" lon="-73.668410"></trkpt>
<trkpt lat="45.886609" lon="-73.668471"></trkpt>
<trkpt lat="45.886554" lon="-73.668534"></trkpt>
<trkpt lat="45.886528" lon="-73.668599"></trkpt>
<trkpt lat="45.886420" lon="-73.668684"></trkpt>
<trkpt lat="45.886311" lon="-73.668673"></trkpt>
<trkpt lat="45.886276" lon="-73.668649"></trkpt>
<trkpt lat="45.886208" lon="-73.668626"></trkpt>
<trkpt lat="45.885956" lon="-73.668575"></trkpt>
<trkpt lat="45.885616" lon="-73.668521"></trkpt>
<trkpt lat="45.885302" lon="-73.668340"></trkpt>
<trkpt lat="45.885094" lon="-73.668148"></trkpt>
<trkpt lat="45.884843" lon="-73.667809"></trkpt>
<trkpt lat="45.882227" lon="-73.664114"></trkpt>
<trkpt lat="45.879570" lon="-73.660273"></trkpt>
<trkpt lat="45.876362" lon="-73.655754"></trkpt>
<trkpt lat="45.875567" lon="-73.654653"></trkpt>
<trkpt lat="45.875258" lon="-73.654318"></trkpt>
<trkpt lat="45.874999" lon="-73.654095"></trkpt>
<trkpt lat="45.874637" lon="-73.653861"></trkpt>
<trkpt lat="45.874058" lon="-73.653631"></trkpt>
<trkpt lat="45.873765" lon="-73.653576"></trkpt>
<trkpt lat="45.873423" lon="-73.653561"></trkpt>
<trkpt lat="45.865792" lon="-73.653896"></trkpt>
<trkpt lat="45.865338" lon="-73.653913"></trkpt>
<trkpt lat="45.864765" lon="-73.653928"></trkpt>
<trkpt lat="45.864646" lon="-73.653935"></trkpt>
<trkpt lat="45.863929" lon="-73.653974"></trkpt>
<trkpt lat="45.863374" lon="-73.654008"></trkpt>
<trkpt lat="45.862871" lon="-73.654043"></trkpt>
<trkpt lat="45.862130" lon="-73.654038"></trkpt>
<trkpt lat="45.861917" lon="-73.654022"></trkpt>
<trkpt lat="45.861247" lon="-73.653903"></trkpt>
<trkpt lat="45.860826" lon="-73.653803"></trkpt>
<trkpt lat="45.860282" lon="-73.653661"></trkpt>
<trkpt lat="45.859162" lon="-73.653372"></trkpt>
<trkpt lat="45.858220" lon="-73.653200"></trkpt>
<trkpt lat="45.857953" lon="-73.653164"></trkpt>
<trkpt lat="45.856568" lon="-73.653001"></trkpt>
<trkpt lat="45.855465" lon="-73.652984"></trkpt>
<trkpt lat="45.850741" lon="-73.653462"></trkpt>
<trkpt lat="45.842656" lon="-73.654321"></trkpt>
<trkpt lat="45.842015" lon="-73.654274"></trkpt>
<trkpt lat="45.841554" lon="-73.654101"></trkpt>
<trkpt lat="45.841219" lon="-73.653889"></trkpt>
<trkpt lat="45.840779" lon="-73.653517"></trkpt>
<trkpt lat="45.840374" lon="-73.653108"></trkpt>
<trkpt lat="45.835415" lon="-73.647591"></trkpt>
<trkpt lat="45.835074" lon="-73.647079"></trkpt>
<trkpt lat="45.834937" lon="-73.646777"></trkpt>
<trkpt lat="45.834805" lon="-73.646435"></trkpt>
<trkpt lat="45.834001" lon="-73.643865"></trkpt>
<trkpt lat="45.833897" lon="-73.643598"></trkpt>
<trkpt lat="45.833656" lon="-73.643130"></trkpt>
<trkpt lat="45.833363" lon="-73.642727"></trkpt>
<trkpt lat="45.832665" lon="-73.641938"></trkpt>
<trkpt lat="45.832461" lon="-73.641708"></trkpt>
<trkpt lat="45.832324" lon="-73.642772"></trkpt>
<trkpt lat="45.831851" lon="-73.644436"></trkpt>
<trkpt lat="45.830935" lon="-73.647120"></trkpt>
<trkpt lat="45.830685" lon="-73.647697"></trkpt>
<trkpt lat="45.828519" lon="-73.651682"></trkpt>
<trkpt lat="45.828066" lon="-73.652362"></trkpt>
<trkpt lat="45.827253" lon="-73.653830"></trkpt>
<trkpt lat="45.826816" lon="-73.654422"></trkpt>
<trkpt lat="45.826338" lon="-73.654993"></trkpt>
<trkpt lat="45.825486" lon="-73.655983"></trkpt>
<trkpt lat="45.825141" lon="-73.656378"></trkpt>
<trkpt lat="45.824143" lon="-73.657520"></trkpt>
<trkpt lat="45.820285" lon="-73.661808"></trkpt>
<trkpt lat="45.819888" lon="-73.662164"></trkpt>
<trkpt lat="45.819466" lon="-73.662424"></trkpt>
<trkpt lat="45.817946" lon="-73.663195"></trkpt>
<trkpt lat="45.814556" lon="-73.664704"></trkpt>
<trkpt lat="45.813113" lon="-73.665255"></trkpt>
<trkpt lat="45.810961" lon="-73.666077"></trkpt>
<trkpt lat="45.809024" lon="-73.666752"></trkpt>
<trkpt lat="45.808856" lon="-73.666862"></trkpt>
<trkpt lat="45.808751" lon="-73.667004"></trkpt>
<trkpt lat="45.806738" lon="-73.670991"></trkpt>
<trkpt lat="45.800791" lon="-73.664843"></trkpt>
<trkpt lat="45.796643" lon="-73.660604"></trkpt>
<trkpt lat="45.794023" lon="-73.657987"></trkpt>
<trkpt lat="45.793976" lon="-73.657912"></trkpt>
<trkpt lat="45.793948" lon="-73.657704"></trkpt>
<trkpt lat="45.794114" lon="-73.657311"></trkpt>
<trkpt lat="45.794131" lon="-73.657067"></trkpt>
<trkpt lat="45.794099" lon="-73.656909"></trkpt>
<trkpt lat="45.793891" lon="-73.656496"></trkpt>
<trkpt lat="45.793418" lon="-73.655777"></trkpt>
<trkpt lat="45.784428" lon="-73.642836"></trkpt>
<trkpt lat="45.782871" lon="-73.640593"></trkpt>
<trkpt lat="45.780164" lon="-73.636653"></trkpt>
<trkpt lat="45.778884" lon="-73.634869"></trkpt>
<trkpt lat="45.778194" lon="-73.635480"></trkpt>
<trkpt lat="45.777921" lon="-73.635685"></trkpt>
<trkpt lat="45.776781" lon="-73.636344"></trkpt>
<trkpt lat="45.776237" lon="-73.636657"></trkpt>
<trkpt lat="45.767106" lon="-73.641915"></trkpt>
<trkpt lat="45.766881" lon="-73.642033"></trkpt>
<trkpt lat="45.765650" lon="-73.642741"></trkpt>
<trkpt lat="45.763438" lon="-73.644016"></trkpt>
<trkpt lat="45.763126" lon="-73.644171"></trkpt>
<trkpt lat="45.762844" lon="-73.642399"></trkpt>
<trkpt lat="45.762316" lon="-73.638846"></trkpt>
<trkpt lat="45.762177" lon="-73.638112"></trkpt>
<trkpt lat="45.762011" lon="-73.637565"></trkpt>
<trkpt lat="45.761761" lon="-73.637033"></trkpt>
<trkpt lat="45.761509" lon="-73.636631"></trkpt>
<trkpt lat="45.761204" lon="-73.636277"></trkpt>
<trkpt lat="45.760935" lon="-73.636038"></trkpt>
<trkpt lat="45.760377" lon="-73.635542"></trkpt>
<trkpt lat="45.760129" lon="-73.635320"></trkpt>
<trkpt lat="45.759987" lon="-73.635195"></trkpt>
<trkpt lat="45.759950" lon="-73.635077"></trkpt>
<trkpt lat="45.757903" lon="-73.633268"></trkpt>
<trkpt lat="45.757501" lon="-73.632766"></trkpt>
<trkpt lat="45.757309" lon="-73.632425"></trkpt>
<trkpt lat="45.757055" lon="-73.631808"></trkpt>
<trkpt lat="45.756598" lon="-73.630199"></trkpt>
<trkpt lat="45.756315" lon="-73.629261"></trkpt>
<trkpt lat="45.755951" lon="-73.628218"></trkpt>
<trkpt lat="45.755923" lon="-73.628151"></trkpt>
<trkpt lat="45.755898" lon="-73.628089"></trkpt>
<trkpt lat="45.755694" lon="-73.627542"></trkpt>
<trkpt lat="45.755601" lon="-73.627293"></trkpt>
<trkpt lat="45.755534" lon="-73.627342"></trkpt>
<trkpt lat="45.755451" lon="-73.627404"></trkpt>
<trkpt lat="45.755252" lon="-73.627567"></trkpt>
<trkpt lat="45.755227" lon="-73.627585"></trkpt>
<trkpt lat="45.755197" lon="-73.627608"></trkpt>
<trkpt lat="45.754987" lon="-73.627766"></trkpt>
<trkpt lat="45.754280" lon="-73.628348"></trkpt>
<trkpt lat="45.754231" lon="-73.628391"></trkpt>
<trkpt lat="45.754179" lon="-73.628434"></trkpt>
<trkpt lat="45.753888" lon="-73.628688"></trkpt>
<trkpt lat="45.753712" lon="-73.628898"></trkpt>
<trkpt lat="45.752829" lon="-73.630446"></trkpt>
<trkpt lat="45.752772" lon="-73.630551"></trkpt>
<trkpt lat="45.752708" lon="-73.630669"></trkpt>
<trkpt lat="45.751808" lon="-73.632250"></trkpt>
<trkpt lat="45.751774" lon="-73.632315"></trkpt>
<trkpt lat="45.751711" lon="-73.632433"></trkpt>
<trkpt lat="45.751682" lon="-73.632488"></trkpt>
<trkpt lat="45.751137" lon="-73.633441"></trkpt>
<trkpt lat="45.750315" lon="-73.634894"></trkpt>
<trkpt lat="45.750275" lon="-73.634968"></trkpt>
<trkpt lat="45.750236" lon="-73.635039"></trkpt>
<trkpt lat="45.749361" lon="-73.636533"></trkpt>
<trkpt lat="45.749321" lon="-73.636601"></trkpt>
<trkpt lat="45.749269" lon="-73.636691"></trkpt>
<trkpt lat="45.748278" lon="-73.638424"></trkpt>
<trkpt lat="45.748100" lon="-73.638651"></trkpt>
<trkpt lat="45.748038" lon="-73.638745"></trkpt>
<trkpt lat="45.747935" lon="-73.638903"></trkpt>
<trkpt lat="45.747875" lon="-73.638905"></trkpt>
<trkpt lat="45.747865" lon="-73.639054"></trkpt>
<trkpt lat="45.747198" lon="-73.640306"></trkpt>
<trkpt lat="45.746344" lon="-73.641786"></trkpt>
<trkpt lat="45.745505" lon="-73.643265"></trkpt>
<trkpt lat="45.745087" lon="-73.643986"></trkpt>
<trkpt lat="45.744294" lon="-73.645236"></trkpt>
<trkpt lat="45.743793" lon="-73.646213"></trkpt>
<trkpt lat="45.743747" lon="-73.646292"></trkpt>
<trkpt lat="45.743713" lon="-73.646349"></trkpt>
<trkpt lat="45.743106" lon="-73.647430"></trkpt>
<trkpt lat="45.742224" lon="-73.648880"></trkpt>
<trkpt lat="45.741488" lon="-73.650163"></trkpt>
<trkpt lat="45.741326" lon="-73.650386"></trkpt>
<trkpt lat="45.741205" lon="-73.650414"></trkpt>
<trkpt lat="45.741066" lon="-73.650297"></trkpt>
<trkpt lat="45.739644" lon="-73.648271"></trkpt>
<trkpt lat="45.739390" lon="-73.647970"></trkpt>
<trkpt lat="45.739068" lon="-73.647724"></trkpt>
<trkpt lat="45.738904" lon="-73.647653"></trkpt>
<trkpt lat="45.738824" lon="-73.647627"></trkpt>
<trkpt lat="45.738783" lon="-73.647612"></trkpt>
<trkpt lat="45.738288" lon="-73.647573"></trkpt>
<trkpt lat="45.738253" lon="-73.647571"></trkpt>
<trkpt lat="45.738185" lon="-73.647567"></trkpt>
<trkpt lat="45.737449" lon="-73.647531"></trkpt>
<trkpt lat="45.737389" lon="-73.647528"></trkpt>
<trkpt lat="45.737048" lon="-73.647542"></trkpt>
<trkpt lat="45.736601" lon="-73.647676"></trkpt>
<trkpt lat="45.735816" lon="-73.648035"></trkpt>
<trkpt lat="45.735584" lon="-73.648226"></trkpt>
<trkpt lat="45.735498" lon="-73.648305"></trkpt>
<trkpt lat="45.735349" lon="-73.648442"></trkpt>
<trkpt lat="45.735248" lon="-73.648532"></trkpt>
<trkpt lat="45.735212" lon="-73.648574"></trkpt>
<trkpt lat="45.734368" lon="-73.649334"></trkpt>
<trkpt lat="45.734334" lon="-73.649365"></trkpt>
<trkpt lat="45.734271" lon="-73.649421"></trkpt>
<trkpt lat="45.733976" lon="-73.649706"></trkpt>
<trkpt lat="45.733919" lon="-73.649765"></trkpt>
<trkpt lat="45.733791" lon="-73.649899"></trkpt>
<trkpt lat="45.733822" lon="-73.649955"></trkpt>
<trkpt lat="45.733761" lon="-73.650010"></trkpt>
<trkpt lat="45.732310" lon="-73.651300"></trkpt>
<trkpt lat="45.732269" lon="-73.651350"></trkpt>
<trkpt lat="45.732224" lon="-73.651413"></trkpt>
<trkpt lat="45.732063" lon="-73.651789"></trkpt>
<trkpt lat="45.731767" lon="-73.652554"></trkpt>
<trkpt lat="45.731517" lon="-73.653164"></trkpt>
<trkpt lat="45.731432" lon="-73.653426"></trkpt>
<trkpt lat="45.731358" lon="-73.653775"></trkpt>
<trkpt lat="45.731308" lon="-73.654165"></trkpt>
<trkpt lat="45.731215" lon="-73.654821"></trkpt>
<trkpt lat="45.731145" lon="-73.655082"></trkpt>
<trkpt lat="45.731099" lon="-73.655226"></trkpt>
<trkpt lat="45.731028" lon="-73.655346"></trkpt>
<trkpt lat="45.730859" lon="-73.655565"></trkpt>
<trkpt lat="45.730579" lon="-73.655829"></trkpt>
<trkpt lat="45.730497" lon="-73.655904"></trkpt>
<trkpt lat="45.730316" lon="-73.656025"></trkpt>
<trkpt lat="45.730254" lon="-73.656056"></trkpt>
<trkpt lat="45.730229" lon="-73.656069"></trkpt>
<trkpt lat="45.730157" lon="-73.656107"></trkpt>
<trkpt lat="45.730101" lon="-73.656143"></trkpt>
<trkpt lat="45.730067" lon="-73.656161"></trkpt>
<trkpt lat="45.729868" lon="-73.656277"></trkpt>
<trkpt lat="45.729751" lon="-73.656349"></trkpt>
<trkpt lat="45.729525" lon="-73.656476"></trkpt>
<trkpt lat="45.729382" lon="-73.656547"></trkpt>
<trkpt lat="45.729298" lon="-73.656598"></trkpt>
<trkpt lat="45.729193" lon="-73.656687"></trkpt>
<trkpt lat="45.728848" lon="-73.656966"></trkpt>
<trkpt lat="45.728557" lon="-73.657077"></trkpt>
<trkpt lat="45.727971" lon="-73.657244"></trkpt>
<trkpt lat="45.727756" lon="-73.657299"></trkpt>
<trkpt lat="45.727668" lon="-73.657331"></trkpt>
<trkpt lat="45.727608" lon="-73.657377"></trkpt>
<trkpt lat="45.727545" lon="-73.657426"></trkpt>
<trkpt lat="45.727192" lon="-73.657507"></trkpt>
<trkpt lat="45.726971" lon="-73.657525"></trkpt>
<trkpt lat="45.726858" lon="-73.657530"></trkpt>
<trkpt lat="45.726665" lon="-73.657534"></trkpt>
<trkpt lat="45.726564" lon="-73.657533"></trkpt>
<trkpt lat="45.726498" lon="-73.657533"></trkpt>
<trkpt lat="45.726409" lon="-73.657537"></trkpt>
<trkpt lat="45.726337" lon="-73.657539"></trkpt>
<trkpt lat="45.726242" lon="-73.657527"></trkpt>
<trkpt lat="45.726141" lon="-73.657525"></trkpt>
<trkpt lat="45.726002" lon="-73.657522"></trkpt>
<trkpt lat="45.725653" lon="-73.657514"></trkpt>
<trkpt lat="45.725395" lon="-73.657504"></trkpt>
<trkpt lat="45.724942" lon="-73.657490"></trkpt>
<trkpt lat="45.724851" lon="-73.657487"></trkpt>
<trkpt lat="45.724436" lon="-73.657476"></trkpt>
<trkpt lat="45.724325" lon="-73.657474"></trkpt>
<trkpt lat="45.724067" lon="-73.657452"></trkpt>
<trkpt lat="45.723602" lon="-73.657352"></trkpt>
<trkpt lat="45.723409" lon="-73.657344"></trkpt>
<trkpt lat="45.722612" lon="-73.657320"></trkpt>
<trkpt lat="45.722320" lon="-73.657380"></trkpt>
<trkpt lat="45.722143" lon="-73.657455"></trkpt>
<trkpt lat="45.722062" lon="-73.657491"></trkpt>
<trkpt lat="45.721482" lon="-73.657748"></trkpt>
<trkpt lat="45.721440" lon="-73.657764"></trkpt>
<trkpt lat="45.721377" lon="-73.657792"></trkpt>
<trkpt lat="45.721315" lon="-73.657820"></trkpt>
<trkpt lat="45.721242" lon="-73.657851"></trkpt>
<trkpt lat="45.721124" lon="-73.657902"></trkpt>
<trkpt lat="45.721090" lon="-73.657918"></trkpt>
<trkpt lat="45.721002" lon="-73.657955"></trkpt>
<trkpt lat="45.720754" lon="-73.658063"></trkpt>
<trkpt lat="45.720683" lon="-73.658094"></trkpt>
<trkpt lat="45.720624" lon="-73.658120"></trkpt>
<trkpt lat="45.720517" lon="-73.658166"></trkpt>
<trkpt lat="45.720413" lon="-73.658214"></trkpt>
<trkpt lat="45.720394" lon="-73.658223"></trkpt>
<trkpt lat="45.720217" lon="-73.658311"></trkpt>
<trkpt lat="45.720066" lon="-73.658426"></trkpt>
<trkpt lat="45.719833" lon="-73.658695"></trkpt>
<trkpt lat="45.719771" lon="-73.658782"></trkpt>
<trkpt lat="45.719686" lon="-73.658899"></trkpt>
<trkpt lat="45.719634" lon="-73.658973"></trkpt>
<trkpt lat="45.719574" lon="-73.659056"></trkpt>
<trkpt lat="45.719408" lon="-73.659276"></trkpt>
<trkpt lat="45.719304" lon="-73.659403"></trkpt>
<trkpt lat="45.719165" lon="-73.659651"></trkpt>
<trkpt lat="45.719223" lon="-73.659739"></trkpt>
<trkpt lat="45.719242" lon="-73.659838"></trkpt>
<trkpt lat="45.719218" lon="-73.660304"></trkpt>
<trkpt lat="45.719173" lon="-73.661434"></trkpt>
<trkpt lat="45.718790" lon="-73.661469"></trkpt>
<trkpt lat="45.718602" lon="-73.661550"></trkpt>
<trkpt lat="45.718250" lon="-73.661799"></trkpt>
<trkpt lat="45.718065" lon="-73.662001"></trkpt>
<trkpt lat="45.717914" lon="-73.662262"></trkpt>
<trkpt lat="45.717681" lon="-73.662849"></trkpt>
<trkpt lat="45.717620" lon="-73.663303"></trkpt>
<trkpt lat="45.717615" lon="-73.663628"></trkpt>
<trkpt lat="45.716895" lon="-73.663629"></trkpt>
<trkpt lat="45.715299" lon="-73.663647"></trkpt>
<trkpt lat="45.714327" lon="-73.663649"></trkpt>
<trkpt lat="45.713597" lon="-73.663673"></trkpt>
<trkpt lat="45.713511" lon="-73.662959"></trkpt>
<trkpt lat="45.713463" lon="-73.663097"></trkpt>
<trkpt lat="45.713464" lon="-73.663168"></trkpt>
<trkpt lat="45.713448" lon="-73.663096"></trkpt>
<trkpt lat="45.713240" lon="-73.662982"></trkpt>
<trkpt lat="45.712190" lon="-73.662580"></trkpt>
<trkpt lat="45.711616" lon="-73.662470"></trkpt>
<trkpt lat="45.710920" lon="-73.662454"></trkpt>
<trkpt lat="45.710912" lon="-73.662452"></trkpt>
<trkpt lat="45.710627" lon="-73.662381"></trkpt>
<trkpt lat="45.710518" lon="-73.663046"></trkpt>
<trkpt lat="45.710627" lon="-73.662381"></trkpt>
<trkpt lat="45.710912" lon="-73.662452"></trkpt>
<trkpt lat="45.710920" lon="-73.662454"></trkpt>
<trkpt lat="45.711616" lon="-73.662470"></trkpt>
<trkpt lat="45.712190" lon="-73.662580"></trkpt>
<trkpt lat="45.713240" lon="-73.662982"></trkpt>
<trkpt lat="45.713448" lon="-73.663096"></trkpt>
<trkpt lat="45.713464" lon="-73.663168"></trkpt>
<trkpt lat="45.713620" lon="-73.664436"></trkpt>
<trkpt lat="45.713769" lon="-73.666655"></trkpt>
<trkpt lat="45.714017" lon="-73.668074"></trkpt>
<trkpt lat="45.714226" lon="-73.669270"></trkpt>
<trkpt lat="45.714242" lon="-73.669827"></trkpt>
<trkpt lat="45.714288" lon="-73.669915"></trkpt>
<trkpt lat="45.715305" lon="-73.669891"></trkpt>
<trkpt lat="45.715788" lon="-73.669887"></trkpt>
<trkpt lat="45.716005" lon="-73.669925"></trkpt>
<trkpt lat="45.716141" lon="-73.670000"></trkpt>
<trkpt lat="45.716253" lon="-73.670120"></trkpt>
<trkpt lat="45.716547" lon="-73.670592"></trkpt>
<trkpt lat="45.717598" lon="-73.672283"></trkpt>
<trkpt lat="45.717785" lon="-73.672620"></trkpt>
<trkpt lat="45.717818" lon="-73.672753"></trkpt>
<trkpt lat="45.717828" lon="-73.672931"></trkpt>
<trkpt lat="45.717824" lon="-73.673907"></trkpt>
<trkpt lat="45.717827" lon="-73.674891"></trkpt>
<trkpt lat="45.717831" lon="-73.676690"></trkpt>
<trkpt lat="45.717825" lon="-73.677677"></trkpt>
<trkpt lat="45.717835" lon="-73.678644"></trkpt>
<trkpt lat="45.717838" lon="-73.679470"></trkpt>
<trkpt lat="45.717840" lon="-73.680129"></trkpt>
<trkpt lat="45.717842" lon="-73.680938"></trkpt>
<trkpt lat="45.717842" lon="-73.681057"></trkpt>
<trkpt lat="45.717843" lon="-73.681144"></trkpt>
<trkpt lat="45.717846" lon="-73.681695"></trkpt>
<trkpt lat="45.717847" lon="-73.681817"></trkpt>
<trkpt lat="45.717849" lon="-73.682182"></trkpt>
<trkpt lat="45.717853" lon="-73.682762"></trkpt>
<trkpt lat="45.717854" lon="-73.683068"></trkpt>
<trkpt lat="45.717855" lon="-73.683196"></trkpt>
<trkpt lat="45.717857" lon="-73.683492"></trkpt>
<trkpt lat="45.717859" lon="-73.683896"></trkpt>
<trkpt lat="45.717860" lon="-73.684024"></trkpt>
<trkpt lat="45.717863" lon="-73.684583"></trkpt>
<trkpt lat="45.717866" lon="-73.684952"></trkpt>
<trkpt lat="45.717866" lon="-73.685010"></trkpt>
<trkpt lat="45.717867" lon="-73.685123"></trkpt>
<trkpt lat="45.717867" lon="-73.685135"></trkpt>
<trkpt lat="45.717870" lon="-73.685659"></trkpt>
<trkpt lat="45.717870" lon="-73.685714"></trkpt>
<trkpt lat="45.717871" lon="-73.685777"></trkpt>
<trkpt lat="45.717873" lon="-73.686195"></trkpt>
<trkpt lat="45.717874" lon="-73.686309"></trkpt>
<trkpt lat="45.717875" lon="-73.686400"></trkpt>
<trkpt lat="45.717876" lon="-73.686631"></trkpt>
<trkpt lat="45.717877" lon="-73.686872"></trkpt>
<trkpt lat="45.717880" lon="-73.687240"></trkpt>
<trkpt lat="45.717881" lon="-73.687424"></trkpt>
<trkpt lat="45.717881" lon="-73.687503"></trkpt>
<trkpt lat="45.717882" lon="-73.687594"></trkpt>
<trkpt lat="45.717883" lon="-73.687867"></trkpt>
<trkpt lat="45.717885" lon="-73.688146"></trkpt>
<trkpt lat="45.717887" lon="-73.688453"></trkpt>
<trkpt lat="45.717887" lon="-73.688524"></trkpt>
<trkpt lat="45.717889" lon="-73.688753"></trkpt>
<trkpt lat="45.717890" lon="-73.689046"></trkpt>
<trkpt lat="45.717891" lon="-73.689157"></trkpt>
<trkpt lat="45.717892" lon="-73.689384"></trkpt>
<trkpt lat="45.717893" lon="-73.689474"></trkpt>
<trkpt lat="45.717892" lon="-73.689615"></trkpt>
<trkpt lat="45.717890" lon="-73.689914"></trkpt>
<trkpt lat="45.717885" lon="-73.690585"></trkpt>
<trkpt lat="45.717884" lon="-73.690803"></trkpt>
<trkpt lat="45.717881" lon="-73.691311"></trkpt>
<trkpt lat="45.717880" lon="-73.691387"></trkpt>
<trkpt lat="45.717939" lon="-73.691550"></trkpt>
<trkpt lat="45.717941" lon="-73.691640"></trkpt>
<trkpt lat="45.717958" lon="-73.691658"></trkpt>
<trkpt lat="45.717993" lon="-73.691724"></trkpt>
<trkpt lat="45.717990" lon="-73.692003"></trkpt>
<trkpt lat="45.717935" lon="-73.692430"></trkpt>
<trkpt lat="45.717926" lon="-73.692476"></trkpt>
<trkpt lat="45.717916" lon="-73.692522"></trkpt>
<trkpt lat="45.717901" lon="-73.692572"></trkpt>
<trkpt lat="45.717781" lon="-73.692924"></trkpt>
<trkpt lat="45.717528" lon="-73.693439"></trkpt>
<trkpt lat="45.717464" lon="-73.693559"></trkpt>
<trkpt lat="45.717401" lon="-73.693678"></trkpt>
<trkpt lat="45.716588" lon="-73.695262"></trkpt>
<trkpt lat="45.716550" lon="-73.695335"></trkpt>
<trkpt lat="45.716508" lon="-73.695419"></trkpt>
<trkpt lat="45.716161" lon="-73.696069"></trkpt>
<trkpt lat="45.716105" lon="-73.696171"></trkpt>
<trkpt lat="45.716043" lon="-73.696281"></trkpt>
<trkpt lat="45.715408" lon="-73.697575"></trkpt>
<trkpt lat="45.715426" lon="-73.697991"></trkpt>
<trkpt lat="45.715470" lon="-73.698142"></trkpt>
<trkpt lat="45.715822" lon="-73.698429"></trkpt>
<trkpt lat="45.716193" lon="-73.698681"></trkpt>
<trkpt lat="45.716437" lon="-73.698720"></trkpt>
<trkpt lat="45.716453" lon="-73.698771"></trkpt>
<trkpt lat="45.716468" lon="-73.698823"></trkpt>
<trkpt lat="45.716515" lon="-73.698857"></trkpt>
<trkpt lat="45.716560" lon="-73.698885"></trkpt>
<trkpt lat="45.716651" lon="-73.698946"></trkpt>
<trkpt lat="45.716691" lon="-73.698973"></trkpt>
<trkpt lat="45.716774" lon="-73.698979"></trkpt>
<trkpt lat="45.716809" lon="-73.698961"></trkpt>
<trkpt lat="45.716845" lon="-73.698940"></trkpt>
<trkpt lat="45.716863" lon="-73.698930"></trkpt>
<trkpt lat="45.716942" lon="-73.699106"></trkpt>
<trkpt lat="45.717183" lon="-73.699338"></trkpt>
<trkpt lat="45.718821" lon="-73.700461"></trkpt>
<trkpt lat="45.719719" lon="-73.701056"></trkpt>
<trkpt lat="45.721180" lon="-73.701998"></trkpt>
<trkpt lat="45.721198" lon="-73.702008"></trkpt>
<trkpt lat="45.721246" lon="-73.702040"></trkpt>
<trkpt lat="45.721343" lon="-73.702104"></trkpt>
<trkpt lat="45.721393" lon="-73.702137"></trkpt>
<trkpt lat="45.722168" lon="-73.702652"></trkpt>
<trkpt lat="45.722207" lon="-73.702678"></trkpt>
<trkpt lat="45.722244" lon="-73.702703"></trkpt>
<trkpt lat="45.722271" lon="-73.702718"></trkpt>
<trkpt lat="45.722308" lon="-73.702739"></trkpt>
<trkpt lat="45.722356" lon="-73.702765"></trkpt>
<trkpt lat="45.722743" lon="-73.702991"></trkpt>
<trkpt lat="45.722926" lon="-73.703028"></trkpt>
<trkpt lat="45.722928" lon="-73.703051"></trkpt>
<trkpt lat="45.722932" lon="-73.703107"></trkpt>
<trkpt lat="45.722935" lon="-73.703162"></trkpt>
<trkpt lat="45.722927" lon="-73.703206"></trkpt>
<trkpt lat="45.722909" lon="-73.703250"></trkpt>
<trkpt lat="45.723055" lon="-73.703343"></trkpt>
<trkpt lat="45.723168" lon="-73.703412"></trkpt>
<trkpt lat="45.723297" lon="-73.703508"></trkpt>
<trkpt lat="45.723473" lon="-73.703697"></trkpt>
<trkpt lat="45.723565" lon="-73.703900"></trkpt>
<trkpt lat="45.723631" lon="-73.704026"></trkpt>
<trkpt lat="45.723690" lon="-73.704220"></trkpt>
<trkpt lat="45.723903" lon="-73.705065"></trkpt>
<trkpt lat="45.724082" lon="-73.705471"></trkpt>
<trkpt lat="45.724244" lon="-73.705693"></trkpt>
<trkpt lat="45.724434" lon="-73.705864"></trkpt>
<trkpt lat="45.724603" lon="-73.705966"></trkpt>
<trkpt lat="45.724877" lon="-73.706069"></trkpt>
<trkpt lat="45.727620" lon="-73.706946"></trkpt>
<trkpt lat="45.727975" lon="-73.706997"></trkpt>
<trkpt lat="45.728372" lon="-73.707068"></trkpt>
<trkpt lat="45.728384" lon="-73.705754"></trkpt>
<trkpt lat="45.728386" lon="-73.705469"></trkpt>
<trkpt lat="45.728260" lon="-73.703407"></trkpt>
<trkpt lat="45.728218" lon="-73.702406"></trkpt>
<trkpt lat="45.728238" lon="-73.702055"></trkpt>
<trkpt lat="45.728295" lon="-73.701735"></trkpt>
<trkpt lat="45.728729" lon="-73.700174"></trkpt>
<trkpt lat="45.728891" lon="-73.699591"></trkpt>
<trkpt lat="45.728897" lon="-73.699571"></trkpt>
<trkpt lat="45.729369" lon="-73.698160"></trkpt>
<trkpt lat="45.729869" lon="-73.696815"></trkpt>
<trkpt lat="45.729942" lon="-73.696871"></trkpt>
<trkpt lat="45.729960" lon="-73.696944"></trkpt>
<trkpt lat="45.729852" lon="-73.697239"></trkpt>
<trkpt lat="45.729917" lon="-73.697387"></trkpt>
<trkpt lat="45.729993" lon="-73.697484"></trkpt>
<trkpt lat="45.730547" lon="-73.697885"></trkpt>
<trkpt lat="45.730921" lon="-73.698204"></trkpt>
<trkpt lat="45.731130" lon="-73.698162"></trkpt>
<trkpt lat="45.731185" lon="-73.698248"></trkpt>
<trkpt lat="45.731193" lon="-73.698404"></trkpt>
<trkpt lat="45.731221" lon="-73.698481"></trkpt>
<trkpt lat="45.731315" lon="-73.698558"></trkpt>
<trkpt lat="45.731868" lon="-73.698689"></trkpt>
<trkpt lat="45.731916" lon="-73.698718"></trkpt>
<trkpt lat="45.731933" lon="-73.698806"></trkpt>
<trkpt lat="45.731853" lon="-73.698942"></trkpt>
<trkpt lat="45.731800" lon="-73.699163"></trkpt>
<trkpt lat="45.731787" lon="-73.700059"></trkpt>
<trkpt lat="45.731765" lon="-73.700215"></trkpt>
<trkpt lat="45.731619" lon="-73.700771"></trkpt>
<trkpt lat="45.731520" lon="-73.701346"></trkpt>
<trkpt lat="45.731522" lon="-73.701476"></trkpt>
<trkpt lat="45.731558" lon="-73.701545"></trkpt>
<trkpt lat="45.731863" lon="-73.701836"></trkpt>
<trkpt lat="45.732044" lon="-73.702095"></trkpt>
<trkpt lat="45.732203" lon="-73.702463"></trkpt>
<trkpt lat="45.732241" lon="-73.702901"></trkpt>
<trkpt lat="45.732284" lon="-73.703107"></trkpt>
<trkpt lat="45.732367" lon="-73.703245"></trkpt>
<trkpt lat="45.732494" lon="-73.703381"></trkpt>
<trkpt lat="45.732493" lon="-73.703508"></trkpt>
<trkpt lat="45.732450" lon="-73.703563"></trkpt>
<trkpt lat="45.732051" lon="-73.703615"></trkpt>
<trkpt lat="45.731837" lon="-73.703791"></trkpt>
<trkpt lat="45.731676" lon="-73.703795"></trkpt>
<trkpt lat="45.731457" lon="-73.703640"></trkpt>
<trkpt lat="45.731311" lon="-73.703582"></trkpt>
<trkpt lat="45.731138" lon="-73.703585"></trkpt>
<trkpt lat="45.731073" lon="-73.703614"></trkpt>
<trkpt lat="45.731019" lon="-73.703689"></trkpt>
<trkpt lat="45.730991" lon="-73.703818"></trkpt>
<trkpt lat="45.730941" lon="-73.704171"></trkpt>
<trkpt lat="45.730894" lon="-73.704321"></trkpt>
<trkpt lat="45.730901" lon="-73.704482"></trkpt>
<trkpt lat="45.730948" lon="-73.704525"></trkpt>
<trkpt lat="45.731252" lon="-73.704636"></trkpt>
<trkpt lat="45.731499" lon="-73.704828"></trkpt>
<trkpt lat="45.731704" lon="-73.705180"></trkpt>
<trkpt lat="45.731818" lon="-73.705452"></trkpt>
<trkpt lat="45.731876" lon="-73.705705"></trkpt>
<trkpt lat="45.732073" lon="-73.707383"></trkpt>
<trkpt lat="45.732136" lon="-73.707454"></trkpt>
<trkpt lat="45.732233" lon="-73.707465"></trkpt>
<trkpt lat="45.732553" lon="-73.707352"></trkpt>
<trkpt lat="45.732968" lon="-73.707359"></trkpt>
<trkpt lat="45.733133" lon="-73.707410"></trkpt>
<trkpt lat="45.733399" lon="-73.707650"></trkpt>
<trkpt lat="45.733733" lon="-73.708238"></trkpt>
<trkpt lat="45.733951" lon="-73.708422"></trkpt>
<trkpt lat="45.733985" lon="-73.708546"></trkpt>
<trkpt lat="45.733966" lon="-73.708621"></trkpt>
<trkpt lat="45.733933" lon="-73.708658"></trkpt>
<trkpt lat="45.733768" lon="-73.708714"></trkpt>
<trkpt lat="45.733741" lon="-73.708763"></trkpt>
<trkpt lat="45.733677" lon="-73.709044"></trkpt>
<trkpt lat="45.733599" lon="-73.709617"></trkpt>
<trkpt lat="45.733519" lon="-73.709838"></trkpt>
<trkpt lat="45.733406" lon="-73.709954"></trkpt>
<trkpt lat="45.733167" lon="-73.710083"></trkpt>
<trkpt lat="45.733061" lon="-73.710320"></trkpt>
<trkpt lat="45.732816" lon="-73.710401"></trkpt>
<trkpt lat="45.732565" lon="-73.710748"></trkpt>
<trkpt lat="45.732471" lon="-73.711000"></trkpt>
<trkpt lat="45.732455" lon="-73.711209"></trkpt>
<trkpt lat="45.732251" lon="-73.711351"></trkpt>
<trkpt lat="45.732195" lon="-73.711427"></trkpt>
<trkpt lat="45.732003" lon="-73.711899"></trkpt>
<trkpt lat="45.731904" lon="-73.712217"></trkpt>
<trkpt lat="45.731873" lon="-73.712435"></trkpt>
<trkpt lat="45.731891" lon="-73.712894"></trkpt>
<trkpt lat="45.731876" lon="-73.713258"></trkpt>
<trkpt lat="45.731914" lon="-73.713666"></trkpt>
<trkpt lat="45.732004" lon="-73.714128"></trkpt>
<trkpt lat="45.732066" lon="-73.714302"></trkpt>
<trkpt lat="45.732229" lon="-73.714451"></trkpt>
<trkpt lat="45.732367" lon="-73.714477"></trkpt>
<trkpt lat="45.732543" lon="-73.714423"></trkpt>
<trkpt lat="45.732642" lon="-73.714433"></trkpt>
<trkpt lat="45.735001" lon="-73.715137"></trkpt>
<trkpt lat="45.735110" lon="-73.715074"></trkpt>
<trkpt lat="45.735218" lon="-73.713806"></trkpt>
<trkpt lat="45.735246" lon="-73.713677"></trkpt>
<trkpt lat="45.735343" lon="-73.713556"></trkpt>
<trkpt lat="45.735396" lon="-73.713530"></trkpt>
<trkpt lat="45.735603" lon="-73.713568"></trkpt>
<trkpt lat="45.736670" lon="-73.713938"></trkpt>
<trkpt lat="45.737710" lon="-73.714247"></trkpt>
<trkpt lat="45.738031" lon="-73.714376"></trkpt>
<trkpt lat="45.738118" lon="-73.714525"></trkpt>
<trkpt lat="45.738114" lon="-73.714728"></trkpt>
<trkpt lat="45.738063" lon="-73.715132"></trkpt>
<trkpt lat="45.738089" lon="-73.715261"></trkpt>
<trkpt lat="45.738182" lon="-73.715350"></trkpt>
<trkpt lat="45.738743" lon="-73.715479"></trkpt>
<trkpt lat="45.740331" lon="-73.716026"></trkpt>
<trkpt lat="45.741027" lon="-73.716177"></trkpt>
<trkpt lat="45.741499" lon="-73.716423"></trkpt>
<trkpt lat="45.741851" lon="-73.716466"></trkpt>
<trkpt lat="45.742135" lon="-73.716627"></trkpt>
<trkpt lat="45.742517" lon="-73.716649"></trkpt>
<trkpt lat="45.742622" lon="-73.716702"></trkpt>
<trkpt lat="45.742914" lon="-73.716745"></trkpt>
<trkpt lat="45.743311" lon="-73.716949"></trkpt>
<trkpt lat="45.743809" lon="-73.717055"></trkpt>
<trkpt lat="45.744067" lon="-73.717174"></trkpt>
<trkpt lat="45.744711" lon="-73.717303"></trkpt>
<trkpt lat="45.745108" lon="-73.717335"></trkpt>
<trkpt lat="45.745609" lon="-73.717496"></trkpt>
<trkpt lat="45.746253" lon="-73.717754"></trkpt>
<trkpt lat="45.746635" lon="-73.717968"></trkpt>
<trkpt lat="45.746919" lon="-73.718033"></trkpt>
<trkpt lat="45.747077" lon="-73.718022"></trkpt>
<trkpt lat="45.747361" lon="-73.718119"></trkpt>
<trkpt lat="45.747451" lon="-73.718204"></trkpt>
<trkpt lat="45.747698" lon="-73.718204"></trkpt>
<trkpt lat="45.747990" lon="-73.718301"></trkpt>
<trkpt lat="45.748394" lon="-73.718505"></trkpt>
<trkpt lat="45.748948" lon="-73.718569"></trkpt>
<trkpt lat="45.749128" lon="-73.718687"></trkpt>
<trkpt lat="45.749323" lon="-73.718687"></trkpt>
<trkpt lat="45.749682" lon="-73.718848"></trkpt>
<trkpt lat="45.750086" lon="-73.718902"></trkpt>
<trkpt lat="45.751382" lon="-73.719358"></trkpt>
<trkpt lat="45.751651" lon="-73.719288"></trkpt>
<trkpt lat="45.752212" lon="-73.718848"></trkpt>
<trkpt lat="45.752437" lon="-73.718784"></trkpt>
<trkpt lat="45.753942" lon="-73.719224"></trkpt>
<trkpt lat="45.754181" lon="-73.719353"></trkpt>
<trkpt lat="45.755027" lon="-73.719601"></trkpt>
<trkpt lat="45.755738" lon="-73.719852"></trkpt>
<trkpt lat="45.755894" lon="-73.719960"></trkpt>
<trkpt lat="45.755991" lon="-73.720105"></trkpt>
<trkpt lat="45.756033" lon="-73.720366"></trkpt>
<trkpt lat="45.755774" lon="-73.721733"></trkpt>
<trkpt lat="45.755643" lon="-73.722834"></trkpt>
<trkpt lat="45.755498" lon="-73.723339"></trkpt>
<trkpt lat="45.755484" lon="-73.723730"></trkpt>
<trkpt lat="45.755507" lon="-73.723879"></trkpt>
<trkpt lat="45.755576" lon="-73.723980"></trkpt>
<trkpt lat="45.756715" lon="-73.725114"></trkpt>
<trkpt lat="45.757635" lon="-73.726566"></trkpt>
<trkpt lat="45.759104" lon="-73.728769"></trkpt>
<trkpt lat="45.759214" lon="-73.728991"></trkpt>
<trkpt lat="45.759261" lon="-73.729024"></trkpt>
<trkpt lat="45.759343" lon="-73.728976"></trkpt>
<trkpt lat="45.759502" lon="-73.728737"></trkpt>
<trkpt lat="45.759639" lon="-73.728568"></trkpt>
<trkpt lat="45.759681" lon="-73.728645"></trkpt>
<trkpt lat="45.760165" lon="-73.729379"></trkpt>
<trkpt lat="45.762215" lon="-73.732519"></trkpt>
<trkpt lat="45.764613" lon="-73.736181"></trkpt>
<trkpt lat="45.766518" lon="-73.739081"></trkpt>
<trkpt lat="45.767118" lon="-73.739945"></trkpt>
<trkpt lat="45.767594" lon="-73.740671"></trkpt>
<trkpt lat="45.767653" lon="-73.740758"></trkpt>
<trkpt lat="45.766774" lon="-73.744905"></trkpt>
<trkpt lat="45.766327" lon="-73.747034"></trkpt>
<trkpt lat="45.766174" lon="-73.747761"></trkpt>
<trkpt lat="45.766179" lon="-73.747905"></trkpt>
<trkpt lat="45.765377" lon="-73.751857"></trkpt>
<trkpt lat="45.765325" lon="-73.752115"></trkpt>
<trkpt lat="45.765853" lon="-73.752961"></trkpt>
<trkpt lat="45.765884" lon="-73.753104"></trkpt>
<trkpt lat="45.765879" lon="-73.753270"></trkpt>
<trkpt lat="45.765804" lon="-73.753649"></trkpt>
<trkpt lat="45.765808" lon="-73.753787"></trkpt>
<trkpt lat="45.765855" lon="-73.753918"></trkpt>
<trkpt lat="45.767144" lon="-73.755845"></trkpt>
<trkpt lat="45.767780" lon="-73.756792"></trkpt>
<trkpt lat="45.770236" lon="-73.760508"></trkpt>
<trkpt lat="45.770401" lon="-73.760737"></trkpt>
<trkpt lat="45.770406" lon="-73.760907"></trkpt>
<trkpt lat="45.770232" lon="-73.761844"></trkpt>
<trkpt lat="45.770127" lon="-73.762409"></trkpt>
<trkpt lat="45.770134" lon="-73.762494"></trkpt>
<trkpt lat="45.770327" lon="-73.762816"></trkpt>
<trkpt lat="45.770443" lon="-73.762990"></trkpt>
<trkpt lat="45.770590" lon="-73.763217"></trkpt>
<trkpt lat="45.771195" lon="-73.764112"></trkpt>
<trkpt lat="45.771418" lon="-73.764438"></trkpt>
<trkpt lat="45.771631" lon="-73.764767"></trkpt>
<trkpt lat="45.773719" lon="-73.767915"></trkpt>
<trkpt lat="45.773735" lon="-73.768038"></trkpt>
<trkpt lat="45.773603" lon="-73.768698"></trkpt>
<trkpt lat="45.773612" lon="-73.768853"></trkpt>
<trkpt lat="45.773663" lon="-73.769006"></trkpt>
<trkpt lat="45.773811" lon="-73.769220"></trkpt>
<trkpt lat="45.773992" lon="-73.769484"></trkpt>
<trkpt lat="45.774520" lon="-73.770251"></trkpt>
<trkpt lat="45.776796" lon="-73.773556"></trkpt>
<trkpt lat="45.777391" lon="-73.774540"></trkpt>
<trkpt lat="45.777454" lon="-73.774702"></trkpt>
<trkpt lat="45.777463" lon="-73.774850"></trkpt>
<trkpt lat="45.777423" lon="-73.775123"></trkpt>
<trkpt lat="45.777413" lon="-73.775636"></trkpt>
<trkpt lat="45.777569" lon="-73.776938"></trkpt>
<trkpt lat="45.777529" lon="-73.777246"></trkpt>
<trkpt lat="45.777384" lon="-73.777490"></trkpt>
<trkpt lat="45.777274" lon="-73.777555"></trkpt>
<trkpt lat="45.777001" lon="-73.777528"></trkpt>
<trkpt lat="45.776885" lon="-73.777592"></trkpt>
<trkpt lat="45.776562" lon="-73.778038"></trkpt>
<trkpt lat="45.776478" lon="-73.778201"></trkpt>
<trkpt lat="45.775911" lon="-73.780863"></trkpt>
<trkpt lat="45.775619" lon="-73.782234"></trkpt>
<trkpt lat="45.774452" lon="-73.788336"></trkpt>
<trkpt lat="45.774398" lon="-73.788522"></trkpt>
<trkpt lat="45.772670" lon="-73.791188"></trkpt>
<trkpt lat="45.771166" lon="-73.793508"></trkpt>
<trkpt lat="45.770999" lon="-73.793766"></trkpt>
<trkpt lat="45.770971" lon="-73.793851"></trkpt>
<trkpt lat="45.770992" lon="-73.794663"></trkpt>
<trkpt lat="45.770938" lon="-73.794677"></trkpt>
<trkpt lat="45.770651" lon="-73.794972"></trkpt>
<trkpt lat="45.770467" lon="-73.795215"></trkpt>
<trkpt lat="45.771072" lon="-73.795982"></trkpt>
<trkpt lat="45.771333" lon="-73.796311"></trkpt>
<trkpt lat="45.771572" lon="-73.796653"></trkpt>
<trkpt lat="45.771720" lon="-73.796885"></trkpt>
<trkpt lat="45.772099" lon="-73.797672"></trkpt>
<trkpt lat="45.771131" lon="-73.798614"></trkpt>
<trkpt lat="45.769995" lon="-73.799719"></trkpt>
<trkpt lat="45.769295" lon="-73.800401"></trkpt>
<trkpt lat="45.768724" lon="-73.800956"></trkpt>
<trkpt lat="45.769155" lon="-73.801876"></trkpt>
<trkpt lat="45.769245" lon="-73.802334"></trkpt>
<trkpt lat="45.769410" lon="-73.803275"></trkpt>
<trkpt lat="45.769444" lon="-73.803479"></trkpt>
<trkpt lat="45.769594" lon="-73.803800"></trkpt>
<trkpt lat="45.769741" lon="-73.804433"></trkpt>
<trkpt lat="45.769800" lon="-73.804577"></trkpt>
<trkpt lat="45.770460" lon="-73.805573"></trkpt>
<trkpt lat="45.771286" lon="-73.806776"></trkpt>
<trkpt lat="45.771383" lon="-73.806958"></trkpt>
<trkpt lat="45.771464" lon="-73.807301"></trkpt>
<trkpt lat="45.771452" lon="-73.807632"></trkpt>
<trkpt lat="45.771441" lon="-73.808049"></trkpt>
<trkpt lat="45.771416" lon="-73.808217"></trkpt>
<trkpt lat="45.771352" lon="-73.808369"></trkpt>
<trkpt lat="45.770726" lon="-73.809472"></trkpt>
<trkpt lat="45.769914" lon="-73.810763"></trkpt>
<trkpt lat="45.769779" lon="-73.810941"></trkpt>
<trkpt lat="45.769521" lon="-73.811282"></trkpt>
<trkpt lat="45.769416" lon="-73.811420"></trkpt>
<trkpt lat="45.769311" lon="-73.811558"></trkpt>
<trkpt lat="45.769286" lon="-73.811591"></trkpt>
<trkpt lat="45.769226" lon="-73.811670"></trkpt>
<trkpt lat="45.769170" lon="-73.811742"></trkpt>
<trkpt lat="45.769116" lon="-73.811808"></trkpt>
<trkpt lat="45.769102" lon="-73.811825"></trkpt>
<trkpt lat="45.769072" lon="-73.811863"></trkpt>
<trkpt lat="45.768953" lon="-73.812008"></trkpt>
<trkpt lat="45.768829" lon="-73.812161"></trkpt>
<trkpt lat="45.768748" lon="-73.812260"></trkpt>
<trkpt lat="45.768712" lon="-73.812309"></trkpt>
<trkpt lat="45.768605" lon="-73.812459"></trkpt>
<trkpt lat="45.768577" lon="-73.812503"></trkpt>
<trkpt lat="45.768499" lon="-73.812626"></trkpt>
<trkpt lat="45.768462" lon="-73.812674"></trkpt>
<trkpt lat="45.768439" lon="-73.812704"></trkpt>
<trkpt lat="45.768176" lon="-73.813065"></trkpt>
<trkpt lat="45.768084" lon="-73.813201"></trkpt>
<trkpt lat="45.767886" lon="-73.813471"></trkpt>
<trkpt lat="45.767864" lon="-73.813499"></trkpt>
<trkpt lat="45.767797" lon="-73.813588"></trkpt>
<trkpt lat="45.767543" lon="-73.813920"></trkpt>
<trkpt lat="45.767501" lon="-73.813976"></trkpt>
<trkpt lat="45.767417" lon="-73.814088"></trkpt>
<trkpt lat="45.767170" lon="-73.814415"></trkpt>
<trkpt lat="45.766885" lon="-73.814790"></trkpt>
<trkpt lat="45.766847" lon="-73.814836"></trkpt>
<trkpt lat="45.766900" lon="-73.814915"></trkpt>
<trkpt lat="45.766998" lon="-73.815062"></trkpt>
<trkpt lat="45.767179" lon="-73.815333"></trkpt>
<trkpt lat="45.767202" lon="-73.815368"></trkpt>
<trkpt lat="45.767336" lon="-73.815570"></trkpt>
<trkpt lat="45.767366" lon="-73.815615"></trkpt>
<trkpt lat="45.767467" lon="-73.815766"></trkpt>
<trkpt lat="45.767514" lon="-73.815838"></trkpt>
<trkpt lat="45.767624" lon="-73.816002"></trkpt>
<trkpt lat="45.767692" lon="-73.816103"></trkpt>
<trkpt lat="45.767790" lon="-73.816252"></trkpt>
<trkpt lat="45.767882" lon="-73.816390"></trkpt>
<trkpt lat="45.767977" lon="-73.816535"></trkpt>
<trkpt lat="45.768040" lon="-73.816630"></trkpt>
<trkpt lat="45.768111" lon="-73.816737"></trkpt>
<trkpt lat="45.768169" lon="-73.816826"></trkpt>
<trkpt lat="45.768887" lon="-73.817924"></trkpt>
<trkpt lat="45.768934" lon="-73.817994"></trkpt>
<trkpt lat="45.768972" lon="-73.818051"></trkpt>
<trkpt lat="45.769137" lon="-73.818291"></trkpt>
<trkpt lat="45.769298" lon="-73.818467"></trkpt>
<trkpt lat="45.769456" lon="-73.818589"></trkpt>
<trkpt lat="45.769607" lon="-73.818668"></trkpt>
<trkpt lat="45.769954" lon="-73.818755"></trkpt>
<trkpt lat="45.769979" lon="-73.819291"></trkpt>
<trkpt lat="45.770052" lon="-73.819585"></trkpt>
<trkpt lat="45.770228" lon="-73.819936"></trkpt>
<trkpt lat="45.770276" lon="-73.820014"></trkpt>
<trkpt lat="45.770686" lon="-73.820649"></trkpt>
<trkpt lat="45.770744" lon="-73.820735"></trkpt>
<trkpt lat="45.771921" lon="-73.822477"></trkpt>
<trkpt lat="45.776483" lon="-73.829488"></trkpt>
<trkpt lat="45.778497" lon="-73.832530"></trkpt>
<trkpt lat="45.776546" lon="-73.835143"></trkpt>
<trkpt lat="45.776402" lon="-73.835425"></trkpt>
<trkpt lat="45.776303" lon="-73.835696"></trkpt>
<trkpt lat="45.775976" lon="-73.836901"></trkpt>
<trkpt lat="45.775543" lon="-73.838984"></trkpt>
<trkpt lat="45.775335" lon="-73.839515"></trkpt>
<trkpt lat="45.774851" lon="-73.840277"></trkpt>
<trkpt lat="45.778832" lon="-73.845616"></trkpt>
<trkpt lat="45.785401" lon="-73.854242"></trkpt>
<trkpt lat="45.785625" lon="-73.854521"></trkpt>
<trkpt lat="45.786262" lon="-73.855199"></trkpt>
<trkpt lat="45.787954" lon="-73.856825"></trkpt>
<trkpt lat="45.793141" lon="-73.863701"></trkpt>
<trkpt lat="45.794117" lon="-73.864982"></trkpt>
<trkpt lat="45.794534" lon="-73.865523"></trkpt>
<trkpt lat="45.796031" lon="-73.867499"></trkpt>
<trkpt lat="45.796507" lon="-73.868131"></trkpt>
<trkpt lat="45.798405" lon="-73.870651"></trkpt>
<trkpt lat="45.800574" lon="-73.873655"></trkpt>
<trkpt lat="45.803184" lon="-73.877174"></trkpt>
<trkpt lat="45.806266" lon="-73.881402"></trkpt>
<trkpt lat="45.807642" lon="-73.883290"></trkpt>
<trkpt lat="45.809501" lon="-73.885731"></trkpt>
<trkpt lat="45.813031" lon="-73.890529"></trkpt>
<trkpt lat="45.814649" lon="-73.892420"></trkpt>
<trkpt lat="45.814978" lon="-73.892860"></trkpt>
<trkpt lat="45.815590" lon="-73.893906"></trkpt>
<trkpt lat="45.816075" lon="-73.894734"></trkpt>
<trkpt lat="45.816835" lon="-73.896094"></trkpt>
<trkpt lat="45.817254" lon="-73.896956"></trkpt>
<trkpt lat="45.817367" lon="-73.897188"></trkpt>
<trkpt lat="45.817972" lon="-73.898430"></trkpt>
<trkpt lat="45.818040" lon="-73.898571"></trkpt>
<trkpt lat="45.818506" lon="-73.897879"></trkpt>
<trkpt lat="45.818952" lon="-73.897215"></trkpt>
<trkpt lat="45.819782" lon="-73.895978"></trkpt>
<trkpt lat="45.820344" lon="-73.895141"></trkpt>
<trkpt lat="45.820357" lon="-73.895122"></trkpt>
<trkpt lat="45.820417" lon="-73.895064"></trkpt>
<trkpt lat="45.820487" lon="-73.895060"></trkpt>
<trkpt lat="45.820627" lon="-73.895110"></trkpt>
<trkpt lat="45.820790" lon="-73.894670"></trkpt>
<trkpt lat="45.820946" lon="-73.894327"></trkpt>
<trkpt lat="45.821169" lon="-73.893966"></trkpt>
<trkpt lat="45.821581" lon="-73.893401"></trkpt>
<trkpt lat="45.821945" lon="-73.892888"></trkpt>
<trkpt lat="45.822622" lon="-73.891883"></trkpt>
<trkpt lat="45.823931" lon="-73.889905"></trkpt>
<trkpt lat="45.825782" lon="-73.887199"></trkpt>
<trkpt lat="45.825822" lon="-73.887144"></trkpt>
<trkpt lat="45.826323" lon="-73.886725"></trkpt>
<trkpt lat="45.826740" lon="-73.886482"></trkpt>
<trkpt lat="45.827294" lon="-73.886247"></trkpt>
<trkpt lat="45.828418" lon="-73.885821"></trkpt>
<trkpt lat="45.828942" lon="-73.885580"></trkpt>
<trkpt lat="45.829789" lon="-73.884933"></trkpt>
<trkpt lat="45.830249" lon="-73.884471"></trkpt>
<trkpt lat="45.830549" lon="-73.884105"></trkpt>
<trkpt lat="45.830817" lon="-73.883722"></trkpt>
<trkpt lat="45.831225" lon="-73.882925"></trkpt>
<trkpt lat="45.831237" lon="-73.882902"></trkpt>
<trkpt lat="45.831495" lon="-73.882240"></trkpt>
<trkpt lat="45.831725" lon="-73.881515"></trkpt>
<trkpt lat="45.832161" lon="-73.881531"></trkpt>
<trkpt lat="45.832335" lon="-73.881535"></trkpt>
<trkpt lat="45.832449" lon="-73.881536"></trkpt>
<trkpt lat="45.833038" lon="-73.881544"></trkpt>
<trkpt lat="45.833300" lon="-73.881570"></trkpt>
<trkpt lat="45.833527" lon="-73.881632"></trkpt>
<trkpt lat="45.834490" lon="-73.882136"></trkpt>
<trkpt lat="45.834781" lon="-73.882226"></trkpt>
<trkpt lat="45.834971" lon="-73.882240"></trkpt>
<trkpt lat="45.835296" lon="-73.882144"></trkpt>
<trkpt lat="45.835570" lon="-73.882112"></trkpt>
<trkpt lat="45.835743" lon="-73.882128"></trkpt>
<trkpt lat="45.835902" lon="-73.882194"></trkpt>
<trkpt lat="45.836067" lon="-73.882299"></trkpt>
<trkpt lat="45.836255" lon="-73.882485"></trkpt>
<trkpt lat="45.836531" lon="-73.882951"></trkpt>
<trkpt lat="45.838042" lon="-73.884242"></trkpt>
<trkpt lat="45.838420" lon="-73.884670"></trkpt>
<trkpt lat="45.838727" lon="-73.885096"></trkpt>
<trkpt lat="45.839057" lon="-73.885686"></trkpt>
<trkpt lat="45.839455" lon="-73.886566"></trkpt>
<trkpt lat="45.839673" lon="-73.886907"></trkpt>
<trkpt lat="45.839859" lon="-73.887077"></trkpt>
<trkpt lat="45.840051" lon="-73.887166"></trkpt>
<trkpt lat="45.840494" lon="-73.887212"></trkpt>
<trkpt lat="45.841060" lon="-73.887221"></trkpt>
<trkpt lat="45.841447" lon="-73.887107"></trkpt>
<trkpt lat="45.841664" lon="-73.886908"></trkpt>
<trkpt lat="45.842087" lon="-73.886405"></trkpt>
<trkpt lat="45.842343" lon="-73.886275"></trkpt>
<trkpt lat="45.842888" lon="-73.886101"></trkpt>
<trkpt lat="45.843303" lon="-73.886010"></trkpt>
<trkpt lat="45.843909" lon="-73.885835"></trkpt>
<trkpt lat="45.844259" lon="-73.885797"></trkpt>
<trkpt lat="45.844550" lon="-73.885813"></trkpt>
<trkpt lat="45.845189" lon="-73.885865"></trkpt>
<trkpt lat="45.845396" lon="-73.885938"></trkpt>
<trkpt lat="45.845583" lon="-73.886055"></trkpt>
<trkpt lat="45.845799" lon="-73.886191"></trkpt>
<trkpt lat="45.846015" lon="-73.886394"></trkpt>
<trkpt lat="45.846293" lon="-73.886753"></trkpt>
<trkpt lat="45.846660" lon="-73.887228"></trkpt>
<trkpt lat="45.847305" lon="-73.888063"></trkpt>
<trkpt lat="45.847466" lon="-73.888272"></trkpt>
<trkpt lat="45.847649" lon="-73.888577"></trkpt>
<trkpt lat="45.847887" lon="-73.889084"></trkpt>
<trkpt lat="45.848293" lon="-73.889988"></trkpt>
<trkpt lat="45.848526" lon="-73.890568"></trkpt>
<trkpt lat="45.848885" lon="-73.891212"></trkpt>
<trkpt lat="45.849050" lon="-73.891759"></trkpt>
<trkpt lat="45.849212" lon="-73.892166"></trkpt>
<trkpt lat="45.849491" lon="-73.892617"></trkpt>
<trkpt lat="45.850470" lon="-73.893758"></trkpt>
<trkpt lat="45.850682" lon="-73.893867"></trkpt>
<trkpt lat="45.850933" lon="-73.893862"></trkpt>
<trkpt lat="45.851529" lon="-73.893743"></trkpt>
<trkpt lat="45.851901" lon="-73.893783"></trkpt>
<trkpt lat="45.852285" lon="-73.893883"></trkpt>
<trkpt lat="45.853666" lon="-73.893968"></trkpt>
<trkpt lat="45.857397" lon="-73.895077"></trkpt>
<trkpt lat="45.857670" lon="-73.895130"></trkpt>
<trkpt lat="45.857791" lon="-73.895116"></trkpt>
<trkpt lat="45.858764" lon="-73.894960"></trkpt>
<trkpt lat="45.859015" lon="-73.894956"></trkpt>
<trkpt lat="45.859216" lon="-73.895009"></trkpt>
<trkpt lat="45.859437" lon="-73.895162"></trkpt>
<trkpt lat="45.860548" lon="-73.896157"></trkpt>
<trkpt lat="45.860833" lon="-73.896308"></trkpt>
<trkpt lat="45.861803" lon="-73.896543"></trkpt>
<trkpt lat="45.862279" lon="-73.896748"></trkpt>
<trkpt lat="45.862520" lon="-73.896954"></trkpt>
<trkpt lat="45.862644" lon="-73.897149"></trkpt>
<trkpt lat="45.862716" lon="-73.897263"></trkpt>
<trkpt lat="45.862887" lon="-73.897745"></trkpt>
<trkpt lat="45.863074" lon="-73.898058"></trkpt>
<trkpt lat="45.863395" lon="-73.898355"></trkpt>
<trkpt lat="45.863682" lon="-73.898543"></trkpt>
<trkpt lat="45.864010" lon="-73.898815"></trkpt>
<trkpt lat="45.864218" lon="-73.899108"></trkpt>
<trkpt lat="45.864487" lon="-73.899612"></trkpt>
<trkpt lat="45.864567" lon="-73.900025"></trkpt>
<trkpt lat="45.864579" lon="-73.900459"></trkpt>
<trkpt lat="45.864489" lon="-73.901730"></trkpt>
<trkpt lat="45.864483" lon="-73.902169"></trkpt>
<trkpt lat="45.864606" lon="-73.903220"></trkpt>
<trkpt lat="45.864668" lon="-73.903464"></trkpt>
<trkpt lat="45.864762" lon="-73.903608"></trkpt>
<trkpt lat="45.864874" lon="-73.903784"></trkpt>
<trkpt lat="45.864991" lon="-73.903971"></trkpt>
<trkpt lat="45.865164" lon="-73.903568"></trkpt>
<trkpt lat="45.865229" lon="-73.903086"></trkpt>
<trkpt lat="45.865251" lon="-73.902727"></trkpt>
<trkpt lat="45.865335" lon="-73.902287"></trkpt>
<trkpt lat="45.865883" lon="-73.901429"></trkpt>
<trkpt lat="45.866415" lon="-73.900754"></trkpt>
<trkpt lat="45.866503" lon="-73.900595"></trkpt>
<trkpt lat="45.866720" lon="-73.899849"></trkpt>
<trkpt lat="45.866893" lon="-73.899221"></trkpt>
<trkpt lat="45.867280" lon="-73.898290"></trkpt>
<trkpt lat="45.867516" lon="-73.897739"></trkpt>
<trkpt lat="45.867629" lon="-73.897028"></trkpt>
<trkpt lat="45.867661" lon="-73.896476"></trkpt>
<trkpt lat="45.867599" lon="-73.894977"></trkpt>
<trkpt lat="45.867831" lon="-73.893632"></trkpt>
<trkpt lat="45.867826" lon="-73.893282"></trkpt>
<trkpt lat="45.867768" lon="-73.893017"></trkpt>
<trkpt lat="45.867427" lon="-73.892298"></trkpt>
<trkpt lat="45.867384" lon="-73.892094"></trkpt>
<trkpt lat="45.867400" lon="-73.891625"></trkpt>
<trkpt lat="45.867716" lon="-73.889092"></trkpt>
<trkpt lat="45.867821" lon="-73.888486"></trkpt>
<trkpt lat="45.868276" lon="-73.886739"></trkpt>
<trkpt lat="45.868406" lon="-73.886329"></trkpt>
<trkpt lat="45.868556" lon="-73.885919"></trkpt>
<trkpt lat="45.868872" lon="-73.885324"></trkpt>
<trkpt lat="45.869355" lon="-73.884411"></trkpt>
<trkpt lat="45.870482" lon="-73.882641"></trkpt>
<trkpt lat="45.871052" lon="-73.881746"></trkpt>
<trkpt lat="45.871265" lon="-73.881360"></trkpt>
<trkpt lat="45.871426" lon="-73.880990"></trkpt>
<trkpt lat="45.871575" lon="-73.880462"></trkpt>
<trkpt lat="45.871831" lon="-73.880491"></trkpt>
<trkpt lat="45.872391" lon="-73.880303"></trkpt>
<trkpt lat="45.872790" lon="-73.880126"></trkpt>
<trkpt lat="45.873495" lon="-73.879822"></trkpt>
<trkpt lat="45.873540" lon="-73.879802"></trkpt>
<trkpt lat="45.874951" lon="-73.879184"></trkpt>
<trkpt lat="45.875503" lon="-73.878817"></trkpt>
<trkpt lat="45.876360" lon="-73.878103"></trkpt>
<trkpt lat="45.877297" lon="-73.877285"></trkpt>
<trkpt lat="45.877478" lon="-73.877160"></trkpt>
<trkpt lat="45.877655" lon="-73.877058"></trkpt>
<trkpt lat="45.877924" lon="-73.876983"></trkpt>
<trkpt lat="45.878152" lon="-73.876959"></trkpt>
<trkpt lat="45.878583" lon="-73.877081"></trkpt>
<trkpt lat="45.880363" lon="-73.877985"></trkpt>
<trkpt lat="45.881196" lon="-73.878397"></trkpt>
<trkpt lat="45.882876" lon="-73.879238"></trkpt>
<trkpt lat="45.883147" lon="-73.879372"></trkpt>
<trkpt lat="45.883227" lon="-73.879412"></trkpt>
<trkpt lat="45.884118" lon="-73.879859"></trkpt>
<trkpt lat="45.885332" lon="-73.880568"></trkpt>
<trkpt lat="45.885604" lon="-73.880647"></trkpt>
<trkpt lat="45.885825" lon="-73.880613"></trkpt>
<trkpt lat="45.885956" lon="-73.880560"></trkpt>
<trkpt lat="45.886302" lon="-73.880428"></trkpt>
<trkpt lat="45.886488" lon="-73.880421"></trkpt>
<trkpt lat="45.886663" lon="-73.880460"></trkpt>
<trkpt lat="45.886971" lon="-73.880599"></trkpt>
<trkpt lat="45.888248" lon="-73.881286"></trkpt>
<trkpt lat="45.888354" lon="-73.881310"></trkpt>
<trkpt lat="45.888535" lon="-73.881281"></trkpt>
<trkpt lat="45.888597" lon="-73.881245"></trkpt>
<trkpt lat="45.888732" lon="-73.881052"></trkpt>
<trkpt lat="45.888906" lon="-73.880678"></trkpt>
<trkpt lat="45.889277" lon="-73.880203"></trkpt>
<trkpt lat="45.889454" lon="-73.879966"></trkpt>
<trkpt lat="45.889610" lon="-73.879873"></trkpt>
<trkpt lat="45.889772" lon="-73.879882"></trkpt>
<trkpt lat="45.890121" lon="-73.880023"></trkpt>
<trkpt lat="45.890684" lon="-73.880191"></trkpt>
<trkpt lat="45.891183" lon="-73.880239"></trkpt>
<trkpt lat="45.892073" lon="-73.880353"></trkpt>
<trkpt lat="45.892994" lon="-73.880381"></trkpt>
<trkpt lat="45.893227" lon="-73.880562"></trkpt>
<trkpt lat="45.893549" lon="-73.881090"></trkpt>
<trkpt lat="45.894057" lon="-73.881622"></trkpt>
<trkpt lat="45.894647" lon="-73.882161"></trkpt>
<trkpt lat="45.894971" lon="-73.882381"></trkpt>
<trkpt lat="45.896207" lon="-73.883071"></trkpt>
<trkpt lat="45.896639" lon="-73.883344"></trkpt>
<trkpt lat="45.897010" lon="-73.883511"></trkpt>
<trkpt lat="45.897454" lon="-73.883630"></trkpt>
<trkpt lat="45.898077" lon="-73.883744"></trkpt>
<trkpt lat="45.898607" lon="-73.883951"></trkpt>
<trkpt lat="45.899125" lon="-73.884334"></trkpt>
<trkpt lat="45.899588" lon="-73.884595"></trkpt>
<trkpt lat="45.900004" lon="-73.884731"></trkpt>
<trkpt lat="45.900294" lon="-73.884725"></trkpt>
<trkpt lat="45.900997" lon="-73.884392"></trkpt>
<trkpt lat="45.901464" lon="-73.884133"></trkpt>
<trkpt lat="45.901923" lon="-73.884468"></trkpt>
<trkpt lat="45.902358" lon="-73.884847"></trkpt>
<trkpt lat="45.902998" lon="-73.885342"></trkpt>
<trkpt lat="45.903254" lon="-73.885494"></trkpt>
<trkpt lat="45.903460" lon="-73.885513"></trkpt>
<trkpt lat="45.903606" lon="-73.885407"></trkpt>
<trkpt lat="45.903795" lon="-73.885160"></trkpt>
<trkpt lat="45.904101" lon="-73.884748"></trkpt>
<trkpt lat="45.904266" lon="-73.884624"></trkpt>
<trkpt lat="45.904337" lon="-73.884633"></trkpt>
<trkpt lat="45.904542" lon="-73.884761"></trkpt>
<trkpt lat="45.904965" lon="-73.885100"></trkpt>
<trkpt lat="45.905299" lon="-73.885408"></trkpt>
<trkpt lat="45.907204" lon="-73.887456"></trkpt>
<trkpt lat="45.907428" lon="-73.887625"></trkpt>
<trkpt lat="45.907959" lon="-73.887877"></trkpt>
<trkpt lat="45.908615" lon="-73.888129"></trkpt>
<trkpt lat="45.908901" lon="-73.888318"></trkpt>
<trkpt lat="45.909507" lon="-73.889019"></trkpt>
<trkpt lat="45.909899" lon="-73.889428"></trkpt>
<trkpt lat="45.910328" lon="-73.889826"></trkpt>
<trkpt lat="45.910659" lon="-73.890041"></trkpt>
<trkpt lat="45.911642" lon="-73.890187"></trkpt>
<trkpt lat="45.912699" lon="-73.890284"></trkpt>
<trkpt lat="45.913485" lon="-73.890394"></trkpt>
<trkpt lat="45.914447" lon="-73.890350"></trkpt>
<trkpt lat="45.914686" lon="-73.890385"></trkpt>
<trkpt lat="45.914836" lon="-73.890456"></trkpt>
<trkpt lat="45.915130" lon="-73.890742"></trkpt>
<trkpt lat="45.916857" lon="-73.893485"></trkpt>
<trkpt lat="45.917437" lon="-73.894361"></trkpt>
<trkpt lat="45.918162" lon="-73.895458"></trkpt>
<trkpt lat="45.916373" lon="-73.898143"></trkpt>
<trkpt lat="45.914934" lon="-73.900373"></trkpt>
<trkpt lat="45.914678" lon="-73.900628"></trkpt>
<trkpt lat="45.914515" lon="-73.900707"></trkpt>
<trkpt lat="45.914365" lon="-73.900703"></trkpt>
<trkpt lat="45.914183" lon="-73.900611"></trkpt>
<trkpt lat="45.913691" lon="-73.900249"></trkpt>
<trkpt lat="45.913507" lon="-73.900211"></trkpt>
<trkpt lat="45.913274" lon="-73.900251"></trkpt>
<trkpt lat="45.911140" lon="-73.901427"></trkpt>
<trkpt lat="45.911026" lon="-73.901552"></trkpt>
<trkpt lat="45.910958" lon="-73.901674"></trkpt>
<trkpt lat="45.910902" lon="-73.901996"></trkpt>
<trkpt lat="45.910851" lon="-73.902236"></trkpt>
<trkpt lat="45.910542" lon="-73.903695"></trkpt>
<trkpt lat="45.910415" lon="-73.904430"></trkpt>
<trkpt lat="45.910360" lon="-73.904972"></trkpt>
<trkpt lat="45.910354" lon="-73.905284"></trkpt>
<trkpt lat="45.910381" lon="-73.905494"></trkpt>
<trkpt lat="45.910447" lon="-73.905750"></trkpt>
<trkpt lat="45.910674" lon="-73.906412"></trkpt>
<trkpt lat="45.910741" lon="-73.906783"></trkpt>
<trkpt lat="45.910736" lon="-73.907449"></trkpt>
<trkpt lat="45.910694" lon="-73.907750"></trkpt>
<trkpt lat="45.910562" lon="-73.908181"></trkpt>
<trkpt lat="45.910409" lon="-73.908546"></trkpt>
<trkpt lat="45.910198" lon="-73.908587"></trkpt>
<trkpt lat="45.909997" lon="-73.908529"></trkpt>
<trkpt lat="45.909680" lon="-73.908352"></trkpt>
<trkpt lat="45.909432" lon="-73.908286"></trkpt>
<trkpt lat="45.909291" lon="-73.908313"></trkpt>
<trkpt lat="45.909083" lon="-73.908413"></trkpt>
<trkpt lat="45.908906" lon="-73.908596"></trkpt>
<trkpt lat="45.908190" lon="-73.909557"></trkpt>
<trkpt lat="45.907964" lon="-73.909821"></trkpt>
<trkpt lat="45.907397" lon="-73.910306"></trkpt>
<trkpt lat="45.907144" lon="-73.910687"></trkpt>
<trkpt lat="45.907064" lon="-73.911012"></trkpt>
<trkpt lat="45.906920" lon="-73.911847"></trkpt>
<trkpt lat="45.906823" lon="-73.912580"></trkpt>
<trkpt lat="45.906547" lon="-73.913691"></trkpt>
<trkpt lat="45.906294" lon="-73.914172"></trkpt>
<trkpt lat="45.905828" lon="-73.914647"></trkpt>
<trkpt lat="45.904724" lon="-73.915941"></trkpt>
<trkpt lat="45.903669" lon="-73.917014"></trkpt>
<trkpt lat="45.903655" lon="-73.917031"></trkpt>
<trkpt lat="45.903369" lon="-73.917364"></trkpt>
<trkpt lat="45.903056" lon="-73.917612"></trkpt>
<trkpt lat="45.901366" lon="-73.918614"></trkpt>
<trkpt lat="45.901017" lon="-73.918963"></trkpt>
<trkpt lat="45.900605" lon="-73.919505"></trkpt>
<trkpt lat="45.899934" lon="-73.920637"></trkpt>
<trkpt lat="45.899811" lon="-73.920700"></trkpt>
<trkpt lat="45.899312" lon="-73.920756"></trkpt>
<trkpt lat="45.899087" lon="-73.920910"></trkpt>
<trkpt lat="45.898790" lon="-73.921237"></trkpt>
<trkpt lat="45.898604" lon="-73.921553"></trkpt>
<trkpt lat="45.898449" lon="-73.922018"></trkpt>
<trkpt lat="45.898319" lon="-73.922938"></trkpt>
<trkpt lat="45.898090" lon="-73.923681"></trkpt>
<trkpt lat="45.897917" lon="-73.924119"></trkpt>
<trkpt lat="45.897682" lon="-73.924583"></trkpt>
<trkpt lat="45.896794" lon="-73.925675"></trkpt>
<trkpt lat="45.896004" lon="-73.926441"></trkpt>
<trkpt lat="45.895037" lon="-73.926977"></trkpt>
<trkpt lat="45.894263" lon="-73.927559"></trkpt>
<trkpt lat="45.894067" lon="-73.927795"></trkpt>
<trkpt lat="45.893881" lon="-73.928196"></trkpt>
<trkpt lat="45.893683" lon="-73.929088"></trkpt>
<trkpt lat="45.893534" lon="-73.929538"></trkpt>
<trkpt lat="45.893159" lon="-73.930242"></trkpt>
<trkpt lat="45.892440" lon="-73.931250"></trkpt>
<trkpt lat="45.891661" lon="-73.932022"></trkpt>
<trkpt lat="45.890760" lon="-73.932631"></trkpt>
<trkpt lat="45.889992" lon="-73.933057"></trkpt>
<trkpt lat="45.889584" lon="-73.933468"></trkpt>
<trkpt lat="45.889210" lon="-73.934208"></trkpt>
<trkpt lat="45.888838" lon="-73.935966"></trkpt>
<trkpt lat="45.888596" lon="-73.936423"></trkpt>
<trkpt lat="45.888009" lon="-73.937398"></trkpt>
<trkpt lat="45.888174" lon="-73.937531"></trkpt>
<trkpt lat="45.888534" lon="-73.937880"></trkpt>
<trkpt lat="45.888737" lon="-73.938038"></trkpt>
<trkpt lat="45.888928" lon="-73.938260"></trkpt>
<trkpt lat="45.889819" lon="-73.939608"></trkpt>
<trkpt lat="45.891750" lon="-73.942705"></trkpt>
<trkpt lat="45.892305" lon="-73.943377"></trkpt>
<trkpt lat="45.892418" lon="-73.943436"></trkpt>
<trkpt lat="45.892601" lon="-73.943533"></trkpt>
<trkpt lat="45.892936" lon="-73.943692"></trkpt>
<trkpt lat="45.893677" lon="-73.944195"></trkpt>
<trkpt lat="45.893916" lon="-73.944479"></trkpt>
<trkpt lat="45.894114" lon="-73.944824"></trkpt>
<trkpt lat="45.894229" lon="-73.945391"></trkpt>
<trkpt lat="45.894320" lon="-73.946512"></trkpt>
<trkpt lat="45.894188" lon="-73.947517"></trkpt>
<trkpt lat="45.894053" lon="-73.947798"></trkpt>
<trkpt lat="45.893571" lon="-73.948566"></trkpt>
<trkpt lat="45.893350" lon="-73.948780"></trkpt>
<trkpt lat="45.893004" lon="-73.948992"></trkpt>
<trkpt lat="45.892915" lon="-73.949093"></trkpt>
<trkpt lat="45.892826" lon="-73.949235"></trkpt>
<trkpt lat="45.892609" lon="-73.949928"></trkpt>
<trkpt lat="45.892488" lon="-73.950357"></trkpt>
<trkpt lat="45.892376" lon="-73.950628"></trkpt>
<trkpt lat="45.892163" lon="-73.950915"></trkpt>
<trkpt lat="45.891887" lon="-73.951478"></trkpt>
<trkpt lat="45.891278" lon="-73.953120"></trkpt>
<trkpt lat="45.891275" lon="-73.953226"></trkpt>
<trkpt lat="45.891303" lon="-73.953349"></trkpt>
<trkpt lat="45.891520" lon="-73.954029"></trkpt>
<trkpt lat="45.891610" lon="-73.954424"></trkpt>
<trkpt lat="45.891710" lon="-73.955042"></trkpt>
<trkpt lat="45.891811" lon="-73.955409"></trkpt>
<trkpt lat="45.892367" lon="-73.956043"></trkpt>
<trkpt lat="45.892626" lon="-73.956361"></trkpt>
<trkpt lat="45.893047" lon="-73.956803"></trkpt>
<trkpt lat="45.893616" lon="-73.957175"></trkpt>
<trkpt lat="45.893965" lon="-73.957245"></trkpt>
<trkpt lat="45.894519" lon="-73.957264"></trkpt>
<trkpt lat="45.895272" lon="-73.957179"></trkpt>
<trkpt lat="45.895634" lon="-73.957264"></trkpt>
<trkpt lat="45.896437" lon="-73.957267"></trkpt>
<trkpt lat="45.897612" lon="-73.957042"></trkpt>
<trkpt lat="45.897873" lon="-73.957076"></trkpt>
<trkpt lat="45.898641" lon="-73.957724"></trkpt>
<trkpt lat="45.898838" lon="-73.958247"></trkpt>
<trkpt lat="45.899018" lon="-73.958518"></trkpt>
<trkpt lat="45.899251" lon="-73.958702"></trkpt>
<trkpt lat="45.900206" lon="-73.959400"></trkpt>
<trkpt lat="45.900562" lon="-73.959620"></trkpt>
<trkpt lat="45.901717" lon="-73.960078"></trkpt>
<trkpt lat="45.902843" lon="-73.960629"></trkpt>
<trkpt lat="45.903039" lon="-73.960755"></trkpt>
<trkpt lat="45.903581" lon="-73.961374"></trkpt>
<trkpt lat="45.904254" lon="-73.961970"></trkpt>
<trkpt lat="45.904431" lon="-73.962171"></trkpt>
<trkpt lat="45.904573" lon="-73.962409"></trkpt>
<trkpt lat="45.904595" lon="-73.962627"></trkpt>
<trkpt lat="45.904576" lon="-73.962952"></trkpt>
<trkpt lat="45.904498" lon="-73.963308"></trkpt>
<trkpt lat="45.904333" lon="-73.963722"></trkpt>
<trkpt lat="45.903945" lon="-73.964441"></trkpt>
<trkpt lat="45.903644" lon="-73.965184"></trkpt>
<trkpt lat="45.903528" lon="-73.965427"></trkpt>
<trkpt lat="45.903355" lon="-73.965925"></trkpt>
<trkpt lat="45.903352" lon="-73.966052"></trkpt>
<trkpt lat="45.903371" lon="-73.966138"></trkpt>
<trkpt lat="45.903412" lon="-73.966195"></trkpt>
<trkpt lat="45.903855" lon="-73.966331"></trkpt>
<trkpt lat="45.904054" lon="-73.966444"></trkpt>
<trkpt lat="45.904601" lon="-73.966973"></trkpt>
<trkpt lat="45.904759" lon="-73.967140"></trkpt>
<trkpt lat="45.904972" lon="-73.967475"></trkpt>
<trkpt lat="45.905100" lon="-73.967728"></trkpt>
<trkpt lat="45.905270" lon="-73.967976"></trkpt>
<trkpt lat="45.905479" lon="-73.968168"></trkpt>
<trkpt lat="45.906008" lon="-73.968453"></trkpt>
<trkpt lat="45.906699" lon="-73.968903"></trkpt>
<trkpt lat="45.907052" lon="-73.969068"></trkpt>
<trkpt lat="45.907528" lon="-73.969226"></trkpt>
<trkpt lat="45.908343" lon="-73.969722"></trkpt>
<trkpt lat="45.909094" lon="-73.970072"></trkpt>
<trkpt lat="45.909701" lon="-73.970212"></trkpt>
<trkpt lat="45.909817" lon="-73.970306"></trkpt>
<trkpt lat="45.909959" lon="-73.970520"></trkpt>
<trkpt lat="45.910384" lon="-73.971374"></trkpt>
<trkpt lat="45.910445" lon="-73.971920"></trkpt>
<trkpt lat="45.910645" lon="-73.972825"></trkpt>
<trkpt lat="45.910807" lon="-73.973324"></trkpt>
<trkpt lat="45.911076" lon="-73.974011"></trkpt>
<trkpt lat="45.911184" lon="-73.974153"></trkpt>
<trkpt lat="45.911104" lon="-73.974337"></trkpt>
<trkpt lat="45.910950" lon="-73.974854"></trkpt>
<trkpt lat="45.910939" lon="-73.975373"></trkpt>
<trkpt lat="45.910971" lon="-73.975758"></trkpt>
<trkpt lat="45.910953" lon="-73.975924"></trkpt>
<trkpt lat="45.910900" lon="-73.976087"></trkpt>
<trkpt lat="45.910590" lon="-73.976449"></trkpt>
<trkpt lat="45.909903" lon="-73.977155"></trkpt>
<trkpt lat="45.909785" lon="-73.977250"></trkpt>
<trkpt lat="45.909424" lon="-73.977424"></trkpt>
<trkpt lat="45.909219" lon="-73.977611"></trkpt>
<trkpt lat="45.908856" lon="-73.978284"></trkpt>
<trkpt lat="45.908795" lon="-73.978426"></trkpt>
<trkpt lat="45.908432" lon="-73.979309"></trkpt>
<trkpt lat="45.908018" lon="-73.980110"></trkpt>
<trkpt lat="45.907837" lon="-73.980422"></trkpt>
<trkpt lat="45.907511" lon="-73.980800"></trkpt>
<trkpt lat="45.907124" lon="-73.981363"></trkpt>
<trkpt lat="45.906438" lon="-73.982342"></trkpt>
<trkpt lat="45.906429" lon="-73.982359"></trkpt>
<trkpt lat="45.906120" lon="-73.982954"></trkpt>
<trkpt lat="45.905954" lon="-73.983342"></trkpt>
<trkpt lat="45.905916" lon="-73.983520"></trkpt>
<trkpt lat="45.905816" lon="-73.983640"></trkpt>
<trkpt lat="45.905676" lon="-73.983729"></trkpt>
<trkpt lat="45.905439" lon="-73.983822"></trkpt>
<trkpt lat="45.904996" lon="-73.984013"></trkpt>
<trkpt lat="45.904217" lon="-73.984636"></trkpt>
<trkpt lat="45.904029" lon="-73.984887"></trkpt>
<trkpt lat="45.903852" lon="-73.985063"></trkpt>
<trkpt lat="45.903721" lon="-73.985229"></trkpt>
<trkpt lat="45.903127" lon="-73.986343"></trkpt>
<trkpt lat="45.902749" lon="-73.986904"></trkpt>
<trkpt lat="45.902073" lon="-73.988039"></trkpt>
<trkpt lat="45.901931" lon="-73.988241"></trkpt>
<trkpt lat="45.901662" lon="-73.988498"></trkpt>
<trkpt lat="45.901217" lon="-73.988799"></trkpt>
<trkpt lat="45.900753" lon="-73.989265"></trkpt>
<trkpt lat="45.900445" lon="-73.989553"></trkpt>
<trkpt lat="45.900173" lon="-73.989737"></trkpt>
<trkpt lat="45.899560" lon="-73.990071"></trkpt>
<trkpt lat="45.899293" lon="-73.990371"></trkpt>
<trkpt lat="45.898627" lon="-73.991431"></trkpt>
<trkpt lat="45.898495" lon="-73.991721"></trkpt>
<trkpt lat="45.898184" lon="-73.992774"></trkpt>
<trkpt lat="45.897869" lon="-73.993993"></trkpt>
<trkpt lat="45.897526" lon="-73.994976"></trkpt>
<trkpt lat="45.897466" lon="-73.995245"></trkpt>
<trkpt lat="45.897420" lon="-73.995737"></trkpt>
<trkpt lat="45.897223" lon="-73.997154"></trkpt>
<trkpt lat="45.897193" lon="-73.997829"></trkpt>
<trkpt lat="45.897234" lon="-73.998160"></trkpt>
<trkpt lat="45.897316" lon="-73.998567"></trkpt>
<trkpt lat="45.899409" lon="-73.997667"></trkpt>
<trkpt lat="45.899418" lon="-73.997663"></trkpt>
<trkpt lat="45.899878" lon="-73.997507"></trkpt>
<trkpt lat="45.900163" lon="-73.997420"></trkpt>
<trkpt lat="45.900764" lon="-73.997355"></trkpt>
<trkpt lat="45.901211" lon="-73.997393"></trkpt>
<trkpt lat="45.901846" lon="-73.997614"></trkpt>
<trkpt lat="45.902274" lon="-73.997859"></trkpt>
<trkpt lat="45.902744" lon="-73.998267"></trkpt>
<trkpt lat="45.903159" lon="-73.998763"></trkpt>
<trkpt lat="45.903337" lon="-73.999049"></trkpt>
<trkpt lat="45.903641" lon="-73.999692"></trkpt>
<trkpt lat="45.904898" lon="-74.002411"></trkpt>
<trkpt lat="45.905336" lon="-74.003217"></trkpt>
<trkpt lat="45.905586" lon="-74.003563"></trkpt>
<trkpt lat="45.905738" lon="-74.003777"></trkpt>
<trkpt lat="45.906036" lon="-74.004062"></trkpt>
<trkpt lat="45.906372" lon="-74.004467"></trkpt>
<trkpt lat="45.906696" lon="-74.004787"></trkpt>
<trkpt lat="45.907791" lon="-74.005716"></trkpt>
<trkpt lat="45.910508" lon="-74.007960"></trkpt>
<trkpt lat="45.910878" lon="-74.008295"></trkpt>
<trkpt lat="45.911218" lon="-74.008719"></trkpt>
<trkpt lat="45.911581" lon="-74.009318"></trkpt>
<trkpt lat="45.911871" lon="-74.009890"></trkpt>
<trkpt lat="45.912295" lon="-74.010908"></trkpt>
<trkpt lat="45.912877" lon="-74.012411"></trkpt>
<trkpt lat="45.913188" lon="-74.013002"></trkpt>
<trkpt lat="45.913532" lon="-74.013531"></trkpt>
<trkpt lat="45.913874" lon="-74.013955"></trkpt>
<trkpt lat="45.914301" lon="-74.014346"></trkpt>
<trkpt lat="45.914719" lon="-74.014668"></trkpt>
<trkpt lat="45.915209" lon="-74.014945"></trkpt>
<trkpt lat="45.916782" lon="-74.015656"></trkpt>
<trkpt lat="45.917478" lon="-74.015909"></trkpt>
<trkpt lat="45.920282" lon="-74.017036"></trkpt>
<trkpt lat="45.921916" lon="-74.017784"></trkpt>
<trkpt lat="45.922307" lon="-74.018033"></trkpt>
<trkpt lat="45.922716" lon="-74.018361"></trkpt>
<trkpt lat="45.923094" lon="-74.018773"></trkpt>
<trkpt lat="45.923425" lon="-74.019232"></trkpt>
<trkpt lat="45.923705" lon="-74.019724"></trkpt>
<trkpt lat="45.924077" lon="-74.020546"></trkpt>
<trkpt lat="45.924257" lon="-74.020902"></trkpt>
<trkpt lat="45.925448" lon="-74.023367"></trkpt>
<trkpt lat="45.925825" lon="-74.023944"></trkpt>
<trkpt lat="45.926021" lon="-74.024177"></trkpt>
<trkpt lat="45.926293" lon="-74.024445"></trkpt>
<trkpt lat="45.926633" lon="-74.024690"></trkpt>
<trkpt lat="45.928151" lon="-74.025389"></trkpt>
<trkpt lat="45.928590" lon="-74.025564"></trkpt>
<trkpt lat="45.929108" lon="-74.025795"></trkpt>
<trkpt lat="45.929489" lon="-74.025854"></trkpt>
<trkpt lat="45.929894" lon="-74.025663"></trkpt>
<trkpt lat="45.930272" lon="-74.025380"></trkpt>
<trkpt lat="45.930610" lon="-74.025144"></trkpt>
<trkpt lat="45.930839" lon="-74.024961"></trkpt>
<trkpt lat="45.931061" lon="-74.024769"></trkpt>
<trkpt lat="45.931201" lon="-74.024664"></trkpt>
<trkpt lat="45.931370" lon="-74.024524"></trkpt>
<trkpt lat="45.932384" lon="-74.027031"></trkpt>
<trkpt lat="45.932461" lon="-74.027255"></trkpt>
<trkpt lat="45.932605" lon="-74.027751"></trkpt>
<trkpt lat="45.932695" lon="-74.028251"></trkpt>
<trkpt lat="45.932716" lon="-74.029258"></trkpt>
<trkpt lat="45.932800" lon="-74.029743"></trkpt>
<trkpt lat="45.933008" lon="-74.030325"></trkpt>
<trkpt lat="45.933661" lon="-74.032439"></trkpt>
<trkpt lat="45.933829" lon="-74.033039"></trkpt>
<trkpt lat="45.934058" lon="-74.033668"></trkpt>
<trkpt lat="45.934370" lon="-74.034332"></trkpt>
<trkpt lat="45.934523" lon="-74.034577"></trkpt>
<trkpt lat="45.935149" lon="-74.035390"></trkpt>
<trkpt lat="45.935327" lon="-74.035506"></trkpt>
<trkpt lat="45.935580" lon="-74.035521"></trkpt>
<trkpt lat="45.935713" lon="-74.035471"></trkpt>
<trkpt lat="45.936200" lon="-74.035035"></trkpt>
<trkpt lat="45.936497" lon="-74.034882"></trkpt>
<trkpt lat="45.937052" lon="-74.034925"></trkpt>
<trkpt lat="45.937377" lon="-74.035029"></trkpt>
<trkpt lat="45.937884" lon="-74.035299"></trkpt>
<trkpt lat="45.939149" lon="-74.036220"></trkpt>
<trkpt lat="45.939353" lon="-74.036503"></trkpt>
<trkpt lat="45.939686" lon="-74.036895"></trkpt>
<trkpt lat="45.940213" lon="-74.038002"></trkpt>
<trkpt lat="45.940298" lon="-74.038228"></trkpt>
<trkpt lat="45.940418" lon="-74.038643"></trkpt>
<trkpt lat="45.940492" lon="-74.039043"></trkpt>
<trkpt lat="45.940674" lon="-74.039454"></trkpt>
<trkpt lat="45.940842" lon="-74.039727"></trkpt>
<trkpt lat="45.941103" lon="-74.040334"></trkpt>
<trkpt lat="45.941657" lon="-74.042487"></trkpt>
<trkpt lat="45.942272" lon="-74.044136"></trkpt>
<trkpt lat="45.942476" lon="-74.044480"></trkpt>
<trkpt lat="45.942672" lon="-74.044748"></trkpt>
<trkpt lat="45.942912" lon="-74.044935"></trkpt>
<trkpt lat="45.943275" lon="-74.045012"></trkpt>
<trkpt lat="45.943391" lon="-74.045066"></trkpt>
<trkpt lat="45.943630" lon="-74.045262"></trkpt>
<trkpt lat="45.944136" lon="-74.045792"></trkpt>
<trkpt lat="45.944346" lon="-74.045936"></trkpt>
<trkpt lat="45.944514" lon="-74.045987"></trkpt>
<trkpt lat="45.945141" lon="-74.046038"></trkpt>
<trkpt lat="45.945624" lon="-74.046138"></trkpt>
<trkpt lat="45.945802" lon="-74.046154"></trkpt>
<trkpt lat="45.946419" lon="-74.046463"></trkpt>
<trkpt lat="45.947466" lon="-74.046811"></trkpt>
<trkpt lat="45.947709" lon="-74.046855"></trkpt>
<trkpt lat="45.947861" lon="-74.046932"></trkpt>
<trkpt lat="45.948173" lon="-74.046986"></trkpt>
<trkpt lat="45.949102" lon="-74.047020"></trkpt>
<trkpt lat="45.949722" lon="-74.047126"></trkpt>
<trkpt lat="45.950334" lon="-74.047020"></trkpt>
<trkpt lat="45.950547" lon="-74.046989"></trkpt>
<trkpt lat="45.951287" lon="-74.047011"></trkpt>
<trkpt lat="45.952776" lon="-74.047275"></trkpt>
<trkpt lat="45.953189" lon="-74.047371"></trkpt>
<trkpt lat="45.953591" lon="-74.047422"></trkpt>
<trkpt lat="45.954085" lon="-74.047442"></trkpt>
<trkpt lat="45.954532" lon="-74.047282"></trkpt>
<trkpt lat="45.955751" lon="-74.046768"></trkpt>
<trkpt lat="45.957164" lon="-74.045949"></trkpt>
<trkpt lat="45.958439" lon="-74.047813"></trkpt>
<trkpt lat="45.959305" lon="-74.050010"></trkpt>
<trkpt lat="45.959456" lon="-74.050223"></trkpt>
<trkpt lat="45.959888" lon="-74.050723"></trkpt>
<trkpt lat="45.960225" lon="-74.051104"></trkpt>
<trkpt lat="45.960631" lon="-74.051611"></trkpt>
<trkpt lat="45.961071" lon="-74.051862"></trkpt>
<trkpt lat="45.961322" lon="-74.051707"></trkpt>
<trkpt lat="45.961721" lon="-74.051342"></trkpt>
<trkpt lat="45.961874" lon="-74.051185"></trkpt>
<trkpt lat="45.962259" lon="-74.050893"></trkpt>
<trkpt lat="45.962545" lon="-74.050829"></trkpt>
<trkpt lat="45.962787" lon="-74.050819"></trkpt>
<trkpt lat="45.963056" lon="-74.050866"></trkpt>
<trkpt lat="45.963927" lon="-74.051256"></trkpt>
<trkpt lat="45.964223" lon="-74.051339"></trkpt>
<trkpt lat="45.965196" lon="-74.051297"></trkpt>
<trkpt lat="45.965562" lon="-74.051393"></trkpt>
<trkpt lat="45.965745" lon="-74.051509"></trkpt>
<trkpt lat="45.966595" lon="-74.052261"></trkpt>
<trkpt lat="45.967039" lon="-74.052564"></trkpt>
<trkpt lat="45.967968" lon="-74.053457"></trkpt>
<trkpt lat="45.968213" lon="-74.053778"></trkpt>
<trkpt lat="45.968898" lon="-74.054954"></trkpt>
<trkpt lat="45.969441" lon="-74.055814"></trkpt>
<trkpt lat="45.969881" lon="-74.056357"></trkpt>
<trkpt lat="45.970389" lon="-74.056837"></trkpt>
<trkpt lat="45.970875" lon="-74.057195"></trkpt>
<trkpt lat="45.971137" lon="-74.057305"></trkpt>
<trkpt lat="45.972232" lon="-74.057595"></trkpt>
<trkpt lat="45.973090" lon="-74.057922"></trkpt>
<trkpt lat="45.974308" lon="-74.058321"></trkpt>
<trkpt lat="45.974697" lon="-74.058534"></trkpt>
<trkpt lat="45.975304" lon="-74.059027"></trkpt>
<trkpt lat="45.975649" lon="-74.059370"></trkpt>
<trkpt lat="45.976149" lon="-74.060007"></trkpt>
<trkpt lat="45.976660" lon="-74.060889"></trkpt>
<trkpt lat="45.977344" lon="-74.061962"></trkpt>
<trkpt lat="45.978108" lon="-74.062904"></trkpt>
<trkpt lat="45.978562" lon="-74.063387"></trkpt>
<trkpt lat="45.979070" lon="-74.063895"></trkpt>
<trkpt lat="45.979310" lon="-74.064049"></trkpt>
<trkpt lat="45.979982" lon="-74.064339"></trkpt>
<trkpt lat="45.980215" lon="-74.064474"></trkpt>
<trkpt lat="45.980540" lon="-74.064730"></trkpt>
<trkpt lat="45.980740" lon="-74.064834"></trkpt>
<trkpt lat="45.980918" lon="-74.064872"></trkpt>
<trkpt lat="45.981285" lon="-74.064807"></trkpt>
<trkpt lat="45.981579" lon="-74.064705"></trkpt>
<trkpt lat="45.982747" lon="-74.064479"></trkpt>
<trkpt lat="45.983241" lon="-74.064328"></trkpt>
<trkpt lat="45.983886" lon="-74.063943"></trkpt>
<trkpt lat="45.984475" lon="-74.063404"></trkpt>
<trkpt lat="45.984771" lon="-74.063205"></trkpt>
<trkpt lat="45.985031" lon="-74.063084"></trkpt>
<trkpt lat="45.985451" lon="-74.062819"></trkpt>
<trkpt lat="45.986568" lon="-74.061780"></trkpt>
<trkpt lat="45.986837" lon="-74.061608"></trkpt>
<trkpt lat="45.988190" lon="-74.061209"></trkpt>
<trkpt lat="45.988461" lon="-74.061031"></trkpt>
<trkpt lat="45.988676" lon="-74.060937"></trkpt>
<trkpt lat="45.988901" lon="-74.060940"></trkpt>
<trkpt lat="45.989091" lon="-74.061014"></trkpt>
<trkpt lat="45.989843" lon="-74.061647"></trkpt>
<trkpt lat="45.990414" lon="-74.062090"></trkpt>
<trkpt lat="45.990585" lon="-74.062177"></trkpt>
<trkpt lat="45.990721" lon="-74.062201"></trkpt>
<trkpt lat="45.991412" lon="-74.062047"></trkpt>
<trkpt lat="45.991908" lon="-74.062103"></trkpt>
<trkpt lat="45.992205" lon="-74.062085"></trkpt>
<trkpt lat="45.992348" lon="-74.061980"></trkpt>
<trkpt lat="45.993143" lon="-74.060668"></trkpt>
<trkpt lat="45.993412" lon="-74.059999"></trkpt>
<trkpt lat="45.993732" lon="-74.059593"></trkpt>
<trkpt lat="45.994041" lon="-74.059337"></trkpt>
<trkpt lat="45.994763" lon="-74.059059"></trkpt>
<trkpt lat="45.995120" lon="-74.058756"></trkpt>
<trkpt lat="45.995334" lon="-74.058494"></trkpt>
<trkpt lat="45.995726" lon="-74.057919"></trkpt>
<trkpt lat="45.996135" lon="-74.057409"></trkpt>
<trkpt lat="45.997042" lon="-74.056037"></trkpt>
<trkpt lat="45.998497" lon="-74.054093"></trkpt>
<trkpt lat="46.000002" lon="-74.051972"></trkpt>
<trkpt lat="46.000584" lon="-74.051147"></trkpt>
<trkpt lat="46.000923" lon="-74.050818"></trkpt>
<trkpt lat="46.001647" lon="-74.050199"></trkpt>
<trkpt lat="46.002146" lon="-74.049635"></trkpt>
<trkpt lat="46.003010" lon="-74.048509"></trkpt>
<trkpt lat="46.003622" lon="-74.047492"></trkpt>
<trkpt lat="46.003987" lon="-74.046982"></trkpt>
<trkpt lat="46.004538" lon="-74.046133"></trkpt>
<trkpt lat="46.004929" lon="-74.045467"></trkpt>
<trkpt lat="46.005079" lon="-74.045142"></trkpt>
<trkpt lat="46.005307" lon="-74.044415"></trkpt>
<trkpt lat="46.005369" lon="-74.044310"></trkpt>
<trkpt lat="46.005556" lon="-74.044074"></trkpt>
<trkpt lat="46.005699" lon="-74.044007"></trkpt>
<trkpt lat="46.005862" lon="-74.044031"></trkpt>
<trkpt lat="46.005980" lon="-74.044171"></trkpt>
<trkpt lat="46.006127" lon="-74.044478"></trkpt>
<trkpt lat="46.006191" lon="-74.044722"></trkpt>
<trkpt lat="46.006298" lon="-74.045560"></trkpt>
<trkpt lat="46.006400" lon="-74.045933"></trkpt>
<trkpt lat="46.006492" lon="-74.046164"></trkpt>
<trkpt lat="46.006783" lon="-74.046572"></trkpt>
<trkpt lat="46.006957" lon="-74.046931"></trkpt>
<trkpt lat="46.007041" lon="-74.047330"></trkpt>
<trkpt lat="46.007147" lon="-74.048180"></trkpt>
<trkpt lat="46.007323" lon="-74.048784"></trkpt>
<trkpt lat="46.007544" lon="-74.049336"></trkpt>
<trkpt lat="46.007622" lon="-74.049480"></trkpt>
<trkpt lat="46.007800" lon="-74.049809"></trkpt>
<trkpt lat="46.008055" lon="-74.050180"></trkpt>
<trkpt lat="46.008699" lon="-74.050776"></trkpt>
<trkpt lat="46.009016" lon="-74.051003"></trkpt>
<trkpt lat="46.009233" lon="-74.051090"></trkpt>
<trkpt lat="46.009990" lon="-74.051283"></trkpt>
<trkpt lat="46.010396" lon="-74.051341"></trkpt>
<trkpt lat="46.010542" lon="-74.051326"></trkpt>
<trkpt lat="46.011142" lon="-74.051264"></trkpt>
<trkpt lat="46.011403" lon="-74.051259"></trkpt>
<trkpt lat="46.011782" lon="-74.051304"></trkpt>
<trkpt lat="46.012385" lon="-74.051383"></trkpt>
<trkpt lat="46.013079" lon="-74.051476"></trkpt>
<trkpt lat="46.014115" lon="-74.051536"></trkpt>
<trkpt lat="46.014620" lon="-74.051669"></trkpt>
<trkpt lat="46.015197" lon="-74.051879"></trkpt>
<trkpt lat="46.015505" lon="-74.052039"></trkpt>
<trkpt lat="46.015984" lon="-74.052330"></trkpt>
<trkpt lat="46.016356" lon="-74.052634"></trkpt>
<trkpt lat="46.016773" lon="-74.053002"></trkpt>
<trkpt lat="46.018851" lon="-74.053935"></trkpt>
<trkpt lat="46.019501" lon="-74.054170"></trkpt>
<trkpt lat="46.019824" lon="-74.054138"></trkpt>
<trkpt lat="46.020075" lon="-74.053992"></trkpt>
<trkpt lat="46.020307" lon="-74.053781"></trkpt>
<trkpt lat="46.020424" lon="-74.053616"></trkpt>
<trkpt lat="46.020539" lon="-74.053454"></trkpt>
<trkpt lat="46.021097" lon="-74.052398"></trkpt>
<trkpt lat="46.021185" lon="-74.052151"></trkpt>
<trkpt lat="46.021257" lon="-74.051129"></trkpt>
<trkpt lat="46.021283" lon="-74.050987"></trkpt>
<trkpt lat="46.021406" lon="-74.050558"></trkpt>
<trkpt lat="46.021634" lon="-74.049921"></trkpt>
<trkpt lat="46.021865" lon="-74.049465"></trkpt>
<trkpt lat="46.022168" lon="-74.049085"></trkpt>
<trkpt lat="46.022748" lon="-74.048571"></trkpt>
<trkpt lat="46.023773" lon="-74.047951"></trkpt>
<trkpt lat="46.024056" lon="-74.047800"></trkpt>
<trkpt lat="46.024281" lon="-74.047770"></trkpt>
<trkpt lat="46.024539" lon="-74.047824"></trkpt>
<trkpt lat="46.024967" lon="-74.048017"></trkpt>
<trkpt lat="46.025265" lon="-74.048205"></trkpt>
<trkpt lat="46.025447" lon="-74.048409"></trkpt>
<trkpt lat="46.025914" lon="-74.049422"></trkpt>
<trkpt lat="46.026133" lon="-74.049741"></trkpt>
<trkpt lat="46.026932" lon="-74.050580"></trkpt>
<trkpt lat="46.028201" lon="-74.051606"></trkpt>
<trkpt lat="46.028309" lon="-74.051693"></trkpt>
<trkpt lat="46.029325" lon="-74.053024"></trkpt>
<trkpt lat="46.029441" lon="-74.053194"></trkpt>
<trkpt lat="46.029761" lon="-74.053495"></trkpt>
<trkpt lat="46.030538" lon="-74.054091"></trkpt>
<trkpt lat="46.030825" lon="-74.054441"></trkpt>
<trkpt lat="46.030984" lon="-74.054714"></trkpt>
<trkpt lat="46.031100" lon="-74.055120"></trkpt>
<trkpt lat="46.031248" lon="-74.055924"></trkpt>
<trkpt lat="46.031252" lon="-74.055946"></trkpt>
<trkpt lat="46.031308" lon="-74.056225"></trkpt>
<trkpt lat="46.031457" lon="-74.056782"></trkpt>
<trkpt lat="46.031858" lon="-74.057461"></trkpt>
<trkpt lat="46.032387" lon="-74.058227"></trkpt>
<trkpt lat="46.032821" lon="-74.058874"></trkpt>
<trkpt lat="46.033379" lon="-74.059474"></trkpt>
<trkpt lat="46.033496" lon="-74.059645"></trkpt>
<trkpt lat="46.033606" lon="-74.059886"></trkpt>
<trkpt lat="46.033735" lon="-74.060280"></trkpt>
<trkpt lat="46.033932" lon="-74.061173"></trkpt>
<trkpt lat="46.034045" lon="-74.061401"></trkpt>
<trkpt lat="46.034631" lon="-74.062200"></trkpt>
<trkpt lat="46.034710" lon="-74.062400"></trkpt>
<trkpt lat="46.034838" lon="-74.063005"></trkpt>
<trkpt lat="46.034976" lon="-74.063326"></trkpt>
<trkpt lat="46.035122" lon="-74.063556"></trkpt>
<trkpt lat="46.035640" lon="-74.064168"></trkpt>
<trkpt lat="46.035953" lon="-74.064588"></trkpt>
<trkpt lat="46.040067" lon="-74.070108"></trkpt>
<trkpt lat="46.040731" lon="-74.070959"></trkpt>
<trkpt lat="46.040977" lon="-74.071178"></trkpt>
<trkpt lat="46.041314" lon="-74.071398"></trkpt>
<trkpt lat="46.041775" lon="-74.071599"></trkpt>
<trkpt lat="46.042434" lon="-74.071730"></trkpt>
<trkpt lat="46.043872" lon="-74.071867"></trkpt>
<trkpt lat="46.044209" lon="-74.072011"></trkpt>
<trkpt lat="46.044661" lon="-74.072275"></trkpt>
<trkpt lat="46.045286" lon="-74.072742"></trkpt>
<trkpt lat="46.045704" lon="-74.073239"></trkpt>
<trkpt lat="46.047328" lon="-74.075965"></trkpt>
<trkpt lat="46.047646" lon="-74.076374"></trkpt>
<trkpt lat="46.047964" lon="-74.076717"></trkpt>
<trkpt lat="46.048453" lon="-74.077084"></trkpt>
<trkpt lat="46.048510" lon="-74.077115"></trkpt>
<trkpt lat="46.048589" lon="-74.077158"></trkpt>
<trkpt lat="46.048824" lon="-74.077285"></trkpt>
<trkpt lat="46.049320" lon="-74.077444"></trkpt>
<trkpt lat="46.049906" lon="-74.077551"></trkpt>
<trkpt lat="46.051455" lon="-74.077706"></trkpt>
<trkpt lat="46.052194" lon="-74.077836"></trkpt>
<trkpt lat="46.052560" lon="-74.077981"></trkpt>
<trkpt lat="46.053309" lon="-74.078480"></trkpt>
<trkpt lat="46.053388" lon="-74.078540"></trkpt>
<trkpt lat="46.053558" lon="-74.078715"></trkpt>
<trkpt lat="46.053870" lon="-74.079114"></trkpt>
<trkpt lat="46.054827" lon="-74.080425"></trkpt>
<trkpt lat="46.054951" lon="-74.080596"></trkpt>
<trkpt lat="46.055417" lon="-74.081234"></trkpt>
<trkpt lat="46.056316" lon="-74.082496"></trkpt>
<trkpt lat="46.057711" lon="-74.084454"></trkpt>
<trkpt lat="46.058538" lon="-74.085526"></trkpt>
<trkpt lat="46.058809" lon="-74.085664"></trkpt>
<trkpt lat="46.059116" lon="-74.085711"></trkpt>
<trkpt lat="46.059431" lon="-74.085706"></trkpt>
<trkpt lat="46.059584" lon="-74.085690"></trkpt>
<trkpt lat="46.060158" lon="-74.085448"></trkpt>
<trkpt lat="46.060473" lon="-74.085455"></trkpt>
<trkpt lat="46.060888" lon="-74.085630"></trkpt>
<trkpt lat="46.061268" lon="-74.085908"></trkpt>
<trkpt lat="46.061512" lon="-74.086033"></trkpt>
<trkpt lat="46.061891" lon="-74.086117"></trkpt>
<trkpt lat="46.062404" lon="-74.086161"></trkpt>
<trkpt lat="46.062693" lon="-74.086246"></trkpt>
<trkpt lat="46.062865" lon="-74.086360"></trkpt>
<trkpt lat="46.063047" lon="-74.086577"></trkpt>
<trkpt lat="46.063229" lon="-74.086819"></trkpt>
<trkpt lat="46.063538" lon="-74.087241"></trkpt>
<trkpt lat="46.064749" lon="-74.088915"></trkpt>
<trkpt lat="46.065676" lon="-74.090115"></trkpt>
<trkpt lat="46.067332" lon="-74.092350"></trkpt>
<trkpt lat="46.067833" lon="-74.093066"></trkpt>
<trkpt lat="46.068116" lon="-74.093579"></trkpt>
<trkpt lat="46.068421" lon="-74.094647"></trkpt>
<trkpt lat="46.068683" lon="-74.095833"></trkpt>
<trkpt lat="46.069040" lon="-74.096693"></trkpt>
<trkpt lat="46.069251" lon="-74.097129"></trkpt>
<trkpt lat="46.069506" lon="-74.097526"></trkpt>
<trkpt lat="46.070086" lon="-74.098085"></trkpt>
<trkpt lat="46.070403" lon="-74.098326"></trkpt>
<trkpt lat="46.071256" lon="-74.099127"></trkpt>
<trkpt lat="46.071373" lon="-74.099189"></trkpt>
<trkpt lat="46.071625" lon="-74.099224"></trkpt>
<trkpt lat="46.072174" lon="-74.099189"></trkpt>
<trkpt lat="46.072310" lon="-74.099252"></trkpt>
<trkpt lat="46.072491" lon="-74.099417"></trkpt>
<trkpt lat="46.072664" lon="-74.099621"></trkpt>
<trkpt lat="46.073101" lon="-74.100248"></trkpt>
<trkpt lat="46.073174" lon="-74.100402"></trkpt>
<trkpt lat="46.073349" lon="-74.100916"></trkpt>
<trkpt lat="46.073504" lon="-74.101211"></trkpt>
<trkpt lat="46.073713" lon="-74.101440"></trkpt>
<trkpt lat="46.074393" lon="-74.102037"></trkpt>
<trkpt lat="46.074819" lon="-74.102535"></trkpt>
<trkpt lat="46.075912" lon="-74.104069"></trkpt>
<trkpt lat="46.077349" lon="-74.105972"></trkpt>
<trkpt lat="46.078432" lon="-74.107507"></trkpt>
<trkpt lat="46.078577" lon="-74.107660"></trkpt>
<trkpt lat="46.078695" lon="-74.107852"></trkpt>
<trkpt lat="46.079232" lon="-74.108554"></trkpt>
<trkpt lat="46.079987" lon="-74.109642"></trkpt>
<trkpt lat="46.083425" lon="-74.114255"></trkpt>
<trkpt lat="46.084135" lon="-74.115266"></trkpt>
<trkpt lat="46.087127" lon="-74.119305"></trkpt>
<trkpt lat="46.087491" lon="-74.119804"></trkpt>
<trkpt lat="46.087874" lon="-74.120432"></trkpt>
<trkpt lat="46.088619" lon="-74.121712"></trkpt>
<trkpt lat="46.089140" lon="-74.122570"></trkpt>
<trkpt lat="46.089626" lon="-74.123496"></trkpt>
<trkpt lat="46.089937" lon="-74.124202"></trkpt>
<trkpt lat="46.090479" lon="-74.125617"></trkpt>
<trkpt lat="46.090973" lon="-74.126721"></trkpt>
<trkpt lat="46.092719" lon="-74.130173"></trkpt>
<trkpt lat="46.094477" lon="-74.132927"></trkpt>
<trkpt lat="46.095966" lon="-74.135828"></trkpt>
<trkpt lat="46.100645" lon="-74.145238"></trkpt>
<trkpt lat="46.100855" lon="-74.145713"></trkpt>
<trkpt lat="46.101507" lon="-74.147398"></trkpt>
<trkpt lat="46.101673" lon="-74.147991"></trkpt>
<trkpt lat="46.101801" lon="-74.148261"></trkpt>
<trkpt lat="46.101991" lon="-74.148413"></trkpt>
<trkpt lat="46.102208" lon="-74.148461"></trkpt>
<trkpt lat="46.102460" lon="-74.148432"></trkpt>
<trkpt lat="46.102891" lon="-74.148438"></trkpt>
<trkpt lat="46.103225" lon="-74.148472"></trkpt>
<trkpt lat="46.103549" lon="-74.148557"></trkpt>
<trkpt lat="46.103829" lon="-74.148682"></trkpt>
<trkpt lat="46.104119" lon="-74.148898"></trkpt>
<trkpt lat="46.104926" lon="-74.149765"></trkpt>
<trkpt lat="46.105316" lon="-74.150083"></trkpt>
<trkpt lat="46.105605" lon="-74.150272"></trkpt>
<trkpt lat="46.108201" lon="-74.152031"></trkpt>
<trkpt lat="46.108763" lon="-74.152501"></trkpt>
<trkpt lat="46.109143" lon="-74.152780"></trkpt>
<trkpt lat="46.109441" lon="-74.152892"></trkpt>
<trkpt lat="46.109747" lon="-74.152874"></trkpt>
<trkpt lat="46.110330" lon="-74.152697"></trkpt>
<trkpt lat="46.110951" lon="-74.152584"></trkpt>
<trkpt lat="46.111554" lon="-74.152653"></trkpt>
<trkpt lat="46.112519" lon="-74.152923"></trkpt>
<trkpt lat="46.112753" lon="-74.152945"></trkpt>
<trkpt lat="46.113914" lon="-74.152888"></trkpt>
<trkpt lat="46.114247" lon="-74.152922"></trkpt>
<trkpt lat="46.114726" lon="-74.153122"></trkpt>
<trkpt lat="46.115069" lon="-74.153349"></trkpt>
<trkpt lat="46.115323" lon="-74.153617"></trkpt>
<trkpt lat="46.115796" lon="-74.154218"></trkpt>
<trkpt lat="46.116497" lon="-74.155295"></trkpt>
<trkpt lat="46.116814" lon="-74.155678"></trkpt>
<trkpt lat="46.117367" lon="-74.156187"></trkpt>
<trkpt lat="46.117593" lon="-74.156352"></trkpt>
<trkpt lat="46.118452" lon="-74.156818"></trkpt>
<trkpt lat="46.118705" lon="-74.156918"></trkpt>
<trkpt lat="46.119985" lon="-74.157273"></trkpt>
<trkpt lat="46.120491" lon="-74.157460"></trkpt>
<trkpt lat="46.120762" lon="-74.157650"></trkpt>
<trkpt lat="46.121252" lon="-74.158108"></trkpt>
<trkpt lat="46.121377" lon="-74.158259"></trkpt>
<trkpt lat="46.122132" lon="-74.159169"></trkpt>
<trkpt lat="46.124916" lon="-74.162881"></trkpt>
<trkpt lat="46.125768" lon="-74.163955"></trkpt>
<trkpt lat="46.126386" lon="-74.164890"></trkpt>
<trkpt lat="46.126688" lon="-74.165442"></trkpt>
<trkpt lat="46.126935" lon="-74.166086"></trkpt>
<trkpt lat="46.127046" lon="-74.166498"></trkpt>
<trkpt lat="46.127196" lon="-74.167247"></trkpt>
<trkpt lat="46.127375" lon="-74.168357"></trkpt>
<trkpt lat="46.127594" lon="-74.170024"></trkpt>
<trkpt lat="46.127791" lon="-74.172712"></trkpt>
<trkpt lat="46.127835" lon="-74.173515"></trkpt>
<trkpt lat="46.127803" lon="-74.174065"></trkpt>
<trkpt lat="46.127647" lon="-74.174942"></trkpt>
<trkpt lat="46.127579" lon="-74.175487"></trkpt>
<trkpt lat="46.127615" lon="-74.176085"></trkpt>
<trkpt lat="46.127625" lon="-74.176226"></trkpt>
<trkpt lat="46.127802" lon="-74.177645"></trkpt>
<trkpt lat="46.127857" lon="-74.177864"></trkpt>
<trkpt lat="46.127949" lon="-74.178096"></trkpt>
<trkpt lat="46.128476" lon="-74.178826"></trkpt>
<trkpt lat="46.129504" lon="-74.180201"></trkpt>
<trkpt lat="46.129567" lon="-74.180285"></trkpt>
<trkpt lat="46.129699" lon="-74.180456"></trkpt>
<trkpt lat="46.130121" lon="-74.181002"></trkpt>
<trkpt lat="46.131423" lon="-74.182732"></trkpt>
<trkpt lat="46.132074" lon="-74.183536"></trkpt>
<trkpt lat="46.132427" lon="-74.183862"></trkpt>
<trkpt lat="46.133312" lon="-74.184256"></trkpt>
<trkpt lat="46.133730" lon="-74.184729"></trkpt>
<trkpt lat="46.133994" lon="-74.185165"></trkpt>
<trkpt lat="46.134131" lon="-74.185500"></trkpt>
<trkpt lat="46.134428" lon="-74.186421"></trkpt>
<trkpt lat="46.134526" lon="-74.186620"></trkpt>
<trkpt lat="46.134953" lon="-74.187170"></trkpt>
<trkpt lat="46.135543" lon="-74.187822"></trkpt>
<trkpt lat="46.135833" lon="-74.188154"></trkpt>
<trkpt lat="46.136757" lon="-74.188930"></trkpt>
<trkpt lat="46.137019" lon="-74.189082"></trkpt>
<trkpt lat="46.137118" lon="-74.189106"></trkpt>
<trkpt lat="46.137569" lon="-74.189113"></trkpt>
<trkpt lat="46.138062" lon="-74.188989"></trkpt>
<trkpt lat="46.138942" lon="-74.188614"></trkpt>
<trkpt lat="46.141195" lon="-74.187817"></trkpt>
<trkpt lat="46.141724" lon="-74.187602"></trkpt>
<trkpt lat="46.142003" lon="-74.187546"></trkpt>
<trkpt lat="46.142265" lon="-74.187646"></trkpt>
<trkpt lat="46.142889" lon="-74.188141"></trkpt>
<trkpt lat="46.143622" lon="-74.188597"></trkpt>
<trkpt lat="46.144333" lon="-74.188690"></trkpt>
<trkpt lat="46.145116" lon="-74.188614"></trkpt>
<trkpt lat="46.145412" lon="-74.188519"></trkpt>
<trkpt lat="46.146093" lon="-74.188133"></trkpt>
<trkpt lat="46.146879" lon="-74.187913"></trkpt>
<trkpt lat="46.147170" lon="-74.187871"></trkpt>
<trkpt lat="46.147389" lon="-74.187932"></trkpt>
<trkpt lat="46.147560" lon="-74.188034"></trkpt>
<trkpt lat="46.147678" lon="-74.188187"></trkpt>
<trkpt lat="46.147788" lon="-74.188484"></trkpt>
<trkpt lat="46.147844" lon="-74.188742"></trkpt>
<trkpt lat="46.147890" lon="-74.188935"></trkpt>
<trkpt lat="46.147991" lon="-74.189180"></trkpt>
<trkpt lat="46.148327" lon="-74.189680"></trkpt>
<trkpt lat="46.148581" lon="-74.189935"></trkpt>
<trkpt lat="46.148952" lon="-74.190189"></trkpt>
<trkpt lat="46.150486" lon="-74.190827"></trkpt>
<trkpt lat="46.150956" lon="-74.191105"></trkpt>
<trkpt lat="46.152825" lon="-74.191971"></trkpt>
<trkpt lat="46.153548" lon="-74.192271"></trkpt>
<trkpt lat="46.154504" lon="-74.192607"></trkpt>
<trkpt lat="46.154703" lon="-74.192707"></trkpt>
<trkpt lat="46.154893" lon="-74.192938"></trkpt>
<trkpt lat="46.155194" lon="-74.193426"></trkpt>
<trkpt lat="46.155366" lon="-74.193617"></trkpt>
<trkpt lat="46.155511" lon="-74.193719"></trkpt>
<trkpt lat="46.156196" lon="-74.193929"></trkpt>
<trkpt lat="46.156467" lon="-74.194042"></trkpt>
<trkpt lat="46.156629" lon="-74.194148"></trkpt>
<trkpt lat="46.156757" lon="-74.194232"></trkpt>
<trkpt lat="46.157807" lon="-74.195149"></trkpt>
<trkpt lat="46.159248" lon="-74.196514"></trkpt>
<trkpt lat="46.159517" lon="-74.196655"></trkpt>
<trkpt lat="46.160165" lon="-74.196996"></trkpt>
<trkpt lat="46.160350" lon="-74.197093"></trkpt>
<trkpt lat="46.161127" lon="-74.197613"></trkpt>
<trkpt lat="46.161444" lon="-74.197868"></trkpt>
<trkpt lat="46.161223" lon="-74.198376"></trkpt>
<trkpt lat="46.161107" lon="-74.198624"></trkpt>
<trkpt lat="46.160763" lon="-74.199561"></trkpt>
<trkpt lat="46.160533" lon="-74.200083"></trkpt>
<trkpt lat="46.160373" lon="-74.200344"></trkpt>
<trkpt lat="46.159564" lon="-74.201897"></trkpt>
<trkpt lat="46.159449" lon="-74.202173"></trkpt>
<trkpt lat="46.159352" lon="-74.202483"></trkpt>
<trkpt lat="46.159361" lon="-74.203739"></trkpt>
<trkpt lat="46.159327" lon="-74.203947"></trkpt>
<trkpt lat="46.159159" lon="-74.204480"></trkpt>
<trkpt lat="46.159002" lon="-74.205169"></trkpt>
<trkpt lat="46.158999" lon="-74.205850"></trkpt>
<trkpt lat="46.159064" lon="-74.207629"></trkpt>
<trkpt lat="46.158977" lon="-74.209288"></trkpt>
<trkpt lat="46.158901" lon="-74.210001"></trkpt>
<trkpt lat="46.158772" lon="-74.210897"></trkpt>
<trkpt lat="46.158518" lon="-74.211885"></trkpt>
<trkpt lat="46.158173" lon="-74.212874"></trkpt>
<trkpt lat="46.158050" lon="-74.213303"></trkpt>
<trkpt lat="46.157981" lon="-74.213719"></trkpt>
<trkpt lat="46.157914" lon="-74.214354"></trkpt>
<trkpt lat="46.157909" lon="-74.214976"></trkpt>
<trkpt lat="46.158002" lon="-74.216723"></trkpt>
<trkpt lat="46.158016" lon="-74.217461"></trkpt>
<trkpt lat="46.157985" lon="-74.218252"></trkpt>
<trkpt lat="46.157750" lon="-74.219433"></trkpt>
<trkpt lat="46.157611" lon="-74.219996"></trkpt>
<trkpt lat="46.157125" lon="-74.221463"></trkpt>
<trkpt lat="46.156807" lon="-74.222296"></trkpt>
<trkpt lat="46.156523" lon="-74.222883"></trkpt>
<trkpt lat="46.156309" lon="-74.223236"></trkpt>
<trkpt lat="46.155698" lon="-74.223993"></trkpt>
<trkpt lat="46.154546" lon="-74.225205"></trkpt>
<trkpt lat="46.153987" lon="-74.225794"></trkpt>
<trkpt lat="46.152331" lon="-74.227125"></trkpt>
<trkpt lat="46.150351" lon="-74.228525"></trkpt>
<trkpt lat="46.149760" lon="-74.228896"></trkpt>
<trkpt lat="46.148655" lon="-74.229248"></trkpt>
<trkpt lat="46.148377" lon="-74.229433"></trkpt>
<trkpt lat="46.148100" lon="-74.229670"></trkpt>
<trkpt lat="46.147698" lon="-74.230116"></trkpt>
<trkpt lat="46.146985" lon="-74.231175"></trkpt>
<trkpt lat="46.146603" lon="-74.231918"></trkpt>
<trkpt lat="46.146225" lon="-74.232878"></trkpt>
<trkpt lat="46.145956" lon="-74.233455"></trkpt>
<trkpt lat="46.144666" lon="-74.235636"></trkpt>
<trkpt lat="46.144417" lon="-74.236118"></trkpt>
<trkpt lat="46.144179" lon="-74.236795"></trkpt>
<trkpt lat="46.143874" lon="-74.238392"></trkpt>
<trkpt lat="46.143161" lon="-74.240836"></trkpt>
<trkpt lat="46.143154" lon="-74.241056"></trkpt>
<trkpt lat="46.143121" lon="-74.241613"></trkpt>
<trkpt lat="46.143170" lon="-74.242208"></trkpt>
<trkpt lat="46.143217" lon="-74.242389"></trkpt>
<trkpt lat="46.143381" lon="-74.242736"></trkpt>
<trkpt lat="46.143590" lon="-74.243057"></trkpt>
<trkpt lat="46.144189" lon="-74.243825"></trkpt>
<trkpt lat="46.144508" lon="-74.244326"></trkpt>
<trkpt lat="46.145125" lon="-74.245185"></trkpt>
<trkpt lat="46.145787" lon="-74.245979"></trkpt>
<trkpt lat="46.145932" lon="-74.246119"></trkpt>
<trkpt lat="46.146529" lon="-74.246577"></trkpt>
<trkpt lat="46.147135" lon="-74.246971"></trkpt>
<trkpt lat="46.147669" lon="-74.247481"></trkpt>
<trkpt lat="46.147959" lon="-74.247646"></trkpt>
<trkpt lat="46.148310" lon="-74.247770"></trkpt>
<trkpt lat="46.148509" lon="-74.247910"></trkpt>
<trkpt lat="46.148973" lon="-74.248577"></trkpt>
<trkpt lat="46.149054" lon="-74.248718"></trkpt>
<trkpt lat="46.149218" lon="-74.249001"></trkpt>
<trkpt lat="46.149525" lon="-74.249624"></trkpt>
<trkpt lat="46.149228" lon="-74.249917"></trkpt>
<trkpt lat="46.149040" lon="-74.250158"></trkpt>
<trkpt lat="46.148564" lon="-74.250905"></trkpt>
<trkpt lat="46.148029" lon="-74.251804"></trkpt>
<trkpt lat="46.147834" lon="-74.252153"></trkpt>
<trkpt lat="46.147106" lon="-74.253398"></trkpt>
<trkpt lat="46.146846" lon="-74.253747"></trkpt>
<trkpt lat="46.146469" lon="-74.254123"></trkpt>
<trkpt lat="46.146346" lon="-74.254246"></trkpt>
<trkpt lat="46.145728" lon="-74.254694"></trkpt>
<trkpt lat="46.144464" lon="-74.255605"></trkpt>
<trkpt lat="46.144151" lon="-74.255881"></trkpt>
<trkpt lat="46.143650" lon="-74.256302"></trkpt>
<trkpt lat="46.143543" lon="-74.256420"></trkpt>
<trkpt lat="46.142605" lon="-74.257533"></trkpt>
<trkpt lat="46.142373" lon="-74.257847"></trkpt>
<trkpt lat="46.141926" lon="-74.258371"></trkpt>
<trkpt lat="46.141552" lon="-74.258855"></trkpt>
<trkpt lat="46.141436" lon="-74.259051"></trkpt>
<trkpt lat="46.141187" lon="-74.259585"></trkpt>
<trkpt lat="46.141039" lon="-74.260234"></trkpt>
<trkpt lat="46.141013" lon="-74.260442"></trkpt>
<trkpt lat="46.141016" lon="-74.260895"></trkpt>
<trkpt lat="46.141090" lon="-74.261321"></trkpt>
<trkpt lat="46.141219" lon="-74.261760"></trkpt>
<trkpt lat="46.141375" lon="-74.262146"></trkpt>
<trkpt lat="46.141584" lon="-74.262519"></trkpt>
<trkpt lat="46.142084" lon="-74.263237"></trkpt>
<trkpt lat="46.142793" lon="-74.264341"></trkpt>
<trkpt lat="46.142976" lon="-74.264740"></trkpt>
<trkpt lat="46.143110" lon="-74.265263"></trkpt>
<trkpt lat="46.143130" lon="-74.265673"></trkpt>
<trkpt lat="46.143064" lon="-74.266290"></trkpt>
<trkpt lat="46.142936" lon="-74.267045"></trkpt>
<trkpt lat="46.142752" lon="-74.267682"></trkpt>
<trkpt lat="46.142574" lon="-74.268047"></trkpt>
<trkpt lat="46.142299" lon="-74.268344"></trkpt>
<trkpt lat="46.142016" lon="-74.268557"></trkpt>
<trkpt lat="46.141703" lon="-74.268668"></trkpt>
<trkpt lat="46.141466" lon="-74.268681"></trkpt>
<trkpt lat="46.141133" lon="-74.268634"></trkpt>
<trkpt lat="46.139821" lon="-74.268126"></trkpt>
<trkpt lat="46.137089" lon="-74.267104"></trkpt>
<trkpt lat="46.136651" lon="-74.267007"></trkpt>
<trkpt lat="46.136177" lon="-74.266980"></trkpt>
<trkpt lat="46.135619" lon="-74.267013"></trkpt>
<trkpt lat="46.135260" lon="-74.267121"></trkpt>
<trkpt lat="46.134919" lon="-74.267294"></trkpt>
<trkpt lat="46.134578" lon="-74.267506"></trkpt>
<trkpt lat="46.134247" lon="-74.267756"></trkpt>
<trkpt lat="46.133612" lon="-74.268399"></trkpt>
<trkpt lat="46.133326" lon="-74.268765"></trkpt>
<trkpt lat="46.132934" lon="-74.269366"></trkpt>
<trkpt lat="46.130794" lon="-74.272514"></trkpt>
<trkpt lat="46.129813" lon="-74.273951"></trkpt>
<trkpt lat="46.127851" lon="-74.276824"></trkpt>
<trkpt lat="46.126594" lon="-74.278666"></trkpt>
<trkpt lat="46.125773" lon="-74.279790"></trkpt>
<trkpt lat="46.125344" lon="-74.280235"></trkpt>
<trkpt lat="46.124887" lon="-74.280604"></trkpt>
<trkpt lat="46.123911" lon="-74.281315"></trkpt>
<trkpt lat="46.123095" lon="-74.281870"></trkpt>
<trkpt lat="46.122755" lon="-74.282146"></trkpt>
<trkpt lat="46.122451" lon="-74.282460"></trkpt>
<trkpt lat="46.122164" lon="-74.282861"></trkpt>
<trkpt lat="46.121997" lon="-74.283180"></trkpt>
<trkpt lat="46.121851" lon="-74.283583"></trkpt>
<trkpt lat="46.121786" lon="-74.283771"></trkpt>
<trkpt lat="46.121696" lon="-74.284049"></trkpt>
<trkpt lat="46.121540" lon="-74.284549"></trkpt>
<trkpt lat="46.120682" lon="-74.287363"></trkpt>
<trkpt lat="46.120487" lon="-74.287870"></trkpt>
<trkpt lat="46.120183" lon="-74.288314"></trkpt>
<trkpt lat="46.119853" lon="-74.288668"></trkpt>
<trkpt lat="46.119476" lon="-74.288906"></trkpt>
<trkpt lat="46.119723" lon="-74.289588"></trkpt>
<trkpt lat="46.119906" lon="-74.289935"></trkpt>
<trkpt lat="46.120405" lon="-74.290602"></trkpt>
<trkpt lat="46.120803" lon="-74.290998"></trkpt>
<trkpt lat="46.120948" lon="-74.291203"></trkpt>
<trkpt lat="46.121786" lon="-74.292832"></trkpt>
<trkpt lat="46.121977" lon="-74.293119"></trkpt>
<trkpt lat="46.122235" lon="-74.293414"></trkpt>
<trkpt lat="46.122448" lon="-74.293566"></trkpt>
<trkpt lat="46.122674" lon="-74.293705"></trkpt>
<trkpt lat="46.123090" lon="-74.293998"></trkpt>
<trkpt lat="46.123271" lon="-74.294189"></trkpt>
<trkpt lat="46.123471" lon="-74.294485"></trkpt>
<trkpt lat="46.123808" lon="-74.295140"></trkpt>
<trkpt lat="46.124110" lon="-74.295939"></trkpt>
<trkpt lat="46.124854" lon="-74.298441"></trkpt>
<trkpt lat="46.125092" lon="-74.298994"></trkpt>
<trkpt lat="46.125365" lon="-74.299509"></trkpt>
<trkpt lat="46.125692" lon="-74.300035"></trkpt>
<trkpt lat="46.126327" lon="-74.300855"></trkpt>
<trkpt lat="46.126997" lon="-74.301572"></trkpt>
<trkpt lat="46.127236" lon="-74.301793"></trkpt>
<trkpt lat="46.127710" lon="-74.301886"></trkpt>
<trkpt lat="46.128358" lon="-74.301865"></trkpt>
<trkpt lat="46.128682" lon="-74.301913"></trkpt>
<trkpt lat="46.128854" lon="-74.301963"></trkpt>
<trkpt lat="46.129116" lon="-74.302127"></trkpt>
<trkpt lat="46.129360" lon="-74.302357"></trkpt>
<trkpt lat="46.129523" lon="-74.302575"></trkpt>
<trkpt lat="46.129742" lon="-74.302987"></trkpt>
<trkpt lat="46.129861" lon="-74.303361"></trkpt>
<trkpt lat="46.129955" lon="-74.303942"></trkpt>
<trkpt lat="46.130021" lon="-74.304603"></trkpt>
<trkpt lat="46.130243" lon="-74.305492"></trkpt>
<trkpt lat="46.130372" lon="-74.305995"></trkpt>
<trkpt lat="46.130653" lon="-74.307804"></trkpt>
<trkpt lat="46.130772" lon="-74.308036"></trkpt>
<trkpt lat="46.130917" lon="-74.308228"></trkpt>
<trkpt lat="46.131125" lon="-74.308380"></trkpt>
<trkpt lat="46.131450" lon="-74.308545"></trkpt>
<trkpt lat="46.131766" lon="-74.308657"></trkpt>
<trkpt lat="46.132072" lon="-74.308718"></trkpt>
<trkpt lat="46.132575" lon="-74.308608"></trkpt>
<trkpt lat="46.132935" lon="-74.308643"></trkpt>
<trkpt lat="46.133215" lon="-74.308808"></trkpt>
<trkpt lat="46.133487" lon="-74.309076"></trkpt>
<trkpt lat="46.133895" lon="-74.309615"></trkpt>
<trkpt lat="46.133996" lon="-74.309846"></trkpt>
<trkpt lat="46.134023" lon="-74.309975"></trkpt>
<trkpt lat="46.134017" lon="-74.310338"></trkpt>
<trkpt lat="46.133887" lon="-74.311194"></trkpt>
<trkpt lat="46.133853" lon="-74.311609"></trkpt>
<trkpt lat="46.133829" lon="-74.312101"></trkpt>
<trkpt lat="46.133833" lon="-74.314289"></trkpt>
<trkpt lat="46.133910" lon="-74.314961"></trkpt>
<trkpt lat="46.134096" lon="-74.316046"></trkpt>
<trkpt lat="46.134126" lon="-74.316590"></trkpt>
<trkpt lat="46.134128" lon="-74.316874"></trkpt>
<trkpt lat="46.133997" lon="-74.317562"></trkpt>
<trkpt lat="46.133776" lon="-74.318290"></trkpt>
<trkpt lat="46.133608" lon="-74.318667"></trkpt>
<trkpt lat="46.133500" lon="-74.319071"></trkpt>
<trkpt lat="46.133475" lon="-74.319399"></trkpt>
<trkpt lat="46.133579" lon="-74.319897"></trkpt>
<trkpt lat="46.134243" lon="-74.322569"></trkpt>
<trkpt lat="46.134319" lon="-74.323306"></trkpt>
<trkpt lat="46.134341" lon="-74.324018"></trkpt>
<trkpt lat="46.134500" lon="-74.324948"></trkpt>
<trkpt lat="46.134768" lon="-74.326174"></trkpt>
<trkpt lat="46.134951" lon="-74.326742"></trkpt>
<trkpt lat="46.135097" lon="-74.326947"></trkpt>
<trkpt lat="46.134959" lon="-74.328036"></trkpt>
<trkpt lat="46.135057" lon="-74.329459"></trkpt>
<trkpt lat="46.135142" lon="-74.330080"></trkpt>
<trkpt lat="46.135610" lon="-74.331654"></trkpt>
<trkpt lat="46.135949" lon="-74.332698"></trkpt>
<trkpt lat="46.136077" lon="-74.332930"></trkpt>
<trkpt lat="46.137119" lon="-74.334134"></trkpt>
<trkpt lat="46.137770" lon="-74.334734"></trkpt>
<trkpt lat="46.137888" lon="-74.334901"></trkpt>
<trkpt lat="46.137998" lon="-74.335133"></trkpt>
<trkpt lat="46.138247" lon="-74.336166"></trkpt>
<trkpt lat="46.138394" lon="-74.336734"></trkpt>
<trkpt lat="46.138678" lon="-74.337533"></trkpt>
<trkpt lat="46.138807" lon="-74.338075"></trkpt>
<trkpt lat="46.138867" lon="-74.339188"></trkpt>
<trkpt lat="46.138842" lon="-74.339525"></trkpt>
<trkpt lat="46.138861" lon="-74.339693"></trkpt>
<trkpt lat="46.139120" lon="-74.340868"></trkpt>
<trkpt lat="46.139139" lon="-74.341036"></trkpt>
<trkpt lat="46.139215" lon="-74.341670"></trkpt>
<trkpt lat="46.139172" lon="-74.342072"></trkpt>
<trkpt lat="46.139075" lon="-74.342461"></trkpt>
<trkpt lat="46.139049" lon="-74.342720"></trkpt>
<trkpt lat="46.139068" lon="-74.342850"></trkpt>
<trkpt lat="46.139297" lon="-74.343468"></trkpt>
<trkpt lat="46.139352" lon="-74.343714"></trkpt>
<trkpt lat="46.139353" lon="-74.343830"></trkpt>
<trkpt lat="46.139274" lon="-74.344233"></trkpt>
<trkpt lat="46.138999" lon="-74.344974"></trkpt>
<trkpt lat="46.138841" lon="-74.345571"></trkpt>
<trkpt lat="46.138745" lon="-74.346194"></trkpt>
<trkpt lat="46.138664" lon="-74.347632"></trkpt>
<trkpt lat="46.138684" lon="-74.348033"></trkpt>
<trkpt lat="46.139024" lon="-74.350851"></trkpt>
<trkpt lat="46.139570" lon="-74.353499"></trkpt>
<trkpt lat="46.139930" lon="-74.355062"></trkpt>
<trkpt lat="46.140049" lon="-74.355474"></trkpt>
<trkpt lat="46.140263" lon="-74.356581"></trkpt>
<trkpt lat="46.140466" lon="-74.357502"></trkpt>
<trkpt lat="46.140792" lon="-74.359986"></trkpt>
<trkpt lat="46.140969" lon="-74.360578"></trkpt>
<trkpt lat="46.141733" lon="-74.361942"></trkpt>
<trkpt lat="46.141816" lon="-74.362407"></trkpt>
<trkpt lat="46.141796" lon="-74.363572"></trkpt>
<trkpt lat="46.141911" lon="-74.364083"></trkpt>
<trkpt lat="46.142081" lon="-74.364721"></trkpt>
<trkpt lat="46.142165" lon="-74.365251"></trkpt>
<trkpt lat="46.142269" lon="-74.366221"></trkpt>
<trkpt lat="46.142344" lon="-74.366635"></trkpt>
<trkpt lat="46.142463" lon="-74.367047"></trkpt>
<trkpt lat="46.142654" lon="-74.367486"></trkpt>
<trkpt lat="46.142872" lon="-74.367833"></trkpt>
<trkpt lat="46.143279" lon="-74.368242"></trkpt>
<trkpt lat="46.144575" lon="-74.369704"></trkpt>
<trkpt lat="46.145054" lon="-74.370074"></trkpt>
<trkpt lat="46.145306" lon="-74.370226"></trkpt>
<trkpt lat="46.145542" lon="-74.370299"></trkpt>
<trkpt lat="46.146118" lon="-74.370252"></trkpt>
<trkpt lat="46.146416" lon="-74.370355"></trkpt>
<trkpt lat="46.146839" lon="-74.370701"></trkpt>
<trkpt lat="46.147138" lon="-74.371008"></trkpt>
<trkpt lat="46.147364" lon="-74.371303"></trkpt>
<trkpt lat="46.147623" lon="-74.371741"></trkpt>
<trkpt lat="46.147728" lon="-74.371660"></trkpt>
<trkpt lat="46.148868" lon="-74.371312"></trkpt>
<trkpt lat="46.149001" lon="-74.371193"></trkpt>
<trkpt lat="46.149187" lon="-74.370519"></trkpt>
<trkpt lat="46.149489" lon="-74.369829"></trkpt>
<trkpt lat="46.149542" lon="-74.369556"></trkpt>
<trkpt lat="46.149617" lon="-74.368545"></trkpt>
<trkpt lat="46.149653" lon="-74.368428"></trkpt>
<trkpt lat="46.149769" lon="-74.368233"></trkpt>
<trkpt lat="46.149939" lon="-74.368101"></trkpt>
<trkpt lat="46.150136" lon="-74.367996"></trkpt>
<trkpt lat="46.150424" lon="-74.367940"></trkpt>
<trkpt lat="46.151450" lon="-74.368019"></trkpt>
<trkpt lat="46.151765" lon="-74.367951"></trkpt>
<trkpt lat="46.152097" lon="-74.367805"></trkpt>
<trkpt lat="46.152546" lon="-74.367524"></trkpt>
<trkpt lat="46.152777" lon="-74.367423"></trkpt>
<trkpt lat="46.152985" lon="-74.367375"></trkpt>
<trkpt lat="46.153735" lon="-74.367747"></trkpt>
<trkpt lat="46.154547" lon="-74.367963"></trkpt>
<trkpt lat="46.154783" lon="-74.367945"></trkpt>
<trkpt lat="46.155193" lon="-74.367743"></trkpt>
<trkpt lat="46.155991" lon="-74.367138"></trkpt>
<trkpt lat="46.157593" lon="-74.365579"></trkpt>
<trkpt lat="46.158131" lon="-74.365210"></trkpt>
<trkpt lat="46.158284" lon="-74.365131"></trkpt>
<trkpt lat="46.158508" lon="-74.365081"></trkpt>
<trkpt lat="46.159300" lon="-74.364989"></trkpt>
<trkpt lat="46.159471" lon="-74.365026"></trkpt>
<trkpt lat="46.159615" lon="-74.365106"></trkpt>
<trkpt lat="46.159814" lon="-74.365294"></trkpt>
<trkpt lat="46.159969" lon="-74.365570"></trkpt>
<trkpt lat="46.160031" lon="-74.365805"></trkpt>
<trkpt lat="46.160049" lon="-74.366153"></trkpt>
<trkpt lat="46.160005" lon="-74.367196"></trkpt>
<trkpt lat="46.160016" lon="-74.367533"></trkpt>
<trkpt lat="46.160101" lon="-74.368283"></trkpt>
<trkpt lat="46.160193" lon="-74.368645"></trkpt>
<trkpt lat="46.160430" lon="-74.369134"></trkpt>
<trkpt lat="46.160939" lon="-74.370087"></trkpt>
<trkpt lat="46.161084" lon="-74.370318"></trkpt>
<trkpt lat="46.161549" lon="-74.371284"></trkpt>
<trkpt lat="46.161766" lon="-74.371489"></trkpt>
<trkpt lat="46.162705" lon="-74.372152"></trkpt>
<trkpt lat="46.163066" lon="-74.372355"></trkpt>
<trkpt lat="46.163220" lon="-74.372405"></trkpt>
<trkpt lat="46.163562" lon="-74.372388"></trkpt>
<trkpt lat="46.163993" lon="-74.372202"></trkpt>
<trkpt lat="46.164872" lon="-74.371661"></trkpt>
<trkpt lat="46.165969" lon="-74.371096"></trkpt>
<trkpt lat="46.167436" lon="-74.370253"></trkpt>
<trkpt lat="46.169198" lon="-74.369500"></trkpt>
<trkpt lat="46.170034" lon="-74.369257"></trkpt>
<trkpt lat="46.170267" lon="-74.369229"></trkpt>
<trkpt lat="46.170574" lon="-74.369381"></trkpt>
<trkpt lat="46.170982" lon="-74.369843"></trkpt>
<trkpt lat="46.171217" lon="-74.370021"></trkpt>
<trkpt lat="46.171560" lon="-74.370186"></trkpt>
<trkpt lat="46.173098" lon="-74.370738"></trkpt>
<trkpt lat="46.174249" lon="-74.371285"></trkpt>
<trkpt lat="46.175385" lon="-74.371839"></trkpt>
<trkpt lat="46.176138" lon="-74.372013"></trkpt>
<trkpt lat="46.178636" lon="-74.372294"></trkpt>
<trkpt lat="46.179095" lon="-74.372263"></trkpt>
<trkpt lat="46.179644" lon="-74.372179"></trkpt>
<trkpt lat="46.179968" lon="-74.372214"></trkpt>
<trkpt lat="46.180393" lon="-74.372390"></trkpt>
<trkpt lat="46.181051" lon="-74.372815"></trkpt>
<trkpt lat="46.182522" lon="-74.373611"></trkpt>
<trkpt lat="46.182776" lon="-74.373828"></trkpt>
<trkpt lat="46.183108" lon="-74.374214"></trkpt>
<trkpt lat="46.183380" lon="-74.374614"></trkpt>
<trkpt lat="46.183636" lon="-74.375371"></trkpt>
<trkpt lat="46.183984" lon="-74.375901"></trkpt>
<trkpt lat="46.184165" lon="-74.376002"></trkpt>
<trkpt lat="46.184318" lon="-74.376039"></trkpt>
<trkpt lat="46.185370" lon="-74.376054"></trkpt>
<trkpt lat="46.186028" lon="-74.376021"></trkpt>
<trkpt lat="46.186271" lon="-74.376069"></trkpt>
<trkpt lat="46.186452" lon="-74.376184"></trkpt>
<trkpt lat="46.186575" lon="-74.376389"></trkpt>
<trkpt lat="46.187069" lon="-74.377213"></trkpt>
<trkpt lat="46.188284" lon="-74.378819"></trkpt>
<trkpt lat="46.188529" lon="-74.379205"></trkpt>
<trkpt lat="46.188923" lon="-74.379768"></trkpt>
<trkpt lat="46.189372" lon="-74.380297"></trkpt>
<trkpt lat="46.189634" lon="-74.380541"></trkpt>
<trkpt lat="46.189896" lon="-74.380719"></trkpt>
<trkpt lat="46.190033" lon="-74.380828"></trkpt>
<trkpt lat="46.190113" lon="-74.380898"></trkpt>
<trkpt lat="46.190204" lon="-74.381040"></trkpt>
<trkpt lat="46.190350" lon="-74.381766"></trkpt>
<trkpt lat="46.190418" lon="-74.381930"></trkpt>
<trkpt lat="46.191296" lon="-74.383257"></trkpt>
<trkpt lat="46.191836" lon="-74.384002"></trkpt>
<trkpt lat="46.192375" lon="-74.384748"></trkpt>
<trkpt lat="46.192529" lon="-74.384901"></trkpt>
<trkpt lat="46.192881" lon="-74.385170"></trkpt>
<trkpt lat="46.193180" lon="-74.385477"></trkpt>
<trkpt lat="46.193588" lon="-74.385991"></trkpt>
<trkpt lat="46.193851" lon="-74.386429"></trkpt>
<trkpt lat="46.194071" lon="-74.387204"></trkpt>
<trkpt lat="46.194485" lon="-74.387942"></trkpt>
<trkpt lat="46.195124" lon="-74.388916"></trkpt>
<trkpt lat="46.195923" lon="-74.390048"></trkpt>
<trkpt lat="46.196059" lon="-74.390331"></trkpt>
<trkpt lat="46.196153" lon="-74.390607"></trkpt>
<trkpt lat="46.196196" lon="-74.390900"></trkpt>
<trkpt lat="46.196166" lon="-74.391782"></trkpt>
<trkpt lat="46.196095" lon="-74.392175"></trkpt>
<trkpt lat="46.195755" lon="-74.394080"></trkpt>
<trkpt lat="46.195656" lon="-74.395162"></trkpt>
<trkpt lat="46.195553" lon="-74.396791"></trkpt>
<trkpt lat="46.195475" lon="-74.397297"></trkpt>
<trkpt lat="46.195272" lon="-74.398064"></trkpt>
<trkpt lat="46.195016" lon="-74.399664"></trkpt>
<trkpt lat="46.194872" lon="-74.400161"></trkpt>
<trkpt lat="46.194815" lon="-74.400617"></trkpt>
<trkpt lat="46.194847" lon="-74.401050"></trkpt>
<trkpt lat="46.195281" lon="-74.403248"></trkpt>
<trkpt lat="46.195312" lon="-74.403961"></trkpt>
<trkpt lat="46.195286" lon="-74.404130"></trkpt>
<trkpt lat="46.195135" lon="-74.404572"></trkpt>
<trkpt lat="46.194933" lon="-74.405429"></trkpt>
<trkpt lat="46.194873" lon="-74.406039"></trkpt>
<trkpt lat="46.194876" lon="-74.406635"></trkpt>
<trkpt lat="46.194924" lon="-74.407166"></trkpt>
<trkpt lat="46.195034" lon="-74.407722"></trkpt>
<trkpt lat="46.195273" lon="-74.408549"></trkpt>
<trkpt lat="46.195338" lon="-74.408885"></trkpt>
<trkpt lat="46.195449" lon="-74.409584"></trkpt>
<trkpt lat="46.195479" lon="-74.410089"></trkpt>
<trkpt lat="46.195436" lon="-74.410556"></trkpt>
<trkpt lat="46.195259" lon="-74.411219"></trkpt>
<trkpt lat="46.194756" lon="-74.412590"></trkpt>
<trkpt lat="46.194701" lon="-74.412897"></trkpt>
<trkpt lat="46.194711" lon="-74.413158"></trkpt>
<trkpt lat="46.194760" lon="-74.413360"></trkpt>
<trkpt lat="46.194940" lon="-74.413802"></trkpt>
<trkpt lat="46.195176" lon="-74.414292"></trkpt>
<trkpt lat="46.195240" lon="-74.414485"></trkpt>
<trkpt lat="46.195414" lon="-74.415119"></trkpt>
<trkpt lat="46.195583" lon="-74.416477"></trkpt>
<trkpt lat="46.195615" lon="-74.417294"></trkpt>
<trkpt lat="46.195689" lon="-74.417747"></trkpt>
<trkpt lat="46.195964" lon="-74.418780"></trkpt>
<trkpt lat="46.196029" lon="-74.419143"></trkpt>
<trkpt lat="46.196030" lon="-74.419389"></trkpt>
<trkpt lat="46.196004" lon="-74.419610"></trkpt>
<trkpt lat="46.195837" lon="-74.420272"></trkpt>
<trkpt lat="46.195694" lon="-74.420572"></trkpt>
<trkpt lat="46.195068" lon="-74.421265"></trkpt>
<trkpt lat="46.194001" lon="-74.422028"></trkpt>
<trkpt lat="46.193857" lon="-74.422185"></trkpt>
<trkpt lat="46.193715" lon="-74.422485"></trkpt>
<trkpt lat="46.193609" lon="-74.422952"></trkpt>
<trkpt lat="46.193378" lon="-74.423525"></trkpt>
<trkpt lat="46.193069" lon="-74.424025"></trkpt>
<trkpt lat="46.192925" lon="-74.424255"></trkpt>
<trkpt lat="46.192722" lon="-74.424727"></trkpt>
<trkpt lat="46.192578" lon="-74.425206"></trkpt>
<trkpt lat="46.192446" lon="-74.426604"></trkpt>
<trkpt lat="46.192311" lon="-74.427104"></trkpt>
<trkpt lat="46.192070" lon="-74.427606"></trkpt>
<trkpt lat="46.191814" lon="-74.428032"></trkpt>
<trkpt lat="46.191620" lon="-74.428686"></trkpt>
<trkpt lat="46.191391" lon="-74.429711"></trkpt>
<trkpt lat="46.191324" lon="-74.430211"></trkpt>
<trkpt lat="46.191216" lon="-74.431460"></trkpt>
<trkpt lat="46.191206" lon="-74.431877"></trkpt>
<trkpt lat="46.191232" lon="-74.432298"></trkpt>
<trkpt lat="46.191322" lon="-74.432687"></trkpt>
<trkpt lat="46.191518" lon="-74.433072"></trkpt>
<trkpt lat="46.192210" lon="-74.434171"></trkpt>
<trkpt lat="46.192430" lon="-74.434626"></trkpt>
<trkpt lat="46.192432" lon="-74.434633"></trkpt>
<trkpt lat="46.192519" lon="-74.434935"></trkpt>
<trkpt lat="46.192576" lon="-74.435430"></trkpt>
<trkpt lat="46.192631" lon="-74.435757"></trkpt>
<trkpt lat="46.192731" lon="-74.436354"></trkpt>
<trkpt lat="46.192765" lon="-74.436553"></trkpt>
<trkpt lat="46.192768" lon="-74.436728"></trkpt>
<trkpt lat="46.192722" lon="-74.437129"></trkpt>
<trkpt lat="46.192580" lon="-74.437698"></trkpt>
<trkpt lat="46.192224" lon="-74.438686"></trkpt>
<trkpt lat="46.191626" lon="-74.440143"></trkpt>
<trkpt lat="46.191538" lon="-74.440359"></trkpt>
<trkpt lat="46.191324" lon="-74.441103"></trkpt>
<trkpt lat="46.191235" lon="-74.441625"></trkpt>
<trkpt lat="46.191219" lon="-74.442103"></trkpt>
<trkpt lat="46.191235" lon="-74.442813"></trkpt>
<trkpt lat="46.191282" lon="-74.444888"></trkpt>
<trkpt lat="46.191326" lon="-74.445219"></trkpt>
<trkpt lat="46.191357" lon="-74.445449"></trkpt>
<trkpt lat="46.191472" lon="-74.445918"></trkpt>
<trkpt lat="46.190888" lon="-74.446289"></trkpt>
<trkpt lat="46.190623" lon="-74.446496"></trkpt>
<trkpt lat="46.190375" lon="-74.446776"></trkpt>
<trkpt lat="46.190134" lon="-74.447152"></trkpt>
<trkpt lat="46.189437" lon="-74.448644"></trkpt>
<trkpt lat="46.189351" lon="-74.448776"></trkpt>
<trkpt lat="46.188906" lon="-74.449166"></trkpt>
<trkpt lat="46.188791" lon="-74.449318"></trkpt>
<trkpt lat="46.188715" lon="-74.449493"></trkpt>
<trkpt lat="46.188510" lon="-74.450472"></trkpt>
<trkpt lat="46.188500" lon="-74.450592"></trkpt>
<trkpt lat="46.188484" lon="-74.450844"></trkpt>
<trkpt lat="46.188557" lon="-74.455094"></trkpt>
<trkpt lat="46.188516" lon="-74.455609"></trkpt>
<trkpt lat="46.188333" lon="-74.456637"></trkpt>
<trkpt lat="46.188333" lon="-74.456941"></trkpt>
<trkpt lat="46.188407" lon="-74.458112"></trkpt>
<trkpt lat="46.188403" lon="-74.458531"></trkpt>
<trkpt lat="46.188370" lon="-74.458941"></trkpt>
<trkpt lat="46.188118" lon="-74.460237"></trkpt>
<trkpt lat="46.187919" lon="-74.462159"></trkpt>
<trkpt lat="46.187945" lon="-74.462489"></trkpt>
<trkpt lat="46.188069" lon="-74.463122"></trkpt>
<trkpt lat="46.188114" lon="-74.463517"></trkpt>
<trkpt lat="46.188090" lon="-74.463811"></trkpt>
<trkpt lat="46.187810" lon="-74.464684"></trkpt>
<trkpt lat="46.187772" lon="-74.464920"></trkpt>
<trkpt lat="46.187835" lon="-74.465125"></trkpt>
<trkpt lat="46.186962" lon="-74.466378"></trkpt>
<trkpt lat="46.186340" lon="-74.467030"></trkpt>
<trkpt lat="46.186064" lon="-74.467318"></trkpt>
<trkpt lat="46.185676" lon="-74.467712"></trkpt>
<trkpt lat="46.185391" lon="-74.468181"></trkpt>
<trkpt lat="46.185188" lon="-74.468575"></trkpt>
<trkpt lat="46.185017" lon="-74.469033"></trkpt>
<trkpt lat="46.184638" lon="-74.470675"></trkpt>
<trkpt lat="46.184430" lon="-74.471541"></trkpt>
<trkpt lat="46.184191" lon="-74.472342"></trkpt>
<trkpt lat="46.183970" lon="-74.472871"></trkpt>
<trkpt lat="46.183487" lon="-74.473663"></trkpt>
<trkpt lat="46.183225" lon="-74.473914"></trkpt>
<trkpt lat="46.182798" lon="-74.474221"></trkpt>
<trkpt lat="46.182152" lon="-74.474564"></trkpt>
<trkpt lat="46.181257" lon="-74.475015"></trkpt>
<trkpt lat="46.180782" lon="-74.475128"></trkpt>
<trkpt lat="46.180438" lon="-74.475094"></trkpt>
<trkpt lat="46.180121" lon="-74.474986"></trkpt>
<trkpt lat="46.179833" lon="-74.474814"></trkpt>
<trkpt lat="46.179589" lon="-74.474625"></trkpt>
<trkpt lat="46.179310" lon="-74.474314"></trkpt>
<trkpt lat="46.178967" lon="-74.473899"></trkpt>
<trkpt lat="46.178435" lon="-74.473397"></trkpt>
<trkpt lat="46.177759" lon="-74.472817"></trkpt>
<trkpt lat="46.177388" lon="-74.472443"></trkpt>
<trkpt lat="46.176890" lon="-74.471852"></trkpt>
<trkpt lat="46.176186" lon="-74.470961"></trkpt>
<trkpt lat="46.175558" lon="-74.470031"></trkpt>
<trkpt lat="46.175018" lon="-74.469106"></trkpt>
<trkpt lat="46.173794" lon="-74.466927"></trkpt>
<trkpt lat="46.173512" lon="-74.466466"></trkpt>
<trkpt lat="46.173057" lon="-74.465795"></trkpt>
<trkpt lat="46.172778" lon="-74.465453"></trkpt>
<trkpt lat="46.171422" lon="-74.464028"></trkpt>
<trkpt lat="46.171227" lon="-74.463876"></trkpt>
<trkpt lat="46.171013" lon="-74.463813"></trkpt>
<trkpt lat="46.170581" lon="-74.463852"></trkpt>
<trkpt lat="46.170366" lon="-74.463959"></trkpt>
<trkpt lat="46.170082" lon="-74.464191"></trkpt>
<trkpt lat="46.169834" lon="-74.464507"></trkpt>
<trkpt lat="46.169417" lon="-74.465024"></trkpt>
<trkpt lat="46.169144" lon="-74.465314"></trkpt>
<trkpt lat="46.168967" lon="-74.465485"></trkpt>
<trkpt lat="46.168773" lon="-74.465615"></trkpt>
<trkpt lat="46.168592" lon="-74.465698"></trkpt>
<trkpt lat="46.167661" lon="-74.465827"></trkpt>
<trkpt lat="46.167305" lon="-74.465905"></trkpt>
<trkpt lat="46.167133" lon="-74.465990"></trkpt>
<trkpt lat="46.166874" lon="-74.466188"></trkpt>
<trkpt lat="46.166431" lon="-74.466730"></trkpt>
<trkpt lat="46.164526" lon="-74.469063"></trkpt>
<trkpt lat="46.163174" lon="-74.471313"></trkpt>
<trkpt lat="46.162885" lon="-74.471742"></trkpt>
<trkpt lat="46.162644" lon="-74.472010"></trkpt>
<trkpt lat="46.162387" lon="-74.472204"></trkpt>
<trkpt lat="46.162127" lon="-74.472346"></trkpt>
<trkpt lat="46.161845" lon="-74.472446"></trkpt>
<trkpt lat="46.160621" lon="-74.472604"></trkpt>
<trkpt lat="46.160383" lon="-74.472679"></trkpt>
<trkpt lat="46.160134" lon="-74.472803"></trkpt>
<trkpt lat="46.159889" lon="-74.472968"></trkpt>
<trkpt lat="46.158873" lon="-74.473819"></trkpt>
<trkpt lat="46.156882" lon="-74.475487"></trkpt>
<trkpt lat="46.156591" lon="-74.475731"></trkpt>
<trkpt lat="46.156293" lon="-74.475981"></trkpt>
<trkpt lat="46.155995" lon="-74.476230"></trkpt>
<trkpt lat="46.154004" lon="-74.478075"></trkpt>
<trkpt lat="46.152313" lon="-74.479886"></trkpt>
<trkpt lat="46.152160" lon="-74.480049"></trkpt>
<trkpt lat="46.151676" lon="-74.480414"></trkpt>
<trkpt lat="46.151181" lon="-74.480635"></trkpt>
<trkpt lat="46.150763" lon="-74.480736"></trkpt>
<trkpt lat="46.149852" lon="-74.480842"></trkpt>
<trkpt lat="46.149771" lon="-74.480851"></trkpt>
<trkpt lat="46.148176" lon="-74.481036"></trkpt>
<trkpt lat="46.146036" lon="-74.481337"></trkpt>
<trkpt lat="46.143559" lon="-74.481847"></trkpt>
<trkpt lat="46.143063" lon="-74.481901"></trkpt>
<trkpt lat="46.142563" lon="-74.481762"></trkpt>
<trkpt lat="46.140935" lon="-74.481068"></trkpt>
<trkpt lat="46.140594" lon="-74.480976"></trkpt>
<trkpt lat="46.139773" lon="-74.480903"></trkpt>
<trkpt lat="46.138775" lon="-74.480851"></trkpt>
<trkpt lat="46.138432" lon="-74.480812"></trkpt>
<trkpt lat="46.137591" lon="-74.480839"></trkpt>
<trkpt lat="46.136996" lon="-74.480753"></trkpt>
<trkpt lat="46.136532" lon="-74.480581"></trkpt>
<trkpt lat="46.136154" lon="-74.480381"></trkpt>
<trkpt lat="46.136089" lon="-74.480381"></trkpt>
<trkpt lat="46.136023" lon="-74.480424"></trkpt>
<trkpt lat="46.135899" lon="-74.480589"></trkpt>
<trkpt lat="46.135817" lon="-74.480792"></trkpt>
<trkpt lat="46.135750" lon="-74.480965"></trkpt>
<trkpt lat="46.135602" lon="-74.481799"></trkpt>
<trkpt lat="46.135539" lon="-74.482401"></trkpt>
<trkpt lat="46.135497" lon="-74.482560"></trkpt>
<trkpt lat="46.135275" lon="-74.483090"></trkpt>
<trkpt lat="46.134524" lon="-74.484077"></trkpt>
<trkpt lat="46.134445" lon="-74.484219"></trkpt>
<trkpt lat="46.134371" lon="-74.484395"></trkpt>
<trkpt lat="46.134307" lon="-74.484704"></trkpt>
<trkpt lat="46.134310" lon="-74.485300"></trkpt>
<trkpt lat="46.134367" lon="-74.485949"></trkpt>
<trkpt lat="46.134463" lon="-74.486359"></trkpt>
<trkpt lat="46.134941" lon="-74.487903"></trkpt>
<trkpt lat="46.135531" lon="-74.489811"></trkpt>
<trkpt lat="46.135784" lon="-74.490557"></trkpt>
<trkpt lat="46.135953" lon="-74.491055"></trkpt>
<trkpt lat="46.136095" lon="-74.491476"></trkpt>
<trkpt lat="46.136316" lon="-74.492130"></trkpt>
<trkpt lat="46.136458" lon="-74.492432"></trkpt>
<trkpt lat="46.136460" lon="-74.492435"></trkpt>
<trkpt lat="46.136725" lon="-74.492788"></trkpt>
<trkpt lat="46.137174" lon="-74.493276"></trkpt>
<trkpt lat="46.137593" lon="-74.493731"></trkpt>
<trkpt lat="46.138056" lon="-74.494155"></trkpt>
<trkpt lat="46.138565" lon="-74.494532"></trkpt>
<trkpt lat="46.140008" lon="-74.495335"></trkpt>
<trkpt lat="46.140315" lon="-74.495593"></trkpt>
<trkpt lat="46.140564" lon="-74.495858"></trkpt>
<trkpt lat="46.140654" lon="-74.496157"></trkpt>
<trkpt lat="46.140679" lon="-74.496344"></trkpt>
<trkpt lat="46.140649" lon="-74.496798"></trkpt>
<trkpt lat="46.140237" lon="-74.498448"></trkpt>
<trkpt lat="46.140125" lon="-74.499062"></trkpt>
<trkpt lat="46.140098" lon="-74.499411"></trkpt>
<trkpt lat="46.140097" lon="-74.499798"></trkpt>
<trkpt lat="46.140228" lon="-74.501030"></trkpt>
<trkpt lat="46.140230" lon="-74.501317"></trkpt>
<trkpt lat="46.140197" lon="-74.501703"></trkpt>
<trkpt lat="46.140028" lon="-74.502196"></trkpt>
<trkpt lat="46.139908" lon="-74.502780"></trkpt>
<trkpt lat="46.139814" lon="-74.503458"></trkpt>
<trkpt lat="46.139771" lon="-74.504122"></trkpt>
<trkpt lat="46.139770" lon="-74.504504"></trkpt>
<trkpt lat="46.139696" lon="-74.504920"></trkpt>
<trkpt lat="46.139576" lon="-74.505261"></trkpt>
<trkpt lat="46.139074" lon="-74.506462"></trkpt>
<trkpt lat="46.138267" lon="-74.508179"></trkpt>
<trkpt lat="46.137789" lon="-74.508910"></trkpt>
<trkpt lat="46.137443" lon="-74.509340"></trkpt>
<trkpt lat="46.136539" lon="-74.510571"></trkpt>
<trkpt lat="46.136253" lon="-74.511183"></trkpt>
<trkpt lat="46.135967" lon="-74.511889"></trkpt>
<trkpt lat="46.135175" lon="-74.513844"></trkpt>
<trkpt lat="46.135061" lon="-74.514242"></trkpt>
<trkpt lat="46.134419" lon="-74.516681"></trkpt>
<trkpt lat="46.134256" lon="-74.517356"></trkpt>
<trkpt lat="46.134020" lon="-74.518010"></trkpt>
<trkpt lat="46.133890" lon="-74.518440"></trkpt>
<trkpt lat="46.133786" lon="-74.518924"></trkpt>
<trkpt lat="46.133780" lon="-74.519228"></trkpt>
<trkpt lat="46.133775" lon="-74.519465"></trkpt>
<trkpt lat="46.133771" lon="-74.519903"></trkpt>
<trkpt lat="46.133935" lon="-74.521133"></trkpt>
<trkpt lat="46.133985" lon="-74.521740"></trkpt>
<trkpt lat="46.133821" lon="-74.525134"></trkpt>
<trkpt lat="46.133659" lon="-74.526876"></trkpt>
<trkpt lat="46.133662" lon="-74.527706"></trkpt>
<trkpt lat="46.133741" lon="-74.528321"></trkpt>
<trkpt lat="46.134165" lon="-74.529759"></trkpt>
<trkpt lat="46.134207" lon="-74.530236"></trkpt>
<trkpt lat="46.134195" lon="-74.530436"></trkpt>
<trkpt lat="46.134154" lon="-74.530634"></trkpt>
<trkpt lat="46.134026" lon="-74.530902"></trkpt>
<trkpt lat="46.133827" lon="-74.531159"></trkpt>
<trkpt lat="46.132542" lon="-74.532664"></trkpt>
<trkpt lat="46.130952" lon="-74.534413"></trkpt>
<trkpt lat="46.130818" lon="-74.534650"></trkpt>
<trkpt lat="46.130000" lon="-74.536503"></trkpt>
<trkpt lat="46.129501" lon="-74.537853"></trkpt>
<trkpt lat="46.129447" lon="-74.538171"></trkpt>
<trkpt lat="46.129443" lon="-74.538484"></trkpt>
<trkpt lat="46.129685" lon="-74.540273"></trkpt>
<trkpt lat="46.130220" lon="-74.543805"></trkpt>
<trkpt lat="46.130258" lon="-74.544323"></trkpt>
<trkpt lat="46.130243" lon="-74.544523"></trkpt>
<trkpt lat="46.130069" lon="-74.545432"></trkpt>
<trkpt lat="46.130009" lon="-74.546133"></trkpt>
<trkpt lat="46.130167" lon="-74.547237"></trkpt>
<trkpt lat="46.130328" lon="-74.548276"></trkpt>
<trkpt lat="46.130351" lon="-74.548424"></trkpt>
<trkpt lat="46.130470" lon="-74.549178"></trkpt>
<trkpt lat="46.130676" lon="-74.550661"></trkpt>
<trkpt lat="46.131466" lon="-74.555900"></trkpt>
<trkpt lat="46.130813" lon="-74.556008"></trkpt>
<trkpt lat="46.129121" lon="-74.556503"></trkpt>
<trkpt lat="46.129026" lon="-74.556533"></trkpt>
<trkpt lat="46.128891" lon="-74.556572"></trkpt>
<trkpt lat="46.128219" lon="-74.561454"></trkpt>
<trkpt lat="46.127761" lon="-74.564959"></trkpt>
<trkpt lat="46.127652" lon="-74.565673"></trkpt>
<trkpt lat="46.127554" lon="-74.566018"></trkpt>
<trkpt lat="46.127448" lon="-74.566311"></trkpt>
<trkpt lat="46.126981" lon="-74.567403"></trkpt>
<trkpt lat="46.126771" lon="-74.568028"></trkpt>
<trkpt lat="46.126655" lon="-74.568528"></trkpt>
<trkpt lat="46.126601" lon="-74.569166"></trkpt>
<trkpt lat="46.126623" lon="-74.570000"></trkpt>
<trkpt lat="46.126673" lon="-74.570421"></trkpt>
<trkpt lat="46.126719" lon="-74.570800"></trkpt>
<trkpt lat="46.126947" lon="-74.571720"></trkpt>
<trkpt lat="46.127311" lon="-74.572662"></trkpt>
<trkpt lat="46.127795" lon="-74.573636"></trkpt>
<trkpt lat="46.128465" lon="-74.574862"></trkpt>
<trkpt lat="46.128611" lon="-74.575249"></trkpt>
<trkpt lat="46.128709" lon="-74.575671"></trkpt>
<trkpt lat="46.128763" lon="-74.576118"></trkpt>
<trkpt lat="46.128730" lon="-74.576975"></trkpt>
<trkpt lat="46.128738" lon="-74.577675"></trkpt>
<trkpt lat="46.128813" lon="-74.578157"></trkpt>
<trkpt lat="46.128946" lon="-74.578557"></trkpt>
<trkpt lat="46.129450" lon="-74.579850"></trkpt>
<trkpt lat="46.129835" lon="-74.580753"></trkpt>
<trkpt lat="46.129937" lon="-74.581094"></trkpt>
<trkpt lat="46.129995" lon="-74.581435"></trkpt>
<trkpt lat="46.130051" lon="-74.581955"></trkpt>
<trkpt lat="46.130049" lon="-74.582233"></trkpt>
<trkpt lat="46.130029" lon="-74.582451"></trkpt>
<trkpt lat="46.129909" lon="-74.582965"></trkpt>
<trkpt lat="46.128897" lon="-74.584994"></trkpt>
<trkpt lat="46.128673" lon="-74.585767"></trkpt>
<trkpt lat="46.128653" lon="-74.586433"></trkpt>
<trkpt lat="46.128721" lon="-74.587122"></trkpt>
<trkpt lat="46.128997" lon="-74.588216"></trkpt>
<trkpt lat="46.129142" lon="-74.588603"></trkpt>
<trkpt lat="46.129431" lon="-74.589213"></trkpt>
<trkpt lat="46.130427" lon="-74.590685"></trkpt>
<trkpt lat="46.132704" lon="-74.593789"></trkpt>
<trkpt lat="46.134401" lon="-74.596082"></trkpt>
<trkpt lat="46.134750" lon="-74.596448"></trkpt>
<trkpt lat="46.135128" lon="-74.596716"></trkpt>
<trkpt lat="46.135385" lon="-74.596835"></trkpt>
<trkpt lat="46.135650" lon="-74.596906"></trkpt>
<trkpt lat="46.136100" lon="-74.596936"></trkpt>
<trkpt lat="46.136697" lon="-74.596820"></trkpt>
<trkpt lat="46.137647" lon="-74.596567"></trkpt>
<trkpt lat="46.140663" lon="-74.595736"></trkpt>
<trkpt lat="46.144181" lon="-74.593893"></trkpt>
<trkpt lat="46.144425" lon="-74.593770"></trkpt>
<trkpt lat="46.144757" lon="-74.593641"></trkpt>
<trkpt lat="46.145178" lon="-74.593561"></trkpt>
<trkpt lat="46.145817" lon="-74.593532"></trkpt>
<trkpt lat="46.146799" lon="-74.593632"></trkpt>
<trkpt lat="46.149842" lon="-74.593941"></trkpt>
<trkpt lat="46.150596" lon="-74.593980"></trkpt>
<trkpt lat="46.151627" lon="-74.594102"></trkpt>
<trkpt lat="46.151888" lon="-74.594176"></trkpt>
<trkpt lat="46.152347" lon="-74.594412"></trkpt>
<trkpt lat="46.152678" lon="-74.594681"></trkpt>
<trkpt lat="46.153042" lon="-74.595063"></trkpt>
<trkpt lat="46.153549" lon="-74.595901"></trkpt>
<trkpt lat="46.153833" lon="-74.596606"></trkpt>
<trkpt lat="46.154370" lon="-74.598106"></trkpt>
<trkpt lat="46.154668" lon="-74.598930"></trkpt>
<trkpt lat="46.154702" lon="-74.599011"></trkpt>
<trkpt lat="46.154966" lon="-74.599607"></trkpt>
<trkpt lat="46.155074" lon="-74.599791"></trkpt>
<trkpt lat="46.155249" lon="-74.600016"></trkpt>
<trkpt lat="46.155487" lon="-74.600234"></trkpt>
<trkpt lat="46.155758" lon="-74.600392"></trkpt>
<trkpt lat="46.155887" lon="-74.600437"></trkpt>
<trkpt lat="46.156223" lon="-74.600464"></trkpt>
<trkpt lat="46.156594" lon="-74.600361"></trkpt>
<trkpt lat="46.156900" lon="-74.600177"></trkpt>
<trkpt lat="46.157546" lon="-74.599691"></trkpt>
<trkpt lat="46.157958" lon="-74.599557"></trkpt>
<trkpt lat="46.158239" lon="-74.599551"></trkpt>
<trkpt lat="46.158575" lon="-74.599647"></trkpt>
<trkpt lat="46.158716" lon="-74.599712"></trkpt>
<trkpt lat="46.159038" lon="-74.599978"></trkpt>
<trkpt lat="46.159241" lon="-74.600222"></trkpt>
<trkpt lat="46.159410" lon="-74.600500"></trkpt>
<trkpt lat="46.159531" lon="-74.600802"></trkpt>
<trkpt lat="46.159609" lon="-74.601094"></trkpt>
<trkpt lat="46.159675" lon="-74.601489"></trkpt>
<trkpt lat="46.159702" lon="-74.601851"></trkpt>
<trkpt lat="46.159705" lon="-74.602521"></trkpt>
<trkpt lat="46.159674" lon="-74.603136"></trkpt>
<trkpt lat="46.159644" lon="-74.604289"></trkpt>
<trkpt lat="46.159665" lon="-74.604583"></trkpt>
<trkpt lat="46.159713" lon="-74.604889"></trkpt>
<trkpt lat="46.159799" lon="-74.605416"></trkpt>
<trkpt lat="46.160038" lon="-74.606200"></trkpt>
<trkpt lat="46.160174" lon="-74.606576"></trkpt>
<trkpt lat="46.160496" lon="-74.607238"></trkpt>
<trkpt lat="46.160868" lon="-74.607825"></trkpt>
<trkpt lat="46.161173" lon="-74.608209"></trkpt>
<trkpt lat="46.161751" lon="-74.608754"></trkpt>
<trkpt lat="46.163191" lon="-74.610371"></trkpt>
<trkpt lat="46.164523" lon="-74.611941"></trkpt>
<trkpt lat="46.164666" lon="-74.612180"></trkpt>
<trkpt lat="46.164902" lon="-74.612768"></trkpt>
<trkpt lat="46.165134" lon="-74.613267"></trkpt>
<trkpt lat="46.165274" lon="-74.613494"></trkpt>
<trkpt lat="46.165632" lon="-74.613883"></trkpt>
<trkpt lat="46.167323" lon="-74.615333"></trkpt>
<trkpt lat="46.168357" lon="-74.616175"></trkpt>
<trkpt lat="46.168946" lon="-74.616758"></trkpt>
<trkpt lat="46.169275" lon="-74.617202"></trkpt>
<trkpt lat="46.169534" lon="-74.617635"></trkpt>
<trkpt lat="46.169720" lon="-74.617975"></trkpt>
<trkpt lat="46.170035" lon="-74.618728"></trkpt>
<trkpt lat="46.170831" lon="-74.621393"></trkpt>
<trkpt lat="46.171052" lon="-74.622156"></trkpt>
<trkpt lat="46.171180" lon="-74.622505"></trkpt>
<trkpt lat="46.171298" lon="-74.622744"></trkpt>
<trkpt lat="46.171590" lon="-74.623150"></trkpt>
<trkpt lat="46.171867" lon="-74.623379"></trkpt>
<trkpt lat="46.171943" lon="-74.623423"></trkpt>
<trkpt lat="46.172103" lon="-74.623499"></trkpt>
<trkpt lat="46.172329" lon="-74.623555"></trkpt>
<trkpt lat="46.172532" lon="-74.623554"></trkpt>
<trkpt lat="46.172829" lon="-74.623501"></trkpt>
<trkpt lat="46.173607" lon="-74.623304"></trkpt>
<trkpt lat="46.174811" lon="-74.622948"></trkpt>
<trkpt lat="46.177129" lon="-74.622221"></trkpt>
<trkpt lat="46.177593" lon="-74.622118"></trkpt>
<trkpt lat="46.178242" lon="-74.622043"></trkpt>
<trkpt lat="46.179397" lon="-74.621978"></trkpt>
<trkpt lat="46.179695" lon="-74.622015"></trkpt>
<trkpt lat="46.180104" lon="-74.622170"></trkpt>
<trkpt lat="46.180458" lon="-74.622399"></trkpt>
<trkpt lat="46.180932" lon="-74.622915"></trkpt>
<trkpt lat="46.185034" lon="-74.628101"></trkpt>
<trkpt lat="46.186709" lon="-74.630336"></trkpt>
<trkpt lat="46.186835" lon="-74.630473"></trkpt>
<trkpt lat="46.186988" lon="-74.630615"></trkpt>
<trkpt lat="46.187357" lon="-74.630847"></trkpt>
<trkpt lat="46.187650" lon="-74.630986"></trkpt>
<trkpt lat="46.188091" lon="-74.631032"></trkpt>
<trkpt lat="46.188791" lon="-74.630973"></trkpt>
<trkpt lat="46.189417" lon="-74.630999"></trkpt>
<trkpt lat="46.189626" lon="-74.631075"></trkpt>
<trkpt lat="46.190013" lon="-74.631278"></trkpt>
<trkpt lat="46.191128" lon="-74.632013"></trkpt>
<trkpt lat="46.191378" lon="-74.632106"></trkpt>
<trkpt lat="46.191616" lon="-74.632128"></trkpt>
<trkpt lat="46.191899" lon="-74.632107"></trkpt>
<trkpt lat="46.192838" lon="-74.631819"></trkpt>
<trkpt lat="46.193530" lon="-74.631570"></trkpt>
<trkpt lat="46.194121" lon="-74.631332"></trkpt>
<trkpt lat="46.194221" lon="-74.631317"></trkpt>
<trkpt lat="46.194382" lon="-74.631362"></trkpt>
<trkpt lat="46.194561" lon="-74.631369"></trkpt>
<trkpt lat="46.194876" lon="-74.631419"></trkpt>
<trkpt lat="46.195265" lon="-74.631555"></trkpt>
<trkpt lat="46.195436" lon="-74.631661"></trkpt>
<trkpt lat="46.195774" lon="-74.631942"></trkpt>
<trkpt lat="46.195967" lon="-74.632202"></trkpt>
<trkpt lat="46.196122" lon="-74.632380"></trkpt>
<trkpt lat="46.196213" lon="-74.632617"></trkpt>
<trkpt lat="46.196379" lon="-74.633152"></trkpt>
<trkpt lat="46.196444" lon="-74.633505"></trkpt>
<trkpt lat="46.196521" lon="-74.634143"></trkpt>
<trkpt lat="46.196718" lon="-74.635104"></trkpt>
<trkpt lat="46.196849" lon="-74.635582"></trkpt>
<trkpt lat="46.197179" lon="-74.636566"></trkpt>
<trkpt lat="46.197505" lon="-74.637434"></trkpt>
<trkpt lat="46.197690" lon="-74.637763"></trkpt>
<trkpt lat="46.197859" lon="-74.637988"></trkpt>
<trkpt lat="46.198514" lon="-74.638577"></trkpt>
<trkpt lat="46.198707" lon="-74.638784"></trkpt>
<trkpt lat="46.199203" lon="-74.639580"></trkpt>
<trkpt lat="46.199525" lon="-74.640001"></trkpt>
<trkpt lat="46.199802" lon="-74.640329"></trkpt>
<trkpt lat="46.200926" lon="-74.641218"></trkpt>
<trkpt lat="46.201090" lon="-74.641387"></trkpt>
<trkpt lat="46.201573" lon="-74.642007"></trkpt>
<trkpt lat="46.201725" lon="-74.642234"></trkpt>
<trkpt lat="46.201889" lon="-74.642544"></trkpt>
<trkpt lat="46.203248" lon="-74.645240"></trkpt>
<trkpt lat="46.203434" lon="-74.645545"></trkpt>
<trkpt lat="46.203779" lon="-74.645971"></trkpt>
<trkpt lat="46.204080" lon="-74.646181"></trkpt>
<trkpt lat="46.204293" lon="-74.646285"></trkpt>
<trkpt lat="46.204523" lon="-74.646360"></trkpt>
<trkpt lat="46.205417" lon="-74.646524"></trkpt>
<trkpt lat="46.205867" lon="-74.646697"></trkpt>
<trkpt lat="46.206119" lon="-74.646898"></trkpt>
<trkpt lat="46.206303" lon="-74.647098"></trkpt>
<trkpt lat="46.206450" lon="-74.647313"></trkpt>
<trkpt lat="46.206586" lon="-74.647570"></trkpt>
<trkpt lat="46.206760" lon="-74.648043"></trkpt>
<trkpt lat="46.206810" lon="-74.648249"></trkpt>
<trkpt lat="46.206886" lon="-74.648779"></trkpt>
<trkpt lat="46.206879" lon="-74.649283"></trkpt>
<trkpt lat="46.206760" lon="-74.650052"></trkpt>
<trkpt lat="46.206347" lon="-74.652052"></trkpt>
<trkpt lat="46.206092" lon="-74.653460"></trkpt>
<trkpt lat="46.206070" lon="-74.653904"></trkpt>
<trkpt lat="46.206078" lon="-74.655109"></trkpt>
<trkpt lat="46.206035" lon="-74.655834"></trkpt>
<trkpt lat="46.206003" lon="-74.656062"></trkpt>
<trkpt lat="46.205956" lon="-74.656340"></trkpt>
<trkpt lat="46.205403" lon="-74.658232"></trkpt>
<trkpt lat="46.205291" lon="-74.658692"></trkpt>
<trkpt lat="46.205094" lon="-74.659701"></trkpt>
<trkpt lat="46.204735" lon="-74.661659"></trkpt>
<trkpt lat="46.204552" lon="-74.662413"></trkpt>
<trkpt lat="46.204391" lon="-74.662900"></trkpt>
<trkpt lat="46.203834" lon="-74.664179"></trkpt>
<trkpt lat="46.203729" lon="-74.664449"></trkpt>
<trkpt lat="46.203617" lon="-74.664908"></trkpt>
<trkpt lat="46.203579" lon="-74.665227"></trkpt>
<trkpt lat="46.203589" lon="-74.665816"></trkpt>
<trkpt lat="46.203639" lon="-74.666124"></trkpt>
<trkpt lat="46.203745" lon="-74.666501"></trkpt>
<trkpt lat="46.204052" lon="-74.667287"></trkpt>
<trkpt lat="46.204503" lon="-74.668564"></trkpt>
<trkpt lat="46.204764" lon="-74.669436"></trkpt>
<trkpt lat="46.204884" lon="-74.670115"></trkpt>
<trkpt lat="46.204887" lon="-74.670920"></trkpt>
<trkpt lat="46.204800" lon="-74.671732"></trkpt>
<trkpt lat="46.204748" lon="-74.671976"></trkpt>
<trkpt lat="46.204131" lon="-74.673987"></trkpt>
<trkpt lat="46.203616" lon="-74.675855"></trkpt>
<trkpt lat="46.203489" lon="-74.676236"></trkpt>
<trkpt lat="46.203350" lon="-74.676532"></trkpt>
<trkpt lat="46.203128" lon="-74.676865"></trkpt>
<trkpt lat="46.202296" lon="-74.677548"></trkpt>
<trkpt lat="46.201999" lon="-74.677925"></trkpt>
<trkpt lat="46.201768" lon="-74.678487"></trkpt>
<trkpt lat="46.201706" lon="-74.678757"></trkpt>
<trkpt lat="46.201641" lon="-74.679556"></trkpt>
<trkpt lat="46.201706" lon="-74.680054"></trkpt>
<trkpt lat="46.202858" lon="-74.683440"></trkpt>
<trkpt lat="46.203149" lon="-74.684178"></trkpt>
<trkpt lat="46.203297" lon="-74.684472"></trkpt>
<trkpt lat="46.203573" lon="-74.684915"></trkpt>
<trkpt lat="46.203794" lon="-74.685215"></trkpt>
<trkpt lat="46.204228" lon="-74.685710"></trkpt>
<trkpt lat="46.204672" lon="-74.686060"></trkpt>
<trkpt lat="46.205230" lon="-74.686388"></trkpt>
<trkpt lat="46.211672" lon="-74.690028"></trkpt>
<trkpt lat="46.214504" lon="-74.691574"></trkpt>
<trkpt lat="46.216386" lon="-74.692691"></trkpt>
<trkpt lat="46.219509" lon="-74.694456"></trkpt>
<trkpt lat="46.221774" lon="-74.695570"></trkpt>
<trkpt lat="46.222409" lon="-74.695881"></trkpt>
<trkpt lat="46.226641" lon="-74.697909"></trkpt>
<trkpt lat="46.228367" lon="-74.698738"></trkpt>
<trkpt lat="46.232167" lon="-74.700547"></trkpt>
<trkpt lat="46.234543" lon="-74.701663"></trkpt>
<trkpt lat="46.236305" lon="-74.702444"></trkpt>
<trkpt lat="46.237392" lon="-74.702713"></trkpt>
<trkpt lat="46.240501" lon="-74.703361"></trkpt>
<trkpt lat="46.241051" lon="-74.703535"></trkpt>
<trkpt lat="46.241573" lon="-74.703776"></trkpt>
<trkpt lat="46.243191" lon="-74.704554"></trkpt>
<trkpt lat="46.245620" lon="-74.705647"></trkpt>
<trkpt lat="46.256315" lon="-74.710016"></trkpt>
<trkpt lat="46.265096" lon="-74.713611"></trkpt>
<trkpt lat="46.274522" lon="-74.717471"></trkpt>
<trkpt lat="46.278422" lon="-74.719166"></trkpt>
<trkpt lat="46.279223" lon="-74.719623"></trkpt>
<trkpt lat="46.279866" lon="-74.720098"></trkpt>
<trkpt lat="46.280749" lon="-74.720938"></trkpt>
<trkpt lat="46.281232" lon="-74.721561"></trkpt>
<trkpt lat="46.281498" lon="-74.721964"></trkpt>
<trkpt lat="46.281554" lon="-74.722048"></trkpt>
<trkpt lat="46.282002" lon="-74.722826"></trkpt>
<trkpt lat="46.282295" lon="-74.723392"></trkpt>
<trkpt lat="46.282897" lon="-74.724745"></trkpt>
<trkpt lat="46.283345" lon="-74.726164"></trkpt>
<trkpt lat="46.283558" lon="-74.727247"></trkpt>
<trkpt lat="46.283717" lon="-74.728379"></trkpt>
<trkpt lat="46.283758" lon="-74.729510"></trkpt>
<trkpt lat="46.283732" lon="-74.730832"></trkpt>
<trkpt lat="46.283674" lon="-74.731955"></trkpt>
<trkpt lat="46.283571" lon="-74.733085"></trkpt>
<trkpt lat="46.283144" lon="-74.737014"></trkpt>
<trkpt lat="46.282596" lon="-74.742094"></trkpt>
<trkpt lat="46.282651" lon="-74.743156"></trkpt>
<trkpt lat="46.282877" lon="-74.743730"></trkpt>
<trkpt lat="46.283114" lon="-74.744105"></trkpt>
<trkpt lat="46.283345" lon="-74.744355"></trkpt>
<trkpt lat="46.283621" lon="-74.744568"></trkpt>
<trkpt lat="46.284750" lon="-74.745297"></trkpt>
<trkpt lat="46.285109" lon="-74.745640"></trkpt>
<trkpt lat="46.289723" lon="-74.751383"></trkpt>
<trkpt lat="46.290143" lon="-74.751811"></trkpt>
<trkpt lat="46.290566" lon="-74.752144"></trkpt>
<trkpt lat="46.292862" lon="-74.753584"></trkpt>
<trkpt lat="46.294489" lon="-74.754714"></trkpt>
<trkpt lat="46.295019" lon="-74.755123"></trkpt>
<trkpt lat="46.295513" lon="-74.755596"></trkpt>
<trkpt lat="46.297869" lon="-74.758562"></trkpt>
<trkpt lat="46.298355" lon="-74.759245"></trkpt>
<trkpt lat="46.298756" lon="-74.759939"></trkpt>
<trkpt lat="46.299647" lon="-74.762013"></trkpt>
<trkpt lat="46.300398" lon="-74.763621"></trkpt>
<trkpt lat="46.300659" lon="-74.764064"></trkpt>
<trkpt lat="46.301128" lon="-74.764618"></trkpt>
<trkpt lat="46.301634" lon="-74.765000"></trkpt>
<trkpt lat="46.302215" lon="-74.765346"></trkpt>
<trkpt lat="46.302924" lon="-74.765575"></trkpt>
<trkpt lat="46.314797" lon="-74.767768"></trkpt>
<trkpt lat="46.315345" lon="-74.767969"></trkpt>
<trkpt lat="46.315719" lon="-74.768250"></trkpt>
<trkpt lat="46.316124" lon="-74.768674"></trkpt>
<trkpt lat="46.316503" lon="-74.769266"></trkpt>
<trkpt lat="46.316837" lon="-74.770087"></trkpt>
<trkpt lat="46.317051" lon="-74.770928"></trkpt>
<trkpt lat="46.317231" lon="-74.771927"></trkpt>
<trkpt lat="46.318117" lon="-74.775698"></trkpt>
<trkpt lat="46.318454" lon="-74.776863"></trkpt>
<trkpt lat="46.318858" lon="-74.777733"></trkpt>
<trkpt lat="46.319595" lon="-74.779042"></trkpt>
<trkpt lat="46.320349" lon="-74.780480"></trkpt>
<trkpt lat="46.321129" lon="-74.781866"></trkpt>
<trkpt lat="46.321883" lon="-74.782920"></trkpt>
<trkpt lat="46.322530" lon="-74.783571"></trkpt>
<trkpt lat="46.325536" lon="-74.785649"></trkpt>
<trkpt lat="46.326068" lon="-74.785962"></trkpt>
<trkpt lat="46.326342" lon="-74.786041"></trkpt>
<trkpt lat="46.326863" lon="-74.786072"></trkpt>
<trkpt lat="46.328163" lon="-74.785709"></trkpt>
<trkpt lat="46.331158" lon="-74.785032"></trkpt>
<trkpt lat="46.339664" lon="-74.783083"></trkpt>
<trkpt lat="46.345152" lon="-74.781855"></trkpt>
<trkpt lat="46.346449" lon="-74.781393"></trkpt>
<trkpt lat="46.347666" lon="-74.780871"></trkpt>
<trkpt lat="46.348553" lon="-74.780390"></trkpt>
<trkpt lat="46.350921" lon="-74.779015"></trkpt>
<trkpt lat="46.351446" lon="-74.778858"></trkpt>
<trkpt lat="46.351660" lon="-74.778835"></trkpt>
<trkpt lat="46.351884" lon="-74.778847"></trkpt>
<trkpt lat="46.352146" lon="-74.778908"></trkpt>
<trkpt lat="46.352445" lon="-74.779063"></trkpt>
<trkpt lat="46.352923" lon="-74.779408"></trkpt>
<trkpt lat="46.353617" lon="-74.779984"></trkpt>
<trkpt lat="46.354674" lon="-74.780922"></trkpt>
<trkpt lat="46.355324" lon="-74.781578"></trkpt>
<trkpt lat="46.355639" lon="-74.782082"></trkpt>
<trkpt lat="46.355867" lon="-74.782663"></trkpt>
<trkpt lat="46.356074" lon="-74.783393"></trkpt>
<trkpt lat="46.356789" lon="-74.786617"></trkpt>
<trkpt lat="46.356972" lon="-74.787600"></trkpt>
<trkpt lat="46.357086" lon="-74.788825"></trkpt>
<trkpt lat="46.357182" lon="-74.790674"></trkpt>
<trkpt lat="46.357308" lon="-74.791257"></trkpt>
<trkpt lat="46.357990" lon="-74.793525"></trkpt>
<trkpt lat="46.358157" lon="-74.794511"></trkpt>
<trkpt lat="46.358206" lon="-74.795633"></trkpt>
<trkpt lat="46.358072" lon="-74.800316"></trkpt>
<trkpt lat="46.357955" lon="-74.803350"></trkpt>
<trkpt lat="46.357993" lon="-74.804570"></trkpt>
<trkpt lat="46.358047" lon="-74.805008"></trkpt>
<trkpt lat="46.358178" lon="-74.805419"></trkpt>
<trkpt lat="46.358366" lon="-74.805866"></trkpt>
<trkpt lat="46.359054" lon="-74.806928"></trkpt>
<trkpt lat="46.359274" lon="-74.807354"></trkpt>
<trkpt lat="46.360823" lon="-74.811033"></trkpt>
<trkpt lat="46.361190" lon="-74.811838"></trkpt>
<trkpt lat="46.361545" lon="-74.812442"></trkpt>
<trkpt lat="46.361969" lon="-74.812995"></trkpt>
<trkpt lat="46.363510" lon="-74.814524"></trkpt>
<trkpt lat="46.363749" lon="-74.814871"></trkpt>
<trkpt lat="46.364040" lon="-74.815415"></trkpt>
<trkpt lat="46.364694" lon="-74.817129"></trkpt>
<trkpt lat="46.364969" lon="-74.817667"></trkpt>
<trkpt lat="46.365174" lon="-74.817970"></trkpt>
<trkpt lat="46.365374" lon="-74.818206"></trkpt>
<trkpt lat="46.365803" lon="-74.818569"></trkpt>
<trkpt lat="46.366077" lon="-74.818710"></trkpt>
<trkpt lat="46.366469" lon="-74.818778"></trkpt>
<trkpt lat="46.367256" lon="-74.818830"></trkpt>
<trkpt lat="46.367897" lon="-74.818964"></trkpt>
<trkpt lat="46.368166" lon="-74.819091"></trkpt>
<trkpt lat="46.368385" lon="-74.819252"></trkpt>
<trkpt lat="46.368831" lon="-74.819765"></trkpt>
<trkpt lat="46.369081" lon="-74.820226"></trkpt>
<trkpt lat="46.369220" lon="-74.820681"></trkpt>
<trkpt lat="46.369337" lon="-74.821223"></trkpt>
<trkpt lat="46.370361" lon="-74.831033"></trkpt>
<trkpt lat="46.370836" lon="-74.839038"></trkpt>
<trkpt lat="46.370965" lon="-74.840032"></trkpt>
<trkpt lat="46.371162" lon="-74.841189"></trkpt>
<trkpt lat="46.371917" lon="-74.845361"></trkpt>
<trkpt lat="46.372429" lon="-74.847120"></trkpt>
<trkpt lat="46.372821" lon="-74.848003"></trkpt>
<trkpt lat="46.373466" lon="-74.848997"></trkpt>
<trkpt lat="46.374178" lon="-74.849769"></trkpt>
<trkpt lat="46.375138" lon="-74.850480"></trkpt>
<trkpt lat="46.379581" lon="-74.853385"></trkpt>
<trkpt lat="46.384422" lon="-74.856562"></trkpt>
<trkpt lat="46.387141" lon="-74.858099"></trkpt>
<trkpt lat="46.395156" lon="-74.862531"></trkpt>
<trkpt lat="46.399947" lon="-74.865140"></trkpt>
<trkpt lat="46.401274" lon="-74.865925"></trkpt>
<trkpt lat="46.401653" lon="-74.866053"></trkpt>
<trkpt lat="46.402042" lon="-74.866124"></trkpt>
<trkpt lat="46.402260" lon="-74.866124"></trkpt>
<trkpt lat="46.402600" lon="-74.866126"></trkpt>
<trkpt lat="46.403170" lon="-74.866069"></trkpt>
<trkpt lat="46.406126" lon="-74.865980"></trkpt>
<trkpt lat="46.406605" lon="-74.866019"></trkpt>
<trkpt lat="46.406965" lon="-74.866097"></trkpt>
<trkpt lat="46.407380" lon="-74.866315"></trkpt>
<trkpt lat="46.407610" lon="-74.866499"></trkpt>
<trkpt lat="46.407909" lon="-74.866857"></trkpt>
<trkpt lat="46.408222" lon="-74.867413"></trkpt>
<trkpt lat="46.408630" lon="-74.868642"></trkpt>
<trkpt lat="46.408783" lon="-74.868936"></trkpt>
<trkpt lat="46.408994" lon="-74.869201"></trkpt>
<trkpt lat="46.409262" lon="-74.869433"></trkpt>
<trkpt lat="46.409491" lon="-74.869563"></trkpt>
<trkpt lat="46.409869" lon="-74.869681"></trkpt>
<trkpt lat="46.413004" lon="-74.869799"></trkpt>
<trkpt lat="46.413473" lon="-74.869845"></trkpt>
<trkpt lat="46.413868" lon="-74.869928"></trkpt>
<trkpt lat="46.414172" lon="-74.870106"></trkpt>
<trkpt lat="46.414587" lon="-74.870485"></trkpt>
<trkpt lat="46.416472" lon="-74.872695"></trkpt>
<trkpt lat="46.416905" lon="-74.873326"></trkpt>
<trkpt lat="46.417386" lon="-74.874394"></trkpt>
<trkpt lat="46.417705" lon="-74.874996"></trkpt>
<trkpt lat="46.417948" lon="-74.875392"></trkpt>
<trkpt lat="46.418411" lon="-74.875946"></trkpt>
<trkpt lat="46.418803" lon="-74.876494"></trkpt>
<trkpt lat="46.420551" lon="-74.878629"></trkpt>
<trkpt lat="46.422886" lon="-74.881479"></trkpt>
<trkpt lat="46.424864" lon="-74.883853"></trkpt>
<trkpt lat="46.426268" lon="-74.885111"></trkpt>
<trkpt lat="46.426997" lon="-74.885822"></trkpt>
<trkpt lat="46.427278" lon="-74.886173"></trkpt>
<trkpt lat="46.427559" lon="-74.886622"></trkpt>
<trkpt lat="46.430112" lon="-74.891335"></trkpt>
<trkpt lat="46.431120" lon="-74.893147"></trkpt>
<trkpt lat="46.432905" lon="-74.895356"></trkpt>
<trkpt lat="46.435030" lon="-74.897736"></trkpt>
<trkpt lat="46.438048" lon="-74.901114"></trkpt>
<trkpt lat="46.439348" lon="-74.902870"></trkpt>
<trkpt lat="46.440046" lon="-74.903955"></trkpt>
<trkpt lat="46.440350" lon="-74.904556"></trkpt>
<trkpt lat="46.440859" lon="-74.905905"></trkpt>
<trkpt lat="46.445206" lon="-74.916927"></trkpt>
<trkpt lat="46.445494" lon="-74.918036"></trkpt>
<trkpt lat="46.445766" lon="-74.919566"></trkpt>
<trkpt lat="46.445892" lon="-74.920908"></trkpt>
<trkpt lat="46.445880" lon="-74.922322"></trkpt>
<trkpt lat="46.445743" lon="-74.923649"></trkpt>
<trkpt lat="46.445615" lon="-74.924507"></trkpt>
<trkpt lat="46.445403" lon="-74.925308"></trkpt>
<trkpt lat="46.445225" lon="-74.925789"></trkpt>
<trkpt lat="46.445016" lon="-74.926247"></trkpt>
<trkpt lat="46.443911" lon="-74.928670"></trkpt>
<trkpt lat="46.442525" lon="-74.931390"></trkpt>
<trkpt lat="46.442100" lon="-74.932028"></trkpt>
<trkpt lat="46.440764" lon="-74.933341"></trkpt>
<trkpt lat="46.431704" lon="-74.941702"></trkpt>
<trkpt lat="46.431120" lon="-74.942209"></trkpt>
<trkpt lat="46.430563" lon="-74.942628"></trkpt>
<trkpt lat="46.430065" lon="-74.942868"></trkpt>
<trkpt lat="46.424190" lon="-74.944762"></trkpt>
<trkpt lat="46.423304" lon="-74.944945"></trkpt>
<trkpt lat="46.422803" lon="-74.944955"></trkpt>
<trkpt lat="46.422196" lon="-74.944852"></trkpt>
<trkpt lat="46.419786" lon="-74.944120"></trkpt>
<trkpt lat="46.419047" lon="-74.944112"></trkpt>
<trkpt lat="46.418458" lon="-74.944229"></trkpt>
<trkpt lat="46.418031" lon="-74.944384"></trkpt>
<trkpt lat="46.417647" lon="-74.944684"></trkpt>
<trkpt lat="46.417179" lon="-74.945203"></trkpt>
<trkpt lat="46.416659" lon="-74.945969"></trkpt>
<trkpt lat="46.416358" lon="-74.946618"></trkpt>
<trkpt lat="46.416143" lon="-74.947362"></trkpt>
<trkpt lat="46.415962" lon="-74.948420"></trkpt>
<trkpt lat="46.415750" lon="-74.950296"></trkpt>
<trkpt lat="46.414083" lon="-74.964992"></trkpt>
<trkpt lat="46.413814" lon="-74.967120"></trkpt>
<trkpt lat="46.413599" lon="-74.968079"></trkpt>
<trkpt lat="46.413280" lon="-74.969085"></trkpt>
<trkpt lat="46.412768" lon="-74.970156"></trkpt>
<trkpt lat="46.411465" lon="-74.972453"></trkpt>
<trkpt lat="46.410450" lon="-74.973848"></trkpt>
<trkpt lat="46.409385" lon="-74.975008"></trkpt>
<trkpt lat="46.404970" lon="-74.979302"></trkpt>
<trkpt lat="46.401744" lon="-74.982440"></trkpt>
<trkpt lat="46.399561" lon="-74.984782"></trkpt>
<trkpt lat="46.396606" lon="-74.988438"></trkpt>
<trkpt lat="46.393116" lon="-74.992751"></trkpt>
<trkpt lat="46.392781" lon="-74.993280"></trkpt>
<trkpt lat="46.392548" lon="-74.993339"></trkpt>
<trkpt lat="46.391950" lon="-74.994372"></trkpt>
<trkpt lat="46.391549" lon="-74.994889"></trkpt>
<trkpt lat="46.390498" lon="-74.995890"></trkpt>
<trkpt lat="46.389508" lon="-74.996787"></trkpt>
<trkpt lat="46.388630" lon="-74.997466"></trkpt>
<trkpt lat="46.388539" lon="-74.997536"></trkpt>
<trkpt lat="46.388361" lon="-74.997570"></trkpt>
<trkpt lat="46.388055" lon="-74.997695"></trkpt>
<trkpt lat="46.387914" lon="-74.997761"></trkpt>
<trkpt lat="46.387566" lon="-74.997922"></trkpt>
<trkpt lat="46.387487" lon="-74.997959"></trkpt>
<trkpt lat="46.386729" lon="-74.998375"></trkpt>
<trkpt lat="46.386495" lon="-74.998585"></trkpt>
<trkpt lat="46.385800" lon="-74.999493"></trkpt>
<trkpt lat="46.385441" lon="-74.999850"></trkpt>
<trkpt lat="46.384837" lon="-75.000377"></trkpt>
<trkpt lat="46.384429" lon="-75.000660"></trkpt>
<trkpt lat="46.383359" lon="-75.001340"></trkpt>
<trkpt lat="46.382731" lon="-75.001795"></trkpt>
<trkpt lat="46.381849" lon="-75.002315"></trkpt>
<trkpt lat="46.381236" lon="-75.002582"></trkpt>
<trkpt lat="46.380994" lon="-75.002653"></trkpt>
<trkpt lat="46.380616" lon="-75.002679"></trkpt>
<trkpt lat="46.380380" lon="-75.002644"></trkpt>
<trkpt lat="46.379125" lon="-75.002254"></trkpt>
<trkpt lat="46.378638" lon="-75.001871"></trkpt>
<trkpt lat="46.378393" lon="-75.001590"></trkpt>
<trkpt lat="46.378263" lon="-75.001360"></trkpt>
<trkpt lat="46.378155" lon="-75.001072"></trkpt>
<trkpt lat="46.376764" lon="-74.994721"></trkpt>
<trkpt lat="46.376242" lon="-74.992432"></trkpt>
<trkpt lat="46.375999" lon="-74.991470"></trkpt>
<trkpt lat="46.375918" lon="-74.990976"></trkpt>
<trkpt lat="46.375927" lon="-74.990547"></trkpt>
<trkpt lat="46.375954" lon="-74.990404"></trkpt>
<trkpt lat="46.376089" lon="-74.989923"></trkpt>
<trkpt lat="46.376503" lon="-74.988843"></trkpt>
<trkpt lat="46.376584" lon="-74.988492"></trkpt>
<trkpt lat="46.376620" lon="-74.988206"></trkpt>
<trkpt lat="46.376602" lon="-74.987712"></trkpt>
<trkpt lat="46.376476" lon="-74.987114"></trkpt>
<trkpt lat="46.376125" lon="-74.986295"></trkpt>
<trkpt lat="46.375936" lon="-74.986009"></trkpt>
<trkpt lat="46.375711" lon="-74.985580"></trkpt>
<trkpt lat="46.375612" lon="-74.985268"></trkpt>
<trkpt lat="46.375549" lon="-74.984891"></trkpt>
<trkpt lat="46.375512" lon="-74.983292"></trkpt>
<trkpt lat="46.375449" lon="-74.982680"></trkpt>
<trkpt lat="46.375296" lon="-74.981900"></trkpt>
<trkpt lat="46.375035" lon="-74.980925"></trkpt>
<trkpt lat="46.374702" lon="-74.978975"></trkpt>
<trkpt lat="46.374477" lon="-74.978195"></trkpt>
<trkpt lat="46.374314" lon="-74.977896"></trkpt>
<trkpt lat="46.374215" lon="-74.977766"></trkpt>
<trkpt lat="46.373513" lon="-74.977181"></trkpt>
<trkpt lat="46.373234" lon="-74.976804"></trkpt>
<trkpt lat="46.372208" lon="-74.974932"></trkpt>
<trkpt lat="46.371677" lon="-74.974087"></trkpt>
<trkpt lat="46.371308" lon="-74.973632"></trkpt>
<trkpt lat="46.370920" lon="-74.973230"></trkpt>
<trkpt lat="46.370587" lon="-74.972775"></trkpt>
<trkpt lat="46.370110" lon="-74.971826"></trkpt>
<trkpt lat="46.369723" lon="-74.970916"></trkpt>
<trkpt lat="46.369327" lon="-74.970136"></trkpt>
<trkpt lat="46.368931" lon="-74.969148"></trkpt>
<trkpt lat="46.368480" lon="-74.967380"></trkpt>
<trkpt lat="46.368156" lon="-74.965898"></trkpt>
<trkpt lat="46.367840" lon="-74.964208"></trkpt>
<trkpt lat="46.367293" lon="-74.962242"></trkpt>
<trkpt lat="46.367146" lon="-74.961882"></trkpt>
<trkpt lat="46.366903" lon="-74.961401"></trkpt>
<trkpt lat="46.366169" lon="-74.960295"></trkpt>
<trkpt lat="46.365544" lon="-74.959296"></trkpt>
<trkpt lat="46.365346" lon="-74.959028"></trkpt>
<trkpt lat="46.365188" lon="-74.958896"></trkpt>
<trkpt lat="46.365001" lon="-74.958856"></trkpt>
<trkpt lat="46.364865" lon="-74.958868"></trkpt>
<trkpt lat="46.364637" lon="-74.959001"></trkpt>
<trkpt lat="46.364212" lon="-74.959479"></trkpt>
<trkpt lat="46.362350" lon="-74.961807"></trkpt>
<trkpt lat="46.361810" lon="-74.962808"></trkpt>
<trkpt lat="46.361378" lon="-74.963485"></trkpt>
<trkpt lat="46.361144" lon="-74.963745"></trkpt>
<trkpt lat="46.360622" lon="-74.964031"></trkpt>
<trkpt lat="46.360334" lon="-74.964135"></trkpt>
<trkpt lat="46.359875" lon="-74.964175"></trkpt>
<trkpt lat="46.359562" lon="-74.964144"></trkpt>
<trkpt lat="46.358624" lon="-74.963876"></trkpt>
<trkpt lat="46.357490" lon="-74.963760"></trkpt>
<trkpt lat="46.357319" lon="-74.963708"></trkpt>
<trkpt lat="46.357022" lon="-74.963527"></trkpt>
<trkpt lat="46.356716" lon="-74.963280"></trkpt>
<trkpt lat="46.356176" lon="-74.962721"></trkpt>
<trkpt lat="46.355087" lon="-74.962007"></trkpt>
<trkpt lat="46.354304" lon="-74.961670"></trkpt>
<trkpt lat="46.353881" lon="-74.961566"></trkpt>
<trkpt lat="46.353665" lon="-74.961592"></trkpt>
<trkpt lat="46.353395" lon="-74.961709"></trkpt>
<trkpt lat="46.352846" lon="-74.962217"></trkpt>
<trkpt lat="46.352594" lon="-74.962412"></trkpt>
<trkpt lat="46.352171" lon="-74.962672"></trkpt>
<trkpt lat="46.351883" lon="-74.962815"></trkpt>
<trkpt lat="46.351361" lon="-74.962971"></trkpt>
<trkpt lat="46.351091" lon="-74.963089"></trkpt>
<trkpt lat="46.350632" lon="-74.963349"></trkpt>
<trkpt lat="46.350182" lon="-74.963596"></trkpt>
<trkpt lat="46.350017" lon="-74.963646"></trkpt>
<trkpt lat="46.349669" lon="-74.963752"></trkpt>
<trkpt lat="46.348805" lon="-74.963792"></trkpt>
<trkpt lat="46.348113" lon="-74.963961"></trkpt>
<trkpt lat="46.347464" lon="-74.964265"></trkpt>
<trkpt lat="46.347294" lon="-74.964287"></trkpt>
<trkpt lat="46.346349" lon="-74.964145"></trkpt>
<trkpt lat="46.345569" lon="-74.964210"></trkpt>
<trkpt lat="46.345039" lon="-74.964228"></trkpt>
<trkpt lat="46.344450" lon="-74.964133"></trkpt>
<trkpt lat="46.343442" lon="-74.963913"></trkpt>
<trkpt lat="46.339185" lon="-74.963564"></trkpt>
<trkpt lat="46.338384" lon="-74.963474"></trkpt>
<trkpt lat="46.338326" lon="-74.963445"></trkpt>
<trkpt lat="46.338105" lon="-74.963331"></trkpt>
<trkpt lat="46.337852" lon="-74.963110"></trkpt>
<trkpt lat="46.337510" lon="-74.962753"></trkpt>
<trkpt lat="46.337260" lon="-74.962558"></trkpt>
<trkpt lat="46.336889" lon="-74.962384"></trkpt>
<trkpt lat="46.335338" lon="-74.962035"></trkpt>
<trkpt lat="46.334637" lon="-74.961845"></trkpt>
<trkpt lat="46.334117" lon="-74.961645"></trkpt>
<trkpt lat="46.333703" lon="-74.961385"></trkpt>
<trkpt lat="46.333136" lon="-74.960866"></trkpt>
<trkpt lat="46.332929" lon="-74.960736"></trkpt>
<trkpt lat="46.332677" lon="-74.960684"></trkpt>
<trkpt lat="46.332425" lon="-74.960698"></trkpt>
<trkpt lat="46.331453" lon="-74.960893"></trkpt>
<trkpt lat="46.330319" lon="-74.961206"></trkpt>
<trkpt lat="46.329833" lon="-74.961411"></trkpt>
<trkpt lat="46.329581" lon="-74.961518"></trkpt>
<trkpt lat="46.329428" lon="-74.961544"></trkpt>
<trkpt lat="46.328987" lon="-74.961532"></trkpt>
<trkpt lat="46.328690" lon="-74.961454"></trkpt>
<trkpt lat="46.328150" lon="-74.961207"></trkpt>
<trkpt lat="46.327916" lon="-74.961000"></trkpt>
<trkpt lat="46.326692" lon="-74.959549"></trkpt>
<trkpt lat="46.326237" lon="-74.959127"></trkpt>
<trkpt lat="46.325189" lon="-74.958250"></trkpt>
<trkpt lat="46.324660" lon="-74.957844"></trkpt>
<trkpt lat="46.324209" lon="-74.957604"></trkpt>
<trkpt lat="46.323860" lon="-74.957522"></trkpt>
<trkpt lat="46.323541" lon="-74.957508"></trkpt>
<trkpt lat="46.323091" lon="-74.957392"></trkpt>
<trkpt lat="46.322569" lon="-74.957145"></trkpt>
<trkpt lat="46.322146" lon="-74.956886"></trkpt>
<trkpt lat="46.321840" lon="-74.956613"></trkpt>
<trkpt lat="46.319571" lon="-74.954342"></trkpt>
<trkpt lat="46.318869" lon="-74.953680"></trkpt>
<trkpt lat="46.318571" lon="-74.953473"></trkpt>
<trkpt lat="46.317842" lon="-74.953213"></trkpt>
<trkpt lat="46.316690" lon="-74.952890"></trkpt>
<trkpt lat="46.315430" lon="-74.952644"></trkpt>
<trkpt lat="46.315047" lon="-74.952674"></trkpt>
<trkpt lat="46.313368" lon="-74.953002"></trkpt>
<trkpt lat="46.312055" lon="-74.953140"></trkpt>
<trkpt lat="46.311758" lon="-74.953244"></trkpt>
<trkpt lat="46.311089" lon="-74.953652"></trkpt>
<trkpt lat="46.310965" lon="-74.953716"></trkpt>
<trkpt lat="46.310571" lon="-74.953882"></trkpt>
<trkpt lat="46.310149" lon="-74.953983"></trkpt>
<trkpt lat="46.309806" lon="-74.953917"></trkpt>
<trkpt lat="46.309150" lon="-74.953626"></trkpt>
<trkpt lat="46.308501" lon="-74.953338"></trkpt>
<trkpt lat="46.308158" lon="-74.952975"></trkpt>
<trkpt lat="46.307807" lon="-74.952547"></trkpt>
<trkpt lat="46.307132" lon="-74.951898"></trkpt>
<trkpt lat="46.306826" lon="-74.951677"></trkpt>
<trkpt lat="46.306331" lon="-74.951392"></trkpt>
<trkpt lat="46.305777" lon="-74.950993"></trkpt>
<trkpt lat="46.304628" lon="-74.950060"></trkpt>
<trkpt lat="46.304098" lon="-74.949693"></trkpt>
<trkpt lat="46.303603" lon="-74.949447"></trkpt>
<trkpt lat="46.302100" lon="-74.948903"></trkpt>
<trkpt lat="46.301952" lon="-74.948800"></trkpt>
<trkpt lat="46.301803" lon="-74.948695"></trkpt>
<trkpt lat="46.301699" lon="-74.948530"></trkpt>
<trkpt lat="46.301588" lon="-74.948202"></trkpt>
<trkpt lat="46.301137" lon="-74.946467"></trkpt>
<trkpt lat="46.300667" lon="-74.945255"></trkpt>
<trkpt lat="46.300496" lon="-74.944333"></trkpt>
<trkpt lat="46.300360" lon="-74.942269"></trkpt>
<trkpt lat="46.300278" lon="-74.941633"></trkpt>
<trkpt lat="46.300116" lon="-74.941049"></trkpt>
<trkpt lat="46.299746" lon="-74.940010"></trkpt>
<trkpt lat="46.299438" lon="-74.939416"></trkpt>
<trkpt lat="46.298883" lon="-74.938480"></trkpt>
<trkpt lat="46.297638" lon="-74.936190"></trkpt>
<trkpt lat="46.296869" lon="-74.936232"></trkpt>
<trkpt lat="46.296576" lon="-74.936183"></trkpt>
<trkpt lat="46.296369" lon="-74.936093"></trkpt>
<trkpt lat="46.295775" lon="-74.935613"></trkpt>
<trkpt lat="46.295442" lon="-74.935497"></trkpt>
<trkpt lat="46.288161" lon="-74.935518"></trkpt>
<trkpt lat="46.284966" lon="-74.935509"></trkpt>
<trkpt lat="46.284003" lon="-74.935471"></trkpt>
<trkpt lat="46.283718" lon="-74.935496"></trkpt>
<trkpt lat="46.283517" lon="-74.935563"></trkpt>
<trkpt lat="46.283454" lon="-74.935602"></trkpt>
<trkpt lat="46.283121" lon="-74.935991"></trkpt>
<trkpt lat="46.282855" lon="-74.936357"></trkpt>
<trkpt lat="46.282717" lon="-74.936482"></trkpt>
<trkpt lat="46.282276" lon="-74.936693"></trkpt>
<trkpt lat="46.281718" lon="-74.936889"></trkpt>
<trkpt lat="46.281457" lon="-74.937084"></trkpt>
<trkpt lat="46.281115" lon="-74.937577"></trkpt>
<trkpt lat="46.280864" lon="-74.937826"></trkpt>
<trkpt lat="46.280530" lon="-74.937902"></trkpt>
<trkpt lat="46.279685" lon="-74.937838"></trkpt>
<trkpt lat="46.279451" lon="-74.937748"></trkpt>
<trkpt lat="46.278766" lon="-74.937346"></trkpt>
<trkpt lat="46.277101" lon="-74.936634"></trkpt>
<trkpt lat="46.275782" lon="-74.936501"></trkpt>
<trkpt lat="46.275629" lon="-74.936506"></trkpt>
<trkpt lat="46.275529" lon="-74.936544"></trkpt>
<trkpt lat="46.275371" lon="-74.936661"></trkpt>
<trkpt lat="46.275235" lon="-74.936821"></trkpt>
<trkpt lat="46.274859" lon="-74.937460"></trkpt>
<trkpt lat="46.274761" lon="-74.937558"></trkpt>
<trkpt lat="46.274583" lon="-74.937642"></trkpt>
<trkpt lat="46.274430" lon="-74.937641"></trkpt>
<trkpt lat="46.274276" lon="-74.937586"></trkpt>
<trkpt lat="46.274132" lon="-74.937477"></trkpt>
<trkpt lat="46.274041" lon="-74.937339"></trkpt>
<trkpt lat="46.273959" lon="-74.936966"></trkpt>
<trkpt lat="46.273978" lon="-74.936729"></trkpt>
<trkpt lat="46.274211" lon="-74.935366"></trkpt>
<trkpt lat="46.274265" lon="-74.934847"></trkpt>
<trkpt lat="46.274274" lon="-74.934522"></trkpt>
<trkpt lat="46.274246" lon="-74.934304"></trkpt>
<trkpt lat="46.273963" lon="-74.932058"></trkpt>
<trkpt lat="46.273893" lon="-74.931127"></trkpt>
<trkpt lat="46.272760" lon="-74.931500"></trkpt>
<trkpt lat="46.271489" lon="-74.931771"></trkpt>
<trkpt lat="46.270148" lon="-74.932964"></trkpt>
<trkpt lat="46.269044" lon="-74.933568"></trkpt>
<trkpt lat="46.268441" lon="-74.933711"></trkpt>
<trkpt lat="46.268171" lon="-74.933699"></trkpt>
<trkpt lat="46.267856" lon="-74.933673"></trkpt>
<trkpt lat="46.267055" lon="-74.933505"></trkpt>
<trkpt lat="46.266520" lon="-74.933473"></trkpt>
<trkpt lat="46.266416" lon="-74.933493"></trkpt>
<trkpt lat="46.266155" lon="-74.933623"></trkpt>
<trkpt lat="46.265930" lon="-74.933792"></trkpt>
<trkpt lat="46.265589" lon="-74.934117"></trkpt>
<trkpt lat="46.265013" lon="-74.934780"></trkpt>
<trkpt lat="46.264779" lon="-74.934988"></trkpt>
<trkpt lat="46.264149" lon="-74.935417"></trkpt>
<trkpt lat="46.263641" lon="-74.935550"></trkpt>
<trkpt lat="46.262862" lon="-74.935755"></trkpt>
<trkpt lat="46.262277" lon="-74.935849"></trkpt>
<trkpt lat="46.261882" lon="-74.935912"></trkpt>
<trkpt lat="46.259064" lon="-74.935892"></trkpt>
<trkpt lat="46.258586" lon="-74.935891"></trkpt>
<trkpt lat="46.258075" lon="-74.935887"></trkpt>
<trkpt lat="46.257213" lon="-74.935878"></trkpt>
<trkpt lat="46.256130" lon="-74.935867"></trkpt>
<trkpt lat="46.255341" lon="-74.935857"></trkpt>
<trkpt lat="46.255330" lon="-74.933383"></trkpt>
<trkpt lat="46.255328" lon="-74.932508"></trkpt>
<trkpt lat="46.255377" lon="-74.932139"></trkpt>
<trkpt lat="46.255444" lon="-74.931638"></trkpt>
<trkpt lat="46.255552" lon="-74.931106"></trkpt>
<trkpt lat="46.255741" lon="-74.930496"></trkpt>
<trkpt lat="46.255830" lon="-74.930223"></trkpt>
<trkpt lat="46.256127" lon="-74.929587"></trkpt>
<trkpt lat="46.256478" lon="-74.929003"></trkpt>
<trkpt lat="46.257557" lon="-74.927652"></trkpt>
<trkpt lat="46.257970" lon="-74.927185"></trkpt>
<trkpt lat="46.258274" lon="-74.926778"></trkpt>
<trkpt lat="46.259292" lon="-74.925574"></trkpt>
<trkpt lat="46.259508" lon="-74.925249"></trkpt>
<trkpt lat="46.259994" lon="-74.924626"></trkpt>
<trkpt lat="46.260824" lon="-74.923370"></trkpt>
<trkpt lat="46.261359" lon="-74.922561"></trkpt>
<trkpt lat="46.262080" lon="-74.921587"></trkpt>
<trkpt lat="46.262709" lon="-74.920937"></trkpt>
<trkpt lat="46.264519" lon="-74.919198"></trkpt>
<trkpt lat="46.264940" lon="-74.918754"></trkpt>
<trkpt lat="46.265533" lon="-74.918013"></trkpt>
<trkpt lat="46.266225" lon="-74.916961"></trkpt>
<trkpt lat="46.269983" lon="-74.911011"></trkpt>
<trkpt lat="46.270450" lon="-74.910219"></trkpt>
<trkpt lat="46.271007" lon="-74.908933"></trkpt>
<trkpt lat="46.271259" lon="-74.908245"></trkpt>
<trkpt lat="46.271339" lon="-74.907959"></trkpt>
<trkpt lat="46.272140" lon="-74.905060"></trkpt>
<trkpt lat="46.272407" lon="-74.904051"></trkpt>
<trkpt lat="46.272586" lon="-74.903090"></trkpt>
<trkpt lat="46.272613" lon="-74.902364"></trkpt>
<trkpt lat="46.272540" lon="-74.901806"></trkpt>
<trkpt lat="46.272387" lon="-74.901118"></trkpt>
<trkpt lat="46.272269" lon="-74.900729"></trkpt>
<trkpt lat="46.271286" lon="-74.898018"></trkpt>
<trkpt lat="46.270544" lon="-74.895919"></trkpt>
<trkpt lat="46.270284" lon="-74.895178"></trkpt>
<trkpt lat="46.269652" lon="-74.892934"></trkpt>
<trkpt lat="46.269300" lon="-74.891546"></trkpt>
<trkpt lat="46.269038" lon="-74.890366"></trkpt>
<trkpt lat="46.268956" lon="-74.889444"></trkpt>
<trkpt lat="46.268982" lon="-74.888471"></trkpt>
<trkpt lat="46.269080" lon="-74.887692"></trkpt>
<trkpt lat="46.269461" lon="-74.886099"></trkpt>
<trkpt lat="46.269627" lon="-74.885407"></trkpt>
<trkpt lat="46.269717" lon="-74.884888"></trkpt>
<trkpt lat="46.269788" lon="-74.884122"></trkpt>
<trkpt lat="46.269795" lon="-74.882798"></trkpt>
<trkpt lat="46.269750" lon="-74.882020"></trkpt>
<trkpt lat="46.269668" lon="-74.881514"></trkpt>
<trkpt lat="46.268982" lon="-74.879205"></trkpt>
<trkpt lat="46.268900" lon="-74.878725"></trkpt>
<trkpt lat="46.268900" lon="-74.878037"></trkpt>
<trkpt lat="46.268953" lon="-74.877220"></trkpt>
<trkpt lat="46.269057" lon="-74.876312"></trkpt>
<trkpt lat="46.269219" lon="-74.873897"></trkpt>
<trkpt lat="46.269424" lon="-74.871664"></trkpt>
<trkpt lat="46.269450" lon="-74.871119"></trkpt>
<trkpt lat="46.269420" lon="-74.868991"></trkpt>
<trkpt lat="46.269447" lon="-74.868472"></trkpt>
<trkpt lat="46.269500" lon="-74.867965"></trkpt>
<trkpt lat="46.269769" lon="-74.866563"></trkpt>
<trkpt lat="46.269894" lon="-74.866057"></trkpt>
<trkpt lat="46.270190" lon="-74.865083"></trkpt>
<trkpt lat="46.270342" lon="-74.864381"></trkpt>
<trkpt lat="46.270378" lon="-74.863927"></trkpt>
<trkpt lat="46.270323" lon="-74.863174"></trkpt>
<trkpt lat="46.269874" lon="-74.859918"></trkpt>
<trkpt lat="46.269855" lon="-74.859220"></trkpt>
<trkpt lat="46.269921" lon="-74.858919"></trkpt>
<trkpt lat="46.270014" lon="-74.858640"></trkpt>
<trkpt lat="46.270537" lon="-74.857326"></trkpt>
<trkpt lat="46.270889" lon="-74.856618"></trkpt>
<trkpt lat="46.272113" lon="-74.854470"></trkpt>
<trkpt lat="46.272233" lon="-74.854145"></trkpt>
<trkpt lat="46.272317" lon="-74.853686"></trkpt>
<trkpt lat="46.272287" lon="-74.853249"></trkpt>
<trkpt lat="46.272226" lon="-74.852943"></trkpt>
<trkpt lat="46.272117" lon="-74.852635"></trkpt>
<trkpt lat="46.271798" lon="-74.852219"></trkpt>
<trkpt lat="46.271605" lon="-74.852098"></trkpt>
<trkpt lat="46.270750" lon="-74.851779"></trkpt>
<trkpt lat="46.269814" lon="-74.851388"></trkpt>
<trkpt lat="46.269376" lon="-74.851291"></trkpt>
<trkpt lat="46.267107" lon="-74.851173"></trkpt>
<trkpt lat="46.266432" lon="-74.851087"></trkpt>
<trkpt lat="46.265913" lon="-74.850926"></trkpt>
<trkpt lat="46.265393" lon="-74.850637"></trkpt>
<trkpt lat="46.263725" lon="-74.849296"></trkpt>
<trkpt lat="46.263213" lon="-74.848781"></trkpt>
<trkpt lat="46.262923" lon="-74.848234"></trkpt>
<trkpt lat="46.262274" lon="-74.846195"></trkpt>
<trkpt lat="46.262234" lon="-74.846018"></trkpt>
<trkpt lat="46.262226" lon="-74.845777"></trkpt>
<trkpt lat="46.262274" lon="-74.845455"></trkpt>
<trkpt lat="46.263356" lon="-74.843141"></trkpt>
<trkpt lat="46.264148" lon="-74.841434"></trkpt>
<trkpt lat="46.264368" lon="-74.841086"></trkpt>
<trkpt lat="46.264573" lon="-74.840901"></trkpt>
<trkpt lat="46.265672" lon="-74.840365"></trkpt>
<trkpt lat="46.265903" lon="-74.840221"></trkpt>
<trkpt lat="46.266242" lon="-74.839839"></trkpt>
<trkpt lat="46.266844" lon="-74.838994"></trkpt>
<trkpt lat="46.267338" lon="-74.838357"></trkpt>
<trkpt lat="46.268328" lon="-74.837247"></trkpt>
<trkpt lat="46.268515" lon="-74.836965"></trkpt>
<trkpt lat="46.268820" lon="-74.836250"></trkpt>
<trkpt lat="46.268910" lon="-74.835878"></trkpt>
<trkpt lat="46.268941" lon="-74.835447"></trkpt>
<trkpt lat="46.268940" lon="-74.834707"></trkpt>
<trkpt lat="46.268976" lon="-74.834357"></trkpt>
<trkpt lat="46.269011" lon="-74.834201"></trkpt>
<trkpt lat="46.269102" lon="-74.834001"></trkpt>
<trkpt lat="46.269269" lon="-74.833794"></trkpt>
<trkpt lat="46.269419" lon="-74.833627"></trkpt>
<trkpt lat="46.269638" lon="-74.833392"></trkpt>
<trkpt lat="46.269708" lon="-74.833223"></trkpt>
<trkpt lat="46.269727" lon="-74.833094"></trkpt>
<trkpt lat="46.269702" lon="-74.832865"></trkpt>
<trkpt lat="46.268774" lon="-74.829411"></trkpt>
<trkpt lat="46.268656" lon="-74.828685"></trkpt>
<trkpt lat="46.268610" lon="-74.827828"></trkpt>
<trkpt lat="46.268645" lon="-74.827270"></trkpt>
<trkpt lat="46.268938" lon="-74.826031"></trkpt>
<trkpt lat="46.269163" lon="-74.825519"></trkpt>
<trkpt lat="46.269511" lon="-74.824996"></trkpt>
<trkpt lat="46.269820" lon="-74.824715"></trkpt>
<trkpt lat="46.270281" lon="-74.824412"></trkpt>
<trkpt lat="46.271729" lon="-74.823549"></trkpt>
<trkpt lat="46.272166" lon="-74.823209"></trkpt>
<trkpt lat="46.272680" lon="-74.822614"></trkpt>
<trkpt lat="46.275405" lon="-74.820427"></trkpt>
<trkpt lat="46.275502" lon="-74.820247"></trkpt>
<trkpt lat="46.275537" lon="-74.819928"></trkpt>
<trkpt lat="46.275563" lon="-74.819269"></trkpt>
<trkpt lat="46.275639" lon="-74.819007"></trkpt>
<trkpt lat="46.275734" lon="-74.818809"></trkpt>
<trkpt lat="46.276685" lon="-74.817926"></trkpt>
<trkpt lat="46.276892" lon="-74.817638"></trkpt>
<trkpt lat="46.277699" lon="-74.816105"></trkpt>
<trkpt lat="46.277816" lon="-74.815754"></trkpt>
<trkpt lat="46.277878" lon="-74.815313"></trkpt>
<trkpt lat="46.277896" lon="-74.814897"></trkpt>
<trkpt lat="46.277868" lon="-74.814443"></trkpt>
<trkpt lat="46.277903" lon="-74.813846"></trkpt>
<trkpt lat="46.277965" lon="-74.813352"></trkpt>
<trkpt lat="46.278113" lon="-74.813016"></trkpt>
<trkpt lat="46.278266" lon="-74.812785"></trkpt>
<trkpt lat="46.278431" lon="-74.812611"></trkpt>
<trkpt lat="46.279250" lon="-74.812141"></trkpt>
<trkpt lat="46.279104" lon="-74.810973"></trkpt>
<trkpt lat="46.278932" lon="-74.810117"></trkpt>
<trkpt lat="46.278913" lon="-74.809858"></trkpt>
<trkpt lat="46.278940" lon="-74.809585"></trkpt>
<trkpt lat="46.279145" lon="-74.808767"></trkpt>
<trkpt lat="46.279396" lon="-74.808156"></trkpt>
<trkpt lat="46.279414" lon="-74.808065"></trkpt>
<trkpt lat="46.279405" lon="-74.807922"></trkpt>
<trkpt lat="46.279329" lon="-74.807766"></trkpt>
<trkpt lat="46.279241" lon="-74.807678"></trkpt>
<trkpt lat="46.278191" lon="-74.807043"></trkpt>
<trkpt lat="46.278072" lon="-74.806953"></trkpt>
<trkpt lat="46.277994" lon="-74.806851"></trkpt>
<trkpt lat="46.277954" lon="-74.806798"></trkpt>
<trkpt lat="46.277900" lon="-74.806577"></trkpt>
<trkpt lat="46.277874" lon="-74.806164"></trkpt>
<trkpt lat="46.277898" lon="-74.805656"></trkpt>
<trkpt lat="46.277996" lon="-74.805064"></trkpt>
<trkpt lat="46.277996" lon="-74.804669"></trkpt>
<trkpt lat="46.277959" lon="-74.804397"></trkpt>
<trkpt lat="46.277850" lon="-74.804046"></trkpt>
<trkpt lat="46.277769" lon="-74.803554"></trkpt>
<trkpt lat="46.277746" lon="-74.802342"></trkpt>
<trkpt lat="46.277747" lon="-74.801980"></trkpt>
<trkpt lat="46.277777" lon="-74.801815"></trkpt>
<trkpt lat="46.277837" lon="-74.801684"></trkpt>
<trkpt lat="46.278096" lon="-74.801319"></trkpt>
<trkpt lat="46.278379" lon="-74.801016"></trkpt>
<trkpt lat="46.278168" lon="-74.801085"></trkpt>
<trkpt lat="46.277806" lon="-74.801130"></trkpt>
<trkpt lat="46.276901" lon="-74.801150"></trkpt>
<trkpt lat="46.276474" lon="-74.801216"></trkpt>
<trkpt lat="46.276046" lon="-74.801327"></trkpt>
<trkpt lat="46.275443" lon="-74.801667"></trkpt>
<trkpt lat="46.275183" lon="-74.801889"></trkpt>
<trkpt lat="46.273807" lon="-74.802750"></trkpt>
<trkpt lat="46.271667" lon="-74.803900"></trkpt>
<trkpt lat="46.271170" lon="-74.804122"></trkpt>
<trkpt lat="46.269293" lon="-74.804934"></trkpt>
<trkpt lat="46.268331" lon="-74.805430"></trkpt>
<trkpt lat="46.267890" lon="-74.805626"></trkpt>
<trkpt lat="46.267334" lon="-74.805751"></trkpt>
<trkpt lat="46.266153" lon="-74.805528"></trkpt>
<trkpt lat="46.265350" lon="-74.805560"></trkpt>
<trkpt lat="46.264798" lon="-74.805796"></trkpt>
<trkpt lat="46.264212" lon="-74.806212"></trkpt>
<trkpt lat="46.263368" lon="-74.806967"></trkpt>
<trkpt lat="46.261930" lon="-74.808320"></trkpt>
<trkpt lat="46.261821" lon="-74.808439"></trkpt>
<trkpt lat="46.261699" lon="-74.808676"></trkpt>
<trkpt lat="46.261458" lon="-74.809447"></trkpt>
<trkpt lat="46.261425" lon="-74.809795"></trkpt>
<trkpt lat="46.261440" lon="-74.810277"></trkpt>
<trkpt lat="46.261485" lon="-74.810684"></trkpt>
<trkpt lat="46.261593" lon="-74.811123"></trkpt>
<trkpt lat="46.262048" lon="-74.812061"></trkpt>
<trkpt lat="46.262161" lon="-74.812357"></trkpt>
<trkpt lat="46.262254" lon="-74.812716"></trkpt>
<trkpt lat="46.262349" lon="-74.813219"></trkpt>
<trkpt lat="46.262396" lon="-74.814003"></trkpt>
<trkpt lat="46.262392" lon="-74.814730"></trkpt>
<trkpt lat="46.262549" lon="-74.815875"></trkpt>
<trkpt lat="46.262586" lon="-74.816074"></trkpt>
<trkpt lat="46.262974" lon="-74.817317"></trkpt>
<trkpt lat="46.263160" lon="-74.818231"></trkpt>
<trkpt lat="46.263190" lon="-74.820027"></trkpt>
<trkpt lat="46.263178" lon="-74.820923"></trkpt>
<trkpt lat="46.263116" lon="-74.821724"></trkpt>
<trkpt lat="46.263050" lon="-74.822004"></trkpt>
<trkpt lat="46.262867" lon="-74.822481"></trkpt>
<trkpt lat="46.262616" lon="-74.823056"></trkpt>
<trkpt lat="46.262300" lon="-74.823691"></trkpt>
<trkpt lat="46.261732" lon="-74.824536"></trkpt>
<trkpt lat="46.261269" lon="-74.825430"></trkpt>
<trkpt lat="46.260417" lon="-74.826159"></trkpt>
<trkpt lat="46.260008" lon="-74.826434"></trkpt>
<trkpt lat="46.259444" lon="-74.826968"></trkpt>
<trkpt lat="46.259292" lon="-74.827162"></trkpt>
<trkpt lat="46.258787" lon="-74.827974"></trkpt>
<trkpt lat="46.258610" lon="-74.828322"></trkpt>
<trkpt lat="46.258457" lon="-74.828737"></trkpt>
<trkpt lat="46.258198" lon="-74.829286"></trkpt>
<trkpt lat="46.257932" lon="-74.829613"></trkpt>
<trkpt lat="46.257382" lon="-74.830031"></trkpt>
<trkpt lat="46.256834" lon="-74.830384"></trkpt>
<trkpt lat="46.255960" lon="-74.830799"></trkpt>
<trkpt lat="46.255312" lon="-74.831182"></trkpt>
<trkpt lat="46.255061" lon="-74.831355"></trkpt>
<trkpt lat="46.254310" lon="-74.831984"></trkpt>
<trkpt lat="46.254119" lon="-74.832088"></trkpt>
<trkpt lat="46.253469" lon="-74.832315"></trkpt>
<trkpt lat="46.253144" lon="-74.832520"></trkpt>
<trkpt lat="46.252297" lon="-74.833132"></trkpt>
<trkpt lat="46.251066" lon="-74.834086"></trkpt>
<trkpt lat="46.250848" lon="-74.834326"></trkpt>
<trkpt lat="46.250568" lon="-74.834743"></trkpt>
<trkpt lat="46.250427" lon="-74.834873"></trkpt>
<trkpt lat="46.250216" lon="-74.834971"></trkpt>
<trkpt lat="46.249771" lon="-74.835047"></trkpt>
<trkpt lat="46.249560" lon="-74.835132"></trkpt>
<trkpt lat="46.249291" lon="-74.835303"></trkpt>
<trkpt lat="46.249150" lon="-74.835420"></trkpt>
<trkpt lat="46.248903" lon="-74.835709"></trkpt>
<trkpt lat="46.248178" lon="-74.836423"></trkpt>
<trkpt lat="46.247591" lon="-74.837059"></trkpt>
<trkpt lat="46.246935" lon="-74.837636"></trkpt>
<trkpt lat="46.245787" lon="-74.838546"></trkpt>
<trkpt lat="46.244622" lon="-74.839402"></trkpt>
<trkpt lat="46.241395" lon="-74.841877"></trkpt>
<trkpt lat="46.240587" lon="-74.842641"></trkpt>
<trkpt lat="46.239582" lon="-74.843129"></trkpt>
<trkpt lat="46.239252" lon="-74.843255"></trkpt>
<trkpt lat="46.237343" lon="-74.844446"></trkpt>
<trkpt lat="46.235987" lon="-74.845362"></trkpt>
<trkpt lat="46.234944" lon="-74.845917"></trkpt>
<trkpt lat="46.234357" lon="-74.846150"></trkpt>
<trkpt lat="46.233655" lon="-74.846320"></trkpt>
<trkpt lat="46.232658" lon="-74.846659"></trkpt>
<trkpt lat="46.230859" lon="-74.847392"></trkpt>
<trkpt lat="46.230472" lon="-74.847577"></trkpt>
<trkpt lat="46.230044" lon="-74.847876"></trkpt>
<trkpt lat="46.229621" lon="-74.848280"></trkpt>
<trkpt lat="46.229100" lon="-74.848843"></trkpt>
<trkpt lat="46.228397" lon="-74.849468"></trkpt>
<trkpt lat="46.227128" lon="-74.850236"></trkpt>
<trkpt lat="46.226726" lon="-74.850355"></trkpt>
<trkpt lat="46.226135" lon="-74.850470"></trkpt>
<trkpt lat="46.225189" lon="-74.850462"></trkpt>
<trkpt lat="46.223095" lon="-74.850311"></trkpt>
<trkpt lat="46.221598" lon="-74.850331"></trkpt>
<trkpt lat="46.220549" lon="-74.850405"></trkpt>
<trkpt lat="46.219532" lon="-74.850364"></trkpt>
<trkpt lat="46.218678" lon="-74.850340"></trkpt>
<trkpt lat="46.216831" lon="-74.850353"></trkpt>
<trkpt lat="46.214467" lon="-74.850515"></trkpt>
<trkpt lat="46.213438" lon="-74.850552"></trkpt>
<trkpt lat="46.213259" lon="-74.850535"></trkpt>
<trkpt lat="46.211916" lon="-74.850236"></trkpt>
<trkpt lat="46.211571" lon="-74.850189"></trkpt>
<trkpt lat="46.211292" lon="-74.850222"></trkpt>
<trkpt lat="46.211014" lon="-74.850319"></trkpt>
<trkpt lat="46.210076" lon="-74.850740"></trkpt>
<trkpt lat="46.209743" lon="-74.850930"></trkpt>
<trkpt lat="46.209167" lon="-74.851333"></trkpt>
<trkpt lat="46.208918" lon="-74.851453"></trkpt>
<trkpt lat="46.208334" lon="-74.851608"></trkpt>
<trkpt lat="46.207588" lon="-74.851761"></trkpt>
<trkpt lat="46.206600" lon="-74.852086"></trkpt>
<trkpt lat="46.205803" lon="-74.852183"></trkpt>
<trkpt lat="46.205592" lon="-74.852255"></trkpt>
<trkpt lat="46.205427" lon="-74.852318"></trkpt>
<trkpt lat="46.204984" lon="-74.852563"></trkpt>
<trkpt lat="46.204098" lon="-74.853236"></trkpt>
<trkpt lat="46.203747" lon="-74.853425"></trkpt>
<trkpt lat="46.203564" lon="-74.853486"></trkpt>
<trkpt lat="46.202946" lon="-74.853599"></trkpt>
<trkpt lat="46.202432" lon="-74.853617"></trkpt>
<trkpt lat="46.202018" lon="-74.853800"></trkpt>
<trkpt lat="46.201436" lon="-74.854111"></trkpt>
<trkpt lat="46.200143" lon="-74.854811"></trkpt>
<trkpt lat="46.199264" lon="-74.855549"></trkpt>
<trkpt lat="46.198698" lon="-74.855900"></trkpt>
<trkpt lat="46.198420" lon="-74.856035"></trkpt>
<trkpt lat="46.195612" lon="-74.857680"></trkpt>
<trkpt lat="46.195075" lon="-74.857934"></trkpt>
<trkpt lat="46.194797" lon="-74.858116"></trkpt>
<trkpt lat="46.194106" lon="-74.858651"></trkpt>
<trkpt lat="46.193636" lon="-74.858894"></trkpt>
<trkpt lat="46.193412" lon="-74.859068"></trkpt>
<trkpt lat="46.193281" lon="-74.859173"></trkpt>
<trkpt lat="46.192892" lon="-74.859618"></trkpt>
<trkpt lat="46.192770" lon="-74.859724"></trkpt>
<trkpt lat="46.192557" lon="-74.859847"></trkpt>
<trkpt lat="46.192247" lon="-74.859936"></trkpt>
<trkpt lat="46.191747" lon="-74.860228"></trkpt>
<trkpt lat="46.191513" lon="-74.860427"></trkpt>
<trkpt lat="46.191222" lon="-74.860686"></trkpt>
<trkpt lat="46.191099" lon="-74.860831"></trkpt>
<trkpt lat="46.190791" lon="-74.861270"></trkpt>
<trkpt lat="46.190189" lon="-74.862241"></trkpt>
<trkpt lat="46.189703" lon="-74.862859"></trkpt>
<trkpt lat="46.189551" lon="-74.863014"></trkpt>
<trkpt lat="46.189329" lon="-74.863357"></trkpt>
<trkpt lat="46.189066" lon="-74.863593"></trkpt>
<trkpt lat="46.188291" lon="-74.863990"></trkpt>
<trkpt lat="46.188027" lon="-74.864069"></trkpt>
<trkpt lat="46.187693" lon="-74.864065"></trkpt>
<trkpt lat="46.187290" lon="-74.863808"></trkpt>
<trkpt lat="46.187183" lon="-74.863772"></trkpt>
<trkpt lat="46.187004" lon="-74.863756"></trkpt>
<trkpt lat="46.186666" lon="-74.863842"></trkpt>
<trkpt lat="46.186248" lon="-74.864115"></trkpt>
<trkpt lat="46.186154" lon="-74.864210"></trkpt>
<trkpt lat="46.186066" lon="-74.864371"></trkpt>
<trkpt lat="46.186043" lon="-74.864473"></trkpt>
<trkpt lat="46.186057" lon="-74.864786"></trkpt>
<trkpt lat="46.186069" lon="-74.865018"></trkpt>
<trkpt lat="46.186053" lon="-74.865138"></trkpt>
<trkpt lat="46.186005" lon="-74.865239"></trkpt>
<trkpt lat="46.185788" lon="-74.865479"></trkpt>
<trkpt lat="46.185351" lon="-74.865669"></trkpt>
<trkpt lat="46.184659" lon="-74.865827"></trkpt>
<trkpt lat="46.184300" lon="-74.866002"></trkpt>
<trkpt lat="46.183707" lon="-74.866142"></trkpt>
<trkpt lat="46.182511" lon="-74.866293"></trkpt>
<trkpt lat="46.181618" lon="-74.866303"></trkpt>
<trkpt lat="46.181218" lon="-74.866370"></trkpt>
<trkpt lat="46.181022" lon="-74.866521"></trkpt>
<trkpt lat="46.180259" lon="-74.867269"></trkpt>
<trkpt lat="46.179773" lon="-74.867666"></trkpt>
<trkpt lat="46.178995" lon="-74.868128"></trkpt>
<trkpt lat="46.178839" lon="-74.868191"></trkpt>
<trkpt lat="46.178596" lon="-74.868390"></trkpt>
<trkpt lat="46.178357" lon="-74.868498"></trkpt>
<trkpt lat="46.177568" lon="-74.868595"></trkpt>
<trkpt lat="46.176891" lon="-74.868624"></trkpt>
<trkpt lat="46.176248" lon="-74.868695"></trkpt>
<trkpt lat="46.175078" lon="-74.868861"></trkpt>
<trkpt lat="46.174786" lon="-74.868938"></trkpt>
<trkpt lat="46.174425" lon="-74.869139"></trkpt>
<trkpt lat="46.174029" lon="-74.869544"></trkpt>
<trkpt lat="46.173420" lon="-74.870255"></trkpt>
<trkpt lat="46.173226" lon="-74.870380"></trkpt>
<trkpt lat="46.172998" lon="-74.870424"></trkpt>
<trkpt lat="46.172847" lon="-74.870371"></trkpt>
<trkpt lat="46.172670" lon="-74.870095"></trkpt>
<trkpt lat="46.172541" lon="-74.869967"></trkpt>
<trkpt lat="46.172357" lon="-74.869833"></trkpt>
<trkpt lat="46.172242" lon="-74.869797"></trkpt>
<trkpt lat="46.171346" lon="-74.869663"></trkpt>
<trkpt lat="46.171165" lon="-74.869673"></trkpt>
<trkpt lat="46.170578" lon="-74.869905"></trkpt>
<trkpt lat="46.170055" lon="-74.870117"></trkpt>
<trkpt lat="46.169934" lon="-74.870197"></trkpt>
<trkpt lat="46.169562" lon="-74.870461"></trkpt>
<trkpt lat="46.169204" lon="-74.870818"></trkpt>
<trkpt lat="46.168709" lon="-74.871006"></trkpt>
<trkpt lat="46.168290" lon="-74.871085"></trkpt>
<trkpt lat="46.167996" lon="-74.871227"></trkpt>
<trkpt lat="46.167541" lon="-74.871523"></trkpt>
<trkpt lat="46.167065" lon="-74.871895"></trkpt>
<trkpt lat="46.165864" lon="-74.872745"></trkpt>
<trkpt lat="46.163485" lon="-74.874163"></trkpt>
<trkpt lat="46.162525" lon="-74.874673"></trkpt>
<trkpt lat="46.162066" lon="-74.874852"></trkpt>
<trkpt lat="46.161343" lon="-74.875110"></trkpt>
<trkpt lat="46.160259" lon="-74.875569"></trkpt>
<trkpt lat="46.158851" lon="-74.876219"></trkpt>
<trkpt lat="46.158093" lon="-74.876678"></trkpt>
<trkpt lat="46.157716" lon="-74.876792"></trkpt>
<trkpt lat="46.157579" lon="-74.876801"></trkpt>
<trkpt lat="46.157428" lon="-74.876762"></trkpt>
<trkpt lat="46.157183" lon="-74.876597"></trkpt>
<trkpt lat="46.156990" lon="-74.876418"></trkpt>
<trkpt lat="46.156894" lon="-74.876246"></trkpt>
<trkpt lat="46.156811" lon="-74.875945"></trkpt>
<trkpt lat="46.156706" lon="-74.875119"></trkpt>
<trkpt lat="46.156547" lon="-74.874822"></trkpt>
<trkpt lat="46.156277" lon="-74.874583"></trkpt>
<trkpt lat="46.155979" lon="-74.874519"></trkpt>
<trkpt lat="46.155206" lon="-74.874648"></trkpt>
<trkpt lat="46.154664" lon="-74.874573"></trkpt>
<trkpt lat="46.154336" lon="-74.874432"></trkpt>
<trkpt lat="46.153793" lon="-74.873981"></trkpt>
<trkpt lat="46.153527" lon="-74.873693"></trkpt>
<trkpt lat="46.153304" lon="-74.873307"></trkpt>
<trkpt lat="46.153066" lon="-74.872727"></trkpt>
<trkpt lat="46.152895" lon="-74.872234"></trkpt>
<trkpt lat="46.152650" lon="-74.872008"></trkpt>
<trkpt lat="46.152204" lon="-74.871826"></trkpt>
<trkpt lat="46.151542" lon="-74.871644"></trkpt>
<trkpt lat="46.150948" lon="-74.871440"></trkpt>
<trkpt lat="46.150716" lon="-74.871310"></trkpt>
<trkpt lat="46.150331" lon="-74.870850"></trkpt>
<trkpt lat="46.149907" lon="-74.870689"></trkpt>
<trkpt lat="46.149201" lon="-74.870667"></trkpt>
<trkpt lat="46.147729" lon="-74.870775"></trkpt>
<trkpt lat="46.147276" lon="-74.870764"></trkpt>
<trkpt lat="46.146421" lon="-74.870592"></trkpt>
<trkpt lat="46.145722" lon="-74.870860"></trkpt>
<trkpt lat="46.145403" lon="-74.870882"></trkpt>
<trkpt lat="46.144964" lon="-74.870764"></trkpt>
<trkpt lat="46.144591" lon="-74.870602"></trkpt>
<trkpt lat="46.144160" lon="-74.870269"></trkpt>
<trkpt lat="46.143766" lon="-74.870033"></trkpt>
<trkpt lat="46.143284" lon="-74.869938"></trkpt>
<trkpt lat="46.142794" lon="-74.869884"></trkpt>
<trkpt lat="46.142407" lon="-74.869788"></trkpt>
<trkpt lat="46.141946" lon="-74.869584"></trkpt>
<trkpt lat="46.141545" lon="-74.869541"></trkpt>
<trkpt lat="46.140531" lon="-74.869602"></trkpt>
<trkpt lat="46.140254" lon="-74.869581"></trkpt>
<trkpt lat="46.139976" lon="-74.869511"></trkpt>
<trkpt lat="46.139783" lon="-74.869326"></trkpt>
<trkpt lat="46.139359" lon="-74.868747"></trkpt>
<trkpt lat="46.139077" lon="-74.868339"></trkpt>
<trkpt lat="46.138831" lon="-74.867653"></trkpt>
<trkpt lat="46.138644" lon="-74.867326"></trkpt>
<trkpt lat="46.138475" lon="-74.867030"></trkpt>
<trkpt lat="46.138045" lon="-74.866527"></trkpt>
<trkpt lat="46.137130" lon="-74.865344"></trkpt>
<trkpt lat="46.136998" lon="-74.865204"></trkpt>
<trkpt lat="46.136930" lon="-74.865131"></trkpt>
<trkpt lat="46.136780" lon="-74.864970"></trkpt>
<trkpt lat="46.135754" lon="-74.864327"></trkpt>
<trkpt lat="46.135189" lon="-74.863876"></trkpt>
<trkpt lat="46.134761" lon="-74.863432"></trkpt>
<trkpt lat="46.134229" lon="-74.862717"></trkpt>
<trkpt lat="46.133544" lon="-74.861697"></trkpt>
<trkpt lat="46.133262" lon="-74.861171"></trkpt>
<trkpt lat="46.133158" lon="-74.860839"></trkpt>
<trkpt lat="46.133091" lon="-74.860023"></trkpt>
<trkpt lat="46.132958" lon="-74.859338"></trkpt>
<trkpt lat="46.132780" lon="-74.858833"></trkpt>
<trkpt lat="46.131902" lon="-74.857278"></trkpt>
<trkpt lat="46.131404" lon="-74.856570"></trkpt>
<trkpt lat="46.131218" lon="-74.856258"></trkpt>
<trkpt lat="46.131113" lon="-74.855978"></trkpt>
<trkpt lat="46.131070" lon="-74.855615"></trkpt>
<trkpt lat="46.131079" lon="-74.854997"></trkpt>
<trkpt lat="46.131085" lon="-74.854585"></trkpt>
<trkpt lat="46.131151" lon="-74.854166"></trkpt>
<trkpt lat="46.132385" lon="-74.849970"></trkpt>
<trkpt lat="46.132340" lon="-74.849670"></trkpt>
<trkpt lat="46.132267" lon="-74.849392"></trkpt>
<trkpt lat="46.132162" lon="-74.849112"></trkpt>
<trkpt lat="46.131999" lon="-74.848813"></trkpt>
<trkpt lat="46.131923" lon="-74.848575"></trkpt>
<trkpt lat="46.131791" lon="-74.847772"></trkpt>
<trkpt lat="46.131791" lon="-74.846849"></trkpt>
<trkpt lat="46.131925" lon="-74.846281"></trkpt>
<trkpt lat="46.131961" lon="-74.845883"></trkpt>
<trkpt lat="46.131947" lon="-74.845465"></trkpt>
<trkpt lat="46.131456" lon="-74.843759"></trkpt>
<trkpt lat="46.130936" lon="-74.842375"></trkpt>
<trkpt lat="46.129806" lon="-74.839511"></trkpt>
<trkpt lat="46.129672" lon="-74.839360"></trkpt>
<trkpt lat="46.128913" lon="-74.838953"></trkpt>
<trkpt lat="46.128237" lon="-74.838427"></trkpt>
<trkpt lat="46.127895" lon="-74.837955"></trkpt>
<trkpt lat="46.127382" lon="-74.837032"></trkpt>
<trkpt lat="46.126958" lon="-74.836528"></trkpt>
<trkpt lat="46.123589" lon="-74.834992"></trkpt>
<trkpt lat="46.121314" lon="-74.833879"></trkpt>
<trkpt lat="46.121021" lon="-74.833823"></trkpt>
<trkpt lat="46.120550" lon="-74.833851"></trkpt>
<trkpt lat="46.120455" lon="-74.834076"></trkpt>
<trkpt lat="46.120131" lon="-74.834474"></trkpt>
<trkpt lat="46.119315" lon="-74.835619"></trkpt>
<trkpt lat="46.119107" lon="-74.835847"></trkpt>
<trkpt lat="46.118779" lon="-74.836128"></trkpt>
<trkpt lat="46.117612" lon="-74.837254"></trkpt>
<trkpt lat="46.116478" lon="-74.838033"></trkpt>
<trkpt lat="46.115865" lon="-74.838363"></trkpt>
<trkpt lat="46.115689" lon="-74.838472"></trkpt>
<trkpt lat="46.115367" lon="-74.838685"></trkpt>
<trkpt lat="46.115086" lon="-74.838887"></trkpt>
<trkpt lat="46.114596" lon="-74.839318"></trkpt>
<trkpt lat="46.114143" lon="-74.839379"></trkpt>
<trkpt lat="46.113817" lon="-74.839353"></trkpt>
<trkpt lat="46.113664" lon="-74.839288"></trkpt>
<trkpt lat="46.113350" lon="-74.839060"></trkpt>
<trkpt lat="46.113103" lon="-74.838727"></trkpt>
<trkpt lat="46.113028" lon="-74.838577"></trkpt>
<trkpt lat="46.112881" lon="-74.838020"></trkpt>
<trkpt lat="46.112737" lon="-74.837605"></trkpt>
<trkpt lat="46.112660" lon="-74.837092"></trkpt>
<trkpt lat="46.112489" lon="-74.836688"></trkpt>
<trkpt lat="46.112163" lon="-74.836309"></trkpt>
<trkpt lat="46.111822" lon="-74.836057"></trkpt>
<trkpt lat="46.111435" lon="-74.835854"></trkpt>
<trkpt lat="46.111262" lon="-74.835683"></trkpt>
<trkpt lat="46.110483" lon="-74.835340"></trkpt>
<trkpt lat="46.110192" lon="-74.835003"></trkpt>
<trkpt lat="46.109764" lon="-74.834666"></trkpt>
<trkpt lat="46.109544" lon="-74.834348"></trkpt>
<trkpt lat="46.109279" lon="-74.833819"></trkpt>
<trkpt lat="46.109059" lon="-74.833268"></trkpt>
<trkpt lat="46.108938" lon="-74.833166"></trkpt>
<trkpt lat="46.108823" lon="-74.833117"></trkpt>
<trkpt lat="46.108459" lon="-74.832773"></trkpt>
<trkpt lat="46.107744" lon="-74.831593"></trkpt>
<trkpt lat="46.107640" lon="-74.831493"></trkpt>
<trkpt lat="46.107534" lon="-74.831445"></trkpt>
<trkpt lat="46.107030" lon="-74.831438"></trkpt>
<trkpt lat="46.106672" lon="-74.831380"></trkpt>
<trkpt lat="46.106135" lon="-74.830878"></trkpt>
<trkpt lat="46.105612" lon="-74.830468"></trkpt>
<trkpt lat="46.104569" lon="-74.829985"></trkpt>
<trkpt lat="46.103736" lon="-74.829664"></trkpt>
<trkpt lat="46.103128" lon="-74.829337"></trkpt>
<trkpt lat="46.102646" lon="-74.828870"></trkpt>
<trkpt lat="46.101964" lon="-74.827923"></trkpt>
<trkpt lat="46.101678" lon="-74.827624"></trkpt>
<trkpt lat="46.101115" lon="-74.827121"></trkpt>
<trkpt lat="46.100689" lon="-74.826978"></trkpt>
<trkpt lat="46.100213" lon="-74.826923"></trkpt>
<trkpt lat="46.099936" lon="-74.827079"></trkpt>
<trkpt lat="46.099694" lon="-74.827155"></trkpt>
<trkpt lat="46.099089" lon="-74.827168"></trkpt>
<trkpt lat="46.098977" lon="-74.827148"></trkpt>
<trkpt lat="46.098514" lon="-74.826885"></trkpt>
<trkpt lat="46.098435" lon="-74.826795"></trkpt>
<trkpt lat="46.098367" lon="-74.826666"></trkpt>
<trkpt lat="46.098279" lon="-74.826424"></trkpt>
<trkpt lat="46.097774" lon="-74.824759"></trkpt>
<trkpt lat="46.097775" lon="-74.824509"></trkpt>
<trkpt lat="46.097882" lon="-74.823123"></trkpt>
<trkpt lat="46.097809" lon="-74.822935"></trkpt>
<trkpt lat="46.097713" lon="-74.822862"></trkpt>
<trkpt lat="46.097320" lon="-74.822774"></trkpt>
<trkpt lat="46.097074" lon="-74.822688"></trkpt>
<trkpt lat="46.097071" lon="-74.822687"></trkpt>
<trkpt lat="46.096869" lon="-74.822578"></trkpt>
<trkpt lat="46.096451" lon="-74.822437"></trkpt>
<trkpt lat="46.096074" lon="-74.822209"></trkpt>
<trkpt lat="46.095715" lon="-74.821885"></trkpt>
<trkpt lat="46.095486" lon="-74.821606"></trkpt>
<trkpt lat="46.095247" lon="-74.821280"></trkpt>
<trkpt lat="46.095053" lon="-74.821045"></trkpt>
<trkpt lat="46.094964" lon="-74.820972"></trkpt>
<trkpt lat="46.094673" lon="-74.820883"></trkpt>
<trkpt lat="46.094328" lon="-74.820940"></trkpt>
<trkpt lat="46.092474" lon="-74.821859"></trkpt>
<trkpt lat="46.091909" lon="-74.822209"></trkpt>
<trkpt lat="46.091128" lon="-74.822748"></trkpt>
<trkpt lat="46.090713" lon="-74.823138"></trkpt>
<trkpt lat="46.090296" lon="-74.823696"></trkpt>
<trkpt lat="46.089779" lon="-74.824367"></trkpt>
<trkpt lat="46.089512" lon="-74.824592"></trkpt>
<trkpt lat="46.089285" lon="-74.824695"></trkpt>
<trkpt lat="46.088948" lon="-74.824772"></trkpt>
<trkpt lat="46.087171" lon="-74.824772"></trkpt>
<trkpt lat="46.086690" lon="-74.824977"></trkpt>
<trkpt lat="46.085600" lon="-74.826010"></trkpt>
<trkpt lat="46.085351" lon="-74.826373"></trkpt>
<trkpt lat="46.085148" lon="-74.826852"></trkpt>
<trkpt lat="46.085015" lon="-74.827328"></trkpt>
<trkpt lat="46.084958" lon="-74.827789"></trkpt>
<trkpt lat="46.084928" lon="-74.828342"></trkpt>
<trkpt lat="46.084945" lon="-74.829477"></trkpt>
<trkpt lat="46.084988" lon="-74.832514"></trkpt>
<trkpt lat="46.083421" lon="-74.832235"></trkpt>
<trkpt lat="46.082520" lon="-74.832074"></trkpt>
<trkpt lat="46.080831" lon="-74.831773"></trkpt>
<trkpt lat="46.080569" lon="-74.831769"></trkpt>
<trkpt lat="46.080458" lon="-74.831798"></trkpt>
<trkpt lat="46.080348" lon="-74.831827"></trkpt>
<trkpt lat="46.080152" lon="-74.831953"></trkpt>
<trkpt lat="46.079948" lon="-74.832137"></trkpt>
<trkpt lat="46.077658" lon="-74.834360"></trkpt>
<trkpt lat="46.077013" lon="-74.835090"></trkpt>
<trkpt lat="46.075799" lon="-74.836300"></trkpt>
<trkpt lat="46.074929" lon="-74.837147"></trkpt>
<trkpt lat="46.074169" lon="-74.837722"></trkpt>
<trkpt lat="46.073575" lon="-74.838406"></trkpt>
<trkpt lat="46.071178" lon="-74.841313"></trkpt>
<trkpt lat="46.070087" lon="-74.842807"></trkpt>
<trkpt lat="46.069900" lon="-74.842981"></trkpt>
<trkpt lat="46.069594" lon="-74.843153"></trkpt>
<trkpt lat="46.069288" lon="-74.843240"></trkpt>
<trkpt lat="46.068112" lon="-74.843451"></trkpt>
<trkpt lat="46.067751" lon="-74.843429"></trkpt>
<trkpt lat="46.067591" lon="-74.843384"></trkpt>
<trkpt lat="46.067479" lon="-74.843318"></trkpt>
<trkpt lat="46.067173" lon="-74.842997"></trkpt>
<trkpt lat="46.067002" lon="-74.842676"></trkpt>
<trkpt lat="46.066868" lon="-74.842193"></trkpt>
<trkpt lat="46.066570" lon="-74.840852"></trkpt>
<trkpt lat="46.066414" lon="-74.840390"></trkpt>
<trkpt lat="46.066265" lon="-74.840026"></trkpt>
<trkpt lat="46.065818" lon="-74.839114"></trkpt>
<trkpt lat="46.065342" lon="-74.837783"></trkpt>
<trkpt lat="46.064912" lon="-74.836393"></trkpt>
<trkpt lat="46.064613" lon="-74.835423"></trkpt>
<trkpt lat="46.064301" lon="-74.834535"></trkpt>
<trkpt lat="46.064056" lon="-74.834076"></trkpt>
<trkpt lat="46.063608" lon="-74.833631"></trkpt>
<trkpt lat="46.063310" lon="-74.833460"></trkpt>
<trkpt lat="46.062893" lon="-74.833363"></trkpt>
<trkpt lat="46.062486" lon="-74.833381"></trkpt>
<trkpt lat="46.062080" lon="-74.833472"></trkpt>
<trkpt lat="46.061716" lon="-74.833600"></trkpt>
<trkpt lat="46.060986" lon="-74.833997"></trkpt>
<trkpt lat="46.060316" lon="-74.834233"></trkpt>
<trkpt lat="46.059638" lon="-74.834544"></trkpt>
<trkpt lat="46.058763" lon="-74.835044"></trkpt>
<trkpt lat="46.058262" lon="-74.835423"></trkpt>
<trkpt lat="46.056634" lon="-74.837013"></trkpt>
<trkpt lat="46.056498" lon="-74.837150"></trkpt>
<trkpt lat="46.055925" lon="-74.837912"></trkpt>
<trkpt lat="46.055298" lon="-74.838589"></trkpt>
<trkpt lat="46.054523" lon="-74.839232"></trkpt>
<trkpt lat="46.053823" lon="-74.839726"></trkpt>
<trkpt lat="46.051426" lon="-74.841260"></trkpt>
<trkpt lat="46.050771" lon="-74.841775"></trkpt>
<trkpt lat="46.049728" lon="-74.842698"></trkpt>
<trkpt lat="46.049408" lon="-74.842891"></trkpt>
<trkpt lat="46.049177" lon="-74.842983"></trkpt>
<trkpt lat="46.047844" lon="-74.843331"></trkpt>
<trkpt lat="46.047495" lon="-74.843462"></trkpt>
<trkpt lat="46.047298" lon="-74.843564"></trkpt>
<trkpt lat="46.047105" lon="-74.843719"></trkpt>
<trkpt lat="46.046932" lon="-74.843902"></trkpt>
<trkpt lat="46.044931" lon="-74.846484"></trkpt>
<trkpt lat="46.044690" lon="-74.846743"></trkpt>
<trkpt lat="46.044545" lon="-74.846860"></trkpt>
<trkpt lat="46.044374" lon="-74.846927"></trkpt>
<trkpt lat="46.044186" lon="-74.846942"></trkpt>
<trkpt lat="46.043093" lon="-74.846925"></trkpt>
<trkpt lat="46.041946" lon="-74.847279"></trkpt>
<trkpt lat="46.041492" lon="-74.847322"></trkpt>
<trkpt lat="46.040598" lon="-74.847000"></trkpt>
<trkpt lat="46.040055" lon="-74.847000"></trkpt>
<trkpt lat="46.036548" lon="-74.848040"></trkpt>
<trkpt lat="46.036264" lon="-74.848266"></trkpt>
<trkpt lat="46.035930" lon="-74.848459"></trkpt>
<trkpt lat="46.035586" lon="-74.848598"></trkpt>
<trkpt lat="46.034508" lon="-74.848973"></trkpt>
<trkpt lat="46.033971" lon="-74.849059"></trkpt>
<trkpt lat="46.033413" lon="-74.849199"></trkpt>
<trkpt lat="46.032996" lon="-74.849338"></trkpt>
<trkpt lat="46.031824" lon="-74.849825"></trkpt>
<trkpt lat="46.031229" lon="-74.849939"></trkpt>
<trkpt lat="46.030551" lon="-74.849972"></trkpt>
<trkpt lat="46.030167" lon="-74.849920"></trkpt>
<trkpt lat="46.029694" lon="-74.849757"></trkpt>
<trkpt lat="46.029448" lon="-74.849721"></trkpt>
<trkpt lat="46.028971" lon="-74.849790"></trkpt>
<trkpt lat="46.028761" lon="-74.849931"></trkpt>
<trkpt lat="46.028570" lon="-74.850111"></trkpt>
<trkpt lat="46.027701" lon="-74.851059"></trkpt>
<trkpt lat="46.027329" lon="-74.851336"></trkpt>
<trkpt lat="46.026651" lon="-74.851623"></trkpt>
<trkpt lat="46.026238" lon="-74.851789"></trkpt>
<trkpt lat="46.025365" lon="-74.852050"></trkpt>
<trkpt lat="46.023979" lon="-74.852762"></trkpt>
<trkpt lat="46.023694" lon="-74.852853"></trkpt>
<trkpt lat="46.022424" lon="-74.853061"></trkpt>
<trkpt lat="46.021466" lon="-74.853270"></trkpt>
<trkpt lat="46.020810" lon="-74.853374"></trkpt>
<trkpt lat="46.020318" lon="-74.853317"></trkpt>
<trkpt lat="46.019933" lon="-74.853196"></trkpt>
<trkpt lat="46.019517" lon="-74.853016"></trkpt>
<trkpt lat="46.019196" lon="-74.852924"></trkpt>
<trkpt lat="46.018815" lon="-74.853000"></trkpt>
<trkpt lat="46.017733" lon="-74.853612"></trkpt>
<trkpt lat="46.017349" lon="-74.853922"></trkpt>
<trkpt lat="46.017159" lon="-74.854150"></trkpt>
<trkpt lat="46.016233" lon="-74.855529"></trkpt>
<trkpt lat="46.015596" lon="-74.856273"></trkpt>
<trkpt lat="46.015192" lon="-74.856638"></trkpt>
<trkpt lat="46.014888" lon="-74.856804"></trkpt>
<trkpt lat="46.014678" lon="-74.856863"></trkpt>
<trkpt lat="46.014489" lon="-74.856846"></trkpt>
<trkpt lat="46.013809" lon="-74.856644"></trkpt>
<trkpt lat="46.013527" lon="-74.856578"></trkpt>
<trkpt lat="46.013308" lon="-74.856576"></trkpt>
<trkpt lat="46.011972" lon="-74.857096"></trkpt>
<trkpt lat="46.010328" lon="-74.857582"></trkpt>
<trkpt lat="46.010131" lon="-74.857551"></trkpt>
<trkpt lat="46.009593" lon="-74.857304"></trkpt>
<trkpt lat="46.009366" lon="-74.857259"></trkpt>
<trkpt lat="46.009197" lon="-74.857276"></trkpt>
<trkpt lat="46.006671" lon="-74.858130"></trkpt>
<trkpt lat="46.003262" lon="-74.858171"></trkpt>
<trkpt lat="46.003082" lon="-74.858154"></trkpt>
<trkpt lat="46.002855" lon="-74.857991"></trkpt>
<trkpt lat="46.002051" lon="-74.856982"></trkpt>
<trkpt lat="46.001859" lon="-74.856797"></trkpt>
<trkpt lat="45.999889" lon="-74.855445"></trkpt>
<trkpt lat="45.999812" lon="-74.855635"></trkpt>
<trkpt lat="45.999560" lon="-74.856193"></trkpt>
<trkpt lat="45.998330" lon="-74.858877"></trkpt>
<trkpt lat="45.997783" lon="-74.860077"></trkpt>
<trkpt lat="45.996432" lon="-74.862740"></trkpt>
<trkpt lat="45.995601" lon="-74.864162"></trkpt>
<trkpt lat="45.994205" lon="-74.866654"></trkpt>
<trkpt lat="45.993200" lon="-74.868446"></trkpt>
<trkpt lat="45.992306" lon="-74.870360"></trkpt>
<trkpt lat="45.992007" lon="-74.871146"></trkpt>
<trkpt lat="45.991549" lon="-74.872533"></trkpt>
<trkpt lat="45.991127" lon="-74.873951"></trkpt>
<trkpt lat="45.990086" lon="-74.877280"></trkpt>
<trkpt lat="45.989337" lon="-74.879745"></trkpt>
<trkpt lat="45.988883" lon="-74.880924"></trkpt>
<trkpt lat="45.988621" lon="-74.881512"></trkpt>
<trkpt lat="45.988301" lon="-74.882105"></trkpt>
<trkpt lat="45.987925" lon="-74.882723"></trkpt>
<trkpt lat="45.987473" lon="-74.883346"></trkpt>
<trkpt lat="45.986783" lon="-74.884176"></trkpt>
<trkpt lat="45.985756" lon="-74.885139"></trkpt>
<trkpt lat="45.982225" lon="-74.888271"></trkpt>
<trkpt lat="45.979266" lon="-74.890893"></trkpt>
<trkpt lat="45.977725" lon="-74.892266"></trkpt>
<trkpt lat="45.976789" lon="-74.893349"></trkpt>
<trkpt lat="45.976068" lon="-74.894391"></trkpt>
<trkpt lat="45.975451" lon="-74.895389"></trkpt>
<trkpt lat="45.973830" lon="-74.898702"></trkpt>
<trkpt lat="45.973399" lon="-74.899368"></trkpt>
<trkpt lat="45.972743" lon="-74.900185"></trkpt>
<trkpt lat="45.971922" lon="-74.900796"></trkpt>
<trkpt lat="45.971423" lon="-74.901093"></trkpt>
<trkpt lat="45.970382" lon="-74.901712"></trkpt>
<trkpt lat="45.969100" lon="-74.902535"></trkpt>
<trkpt lat="45.967060" lon="-74.903771"></trkpt>
<trkpt lat="45.966515" lon="-74.904066"></trkpt>
<trkpt lat="45.965167" lon="-74.904653"></trkpt>
<trkpt lat="45.964088" lon="-74.904992"></trkpt>
<trkpt lat="45.963114" lon="-74.905216"></trkpt>
<trkpt lat="45.961762" lon="-74.905365"></trkpt>
<trkpt lat="45.960546" lon="-74.905368"></trkpt>
<trkpt lat="45.959439" lon="-74.905228"></trkpt>
<trkpt lat="45.957315" lon="-74.904856"></trkpt>
<trkpt lat="45.955880" lon="-74.904719"></trkpt>
<trkpt lat="45.954516" lon="-74.904483"></trkpt>
<trkpt lat="45.954053" lon="-74.904431"></trkpt>
<trkpt lat="45.953431" lon="-74.904413"></trkpt>
<trkpt lat="45.952618" lon="-74.904493"></trkpt>
<trkpt lat="45.951582" lon="-74.904795"></trkpt>
<trkpt lat="45.950582" lon="-74.905299"></trkpt>
<trkpt lat="45.949707" lon="-74.905926"></trkpt>
<trkpt lat="45.949698" lon="-74.905935"></trkpt>
<trkpt lat="45.947729" lon="-74.907888"></trkpt>
<trkpt lat="45.946302" lon="-74.909357"></trkpt>
<trkpt lat="45.945946" lon="-74.909635"></trkpt>
<trkpt lat="45.944974" lon="-74.910246"></trkpt>
<trkpt lat="45.944525" lon="-74.910466"></trkpt>
<trkpt lat="45.943589" lon="-74.910772"></trkpt>
<trkpt lat="45.943080" lon="-74.910837"></trkpt>
<trkpt lat="45.942052" lon="-74.910852"></trkpt>
<trkpt lat="45.941430" lon="-74.910772"></trkpt>
<trkpt lat="45.939292" lon="-74.910606"></trkpt>
<trkpt lat="45.935170" lon="-74.910053"></trkpt>
<trkpt lat="45.931607" lon="-74.909629"></trkpt>
<trkpt lat="45.930158" lon="-74.909630"></trkpt>
<trkpt lat="45.929269" lon="-74.909731"></trkpt>
<trkpt lat="45.928253" lon="-74.909904"></trkpt>
<trkpt lat="45.919867" lon="-74.912702"></trkpt>
<trkpt lat="45.918639" lon="-74.913106"></trkpt>
<trkpt lat="45.915899" lon="-74.913973"></trkpt>
<trkpt lat="45.913675" lon="-74.914711"></trkpt>
<trkpt lat="45.912483" lon="-74.915274"></trkpt>
<trkpt lat="45.911290" lon="-74.916155"></trkpt>
<trkpt lat="45.910266" lon="-74.917270"></trkpt>
<trkpt lat="45.909400" lon="-74.918545"></trkpt>
<trkpt lat="45.909267" lon="-74.918745"></trkpt>
<trkpt lat="45.908552" lon="-74.919708"></trkpt>
<trkpt lat="45.908299" lon="-74.920006"></trkpt>
<trkpt lat="45.907910" lon="-74.920384"></trkpt>
<trkpt lat="45.907460" lon="-74.920711"></trkpt>
<trkpt lat="45.906877" lon="-74.921041"></trkpt>
<trkpt lat="45.906080" lon="-74.921281"></trkpt>
<trkpt lat="45.905691" lon="-74.921303"></trkpt>
<trkpt lat="45.904497" lon="-74.921281"></trkpt>
<trkpt lat="45.903618" lon="-74.921241"></trkpt>
<trkpt lat="45.902392" lon="-74.921184"></trkpt>
<trkpt lat="45.898472" lon="-74.920999"></trkpt>
<trkpt lat="45.898524" lon="-74.920827"></trkpt>
<trkpt lat="45.898583" lon="-74.920367"></trkpt>
<trkpt lat="45.898692" lon="-74.919321"></trkpt>
<trkpt lat="45.898745" lon="-74.918370"></trkpt>
<trkpt lat="45.898744" lon="-74.917756"></trkpt>
<trkpt lat="45.898741" lon="-74.917580"></trkpt>
<trkpt lat="45.898734" lon="-74.916623"></trkpt>
<trkpt lat="45.898780" lon="-74.915851"></trkpt>
<trkpt lat="45.899005" lon="-74.914790"></trkpt>
<trkpt lat="45.899031" lon="-74.914504"></trkpt>
<trkpt lat="45.899026" lon="-74.914293"></trkpt>
<trkpt lat="45.899001" lon="-74.914059"></trkpt>
<trkpt lat="45.898764" lon="-74.913245"></trkpt>
<trkpt lat="45.898717" lon="-74.912954"></trkpt>
<trkpt lat="45.898683" lon="-74.911583"></trkpt>
<trkpt lat="45.898462" lon="-74.910405"></trkpt>
<trkpt lat="45.898429" lon="-74.910029"></trkpt>
<trkpt lat="45.898430" lon="-74.909679"></trkpt>
<trkpt lat="45.898466" lon="-74.909223"></trkpt>
<trkpt lat="45.898658" lon="-74.908474"></trkpt>
<trkpt lat="45.898925" lon="-74.907569"></trkpt>
<trkpt lat="45.898950" lon="-74.907311"></trkpt>
<trkpt lat="45.898934" lon="-74.906956"></trkpt>
<trkpt lat="45.898832" lon="-74.906627"></trkpt>
<trkpt lat="45.898714" lon="-74.906399"></trkpt>
<trkpt lat="45.897770" lon="-74.905045"></trkpt>
<trkpt lat="45.897585" lon="-74.904678"></trkpt>
<trkpt lat="45.897489" lon="-74.904402"></trkpt>
<trkpt lat="45.897383" lon="-74.903800"></trkpt>
<trkpt lat="45.897345" lon="-74.902777"></trkpt>
<trkpt lat="45.897316" lon="-74.902558"></trkpt>
<trkpt lat="45.897268" lon="-74.902383"></trkpt>
<trkpt lat="45.897177" lon="-74.902178"></trkpt>
<trkpt lat="45.897093" lon="-74.902035"></trkpt>
<trkpt lat="45.896976" lon="-74.901906"></trkpt>
<trkpt lat="45.896473" lon="-74.901580"></trkpt>
<trkpt lat="45.896233" lon="-74.901309"></trkpt>
<trkpt lat="45.896073" lon="-74.901052"></trkpt>
<trkpt lat="45.895979" lon="-74.900760"></trkpt>
<trkpt lat="45.895934" lon="-74.900529"></trkpt>
<trkpt lat="45.895921" lon="-74.900256"></trkpt>
<trkpt lat="45.895995" lon="-74.899419"></trkpt>
<trkpt lat="45.896082" lon="-74.898920"></trkpt>
<trkpt lat="45.896209" lon="-74.898527"></trkpt>
<trkpt lat="45.896334" lon="-74.898295"></trkpt>
<trkpt lat="45.896918" lon="-74.897603"></trkpt>
<trkpt lat="45.897177" lon="-74.897120"></trkpt>
<trkpt lat="45.897326" lon="-74.896636"></trkpt>
<trkpt lat="45.897459" lon="-74.896380"></trkpt>
<trkpt lat="45.897630" lon="-74.896095"></trkpt>
<trkpt lat="45.898531" lon="-74.894923"></trkpt>
<trkpt lat="45.898742" lon="-74.894569"></trkpt>
<trkpt lat="45.898847" lon="-74.894343"></trkpt>
<trkpt lat="45.898945" lon="-74.894049"></trkpt>
<trkpt lat="45.899009" lon="-74.893674"></trkpt>
<trkpt lat="45.899079" lon="-74.892054"></trkpt>
<trkpt lat="45.899086" lon="-74.891259"></trkpt>
<trkpt lat="45.899079" lon="-74.890831"></trkpt>
<trkpt lat="45.899028" lon="-74.890115"></trkpt>
<trkpt lat="45.899005" lon="-74.889883"></trkpt>
<trkpt lat="45.898885" lon="-74.888535"></trkpt>
<trkpt lat="45.898815" lon="-74.888173"></trkpt>
<trkpt lat="45.898691" lon="-74.887762"></trkpt>
<trkpt lat="45.898571" lon="-74.887459"></trkpt>
<trkpt lat="45.898423" lon="-74.887174"></trkpt>
<trkpt lat="45.898239" lon="-74.886899"></trkpt>
<trkpt lat="45.897718" lon="-74.886271"></trkpt>
<trkpt lat="45.897392" lon="-74.885831"></trkpt>
<trkpt lat="45.897301" lon="-74.885626"></trkpt>
<trkpt lat="45.897207" lon="-74.885205"></trkpt>
<trkpt lat="45.897212" lon="-74.883321"></trkpt>
<trkpt lat="45.896772" lon="-74.880290"></trkpt>
<trkpt lat="45.896698" lon="-74.879231"></trkpt>
<trkpt lat="45.896689" lon="-74.878572"></trkpt>
<trkpt lat="45.896712" lon="-74.876988"></trkpt>
<trkpt lat="45.896776" lon="-74.876424"></trkpt>
<trkpt lat="45.897139" lon="-74.874427"></trkpt>
<trkpt lat="45.897278" lon="-74.873680"></trkpt>
<trkpt lat="45.897379" lon="-74.873088"></trkpt>
<trkpt lat="45.897381" lon="-74.872367"></trkpt>
<trkpt lat="45.897226" lon="-74.871337"></trkpt>
<trkpt lat="45.897130" lon="-74.871052"></trkpt>
<trkpt lat="45.896961" lon="-74.870778"></trkpt>
<trkpt lat="45.896577" lon="-74.870347"></trkpt>
<trkpt lat="45.896429" lon="-74.870126"></trkpt>
<trkpt lat="45.896198" lon="-74.869613"></trkpt>
<trkpt lat="45.895530" lon="-74.868410"></trkpt>
<trkpt lat="45.895352" lon="-74.868221"></trkpt>
<trkpt lat="45.894975" lon="-74.867913"></trkpt>
<trkpt lat="45.894768" lon="-74.867598"></trkpt>
<trkpt lat="45.894670" lon="-74.867193"></trkpt>
<trkpt lat="45.894704" lon="-74.866069"></trkpt>
<trkpt lat="45.894256" lon="-74.864631"></trkpt>
<trkpt lat="45.894041" lon="-74.863252"></trkpt>
<trkpt lat="45.894026" lon="-74.863146"></trkpt>
<trkpt lat="45.893849" lon="-74.861881"></trkpt>
<trkpt lat="45.893765" lon="-74.860607"></trkpt>
<trkpt lat="45.893270" lon="-74.857657"></trkpt>
<trkpt lat="45.893091" lon="-74.856971"></trkpt>
<trkpt lat="45.892389" lon="-74.853494"></trkpt>
<trkpt lat="45.891442" lon="-74.850477"></trkpt>
<trkpt lat="45.891300" lon="-74.849963"></trkpt>
<trkpt lat="45.891224" lon="-74.849439"></trkpt>
<trkpt lat="45.891045" lon="-74.848795"></trkpt>
<trkpt lat="45.890870" lon="-74.848570"></trkpt>
<trkpt lat="45.890720" lon="-74.848430"></trkpt>
<trkpt lat="45.890522" lon="-74.848345"></trkpt>
<trkpt lat="45.890194" lon="-74.848366"></trkpt>
<trkpt lat="45.889712" lon="-74.848243"></trkpt>
<trkpt lat="45.889327" lon="-74.847980"></trkpt>
<trkpt lat="45.888999" lon="-74.847508"></trkpt>
<trkpt lat="45.888782" lon="-74.847148"></trkpt>
<trkpt lat="45.888655" lon="-74.846800"></trkpt>
<trkpt lat="45.888604" lon="-74.846369"></trkpt>
<trkpt lat="45.888700" lon="-74.845255"></trkpt>
<trkpt lat="45.888705" lon="-74.844978"></trkpt>
<trkpt lat="45.888629" lon="-74.844423"></trkpt>
<trkpt lat="45.888309" lon="-74.843433"></trkpt>
<trkpt lat="45.888283" lon="-74.843173"></trkpt>
<trkpt lat="45.888337" lon="-74.840982"></trkpt>
<trkpt lat="45.888395" lon="-74.840619"></trkpt>
<trkpt lat="45.888640" lon="-74.839704"></trkpt>
<trkpt lat="45.888697" lon="-74.839336"></trkpt>
<trkpt lat="45.888670" lon="-74.838860"></trkpt>
<trkpt lat="45.888502" lon="-74.838356"></trkpt>
<trkpt lat="45.888413" lon="-74.837857"></trkpt>
<trkpt lat="45.888457" lon="-74.837272"></trkpt>
<trkpt lat="45.888691" lon="-74.836298"></trkpt>
<trkpt lat="45.888797" lon="-74.835626"></trkpt>
<trkpt lat="45.888920" lon="-74.835320"></trkpt>
<trkpt lat="45.889141" lon="-74.835073"></trkpt>
<trkpt lat="45.889940" lon="-74.834590"></trkpt>
<trkpt lat="45.890179" lon="-74.834306"></trkpt>
<trkpt lat="45.890425" lon="-74.833823"></trkpt>
<trkpt lat="45.890543" lon="-74.833422"></trkpt>
<trkpt lat="45.890591" lon="-74.832433"></trkpt>
<trkpt lat="45.890660" lon="-74.832017"></trkpt>
<trkpt lat="45.890806" lon="-74.831763"></trkpt>
<trkpt lat="45.891021" lon="-74.831469"></trkpt>
<trkpt lat="45.891677" lon="-74.830347"></trkpt>
<trkpt lat="45.891779" lon="-74.830041"></trkpt>
<trkpt lat="45.891892" lon="-74.829367"></trkpt>
<trkpt lat="45.892020" lon="-74.829120"></trkpt>
<trkpt lat="45.892221" lon="-74.828857"></trkpt>
<trkpt lat="45.892990" lon="-74.828105"></trkpt>
<trkpt lat="45.893162" lon="-74.827799"></trkpt>
<trkpt lat="45.893240" lon="-74.827515"></trkpt>
<trkpt lat="45.893241" lon="-74.827145"></trkpt>
<trkpt lat="45.893143" lon="-74.826694"></trkpt>
<trkpt lat="45.892868" lon="-74.825689"></trkpt>
<trkpt lat="45.892852" lon="-74.825154"></trkpt>
<trkpt lat="45.892964" lon="-74.824736"></trkpt>
<trkpt lat="45.893173" lon="-74.824237"></trkpt>
<trkpt lat="45.894271" lon="-74.822037"></trkpt>
<trkpt lat="45.894958" lon="-74.820723"></trkpt>
<trkpt lat="45.896150" lon="-74.818720"></trkpt>
<trkpt lat="45.896619" lon="-74.818000"></trkpt>
<trkpt lat="45.898145" lon="-74.816165"></trkpt>
<trkpt lat="45.898741" lon="-74.815670"></trkpt>
<trkpt lat="45.899953" lon="-74.814664"></trkpt>
<trkpt lat="45.900319" lon="-74.814442"></trkpt>
<trkpt lat="45.900707" lon="-74.814253"></trkpt>
<trkpt lat="45.900801" lon="-74.804037"></trkpt>
<trkpt lat="45.900772" lon="-74.803212"></trkpt>
<trkpt lat="45.900653" lon="-74.802555"></trkpt>
<trkpt lat="45.900647" lon="-74.802130"></trkpt>
<trkpt lat="45.900832" lon="-74.800056"></trkpt>
<trkpt lat="45.900819" lon="-74.798699"></trkpt>
<trkpt lat="45.900865" lon="-74.798072"></trkpt>
<trkpt lat="45.900953" lon="-74.797629"></trkpt>
<trkpt lat="45.901164" lon="-74.796977"></trkpt>
<trkpt lat="45.901280" lon="-74.796312"></trkpt>
<trkpt lat="45.901499" lon="-74.793748"></trkpt>
<trkpt lat="45.901606" lon="-74.792988"></trkpt>
<trkpt lat="45.901607" lon="-74.792486"></trkpt>
<trkpt lat="45.901535" lon="-74.791707"></trkpt>
<trkpt lat="45.901548" lon="-74.790883"></trkpt>
<trkpt lat="45.901651" lon="-74.789665"></trkpt>
<trkpt lat="45.901612" lon="-74.788898"></trkpt>
<trkpt lat="45.901528" lon="-74.788121"></trkpt>
<trkpt lat="45.901634" lon="-74.786836"></trkpt>
<trkpt lat="45.901522" lon="-74.784676"></trkpt>
<trkpt lat="45.901415" lon="-74.784075"></trkpt>
<trkpt lat="45.901015" lon="-74.782626"></trkpt>
<trkpt lat="45.900972" lon="-74.782035"></trkpt>
<trkpt lat="45.900999" lon="-74.780834"></trkpt>
<trkpt lat="45.901001" lon="-74.780419"></trkpt>
<trkpt lat="45.901004" lon="-74.779242"></trkpt>
<trkpt lat="45.901026" lon="-74.776330"></trkpt>
<trkpt lat="45.901044" lon="-74.775389"></trkpt>
<trkpt lat="45.901056" lon="-74.774573"></trkpt>
<trkpt lat="45.901060" lon="-74.774002"></trkpt>
<trkpt lat="45.901063" lon="-74.773001"></trkpt>
<trkpt lat="45.901514" lon="-74.773192"></trkpt>
<trkpt lat="45.902319" lon="-74.773610"></trkpt>
<trkpt lat="45.902677" lon="-74.773720"></trkpt>
<trkpt lat="45.903009" lon="-74.773688"></trkpt>
<trkpt lat="45.903649" lon="-74.773395"></trkpt>
<trkpt lat="45.904061" lon="-74.773168"></trkpt>
<trkpt lat="45.904748" lon="-74.772681"></trkpt>
<trkpt lat="45.904903" lon="-74.772539"></trkpt>
<trkpt lat="45.905099" lon="-74.772358"></trkpt>
<trkpt lat="45.905729" lon="-74.771780"></trkpt>
<trkpt lat="45.906237" lon="-74.771429"></trkpt>
<trkpt lat="45.907698" lon="-74.770676"></trkpt>
<trkpt lat="45.908179" lon="-74.770547"></trkpt>
<trkpt lat="45.909119" lon="-74.770423"></trkpt>
<trkpt lat="45.909406" lon="-74.770466"></trkpt>
<trkpt lat="45.910145" lon="-74.770663"></trkpt>
<trkpt lat="45.911328" lon="-74.770710"></trkpt>
<trkpt lat="45.912620" lon="-74.770949"></trkpt>
<trkpt lat="45.912996" lon="-74.771074"></trkpt>
<trkpt lat="45.913455" lon="-74.771089"></trkpt>
<trkpt lat="45.915189" lon="-74.770870"></trkpt>
<trkpt lat="45.915479" lon="-74.770900"></trkpt>
<trkpt lat="45.916317" lon="-74.771422"></trkpt>
<trkpt lat="45.916540" lon="-74.771459"></trkpt>
<trkpt lat="45.916755" lon="-74.771462"></trkpt>
<trkpt lat="45.916926" lon="-74.771464"></trkpt>
<trkpt lat="45.917060" lon="-74.771516"></trkpt>
<trkpt lat="45.917149" lon="-74.771573"></trkpt>
<trkpt lat="45.917209" lon="-74.771636"></trkpt>
<trkpt lat="45.917458" lon="-74.771974"></trkpt>
<trkpt lat="45.917573" lon="-74.772114"></trkpt>
<trkpt lat="45.917785" lon="-74.772240"></trkpt>
<trkpt lat="45.918217" lon="-74.772246"></trkpt>
<trkpt lat="45.918958" lon="-74.772056"></trkpt>
<trkpt lat="45.919249" lon="-74.772127"></trkpt>
<trkpt lat="45.919341" lon="-74.772256"></trkpt>
<trkpt lat="45.919380" lon="-74.772556"></trkpt>
<trkpt lat="45.919272" lon="-74.773013"></trkpt>
<trkpt lat="45.919123" lon="-74.773455"></trkpt>
<trkpt lat="45.917962" lon="-74.776314"></trkpt>
<trkpt lat="45.917503" lon="-74.777363"></trkpt>
<trkpt lat="45.917178" lon="-74.778722"></trkpt>
<trkpt lat="45.916634" lon="-74.780374"></trkpt>
<trkpt lat="45.916104" lon="-74.781569"></trkpt>
<trkpt lat="45.916015" lon="-74.781774"></trkpt>
<trkpt lat="45.915828" lon="-74.782361"></trkpt>
<trkpt lat="45.915719" lon="-74.782995"></trkpt>
<trkpt lat="45.915719" lon="-74.783001"></trkpt>
<trkpt lat="45.915684" lon="-74.783496"></trkpt>
<trkpt lat="45.915461" lon="-74.787011"></trkpt>
<trkpt lat="45.915462" lon="-74.788432"></trkpt>
<trkpt lat="45.915517" lon="-74.789092"></trkpt>
<trkpt lat="45.915622" lon="-74.789467"></trkpt>
<trkpt lat="45.915845" lon="-74.789822"></trkpt>
<trkpt lat="45.916263" lon="-74.790351"></trkpt>
<trkpt lat="45.916594" lon="-74.790590"></trkpt>
<trkpt lat="45.916783" lon="-74.790649"></trkpt>
<trkpt lat="45.916976" lon="-74.790626"></trkpt>
<trkpt lat="45.917232" lon="-74.790432"></trkpt>
<trkpt lat="45.917638" lon="-74.789908"></trkpt>
<trkpt lat="45.918124" lon="-74.789422"></trkpt>
<trkpt lat="45.918462" lon="-74.789306"></trkpt>
<trkpt lat="45.918759" lon="-74.789325"></trkpt>
<trkpt lat="45.919124" lon="-74.789616"></trkpt>
<trkpt lat="45.919353" lon="-74.790121"></trkpt>
<trkpt lat="45.919461" lon="-74.790859"></trkpt>
<trkpt lat="45.919516" lon="-74.792568"></trkpt>
<trkpt lat="45.919367" lon="-74.793636"></trkpt>
<trkpt lat="45.919404" lon="-74.793949"></trkpt>
<trkpt lat="45.919434" lon="-74.794200"></trkpt>
<trkpt lat="45.919624" lon="-74.794802"></trkpt>
<trkpt lat="45.919804" lon="-74.795013"></trkpt>
<trkpt lat="45.920110" lon="-74.795176"></trkpt>
<trkpt lat="45.920265" lon="-74.795310"></trkpt>
<trkpt lat="45.920440" lon="-74.795601"></trkpt>
<trkpt lat="45.921550" lon="-74.797838"></trkpt>
<trkpt lat="45.921748" lon="-74.798352"></trkpt>
<trkpt lat="45.921847" lon="-74.798533"></trkpt>
<trkpt lat="45.921898" lon="-74.798607"></trkpt>
<trkpt lat="45.922248" lon="-74.798864"></trkpt>
<trkpt lat="45.922837" lon="-74.799472"></trkpt>
<trkpt lat="45.923090" lon="-74.799622"></trkpt>
<trkpt lat="45.923357" lon="-74.799702"></trkpt>
<trkpt lat="45.923595" lon="-74.799715"></trkpt>
<trkpt lat="45.923998" lon="-74.799682"></trkpt>
<trkpt lat="45.924907" lon="-74.799403"></trkpt>
<trkpt lat="45.925125" lon="-74.799427"></trkpt>
<trkpt lat="45.926043" lon="-74.799836"></trkpt>
<trkpt lat="45.926229" lon="-74.800006"></trkpt>
<trkpt lat="45.926310" lon="-74.800181"></trkpt>
<trkpt lat="45.926351" lon="-74.800433"></trkpt>
<trkpt lat="45.926445" lon="-74.800783"></trkpt>
<trkpt lat="45.926626" lon="-74.801059"></trkpt>
<trkpt lat="45.927550" lon="-74.801679"></trkpt>
<trkpt lat="45.927837" lon="-74.801997"></trkpt>
<trkpt lat="45.928423" lon="-74.802959"></trkpt>
<trkpt lat="45.928620" lon="-74.803176"></trkpt>
<trkpt lat="45.928696" lon="-74.803371"></trkpt>
<trkpt lat="45.928780" lon="-74.803777"></trkpt>
<trkpt lat="45.928913" lon="-74.804231"></trkpt>
<trkpt lat="45.929051" lon="-74.804432"></trkpt>
<trkpt lat="45.929219" lon="-74.804543"></trkpt>
<trkpt lat="45.929813" lon="-74.804712"></trkpt>
<trkpt lat="45.929917" lon="-74.804836"></trkpt>
<trkpt lat="45.930137" lon="-74.806143"></trkpt>
<trkpt lat="45.930162" lon="-74.806753"></trkpt>
<trkpt lat="45.930154" lon="-74.807232"></trkpt>
<trkpt lat="45.932931" lon="-74.806438"></trkpt>
<trkpt lat="45.934968" lon="-74.805268"></trkpt>
<trkpt lat="45.935409" lon="-74.804968"></trkpt>
<trkpt lat="45.935715" lon="-74.804818"></trkpt>
<trkpt lat="45.936394" lon="-74.804710"></trkpt>
<trkpt lat="45.937267" lon="-74.804635"></trkpt>
<trkpt lat="45.938080" lon="-74.804517"></trkpt>
<trkpt lat="45.939975" lon="-74.804421"></trkpt>
<trkpt lat="45.941579" lon="-74.804110"></trkpt>
<trkpt lat="45.943780" lon="-74.803552"></trkpt>
<trkpt lat="45.944027" lon="-74.803515"></trkpt>
<trkpt lat="45.944280" lon="-74.803552"></trkpt>
<trkpt lat="45.944539" lon="-74.803661"></trkpt>
<trkpt lat="45.944809" lon="-74.803822"></trkpt>
<trkpt lat="45.945070" lon="-74.804009"></trkpt>
<trkpt lat="45.945501" lon="-74.804391"></trkpt>
<trkpt lat="45.945620" lon="-74.804544"></trkpt>
<trkpt lat="45.945785" lon="-74.804859"></trkpt>
<trkpt lat="45.946258" lon="-74.805691"></trkpt>
<trkpt lat="45.946371" lon="-74.805784"></trkpt>
<trkpt lat="45.946508" lon="-74.805832"></trkpt>
<trkpt lat="45.946655" lon="-74.805837"></trkpt>
<trkpt lat="45.947128" lon="-74.805736"></trkpt>
<trkpt lat="45.947396" lon="-74.805626"></trkpt>
<trkpt lat="45.947755" lon="-74.805425"></trkpt>
<trkpt lat="45.948382" lon="-74.805152"></trkpt>
<trkpt lat="45.949729" lon="-74.804288"></trkpt>
<trkpt lat="45.950337" lon="-74.804009"></trkpt>
<trkpt lat="45.950859" lon="-74.803859"></trkpt>
<trkpt lat="45.951098" lon="-74.803859"></trkpt>
<trkpt lat="45.951381" lon="-74.803988"></trkpt>
<trkpt lat="45.951530" lon="-74.804117"></trkpt>
<trkpt lat="45.951843" lon="-74.804310"></trkpt>
<trkpt lat="45.952226" lon="-74.804405"></trkpt>
<trkpt lat="45.952589" lon="-74.804310"></trkpt>
<trkpt lat="45.954092" lon="-74.803478"></trkpt>
<trkpt lat="45.954320" lon="-74.803408"></trkpt>
<trkpt lat="45.955200" lon="-74.803473"></trkpt>
<trkpt lat="45.955916" lon="-74.803365"></trkpt>
<trkpt lat="45.957770" lon="-74.802636"></trkpt>
<trkpt lat="45.958631" lon="-74.802335"></trkpt>
<trkpt lat="45.958735" lon="-74.802228"></trkpt>
<trkpt lat="45.958810" lon="-74.802035"></trkpt>
<trkpt lat="45.958883" lon="-74.800933"></trkpt>
<trkpt lat="45.958989" lon="-74.799787"></trkpt>
<trkpt lat="45.959015" lon="-74.799689"></trkpt>
<trkpt lat="45.959075" lon="-74.799626"></trkpt>
<trkpt lat="45.959164" lon="-74.799600"></trkpt>
<trkpt lat="45.960824" lon="-74.799932"></trkpt>
<trkpt lat="45.966916" lon="-74.800962"></trkpt>
<trkpt lat="45.967069" lon="-74.800949"></trkpt>
<trkpt lat="45.967416" lon="-74.800640"></trkpt>
<trkpt lat="45.967726" lon="-74.800424"></trkpt>
<trkpt lat="45.968774" lon="-74.799954"></trkpt>
<trkpt lat="45.968924" lon="-74.799838"></trkpt>
<trkpt lat="45.970383" lon="-74.798162"></trkpt>
<trkpt lat="45.972383" lon="-74.795619"></trkpt>
<trkpt lat="45.972708" lon="-74.794870"></trkpt>
<trkpt lat="45.972935" lon="-74.794074"></trkpt>
<trkpt lat="45.972979" lon="-74.793431"></trkpt>
<trkpt lat="45.972920" lon="-74.791414"></trkpt>
<trkpt lat="45.972946" lon="-74.789685"></trkpt>
<trkpt lat="45.972949" lon="-74.789182"></trkpt>
<trkpt lat="45.972960" lon="-74.788770"></trkpt>
<trkpt lat="45.973047" lon="-74.788252"></trkpt>
<trkpt lat="45.973137" lon="-74.787970"></trkpt>
<trkpt lat="45.973351" lon="-74.787541"></trkpt>
<trkpt lat="45.973671" lon="-74.787109"></trkpt>
<trkpt lat="45.974471" lon="-74.786028"></trkpt>
<trkpt lat="45.974575" lon="-74.785851"></trkpt>
<trkpt lat="45.975122" lon="-74.784935"></trkpt>
<trkpt lat="45.975447" lon="-74.784195"></trkpt>
<trkpt lat="45.975702" lon="-74.783446"></trkpt>
<trkpt lat="45.976066" lon="-74.782165"></trkpt>
<trkpt lat="45.976439" lon="-74.780537"></trkpt>
<trkpt lat="45.976646" lon="-74.779290"></trkpt>
<trkpt lat="45.976728" lon="-74.778602"></trkpt>
<trkpt lat="45.976768" lon="-74.778262"></trkpt>
<trkpt lat="45.976913" lon="-74.777046"></trkpt>
<trkpt lat="45.977118" lon="-74.776328"></trkpt>
<trkpt lat="45.977314" lon="-74.775820"></trkpt>
<trkpt lat="45.977542" lon="-74.775406"></trkpt>
<trkpt lat="45.978198" lon="-74.774612"></trkpt>
<trkpt lat="45.978646" lon="-74.774290"></trkpt>
<trkpt lat="45.979106" lon="-74.774147"></trkpt>
<trkpt lat="45.980183" lon="-74.774128"></trkpt>
<trkpt lat="45.983955" lon="-74.774183"></trkpt>
<trkpt lat="45.985329" lon="-74.774175"></trkpt>
<trkpt lat="45.988065" lon="-74.774130"></trkpt>
<trkpt lat="45.989089" lon="-74.774109"></trkpt>
<trkpt lat="45.989329" lon="-74.774109"></trkpt>
<trkpt lat="45.989794" lon="-74.774118"></trkpt>
<trkpt lat="45.991129" lon="-74.774114"></trkpt>
<trkpt lat="45.994108" lon="-74.774096"></trkpt>
<trkpt lat="45.994362" lon="-74.774273"></trkpt>
<trkpt lat="45.994908" lon="-74.775051"></trkpt>
<trkpt lat="45.995013" lon="-74.775168"></trkpt>
<trkpt lat="45.995518" lon="-74.774501"></trkpt>
<trkpt lat="45.996446" lon="-74.773150"></trkpt>
<trkpt lat="45.996875" lon="-74.772626"></trkpt>
<trkpt lat="45.997793" lon="-74.771663"></trkpt>
<trkpt lat="45.998016" lon="-74.771477"></trkpt>
<trkpt lat="45.998837" lon="-74.770805"></trkpt>
<trkpt lat="45.999325" lon="-74.770426"></trkpt>
<trkpt lat="46.000076" lon="-74.769810"></trkpt>
<trkpt lat="46.000482" lon="-74.769472"></trkpt>
<trkpt lat="46.001171" lon="-74.768935"></trkpt>
<trkpt lat="46.001397" lon="-74.768766"></trkpt>
<trkpt lat="46.001977" lon="-74.768223"></trkpt>
<trkpt lat="46.002428" lon="-74.767856"></trkpt>
<trkpt lat="46.002861" lon="-74.767352"></trkpt>
<trkpt lat="46.003326" lon="-74.766687"></trkpt>
<trkpt lat="46.003767" lon="-74.766066"></trkpt>
<trkpt lat="46.003894" lon="-74.765895"></trkpt>
<trkpt lat="46.004254" lon="-74.765546"></trkpt>
<trkpt lat="46.004480" lon="-74.765374"></trkpt>
<trkpt lat="46.004849" lon="-74.765156"></trkpt>
<trkpt lat="46.005598" lon="-74.764757"></trkpt>
<trkpt lat="46.006679" lon="-74.764209"></trkpt>
<trkpt lat="46.007720" lon="-74.763663"></trkpt>
<trkpt lat="46.008237" lon="-74.763362"></trkpt>
<trkpt lat="46.008539" lon="-74.763142"></trkpt>
<trkpt lat="46.009649" lon="-74.762190"></trkpt>
<trkpt lat="46.010494" lon="-74.761395"></trkpt>
<trkpt lat="46.010691" lon="-74.761264"></trkpt>
<trkpt lat="46.010959" lon="-74.761142"></trkpt>
<trkpt lat="46.011371" lon="-74.761153"></trkpt>
<trkpt lat="46.011929" lon="-74.761357"></trkpt>
<trkpt lat="46.012517" lon="-74.761636"></trkpt>
<trkpt lat="46.016428" lon="-74.763354"></trkpt>
<trkpt lat="46.016956" lon="-74.763546"></trkpt>
<trkpt lat="46.017429" lon="-74.763584"></trkpt>
<trkpt lat="46.017883" lon="-74.763545"></trkpt>
<trkpt lat="46.018247" lon="-74.763432"></trkpt>
<trkpt lat="46.018990" lon="-74.763032"></trkpt>
<trkpt lat="46.020787" lon="-74.762149"></trkpt>
<trkpt lat="46.026795" lon="-74.759191"></trkpt>
<trkpt lat="46.027254" lon="-74.758897"></trkpt>
<trkpt lat="46.027664" lon="-74.758584"></trkpt>
<trkpt lat="46.028261" lon="-74.758050"></trkpt>
<trkpt lat="46.028878" lon="-74.757442"></trkpt>
<trkpt lat="46.029159" lon="-74.757232"></trkpt>
<trkpt lat="46.029454" lon="-74.757062"></trkpt>
<trkpt lat="46.030387" lon="-74.756863"></trkpt>
<trkpt lat="46.030918" lon="-74.756687"></trkpt>
<trkpt lat="46.031454" lon="-74.756373"></trkpt>
<trkpt lat="46.033962" lon="-74.754308"></trkpt>
<trkpt lat="46.034185" lon="-74.754106"></trkpt>
<trkpt lat="46.034587" lon="-74.753657"></trkpt>
<trkpt lat="46.034957" lon="-74.753080"></trkpt>
<trkpt lat="46.035222" lon="-74.752466"></trkpt>
<trkpt lat="46.035449" lon="-74.751807"></trkpt>
<trkpt lat="46.036460" lon="-74.748552"></trkpt>
<trkpt lat="46.036697" lon="-74.747956"></trkpt>
<trkpt lat="46.036955" lon="-74.747442"></trkpt>
<trkpt lat="46.037443" lon="-74.746701"></trkpt>
<trkpt lat="46.039474" lon="-74.743854"></trkpt>
<trkpt lat="46.039907" lon="-74.743238"></trkpt>
<trkpt lat="46.040602" lon="-74.742117"></trkpt>
<trkpt lat="46.042975" lon="-74.737512"></trkpt>
<trkpt lat="46.043287" lon="-74.736910"></trkpt>
<trkpt lat="46.043613" lon="-74.736132"></trkpt>
<trkpt lat="46.044494" lon="-74.733383"></trkpt>
<trkpt lat="46.044695" lon="-74.733000"></trkpt>
<trkpt lat="46.044914" lon="-74.732630"></trkpt>
<trkpt lat="46.045183" lon="-74.732267"></trkpt>
<trkpt lat="46.047385" lon="-74.729685"></trkpt>
<trkpt lat="46.048248" lon="-74.728587"></trkpt>
<trkpt lat="46.048802" lon="-74.727698"></trkpt>
<trkpt lat="46.050586" lon="-74.724455"></trkpt>
<trkpt lat="46.050764" lon="-74.724139"></trkpt>
<trkpt lat="46.051407" lon="-74.722983"></trkpt>
<trkpt lat="46.051844" lon="-74.722065"></trkpt>
<trkpt lat="46.052016" lon="-74.721564"></trkpt>
<trkpt lat="46.052237" lon="-74.720808"></trkpt>
<trkpt lat="46.052752" lon="-74.718783"></trkpt>
<trkpt lat="46.052990" lon="-74.718141"></trkpt>
<trkpt lat="46.054715" lon="-74.715101"></trkpt>
<trkpt lat="46.054972" lon="-74.714736"></trkpt>
<trkpt lat="46.055251" lon="-74.714407"></trkpt>
<trkpt lat="46.055646" lon="-74.714053"></trkpt>
<trkpt lat="46.059052" lon="-74.711586"></trkpt>
<trkpt lat="46.060416" lon="-74.710708"></trkpt>
<trkpt lat="46.061662" lon="-74.709761"></trkpt>
<trkpt lat="46.062529" lon="-74.708858"></trkpt>
<trkpt lat="46.066890" lon="-74.703599"></trkpt>
<trkpt lat="46.068408" lon="-74.701818"></trkpt>
<trkpt lat="46.069000" lon="-74.701225"></trkpt>
<trkpt lat="46.071313" lon="-74.699639"></trkpt>
<trkpt lat="46.072548" lon="-74.698855"></trkpt>
<trkpt lat="46.073037" lon="-74.698485"></trkpt>
<trkpt lat="46.073482" lon="-74.698020"></trkpt>
<trkpt lat="46.073677" lon="-74.697772"></trkpt>
<trkpt lat="46.074207" lon="-74.696774"></trkpt>
<trkpt lat="46.074452" lon="-74.696046"></trkpt>
<trkpt lat="46.074857" lon="-74.694642"></trkpt>
<trkpt lat="46.075810" lon="-74.691257"></trkpt>
<trkpt lat="46.076056" lon="-74.690243"></trkpt>
<trkpt lat="46.076159" lon="-74.689672"></trkpt>
<trkpt lat="46.076223" lon="-74.689032"></trkpt>
<trkpt lat="46.076276" lon="-74.688338"></trkpt>
<trkpt lat="46.076265" lon="-74.687625"></trkpt>
<trkpt lat="46.076259" lon="-74.686436"></trkpt>
<trkpt lat="46.076217" lon="-74.683450"></trkpt>
<trkpt lat="46.076177" lon="-74.681349"></trkpt>
<trkpt lat="46.076182" lon="-74.680812"></trkpt>
<trkpt lat="46.076171" lon="-74.680412"></trkpt>
<trkpt lat="46.076166" lon="-74.678878"></trkpt>
<trkpt lat="46.076206" lon="-74.677969"></trkpt>
<trkpt lat="46.075629" lon="-74.678145"></trkpt>
<trkpt lat="46.075175" lon="-74.678152"></trkpt>
<trkpt lat="46.074039" lon="-74.678153"></trkpt>
<trkpt lat="46.072718" lon="-74.678186"></trkpt>
<trkpt lat="46.071551" lon="-74.678149"></trkpt>
<trkpt lat="46.071295" lon="-74.678141"></trkpt>
<trkpt lat="46.069029" lon="-74.678068"></trkpt>
<trkpt lat="46.067209" lon="-74.678018"></trkpt>
<trkpt lat="46.066944" lon="-74.677972"></trkpt>
<trkpt lat="46.065573" lon="-74.677085"></trkpt>
<trkpt lat="46.064687" lon="-74.676359"></trkpt>
<trkpt lat="46.063801" lon="-74.675793"></trkpt>
<trkpt lat="46.063248" lon="-74.675295"></trkpt>
<trkpt lat="46.062832" lon="-74.675049"></trkpt>
<trkpt lat="46.062664" lon="-74.675002"></trkpt>
<trkpt lat="46.062121" lon="-74.674995"></trkpt>
<trkpt lat="46.061763" lon="-74.674948"></trkpt>
<trkpt lat="46.061469" lon="-74.674843"></trkpt>
<trkpt lat="46.061265" lon="-74.674720"></trkpt>
<trkpt lat="46.060729" lon="-74.674276"></trkpt>
<trkpt lat="46.060328" lon="-74.674071"></trkpt>
<trkpt lat="46.059981" lon="-74.674055"></trkpt>
<trkpt lat="46.059670" lon="-74.674143"></trkpt>
<trkpt lat="46.059171" lon="-74.674375"></trkpt>
<trkpt lat="46.058763" lon="-74.674481"></trkpt>
<trkpt lat="46.058474" lon="-74.674474"></trkpt>
<trkpt lat="46.058244" lon="-74.674381"></trkpt>
<trkpt lat="46.055943" lon="-74.672866"></trkpt>
<trkpt lat="46.055561" lon="-74.672740"></trkpt>
<trkpt lat="46.054819" lon="-74.672962"></trkpt>
<trkpt lat="46.054683" lon="-74.672967"></trkpt>
<trkpt lat="46.054467" lon="-74.672975"></trkpt>
<trkpt lat="46.053150" lon="-74.672678"></trkpt>
<trkpt lat="46.052669" lon="-74.672515"></trkpt>
<trkpt lat="46.052059" lon="-74.672093"></trkpt>
<trkpt lat="46.050639" lon="-74.670820"></trkpt>
<trkpt lat="46.050630" lon="-74.670812"></trkpt>
<trkpt lat="46.050122" lon="-74.670241"></trkpt>
<trkpt lat="46.049536" lon="-74.669284"></trkpt>
<trkpt lat="46.049031" lon="-74.668546"></trkpt>
<trkpt lat="46.048516" lon="-74.668050"></trkpt>
<trkpt lat="46.046508" lon="-74.666493"></trkpt>
<trkpt lat="46.045646" lon="-74.665960"></trkpt>
<trkpt lat="46.045103" lon="-74.665378"></trkpt>
<trkpt lat="46.044689" lon="-74.664994"></trkpt>
<trkpt lat="46.044046" lon="-74.664541"></trkpt>
<trkpt lat="46.043317" lon="-74.664229"></trkpt>
<trkpt lat="46.042218" lon="-74.663592"></trkpt>
<trkpt lat="46.041158" lon="-74.662744"></trkpt>
<trkpt lat="46.040532" lon="-74.662308"></trkpt>
<trkpt lat="46.040337" lon="-74.662204"></trkpt>
<trkpt lat="46.039902" lon="-74.662041"></trkpt>
<trkpt lat="46.039467" lon="-74.661921"></trkpt>
<trkpt lat="46.039230" lon="-74.661915"></trkpt>
<trkpt lat="46.039008" lon="-74.661960"></trkpt>
<trkpt lat="46.038831" lon="-74.662077"></trkpt>
<trkpt lat="46.038388" lon="-74.662588"></trkpt>
<trkpt lat="46.038143" lon="-74.662924"></trkpt>
<trkpt lat="46.037885" lon="-74.663153"></trkpt>
<trkpt lat="46.035625" lon="-74.664722"></trkpt>
<trkpt lat="46.034789" lon="-74.665247"></trkpt>
<trkpt lat="46.034314" lon="-74.665495"></trkpt>
<trkpt lat="46.033957" lon="-74.665653"></trkpt>
<trkpt lat="46.033691" lon="-74.665725"></trkpt>
<trkpt lat="46.032711" lon="-74.665749"></trkpt>
<trkpt lat="46.031931" lon="-74.665893"></trkpt>
<trkpt lat="46.031179" lon="-74.666248"></trkpt>
<trkpt lat="46.030640" lon="-74.666512"></trkpt>
<trkpt lat="46.029718" lon="-74.667036"></trkpt>
<trkpt lat="46.028109" lon="-74.668116"></trkpt>
<trkpt lat="46.027920" lon="-74.668333"></trkpt>
<trkpt lat="46.027790" lon="-74.668648"></trkpt>
<trkpt lat="46.027752" lon="-74.668994"></trkpt>
<trkpt lat="46.027892" lon="-74.670554"></trkpt>
<trkpt lat="46.027875" lon="-74.671009"></trkpt>
<trkpt lat="46.027760" lon="-74.671828"></trkpt>
<trkpt lat="46.027723" lon="-74.672459"></trkpt>
<trkpt lat="46.027635" lon="-74.672801"></trkpt>
<trkpt lat="46.027502" lon="-74.673059"></trkpt>
<trkpt lat="46.027214" lon="-74.673331"></trkpt>
<trkpt lat="46.025840" lon="-74.674301"></trkpt>
<trkpt lat="46.025625" lon="-74.674532"></trkpt>
<trkpt lat="46.025426" lon="-74.674852"></trkpt>
<trkpt lat="46.024848" lon="-74.676515"></trkpt>
<trkpt lat="46.024664" lon="-74.676888"></trkpt>
<trkpt lat="46.024532" lon="-74.677067"></trkpt>
<trkpt lat="46.024348" lon="-74.677198"></trkpt>
<trkpt lat="46.024138" lon="-74.677252"></trkpt>
<trkpt lat="46.023699" lon="-74.677249"></trkpt>
<trkpt lat="46.020985" lon="-74.676956"></trkpt>
<trkpt lat="46.020717" lon="-74.676951"></trkpt>
<trkpt lat="46.020369" lon="-74.677077"></trkpt>
<trkpt lat="46.020163" lon="-74.677088"></trkpt>
<trkpt lat="46.019611" lon="-74.676829"></trkpt>
<trkpt lat="46.017795" lon="-74.676583"></trkpt>
<trkpt lat="46.016446" lon="-74.676379"></trkpt>
<trkpt lat="46.014685" lon="-74.676181"></trkpt>
<trkpt lat="46.014471" lon="-74.676074"></trkpt>
<trkpt lat="46.014323" lon="-74.675918"></trkpt>
<trkpt lat="46.014158" lon="-74.675679"></trkpt>
<trkpt lat="46.013924" lon="-74.675153"></trkpt>
<trkpt lat="46.013660" lon="-74.674745"></trkpt>
<trkpt lat="46.013451" lon="-74.674327"></trkpt>
<trkpt lat="46.013189" lon="-74.673485"></trkpt>
<trkpt lat="46.012952" lon="-74.673041"></trkpt>
<trkpt lat="46.012505" lon="-74.672353"></trkpt>
<trkpt lat="46.010981" lon="-74.670829"></trkpt>
<trkpt lat="46.010025" lon="-74.669983"></trkpt>
<trkpt lat="46.008711" lon="-74.668673"></trkpt>
<trkpt lat="46.008580" lon="-74.668538"></trkpt>
<trkpt lat="46.007734" lon="-74.667464"></trkpt>
<trkpt lat="46.007573" lon="-74.667208"></trkpt>
<trkpt lat="46.007333" lon="-74.666692"></trkpt>
<trkpt lat="46.007185" lon="-74.666495"></trkpt>
<trkpt lat="46.006781" lon="-74.666159"></trkpt>
<trkpt lat="46.006302" lon="-74.665509"></trkpt>
<trkpt lat="46.005748" lon="-74.664510"></trkpt>
<trkpt lat="46.005424" lon="-74.664145"></trkpt>
<trkpt lat="46.004587" lon="-74.662943"></trkpt>
<trkpt lat="46.004057" lon="-74.662345"></trkpt>
<trkpt lat="46.003903" lon="-74.662013"></trkpt>
<trkpt lat="46.003658" lon="-74.661362"></trkpt>
<trkpt lat="46.001436" lon="-74.656634"></trkpt>
<trkpt lat="46.000947" lon="-74.655532"></trkpt>
<trkpt lat="46.000635" lon="-74.654747"></trkpt>
<trkpt lat="46.000580" lon="-74.654470"></trkpt>
<trkpt lat="46.000663" lon="-74.653638"></trkpt>
<trkpt lat="46.000631" lon="-74.653348"></trkpt>
<trkpt lat="46.000517" lon="-74.653002"></trkpt>
<trkpt lat="46.000293" lon="-74.652587"></trkpt>
<trkpt lat="45.999692" lon="-74.651710"></trkpt>
<trkpt lat="45.998950" lon="-74.650596"></trkpt>
<trkpt lat="45.998417" lon="-74.649945"></trkpt>
<trkpt lat="45.997740" lon="-74.649027"></trkpt>
<trkpt lat="45.997578" lon="-74.648743"></trkpt>
<trkpt lat="45.997440" lon="-74.648335"></trkpt>
<trkpt lat="45.997396" lon="-74.647977"></trkpt>
<trkpt lat="45.997340" lon="-74.647057"></trkpt>
<trkpt lat="45.997273" lon="-74.646794"></trkpt>
<trkpt lat="45.997214" lon="-74.646556"></trkpt>
<trkpt lat="45.997191" lon="-74.646360"></trkpt>
<trkpt lat="45.997012" lon="-74.644812"></trkpt>
<trkpt lat="45.996878" lon="-74.644352"></trkpt>
<trkpt lat="45.996669" lon="-74.643888"></trkpt>
<trkpt lat="45.995860" lon="-74.642796"></trkpt>
<trkpt lat="45.995643" lon="-74.642589"></trkpt>
<trkpt lat="45.995434" lon="-74.642487"></trkpt>
<trkpt lat="45.995110" lon="-74.642384"></trkpt>
<trkpt lat="45.994128" lon="-74.642167"></trkpt>
<trkpt lat="45.993737" lon="-74.641995"></trkpt>
<trkpt lat="45.993510" lon="-74.641805"></trkpt>
<trkpt lat="45.993072" lon="-74.641255"></trkpt>
<trkpt lat="45.992604" lon="-74.640811"></trkpt>
<trkpt lat="45.992143" lon="-74.640490"></trkpt>
<trkpt lat="45.991817" lon="-74.640353"></trkpt>
<trkpt lat="45.991242" lon="-74.640198"></trkpt>
<trkpt lat="45.990786" lon="-74.639885"></trkpt>
<trkpt lat="45.989145" lon="-74.638122"></trkpt>
<trkpt lat="45.988744" lon="-74.637829"></trkpt>
<trkpt lat="45.988528" lon="-74.637731"></trkpt>
<trkpt lat="45.988140" lon="-74.637652"></trkpt>
<trkpt lat="45.987875" lon="-74.637552"></trkpt>
<trkpt lat="45.987622" lon="-74.637375"></trkpt>
<trkpt lat="45.987220" lon="-74.636951"></trkpt>
<trkpt lat="45.986541" lon="-74.635943"></trkpt>
<trkpt lat="45.986065" lon="-74.635409"></trkpt>
<trkpt lat="45.985576" lon="-74.635067"></trkpt>
<trkpt lat="45.984912" lon="-74.634737"></trkpt>
<trkpt lat="45.984381" lon="-74.634553"></trkpt>
<trkpt lat="45.983604" lon="-74.634355"></trkpt>
<trkpt lat="45.983232" lon="-74.634195"></trkpt>
<trkpt lat="45.982427" lon="-74.633726"></trkpt>
<trkpt lat="45.982257" lon="-74.633568"></trkpt>
<trkpt lat="45.982113" lon="-74.633353"></trkpt>
<trkpt lat="45.981632" lon="-74.632263"></trkpt>
<trkpt lat="45.981442" lon="-74.631988"></trkpt>
<trkpt lat="45.981257" lon="-74.631837"></trkpt>
<trkpt lat="45.980958" lon="-74.631712"></trkpt>
<trkpt lat="45.980115" lon="-74.631449"></trkpt>
<trkpt lat="45.979893" lon="-74.631415"></trkpt>
<trkpt lat="45.979613" lon="-74.631449"></trkpt>
<trkpt lat="45.979301" lon="-74.631582"></trkpt>
<trkpt lat="45.977473" lon="-74.632700"></trkpt>
<trkpt lat="45.977216" lon="-74.632858"></trkpt>
<trkpt lat="45.977095" lon="-74.632940"></trkpt>
<trkpt lat="45.976586" lon="-74.633274"></trkpt>
<trkpt lat="45.975791" lon="-74.633732"></trkpt>
<trkpt lat="45.975372" lon="-74.633784"></trkpt>
<trkpt lat="45.975280" lon="-74.633432"></trkpt>
<trkpt lat="45.975212" lon="-74.633269"></trkpt>
<trkpt lat="45.975049" lon="-74.633050"></trkpt>
<trkpt lat="45.974299" lon="-74.632367"></trkpt>
<trkpt lat="45.973742" lon="-74.631871"></trkpt>
<trkpt lat="45.973545" lon="-74.631698"></trkpt>
<trkpt lat="45.973219" lon="-74.631341"></trkpt>
<trkpt lat="45.973077" lon="-74.631116"></trkpt>
<trkpt lat="45.972546" lon="-74.629366"></trkpt>
<trkpt lat="45.972426" lon="-74.629119"></trkpt>
<trkpt lat="45.972282" lon="-74.628921"></trkpt>
<trkpt lat="45.972044" lon="-74.628711"></trkpt>
<trkpt lat="45.971726" lon="-74.628609"></trkpt>
<trkpt lat="45.968291" lon="-74.628267"></trkpt>
<trkpt lat="45.967993" lon="-74.628165"></trkpt>
<trkpt lat="45.967778" lon="-74.627891"></trkpt>
<trkpt lat="45.967594" lon="-74.627309"></trkpt>
<trkpt lat="45.967175" lon="-74.624705"></trkpt>
<trkpt lat="45.967127" lon="-74.624221"></trkpt>
<trkpt lat="45.967152" lon="-74.623735"></trkpt>
<trkpt lat="45.967490" lon="-74.621451"></trkpt>
<trkpt lat="45.967807" lon="-74.618647"></trkpt>
<trkpt lat="45.967895" lon="-74.617865"></trkpt>
<trkpt lat="45.967892" lon="-74.617368"></trkpt>
<trkpt lat="45.967766" lon="-74.616530"></trkpt>
<trkpt lat="45.967695" lon="-74.616079"></trkpt>
<trkpt lat="45.967482" lon="-74.616109"></trkpt>
<trkpt lat="45.967110" lon="-74.616222"></trkpt>
<trkpt lat="45.966844" lon="-74.616314"></trkpt>
<trkpt lat="45.966747" lon="-74.616350"></trkpt>
<trkpt lat="45.966133" lon="-74.616581"></trkpt>
<trkpt lat="45.966026" lon="-74.615657"></trkpt>
<trkpt lat="45.965929" lon="-74.614840"></trkpt>
<trkpt lat="45.965738" lon="-74.613812"></trkpt>
<trkpt lat="45.965355" lon="-74.612366"></trkpt>
<trkpt lat="45.964983" lon="-74.611354"></trkpt>
<trkpt lat="45.964655" lon="-74.610626"></trkpt>
<trkpt lat="45.964180" lon="-74.609753"></trkpt>
<trkpt lat="45.962814" lon="-74.607611"></trkpt>
<trkpt lat="45.962665" lon="-74.607378"></trkpt>
<trkpt lat="45.961582" lon="-74.605678"></trkpt>
<trkpt lat="45.961484" lon="-74.605782"></trkpt>
<trkpt lat="45.961221" lon="-74.605219"></trkpt>
<trkpt lat="45.960899" lon="-74.604234"></trkpt>
<trkpt lat="45.960817" lon="-74.603759"></trkpt>
<trkpt lat="45.960750" lon="-74.603016"></trkpt>
<trkpt lat="45.960750" lon="-74.602701"></trkpt>
<trkpt lat="45.960749" lon="-74.601769"></trkpt>
<trkpt lat="45.960851" lon="-74.601326"></trkpt>
<trkpt lat="45.961078" lon="-74.600644"></trkpt>
<trkpt lat="45.961153" lon="-74.600589"></trkpt>
<trkpt lat="45.961230" lon="-74.600601"></trkpt>
<trkpt lat="45.962044" lon="-74.598249"></trkpt>
<trkpt lat="45.962341" lon="-74.597410"></trkpt>
<trkpt lat="45.962553" lon="-74.596720"></trkpt>
<trkpt lat="45.962714" lon="-74.596065"></trkpt>
<trkpt lat="45.962829" lon="-74.595106"></trkpt>
<trkpt lat="45.962859" lon="-74.594463"></trkpt>
<trkpt lat="45.962838" lon="-74.592734"></trkpt>
<trkpt lat="45.962725" lon="-74.586872"></trkpt>
<trkpt lat="45.962648" lon="-74.586059"></trkpt>
<trkpt lat="45.962524" lon="-74.585313"></trkpt>
<trkpt lat="45.962291" lon="-74.584513"></trkpt>
<trkpt lat="45.962285" lon="-74.584492"></trkpt>
<trkpt lat="45.961151" lon="-74.581742"></trkpt>
<trkpt lat="45.960337" lon="-74.579744"></trkpt>
<trkpt lat="45.960118" lon="-74.579167"></trkpt>
<trkpt lat="45.959911" lon="-74.578506"></trkpt>
<trkpt lat="45.959737" lon="-74.577689"></trkpt>
<trkpt lat="45.959666" lon="-74.577255"></trkpt>
<trkpt lat="45.959620" lon="-74.576774"></trkpt>
<trkpt lat="45.959530" lon="-74.574764"></trkpt>
<trkpt lat="45.959490" lon="-74.572713"></trkpt>
<trkpt lat="45.959304" lon="-74.571440"></trkpt>
<trkpt lat="45.959127" lon="-74.570624"></trkpt>
<trkpt lat="45.958877" lon="-74.569868"></trkpt>
<trkpt lat="45.958580" lon="-74.569239"></trkpt>
<trkpt lat="45.958135" lon="-74.568432"></trkpt>
<trkpt lat="45.957644" lon="-74.567742"></trkpt>
<trkpt lat="45.957245" lon="-74.567298"></trkpt>
<trkpt lat="45.956854" lon="-74.566947"></trkpt>
<trkpt lat="45.956357" lon="-74.566617"></trkpt>
<trkpt lat="45.955828" lon="-74.566332"></trkpt>
<trkpt lat="45.954963" lon="-74.566052"></trkpt>
<trkpt lat="45.954236" lon="-74.565893"></trkpt>
<trkpt lat="45.952064" lon="-74.565419"></trkpt>
<trkpt lat="45.951369" lon="-74.565148"></trkpt>
<trkpt lat="45.951034" lon="-74.564954"></trkpt>
<trkpt lat="45.950281" lon="-74.564352"></trkpt>
<trkpt lat="45.949908" lon="-74.563986"></trkpt>
<trkpt lat="45.949518" lon="-74.563487"></trkpt>
<trkpt lat="45.948047" lon="-74.560949"></trkpt>
<trkpt lat="45.947403" lon="-74.559719"></trkpt>
<trkpt lat="45.947264" lon="-74.559360"></trkpt>
<trkpt lat="45.947187" lon="-74.558972"></trkpt>
<trkpt lat="45.947168" lon="-74.558549"></trkpt>
<trkpt lat="45.947246" lon="-74.558033"></trkpt>
<trkpt lat="45.947994" lon="-74.555839"></trkpt>
<trkpt lat="45.948217" lon="-74.555081"></trkpt>
<trkpt lat="45.948458" lon="-74.554215"></trkpt>
<trkpt lat="45.948736" lon="-74.553395"></trkpt>
<trkpt lat="45.948843" lon="-74.552921"></trkpt>
<trkpt lat="45.948847" lon="-74.552900"></trkpt>
<trkpt lat="45.948875" lon="-74.552642"></trkpt>
<trkpt lat="45.948856" lon="-74.552477"></trkpt>
<trkpt lat="45.948794" lon="-74.552252"></trkpt>
<trkpt lat="45.948666" lon="-74.552055"></trkpt>
<trkpt lat="45.948570" lon="-74.551936"></trkpt>
<trkpt lat="45.948218" lon="-74.551556"></trkpt>
<trkpt lat="45.947981" lon="-74.551351"></trkpt>
<trkpt lat="45.947514" lon="-74.550947"></trkpt>
<trkpt lat="45.947302" lon="-74.550799"></trkpt>
<trkpt lat="45.946880" lon="-74.550650"></trkpt>
<trkpt lat="45.946179" lon="-74.550346"></trkpt>
<trkpt lat="45.945873" lon="-74.550155"></trkpt>
<trkpt lat="45.945517" lon="-74.549807"></trkpt>
<trkpt lat="45.945448" lon="-74.549719"></trkpt>
<trkpt lat="45.945281" lon="-74.549503"></trkpt>
<trkpt lat="45.945090" lon="-74.549191"></trkpt>
<trkpt lat="45.944374" lon="-74.547859"></trkpt>
<trkpt lat="45.944249" lon="-74.547635"></trkpt>
<trkpt lat="45.943648" lon="-74.546537"></trkpt>
<trkpt lat="45.943532" lon="-74.546395"></trkpt>
<trkpt lat="45.943260" lon="-74.546154"></trkpt>
<trkpt lat="45.943064" lon="-74.546089"></trkpt>
<trkpt lat="45.942902" lon="-74.546092"></trkpt>
<trkpt lat="45.942711" lon="-74.546160"></trkpt>
<trkpt lat="45.941893" lon="-74.546713"></trkpt>
<trkpt lat="45.941834" lon="-74.546746"></trkpt>
<trkpt lat="45.941738" lon="-74.546799"></trkpt>
<trkpt lat="45.941445" lon="-74.546946"></trkpt>
<trkpt lat="45.940897" lon="-74.547149"></trkpt>
<trkpt lat="45.940414" lon="-74.547326"></trkpt>
<trkpt lat="45.940352" lon="-74.547008"></trkpt>
<trkpt lat="45.940247" lon="-74.545312"></trkpt>
<trkpt lat="45.940188" lon="-74.545030"></trkpt>
<trkpt lat="45.940106" lon="-74.544884"></trkpt>
<trkpt lat="45.940061" lon="-74.544846"></trkpt>
<trkpt lat="45.939543" lon="-74.544675"></trkpt>
<trkpt lat="45.938936" lon="-74.544347"></trkpt>
<trkpt lat="45.938201" lon="-74.544065"></trkpt>
<trkpt lat="45.936304" lon="-74.543711"></trkpt>
<trkpt lat="45.936048" lon="-74.543636"></trkpt>
<trkpt lat="45.935374" lon="-74.543279"></trkpt>
<trkpt lat="45.935119" lon="-74.543182"></trkpt>
<trkpt lat="45.934864" lon="-74.543187"></trkpt>
<trkpt lat="45.934388" lon="-74.543344"></trkpt>
<trkpt lat="45.934028" lon="-74.543411"></trkpt>
<trkpt lat="45.933248" lon="-74.543493"></trkpt>
<trkpt lat="45.933050" lon="-74.543556"></trkpt>
<trkpt lat="45.932722" lon="-74.543754"></trkpt>
<trkpt lat="45.931837" lon="-74.544833"></trkpt>
<trkpt lat="45.931637" lon="-74.544982"></trkpt>
<trkpt lat="45.931537" lon="-74.544994"></trkpt>
<trkpt lat="45.931362" lon="-74.544907"></trkpt>
<trkpt lat="45.931283" lon="-74.544807"></trkpt>
<trkpt lat="45.930682" lon="-74.543751"></trkpt>
<trkpt lat="45.930147" lon="-74.542996"></trkpt>
<trkpt lat="45.929881" lon="-74.542759"></trkpt>
<trkpt lat="45.929205" lon="-74.542531"></trkpt>
<trkpt lat="45.928981" lon="-74.542541"></trkpt>
<trkpt lat="45.928352" lon="-74.542651"></trkpt>
<trkpt lat="45.927803" lon="-74.542607"></trkpt>
<trkpt lat="45.927609" lon="-74.542553"></trkpt>
<trkpt lat="45.926778" lon="-74.542134"></trkpt>
<trkpt lat="45.926450" lon="-74.542069"></trkpt>
<trkpt lat="45.926080" lon="-74.542049"></trkpt>
<trkpt lat="45.924057" lon="-74.542445"></trkpt>
<trkpt lat="45.923853" lon="-74.542488"></trkpt>
<trkpt lat="45.923738" lon="-74.542447"></trkpt>
<trkpt lat="45.923676" lon="-74.542366"></trkpt>
<trkpt lat="45.923623" lon="-74.542144"></trkpt>
<trkpt lat="45.923662" lon="-74.540448"></trkpt>
<trkpt lat="45.923598" lon="-74.539506"></trkpt>
<trkpt lat="45.923406" lon="-74.538199"></trkpt>
<trkpt lat="45.923323" lon="-74.536808"></trkpt>
<trkpt lat="45.923242" lon="-74.536003"></trkpt>
<trkpt lat="45.923206" lon="-74.535379"></trkpt>
<trkpt lat="45.923210" lon="-74.534547"></trkpt>
<trkpt lat="45.923349" lon="-74.533344"></trkpt>
<trkpt lat="45.923365" lon="-74.532962"></trkpt>
<trkpt lat="45.922875" lon="-74.531288"></trkpt>
<trkpt lat="45.922424" lon="-74.530181"></trkpt>
<trkpt lat="45.922367" lon="-74.529907"></trkpt>
<trkpt lat="45.922289" lon="-74.528659"></trkpt>
<trkpt lat="45.922251" lon="-74.528338"></trkpt>
<trkpt lat="45.922126" lon="-74.527984"></trkpt>
<trkpt lat="45.922061" lon="-74.527884"></trkpt>
<trkpt lat="45.921685" lon="-74.527487"></trkpt>
<trkpt lat="45.921484" lon="-74.527235"></trkpt>
<trkpt lat="45.921358" lon="-74.526884"></trkpt>
<trkpt lat="45.921172" lon="-74.526152"></trkpt>
<trkpt lat="45.920685" lon="-74.525167"></trkpt>
<trkpt lat="45.920499" lon="-74.524636"></trkpt>
<trkpt lat="45.920367" lon="-74.524109"></trkpt>
<trkpt lat="45.920205" lon="-74.523116"></trkpt>
<trkpt lat="45.920197" lon="-74.522573"></trkpt>
<trkpt lat="45.920226" lon="-74.521633"></trkpt>
<trkpt lat="45.920251" lon="-74.521434"></trkpt>
<trkpt lat="45.920428" lon="-74.521053"></trkpt>
<trkpt lat="45.921063" lon="-74.520540"></trkpt>
<trkpt lat="45.921749" lon="-74.520133"></trkpt>
<trkpt lat="45.921876" lon="-74.520020"></trkpt>
<trkpt lat="45.921953" lon="-74.519900"></trkpt>
<trkpt lat="45.922007" lon="-74.519733"></trkpt>
<trkpt lat="45.922164" lon="-74.518625"></trkpt>
<trkpt lat="45.922162" lon="-74.518446"></trkpt>
<trkpt lat="45.922107" lon="-74.518129"></trkpt>
<trkpt lat="45.922106" lon="-74.517775"></trkpt>
<trkpt lat="45.922439" lon="-74.516498"></trkpt>
<trkpt lat="45.922802" lon="-74.514898"></trkpt>
<trkpt lat="45.922833" lon="-74.514566"></trkpt>
<trkpt lat="45.922856" lon="-74.513773"></trkpt>
<trkpt lat="45.922910" lon="-74.513236"></trkpt>
<trkpt lat="45.923092" lon="-74.512169"></trkpt>
<trkpt lat="45.923067" lon="-74.511790"></trkpt>
<trkpt lat="45.922746" lon="-74.509618"></trkpt>
<trkpt lat="45.922743" lon="-74.509597"></trkpt>
<trkpt lat="45.922470" lon="-74.508898"></trkpt>
<trkpt lat="45.922071" lon="-74.508227"></trkpt>
<trkpt lat="45.921891" lon="-74.507830"></trkpt>
<trkpt lat="45.921849" lon="-74.507548"></trkpt>
<trkpt lat="45.922006" lon="-74.506298"></trkpt>
<trkpt lat="45.921960" lon="-74.504210"></trkpt>
<trkpt lat="45.922001" lon="-74.501952"></trkpt>
<trkpt lat="45.922108" lon="-74.500665"></trkpt>
<trkpt lat="45.922191" lon="-74.500140"></trkpt>
<trkpt lat="45.922334" lon="-74.499673"></trkpt>
<trkpt lat="45.922377" lon="-74.499456"></trkpt>
<trkpt lat="45.922387" lon="-74.499231"></trkpt>
<trkpt lat="45.922080" lon="-74.497886"></trkpt>
<trkpt lat="45.921893" lon="-74.497004"></trkpt>
<trkpt lat="45.921852" lon="-74.496635"></trkpt>
<trkpt lat="45.921860" lon="-74.496266"></trkpt>
<trkpt lat="45.921911" lon="-74.495902"></trkpt>
<trkpt lat="45.922179" lon="-74.494773"></trkpt>
<trkpt lat="45.922296" lon="-74.494175"></trkpt>
<trkpt lat="45.922336" lon="-74.493863"></trkpt>
<trkpt lat="45.922367" lon="-74.493397"></trkpt>
<trkpt lat="45.922337" lon="-74.492755"></trkpt>
<trkpt lat="45.922317" lon="-74.492303"></trkpt>
<trkpt lat="45.922329" lon="-74.491742"></trkpt>
<trkpt lat="45.922370" lon="-74.491332"></trkpt>
<trkpt lat="45.922613" lon="-74.490222"></trkpt>
<trkpt lat="45.922675" lon="-74.489873"></trkpt>
<trkpt lat="45.922696" lon="-74.489524"></trkpt>
<trkpt lat="45.922659" lon="-74.489180"></trkpt>
<trkpt lat="45.922582" lon="-74.488771"></trkpt>
<trkpt lat="45.922243" lon="-74.487547"></trkpt>
<trkpt lat="45.922125" lon="-74.486974"></trkpt>
<trkpt lat="45.922083" lon="-74.486390"></trkpt>
<trkpt lat="45.922112" lon="-74.486002"></trkpt>
<trkpt lat="45.922184" lon="-74.485646"></trkpt>
<trkpt lat="45.922538" lon="-74.484494"></trkpt>
<trkpt lat="45.922580" lon="-74.484267"></trkpt>
<trkpt lat="45.922638" lon="-74.483011"></trkpt>
<trkpt lat="45.922816" lon="-74.481644"></trkpt>
<trkpt lat="45.922966" lon="-74.480728"></trkpt>
<trkpt lat="45.923025" lon="-74.480265"></trkpt>
<trkpt lat="45.923158" lon="-74.479436"></trkpt>
<trkpt lat="45.923367" lon="-74.478536"></trkpt>
<trkpt lat="45.924065" lon="-74.478871"></trkpt>
<trkpt lat="45.924537" lon="-74.478947"></trkpt>
<trkpt lat="45.924509" lon="-74.478555"></trkpt>
<trkpt lat="45.924406" lon="-74.478031"></trkpt>
<trkpt lat="45.924042" lon="-74.477182"></trkpt>
<trkpt lat="45.923758" lon="-74.475909"></trkpt>
<trkpt lat="45.923668" lon="-74.475228"></trkpt>
<trkpt lat="45.923577" lon="-74.474539"></trkpt>
<trkpt lat="45.923530" lon="-74.473732"></trkpt>
<trkpt lat="45.923547" lon="-74.473036"></trkpt>
<trkpt lat="45.923537" lon="-74.471470"></trkpt>
<trkpt lat="45.923560" lon="-74.470707"></trkpt>
<trkpt lat="45.923565" lon="-74.470613"></trkpt>
<trkpt lat="45.923500" lon="-74.470600"></trkpt>
<trkpt lat="45.923444" lon="-74.470594"></trkpt>
<trkpt lat="45.923445" lon="-74.470439"></trkpt>
<trkpt lat="45.923453" lon="-74.469555"></trkpt>
<trkpt lat="45.923454" lon="-74.469176"></trkpt>
<trkpt lat="45.923455" lon="-74.468328"></trkpt>
<trkpt lat="45.923455" lon="-74.467779"></trkpt>
<trkpt lat="45.923493" lon="-74.467539"></trkpt>
<trkpt lat="45.923572" lon="-74.467314"></trkpt>
<trkpt lat="45.923781" lon="-74.466921"></trkpt>
<trkpt lat="45.923783" lon="-74.466919"></trkpt>
<trkpt lat="45.924013" lon="-74.466785"></trkpt>
<trkpt lat="45.924078" lon="-74.466905"></trkpt>
<trkpt lat="45.924940" lon="-74.466515"></trkpt>
<trkpt lat="45.925821" lon="-74.466183"></trkpt>
<trkpt lat="45.926199" lon="-74.466025"></trkpt>
<trkpt lat="45.926436" lon="-74.465960"></trkpt>
<trkpt lat="45.927157" lon="-74.465788"></trkpt>
<trkpt lat="45.927308" lon="-74.465720"></trkpt>
<trkpt lat="45.928126" lon="-74.465133"></trkpt>
<trkpt lat="45.928872" lon="-74.464765"></trkpt>
<trkpt lat="45.930183" lon="-74.463984"></trkpt>
<trkpt lat="45.930989" lon="-74.463570"></trkpt>
<trkpt lat="45.931130" lon="-74.463474"></trkpt>
<trkpt lat="45.931320" lon="-74.463264"></trkpt>
<trkpt lat="45.931447" lon="-74.462955"></trkpt>
<trkpt lat="45.931502" lon="-74.462744"></trkpt>
<trkpt lat="45.931575" lon="-74.462378"></trkpt>
<trkpt lat="45.931634" lon="-74.461596"></trkpt>
<trkpt lat="45.931571" lon="-74.459538"></trkpt>
<trkpt lat="45.931614" lon="-74.459050"></trkpt>
<trkpt lat="45.931700" lon="-74.458613"></trkpt>
<trkpt lat="45.931981" lon="-74.457792"></trkpt>
<trkpt lat="45.932892" lon="-74.455588"></trkpt>
<trkpt lat="45.933029" lon="-74.455133"></trkpt>
<trkpt lat="45.933135" lon="-74.454598"></trkpt>
<trkpt lat="45.933264" lon="-74.452950"></trkpt>
<trkpt lat="45.933349" lon="-74.452273"></trkpt>
<trkpt lat="45.933538" lon="-74.451527"></trkpt>
<trkpt lat="45.934151" lon="-74.449940"></trkpt>
<trkpt lat="45.935267" lon="-74.447235"></trkpt>
<trkpt lat="45.935583" lon="-74.446267"></trkpt>
<trkpt lat="45.935843" lon="-74.445324"></trkpt>
<trkpt lat="45.936036" lon="-74.444626"></trkpt>
<trkpt lat="45.936140" lon="-74.444137"></trkpt>
<trkpt lat="45.936192" lon="-74.443648"></trkpt>
<trkpt lat="45.936251" lon="-74.441656"></trkpt>
<trkpt lat="45.936214" lon="-74.440968"></trkpt>
<trkpt lat="45.936127" lon="-74.440502"></trkpt>
<trkpt lat="45.935520" lon="-74.438567"></trkpt>
<trkpt lat="45.935013" lon="-74.437050"></trkpt>
<trkpt lat="45.934801" lon="-74.436429"></trkpt>
<trkpt lat="45.934621" lon="-74.436007"></trkpt>
<trkpt lat="45.934311" lon="-74.435436"></trkpt>
<trkpt lat="45.933359" lon="-74.434100"></trkpt>
<trkpt lat="45.932471" lon="-74.432775"></trkpt>
<trkpt lat="45.932101" lon="-74.432068"></trkpt>
<trkpt lat="45.931913" lon="-74.431528"></trkpt>
<trkpt lat="45.931810" lon="-74.430937"></trkpt>
<trkpt lat="45.931322" lon="-74.425854"></trkpt>
<trkpt lat="45.929913" lon="-74.414037"></trkpt>
<trkpt lat="45.929540" lon="-74.409024"></trkpt>
<trkpt lat="45.929402" lon="-74.407847"></trkpt>
<trkpt lat="45.929076" lon="-74.406268"></trkpt>
<trkpt lat="45.928744" lon="-74.405166"></trkpt>
<trkpt lat="45.927551" lon="-74.401559"></trkpt>
<trkpt lat="45.926476" lon="-74.398001"></trkpt>
<trkpt lat="45.926111" lon="-74.397060"></trkpt>
<trkpt lat="45.925523" lon="-74.395951"></trkpt>
<trkpt lat="45.924730" lon="-74.394526"></trkpt>
<trkpt lat="45.923990" lon="-74.393200"></trkpt>
<trkpt lat="45.923618" lon="-74.392533"></trkpt>
<trkpt lat="45.923546" lon="-74.392404"></trkpt>
<trkpt lat="45.923090" lon="-74.391602"></trkpt>
<trkpt lat="45.923546" lon="-74.392404"></trkpt>
<trkpt lat="45.923090" lon="-74.391602"></trkpt>
<trkpt lat="45.921984" lon="-74.389569"></trkpt>
<trkpt lat="45.921330" lon="-74.388367"></trkpt>
<trkpt lat="45.920987" lon="-74.387549"></trkpt>
<trkpt lat="45.920896" lon="-74.387238"></trkpt>
<trkpt lat="45.920854" lon="-74.387094"></trkpt>
<trkpt lat="45.920731" lon="-74.386406"></trkpt>
<trkpt lat="45.920435" lon="-74.382974"></trkpt>
<trkpt lat="45.920309" lon="-74.381899"></trkpt>
<trkpt lat="45.920119" lon="-74.380830"></trkpt>
<trkpt lat="45.919892" lon="-74.379995"></trkpt>
<trkpt lat="45.918905" lon="-74.377517"></trkpt>
<trkpt lat="45.918014" lon="-74.375531"></trkpt>
<trkpt lat="45.917434" lon="-74.374478"></trkpt>
<trkpt lat="45.916179" lon="-74.372587"></trkpt>
<trkpt lat="45.915858" lon="-74.371933"></trkpt>
<trkpt lat="45.915631" lon="-74.371214"></trkpt>
<trkpt lat="45.915430" lon="-74.370133"></trkpt>
<trkpt lat="45.915073" lon="-74.365879"></trkpt>
<trkpt lat="45.914932" lon="-74.364428"></trkpt>
<trkpt lat="45.914591" lon="-74.362745"></trkpt>
<trkpt lat="45.914260" lon="-74.361363"></trkpt>
<trkpt lat="45.913824" lon="-74.359738"></trkpt>
<trkpt lat="45.913382" lon="-74.358640"></trkpt>
<trkpt lat="45.913148" lon="-74.358115"></trkpt>
<trkpt lat="45.912863" lon="-74.357586"></trkpt>
<trkpt lat="45.912398" lon="-74.357008"></trkpt>
<trkpt lat="45.911795" lon="-74.356390"></trkpt>
<trkpt lat="45.911211" lon="-74.355877"></trkpt>
<trkpt lat="45.910802" lon="-74.355438"></trkpt>
<trkpt lat="45.910593" lon="-74.355052"></trkpt>
<trkpt lat="45.910365" lon="-74.354373"></trkpt>
<trkpt lat="45.910279" lon="-74.353495"></trkpt>
<trkpt lat="45.910225" lon="-74.352944"></trkpt>
<trkpt lat="45.910234" lon="-74.351721"></trkpt>
<trkpt lat="45.910294" lon="-74.351112"></trkpt>
<trkpt lat="45.910651" lon="-74.348767"></trkpt>
<trkpt lat="45.910695" lon="-74.347551"></trkpt>
<trkpt lat="45.910609" lon="-74.346065"></trkpt>
<trkpt lat="45.910511" lon="-74.345506"></trkpt>
<trkpt lat="45.910125" lon="-74.343827"></trkpt>
<trkpt lat="45.909685" lon="-74.343785"></trkpt>
<trkpt lat="45.908260" lon="-74.343476"></trkpt>
<trkpt lat="45.907401" lon="-74.343165"></trkpt>
<trkpt lat="45.906898" lon="-74.343070"></trkpt>
<trkpt lat="45.905792" lon="-74.343085"></trkpt>
<trkpt lat="45.904996" lon="-74.342841"></trkpt>
<trkpt lat="45.904629" lon="-74.342772"></trkpt>
<trkpt lat="45.904378" lon="-74.342767"></trkpt>
<trkpt lat="45.904080" lon="-74.342894"></trkpt>
<trkpt lat="45.903870" lon="-74.343108"></trkpt>
<trkpt lat="45.903282" lon="-74.343899"></trkpt>
<trkpt lat="45.902912" lon="-74.344224"></trkpt>
<trkpt lat="45.902234" lon="-74.344573"></trkpt>
<trkpt lat="45.901835" lon="-74.344734"></trkpt>
<trkpt lat="45.901455" lon="-74.344802"></trkpt>
<trkpt lat="45.901080" lon="-74.344787"></trkpt>
<trkpt lat="45.899886" lon="-74.344658"></trkpt>
<trkpt lat="45.899183" lon="-74.344696"></trkpt>
<trkpt lat="45.898632" lon="-74.344819"></trkpt>
<trkpt lat="45.897723" lon="-74.345270"></trkpt>
<trkpt lat="45.897407" lon="-74.345503"></trkpt>
<trkpt lat="45.896959" lon="-74.346172"></trkpt>
<trkpt lat="45.896810" lon="-74.346318"></trkpt>
<trkpt lat="45.896694" lon="-74.346334"></trkpt>
<trkpt lat="45.896581" lon="-74.346304"></trkpt>
<trkpt lat="45.896487" lon="-74.346240"></trkpt>
<trkpt lat="45.896320" lon="-74.346061"></trkpt>
<trkpt lat="45.895784" lon="-74.345603"></trkpt>
<trkpt lat="45.895521" lon="-74.345467"></trkpt>
<trkpt lat="45.895330" lon="-74.345408"></trkpt>
<trkpt lat="45.894553" lon="-74.345348"></trkpt>
<trkpt lat="45.894249" lon="-74.345402"></trkpt>
<trkpt lat="45.894068" lon="-74.345510"></trkpt>
<trkpt lat="45.893916" lon="-74.345651"></trkpt>
<trkpt lat="45.893384" lon="-74.346349"></trkpt>
<trkpt lat="45.893206" lon="-74.346474"></trkpt>
<trkpt lat="45.892658" lon="-74.346739"></trkpt>
<trkpt lat="45.891990" lon="-74.346137"></trkpt>
<trkpt lat="45.891869" lon="-74.345985"></trkpt>
<trkpt lat="45.891551" lon="-74.345408"></trkpt>
<trkpt lat="45.891454" lon="-74.345302"></trkpt>
<trkpt lat="45.891360" lon="-74.345245"></trkpt>
<trkpt lat="45.891227" lon="-74.345226"></trkpt>
<trkpt lat="45.891003" lon="-74.345333"></trkpt>
<trkpt lat="45.890848" lon="-74.345466"></trkpt>
<trkpt lat="45.890493" lon="-74.345905"></trkpt>
<trkpt lat="45.890297" lon="-74.346084"></trkpt>
<trkpt lat="45.890109" lon="-74.346178"></trkpt>
<trkpt lat="45.889972" lon="-74.346195"></trkpt>
<trkpt lat="45.889704" lon="-74.346054"></trkpt>
<trkpt lat="45.889281" lon="-74.345698"></trkpt>
<trkpt lat="45.889139" lon="-74.345519"></trkpt>
<trkpt lat="45.888621" lon="-74.344644"></trkpt>
<trkpt lat="45.888452" lon="-74.344403"></trkpt>
<trkpt lat="45.887784" lon="-74.343395"></trkpt>
<trkpt lat="45.887272" lon="-74.342647"></trkpt>
<trkpt lat="45.887207" lon="-74.342547"></trkpt>
<trkpt lat="45.887171" lon="-74.342491"></trkpt>
<trkpt lat="45.886919" lon="-74.342123"></trkpt>
<trkpt lat="45.886566" lon="-74.341527"></trkpt>
<trkpt lat="45.886448" lon="-74.341281"></trkpt>
<trkpt lat="45.886375" lon="-74.341041"></trkpt>
<trkpt lat="45.886365" lon="-74.340805"></trkpt>
<trkpt lat="45.886463" lon="-74.339911"></trkpt>
<trkpt lat="45.886528" lon="-74.339727"></trkpt>
<trkpt lat="45.887212" lon="-74.338672"></trkpt>
<trkpt lat="45.887555" lon="-74.338141"></trkpt>
<trkpt lat="45.887791" lon="-74.337874"></trkpt>
<trkpt lat="45.887923" lon="-74.337770"></trkpt>
<trkpt lat="45.888144" lon="-74.337653"></trkpt>
<trkpt lat="45.888580" lon="-74.337536"></trkpt>
<trkpt lat="45.888755" lon="-74.337523"></trkpt>
<trkpt lat="45.889227" lon="-74.337385"></trkpt>
<trkpt lat="45.889541" lon="-74.337113"></trkpt>
<trkpt lat="45.891127" lon="-74.335321"></trkpt>
<trkpt lat="45.891668" lon="-74.334907"></trkpt>
<trkpt lat="45.892037" lon="-74.334659"></trkpt>
<trkpt lat="45.892241" lon="-74.334581"></trkpt>
<trkpt lat="45.892417" lon="-74.334558"></trkpt>
<trkpt lat="45.892592" lon="-74.334585"></trkpt>
<trkpt lat="45.892778" lon="-74.334673"></trkpt>
<trkpt lat="45.893555" lon="-74.335163"></trkpt>
<trkpt lat="45.893923" lon="-74.335295"></trkpt>
<trkpt lat="45.894300" lon="-74.335312"></trkpt>
<trkpt lat="45.894539" lon="-74.335217"></trkpt>
<trkpt lat="45.894790" lon="-74.334969"></trkpt>
<trkpt lat="45.895522" lon="-74.333189"></trkpt>
<trkpt lat="45.895788" lon="-74.332862"></trkpt>
<trkpt lat="45.896152" lon="-74.332546"></trkpt>
<trkpt lat="45.896567" lon="-74.332245"></trkpt>
<trkpt lat="45.897108" lon="-74.331949"></trkpt>
<trkpt lat="45.897735" lon="-74.331777"></trkpt>
<trkpt lat="45.898129" lon="-74.331507"></trkpt>
<trkpt lat="45.898308" lon="-74.331313"></trkpt>
<trkpt lat="45.898446" lon="-74.331078"></trkpt>
<trkpt lat="45.898526" lon="-74.330758"></trkpt>
<trkpt lat="45.898593" lon="-74.329877"></trkpt>
<trkpt lat="45.898540" lon="-74.329234"></trkpt>
<trkpt lat="45.898558" lon="-74.328740"></trkpt>
<trkpt lat="45.898672" lon="-74.328281"></trkpt>
<trkpt lat="45.898917" lon="-74.327675"></trkpt>
<trkpt lat="45.899076" lon="-74.327224"></trkpt>
<trkpt lat="45.900032" lon="-74.325506"></trkpt>
<trkpt lat="45.900170" lon="-74.325139"></trkpt>
<trkpt lat="45.900241" lon="-74.324799"></trkpt>
<trkpt lat="45.900234" lon="-74.324143"></trkpt>
<trkpt lat="45.900181" lon="-74.323576"></trkpt>
<trkpt lat="45.900002" lon="-74.323019"></trkpt>
<trkpt lat="45.899963" lon="-74.322801"></trkpt>
<trkpt lat="45.900008" lon="-74.322538"></trkpt>
<trkpt lat="45.900236" lon="-74.321696"></trkpt>
<trkpt lat="45.900270" lon="-74.321477"></trkpt>
<trkpt lat="45.900450" lon="-74.320358"></trkpt>
<trkpt lat="45.900509" lon="-74.319156"></trkpt>
<trkpt lat="45.900548" lon="-74.318757"></trkpt>
<trkpt lat="45.900629" lon="-74.317911"></trkpt>
<trkpt lat="45.900838" lon="-74.316924"></trkpt>
<trkpt lat="45.900959" lon="-74.316525"></trkpt>
<trkpt lat="45.901107" lon="-74.316238"></trkpt>
<trkpt lat="45.901441" lon="-74.315903"></trkpt>
<trkpt lat="45.901640" lon="-74.315789"></trkpt>
<trkpt lat="45.902605" lon="-74.315359"></trkpt>
<trkpt lat="45.903112" lon="-74.315195"></trkpt>
<trkpt lat="45.903599" lon="-74.314978"></trkpt>
<trkpt lat="45.904029" lon="-74.314649"></trkpt>
<trkpt lat="45.904501" lon="-74.314111"></trkpt>
<trkpt lat="45.904153" lon="-74.311045"></trkpt>
<trkpt lat="45.903705" lon="-74.307483"></trkpt>
<trkpt lat="45.903684" lon="-74.306722"></trkpt>
<trkpt lat="45.903730" lon="-74.305974"></trkpt>
<trkpt lat="45.903834" lon="-74.305442"></trkpt>
<trkpt lat="45.904108" lon="-74.304501"></trkpt>
<trkpt lat="45.905445" lon="-74.301103"></trkpt>
<trkpt lat="45.906631" lon="-74.297656"></trkpt>
<trkpt lat="45.907139" lon="-74.296711"></trkpt>
<trkpt lat="45.907677" lon="-74.295810"></trkpt>
<trkpt lat="45.907852" lon="-74.295568"></trkpt>
<trkpt lat="45.908932" lon="-74.294179"></trkpt>
<trkpt lat="45.909170" lon="-74.293750"></trkpt>
<trkpt lat="45.909338" lon="-74.293372"></trkpt>
<trkpt lat="45.909484" lon="-74.292941"></trkpt>
<trkpt lat="45.909545" lon="-74.292492"></trkpt>
<trkpt lat="45.909548" lon="-74.292085"></trkpt>
<trkpt lat="45.909450" lon="-74.290350"></trkpt>
<trkpt lat="45.909384" lon="-74.289222"></trkpt>
<trkpt lat="45.909319" lon="-74.288277"></trkpt>
<trkpt lat="45.909282" lon="-74.287725"></trkpt>
<trkpt lat="45.909078" lon="-74.286096"></trkpt>
<trkpt lat="45.908671" lon="-74.284284"></trkpt>
<trkpt lat="45.908591" lon="-74.283768"></trkpt>
<trkpt lat="45.908559" lon="-74.283295"></trkpt>
<trkpt lat="45.908572" lon="-74.282764"></trkpt>
<trkpt lat="45.908638" lon="-74.281853"></trkpt>
<trkpt lat="45.908862" lon="-74.279567"></trkpt>
<trkpt lat="45.908925" lon="-74.278924"></trkpt>
<trkpt lat="45.909023" lon="-74.278334"></trkpt>
<trkpt lat="45.909320" lon="-74.276839"></trkpt>
<trkpt lat="45.910720" lon="-74.270429"></trkpt>
<trkpt lat="45.910764" lon="-74.269706"></trkpt>
<trkpt lat="45.910752" lon="-74.269117"></trkpt>
<trkpt lat="45.910683" lon="-74.268463"></trkpt>
<trkpt lat="45.910513" lon="-74.267615"></trkpt>
<trkpt lat="45.909937" lon="-74.265167"></trkpt>
<trkpt lat="45.909629" lon="-74.263921"></trkpt>
<trkpt lat="45.909177" lon="-74.262097"></trkpt>
<trkpt lat="45.908741" lon="-74.260333"></trkpt>
<trkpt lat="45.907636" lon="-74.255569"></trkpt>
<trkpt lat="45.907501" lon="-74.255620"></trkpt>
<trkpt lat="45.907384" lon="-74.255616"></trkpt>
<trkpt lat="45.907297" lon="-74.255544"></trkpt>
<trkpt lat="45.906536" lon="-74.254495"></trkpt>
<trkpt lat="45.906126" lon="-74.253839"></trkpt>
<trkpt lat="45.906011" lon="-74.253714"></trkpt>
<trkpt lat="45.905891" lon="-74.253677"></trkpt>
<trkpt lat="45.904397" lon="-74.253738"></trkpt>
<trkpt lat="45.903991" lon="-74.253807"></trkpt>
<trkpt lat="45.903809" lon="-74.253876"></trkpt>
<trkpt lat="45.903105" lon="-74.254436"></trkpt>
<trkpt lat="45.902917" lon="-74.254499"></trkpt>
<trkpt lat="45.902758" lon="-74.254478"></trkpt>
<trkpt lat="45.902615" lon="-74.254411"></trkpt>
<trkpt lat="45.902436" lon="-74.254253"></trkpt>
<trkpt lat="45.902115" lon="-74.253792"></trkpt>
<trkpt lat="45.901592" lon="-74.253044"></trkpt>
<trkpt lat="45.901170" lon="-74.252484"></trkpt>
<trkpt lat="45.900782" lon="-74.251969"></trkpt>
<trkpt lat="45.900557" lon="-74.251671"></trkpt>
<trkpt lat="45.900508" lon="-74.251605"></trkpt>
<trkpt lat="45.900348" lon="-74.251394"></trkpt>
<trkpt lat="45.900312" lon="-74.251346"></trkpt>
<trkpt lat="45.900272" lon="-74.251294"></trkpt>
<trkpt lat="45.900153" lon="-74.251143"></trkpt>
<trkpt lat="45.899987" lon="-74.250933"></trkpt>
<trkpt lat="45.899459" lon="-74.250262"></trkpt>
<trkpt lat="45.899289" lon="-74.250046"></trkpt>
<trkpt lat="45.898928" lon="-74.249588"></trkpt>
<trkpt lat="45.898187" lon="-74.248646"></trkpt>
<trkpt lat="45.898077" lon="-74.248552"></trkpt>
<trkpt lat="45.897958" lon="-74.248503"></trkpt>
<trkpt lat="45.897458" lon="-74.248525"></trkpt>
<trkpt lat="45.896758" lon="-74.248269"></trkpt>
<trkpt lat="45.896256" lon="-74.248165"></trkpt>
<trkpt lat="45.895432" lon="-74.248231"></trkpt>
<trkpt lat="45.895102" lon="-74.248172"></trkpt>
<trkpt lat="45.894823" lon="-74.248025"></trkpt>
<trkpt lat="45.894599" lon="-74.247753"></trkpt>
<trkpt lat="45.894518" lon="-74.247422"></trkpt>
<trkpt lat="45.894572" lon="-74.246616"></trkpt>
<trkpt lat="45.894526" lon="-74.245931"></trkpt>
<trkpt lat="45.894596" lon="-74.245425"></trkpt>
<trkpt lat="45.895061" lon="-74.243833"></trkpt>
<trkpt lat="45.895140" lon="-74.243502"></trkpt>
<trkpt lat="45.895148" lon="-74.243365"></trkpt>
<trkpt lat="45.895137" lon="-74.243228"></trkpt>
<trkpt lat="45.894925" lon="-74.242495"></trkpt>
<trkpt lat="45.894853" lon="-74.242313"></trkpt>
<trkpt lat="45.894825" lon="-74.242244"></trkpt>
<trkpt lat="45.894690" lon="-74.242077"></trkpt>
<trkpt lat="45.894374" lon="-74.241825"></trkpt>
<trkpt lat="45.894137" lon="-74.241532"></trkpt>
<trkpt lat="45.893948" lon="-74.241282"></trkpt>
<trkpt lat="45.893591" lon="-74.240760"></trkpt>
<trkpt lat="45.892958" lon="-74.239983"></trkpt>
<trkpt lat="45.891994" lon="-74.238785"></trkpt>
<trkpt lat="45.891593" lon="-74.238190"></trkpt>
<trkpt lat="45.891246" lon="-74.237665"></trkpt>
<trkpt lat="45.891103" lon="-74.237500"></trkpt>
<trkpt lat="45.890993" lon="-74.237418"></trkpt>
<trkpt lat="45.890898" lon="-74.237407"></trkpt>
<trkpt lat="45.890841" lon="-74.237440"></trkpt>
<trkpt lat="45.890218" lon="-74.238106"></trkpt>
<trkpt lat="45.889810" lon="-74.238494"></trkpt>
<trkpt lat="45.889132" lon="-74.239056"></trkpt>
<trkpt lat="45.888964" lon="-74.239113"></trkpt>
<trkpt lat="45.888808" lon="-74.239114"></trkpt>
<trkpt lat="45.888621" lon="-74.239065"></trkpt>
<trkpt lat="45.888436" lon="-74.238945"></trkpt>
<trkpt lat="45.888207" lon="-74.238731"></trkpt>
<trkpt lat="45.887769" lon="-74.238149"></trkpt>
<trkpt lat="45.887594" lon="-74.237999"></trkpt>
<trkpt lat="45.887443" lon="-74.237939"></trkpt>
<trkpt lat="45.886760" lon="-74.237969"></trkpt>
<trkpt lat="45.886354" lon="-74.237804"></trkpt>
<trkpt lat="45.886243" lon="-74.237798"></trkpt>
<trkpt lat="45.885402" lon="-74.238262"></trkpt>
<trkpt lat="45.884580" lon="-74.238853"></trkpt>
<trkpt lat="45.884216" lon="-74.238999"></trkpt>
<trkpt lat="45.883890" lon="-74.239099"></trkpt>
<trkpt lat="45.882881" lon="-74.239253"></trkpt>
<trkpt lat="45.879622" lon="-74.239253"></trkpt>
<trkpt lat="45.879107" lon="-74.239341"></trkpt>
<trkpt lat="45.878636" lon="-74.239464"></trkpt>
<trkpt lat="45.877882" lon="-74.239798"></trkpt>
<trkpt lat="45.877690" lon="-74.239790"></trkpt>
<trkpt lat="45.877577" lon="-74.239701"></trkpt>
<trkpt lat="45.877155" lon="-74.239168"></trkpt>
<trkpt lat="45.877020" lon="-74.239053"></trkpt>
<trkpt lat="45.876863" lon="-74.239023"></trkpt>
<trkpt lat="45.876742" lon="-74.239069"></trkpt>
<trkpt lat="45.875340" lon="-74.241100"></trkpt>
<trkpt lat="45.873315" lon="-74.243900"></trkpt>
<trkpt lat="45.873206" lon="-74.243874"></trkpt>
<trkpt lat="45.872989" lon="-74.243735"></trkpt>
<trkpt lat="45.872518" lon="-74.243382"></trkpt>
<trkpt lat="45.872302" lon="-74.243292"></trkpt>
<trkpt lat="45.872125" lon="-74.243325"></trkpt>
<trkpt lat="45.871756" lon="-74.243589"></trkpt>
<trkpt lat="45.871624" lon="-74.243621"></trkpt>
<trkpt lat="45.871492" lon="-74.243525"></trkpt>
<trkpt lat="45.870284" lon="-74.241755"></trkpt>
<trkpt lat="45.870225" lon="-74.241664"></trkpt>
<trkpt lat="45.869735" lon="-74.240908"></trkpt>
<trkpt lat="45.869482" lon="-74.240518"></trkpt>
<trkpt lat="45.869087" lon="-74.239910"></trkpt>
<trkpt lat="45.868725" lon="-74.239399"></trkpt>
<trkpt lat="45.868380" lon="-74.239385"></trkpt>
<trkpt lat="45.867990" lon="-74.239378"></trkpt>
<trkpt lat="45.867820" lon="-74.239459"></trkpt>
<trkpt lat="45.867005" lon="-74.240135"></trkpt>
<trkpt lat="45.866635" lon="-74.240403"></trkpt>
<trkpt lat="45.865718" lon="-74.240956"></trkpt>
<trkpt lat="45.865178" lon="-74.241320"></trkpt>
<trkpt lat="45.864326" lon="-74.241798"></trkpt>
<trkpt lat="45.863292" lon="-74.242314"></trkpt>
<trkpt lat="45.862163" lon="-74.243031"></trkpt>
<trkpt lat="45.861775" lon="-74.243428"></trkpt>
<trkpt lat="45.861502" lon="-74.243825"></trkpt>
<trkpt lat="45.861353" lon="-74.244190"></trkpt>
<trkpt lat="45.861106" lon="-74.245043"></trkpt>
<trkpt lat="45.860788" lon="-74.245869"></trkpt>
<trkpt lat="45.860628" lon="-74.246143"></trkpt>
<trkpt lat="45.860236" lon="-74.246590"></trkpt>
<trkpt lat="45.860112" lon="-74.246722"></trkpt>
<trkpt lat="45.859783" lon="-74.247098"></trkpt>
<trkpt lat="45.859668" lon="-74.247162"></trkpt>
<trkpt lat="45.858487" lon="-74.247586"></trkpt>
<trkpt lat="45.857710" lon="-74.247768"></trkpt>
<trkpt lat="45.857153" lon="-74.247806"></trkpt>
<trkpt lat="45.856630" lon="-74.247725"></trkpt>
<trkpt lat="45.856148" lon="-74.247597"></trkpt>
<trkpt lat="45.855480" lon="-74.247559"></trkpt>
<trkpt lat="45.855143" lon="-74.247570"></trkpt>
<trkpt lat="45.854735" lon="-74.247514"></trkpt>
<trkpt lat="45.854426" lon="-74.247414"></trkpt>
<trkpt lat="45.853634" lon="-74.247044"></trkpt>
<trkpt lat="45.853301" lon="-74.246990"></trkpt>
<trkpt lat="45.853111" lon="-74.247006"></trkpt>
<trkpt lat="45.850350" lon="-74.247779"></trkpt>
<trkpt lat="45.849705" lon="-74.247994"></trkpt>
<trkpt lat="45.848649" lon="-74.248276"></trkpt>
<trkpt lat="45.847505" lon="-74.248616"></trkpt>
<trkpt lat="45.846094" lon="-74.249056"></trkpt>
<trkpt lat="45.845585" lon="-74.249196"></trkpt>
<trkpt lat="45.845095" lon="-74.249266"></trkpt>
<trkpt lat="45.844890" lon="-74.248512"></trkpt>
<trkpt lat="45.844553" lon="-74.247478"></trkpt>
<trkpt lat="45.844213" lon="-74.246178"></trkpt>
<trkpt lat="45.844030" lon="-74.245867"></trkpt>
<trkpt lat="45.843880" lon="-74.245711"></trkpt>
<trkpt lat="45.843750" lon="-74.245576"></trkpt>
<trkpt lat="45.843539" lon="-74.245347"></trkpt>
<trkpt lat="45.843345" lon="-74.245084"></trkpt>
<trkpt lat="45.843014" lon="-74.244221"></trkpt>
<trkpt lat="45.842202" lon="-74.242802"></trkpt>
<trkpt lat="45.841612" lon="-74.241495"></trkpt>
<trkpt lat="45.841479" lon="-74.241099"></trkpt>
<trkpt lat="45.841156" lon="-74.240141"></trkpt>
<trkpt lat="45.840765" lon="-74.239221"></trkpt>
<trkpt lat="45.840606" lon="-74.238419"></trkpt>
<trkpt lat="45.840499" lon="-74.237837"></trkpt>
<trkpt lat="45.840306" lon="-74.237312"></trkpt>
<trkpt lat="45.839797" lon="-74.236205"></trkpt>
<trkpt lat="45.839637" lon="-74.235942"></trkpt>
<trkpt lat="45.838855" lon="-74.234857"></trkpt>
<trkpt lat="45.838383" lon="-74.233918"></trkpt>
<trkpt lat="45.838247" lon="-74.233526"></trkpt>
<trkpt lat="45.837469" lon="-74.230437"></trkpt>
<trkpt lat="45.837316" lon="-74.229602"></trkpt>
<trkpt lat="45.837208" lon="-74.228818"></trkpt>
<trkpt lat="45.837180" lon="-74.228101"></trkpt>
<trkpt lat="45.837083" lon="-74.227597"></trkpt>
<trkpt lat="45.836882" lon="-74.226863"></trkpt>
<trkpt lat="45.836776" lon="-74.226600"></trkpt>
<trkpt lat="45.836613" lon="-74.226391"></trkpt>
<trkpt lat="45.836259" lon="-74.226072"></trkpt>
<trkpt lat="45.836130" lon="-74.225861"></trkpt>
<trkpt lat="45.836039" lon="-74.225654"></trkpt>
<trkpt lat="45.836002" lon="-74.225413"></trkpt>
<trkpt lat="45.835985" lon="-74.224942"></trkpt>
<trkpt lat="45.836047" lon="-74.224561"></trkpt>
<trkpt lat="45.836202" lon="-74.224100"></trkpt>
<trkpt lat="45.836815" lon="-74.222709"></trkpt>
<trkpt lat="45.836986" lon="-74.222165"></trkpt>
<trkpt lat="45.837052" lon="-74.221683"></trkpt>
<trkpt lat="45.837043" lon="-74.221236"></trkpt>
<trkpt lat="45.836968" lon="-74.220567"></trkpt>
<trkpt lat="45.836954" lon="-74.220171"></trkpt>
<trkpt lat="45.837036" lon="-74.219522"></trkpt>
<trkpt lat="45.837003" lon="-74.219235"></trkpt>
<trkpt lat="45.836871" lon="-74.218847"></trkpt>
<trkpt lat="45.836510" lon="-74.218104"></trkpt>
<trkpt lat="45.835782" lon="-74.216850"></trkpt>
<trkpt lat="45.834584" lon="-74.214785"></trkpt>
<trkpt lat="45.834428" lon="-74.214466"></trkpt>
<trkpt lat="45.834374" lon="-74.214227"></trkpt>
<trkpt lat="45.834368" lon="-74.213765"></trkpt>
<trkpt lat="45.834423" lon="-74.212881"></trkpt>
<trkpt lat="45.834375" lon="-74.212467"></trkpt>
<trkpt lat="45.834246" lon="-74.212187"></trkpt>
<trkpt lat="45.834094" lon="-74.212019"></trkpt>
<trkpt lat="45.833761" lon="-74.211762"></trkpt>
<trkpt lat="45.833049" lon="-74.211518"></trkpt>
<trkpt lat="45.832921" lon="-74.211448"></trkpt>
<trkpt lat="45.832760" lon="-74.211309"></trkpt>
<trkpt lat="45.832369" lon="-74.210875"></trkpt>
<trkpt lat="45.831910" lon="-74.210364"></trkpt>
<trkpt lat="45.831624" lon="-74.209978"></trkpt>
<trkpt lat="45.830976" lon="-74.209268"></trkpt>
<trkpt lat="45.830574" lon="-74.208824"></trkpt>
<trkpt lat="45.830363" lon="-74.208538"></trkpt>
<trkpt lat="45.830193" lon="-74.208337"></trkpt>
<trkpt lat="45.829680" lon="-74.207875"></trkpt>
<trkpt lat="45.829295" lon="-74.207409"></trkpt>
<trkpt lat="45.828949" lon="-74.206827"></trkpt>
<trkpt lat="45.828570" lon="-74.206251"></trkpt>
<trkpt lat="45.828332" lon="-74.205928"></trkpt>
<trkpt lat="45.827915" lon="-74.205387"></trkpt>
<trkpt lat="45.827737" lon="-74.205043"></trkpt>
<trkpt lat="45.827528" lon="-74.204465"></trkpt>
<trkpt lat="45.827434" lon="-74.203853"></trkpt>
<trkpt lat="45.827261" lon="-74.201927"></trkpt>
<trkpt lat="45.827099" lon="-74.200711"></trkpt>
<trkpt lat="45.827057" lon="-74.200029"></trkpt>
<trkpt lat="45.827079" lon="-74.199642"></trkpt>
<trkpt lat="45.827138" lon="-74.199335"></trkpt>
<trkpt lat="45.827431" lon="-74.198597"></trkpt>
<trkpt lat="45.827590" lon="-74.198097"></trkpt>
<trkpt lat="45.827661" lon="-74.197834"></trkpt>
<trkpt lat="45.827685" lon="-74.197607"></trkpt>
<trkpt lat="45.827675" lon="-74.197086"></trkpt>
<trkpt lat="45.827554" lon="-74.196659"></trkpt>
<trkpt lat="45.827120" lon="-74.195834"></trkpt>
<trkpt lat="45.827049" lon="-74.195602"></trkpt>
<trkpt lat="45.826996" lon="-74.195295"></trkpt>
<trkpt lat="45.826989" lon="-74.194915"></trkpt>
<trkpt lat="45.827022" lon="-74.194241"></trkpt>
<trkpt lat="45.827070" lon="-74.193617"></trkpt>
<trkpt lat="45.827370" lon="-74.192168"></trkpt>
<trkpt lat="45.827373" lon="-74.191869"></trkpt>
<trkpt lat="45.827308" lon="-74.191495"></trkpt>
<trkpt lat="45.827198" lon="-74.191282"></trkpt>
<trkpt lat="45.827087" lon="-74.191129"></trkpt>
<trkpt lat="45.826929" lon="-74.191010"></trkpt>
<trkpt lat="45.826570" lon="-74.190838"></trkpt>
<trkpt lat="45.826373" lon="-74.190811"></trkpt>
<trkpt lat="45.826116" lon="-74.190844"></trkpt>
<trkpt lat="45.825892" lon="-74.190896"></trkpt>
<trkpt lat="45.824829" lon="-74.191261"></trkpt>
<trkpt lat="45.824339" lon="-74.191301"></trkpt>
<trkpt lat="45.823669" lon="-74.191267"></trkpt>
<trkpt lat="45.822418" lon="-74.191466"></trkpt>
<trkpt lat="45.821728" lon="-74.191682"></trkpt>
<trkpt lat="45.820768" lon="-74.192085"></trkpt>
<trkpt lat="45.819960" lon="-74.192228"></trkpt>
<trkpt lat="45.819493" lon="-74.192410"></trkpt>
<trkpt lat="45.819001" lon="-74.192521"></trkpt>
<trkpt lat="45.818639" lon="-74.192486"></trkpt>
<trkpt lat="45.818198" lon="-74.192333"></trkpt>
<trkpt lat="45.818049" lon="-74.192256"></trkpt>
<trkpt lat="45.817630" lon="-74.192041"></trkpt>
<trkpt lat="45.817391" lon="-74.191952"></trkpt>
<trkpt lat="45.817085" lon="-74.191931"></trkpt>
<trkpt lat="45.816693" lon="-74.191973"></trkpt>
<trkpt lat="45.816268" lon="-74.191957"></trkpt>
<trkpt lat="45.815887" lon="-74.191827"></trkpt>
<trkpt lat="45.815350" lon="-74.191513"></trkpt>
<trkpt lat="45.814846" lon="-74.191267"></trkpt>
<trkpt lat="45.814219" lon="-74.190808"></trkpt>
<trkpt lat="45.814086" lon="-74.190636"></trkpt>
<trkpt lat="45.813967" lon="-74.190433"></trkpt>
<trkpt lat="45.813801" lon="-74.190026"></trkpt>
<trkpt lat="45.813620" lon="-74.189379"></trkpt>
<trkpt lat="45.813381" lon="-74.188692"></trkpt>
<trkpt lat="45.813016" lon="-74.187871"></trkpt>
<trkpt lat="45.812581" lon="-74.187276"></trkpt>
<trkpt lat="45.812330" lon="-74.187082"></trkpt>
<trkpt lat="45.812124" lon="-74.187019"></trkpt>
<trkpt lat="45.811972" lon="-74.187091"></trkpt>
<trkpt lat="45.811406" lon="-74.187491"></trkpt>
<trkpt lat="45.811171" lon="-74.187583"></trkpt>
<trkpt lat="45.810907" lon="-74.187617"></trkpt>
<trkpt lat="45.810223" lon="-74.187560"></trkpt>
<trkpt lat="45.809489" lon="-74.187698"></trkpt>
<trkpt lat="45.809323" lon="-74.187671"></trkpt>
<trkpt lat="45.809177" lon="-74.187592"></trkpt>
<trkpt lat="45.809067" lon="-74.187483"></trkpt>
<trkpt lat="45.808976" lon="-74.187252"></trkpt>
<trkpt lat="45.808901" lon="-74.186782"></trkpt>
<trkpt lat="45.808775" lon="-74.185484"></trkpt>
<trkpt lat="45.808767" lon="-74.184669"></trkpt>
<trkpt lat="45.808723" lon="-74.184096"></trkpt>
<trkpt lat="45.808694" lon="-74.183968"></trkpt>
<trkpt lat="45.808372" lon="-74.183180"></trkpt>
<trkpt lat="45.808157" lon="-74.182796"></trkpt>
<trkpt lat="45.807779" lon="-74.182477"></trkpt>
<trkpt lat="45.807337" lon="-74.182214"></trkpt>
<trkpt lat="45.806965" lon="-74.182003"></trkpt>
<trkpt lat="45.806477" lon="-74.181548"></trkpt>
<trkpt lat="45.806396" lon="-74.181521"></trkpt>
<trkpt lat="45.806212" lon="-74.181631"></trkpt>
<trkpt lat="45.805842" lon="-74.181053"></trkpt>
<trkpt lat="45.805249" lon="-74.180350"></trkpt>
<trkpt lat="45.805089" lon="-74.180229"></trkpt>
<trkpt lat="45.804243" lon="-74.179907"></trkpt>
<trkpt lat="45.804000" lon="-74.179885"></trkpt>
<trkpt lat="45.803405" lon="-74.179957"></trkpt>
<trkpt lat="45.803121" lon="-74.179901"></trkpt>
<trkpt lat="45.801895" lon="-74.179497"></trkpt>
<trkpt lat="45.801481" lon="-74.179223"></trkpt>
<trkpt lat="45.801414" lon="-74.179159"></trkpt>
<trkpt lat="45.801268" lon="-74.179023"></trkpt>
<trkpt lat="45.801222" lon="-74.178978"></trkpt>
<trkpt lat="45.800889" lon="-74.178594"></trkpt>
<trkpt lat="45.800656" lon="-74.178248"></trkpt>
<trkpt lat="45.800493" lon="-74.177938"></trkpt>
<trkpt lat="45.800370" lon="-74.177618"></trkpt>
<trkpt lat="45.800208" lon="-74.176989"></trkpt>
<trkpt lat="45.799385" lon="-74.173101"></trkpt>
<trkpt lat="45.799217" lon="-74.172547"></trkpt>
<trkpt lat="45.799065" lon="-74.172230"></trkpt>
<trkpt lat="45.798831" lon="-74.171885"></trkpt>
<trkpt lat="45.798573" lon="-74.171614"></trkpt>
<trkpt lat="45.798210" lon="-74.171335"></trkpt>
<trkpt lat="45.797441" lon="-74.170817"></trkpt>
<trkpt lat="45.796111" lon="-74.169994"></trkpt>
<trkpt lat="45.795678" lon="-74.169572"></trkpt>
<trkpt lat="45.795453" lon="-74.169210"></trkpt>
<trkpt lat="45.795231" lon="-74.168789"></trkpt>
<trkpt lat="45.795068" lon="-74.168312"></trkpt>
<trkpt lat="45.794927" lon="-74.167609"></trkpt>
<trkpt lat="45.794901" lon="-74.167092"></trkpt>
<trkpt lat="45.794928" lon="-74.166618"></trkpt>
<trkpt lat="45.794978" lon="-74.166241"></trkpt>
<trkpt lat="45.795014" lon="-74.166076"></trkpt>
<trkpt lat="45.795102" lon="-74.165672"></trkpt>
<trkpt lat="45.795159" lon="-74.165183"></trkpt>
<trkpt lat="45.795146" lon="-74.164741"></trkpt>
<trkpt lat="45.795055" lon="-74.164340"></trkpt>
<trkpt lat="45.794782" lon="-74.163495"></trkpt>
<trkpt lat="45.794695" lon="-74.163102"></trkpt>
<trkpt lat="45.794657" lon="-74.162772"></trkpt>
<trkpt lat="45.794675" lon="-74.159963"></trkpt>
<trkpt lat="45.794811" lon="-74.158223"></trkpt>
<trkpt lat="45.794785" lon="-74.157700"></trkpt>
<trkpt lat="45.794675" lon="-74.157216"></trkpt>
<trkpt lat="45.794316" lon="-74.156186"></trkpt>
<trkpt lat="45.794221" lon="-74.155780"></trkpt>
<trkpt lat="45.794165" lon="-74.155065"></trkpt>
<trkpt lat="45.794110" lon="-74.154809"></trkpt>
<trkpt lat="45.793713" lon="-74.153740"></trkpt>
<trkpt lat="45.793564" lon="-74.153402"></trkpt>
<trkpt lat="45.793411" lon="-74.153124"></trkpt>
<trkpt lat="45.792472" lon="-74.151753"></trkpt>
<trkpt lat="45.792213" lon="-74.151139"></trkpt>
<trkpt lat="45.792104" lon="-74.150796"></trkpt>
<trkpt lat="45.792029" lon="-74.150287"></trkpt>
<trkpt lat="45.792077" lon="-74.148862"></trkpt>
<trkpt lat="45.792153" lon="-74.148175"></trkpt>
<trkpt lat="45.792716" lon="-74.144746"></trkpt>
<trkpt lat="45.792772" lon="-74.144210"></trkpt>
<trkpt lat="45.792752" lon="-74.143258"></trkpt>
<trkpt lat="45.792664" lon="-74.141960"></trkpt>
<trkpt lat="45.792604" lon="-74.141469"></trkpt>
<trkpt lat="45.792486" lon="-74.141026"></trkpt>
<trkpt lat="45.792327" lon="-74.140696"></trkpt>
<trkpt lat="45.792165" lon="-74.140508"></trkpt>
<trkpt lat="45.791525" lon="-74.139905"></trkpt>
<trkpt lat="45.791039" lon="-74.139222"></trkpt>
<trkpt lat="45.790901" lon="-74.139074"></trkpt>
<trkpt lat="45.790712" lon="-74.138915"></trkpt>
<trkpt lat="45.790277" lon="-74.138634"></trkpt>
<trkpt lat="45.790049" lon="-74.138382"></trkpt>
<trkpt lat="45.789880" lon="-74.138126"></trkpt>
<trkpt lat="45.789770" lon="-74.137767"></trkpt>
<trkpt lat="45.789558" lon="-74.136661"></trkpt>
<trkpt lat="45.789534" lon="-74.136351"></trkpt>
<trkpt lat="45.789552" lon="-74.136033"></trkpt>
<trkpt lat="45.789601" lon="-74.135732"></trkpt>
<trkpt lat="45.789676" lon="-74.135454"></trkpt>
<trkpt lat="45.790056" lon="-74.134574"></trkpt>
<trkpt lat="45.790103" lon="-74.134388"></trkpt>
<trkpt lat="45.790159" lon="-74.134115"></trkpt>
<trkpt lat="45.790387" lon="-74.132182"></trkpt>
<trkpt lat="45.790396" lon="-74.131801"></trkpt>
<trkpt lat="45.790373" lon="-74.131414"></trkpt>
<trkpt lat="45.790310" lon="-74.130995"></trkpt>
<trkpt lat="45.789838" lon="-74.128874"></trkpt>
<trkpt lat="45.789772" lon="-74.128429"></trkpt>
<trkpt lat="45.789725" lon="-74.127709"></trkpt>
<trkpt lat="45.789590" lon="-74.127028"></trkpt>
<trkpt lat="45.789268" lon="-74.126063"></trkpt>
<trkpt lat="45.788705" lon="-74.123324"></trkpt>
<trkpt lat="45.788592" lon="-74.122901"></trkpt>
<trkpt lat="45.788469" lon="-74.122629"></trkpt>
<trkpt lat="45.787909" lon="-74.121872"></trkpt>
<trkpt lat="45.787826" lon="-74.121651"></trkpt>
<trkpt lat="45.787763" lon="-74.121382"></trkpt>
<trkpt lat="45.787724" lon="-74.121081"></trkpt>
<trkpt lat="45.787721" lon="-74.120738"></trkpt>
<trkpt lat="45.787833" lon="-74.119634"></trkpt>
<trkpt lat="45.787832" lon="-74.118039"></trkpt>
<trkpt lat="45.787942" lon="-74.116943"></trkpt>
<trkpt lat="45.787936" lon="-74.116486"></trkpt>
<trkpt lat="45.787845" lon="-74.115894"></trkpt>
<trkpt lat="45.787641" lon="-74.114871"></trkpt>
<trkpt lat="45.787552" lon="-74.114576"></trkpt>
<trkpt lat="45.787413" lon="-74.114287"></trkpt>
<trkpt lat="45.786752" lon="-74.113459"></trkpt>
<trkpt lat="45.786171" lon="-74.112392"></trkpt>
<trkpt lat="45.785677" lon="-74.111554"></trkpt>
<trkpt lat="45.785522" lon="-74.111172"></trkpt>
<trkpt lat="45.785137" lon="-74.109920"></trkpt>
<trkpt lat="45.784877" lon="-74.109229"></trkpt>
<trkpt lat="45.784597" lon="-74.108668"></trkpt>
<trkpt lat="45.784027" lon="-74.107749"></trkpt>
<trkpt lat="45.783469" lon="-74.107035"></trkpt>
<trkpt lat="45.783064" lon="-74.106405"></trkpt>
<trkpt lat="45.782906" lon="-74.106012"></trkpt>
<trkpt lat="45.782776" lon="-74.105540"></trkpt>
<trkpt lat="45.782441" lon="-74.103678"></trkpt>
<trkpt lat="45.782421" lon="-74.103280"></trkpt>
<trkpt lat="45.782444" lon="-74.102824"></trkpt>
<trkpt lat="45.782621" lon="-74.101683"></trkpt>
<trkpt lat="45.782744" lon="-74.100958"></trkpt>
<trkpt lat="45.783121" lon="-74.099509"></trkpt>
<trkpt lat="45.783354" lon="-74.098830"></trkpt>
<trkpt lat="45.783826" lon="-74.097183"></trkpt>
<trkpt lat="45.784089" lon="-74.095696"></trkpt>
<trkpt lat="45.784243" lon="-74.094412"></trkpt>
<trkpt lat="45.784510" lon="-74.092004"></trkpt>
<trkpt lat="45.784528" lon="-74.091662"></trkpt>
<trkpt lat="45.784512" lon="-74.091220"></trkpt>
<trkpt lat="45.784492" lon="-74.091053"></trkpt>
<trkpt lat="45.784410" lon="-74.090168"></trkpt>
<trkpt lat="45.785173" lon="-74.083654"></trkpt>
<trkpt lat="45.785323" lon="-74.082381"></trkpt>
<trkpt lat="45.785435" lon="-74.081419"></trkpt>
<trkpt lat="45.785623" lon="-74.079740"></trkpt>
<trkpt lat="45.786698" lon="-74.070133"></trkpt>
<trkpt lat="45.786747" lon="-74.069740"></trkpt>
<trkpt lat="45.786824" lon="-74.069392"></trkpt>
<trkpt lat="45.786935" lon="-74.069138"></trkpt>
<trkpt lat="45.787148" lon="-74.068817"></trkpt>
<trkpt lat="45.787150" lon="-74.068814"></trkpt>
<trkpt lat="45.787385" lon="-74.068603"></trkpt>
<trkpt lat="45.787872" lon="-74.068330"></trkpt>
<trkpt lat="45.788218" lon="-74.068119"></trkpt>
<trkpt lat="45.788373" lon="-74.067976"></trkpt>
<trkpt lat="45.788526" lon="-74.067781"></trkpt>
<trkpt lat="45.788677" lon="-74.067496"></trkpt>
<trkpt lat="45.788796" lon="-74.067095"></trkpt>
<trkpt lat="45.788885" lon="-74.066165"></trkpt>
<trkpt lat="45.789106" lon="-74.063412"></trkpt>
<trkpt lat="45.789155" lon="-74.062816"></trkpt>
<trkpt lat="45.789340" lon="-74.060381"></trkpt>
<trkpt lat="45.789502" lon="-74.058507"></trkpt>
<trkpt lat="45.789640" lon="-74.056905"></trkpt>
<trkpt lat="45.789747" lon="-74.055660"></trkpt>
<trkpt lat="45.789903" lon="-74.054164"></trkpt>
<trkpt lat="45.789859" lon="-74.053845"></trkpt>
<trkpt lat="45.789795" lon="-74.053684"></trkpt>
<trkpt lat="45.789705" lon="-74.053555"></trkpt>
<trkpt lat="45.789397" lon="-74.053389"></trkpt>
<trkpt lat="45.788812" lon="-74.053218"></trkpt>
<trkpt lat="45.788404" lon="-74.053119"></trkpt>
<trkpt lat="45.784394" lon="-74.052141"></trkpt>
<trkpt lat="45.782152" lon="-74.051610"></trkpt>
<trkpt lat="45.780551" lon="-74.051224"></trkpt>
<trkpt lat="45.778604" lon="-74.050754"></trkpt>
<trkpt lat="45.776781" lon="-74.050305"></trkpt>
<trkpt lat="45.776350" lon="-74.050147"></trkpt>
<trkpt lat="45.776124" lon="-74.050146"></trkpt>
<trkpt lat="45.776069" lon="-74.050248"></trkpt>
<trkpt lat="45.775960" lon="-74.050281"></trkpt>
<trkpt lat="45.775897" lon="-74.050241"></trkpt>
<trkpt lat="45.775853" lon="-74.050163"></trkpt>
<trkpt lat="45.775843" lon="-74.050115"></trkpt>
<trkpt lat="45.775688" lon="-74.049984"></trkpt>
<trkpt lat="45.775120" lon="-74.049780"></trkpt>
<trkpt lat="45.774247" lon="-74.049501"></trkpt>
<trkpt lat="45.773275" lon="-74.049310"></trkpt>
<trkpt lat="45.773192" lon="-74.049291"></trkpt>
<trkpt lat="45.772522" lon="-74.049135"></trkpt>
<trkpt lat="45.771850" lon="-74.049005"></trkpt>
<trkpt lat="45.770927" lon="-74.048769"></trkpt>
<trkpt lat="45.770833" lon="-74.048745"></trkpt>
<trkpt lat="45.767767" lon="-74.048025"></trkpt>
<trkpt lat="45.767478" lon="-74.047912"></trkpt>
<trkpt lat="45.767259" lon="-74.047740"></trkpt>
<trkpt lat="45.767028" lon="-74.047445"></trkpt>
<trkpt lat="45.766840" lon="-74.047010"></trkpt>
<trkpt lat="45.766671" lon="-74.046310"></trkpt>
<trkpt lat="45.766647" lon="-74.046212"></trkpt>
<trkpt lat="45.766253" lon="-74.044590"></trkpt>
<trkpt lat="45.765766" lon="-74.042351"></trkpt>
<trkpt lat="45.765493" lon="-74.041098"></trkpt>
<trkpt lat="45.765391" lon="-74.040823"></trkpt>
<trkpt lat="45.764935" lon="-74.040420"></trkpt>
<trkpt lat="45.763680" lon="-74.039179"></trkpt>
<trkpt lat="45.763585" lon="-74.039084"></trkpt>
<trkpt lat="45.763093" lon="-74.038325"></trkpt>
<trkpt lat="45.762938" lon="-74.037877"></trkpt>
<trkpt lat="45.762885" lon="-74.037572"></trkpt>
<trkpt lat="45.762875" lon="-74.037008"></trkpt>
<trkpt lat="45.762911" lon="-74.036619"></trkpt>
<trkpt lat="45.763147" lon="-74.034247"></trkpt>
<trkpt lat="45.763167" lon="-74.033475"></trkpt>
<trkpt lat="45.763132" lon="-74.032878"></trkpt>
<trkpt lat="45.763037" lon="-74.032316"></trkpt>
<trkpt lat="45.762883" lon="-74.031770"></trkpt>
<trkpt lat="45.762177" lon="-74.030248"></trkpt>
<trkpt lat="45.761794" lon="-74.029541"></trkpt>
<trkpt lat="45.761158" lon="-74.028580"></trkpt>
<trkpt lat="45.760452" lon="-74.027702"></trkpt>
<trkpt lat="45.760312" lon="-74.027447"></trkpt>
<trkpt lat="45.760250" lon="-74.027288"></trkpt>
<trkpt lat="45.760198" lon="-74.026997"></trkpt>
<trkpt lat="45.760219" lon="-74.026725"></trkpt>
<trkpt lat="45.760368" lon="-74.025995"></trkpt>
<trkpt lat="45.760354" lon="-74.025817"></trkpt>
<trkpt lat="45.760396" lon="-74.025536"></trkpt>
<trkpt lat="45.760313" lon="-74.025507"></trkpt>
<trkpt lat="45.760168" lon="-74.025421"></trkpt>
<trkpt lat="45.759424" lon="-74.025168"></trkpt>
<trkpt lat="45.759343" lon="-74.025131"></trkpt>
<trkpt lat="45.759259" lon="-74.025090"></trkpt>
<trkpt lat="45.759176" lon="-74.025044"></trkpt>
<trkpt lat="45.759064" lon="-74.024981"></trkpt>
<trkpt lat="45.758980" lon="-74.024927"></trkpt>
<trkpt lat="45.758603" lon="-74.024597"></trkpt>
<trkpt lat="45.758515" lon="-74.024499"></trkpt>
<trkpt lat="45.758231" lon="-74.024122"></trkpt>
<trkpt lat="45.758165" lon="-74.024012"></trkpt>
<trkpt lat="45.758007" lon="-74.023770"></trkpt>
<trkpt lat="45.757874" lon="-74.023560"></trkpt>
<trkpt lat="45.757781" lon="-74.023414"></trkpt>
<trkpt lat="45.757720" lon="-74.023319"></trkpt>
<trkpt lat="45.757644" lon="-74.023201"></trkpt>
<trkpt lat="45.757400" lon="-74.022818"></trkpt>
<trkpt lat="45.757339" lon="-74.022715"></trkpt>
<trkpt lat="45.757227" lon="-74.022544"></trkpt>
<trkpt lat="45.757156" lon="-74.022433"></trkpt>
<trkpt lat="45.757067" lon="-74.022289"></trkpt>
<trkpt lat="45.756940" lon="-74.022089"></trkpt>
<trkpt lat="45.756691" lon="-74.021701"></trkpt>
<trkpt lat="45.756667" lon="-74.021660"></trkpt>
<trkpt lat="45.756520" lon="-74.021432"></trkpt>
<trkpt lat="45.756496" lon="-74.021394"></trkpt>
<trkpt lat="45.756478" lon="-74.021364"></trkpt>
<trkpt lat="45.756330" lon="-74.021171"></trkpt>
<trkpt lat="45.756258" lon="-74.021088"></trkpt>
<trkpt lat="45.756185" lon="-74.020996"></trkpt>
<trkpt lat="45.756146" lon="-74.020941"></trkpt>
<trkpt lat="45.756175" lon="-74.020910"></trkpt>
<trkpt lat="45.756230" lon="-74.020859"></trkpt>
<trkpt lat="45.756276" lon="-74.020816"></trkpt>
<trkpt lat="45.757028" lon="-74.020190"></trkpt>
<trkpt lat="45.757757" lon="-74.019537"></trkpt>
<trkpt lat="45.758232" lon="-74.019097"></trkpt>
<trkpt lat="45.758658" lon="-74.018607"></trkpt>
<trkpt lat="45.758919" lon="-74.018365"></trkpt>
<trkpt lat="45.758958" lon="-74.018296"></trkpt>
<trkpt lat="45.758971" lon="-74.018302"></trkpt>
<trkpt lat="45.759085" lon="-74.018196"></trkpt>
<trkpt lat="45.759174" lon="-74.018109"></trkpt>
<trkpt lat="45.759226" lon="-74.018018"></trkpt>
<trkpt lat="45.759319" lon="-74.017977"></trkpt>
<trkpt lat="45.759747" lon="-74.017566"></trkpt>
<trkpt lat="45.759819" lon="-74.017498"></trkpt>
<trkpt lat="45.759884" lon="-74.017437"></trkpt>
<trkpt lat="45.760369" lon="-74.016981"></trkpt>
<trkpt lat="45.760435" lon="-74.016856"></trkpt>
<trkpt lat="45.760497" lon="-74.016853"></trkpt>
<trkpt lat="45.760540" lon="-74.016818"></trkpt>
<trkpt lat="45.760685" lon="-74.016675"></trkpt>
<trkpt lat="45.760760" lon="-74.016615"></trkpt>
<trkpt lat="45.761584" lon="-74.015799"></trkpt>
<trkpt lat="45.761636" lon="-74.015709"></trkpt>
<trkpt lat="45.761653" lon="-74.015573"></trkpt>
<trkpt lat="45.761609" lon="-74.015377"></trkpt>
<trkpt lat="45.761263" lon="-74.014668"></trkpt>
<trkpt lat="45.761147" lon="-74.014152"></trkpt>
<trkpt lat="45.761146" lon="-74.014044"></trkpt>
<trkpt lat="45.761152" lon="-74.013042"></trkpt>
<trkpt lat="45.761189" lon="-74.012339"></trkpt>
<trkpt lat="45.761369" lon="-74.011347"></trkpt>
<trkpt lat="45.761629" lon="-74.010356"></trkpt>
<trkpt lat="45.761656" lon="-74.010330"></trkpt>
<trkpt lat="45.761737" lon="-74.010125"></trkpt>
<trkpt lat="45.761775" lon="-74.010027"></trkpt>
<trkpt lat="45.761875" lon="-74.010153"></trkpt>
<trkpt lat="45.762141" lon="-74.009497"></trkpt>
<trkpt lat="45.762357" lon="-74.009120"></trkpt>
<trkpt lat="45.762979" lon="-74.008283"></trkpt>
<trkpt lat="45.763438" lon="-74.007617"></trkpt>
<trkpt lat="45.763667" lon="-74.007046"></trkpt>
<trkpt lat="45.763994" lon="-74.005771"></trkpt>
<trkpt lat="45.764126" lon="-74.005204"></trkpt>
<trkpt lat="45.764158" lon="-74.005047"></trkpt>
<trkpt lat="45.764181" lon="-74.004812"></trkpt>
<trkpt lat="45.764166" lon="-74.004595"></trkpt>
<trkpt lat="45.763942" lon="-74.003876"></trkpt>
<trkpt lat="45.763594" lon="-74.002704"></trkpt>
<trkpt lat="45.763045" lon="-74.000979"></trkpt>
<trkpt lat="45.762963" lon="-74.000435"></trkpt>
<trkpt lat="45.762951" lon="-74.000031"></trkpt>
<trkpt lat="45.763022" lon="-73.999487"></trkpt>
<trkpt lat="45.763232" lon="-73.998876"></trkpt>
<trkpt lat="45.763289" lon="-73.998753"></trkpt>
<trkpt lat="45.763651" lon="-73.998207"></trkpt>
<trkpt lat="45.763889" lon="-73.998004"></trkpt>
<trkpt lat="45.764797" lon="-73.997662"></trkpt>
<trkpt lat="45.765467" lon="-73.997367"></trkpt>
<trkpt lat="45.765574" lon="-73.997286"></trkpt>
<trkpt lat="45.765683" lon="-73.997129"></trkpt>
<trkpt lat="45.766192" lon="-73.996655"></trkpt>
<trkpt lat="45.767032" lon="-73.995770"></trkpt>
<trkpt lat="45.767308" lon="-73.995484"></trkpt>
<trkpt lat="45.767745" lon="-73.995085"></trkpt>
<trkpt lat="45.768006" lon="-73.994948"></trkpt>
<trkpt lat="45.768155" lon="-73.994956"></trkpt>
<trkpt lat="45.768578" lon="-73.994927"></trkpt>
<trkpt lat="45.769369" lon="-73.994913"></trkpt>
<trkpt lat="45.769362" lon="-73.994793"></trkpt>
<trkpt lat="45.769313" lon="-73.994747"></trkpt>
<trkpt lat="45.768892" lon="-73.994738"></trkpt>
<trkpt lat="45.768822" lon="-73.994694"></trkpt>
<trkpt lat="45.766568" lon="-73.991671"></trkpt>
<trkpt lat="45.764925" lon="-73.989467"></trkpt>
<trkpt lat="45.764877" lon="-73.989394"></trkpt>
<trkpt lat="45.764756" lon="-73.989566"></trkpt>
<trkpt lat="45.764706" lon="-73.989495"></trkpt>
<trkpt lat="45.763413" lon="-73.987737"></trkpt>
<trkpt lat="45.763359" lon="-73.987679"></trkpt>
<trkpt lat="45.763270" lon="-73.987617"></trkpt>
<trkpt lat="45.762424" lon="-73.986404"></trkpt>
<trkpt lat="45.762353" lon="-73.986338"></trkpt>
<trkpt lat="45.762311" lon="-73.986313"></trkpt>
<trkpt lat="45.762272" lon="-73.986278"></trkpt>
<trkpt lat="45.762362" lon="-73.986050"></trkpt>
<trkpt lat="45.762262" lon="-73.985917"></trkpt>
<trkpt lat="45.760621" lon="-73.983741"></trkpt>
<trkpt lat="45.758270" lon="-73.980593"></trkpt>
<trkpt lat="45.758122" lon="-73.980288"></trkpt>
<trkpt lat="45.755907" lon="-73.977297"></trkpt>
<trkpt lat="45.754491" lon="-73.975393"></trkpt>
<trkpt lat="45.754279" lon="-73.975173"></trkpt>
<trkpt lat="45.754271" lon="-73.975165"></trkpt>
<trkpt lat="45.754161" lon="-73.975000"></trkpt>
<trkpt lat="45.754044" lon="-73.975165"></trkpt>
<trkpt lat="45.753985" lon="-73.975248"></trkpt>
<trkpt lat="45.753950" lon="-73.975196"></trkpt>
<trkpt lat="45.753559" lon="-73.975714"></trkpt>
<trkpt lat="45.752992" lon="-73.976466"></trkpt>
<trkpt lat="45.752960" lon="-73.976415"></trkpt>
<trkpt lat="45.752925" lon="-73.976409"></trkpt>
<trkpt lat="45.742096" lon="-73.959742"></trkpt>
<trkpt lat="45.742055" lon="-73.959624"></trkpt>
<trkpt lat="45.742133" lon="-73.959432"></trkpt>
<trkpt lat="45.742106" lon="-73.959379"></trkpt>
<trkpt lat="45.742082" lon="-73.959342"></trkpt>
<trkpt lat="45.742055" lon="-73.959304"></trkpt>
<trkpt lat="45.742262" lon="-73.959022"></trkpt>
<trkpt lat="45.732583" lon="-73.946089"></trkpt>
<trkpt lat="45.732511" lon="-73.945995"></trkpt>
<trkpt lat="45.722408" lon="-73.932505"></trkpt>
<trkpt lat="45.722383" lon="-73.932474"></trkpt>
<trkpt lat="45.722358" lon="-73.932439"></trkpt>
<trkpt lat="45.713942" lon="-73.921229"></trkpt>
<trkpt lat="45.713811" lon="-73.920976"></trkpt>
<trkpt lat="45.713430" lon="-73.920464"></trkpt>
<trkpt lat="45.712543" lon="-73.919282"></trkpt>
<trkpt lat="45.712375" lon="-73.919140"></trkpt>
<trkpt lat="45.711816" lon="-73.918397"></trkpt>
<trkpt lat="45.711596" lon="-73.918071"></trkpt>
<trkpt lat="45.711581" lon="-73.917938"></trkpt>
<trkpt lat="45.711618" lon="-73.917821"></trkpt>
<trkpt lat="45.712171" lon="-73.916897"></trkpt>
<trkpt lat="45.712201" lon="-73.916847"></trkpt>
<trkpt lat="45.712227" lon="-73.916806"></trkpt>
<trkpt lat="45.712376" lon="-73.916557"></trkpt>
<trkpt lat="45.712341" lon="-73.916482"></trkpt>
<trkpt lat="45.712320" lon="-73.916455"></trkpt>
<trkpt lat="45.712299" lon="-73.916427"></trkpt>
<trkpt lat="45.711987" lon="-73.915921"></trkpt>
<trkpt lat="45.711408" lon="-73.914829"></trkpt>
<trkpt lat="45.711261" lon="-73.914554"></trkpt>
<trkpt lat="45.711042" lon="-73.914170"></trkpt>
<trkpt lat="45.710684" lon="-73.913811"></trkpt>
<trkpt lat="45.710503" lon="-73.913699"></trkpt>
<trkpt lat="45.710245" lon="-73.913617"></trkpt>
<trkpt lat="45.710119" lon="-73.913524"></trkpt>
<trkpt lat="45.709820" lon="-73.913104"></trkpt>
<trkpt lat="45.709790" lon="-73.913064"></trkpt>
<trkpt lat="45.709741" lon="-73.913046"></trkpt>
<trkpt lat="45.709671" lon="-73.913019"></trkpt>
<trkpt lat="45.709347" lon="-73.912512"></trkpt>
<trkpt lat="45.708481" lon="-73.913971"></trkpt>
<trkpt lat="45.707197" lon="-73.912202"></trkpt>
<trkpt lat="45.705557" lon="-73.910062"></trkpt>
<trkpt lat="45.704570" lon="-73.908740"></trkpt>
<trkpt lat="45.704401" lon="-73.908413"></trkpt>
<trkpt lat="45.704087" lon="-73.908102"></trkpt>
<trkpt lat="45.703491" lon="-73.907314"></trkpt>
<trkpt lat="45.703319" lon="-73.907072"></trkpt>
<trkpt lat="45.703214" lon="-73.906797"></trkpt>
<trkpt lat="45.703042" lon="-73.906663"></trkpt>
<trkpt lat="45.702780" lon="-73.906374"></trkpt>
<trkpt lat="45.699005" lon="-73.901335"></trkpt>
<trkpt lat="45.698768" lon="-73.901013"></trkpt>
<trkpt lat="45.698532" lon="-73.900628"></trkpt>
<trkpt lat="45.698516" lon="-73.900607"></trkpt>
<trkpt lat="45.698490" lon="-73.900571"></trkpt>
<trkpt lat="45.698417" lon="-73.900477"></trkpt>
<trkpt lat="45.698383" lon="-73.900437"></trkpt>
<trkpt lat="45.698361" lon="-73.900423"></trkpt>
<trkpt lat="45.698060" lon="-73.900080"></trkpt>
<trkpt lat="45.697303" lon="-73.899057"></trkpt>
<trkpt lat="45.697242" lon="-73.898956"></trkpt>
<trkpt lat="45.697142" lon="-73.898594"></trkpt>
<trkpt lat="45.696920" lon="-73.898379"></trkpt>
<trkpt lat="45.696677" lon="-73.898055"></trkpt>
<trkpt lat="45.696547" lon="-73.897969"></trkpt>
<trkpt lat="45.695148" lon="-73.896092"></trkpt>
<trkpt lat="45.695074" lon="-73.895940"></trkpt>
<trkpt lat="45.695048" lon="-73.895684"></trkpt>
<trkpt lat="45.695018" lon="-73.895576"></trkpt>
<trkpt lat="45.694455" lon="-73.894806"></trkpt>
<trkpt lat="45.692704" lon="-73.892491"></trkpt>
<trkpt lat="45.692039" lon="-73.891753"></trkpt>
<trkpt lat="45.691556" lon="-73.891052"></trkpt>
<trkpt lat="45.691073" lon="-73.890446"></trkpt>
<trkpt lat="45.690383" lon="-73.889498"></trkpt>
<trkpt lat="45.689858" lon="-73.888504"></trkpt>
<trkpt lat="45.689682" lon="-73.888235"></trkpt>
<trkpt lat="45.689221" lon="-73.887736"></trkpt>
<trkpt lat="45.689031" lon="-73.887481"></trkpt>
<trkpt lat="45.688688" lon="-73.887240"></trkpt>
<trkpt lat="45.688262" lon="-73.886714"></trkpt>
<trkpt lat="45.688209" lon="-73.886644"></trkpt>
<trkpt lat="45.688137" lon="-73.886551"></trkpt>
<trkpt lat="45.687910" lon="-73.886244"></trkpt>
<trkpt lat="45.687726" lon="-73.885990"></trkpt>
<trkpt lat="45.687552" lon="-73.885493"></trkpt>
<trkpt lat="45.687328" lon="-73.885328"></trkpt>
<trkpt lat="45.686839" lon="-73.884761"></trkpt>
<trkpt lat="45.686649" lon="-73.884582"></trkpt>
<trkpt lat="45.686072" lon="-73.883708"></trkpt>
<trkpt lat="45.685947" lon="-73.883413"></trkpt>
<trkpt lat="45.685683" lon="-73.883179"></trkpt>
<trkpt lat="45.685562" lon="-73.882981"></trkpt>
<trkpt lat="45.685409" lon="-73.882802"></trkpt>
<trkpt lat="45.685182" lon="-73.882435"></trkpt>
<trkpt lat="45.684746" lon="-73.881903"></trkpt>
<trkpt lat="45.684521" lon="-73.881406"></trkpt>
<trkpt lat="45.684481" lon="-73.881079"></trkpt>
<trkpt lat="45.684369" lon="-73.881004"></trkpt>
<trkpt lat="45.684275" lon="-73.880974"></trkpt>
<trkpt lat="45.684124" lon="-73.880928"></trkpt>
<trkpt lat="45.684036" lon="-73.880863"></trkpt>
<trkpt lat="45.682676" lon="-73.879032"></trkpt>
<trkpt lat="45.682422" lon="-73.878822"></trkpt>
<trkpt lat="45.682287" lon="-73.878478"></trkpt>
<trkpt lat="45.682057" lon="-73.878378"></trkpt>
<trkpt lat="45.681917" lon="-73.878259"></trkpt>
<trkpt lat="45.680954" lon="-73.876977"></trkpt>
<trkpt lat="45.680469" lon="-73.876350"></trkpt>
<trkpt lat="45.680445" lon="-73.876326"></trkpt>
<trkpt lat="45.680232" lon="-73.876163"></trkpt>
<trkpt lat="45.680056" lon="-73.876016"></trkpt>
<trkpt lat="45.679563" lon="-73.875361"></trkpt>
<trkpt lat="45.679545" lon="-73.875346"></trkpt>
<trkpt lat="45.679500" lon="-73.875287"></trkpt>
<trkpt lat="45.679460" lon="-73.875232"></trkpt>
<trkpt lat="45.679063" lon="-73.874706"></trkpt>
<trkpt lat="45.679034" lon="-73.874625"></trkpt>
<trkpt lat="45.679004" lon="-73.874395"></trkpt>
<trkpt lat="45.678792" lon="-73.874097"></trkpt>
<trkpt lat="45.678758" lon="-73.874018"></trkpt>
<trkpt lat="45.678717" lon="-73.873937"></trkpt>
<trkpt lat="45.678607" lon="-73.873848"></trkpt>
<trkpt lat="45.677447" lon="-73.872325"></trkpt>
<trkpt lat="45.677380" lon="-73.872265"></trkpt>
<trkpt lat="45.677265" lon="-73.872248"></trkpt>
<trkpt lat="45.677201" lon="-73.872239"></trkpt>
<trkpt lat="45.677145" lon="-73.872182"></trkpt>
<trkpt lat="45.675289" lon="-73.869714"></trkpt>
<trkpt lat="45.675277" lon="-73.869696"></trkpt>
<trkpt lat="45.675007" lon="-73.869329"></trkpt>
<trkpt lat="45.674985" lon="-73.869236"></trkpt>
<trkpt lat="45.674994" lon="-73.869023"></trkpt>
<trkpt lat="45.674949" lon="-73.868900"></trkpt>
<trkpt lat="45.674700" lon="-73.868680"></trkpt>
<trkpt lat="45.672825" lon="-73.866169"></trkpt>
<trkpt lat="45.672748" lon="-73.866058"></trkpt>
<trkpt lat="45.672482" lon="-73.865711"></trkpt>
<trkpt lat="45.672215" lon="-73.865360"></trkpt>
<trkpt lat="45.672129" lon="-73.865246"></trkpt>
<trkpt lat="45.672037" lon="-73.865154"></trkpt>
<trkpt lat="45.671850" lon="-73.865050"></trkpt>
<trkpt lat="45.671588" lon="-73.864712"></trkpt>
<trkpt lat="45.671431" lon="-73.864658"></trkpt>
<trkpt lat="45.671414" lon="-73.864647"></trkpt>
<trkpt lat="45.671270" lon="-73.864838"></trkpt>
<trkpt lat="45.671197" lon="-73.864934"></trkpt>
<trkpt lat="45.671161" lon="-73.864879"></trkpt>
<trkpt lat="45.671086" lon="-73.864778"></trkpt>
<trkpt lat="45.671049" lon="-73.864728"></trkpt>
<trkpt lat="45.671034" lon="-73.864708"></trkpt>
<trkpt lat="45.670835" lon="-73.864316"></trkpt>
<trkpt lat="45.670573" lon="-73.863860"></trkpt>
<trkpt lat="45.666994" lon="-73.859104"></trkpt>
<trkpt lat="45.666741" lon="-73.858841"></trkpt>
<trkpt lat="45.666110" lon="-73.858006"></trkpt>
<trkpt lat="45.664162" lon="-73.855428"></trkpt>
<trkpt lat="45.663956" lon="-73.855082"></trkpt>
<trkpt lat="45.663841" lon="-73.854889"></trkpt>
<trkpt lat="45.662294" lon="-73.852823"></trkpt>
<trkpt lat="45.662080" lon="-73.852646"></trkpt>
<trkpt lat="45.660367" lon="-73.850348"></trkpt>
<trkpt lat="45.660269" lon="-73.850144"></trkpt>
<trkpt lat="45.659979" lon="-73.849755"></trkpt>
<trkpt lat="45.659680" lon="-73.849740"></trkpt>
<trkpt lat="45.659548" lon="-73.849649"></trkpt>
<trkpt lat="45.659372" lon="-73.849271"></trkpt>
<trkpt lat="45.658890" lon="-73.848634"></trkpt>
<trkpt lat="45.658663" lon="-73.848293"></trkpt>
<trkpt lat="45.658622" lon="-73.848179"></trkpt>
<trkpt lat="45.658567" lon="-73.847882"></trkpt>
<trkpt lat="45.658531" lon="-73.847808"></trkpt>
<trkpt lat="45.656735" lon="-73.845415"></trkpt>
<trkpt lat="45.656489" lon="-73.845169"></trkpt>
<trkpt lat="45.656065" lon="-73.844629"></trkpt>
<trkpt lat="45.655972" lon="-73.844506"></trkpt>
<trkpt lat="45.655946" lon="-73.844422"></trkpt>
<trkpt lat="45.656121" lon="-73.844341"></trkpt>
<trkpt lat="45.656132" lon="-73.844256"></trkpt>
<trkpt lat="45.656167" lon="-73.844251"></trkpt>
<trkpt lat="45.656770" lon="-73.844227"></trkpt>
<trkpt lat="45.656885" lon="-73.844229"></trkpt>
<trkpt lat="45.658472" lon="-73.844257"></trkpt>
<trkpt lat="45.658528" lon="-73.844355"></trkpt>
<trkpt lat="45.658599" lon="-73.844356"></trkpt>
<trkpt lat="45.658671" lon="-73.844360"></trkpt>
<trkpt lat="45.658731" lon="-73.844409"></trkpt>
<trkpt lat="45.658860" lon="-73.844420"></trkpt>
<trkpt lat="45.658894" lon="-73.844523"></trkpt>
<trkpt lat="45.659063" lon="-73.844617"></trkpt>
<trkpt lat="45.659257" lon="-73.844529"></trkpt>
<trkpt lat="45.659409" lon="-73.844532"></trkpt>
<trkpt lat="45.659569" lon="-73.844625"></trkpt>
<trkpt lat="45.659763" lon="-73.844823"></trkpt>
<trkpt lat="45.659927" lon="-73.844946"></trkpt>
<trkpt lat="45.660098" lon="-73.845008"></trkpt>
<trkpt lat="45.661164" lon="-73.844854"></trkpt>
<trkpt lat="45.661212" lon="-73.844836"></trkpt>
<trkpt lat="45.661342" lon="-73.844688"></trkpt>
<trkpt lat="45.661606" lon="-73.844692"></trkpt>
<trkpt lat="45.661811" lon="-73.844572"></trkpt>
<trkpt lat="45.661950" lon="-73.844560"></trkpt>
<trkpt lat="45.662059" lon="-73.844433"></trkpt>
<trkpt lat="45.662170" lon="-73.844381"></trkpt>
<trkpt lat="45.662381" lon="-73.844338"></trkpt>
<trkpt lat="45.662584" lon="-73.844358"></trkpt>
<trkpt lat="45.662780" lon="-73.844267"></trkpt>
<trkpt lat="45.662906" lon="-73.844296"></trkpt>
<trkpt lat="45.662895" lon="-73.844142"></trkpt>
<trkpt lat="45.662841" lon="-73.844081"></trkpt>
<trkpt lat="45.662840" lon="-73.843994"></trkpt>
<trkpt lat="45.662830" lon="-73.843204"></trkpt>
<trkpt lat="45.662771" lon="-73.842945"></trkpt>
<trkpt lat="45.662662" lon="-73.842755"></trkpt>
<trkpt lat="45.661623" lon="-73.841221"></trkpt>
<trkpt lat="45.661256" lon="-73.840668"></trkpt>
<trkpt lat="45.661109" lon="-73.840362"></trkpt>
<trkpt lat="45.661081" lon="-73.840286"></trkpt>
<trkpt lat="45.661094" lon="-73.840163"></trkpt>
<trkpt lat="45.661023" lon="-73.839682"></trkpt>
<trkpt lat="45.661017" lon="-73.839380"></trkpt>
<trkpt lat="45.661042" lon="-73.839103"></trkpt>
<trkpt lat="45.661110" lon="-73.838803"></trkpt>
<trkpt lat="45.661205" lon="-73.838548"></trkpt>
<trkpt lat="45.661440" lon="-73.838175"></trkpt>
<trkpt lat="45.661497" lon="-73.838098"></trkpt>
<trkpt lat="45.661530" lon="-73.838059"></trkpt>
<trkpt lat="45.661589" lon="-73.837974"></trkpt>
<trkpt lat="45.661617" lon="-73.837934"></trkpt>
<trkpt lat="45.661663" lon="-73.837871"></trkpt>
<trkpt lat="45.661702" lon="-73.837750"></trkpt>
<trkpt lat="45.661721" lon="-73.837585"></trkpt>
<trkpt lat="45.661699" lon="-73.837394"></trkpt>
<trkpt lat="45.661646" lon="-73.837221"></trkpt>
<trkpt lat="45.660742" lon="-73.835913"></trkpt>
<trkpt lat="45.660688" lon="-73.835832"></trkpt>
<trkpt lat="45.660638" lon="-73.835758"></trkpt>
<trkpt lat="45.660268" lon="-73.835231"></trkpt>
<trkpt lat="45.660214" lon="-73.835154"></trkpt>
<trkpt lat="45.660155" lon="-73.835071"></trkpt>
<trkpt lat="45.659551" lon="-73.834208"></trkpt>
<trkpt lat="45.659423" lon="-73.833946"></trkpt>
<trkpt lat="45.659376" lon="-73.833759"></trkpt>
<trkpt lat="45.659356" lon="-73.833513"></trkpt>
<trkpt lat="45.659365" lon="-73.833361"></trkpt>
<trkpt lat="45.659422" lon="-73.833105"></trkpt>
<trkpt lat="45.659528" lon="-73.832874"></trkpt>
<trkpt lat="45.660011" lon="-73.832181"></trkpt>
<trkpt lat="45.660021" lon="-73.832167"></trkpt>
<trkpt lat="45.660659" lon="-73.831262"></trkpt>
<trkpt lat="45.660727" lon="-73.831165"></trkpt>
<trkpt lat="45.660672" lon="-73.831088"></trkpt>
<trkpt lat="45.660183" lon="-73.830388"></trkpt>
<trkpt lat="45.660067" lon="-73.830223"></trkpt>
<trkpt lat="45.659608" lon="-73.829561"></trkpt>
<trkpt lat="45.659489" lon="-73.829393"></trkpt>
<trkpt lat="45.659239" lon="-73.829110"></trkpt>
<trkpt lat="45.659190" lon="-73.829040"></trkpt>
<trkpt lat="45.659143" lon="-73.828973"></trkpt>
<trkpt lat="45.658962" lon="-73.828640"></trkpt>
<trkpt lat="45.658662" lon="-73.828206"></trkpt>
<trkpt lat="45.658548" lon="-73.828130"></trkpt>
<trkpt lat="45.658467" lon="-73.828120"></trkpt>
<trkpt lat="45.658325" lon="-73.828267"></trkpt>
<trkpt lat="45.658278" lon="-73.828261"></trkpt>
<trkpt lat="45.658192" lon="-73.828179"></trkpt>
<trkpt lat="45.658116" lon="-73.828010"></trkpt>
<trkpt lat="45.657801" lon="-73.827553"></trkpt>
<trkpt lat="45.657683" lon="-73.827381"></trkpt>
<trkpt lat="45.657251" lon="-73.826763"></trkpt>
<trkpt lat="45.657133" lon="-73.826594"></trkpt>
<trkpt lat="45.656708" lon="-73.825984"></trkpt>
<trkpt lat="45.656588" lon="-73.825817"></trkpt>
<trkpt lat="45.656139" lon="-73.825168"></trkpt>
<trkpt lat="45.656009" lon="-73.824980"></trkpt>
<trkpt lat="45.655637" lon="-73.824448"></trkpt>
<trkpt lat="45.655578" lon="-73.824362"></trkpt>
<trkpt lat="45.655453" lon="-73.824182"></trkpt>
<trkpt lat="45.655396" lon="-73.824099"></trkpt>
<trkpt lat="45.654924" lon="-73.823403"></trkpt>
<trkpt lat="45.654534" lon="-73.822494"></trkpt>
<trkpt lat="45.654479" lon="-73.822361"></trkpt>
<trkpt lat="45.654443" lon="-73.822273"></trkpt>
<trkpt lat="45.654208" lon="-73.821837"></trkpt>
<trkpt lat="45.653004" lon="-73.820121"></trkpt>
<trkpt lat="45.652858" lon="-73.819849"></trkpt>
<trkpt lat="45.652792" lon="-73.819633"></trkpt>
<trkpt lat="45.652770" lon="-73.819307"></trkpt>
<trkpt lat="45.652849" lon="-73.817561"></trkpt>
<trkpt lat="45.652912" lon="-73.816719"></trkpt>
<trkpt lat="45.653008" lon="-73.816022"></trkpt>
<trkpt lat="45.653011" lon="-73.816004"></trkpt>
<trkpt lat="45.653027" lon="-73.815918"></trkpt>
<trkpt lat="45.653050" lon="-73.815793"></trkpt>
<trkpt lat="45.653067" lon="-73.815709"></trkpt>
<trkpt lat="45.653454" lon="-73.814061"></trkpt>
<trkpt lat="45.653478" lon="-73.813920"></trkpt>
<trkpt lat="45.653496" lon="-73.813786"></trkpt>
<trkpt lat="45.653483" lon="-73.813349"></trkpt>
<trkpt lat="45.653387" lon="-73.812929"></trkpt>
<trkpt lat="45.653203" lon="-73.812558"></trkpt>
<trkpt lat="45.652917" lon="-73.812147"></trkpt>
<trkpt lat="45.652877" lon="-73.812088"></trkpt>
<trkpt lat="45.652817" lon="-73.812003"></trkpt>
<trkpt lat="45.652202" lon="-73.811135"></trkpt>
<trkpt lat="45.652146" lon="-73.811056"></trkpt>
<trkpt lat="45.652096" lon="-73.810986"></trkpt>
<trkpt lat="45.651729" lon="-73.810467"></trkpt>
<trkpt lat="45.651664" lon="-73.810371"></trkpt>
<trkpt lat="45.651618" lon="-73.810308"></trkpt>
<trkpt lat="45.651234" lon="-73.809769"></trkpt>
<trkpt lat="45.650764" lon="-73.809095"></trkpt>
<trkpt lat="45.650637" lon="-73.808854"></trkpt>
<trkpt lat="45.650529" lon="-73.808490"></trkpt>
<trkpt lat="45.650503" lon="-73.808025"></trkpt>
<trkpt lat="45.650509" lon="-73.807923"></trkpt>
<trkpt lat="45.650518" lon="-73.807849"></trkpt>
<trkpt lat="45.650650" lon="-73.807262"></trkpt>
<trkpt lat="45.650906" lon="-73.806328"></trkpt>
<trkpt lat="45.651098" lon="-73.805669"></trkpt>
<trkpt lat="45.651194" lon="-73.805340"></trkpt>
<trkpt lat="45.651321" lon="-73.804900"></trkpt>
<trkpt lat="45.651352" lon="-73.804793"></trkpt>
<trkpt lat="45.651370" lon="-73.804726"></trkpt>
<trkpt lat="45.651476" lon="-73.804240"></trkpt>
<trkpt lat="45.651503" lon="-73.804078"></trkpt>
<trkpt lat="45.651520" lon="-73.803975"></trkpt>
<trkpt lat="45.651549" lon="-73.803758"></trkpt>
<trkpt lat="45.651553" lon="-73.803698"></trkpt>
<trkpt lat="45.651557" lon="-73.803314"></trkpt>
<trkpt lat="45.651534" lon="-73.802946"></trkpt>
<trkpt lat="45.651453" lon="-73.802947"></trkpt>
<trkpt lat="45.651446" lon="-73.802926"></trkpt>
<trkpt lat="45.651435" lon="-73.802810"></trkpt>
<trkpt lat="45.651427" lon="-73.802738"></trkpt>
<trkpt lat="45.651375" lon="-73.802645"></trkpt>
<trkpt lat="45.651365" lon="-73.802477"></trkpt>
<trkpt lat="45.651297" lon="-73.801294"></trkpt>
<trkpt lat="45.651220" lon="-73.801102"></trkpt>
<trkpt lat="45.651197" lon="-73.800920"></trkpt>
<trkpt lat="45.651229" lon="-73.800034"></trkpt>
<trkpt lat="45.651148" lon="-73.799853"></trkpt>
<trkpt lat="45.650940" lon="-73.799598"></trkpt>
<trkpt lat="45.650785" lon="-73.799477"></trkpt>
<trkpt lat="45.650108" lon="-73.799122"></trkpt>
<trkpt lat="45.649804" lon="-73.798883"></trkpt>
<trkpt lat="45.649667" lon="-73.798732"></trkpt>
<trkpt lat="45.649659" lon="-73.798623"></trkpt>
<trkpt lat="45.649688" lon="-73.798532"></trkpt>
<trkpt lat="45.649746" lon="-73.798476"></trkpt>
<trkpt lat="45.650009" lon="-73.798447"></trkpt>
<trkpt lat="45.650243" lon="-73.798240"></trkpt>
<trkpt lat="45.651133" lon="-73.796862"></trkpt>
<trkpt lat="45.651202" lon="-73.796674"></trkpt>
<trkpt lat="45.651418" lon="-73.795893"></trkpt>
<trkpt lat="45.651718" lon="-73.794354"></trkpt>
<trkpt lat="45.651944" lon="-73.793404"></trkpt>
<trkpt lat="45.651922" lon="-73.793207"></trkpt>
<trkpt lat="45.651859" lon="-73.793085"></trkpt>
<trkpt lat="45.651638" lon="-73.792800"></trkpt>
<trkpt lat="45.651617" lon="-73.792729"></trkpt>
<trkpt lat="45.651627" lon="-73.792576"></trkpt>
<trkpt lat="45.651695" lon="-73.792439"></trkpt>
<trkpt lat="45.651762" lon="-73.792281"></trkpt>
<trkpt lat="45.651962" lon="-73.792018"></trkpt>
<trkpt lat="45.652001" lon="-73.791877"></trkpt>
<trkpt lat="45.652147" lon="-73.791683"></trkpt>
<trkpt lat="45.652164" lon="-73.791615"></trkpt>
<trkpt lat="45.652012" lon="-73.791351"></trkpt>
<trkpt lat="45.652008" lon="-73.791307"></trkpt>
<trkpt lat="45.652509" lon="-73.790625"></trkpt>
<trkpt lat="45.652576" lon="-73.790531"></trkpt>
<trkpt lat="45.652536" lon="-73.790407"></trkpt>
<trkpt lat="45.651274" lon="-73.788505"></trkpt>
<trkpt lat="45.651089" lon="-73.788261"></trkpt>
<trkpt lat="45.651035" lon="-73.788130"></trkpt>
<trkpt lat="45.651012" lon="-73.787912"></trkpt>
<trkpt lat="45.651066" lon="-73.787676"></trkpt>
<trkpt lat="45.651233" lon="-73.787519"></trkpt>
<trkpt lat="45.651584" lon="-73.787350"></trkpt>
<trkpt lat="45.652122" lon="-73.786639"></trkpt>
<trkpt lat="45.652354" lon="-73.786361"></trkpt>
<trkpt lat="45.652519" lon="-73.785976"></trkpt>
<trkpt lat="45.652759" lon="-73.785012"></trkpt>
<trkpt lat="45.652830" lon="-73.784621"></trkpt>
<trkpt lat="45.652788" lon="-73.784313"></trkpt>
<trkpt lat="45.652557" lon="-73.783589"></trkpt>
<trkpt lat="45.652543" lon="-73.783547"></trkpt>
<trkpt lat="45.652475" lon="-73.783384"></trkpt>
<trkpt lat="45.652300" lon="-73.783067"></trkpt>
<trkpt lat="45.652072" lon="-73.782891"></trkpt>
<trkpt lat="45.651782" lon="-73.782455"></trkpt>
<trkpt lat="45.651485" lon="-73.782218"></trkpt>
<trkpt lat="45.651304" lon="-73.782031"></trkpt>
<trkpt lat="45.651419" lon="-73.781282"></trkpt>
<trkpt lat="45.651578" lon="-73.780806"></trkpt>
<trkpt lat="45.651840" lon="-73.780017"></trkpt>
<trkpt lat="45.651860" lon="-73.779959"></trkpt>
<trkpt lat="45.651884" lon="-73.779890"></trkpt>
<trkpt lat="45.651958" lon="-73.779676"></trkpt>
<trkpt lat="45.652003" lon="-73.779539"></trkpt>
<trkpt lat="45.652111" lon="-73.779194"></trkpt>
<trkpt lat="45.652200" lon="-73.778820"></trkpt>
<trkpt lat="45.652209" lon="-73.778757"></trkpt>
<trkpt lat="45.652214" lon="-73.778702"></trkpt>
<trkpt lat="45.652220" lon="-73.778601"></trkpt>
<trkpt lat="45.652223" lon="-73.778468"></trkpt>
<trkpt lat="45.652214" lon="-73.778258"></trkpt>
<trkpt lat="45.652177" lon="-73.777964"></trkpt>
<trkpt lat="45.652097" lon="-73.777647"></trkpt>
<trkpt lat="45.652016" lon="-73.777438"></trkpt>
<trkpt lat="45.651854" lon="-73.777141"></trkpt>
<trkpt lat="45.651788" lon="-73.777042"></trkpt>
<trkpt lat="45.651745" lon="-73.776977"></trkpt>
<trkpt lat="45.651712" lon="-73.776928"></trkpt>
<trkpt lat="45.651584" lon="-73.776735"></trkpt>
<trkpt lat="45.651541" lon="-73.776670"></trkpt>
<trkpt lat="45.651506" lon="-73.776619"></trkpt>
<trkpt lat="45.651424" lon="-73.776496"></trkpt>
<trkpt lat="45.651320" lon="-73.776338"></trkpt>
<trkpt lat="45.651054" lon="-73.775942"></trkpt>
<trkpt lat="45.651009" lon="-73.775876"></trkpt>
<trkpt lat="45.651108" lon="-73.775759"></trkpt>
<trkpt lat="45.651158" lon="-73.775699"></trkpt>
<trkpt lat="45.651223" lon="-73.775624"></trkpt>
<trkpt lat="45.651245" lon="-73.775598"></trkpt>
<trkpt lat="45.651283" lon="-73.775554"></trkpt>
<trkpt lat="45.651370" lon="-73.775453"></trkpt>
<trkpt lat="45.651506" lon="-73.775293"></trkpt>
<trkpt lat="45.651571" lon="-73.775217"></trkpt>
<trkpt lat="45.651687" lon="-73.775081"></trkpt>
<trkpt lat="45.651869" lon="-73.774868"></trkpt>
<trkpt lat="45.651933" lon="-73.774781"></trkpt>
<trkpt lat="45.651969" lon="-73.774732"></trkpt>
<trkpt lat="45.652039" lon="-73.774631"></trkpt>
<trkpt lat="45.652104" lon="-73.774530"></trkpt>
<trkpt lat="45.652254" lon="-73.774288"></trkpt>
<trkpt lat="45.652263" lon="-73.774275"></trkpt>
<trkpt lat="45.652302" lon="-73.774215"></trkpt>
<trkpt lat="45.652331" lon="-73.774166"></trkpt>
<trkpt lat="45.652411" lon="-73.774038"></trkpt>
<trkpt lat="45.652462" lon="-73.773959"></trkpt>
<trkpt lat="45.652485" lon="-73.773926"></trkpt>
<trkpt lat="45.652517" lon="-73.773877"></trkpt>
<trkpt lat="45.652550" lon="-73.773830"></trkpt>
<trkpt lat="45.652626" lon="-73.773725"></trkpt>
<trkpt lat="45.652759" lon="-73.773553"></trkpt>
<trkpt lat="45.652886" lon="-73.773406"></trkpt>
<trkpt lat="45.653094" lon="-73.773202"></trkpt>
<trkpt lat="45.653112" lon="-73.773186"></trkpt>
<trkpt lat="45.653339" lon="-73.773040"></trkpt>
<trkpt lat="45.653374" lon="-73.773020"></trkpt>
<trkpt lat="45.653479" lon="-73.772964"></trkpt>
<trkpt lat="45.653657" lon="-73.772874"></trkpt>
<trkpt lat="45.653821" lon="-73.772799"></trkpt>
<trkpt lat="45.653936" lon="-73.772748"></trkpt>
<trkpt lat="45.654102" lon="-73.772671"></trkpt>
<trkpt lat="45.654226" lon="-73.772608"></trkpt>
<trkpt lat="45.654283" lon="-73.772578"></trkpt>
<trkpt lat="45.654378" lon="-73.772525"></trkpt>
<trkpt lat="45.654532" lon="-73.772429"></trkpt>
<trkpt lat="45.654629" lon="-73.772368"></trkpt>
<trkpt lat="45.654716" lon="-73.772313"></trkpt>
<trkpt lat="45.655180" lon="-73.771988"></trkpt>
<trkpt lat="45.655255" lon="-73.771913"></trkpt>
<trkpt lat="45.655413" lon="-73.771723"></trkpt>
<trkpt lat="45.655561" lon="-73.771533"></trkpt>
<trkpt lat="45.655669" lon="-73.771399"></trkpt>
<trkpt lat="45.655729" lon="-73.771334"></trkpt>
<trkpt lat="45.655791" lon="-73.771272"></trkpt>
<trkpt lat="45.655844" lon="-73.771223"></trkpt>
<trkpt lat="45.655970" lon="-73.771116"></trkpt>
<trkpt lat="45.656120" lon="-73.770991"></trkpt>
<trkpt lat="45.656168" lon="-73.770953"></trkpt>
<trkpt lat="45.656215" lon="-73.770916"></trkpt>
<trkpt lat="45.656305" lon="-73.770848"></trkpt>
<trkpt lat="45.656739" lon="-73.770511"></trkpt>
<trkpt lat="45.656784" lon="-73.770477"></trkpt>
<trkpt lat="45.656851" lon="-73.770420"></trkpt>
<trkpt lat="45.656934" lon="-73.770325"></trkpt>
<trkpt lat="45.657041" lon="-73.770186"></trkpt>
<trkpt lat="45.657096" lon="-73.770107"></trkpt>
<trkpt lat="45.657196" lon="-73.769949"></trkpt>
<trkpt lat="45.657229" lon="-73.769894"></trkpt>
<trkpt lat="45.657265" lon="-73.769829"></trkpt>
<trkpt lat="45.657309" lon="-73.769742"></trkpt>
<trkpt lat="45.657364" lon="-73.769625"></trkpt>
<trkpt lat="45.657393" lon="-73.769560"></trkpt>
<trkpt lat="45.657511" lon="-73.769297"></trkpt>
<trkpt lat="45.657571" lon="-73.769169"></trkpt>
<trkpt lat="45.657612" lon="-73.769076"></trkpt>
<trkpt lat="45.657642" lon="-73.769009"></trkpt>
<trkpt lat="45.657661" lon="-73.768968"></trkpt>
<trkpt lat="45.657707" lon="-73.768870"></trkpt>
<trkpt lat="45.657777" lon="-73.768725"></trkpt>
<trkpt lat="45.657861" lon="-73.768589"></trkpt>
<trkpt lat="45.657888" lon="-73.768546"></trkpt>
<trkpt lat="45.657916" lon="-73.768509"></trkpt>
<trkpt lat="45.658099" lon="-73.768316"></trkpt>
<trkpt lat="45.658372" lon="-73.768077"></trkpt>
<trkpt lat="45.658408" lon="-73.768045"></trkpt>
<trkpt lat="45.658613" lon="-73.767873"></trkpt>
<trkpt lat="45.658722" lon="-73.767782"></trkpt>
<trkpt lat="45.658754" lon="-73.767755"></trkpt>
<trkpt lat="45.658828" lon="-73.767692"></trkpt>
<trkpt lat="45.659024" lon="-73.767527"></trkpt>
<trkpt lat="45.659072" lon="-73.767485"></trkpt>
<trkpt lat="45.659113" lon="-73.767450"></trkpt>
<trkpt lat="45.659140" lon="-73.767427"></trkpt>
<trkpt lat="45.659167" lon="-73.767403"></trkpt>
<trkpt lat="45.659474" lon="-73.767132"></trkpt>
<trkpt lat="45.659684" lon="-73.766920"></trkpt>
<trkpt lat="45.659708" lon="-73.766893"></trkpt>
<trkpt lat="45.659745" lon="-73.766847"></trkpt>
<trkpt lat="45.659951" lon="-73.766556"></trkpt>
<trkpt lat="45.660153" lon="-73.766230"></trkpt>
<trkpt lat="45.660263" lon="-73.766033"></trkpt>
<trkpt lat="45.660325" lon="-73.765924"></trkpt>
<trkpt lat="45.660421" lon="-73.765749"></trkpt>
<trkpt lat="45.660508" lon="-73.765590"></trkpt>
<trkpt lat="45.660640" lon="-73.765310"></trkpt>
<trkpt lat="45.660709" lon="-73.765102"></trkpt>
<trkpt lat="45.660727" lon="-73.765022"></trkpt>
<trkpt lat="45.660742" lon="-73.764945"></trkpt>
<trkpt lat="45.660824" lon="-73.764581"></trkpt>
<trkpt lat="45.660864" lon="-73.764437"></trkpt>
<trkpt lat="45.660890" lon="-73.764361"></trkpt>
<trkpt lat="45.660925" lon="-73.764274"></trkpt>
<trkpt lat="45.661057" lon="-73.764022"></trkpt>
<trkpt lat="45.661182" lon="-73.763821"></trkpt>
<trkpt lat="45.661273" lon="-73.763690"></trkpt>
<trkpt lat="45.661285" lon="-73.763674"></trkpt>
<trkpt lat="45.661322" lon="-73.763622"></trkpt>
<trkpt lat="45.661358" lon="-73.763572"></trkpt>
<trkpt lat="45.661550" lon="-73.763289"></trkpt>
<trkpt lat="45.661567" lon="-73.763266"></trkpt>
<trkpt lat="45.661642" lon="-73.763160"></trkpt>
<trkpt lat="45.661814" lon="-73.762946"></trkpt>
<trkpt lat="45.661859" lon="-73.762893"></trkpt>
<trkpt lat="45.661900" lon="-73.762844"></trkpt>
<trkpt lat="45.662069" lon="-73.762684"></trkpt>
<trkpt lat="45.662334" lon="-73.762554"></trkpt>
<trkpt lat="45.662433" lon="-73.762505"></trkpt>
<trkpt lat="45.662499" lon="-73.762474"></trkpt>
<trkpt lat="45.662568" lon="-73.762440"></trkpt>
<trkpt lat="45.662623" lon="-73.762410"></trkpt>
<trkpt lat="45.662765" lon="-73.762321"></trkpt>
<trkpt lat="45.662786" lon="-73.762307"></trkpt>
<trkpt lat="45.662897" lon="-73.762232"></trkpt>
<trkpt lat="45.663077" lon="-73.762101"></trkpt>
<trkpt lat="45.663100" lon="-73.762084"></trkpt>
<trkpt lat="45.663149" lon="-73.762047"></trkpt>
<trkpt lat="45.663185" lon="-73.762021"></trkpt>
<trkpt lat="45.663216" lon="-73.761998"></trkpt>
<trkpt lat="45.663342" lon="-73.761886"></trkpt>
<trkpt lat="45.663509" lon="-73.761676"></trkpt>
<trkpt lat="45.663623" lon="-73.761526"></trkpt>
<trkpt lat="45.663659" lon="-73.761478"></trkpt>
<trkpt lat="45.663694" lon="-73.761430"></trkpt>
<trkpt lat="45.663744" lon="-73.761366"></trkpt>
<trkpt lat="45.663899" lon="-73.761169"></trkpt>
<trkpt lat="45.664083" lon="-73.760932"></trkpt>
<trkpt lat="45.664141" lon="-73.760863"></trkpt>
<trkpt lat="45.664177" lon="-73.760929"></trkpt>
<trkpt lat="45.664220" lon="-73.760881"></trkpt>
<trkpt lat="45.664375" lon="-73.760709"></trkpt>
<trkpt lat="45.664399" lon="-73.760682"></trkpt>
<trkpt lat="45.664432" lon="-73.760645"></trkpt>
<trkpt lat="45.664576" lon="-73.760515"></trkpt>
<trkpt lat="45.664544" lon="-73.760385"></trkpt>
<trkpt lat="45.664624" lon="-73.760291"></trkpt>
<trkpt lat="45.664678" lon="-73.760229"></trkpt>
<trkpt lat="45.664826" lon="-73.760059"></trkpt>
<trkpt lat="45.664902" lon="-73.759973"></trkpt>
<trkpt lat="45.665069" lon="-73.759750"></trkpt>
<trkpt lat="45.665109" lon="-73.759704"></trkpt>
<trkpt lat="45.665311" lon="-73.759483"></trkpt>
<trkpt lat="45.665392" lon="-73.759387"></trkpt>
<trkpt lat="45.665545" lon="-73.759212"></trkpt>
<trkpt lat="45.665660" lon="-73.759087"></trkpt>
<trkpt lat="45.665873" lon="-73.758854"></trkpt>
<trkpt lat="45.666006" lon="-73.758717"></trkpt>
<trkpt lat="45.666169" lon="-73.758546"></trkpt>
<trkpt lat="45.666232" lon="-73.758480"></trkpt>
<trkpt lat="45.666367" lon="-73.758338"></trkpt>
<trkpt lat="45.666415" lon="-73.758290"></trkpt>
<trkpt lat="45.666461" lon="-73.758244"></trkpt>
<trkpt lat="45.666681" lon="-73.758040"></trkpt>
<trkpt lat="45.666879" lon="-73.757861"></trkpt>
<trkpt lat="45.666919" lon="-73.757824"></trkpt>
<trkpt lat="45.666987" lon="-73.757763"></trkpt>
<trkpt lat="45.667029" lon="-73.757718"></trkpt>
<trkpt lat="45.667090" lon="-73.757652"></trkpt>
<trkpt lat="45.667195" lon="-73.757540"></trkpt>
<trkpt lat="45.667310" lon="-73.757416"></trkpt>
<trkpt lat="45.667400" lon="-73.757321"></trkpt>
<trkpt lat="45.667446" lon="-73.757269"></trkpt>
<trkpt lat="45.667498" lon="-73.757213"></trkpt>
<trkpt lat="45.667605" lon="-73.757096"></trkpt>
<trkpt lat="45.667692" lon="-73.757003"></trkpt>
<trkpt lat="45.667849" lon="-73.756839"></trkpt>
<trkpt lat="45.667912" lon="-73.756773"></trkpt>
<trkpt lat="45.667977" lon="-73.756707"></trkpt>
<trkpt lat="45.668040" lon="-73.756640"></trkpt>
<trkpt lat="45.668178" lon="-73.756499"></trkpt>
<trkpt lat="45.668306" lon="-73.756368"></trkpt>
<trkpt lat="45.668374" lon="-73.756299"></trkpt>
<trkpt lat="45.668504" lon="-73.756165"></trkpt>
<trkpt lat="45.668643" lon="-73.756022"></trkpt>
<trkpt lat="45.668698" lon="-73.755961"></trkpt>
<trkpt lat="45.668752" lon="-73.755901"></trkpt>
<trkpt lat="45.668902" lon="-73.755747"></trkpt>
<trkpt lat="45.669025" lon="-73.755607"></trkpt>
<trkpt lat="45.669157" lon="-73.755450"></trkpt>
<trkpt lat="45.669251" lon="-73.755352"></trkpt>
<trkpt lat="45.669280" lon="-73.755325"></trkpt>
<trkpt lat="45.669342" lon="-73.755275"></trkpt>
<trkpt lat="45.669414" lon="-73.755226"></trkpt>
<trkpt lat="45.669494" lon="-73.755169"></trkpt>
<trkpt lat="45.669741" lon="-73.755010"></trkpt>
<trkpt lat="45.669857" lon="-73.754937"></trkpt>
<trkpt lat="45.669931" lon="-73.754889"></trkpt>
<trkpt lat="45.669984" lon="-73.754960"></trkpt>
<trkpt lat="45.670080" lon="-73.755094"></trkpt>
<trkpt lat="45.670105" lon="-73.755129"></trkpt>
<trkpt lat="45.670169" lon="-73.755219"></trkpt>
<trkpt lat="45.670231" lon="-73.755310"></trkpt>
<trkpt lat="45.670288" lon="-73.755393"></trkpt>
<trkpt lat="45.671449" lon="-73.757006"></trkpt>
<trkpt lat="45.671573" lon="-73.757125"></trkpt>
<trkpt lat="45.672070" lon="-73.757404"></trkpt>
<trkpt lat="45.672818" lon="-73.757782"></trkpt>
<trkpt lat="45.675052" lon="-73.758921"></trkpt>
<trkpt lat="45.675301" lon="-73.758986"></trkpt>
<trkpt lat="45.675737" lon="-73.758973"></trkpt>
<trkpt lat="45.676074" lon="-73.758961"></trkpt>
<trkpt lat="45.676942" lon="-73.758938"></trkpt>
<trkpt lat="45.677497" lon="-73.758916"></trkpt>
<trkpt lat="45.677631" lon="-73.758828"></trkpt>
<trkpt lat="45.677873" lon="-73.758478"></trkpt>
<trkpt lat="45.677925" lon="-73.758405"></trkpt>
<trkpt lat="45.678798" lon="-73.757111"></trkpt>
<trkpt lat="45.679402" lon="-73.755818"></trkpt>
<trkpt lat="45.679452" lon="-73.755717"></trkpt>
<trkpt lat="45.679575" lon="-73.755443"></trkpt>
<trkpt lat="45.679629" lon="-73.755414"></trkpt>
<trkpt lat="45.679880" lon="-73.755024"></trkpt>
<trkpt lat="45.679977" lon="-73.754975"></trkpt>
<trkpt lat="45.680431" lon="-73.754329"></trkpt>
<trkpt lat="45.680633" lon="-73.754047"></trkpt>
<trkpt lat="45.680736" lon="-73.753882"></trkpt>
<trkpt lat="45.680902" lon="-73.754111"></trkpt>
<trkpt lat="45.681572" lon="-73.755046"></trkpt>
<trkpt lat="45.681746" lon="-73.755049"></trkpt>
<trkpt lat="45.681869" lon="-73.754929"></trkpt>
<trkpt lat="45.682534" lon="-73.753958"></trkpt>
<trkpt lat="45.682626" lon="-73.753655"></trkpt>
<trkpt lat="45.682597" lon="-73.753516"></trkpt>
<trkpt lat="45.682493" lon="-73.753328"></trkpt>
<trkpt lat="45.682488" lon="-73.753195"></trkpt>
<trkpt lat="45.682585" lon="-73.752944"></trkpt>
<trkpt lat="45.682663" lon="-73.752853"></trkpt>
<trkpt lat="45.682763" lon="-73.752823"></trkpt>
<trkpt lat="45.682856" lon="-73.752834"></trkpt>
<trkpt lat="45.682921" lon="-73.752814"></trkpt>
<trkpt lat="45.683229" lon="-73.752481"></trkpt>
<trkpt lat="45.683491" lon="-73.752123"></trkpt>
<trkpt lat="45.683745" lon="-73.751961"></trkpt>
<trkpt lat="45.683869" lon="-73.751701"></trkpt>
<trkpt lat="45.683995" lon="-73.751337"></trkpt>
<trkpt lat="45.684105" lon="-73.751136"></trkpt>
<trkpt lat="45.684447" lon="-73.750789"></trkpt>
<trkpt lat="45.684768" lon="-73.750146"></trkpt>
<trkpt lat="45.684943" lon="-73.749708"></trkpt>
<trkpt lat="45.685334" lon="-73.749007"></trkpt>
<trkpt lat="45.685555" lon="-73.748443"></trkpt>
<trkpt lat="45.685756" lon="-73.748087"></trkpt>
<trkpt lat="45.685992" lon="-73.747736"></trkpt>
<trkpt lat="45.686322" lon="-73.747082"></trkpt>
<trkpt lat="45.686461" lon="-73.746729"></trkpt>
<trkpt lat="45.686886" lon="-73.745686"></trkpt>
<trkpt lat="45.687162" lon="-73.745461"></trkpt>
<trkpt lat="45.687365" lon="-73.744972"></trkpt>
<trkpt lat="45.687440" lon="-73.744647"></trkpt>
<trkpt lat="45.687497" lon="-73.744235"></trkpt>
<trkpt lat="45.687597" lon="-73.743871"></trkpt>
<trkpt lat="45.687610" lon="-73.743630"></trkpt>
<trkpt lat="45.687584" lon="-73.743432"></trkpt>
<trkpt lat="45.687589" lon="-73.743269"></trkpt>
<trkpt lat="45.687625" lon="-73.743123"></trkpt>
<trkpt lat="45.687774" lon="-73.742768"></trkpt>
<trkpt lat="45.687900" lon="-73.742367"></trkpt>
<trkpt lat="45.688352" lon="-73.741307"></trkpt>
<trkpt lat="45.688878" lon="-73.740373"></trkpt>
<trkpt lat="45.689070" lon="-73.739855"></trkpt>
<trkpt lat="45.689135" lon="-73.739615"></trkpt>
<trkpt lat="45.689118" lon="-73.739555"></trkpt>
<trkpt lat="45.688546" lon="-73.739243"></trkpt>
<trkpt lat="45.688504" lon="-73.739188"></trkpt>
<trkpt lat="45.688511" lon="-73.739069"></trkpt>
<trkpt lat="45.688638" lon="-73.738698"></trkpt>
<trkpt lat="45.688714" lon="-73.738194"></trkpt>
<trkpt lat="45.688798" lon="-73.738080"></trkpt>
<trkpt lat="45.688944" lon="-73.738042"></trkpt>
<trkpt lat="45.689300" lon="-73.738101"></trkpt>
<trkpt lat="45.689798" lon="-73.738259"></trkpt>
<trkpt lat="45.689854" lon="-73.738243"></trkpt>
<trkpt lat="45.689981" lon="-73.738012"></trkpt>
<trkpt lat="45.690027" lon="-73.737870"></trkpt>
<trkpt lat="45.690051" lon="-73.737780"></trkpt>
<trkpt lat="45.690242" lon="-73.737590"></trkpt>
<trkpt lat="45.690289" lon="-73.737421"></trkpt>
<trkpt lat="45.690341" lon="-73.737330"></trkpt>
<trkpt lat="45.690562" lon="-73.737170"></trkpt>
<trkpt lat="45.690703" lon="-73.736983"></trkpt>
<trkpt lat="45.690771" lon="-73.736989"></trkpt>
<trkpt lat="45.690842" lon="-73.737061"></trkpt>
<trkpt lat="45.690918" lon="-73.737060"></trkpt>
<trkpt lat="45.690972" lon="-73.737046"></trkpt>
<trkpt lat="45.691174" lon="-73.736970"></trkpt>
<trkpt lat="45.691373" lon="-73.736686"></trkpt>
<trkpt lat="45.691858" lon="-73.736225"></trkpt>
<trkpt lat="45.691964" lon="-73.735927"></trkpt>
<trkpt lat="45.692018" lon="-73.735693"></trkpt>
<trkpt lat="45.692201" lon="-73.735381"></trkpt>
<trkpt lat="45.692301" lon="-73.735045"></trkpt>
<trkpt lat="45.692412" lon="-73.734807"></trkpt>
<trkpt lat="45.692470" lon="-73.734560"></trkpt>
<trkpt lat="45.692499" lon="-73.734499"></trkpt>
<trkpt lat="45.692594" lon="-73.734430"></trkpt>
<trkpt lat="45.692790" lon="-73.734256"></trkpt>
<trkpt lat="45.692946" lon="-73.734246"></trkpt>
<trkpt lat="45.693024" lon="-73.734189"></trkpt>
<trkpt lat="45.693110" lon="-73.733822"></trkpt>
<trkpt lat="45.693187" lon="-73.733715"></trkpt>
<trkpt lat="45.693265" lon="-73.733535"></trkpt>
<trkpt lat="45.693581" lon="-73.732972"></trkpt>
<trkpt lat="45.693588" lon="-73.732874"></trkpt>
<trkpt lat="45.693522" lon="-73.732800"></trkpt>
<trkpt lat="45.693489" lon="-73.732677"></trkpt>
<trkpt lat="45.693477" lon="-73.732610"></trkpt>
<trkpt lat="45.693465" lon="-73.732544"></trkpt>
<trkpt lat="45.693493" lon="-73.732231"></trkpt>
<trkpt lat="45.693515" lon="-73.732172"></trkpt>
<trkpt lat="45.693553" lon="-73.732157"></trkpt>
<trkpt lat="45.693700" lon="-73.732217"></trkpt>
<trkpt lat="45.693774" lon="-73.732170"></trkpt>
<trkpt lat="45.694137" lon="-73.731550"></trkpt>
<trkpt lat="45.694288" lon="-73.731391"></trkpt>
<trkpt lat="45.694404" lon="-73.731142"></trkpt>
<trkpt lat="45.694411" lon="-73.731019"></trkpt>
<trkpt lat="45.694424" lon="-73.730880"></trkpt>
<trkpt lat="45.694556" lon="-73.730708"></trkpt>
<trkpt lat="45.694715" lon="-73.730260"></trkpt>
<trkpt lat="45.695007" lon="-73.729861"></trkpt>
<trkpt lat="45.695074" lon="-73.729523"></trkpt>
<trkpt lat="45.695221" lon="-73.729212"></trkpt>
<trkpt lat="45.695399" lon="-73.729139"></trkpt>
<trkpt lat="45.695463" lon="-73.729045"></trkpt>
<trkpt lat="45.695682" lon="-73.728836"></trkpt>
<trkpt lat="45.695782" lon="-73.728684"></trkpt>
<trkpt lat="45.695829" lon="-73.728230"></trkpt>
<trkpt lat="45.696151" lon="-73.728053"></trkpt>
<trkpt lat="45.696246" lon="-73.727883"></trkpt>
<trkpt lat="45.696461" lon="-73.727612"></trkpt>
<trkpt lat="45.696674" lon="-73.727337"></trkpt>
<trkpt lat="45.696917" lon="-73.727114"></trkpt>
<trkpt lat="45.697064" lon="-73.726764"></trkpt>
<trkpt lat="45.697139" lon="-73.726512"></trkpt>
<trkpt lat="45.697381" lon="-73.726159"></trkpt>
<trkpt lat="45.697454" lon="-73.726090"></trkpt>
<trkpt lat="45.697630" lon="-73.726039"></trkpt>
<trkpt lat="45.697677" lon="-73.725977"></trkpt>
<trkpt lat="45.697679" lon="-73.725947"></trkpt>
<trkpt lat="45.697659" lon="-73.725878"></trkpt>
<trkpt lat="45.697552" lon="-73.725726"></trkpt>
<trkpt lat="45.697560" lon="-73.725604"></trkpt>
<trkpt lat="45.697731" lon="-73.725527"></trkpt>
<trkpt lat="45.697772" lon="-73.725474"></trkpt>
<trkpt lat="45.698088" lon="-73.724682"></trkpt>
<trkpt lat="45.698249" lon="-73.724367"></trkpt>
<trkpt lat="45.698299" lon="-73.724126"></trkpt>
<trkpt lat="45.698436" lon="-73.723878"></trkpt>
<trkpt lat="45.698565" lon="-73.723499"></trkpt>
<trkpt lat="45.698829" lon="-73.723017"></trkpt>
<trkpt lat="45.698971" lon="-73.722660"></trkpt>
<trkpt lat="45.699009" lon="-73.722445"></trkpt>
<trkpt lat="45.698996" lon="-73.722217"></trkpt>
<trkpt lat="45.699056" lon="-73.721588"></trkpt>
<trkpt lat="45.699037" lon="-73.721288"></trkpt>
<trkpt lat="45.698989" lon="-73.721103"></trkpt>
<trkpt lat="45.698895" lon="-73.720911"></trkpt>
<trkpt lat="45.698749" lon="-73.720798"></trkpt>
<trkpt lat="45.698703" lon="-73.720751"></trkpt>
<trkpt lat="45.698678" lon="-73.720665"></trkpt>
<trkpt lat="45.698710" lon="-73.720396"></trkpt>
<trkpt lat="45.698945" lon="-73.719981"></trkpt>
<trkpt lat="45.699046" lon="-73.719813"></trkpt>
<trkpt lat="45.699241" lon="-73.719708"></trkpt>
<trkpt lat="45.699408" lon="-73.719683"></trkpt>
<trkpt lat="45.699613" lon="-73.719770"></trkpt>
<trkpt lat="45.699647" lon="-73.719803"></trkpt>
<trkpt lat="45.699917" lon="-73.720423"></trkpt>
<trkpt lat="45.699992" lon="-73.720530"></trkpt>
<trkpt lat="45.700043" lon="-73.720661"></trkpt>
<trkpt lat="45.700192" lon="-73.720596"></trkpt>
<trkpt lat="45.700472" lon="-73.720831"></trkpt>
<trkpt lat="45.700656" lon="-73.721025"></trkpt>
<trkpt lat="45.700830" lon="-73.721133"></trkpt>
<trkpt lat="45.700953" lon="-73.721152"></trkpt>
<trkpt lat="45.701002" lon="-73.721096"></trkpt>
<trkpt lat="45.701017" lon="-73.721006"></trkpt>
<trkpt lat="45.701034" lon="-73.720594"></trkpt>
<trkpt lat="45.701087" lon="-73.720132"></trkpt>
<trkpt lat="45.701085" lon="-73.719582"></trkpt>
<trkpt lat="45.701225" lon="-73.719307"></trkpt>
<trkpt lat="45.701259" lon="-73.719193"></trkpt>
<trkpt lat="45.701237" lon="-73.718697"></trkpt>
<trkpt lat="45.701257" lon="-73.718523"></trkpt>
<trkpt lat="45.701376" lon="-73.718212"></trkpt>
<trkpt lat="45.701565" lon="-73.717928"></trkpt>
<trkpt lat="45.701668" lon="-73.717457"></trkpt>
<trkpt lat="45.701735" lon="-73.717238"></trkpt>
<trkpt lat="45.701833" lon="-73.717083"></trkpt>
<trkpt lat="45.701934" lon="-73.716694"></trkpt>
<trkpt lat="45.702151" lon="-73.716451"></trkpt>
<trkpt lat="45.702447" lon="-73.716207"></trkpt>
<trkpt lat="45.702808" lon="-73.715647"></trkpt>
<trkpt lat="45.702936" lon="-73.715306"></trkpt>
<trkpt lat="45.702997" lon="-73.715274"></trkpt>
<trkpt lat="45.703028" lon="-73.715273"></trkpt>
<trkpt lat="45.703493" lon="-73.715387"></trkpt>
<trkpt lat="45.703669" lon="-73.715470"></trkpt>
<trkpt lat="45.703851" lon="-73.715489"></trkpt>
<trkpt lat="45.704043" lon="-73.715573"></trkpt>
<trkpt lat="45.704426" lon="-73.715658"></trkpt>
<trkpt lat="45.705217" lon="-73.715908"></trkpt>
<trkpt lat="45.707500" lon="-73.716527"></trkpt>
<trkpt lat="45.707836" lon="-73.716648"></trkpt>
<trkpt lat="45.708087" lon="-73.716700"></trkpt>
<trkpt lat="45.708197" lon="-73.716752"></trkpt>
<trkpt lat="45.708366" lon="-73.716768"></trkpt>
<trkpt lat="45.708826" lon="-73.716924"></trkpt>
<trkpt lat="45.709101" lon="-73.716984"></trkpt>
<trkpt lat="45.709500" lon="-73.717145"></trkpt>
<trkpt lat="45.709634" lon="-73.717133"></trkpt>
<trkpt lat="45.709731" lon="-73.717178"></trkpt>
<trkpt lat="45.709799" lon="-73.717169"></trkpt>
<trkpt lat="45.709828" lon="-73.717137"></trkpt>
<trkpt lat="45.709873" lon="-73.716982"></trkpt>
<trkpt lat="45.709911" lon="-73.716909"></trkpt>
<trkpt lat="45.710051" lon="-73.716849"></trkpt>
<trkpt lat="45.711565" lon="-73.713920"></trkpt>
<trkpt lat="45.711593" lon="-73.713831"></trkpt>
<trkpt lat="45.711576" lon="-73.713735"></trkpt>
<trkpt lat="45.711442" lon="-73.713575"></trkpt>
<trkpt lat="45.711371" lon="-73.713356"></trkpt>
<trkpt lat="45.711268" lon="-73.712915"></trkpt>
<trkpt lat="45.711295" lon="-73.712744"></trkpt>
<trkpt lat="45.711274" lon="-73.712661"></trkpt>
<trkpt lat="45.711199" lon="-73.712617"></trkpt>
<trkpt lat="45.711047" lon="-73.712432"></trkpt>
<trkpt lat="45.711020" lon="-73.712180"></trkpt>
<trkpt lat="45.710788" lon="-73.712051"></trkpt>
<trkpt lat="45.710739" lon="-73.711819"></trkpt>
<trkpt lat="45.710567" lon="-73.711550"></trkpt>
<trkpt lat="45.710491" lon="-73.711327"></trkpt>
<trkpt lat="45.710290" lon="-73.711211"></trkpt>
<trkpt lat="45.710145" lon="-73.711081"></trkpt>
<trkpt lat="45.710096" lon="-73.710982"></trkpt>
<trkpt lat="45.710079" lon="-73.710873"></trkpt>
<trkpt lat="45.710056" lon="-73.710618"></trkpt>
<trkpt lat="45.710069" lon="-73.710526"></trkpt>
<trkpt lat="45.710109" lon="-73.710390"></trkpt>
<trkpt lat="45.710244" lon="-73.710188"></trkpt>
<trkpt lat="45.710282" lon="-73.710069"></trkpt>
<trkpt lat="45.710228" lon="-73.709767"></trkpt>
<trkpt lat="45.710285" lon="-73.709279"></trkpt>
<trkpt lat="45.710266" lon="-73.709022"></trkpt>
<trkpt lat="45.710279" lon="-73.708744"></trkpt>
<trkpt lat="45.710296" lon="-73.708584"></trkpt>
<trkpt lat="45.710371" lon="-73.708388"></trkpt>
<trkpt lat="45.710392" lon="-73.708210"></trkpt>
<trkpt lat="45.710319" lon="-73.707891"></trkpt>
<trkpt lat="45.710319" lon="-73.707677"></trkpt>
<trkpt lat="45.710251" lon="-73.707284"></trkpt>
<trkpt lat="45.710274" lon="-73.706435"></trkpt>
<trkpt lat="45.710157" lon="-73.706089"></trkpt>
<trkpt lat="45.710167" lon="-73.705976"></trkpt>
<trkpt lat="45.710277" lon="-73.705799"></trkpt>
<trkpt lat="45.710350" lon="-73.705620"></trkpt>
<trkpt lat="45.710359" lon="-73.705248"></trkpt>
<trkpt lat="45.710556" lon="-73.705005"></trkpt>
<trkpt lat="45.710585" lon="-73.704540"></trkpt>
<trkpt lat="45.710523" lon="-73.704223"></trkpt>
<trkpt lat="45.710517" lon="-73.704083"></trkpt>
<trkpt lat="45.710625" lon="-73.703829"></trkpt>
<trkpt lat="45.710823" lon="-73.702831"></trkpt>
<trkpt lat="45.710901" lon="-73.702522"></trkpt>
<trkpt lat="45.710984" lon="-73.702358"></trkpt>
<trkpt lat="45.711120" lon="-73.702050"></trkpt>
<trkpt lat="45.711220" lon="-73.701927"></trkpt>
<trkpt lat="45.711366" lon="-73.701561"></trkpt>
<trkpt lat="45.711420" lon="-73.701557"></trkpt>
<trkpt lat="45.711499" lon="-73.701608"></trkpt>
<trkpt lat="45.711722" lon="-73.701817"></trkpt>
<trkpt lat="45.711899" lon="-73.701876"></trkpt>
<trkpt lat="45.712091" lon="-73.701899"></trkpt>
<trkpt lat="45.712180" lon="-73.701848"></trkpt>
<trkpt lat="45.712341" lon="-73.701650"></trkpt>
<trkpt lat="45.712417" lon="-73.701504"></trkpt>
<trkpt lat="45.712524" lon="-73.700723"></trkpt>
<trkpt lat="45.712861" lon="-73.698809"></trkpt>
<trkpt lat="45.712834" lon="-73.698690"></trkpt>
<trkpt lat="45.712705" lon="-73.698445"></trkpt>
<trkpt lat="45.712675" lon="-73.698411"></trkpt>
<trkpt lat="45.712544" lon="-73.698279"></trkpt>
<trkpt lat="45.712412" lon="-73.698193"></trkpt>
<trkpt lat="45.712174" lon="-73.698112"></trkpt>
<trkpt lat="45.712009" lon="-73.698129"></trkpt>
<trkpt lat="45.711920" lon="-73.698097"></trkpt>
<trkpt lat="45.711832" lon="-73.697973"></trkpt>
<trkpt lat="45.711777" lon="-73.697808"></trkpt>
<trkpt lat="45.711770" lon="-73.697782"></trkpt>
<trkpt lat="45.711754" lon="-73.697723"></trkpt>
<trkpt lat="45.711739" lon="-73.697670"></trkpt>
<trkpt lat="45.711752" lon="-73.697598"></trkpt>
<trkpt lat="45.711761" lon="-73.697553"></trkpt>
<trkpt lat="45.711790" lon="-73.697515"></trkpt>
<trkpt lat="45.711840" lon="-73.697509"></trkpt>
<trkpt lat="45.712143" lon="-73.697668"></trkpt>
<trkpt lat="45.712188" lon="-73.697642"></trkpt>
<trkpt lat="45.712200" lon="-73.697515"></trkpt>
<trkpt lat="45.712257" lon="-73.697149"></trkpt>
<trkpt lat="45.712371" lon="-73.696699"></trkpt>
<trkpt lat="45.712378" lon="-73.696464"></trkpt>
<trkpt lat="45.712566" lon="-73.696232"></trkpt>
<trkpt lat="45.712634" lon="-73.696106"></trkpt>
<trkpt lat="45.712661" lon="-73.695989"></trkpt>
<trkpt lat="45.712730" lon="-73.695412"></trkpt>
<trkpt lat="45.712654" lon="-73.695095"></trkpt>
<trkpt lat="45.712644" lon="-73.695014"></trkpt>
<trkpt lat="45.712662" lon="-73.694925"></trkpt>
<trkpt lat="45.713011" lon="-73.694227"></trkpt>
<trkpt lat="45.713021" lon="-73.694140"></trkpt>
<trkpt lat="45.712891" lon="-73.693867"></trkpt>
<trkpt lat="45.712576" lon="-73.693523"></trkpt>
<trkpt lat="45.712341" lon="-73.693113"></trkpt>
<trkpt lat="45.712068" lon="-73.692756"></trkpt>
<trkpt lat="45.711843" lon="-73.692304"></trkpt>
<trkpt lat="45.711507" lon="-73.691940"></trkpt>
<trkpt lat="45.710989" lon="-73.690730"></trkpt>
<trkpt lat="45.710773" lon="-73.690434"></trkpt>
<trkpt lat="45.710749" lon="-73.690334"></trkpt>
<trkpt lat="45.710766" lon="-73.690084"></trkpt>
<trkpt lat="45.710793" lon="-73.689978"></trkpt>
<trkpt lat="45.710830" lon="-73.689924"></trkpt>
<trkpt lat="45.710896" lon="-73.689894"></trkpt>
<trkpt lat="45.712294" lon="-73.689645"></trkpt>
<trkpt lat="45.712404" lon="-73.689582"></trkpt>
<trkpt lat="45.712449" lon="-73.689467"></trkpt>
<trkpt lat="45.712509" lon="-73.689112"></trkpt>
<trkpt lat="45.712471" lon="-73.687870"></trkpt>
<trkpt lat="45.712450" lon="-73.687656"></trkpt>
<trkpt lat="45.712387" lon="-73.687377"></trkpt>
<trkpt lat="45.712387" lon="-73.687280"></trkpt>
<trkpt lat="45.712643" lon="-73.686701"></trkpt>
<trkpt lat="45.712688" lon="-73.686502"></trkpt>
<trkpt lat="45.712674" lon="-73.686436"></trkpt>
<trkpt lat="45.712553" lon="-73.686258"></trkpt>
<trkpt lat="45.712475" lon="-73.686089"></trkpt>
<trkpt lat="45.712381" lon="-73.685707"></trkpt>
<trkpt lat="45.712168" lon="-73.685158"></trkpt>
<trkpt lat="45.712094" lon="-73.684886"></trkpt>
<trkpt lat="45.712043" lon="-73.684822"></trkpt>
<trkpt lat="45.711881" lon="-73.684731"></trkpt>
<trkpt lat="45.711733" lon="-73.684696"></trkpt>
<trkpt lat="45.711636" lon="-73.684601"></trkpt>
<trkpt lat="45.711602" lon="-73.684513"></trkpt>
<trkpt lat="45.711581" lon="-73.684340"></trkpt>
<trkpt lat="45.711583" lon="-73.684051"></trkpt>
<trkpt lat="45.711480" lon="-73.683723"></trkpt>
<trkpt lat="45.711401" lon="-73.683348"></trkpt>
<trkpt lat="45.711368" lon="-73.682871"></trkpt>
<trkpt lat="45.711405" lon="-73.682742"></trkpt>
<trkpt lat="45.711486" lon="-73.682602"></trkpt>
<trkpt lat="45.711618" lon="-73.682481"></trkpt>
<trkpt lat="45.711791" lon="-73.682230"></trkpt>
<trkpt lat="45.711876" lon="-73.682069"></trkpt>
<trkpt lat="45.711997" lon="-73.681749"></trkpt>
<trkpt lat="45.712077" lon="-73.681444"></trkpt>
<trkpt lat="45.712047" lon="-73.681056"></trkpt>
<trkpt lat="45.711970" lon="-73.680816"></trkpt>
<trkpt lat="45.711880" lon="-73.680647"></trkpt>
<trkpt lat="45.711801" lon="-73.680599"></trkpt>
<trkpt lat="45.711608" lon="-73.680640"></trkpt>
<trkpt lat="45.711301" lon="-73.680920"></trkpt>
<trkpt lat="45.711227" lon="-73.680922"></trkpt>
<trkpt lat="45.711155" lon="-73.680882"></trkpt>
<trkpt lat="45.711420" lon="-73.680540"></trkpt>
<trkpt lat="45.711669" lon="-73.680277"></trkpt>
<trkpt lat="45.711935" lon="-73.680070"></trkpt>
<trkpt lat="45.712286" lon="-73.679888"></trkpt>
<trkpt lat="45.712366" lon="-73.679851"></trkpt>
<trkpt lat="45.712463" lon="-73.679806"></trkpt>
<trkpt lat="45.712448" lon="-73.679014"></trkpt>
<trkpt lat="45.712418" lon="-73.678912"></trkpt>
<trkpt lat="45.712307" lon="-73.678793"></trkpt>
<trkpt lat="45.712191" lon="-73.678700"></trkpt>
<trkpt lat="45.712165" lon="-73.678559"></trkpt>
<trkpt lat="45.712281" lon="-73.678345"></trkpt>
<trkpt lat="45.712307" lon="-73.678240"></trkpt>
<trkpt lat="45.712400" lon="-73.677619"></trkpt>
<trkpt lat="45.712441" lon="-73.677043"></trkpt>
<trkpt lat="45.712549" lon="-73.676576"></trkpt>
<trkpt lat="45.712888" lon="-73.675715"></trkpt>
<trkpt lat="45.713002" lon="-73.675308"></trkpt>
<trkpt lat="45.713024" lon="-73.674996"></trkpt>
<trkpt lat="45.713166" lon="-73.674395"></trkpt>
<trkpt lat="45.713160" lon="-73.674264"></trkpt>
<trkpt lat="45.713147" lon="-73.674002"></trkpt>
<trkpt lat="45.713218" lon="-73.673602"></trkpt>
<trkpt lat="45.712979" lon="-73.673253"></trkpt>
<trkpt lat="45.712100" lon="-73.671073"></trkpt>
<trkpt lat="45.712147" lon="-73.670858"></trkpt>
<trkpt lat="45.712127" lon="-73.670706"></trkpt>
<trkpt lat="45.712056" lon="-73.670549"></trkpt>
<trkpt lat="45.711941" lon="-73.670266"></trkpt>
<trkpt lat="45.711932" lon="-73.670208"></trkpt>
<trkpt lat="45.711966" lon="-73.670132"></trkpt>
<trkpt lat="45.712385" lon="-73.670118"></trkpt>
<trkpt lat="45.712502" lon="-73.670077"></trkpt>
<trkpt lat="45.712580" lon="-73.669921"></trkpt>
<trkpt lat="45.712493" lon="-73.669729"></trkpt>
<trkpt lat="45.712454" lon="-73.669713"></trkpt>
<trkpt lat="45.712330" lon="-73.669664"></trkpt>
<trkpt lat="45.712252" lon="-73.669634"></trkpt>
<trkpt lat="45.712085" lon="-73.669547"></trkpt>
<trkpt lat="45.711993" lon="-73.669458"></trkpt>
<trkpt lat="45.711915" lon="-73.669334"></trkpt>
<trkpt lat="45.711824" lon="-73.669037"></trkpt>
<trkpt lat="45.711800" lon="-73.668769"></trkpt>
<trkpt lat="45.711795" lon="-73.668525"></trkpt>
<trkpt lat="45.711812" lon="-73.667975"></trkpt>
<trkpt lat="45.711802" lon="-73.667776"></trkpt>
<trkpt lat="45.711728" lon="-73.667699"></trkpt>
<trkpt lat="45.711687" lon="-73.667725"></trkpt>
<trkpt lat="45.711664" lon="-73.667794"></trkpt>
<trkpt lat="45.711630" lon="-73.668008"></trkpt>
<trkpt lat="45.711587" lon="-73.668048"></trkpt>
<trkpt lat="45.711521" lon="-73.668021"></trkpt>
<trkpt lat="45.711499" lon="-73.667970"></trkpt>
<trkpt lat="45.711463" lon="-73.667674"></trkpt>
<trkpt lat="45.711486" lon="-73.667356"></trkpt>
<trkpt lat="45.711528" lon="-73.667149"></trkpt>
<trkpt lat="45.711525" lon="-73.666946"></trkpt>
<trkpt lat="45.711623" lon="-73.666658"></trkpt>
<trkpt lat="45.711696" lon="-73.666158"></trkpt>
<trkpt lat="45.711684" lon="-73.665884"></trkpt>
<trkpt lat="45.711633" lon="-73.665563"></trkpt>
<trkpt lat="45.711735" lon="-73.665080"></trkpt>
<trkpt lat="45.711748" lon="-73.664704"></trkpt>
<trkpt lat="45.711761" lon="-73.664485"></trkpt>
<trkpt lat="45.711728" lon="-73.664365"></trkpt>
<trkpt lat="45.711624" lon="-73.664164"></trkpt>
<trkpt lat="45.711586" lon="-73.664136"></trkpt>
<trkpt lat="45.711304" lon="-73.664076"></trkpt>
<trkpt lat="45.711088" lon="-73.664068"></trkpt>
<trkpt lat="45.710946" lon="-73.664117"></trkpt>
<trkpt lat="45.710826" lon="-73.664110"></trkpt>
<trkpt lat="45.710695" lon="-73.663989"></trkpt>
<trkpt lat="45.710533" lon="-73.663220"></trkpt>
<trkpt lat="45.710518" lon="-73.663046"></trkpt>
		</trkseg>
	</trk>
</gpx>