<?xml version="1.0" encoding="UTF-8"?>
<gpx version="1.1" xmlns="http://www.topografix.com/GPX/1/1">

	<trk>
		<name>RASp 200K - boucle/loop #1 500K - 110926</name>
		<trkseg>
<trkpt lat="43.475317" lon="-3.794735"></trkpt>
<trkpt lat="43.475429" lon="-3.794777"></trkpt>
<trkpt lat="43.475668" lon="-3.794912"></trkpt>
<trkpt lat="43.475686" lon="-3.794852"></trkpt>
<trkpt lat="43.475715" lon="-3.794754"></trkpt>
<trkpt lat="43.475763" lon="-3.794783"></trkpt>
<trkpt lat="43.476120" lon="-3.794976"></trkpt>
<trkpt lat="43.476321" lon="-3.795017"></trkpt>
<trkpt lat="43.476470" lon="-3.795013"></trkpt>
<trkpt lat="43.476666" lon="-3.794945"></trkpt>
<trkpt lat="43.476830" lon="-3.794899"></trkpt>
<trkpt lat="43.476993" lon="-3.794951"></trkpt>
<trkpt lat="43.477126" lon="-3.795091"></trkpt>
<trkpt lat="43.477331" lon="-3.795159"></trkpt>
<trkpt lat="43.477332" lon="-3.795096"></trkpt>
<trkpt lat="43.477185" lon="-3.795031"></trkpt>
<trkpt lat="43.477332" lon="-3.795096"></trkpt>
<trkpt lat="43.477331" lon="-3.795159"></trkpt>
<trkpt lat="43.477494" lon="-3.795158"></trkpt>
<trkpt lat="43.477678" lon="-3.795054"></trkpt>
<trkpt lat="43.477801" lon="-3.794977"></trkpt>
<trkpt lat="43.477964" lon="-3.794850"></trkpt>
<trkpt lat="43.478172" lon="-3.794626"></trkpt>
<trkpt lat="43.478476" lon="-3.794185"></trkpt>
<trkpt lat="43.478612" lon="-3.794045"></trkpt>
<trkpt lat="43.478728" lon="-3.793842"></trkpt>
<trkpt lat="43.478734" lon="-3.793768"></trkpt>
<trkpt lat="43.478796" lon="-3.793668"></trkpt>
<trkpt lat="43.478892" lon="-3.793657"></trkpt>
<trkpt lat="43.479031" lon="-3.793481"></trkpt>
<trkpt lat="43.479050" lon="-3.793349"></trkpt>
<trkpt lat="43.479064" lon="-3.793261"></trkpt>
<trkpt lat="43.479128" lon="-3.792846"></trkpt>
<trkpt lat="43.479142" lon="-3.792755"></trkpt>
<trkpt lat="43.479179" lon="-3.792518"></trkpt>
<trkpt lat="43.479196" lon="-3.792356"></trkpt>
<trkpt lat="43.479225" lon="-3.791997"></trkpt>
<trkpt lat="43.479166" lon="-3.791691"></trkpt>
<trkpt lat="43.479031" lon="-3.791599"></trkpt>
<trkpt lat="43.478981" lon="-3.791451"></trkpt>
<trkpt lat="43.479005" lon="-3.791298"></trkpt>
<trkpt lat="43.479083" lon="-3.791208"></trkpt>
<trkpt lat="43.479161" lon="-3.790840"></trkpt>
<trkpt lat="43.479208" lon="-3.790739"></trkpt>
<trkpt lat="43.479393" lon="-3.790227"></trkpt>
<trkpt lat="43.479606" lon="-3.789633"></trkpt>
<trkpt lat="43.479642" lon="-3.789505"></trkpt>
<trkpt lat="43.479678" lon="-3.789387"></trkpt>
<trkpt lat="43.479588" lon="-3.789158"></trkpt>
<trkpt lat="43.479543" lon="-3.789093"></trkpt>
<trkpt lat="43.479531" lon="-3.788968"></trkpt>
<trkpt lat="43.479577" lon="-3.788871"></trkpt>
<trkpt lat="43.479615" lon="-3.788843"></trkpt>
<trkpt lat="43.479654" lon="-3.788845"></trkpt>
<trkpt lat="43.479698" lon="-3.788846"></trkpt>
<trkpt lat="43.479762" lon="-3.788920"></trkpt>
<trkpt lat="43.479777" lon="-3.788974"></trkpt>
<trkpt lat="43.479779" lon="-3.789025"></trkpt>
<trkpt lat="43.479752" lon="-3.789118"></trkpt>
<trkpt lat="43.479693" lon="-3.789174"></trkpt>
<trkpt lat="43.479588" lon="-3.789158"></trkpt>
<trkpt lat="43.479543" lon="-3.789093"></trkpt>
<trkpt lat="43.479387" lon="-3.789123"></trkpt>
<trkpt lat="43.479059" lon="-3.789147"></trkpt>
<trkpt lat="43.478180" lon="-3.789007"></trkpt>
<trkpt lat="43.478128" lon="-3.788981"></trkpt>
<trkpt lat="43.478117" lon="-3.788992"></trkpt>
<trkpt lat="43.478082" lon="-3.789006"></trkpt>
<trkpt lat="43.478064" lon="-3.788998"></trkpt>
<trkpt lat="43.478049" lon="-3.788981"></trkpt>
<trkpt lat="43.477714" lon="-3.788937"></trkpt>
<trkpt lat="43.477589" lon="-3.788921"></trkpt>
<trkpt lat="43.477071" lon="-3.788829"></trkpt>
<trkpt lat="43.476541" lon="-3.788734"></trkpt>
<trkpt lat="43.476298" lon="-3.788689"></trkpt>
<trkpt lat="43.476310" lon="-3.788565"></trkpt>
<trkpt lat="43.476318" lon="-3.788457"></trkpt>
<trkpt lat="43.476336" lon="-3.788227"></trkpt>
<trkpt lat="43.476294" lon="-3.788146"></trkpt>
<trkpt lat="43.476317" lon="-3.787969"></trkpt>
<trkpt lat="43.476049" lon="-3.787805"></trkpt>
<trkpt lat="43.475740" lon="-3.787616"></trkpt>
<trkpt lat="43.475625" lon="-3.787639"></trkpt>
<trkpt lat="43.475487" lon="-3.787140"></trkpt>
<trkpt lat="43.475387" lon="-3.786752"></trkpt>
<trkpt lat="43.475198" lon="-3.786058"></trkpt>
<trkpt lat="43.475097" lon="-3.785962"></trkpt>
<trkpt lat="43.474987" lon="-3.785839"></trkpt>
<trkpt lat="43.474863" lon="-3.785609"></trkpt>
<trkpt lat="43.474650" lon="-3.785371"></trkpt>
<trkpt lat="43.474342" lon="-3.785128"></trkpt>
<trkpt lat="43.474317" lon="-3.785078"></trkpt>
<trkpt lat="43.474078" lon="-3.784910"></trkpt>
<trkpt lat="43.474049" lon="-3.784882"></trkpt>
<trkpt lat="43.473949" lon="-3.784798"></trkpt>
<trkpt lat="43.473857" lon="-3.784668"></trkpt>
<trkpt lat="43.473791" lon="-3.784606"></trkpt>
<trkpt lat="43.473597" lon="-3.784318"></trkpt>
<trkpt lat="43.472721" lon="-3.782768"></trkpt>
<trkpt lat="43.472676" lon="-3.782719"></trkpt>
<trkpt lat="43.472490" lon="-3.782486"></trkpt>
<trkpt lat="43.472419" lon="-3.782408"></trkpt>
<trkpt lat="43.472376" lon="-3.782310"></trkpt>
<trkpt lat="43.472283" lon="-3.782196"></trkpt>
<trkpt lat="43.472222" lon="-3.782121"></trkpt>
<trkpt lat="43.472178" lon="-3.782033"></trkpt>
<trkpt lat="43.471924" lon="-3.781792"></trkpt>
<trkpt lat="43.471791" lon="-3.781571"></trkpt>
<trkpt lat="43.471671" lon="-3.781268"></trkpt>
<trkpt lat="43.471633" lon="-3.781045"></trkpt>
<trkpt lat="43.471627" lon="-3.781017"></trkpt>
<trkpt lat="43.471578" lon="-3.780892"></trkpt>
<trkpt lat="43.471452" lon="-3.780320"></trkpt>
<trkpt lat="43.471269" lon="-3.779465"></trkpt>
<trkpt lat="43.471220" lon="-3.779236"></trkpt>
<trkpt lat="43.471208" lon="-3.779086"></trkpt>
<trkpt lat="43.471109" lon="-3.778704"></trkpt>
<trkpt lat="43.471116" lon="-3.778533"></trkpt>
<trkpt lat="43.471029" lon="-3.778355"></trkpt>
<trkpt lat="43.470933" lon="-3.778076"></trkpt>
<trkpt lat="43.470770" lon="-3.777803"></trkpt>
<trkpt lat="43.470683" lon="-3.777696"></trkpt>
<trkpt lat="43.470414" lon="-3.777493"></trkpt>
<trkpt lat="43.469797" lon="-3.777239"></trkpt>
<trkpt lat="43.469683" lon="-3.777169"></trkpt>
<trkpt lat="43.469549" lon="-3.777149"></trkpt>
<trkpt lat="43.469245" lon="-3.777014"></trkpt>
<trkpt lat="43.469067" lon="-3.776898"></trkpt>
<trkpt lat="43.468886" lon="-3.776704"></trkpt>
<trkpt lat="43.468815" lon="-3.776595"></trkpt>
<trkpt lat="43.468791" lon="-3.776494"></trkpt>
<trkpt lat="43.468582" lon="-3.776220"></trkpt>
<trkpt lat="43.468536" lon="-3.776192"></trkpt>
<trkpt lat="43.468435" lon="-3.776001"></trkpt>
<trkpt lat="43.468392" lon="-3.775976"></trkpt>
<trkpt lat="43.468279" lon="-3.775928"></trkpt>
<trkpt lat="43.468125" lon="-3.775910"></trkpt>
<trkpt lat="43.468088" lon="-3.775907"></trkpt>
<trkpt lat="43.468012" lon="-3.775965"></trkpt>
<trkpt lat="43.467810" lon="-3.776272"></trkpt>
<trkpt lat="43.466237" lon="-3.779609"></trkpt>
<trkpt lat="43.466054" lon="-3.779876"></trkpt>
<trkpt lat="43.466079" lon="-3.779910"></trkpt>
<trkpt lat="43.466299" lon="-3.779542"></trkpt>
<trkpt lat="43.467741" lon="-3.776481"></trkpt>
<trkpt lat="43.467897" lon="-3.776187"></trkpt>
<trkpt lat="43.467907" lon="-3.776177"></trkpt>
<trkpt lat="43.468027" lon="-3.776049"></trkpt>
<trkpt lat="43.468125" lon="-3.775910"></trkpt>
<trkpt lat="43.468088" lon="-3.775907"></trkpt>
<trkpt lat="43.468012" lon="-3.775965"></trkpt>
<trkpt lat="43.467810" lon="-3.776272"></trkpt>
<trkpt lat="43.466237" lon="-3.779609"></trkpt>
<trkpt lat="43.466054" lon="-3.779876"></trkpt>
<trkpt lat="43.465526" lon="-3.780735"></trkpt>
<trkpt lat="43.465108" lon="-3.781138"></trkpt>
<trkpt lat="43.464963" lon="-3.781338"></trkpt>
<trkpt lat="43.464875" lon="-3.781560"></trkpt>
<trkpt lat="43.464441" lon="-3.783138"></trkpt>
<trkpt lat="43.463690" lon="-3.785938"></trkpt>
<trkpt lat="43.463635" lon="-3.786192"></trkpt>
<trkpt lat="43.463499" lon="-3.787339"></trkpt>
<trkpt lat="43.463485" lon="-3.787460"></trkpt>
<trkpt lat="43.463454" lon="-3.787841"></trkpt>
<trkpt lat="43.463460" lon="-3.788945"></trkpt>
<trkpt lat="43.463453" lon="-3.789516"></trkpt>
<trkpt lat="43.463379" lon="-3.790145"></trkpt>
<trkpt lat="43.463302" lon="-3.790568"></trkpt>
<trkpt lat="43.463200" lon="-3.790898"></trkpt>
<trkpt lat="43.462913" lon="-3.791469"></trkpt>
<trkpt lat="43.462851" lon="-3.791628"></trkpt>
<trkpt lat="43.462797" lon="-3.791667"></trkpt>
<trkpt lat="43.462698" lon="-3.791654"></trkpt>
<trkpt lat="43.462651" lon="-3.791555"></trkpt>
<trkpt lat="43.462607" lon="-3.791563"></trkpt>
<trkpt lat="43.462612" lon="-3.791746"></trkpt>
<trkpt lat="43.462607" lon="-3.791563"></trkpt>
<trkpt lat="43.462567" lon="-3.791567"></trkpt>
<trkpt lat="43.462592" lon="-3.791919"></trkpt>
<trkpt lat="43.462704" lon="-3.793466"></trkpt>
<trkpt lat="43.462875" lon="-3.795647"></trkpt>
<trkpt lat="43.462886" lon="-3.795790"></trkpt>
<trkpt lat="43.462842" lon="-3.796125"></trkpt>
<trkpt lat="43.462801" lon="-3.796232"></trkpt>
<trkpt lat="43.462713" lon="-3.796320"></trkpt>
<trkpt lat="43.462696" lon="-3.796326"></trkpt>
<trkpt lat="43.462568" lon="-3.796575"></trkpt>
<trkpt lat="43.462570" lon="-3.796590"></trkpt>
<trkpt lat="43.462573" lon="-3.796639"></trkpt>
<trkpt lat="43.462502" lon="-3.796780"></trkpt>
<trkpt lat="43.462132" lon="-3.797400"></trkpt>
<trkpt lat="43.462091" lon="-3.797616"></trkpt>
<trkpt lat="43.462157" lon="-3.797639"></trkpt>
<trkpt lat="43.462091" lon="-3.797616"></trkpt>
<trkpt lat="43.462082" lon="-3.797763"></trkpt>
<trkpt lat="43.461960" lon="-3.799136"></trkpt>
<trkpt lat="43.461796" lon="-3.800867"></trkpt>
<trkpt lat="43.461740" lon="-3.801458"></trkpt>
<trkpt lat="43.461667" lon="-3.801902"></trkpt>
<trkpt lat="43.461590" lon="-3.802159"></trkpt>
<trkpt lat="43.461477" lon="-3.802289"></trkpt>
<trkpt lat="43.461020" lon="-3.803139"></trkpt>
<trkpt lat="43.461002" lon="-3.803149"></trkpt>
<trkpt lat="43.460786" lon="-3.803214"></trkpt>
<trkpt lat="43.460688" lon="-3.803286"></trkpt>
<trkpt lat="43.460672" lon="-3.803316"></trkpt>
<trkpt lat="43.460504" lon="-3.803633"></trkpt>
<trkpt lat="43.460301" lon="-3.803917"></trkpt>
<trkpt lat="43.460171" lon="-3.804075"></trkpt>
<trkpt lat="43.459876" lon="-3.804434"></trkpt>
<trkpt lat="43.459868" lon="-3.804444"></trkpt>
<trkpt lat="43.459791" lon="-3.804538"></trkpt>
<trkpt lat="43.459631" lon="-3.804733"></trkpt>
<trkpt lat="43.459600" lon="-3.804825"></trkpt>
<trkpt lat="43.459600" lon="-3.804912"></trkpt>
<trkpt lat="43.459629" lon="-3.805005"></trkpt>
<trkpt lat="43.459882" lon="-3.805423"></trkpt>
<trkpt lat="43.459903" lon="-3.805511"></trkpt>
<trkpt lat="43.459919" lon="-3.805687"></trkpt>
<trkpt lat="43.459821" lon="-3.806026"></trkpt>
<trkpt lat="43.459688" lon="-3.806259"></trkpt>
<trkpt lat="43.459334" lon="-3.806722"></trkpt>
<trkpt lat="43.459257" lon="-3.806786"></trkpt>
<trkpt lat="43.458370" lon="-3.807976"></trkpt>
<trkpt lat="43.458319" lon="-3.808120"></trkpt>
<trkpt lat="43.458033" lon="-3.808705"></trkpt>
<trkpt lat="43.457718" lon="-3.809188"></trkpt>
<trkpt lat="43.457451" lon="-3.809531"></trkpt>
<trkpt lat="43.456533" lon="-3.810435"></trkpt>
<trkpt lat="43.456272" lon="-3.810673"></trkpt>
<trkpt lat="43.455898" lon="-3.811014"></trkpt>
<trkpt lat="43.455880" lon="-3.811061"></trkpt>
<trkpt lat="43.455784" lon="-3.811310"></trkpt>
<trkpt lat="43.455769" lon="-3.811347"></trkpt>
<trkpt lat="43.455709" lon="-3.811320"></trkpt>
<trkpt lat="43.455173" lon="-3.811793"></trkpt>
<trkpt lat="43.453810" lon="-3.813057"></trkpt>
<trkpt lat="43.453774" lon="-3.813208"></trkpt>
<trkpt lat="43.453736" lon="-3.813268"></trkpt>
<trkpt lat="43.453519" lon="-3.813460"></trkpt>
<trkpt lat="43.453484" lon="-3.813499"></trkpt>
<trkpt lat="43.453385" lon="-3.813643"></trkpt>
<trkpt lat="43.453358" lon="-3.813845"></trkpt>
<trkpt lat="43.453362" lon="-3.813949"></trkpt>
<trkpt lat="43.453304" lon="-3.814070"></trkpt>
<trkpt lat="43.453242" lon="-3.814100"></trkpt>
<trkpt lat="43.453139" lon="-3.814367"></trkpt>
<trkpt lat="43.452517" lon="-3.816660"></trkpt>
<trkpt lat="43.452337" lon="-3.817312"></trkpt>
<trkpt lat="43.452475" lon="-3.817382"></trkpt>
<trkpt lat="43.452626" lon="-3.817458"></trkpt>
<trkpt lat="43.452671" lon="-3.817480"></trkpt>
<trkpt lat="43.452748" lon="-3.817517"></trkpt>
<trkpt lat="43.453243" lon="-3.817767"></trkpt>
<trkpt lat="43.453338" lon="-3.817815"></trkpt>
<trkpt lat="43.453705" lon="-3.818000"></trkpt>
<trkpt lat="43.453828" lon="-3.818062"></trkpt>
<trkpt lat="43.453891" lon="-3.818096"></trkpt>
<trkpt lat="43.453917" lon="-3.818109"></trkpt>
<trkpt lat="43.453908" lon="-3.818154"></trkpt>
<trkpt lat="43.453928" lon="-3.818231"></trkpt>
<trkpt lat="43.453916" lon="-3.818277"></trkpt>
<trkpt lat="43.453640" lon="-3.819310"></trkpt>
<trkpt lat="43.453056" lon="-3.821489"></trkpt>
<trkpt lat="43.452986" lon="-3.821523"></trkpt>
<trkpt lat="43.452396" lon="-3.823692"></trkpt>
<trkpt lat="43.452385" lon="-3.823734"></trkpt>
<trkpt lat="43.452450" lon="-3.823764"></trkpt>
<trkpt lat="43.452482" lon="-3.823782"></trkpt>
<trkpt lat="43.452516" lon="-3.823799"></trkpt>
<trkpt lat="43.452572" lon="-3.823827"></trkpt>
<trkpt lat="43.452614" lon="-3.823847"></trkpt>
<trkpt lat="43.452626" lon="-3.823809"></trkpt>
<trkpt lat="43.452671" lon="-3.823643"></trkpt>
<trkpt lat="43.452933" lon="-3.822679"></trkpt>
<trkpt lat="43.452966" lon="-3.822566"></trkpt>
<trkpt lat="43.453218" lon="-3.821638"></trkpt>
<trkpt lat="43.453255" lon="-3.821506"></trkpt>
<trkpt lat="43.453264" lon="-3.821472"></trkpt>
<trkpt lat="43.453345" lon="-3.821176"></trkpt>
<trkpt lat="43.453425" lon="-3.820884"></trkpt>
<trkpt lat="43.453561" lon="-3.820388"></trkpt>
<trkpt lat="43.453714" lon="-3.819829"></trkpt>
<trkpt lat="43.453862" lon="-3.819290"></trkpt>
<trkpt lat="43.454110" lon="-3.818380"></trkpt>
<trkpt lat="43.454154" lon="-3.818226"></trkpt>
<trkpt lat="43.453993" lon="-3.818147"></trkpt>
<trkpt lat="43.453917" lon="-3.818109"></trkpt>
<trkpt lat="43.453908" lon="-3.818154"></trkpt>
<trkpt lat="43.453928" lon="-3.818231"></trkpt>
<trkpt lat="43.453916" lon="-3.818277"></trkpt>
<trkpt lat="43.453640" lon="-3.819310"></trkpt>
<trkpt lat="43.453056" lon="-3.821489"></trkpt>
<trkpt lat="43.452986" lon="-3.821523"></trkpt>
<trkpt lat="43.452396" lon="-3.823692"></trkpt>
<trkpt lat="43.452385" lon="-3.823734"></trkpt>
<trkpt lat="43.452450" lon="-3.823764"></trkpt>
<trkpt lat="43.452482" lon="-3.823782"></trkpt>
<trkpt lat="43.452516" lon="-3.823799"></trkpt>
<trkpt lat="43.452572" lon="-3.823827"></trkpt>
<trkpt lat="43.452614" lon="-3.823847"></trkpt>
<trkpt lat="43.452667" lon="-3.823877"></trkpt>
<trkpt lat="43.452368" lon="-3.824999"></trkpt>
<trkpt lat="43.452387" lon="-3.825054"></trkpt>
<trkpt lat="43.452456" lon="-3.825095"></trkpt>
<trkpt lat="43.452574" lon="-3.825021"></trkpt>
<trkpt lat="43.452594" lon="-3.825080"></trkpt>
<trkpt lat="43.452616" lon="-3.825152"></trkpt>
<trkpt lat="43.452645" lon="-3.825245"></trkpt>
<trkpt lat="43.452598" lon="-3.825325"></trkpt>
<trkpt lat="43.452594" lon="-3.825550"></trkpt>
<trkpt lat="43.452515" lon="-3.825831"></trkpt>
<trkpt lat="43.452418" lon="-3.826088"></trkpt>
<trkpt lat="43.452382" lon="-3.826134"></trkpt>
<trkpt lat="43.452326" lon="-3.826205"></trkpt>
<trkpt lat="43.452244" lon="-3.826436"></trkpt>
<trkpt lat="43.452235" lon="-3.826588"></trkpt>
<trkpt lat="43.452266" lon="-3.826790"></trkpt>
<trkpt lat="43.452294" lon="-3.826862"></trkpt>
<trkpt lat="43.452446" lon="-3.827047"></trkpt>
<trkpt lat="43.452378" lon="-3.827326"></trkpt>
<trkpt lat="43.452392" lon="-3.827329"></trkpt>
<trkpt lat="43.452339" lon="-3.827542"></trkpt>
<trkpt lat="43.452263" lon="-3.827843"></trkpt>
<trkpt lat="43.452247" lon="-3.827833"></trkpt>
<trkpt lat="43.452051" lon="-3.827747"></trkpt>
<trkpt lat="43.451914" lon="-3.827756"></trkpt>
<trkpt lat="43.451728" lon="-3.827889"></trkpt>
<trkpt lat="43.451667" lon="-3.828006"></trkpt>
<trkpt lat="43.451682" lon="-3.828041"></trkpt>
<trkpt lat="43.451573" lon="-3.828392"></trkpt>
<trkpt lat="43.451400" lon="-3.828832"></trkpt>
<trkpt lat="43.451277" lon="-3.829079"></trkpt>
<trkpt lat="43.451171" lon="-3.829278"></trkpt>
<trkpt lat="43.451121" lon="-3.829378"></trkpt>
<trkpt lat="43.451097" lon="-3.829525"></trkpt>
<trkpt lat="43.451045" lon="-3.829503"></trkpt>
<trkpt lat="43.451024" lon="-3.829494"></trkpt>
<trkpt lat="43.450982" lon="-3.829639"></trkpt>
<trkpt lat="43.450702" lon="-3.830608"></trkpt>
<trkpt lat="43.446149" lon="-3.835528"></trkpt>
<trkpt lat="43.446144" lon="-3.835591"></trkpt>
<trkpt lat="43.446208" lon="-3.835775"></trkpt>
<trkpt lat="43.446197" lon="-3.835788"></trkpt>
<trkpt lat="43.446156" lon="-3.835824"></trkpt>
<trkpt lat="43.446313" lon="-3.836239"></trkpt>
<trkpt lat="43.446318" lon="-3.836353"></trkpt>
<trkpt lat="43.446269" lon="-3.836437"></trkpt>
<trkpt lat="43.445846" lon="-3.836745"></trkpt>
<trkpt lat="43.445661" lon="-3.836880"></trkpt>
<trkpt lat="43.445148" lon="-3.837254"></trkpt>
<trkpt lat="43.444907" lon="-3.837430"></trkpt>
<trkpt lat="43.444324" lon="-3.837855"></trkpt>
<trkpt lat="43.442982" lon="-3.838819"></trkpt>
<trkpt lat="43.442991" lon="-3.838918"></trkpt>
<trkpt lat="43.442954" lon="-3.839014"></trkpt>
<trkpt lat="43.442841" lon="-3.839051"></trkpt>
<trkpt lat="43.442760" lon="-3.838950"></trkpt>
<trkpt lat="43.442634" lon="-3.838897"></trkpt>
<trkpt lat="43.440955" lon="-3.838842"></trkpt>
<trkpt lat="43.440408" lon="-3.838819"></trkpt>
<trkpt lat="43.440408" lon="-3.838892"></trkpt>
<trkpt lat="43.440377" lon="-3.838892"></trkpt>
<trkpt lat="43.440309" lon="-3.838893"></trkpt>
<trkpt lat="43.440148" lon="-3.839192"></trkpt>
<trkpt lat="43.440116" lon="-3.839225"></trkpt>
<trkpt lat="43.440055" lon="-3.839220"></trkpt>
<trkpt lat="43.440001" lon="-3.839215"></trkpt>
<trkpt lat="43.439949" lon="-3.839210"></trkpt>
<trkpt lat="43.439899" lon="-3.839205"></trkpt>
<trkpt lat="43.439898" lon="-3.839170"></trkpt>
<trkpt lat="43.439784" lon="-3.838958"></trkpt>
<trkpt lat="43.439695" lon="-3.838916"></trkpt>
<trkpt lat="43.439696" lon="-3.838878"></trkpt>
<trkpt lat="43.439702" lon="-3.838778"></trkpt>
<trkpt lat="43.439704" lon="-3.838668"></trkpt>
<trkpt lat="43.439707" lon="-3.838583"></trkpt>
<trkpt lat="43.439607" lon="-3.838255"></trkpt>
<trkpt lat="43.439508" lon="-3.838035"></trkpt>
<trkpt lat="43.439323" lon="-3.837750"></trkpt>
<trkpt lat="43.439181" lon="-3.837639"></trkpt>
<trkpt lat="43.438934" lon="-3.837652"></trkpt>
<trkpt lat="43.437292" lon="-3.837968"></trkpt>
<trkpt lat="43.437165" lon="-3.838021"></trkpt>
<trkpt lat="43.436917" lon="-3.838167"></trkpt>
<trkpt lat="43.436723" lon="-3.838341"></trkpt>
<trkpt lat="43.436582" lon="-3.838512"></trkpt>
<trkpt lat="43.436414" lon="-3.838790"></trkpt>
<trkpt lat="43.436315" lon="-3.839010"></trkpt>
<trkpt lat="43.436256" lon="-3.839052"></trkpt>
<trkpt lat="43.436180" lon="-3.839322"></trkpt>
<trkpt lat="43.436067" lon="-3.840029"></trkpt>
<trkpt lat="43.435671" lon="-3.840020"></trkpt>
<trkpt lat="43.435322" lon="-3.839849"></trkpt>
<trkpt lat="43.435283" lon="-3.839817"></trkpt>
<trkpt lat="43.435238" lon="-3.839780"></trkpt>
<trkpt lat="43.435216" lon="-3.839694"></trkpt>
<trkpt lat="43.435342" lon="-3.839235"></trkpt>
<trkpt lat="43.435403" lon="-3.838867"></trkpt>
<trkpt lat="43.435409" lon="-3.838831"></trkpt>
<trkpt lat="43.435515" lon="-3.838091"></trkpt>
<trkpt lat="43.435520" lon="-3.837546"></trkpt>
<trkpt lat="43.435507" lon="-3.837178"></trkpt>
<trkpt lat="43.435399" lon="-3.837191"></trkpt>
<trkpt lat="43.435306" lon="-3.837202"></trkpt>
<trkpt lat="43.435295" lon="-3.837172"></trkpt>
<trkpt lat="43.434437" lon="-3.837025"></trkpt>
<trkpt lat="43.433208" lon="-3.836766"></trkpt>
<trkpt lat="43.433175" lon="-3.836746"></trkpt>
<trkpt lat="43.433182" lon="-3.836661"></trkpt>
<trkpt lat="43.433190" lon="-3.836590"></trkpt>
<trkpt lat="43.433108" lon="-3.836579"></trkpt>
<trkpt lat="43.433057" lon="-3.836508"></trkpt>
<trkpt lat="43.432827" lon="-3.835657"></trkpt>
<trkpt lat="43.432792" lon="-3.835673"></trkpt>
<trkpt lat="43.432750" lon="-3.835692"></trkpt>
<trkpt lat="43.432715" lon="-3.835708"></trkpt>
<trkpt lat="43.432702" lon="-3.835713"></trkpt>
<trkpt lat="43.432708" lon="-3.835919"></trkpt>
<trkpt lat="43.432633" lon="-3.836079"></trkpt>
<trkpt lat="43.432220" lon="-3.836489"></trkpt>
<trkpt lat="43.431626" lon="-3.836374"></trkpt>
<trkpt lat="43.431436" lon="-3.836373"></trkpt>
<trkpt lat="43.430840" lon="-3.836254"></trkpt>
<trkpt lat="43.430664" lon="-3.836178"></trkpt>
<trkpt lat="43.430133" lon="-3.836072"></trkpt>
<trkpt lat="43.429663" lon="-3.835979"></trkpt>
<trkpt lat="43.427913" lon="-3.835492"></trkpt>
<trkpt lat="43.427704" lon="-3.835460"></trkpt>
<trkpt lat="43.426904" lon="-3.835219"></trkpt>
<trkpt lat="43.426613" lon="-3.834865"></trkpt>
<trkpt lat="43.426365" lon="-3.834500"></trkpt>
<trkpt lat="43.426167" lon="-3.833987"></trkpt>
<trkpt lat="43.424758" lon="-3.828843"></trkpt>
<trkpt lat="43.424685" lon="-3.828872"></trkpt>
<trkpt lat="43.424635" lon="-3.828891"></trkpt>
<trkpt lat="43.424534" lon="-3.828543"></trkpt>
<trkpt lat="43.424428" lon="-3.828337"></trkpt>
<trkpt lat="43.424372" lon="-3.828292"></trkpt>
<trkpt lat="43.423847" lon="-3.828229"></trkpt>
<trkpt lat="43.423789" lon="-3.828252"></trkpt>
<trkpt lat="43.423666" lon="-3.828368"></trkpt>
<trkpt lat="43.423639" lon="-3.828305"></trkpt>
<trkpt lat="43.423614" lon="-3.828239"></trkpt>
<trkpt lat="43.423315" lon="-3.828387"></trkpt>
<trkpt lat="43.422178" lon="-3.828770"></trkpt>
<trkpt lat="43.422139" lon="-3.828763"></trkpt>
<trkpt lat="43.422097" lon="-3.828701"></trkpt>
<trkpt lat="43.422078" lon="-3.828592"></trkpt>
<trkpt lat="43.421214" lon="-3.823578"></trkpt>
<trkpt lat="43.421153" lon="-3.822893"></trkpt>
<trkpt lat="43.421153" lon="-3.822412"></trkpt>
<trkpt lat="43.421230" lon="-3.821556"></trkpt>
<trkpt lat="43.421369" lon="-3.820737"></trkpt>
<trkpt lat="43.421774" lon="-3.818924"></trkpt>
<trkpt lat="43.421843" lon="-3.818747"></trkpt>
<trkpt lat="43.421943" lon="-3.818609"></trkpt>
<trkpt lat="43.422680" lon="-3.817932"></trkpt>
<trkpt lat="43.422876" lon="-3.817698"></trkpt>
<trkpt lat="43.422911" lon="-3.817642"></trkpt>
<trkpt lat="43.422929" lon="-3.817540"></trkpt>
<trkpt lat="43.422821" lon="-3.817151"></trkpt>
<trkpt lat="43.423075" lon="-3.817003"></trkpt>
<trkpt lat="43.423111" lon="-3.816936"></trkpt>
<trkpt lat="43.423116" lon="-3.816861"></trkpt>
<trkpt lat="43.422807" lon="-3.815444"></trkpt>
<trkpt lat="43.423135" lon="-3.814470"></trkpt>
<trkpt lat="43.423138" lon="-3.814318"></trkpt>
<trkpt lat="43.422931" lon="-3.813309"></trkpt>
<trkpt lat="43.422874" lon="-3.813185"></trkpt>
<trkpt lat="43.422668" lon="-3.812989"></trkpt>
<trkpt lat="43.422371" lon="-3.811822"></trkpt>
<trkpt lat="43.422042" lon="-3.810547"></trkpt>
<trkpt lat="43.422029" lon="-3.810495"></trkpt>
<trkpt lat="43.421846" lon="-3.810785"></trkpt>
<trkpt lat="43.421760" lon="-3.810833"></trkpt>
<trkpt lat="43.421493" lon="-3.810845"></trkpt>
<trkpt lat="43.421258" lon="-3.810864"></trkpt>
<trkpt lat="43.421185" lon="-3.810932"></trkpt>
<trkpt lat="43.421033" lon="-3.810933"></trkpt>
<trkpt lat="43.420768" lon="-3.811242"></trkpt>
<trkpt lat="43.420785" lon="-3.811269"></trkpt>
<trkpt lat="43.420840" lon="-3.811364"></trkpt>
<trkpt lat="43.420519" lon="-3.811733"></trkpt>
<trkpt lat="43.420225" lon="-3.812041"></trkpt>
<trkpt lat="43.420140" lon="-3.812065"></trkpt>
<trkpt lat="43.417126" lon="-3.815426"></trkpt>
<trkpt lat="43.417029" lon="-3.815571"></trkpt>
<trkpt lat="43.417006" lon="-3.815807"></trkpt>
<trkpt lat="43.417029" lon="-3.815939"></trkpt>
<trkpt lat="43.417407" lon="-3.816722"></trkpt>
<trkpt lat="43.417481" lon="-3.816963"></trkpt>
<trkpt lat="43.417406" lon="-3.817985"></trkpt>
<trkpt lat="43.417327" lon="-3.818559"></trkpt>
<trkpt lat="43.417258" lon="-3.818894"></trkpt>
<trkpt lat="43.416894" lon="-3.819932"></trkpt>
<trkpt lat="43.416513" lon="-3.820737"></trkpt>
<trkpt lat="43.415960" lon="-3.821770"></trkpt>
<trkpt lat="43.415906" lon="-3.821944"></trkpt>
<trkpt lat="43.415765" lon="-3.822221"></trkpt>
<trkpt lat="43.415740" lon="-3.822269"></trkpt>
<trkpt lat="43.415653" lon="-3.822328"></trkpt>
<trkpt lat="43.414874" lon="-3.823822"></trkpt>
<trkpt lat="43.413956" lon="-3.825518"></trkpt>
<trkpt lat="43.413888" lon="-3.825497"></trkpt>
<trkpt lat="43.413780" lon="-3.825700"></trkpt>
<trkpt lat="43.413495" lon="-3.826275"></trkpt>
<trkpt lat="43.413065" lon="-3.827142"></trkpt>
<trkpt lat="43.412813" lon="-3.827492"></trkpt>
<trkpt lat="43.412707" lon="-3.827614"></trkpt>
<trkpt lat="43.412668" lon="-3.827565"></trkpt>
<trkpt lat="43.412408" lon="-3.827824"></trkpt>
<trkpt lat="43.411968" lon="-3.828147"></trkpt>
<trkpt lat="43.411643" lon="-3.828313"></trkpt>
<trkpt lat="43.410824" lon="-3.828650"></trkpt>
<trkpt lat="43.410531" lon="-3.828734"></trkpt>
<trkpt lat="43.409376" lon="-3.828894"></trkpt>
<trkpt lat="43.408118" lon="-3.829050"></trkpt>
<trkpt lat="43.407901" lon="-3.828916"></trkpt>
<trkpt lat="43.407712" lon="-3.828533"></trkpt>
<trkpt lat="43.407510" lon="-3.828044"></trkpt>
<trkpt lat="43.407188" lon="-3.827252"></trkpt>
<trkpt lat="43.407136" lon="-3.827286"></trkpt>
<trkpt lat="43.406782" lon="-3.826372"></trkpt>
<trkpt lat="43.406323" lon="-3.824908"></trkpt>
<trkpt lat="43.406166" lon="-3.824291"></trkpt>
<trkpt lat="43.406117" lon="-3.823796"></trkpt>
<trkpt lat="43.406112" lon="-3.823696"></trkpt>
<trkpt lat="43.406061" lon="-3.823521"></trkpt>
<trkpt lat="43.405903" lon="-3.823420"></trkpt>
<trkpt lat="43.405858" lon="-3.823433"></trkpt>
<trkpt lat="43.405772" lon="-3.823405"></trkpt>
<trkpt lat="43.405715" lon="-3.823345"></trkpt>
<trkpt lat="43.405679" lon="-3.823219"></trkpt>
<trkpt lat="43.405704" lon="-3.823078"></trkpt>
<trkpt lat="43.405732" lon="-3.823031"></trkpt>
<trkpt lat="43.405773" lon="-3.822869"></trkpt>
<trkpt lat="43.405765" lon="-3.822792"></trkpt>
<trkpt lat="43.405711" lon="-3.822679"></trkpt>
<trkpt lat="43.405361" lon="-3.822409"></trkpt>
<trkpt lat="43.405204" lon="-3.822256"></trkpt>
<trkpt lat="43.404947" lon="-3.821819"></trkpt>
<trkpt lat="43.403826" lon="-3.819853"></trkpt>
<trkpt lat="43.403633" lon="-3.819537"></trkpt>
<trkpt lat="43.403279" lon="-3.818830"></trkpt>
<trkpt lat="43.403028" lon="-3.818221"></trkpt>
<trkpt lat="43.402940" lon="-3.817940"></trkpt>
<trkpt lat="43.402861" lon="-3.817565"></trkpt>
<trkpt lat="43.402737" lon="-3.816954"></trkpt>
<trkpt lat="43.402692" lon="-3.816796"></trkpt>
<trkpt lat="43.402592" lon="-3.816598"></trkpt>
<trkpt lat="43.402604" lon="-3.816563"></trkpt>
<trkpt lat="43.402459" lon="-3.816341"></trkpt>
<trkpt lat="43.402349" lon="-3.816257"></trkpt>
<trkpt lat="43.402240" lon="-3.816183"></trkpt>
<trkpt lat="43.401955" lon="-3.816104"></trkpt>
<trkpt lat="43.401652" lon="-3.816152"></trkpt>
<trkpt lat="43.401418" lon="-3.816189"></trkpt>
<trkpt lat="43.401196" lon="-3.816127"></trkpt>
<trkpt lat="43.401062" lon="-3.816058"></trkpt>
<trkpt lat="43.400827" lon="-3.815876"></trkpt>
<trkpt lat="43.400553" lon="-3.815753"></trkpt>
<trkpt lat="43.399408" lon="-3.815173"></trkpt>
<trkpt lat="43.399291" lon="-3.815091"></trkpt>
<trkpt lat="43.399185" lon="-3.814921"></trkpt>
<trkpt lat="43.399117" lon="-3.814621"></trkpt>
<trkpt lat="43.399112" lon="-3.814458"></trkpt>
<trkpt lat="43.399155" lon="-3.814050"></trkpt>
<trkpt lat="43.399071" lon="-3.813951"></trkpt>
<trkpt lat="43.398973" lon="-3.813933"></trkpt>
<trkpt lat="43.398976" lon="-3.813911"></trkpt>
<trkpt lat="43.398875" lon="-3.813884"></trkpt>
<trkpt lat="43.398271" lon="-3.813730"></trkpt>
<trkpt lat="43.398191" lon="-3.813761"></trkpt>
<trkpt lat="43.398097" lon="-3.813999"></trkpt>
<trkpt lat="43.398035" lon="-3.814027"></trkpt>
<trkpt lat="43.397817" lon="-3.813988"></trkpt>
<trkpt lat="43.397765" lon="-3.814017"></trkpt>
<trkpt lat="43.397707" lon="-3.814197"></trkpt>
<trkpt lat="43.397472" lon="-3.814141"></trkpt>
<trkpt lat="43.397176" lon="-3.814182"></trkpt>
<trkpt lat="43.396135" lon="-3.814584"></trkpt>
<trkpt lat="43.395278" lon="-3.814913"></trkpt>
<trkpt lat="43.394680" lon="-3.815213"></trkpt>
<trkpt lat="43.394602" lon="-3.815262"></trkpt>
<trkpt lat="43.394458" lon="-3.815378"></trkpt>
<trkpt lat="43.394460" lon="-3.815487"></trkpt>
<trkpt lat="43.394447" lon="-3.815564"></trkpt>
<trkpt lat="43.394358" lon="-3.815696"></trkpt>
<trkpt lat="43.394283" lon="-3.815743"></trkpt>
<trkpt lat="43.394179" lon="-3.815735"></trkpt>
<trkpt lat="43.394062" lon="-3.815615"></trkpt>
<trkpt lat="43.394033" lon="-3.815531"></trkpt>
<trkpt lat="43.393883" lon="-3.815470"></trkpt>
<trkpt lat="43.393707" lon="-3.815457"></trkpt>
<trkpt lat="43.393243" lon="-3.815320"></trkpt>
<trkpt lat="43.392702" lon="-3.815074"></trkpt>
<trkpt lat="43.391745" lon="-3.814746"></trkpt>
<trkpt lat="43.391297" lon="-3.814578"></trkpt>
<trkpt lat="43.391069" lon="-3.814572"></trkpt>
<trkpt lat="43.391014" lon="-3.814601"></trkpt>
<trkpt lat="43.390933" lon="-3.814595"></trkpt>
<trkpt lat="43.390861" lon="-3.814536"></trkpt>
<trkpt lat="43.390814" lon="-3.814417"></trkpt>
<trkpt lat="43.390820" lon="-3.814294"></trkpt>
<trkpt lat="43.390877" lon="-3.814185"></trkpt>
<trkpt lat="43.390979" lon="-3.814136"></trkpt>
<trkpt lat="43.391065" lon="-3.814090"></trkpt>
<trkpt lat="43.391167" lon="-3.813986"></trkpt>
<trkpt lat="43.391267" lon="-3.813568"></trkpt>
<trkpt lat="43.391302" lon="-3.813130"></trkpt>
<trkpt lat="43.391228" lon="-3.812060"></trkpt>
<trkpt lat="43.391188" lon="-3.810894"></trkpt>
<trkpt lat="43.391196" lon="-3.810715"></trkpt>
<trkpt lat="43.391331" lon="-3.810207"></trkpt>
<trkpt lat="43.391694" lon="-3.809397"></trkpt>
<trkpt lat="43.391865" lon="-3.808942"></trkpt>
<trkpt lat="43.392553" lon="-3.806872"></trkpt>
<trkpt lat="43.392619" lon="-3.806577"></trkpt>
<trkpt lat="43.392736" lon="-3.806048"></trkpt>
<trkpt lat="43.392872" lon="-3.805376"></trkpt>
<trkpt lat="43.392944" lon="-3.805023"></trkpt>
<trkpt lat="43.392964" lon="-3.804924"></trkpt>
<trkpt lat="43.392975" lon="-3.804865"></trkpt>
<trkpt lat="43.393196" lon="-3.803826"></trkpt>
<trkpt lat="43.393471" lon="-3.802541"></trkpt>
<trkpt lat="43.393687" lon="-3.801487"></trkpt>
<trkpt lat="43.393884" lon="-3.800606"></trkpt>
<trkpt lat="43.393925" lon="-3.800406"></trkpt>
<trkpt lat="43.393980" lon="-3.800137"></trkpt>
<trkpt lat="43.394002" lon="-3.800035"></trkpt>
<trkpt lat="43.394021" lon="-3.799952"></trkpt>
<trkpt lat="43.394039" lon="-3.799870"></trkpt>
<trkpt lat="43.394148" lon="-3.799363"></trkpt>
<trkpt lat="43.394243" lon="-3.798918"></trkpt>
<trkpt lat="43.394530" lon="-3.797587"></trkpt>
<trkpt lat="43.394873" lon="-3.795967"></trkpt>
<trkpt lat="43.395069" lon="-3.795044"></trkpt>
<trkpt lat="43.395225" lon="-3.794306"></trkpt>
<trkpt lat="43.395274" lon="-3.794075"></trkpt>
<trkpt lat="43.395710" lon="-3.792014"></trkpt>
<trkpt lat="43.395775" lon="-3.791706"></trkpt>
<trkpt lat="43.395960" lon="-3.790817"></trkpt>
<trkpt lat="43.396079" lon="-3.790259"></trkpt>
<trkpt lat="43.396252" lon="-3.789451"></trkpt>
<trkpt lat="43.396418" lon="-3.788675"></trkpt>
<trkpt lat="43.396561" lon="-3.787999"></trkpt>
<trkpt lat="43.396803" lon="-3.786849"></trkpt>
<trkpt lat="43.397018" lon="-3.785830"></trkpt>
<trkpt lat="43.397169" lon="-3.785137"></trkpt>
<trkpt lat="43.397395" lon="-3.784104"></trkpt>
<trkpt lat="43.397434" lon="-3.783618"></trkpt>
<trkpt lat="43.397404" lon="-3.783542"></trkpt>
<trkpt lat="43.397405" lon="-3.783427"></trkpt>
<trkpt lat="43.397445" lon="-3.783346"></trkpt>
<trkpt lat="43.397486" lon="-3.783314"></trkpt>
<trkpt lat="43.397573" lon="-3.783145"></trkpt>
<trkpt lat="43.397672" lon="-3.782801"></trkpt>
<trkpt lat="43.397880" lon="-3.781832"></trkpt>
<trkpt lat="43.398048" lon="-3.781048"></trkpt>
<trkpt lat="43.398154" lon="-3.780544"></trkpt>
<trkpt lat="43.398219" lon="-3.780234"></trkpt>
<trkpt lat="43.398373" lon="-3.779502"></trkpt>
<trkpt lat="43.398503" lon="-3.778816"></trkpt>
<trkpt lat="43.398600" lon="-3.778077"></trkpt>
<trkpt lat="43.398641" lon="-3.777464"></trkpt>
<trkpt lat="43.398663" lon="-3.776903"></trkpt>
<trkpt lat="43.398610" lon="-3.775959"></trkpt>
<trkpt lat="43.398517" lon="-3.775259"></trkpt>
<trkpt lat="43.398334" lon="-3.774407"></trkpt>
<trkpt lat="43.398203" lon="-3.773924"></trkpt>
<trkpt lat="43.397530" lon="-3.772073"></trkpt>
<trkpt lat="43.397022" lon="-3.770670"></trkpt>
<trkpt lat="43.396901" lon="-3.770285"></trkpt>
<trkpt lat="43.396785" lon="-3.769853"></trkpt>
<trkpt lat="43.396650" lon="-3.769195"></trkpt>
<trkpt lat="43.396556" lon="-3.768724"></trkpt>
<trkpt lat="43.396529" lon="-3.768550"></trkpt>
<trkpt lat="43.396524" lon="-3.768513"></trkpt>
<trkpt lat="43.396420" lon="-3.767195"></trkpt>
<trkpt lat="43.396407" lon="-3.766910"></trkpt>
<trkpt lat="43.396385" lon="-3.766584"></trkpt>
<trkpt lat="43.396340" lon="-3.765812"></trkpt>
<trkpt lat="43.396325" lon="-3.765593"></trkpt>
<trkpt lat="43.396321" lon="-3.765523"></trkpt>
<trkpt lat="43.396302" lon="-3.765208"></trkpt>
<trkpt lat="43.396295" lon="-3.765087"></trkpt>
<trkpt lat="43.396291" lon="-3.765014"></trkpt>
<trkpt lat="43.396241" lon="-3.764581"></trkpt>
<trkpt lat="43.396159" lon="-3.764334"></trkpt>
<trkpt lat="43.395976" lon="-3.764038"></trkpt>
<trkpt lat="43.395670" lon="-3.763712"></trkpt>
<trkpt lat="43.395453" lon="-3.763602"></trkpt>
<trkpt lat="43.395232" lon="-3.763582"></trkpt>
<trkpt lat="43.395045" lon="-3.763632"></trkpt>
<trkpt lat="43.394690" lon="-3.763844"></trkpt>
<trkpt lat="43.394345" lon="-3.764035"></trkpt>
<trkpt lat="43.394166" lon="-3.764065"></trkpt>
<trkpt lat="43.393688" lon="-3.764057"></trkpt>
<trkpt lat="43.393236" lon="-3.764019"></trkpt>
<trkpt lat="43.393069" lon="-3.763975"></trkpt>
<trkpt lat="43.392789" lon="-3.763825"></trkpt>
<trkpt lat="43.392641" lon="-3.763713"></trkpt>
<trkpt lat="43.391608" lon="-3.762645"></trkpt>
<trkpt lat="43.391564" lon="-3.762599"></trkpt>
<trkpt lat="43.391497" lon="-3.762529"></trkpt>
<trkpt lat="43.391340" lon="-3.762352"></trkpt>
<trkpt lat="43.391183" lon="-3.762176"></trkpt>
<trkpt lat="43.390380" lon="-3.761360"></trkpt>
<trkpt lat="43.390303" lon="-3.761372"></trkpt>
<trkpt lat="43.389595" lon="-3.760560"></trkpt>
<trkpt lat="43.389463" lon="-3.760384"></trkpt>
<trkpt lat="43.389299" lon="-3.760051"></trkpt>
<trkpt lat="43.389230" lon="-3.759838"></trkpt>
<trkpt lat="43.389188" lon="-3.759621"></trkpt>
<trkpt lat="43.389178" lon="-3.759442"></trkpt>
<trkpt lat="43.389207" lon="-3.758858"></trkpt>
<trkpt lat="43.389484" lon="-3.756809"></trkpt>
<trkpt lat="43.389497" lon="-3.756236"></trkpt>
<trkpt lat="43.389483" lon="-3.755956"></trkpt>
<trkpt lat="43.389355" lon="-3.754566"></trkpt>
<trkpt lat="43.389292" lon="-3.754301"></trkpt>
<trkpt lat="43.389159" lon="-3.754041"></trkpt>
<trkpt lat="43.389029" lon="-3.753903"></trkpt>
<trkpt lat="43.388895" lon="-3.753807"></trkpt>
<trkpt lat="43.388550" lon="-3.753653"></trkpt>
<trkpt lat="43.388425" lon="-3.753554"></trkpt>
<trkpt lat="43.388323" lon="-3.753427"></trkpt>
<trkpt lat="43.388192" lon="-3.753191"></trkpt>
<trkpt lat="43.388091" lon="-3.752838"></trkpt>
<trkpt lat="43.388070" lon="-3.752539"></trkpt>
<trkpt lat="43.388105" lon="-3.751360"></trkpt>
<trkpt lat="43.387964" lon="-3.751000"></trkpt>
<trkpt lat="43.388034" lon="-3.749755"></trkpt>
<trkpt lat="43.388052" lon="-3.749672"></trkpt>
<trkpt lat="43.388116" lon="-3.749585"></trkpt>
<trkpt lat="43.388181" lon="-3.749542"></trkpt>
<trkpt lat="43.388255" lon="-3.749538"></trkpt>
<trkpt lat="43.388274" lon="-3.749505"></trkpt>
<trkpt lat="43.388391" lon="-3.748791"></trkpt>
<trkpt lat="43.388528" lon="-3.748316"></trkpt>
<trkpt lat="43.388545" lon="-3.748215"></trkpt>
<trkpt lat="43.388218" lon="-3.748032"></trkpt>
<trkpt lat="43.388202" lon="-3.747987"></trkpt>
<trkpt lat="43.388211" lon="-3.747895"></trkpt>
<trkpt lat="43.388206" lon="-3.747778"></trkpt>
<trkpt lat="43.388108" lon="-3.747723"></trkpt>
<trkpt lat="43.387938" lon="-3.747546"></trkpt>
<trkpt lat="43.387633" lon="-3.747033"></trkpt>
<trkpt lat="43.387220" lon="-3.746135"></trkpt>
<trkpt lat="43.386816" lon="-3.745183"></trkpt>
<trkpt lat="43.386762" lon="-3.744937"></trkpt>
<trkpt lat="43.386645" lon="-3.744675"></trkpt>
<trkpt lat="43.386309" lon="-3.743919"></trkpt>
<trkpt lat="43.386061" lon="-3.743390"></trkpt>
<trkpt lat="43.385950" lon="-3.743266"></trkpt>
<trkpt lat="43.385873" lon="-3.743224"></trkpt>
<trkpt lat="43.385770" lon="-3.743194"></trkpt>
<trkpt lat="43.385694" lon="-3.743094"></trkpt>
<trkpt lat="43.385669" lon="-3.742987"></trkpt>
<trkpt lat="43.385685" lon="-3.742852"></trkpt>
<trkpt lat="43.385662" lon="-3.742516"></trkpt>
<trkpt lat="43.385480" lon="-3.742114"></trkpt>
<trkpt lat="43.385281" lon="-3.741681"></trkpt>
<trkpt lat="43.384979" lon="-3.740982"></trkpt>
<trkpt lat="43.384295" lon="-3.739465"></trkpt>
<trkpt lat="43.384273" lon="-3.739394"></trkpt>
<trkpt lat="43.384150" lon="-3.739121"></trkpt>
<trkpt lat="43.384091" lon="-3.738988"></trkpt>
<trkpt lat="43.383893" lon="-3.738538"></trkpt>
<trkpt lat="43.383819" lon="-3.738371"></trkpt>
<trkpt lat="43.383628" lon="-3.738063"></trkpt>
<trkpt lat="43.383596" lon="-3.738059"></trkpt>
<trkpt lat="43.383536" lon="-3.737983"></trkpt>
<trkpt lat="43.383532" lon="-3.737908"></trkpt>
<trkpt lat="43.383536" lon="-3.737892"></trkpt>
<trkpt lat="43.383554" lon="-3.737850"></trkpt>
<trkpt lat="43.383673" lon="-3.737623"></trkpt>
<trkpt lat="43.383690" lon="-3.737588"></trkpt>
<trkpt lat="43.383725" lon="-3.737476"></trkpt>
<trkpt lat="43.383770" lon="-3.737223"></trkpt>
<trkpt lat="43.383780" lon="-3.737167"></trkpt>
<trkpt lat="43.383850" lon="-3.736913"></trkpt>
<trkpt lat="43.383907" lon="-3.736765"></trkpt>
<trkpt lat="43.383930" lon="-3.736699"></trkpt>
<trkpt lat="43.384176" lon="-3.736139"></trkpt>
<trkpt lat="43.384306" lon="-3.735764"></trkpt>
<trkpt lat="43.384426" lon="-3.735213"></trkpt>
<trkpt lat="43.384444" lon="-3.734846"></trkpt>
<trkpt lat="43.384426" lon="-3.734674"></trkpt>
<trkpt lat="43.384341" lon="-3.734075"></trkpt>
<trkpt lat="43.384261" lon="-3.733727"></trkpt>
<trkpt lat="43.384142" lon="-3.733446"></trkpt>
<trkpt lat="43.384005" lon="-3.733213"></trkpt>
<trkpt lat="43.383808" lon="-3.732956"></trkpt>
<trkpt lat="43.383692" lon="-3.732819"></trkpt>
<trkpt lat="43.383396" lon="-3.732602"></trkpt>
<trkpt lat="43.383115" lon="-3.732449"></trkpt>
<trkpt lat="43.383014" lon="-3.732423"></trkpt>
<trkpt lat="43.382786" lon="-3.732365"></trkpt>
<trkpt lat="43.382408" lon="-3.732299"></trkpt>
<trkpt lat="43.381988" lon="-3.732277"></trkpt>
<trkpt lat="43.381672" lon="-3.732261"></trkpt>
<trkpt lat="43.381584" lon="-3.732260"></trkpt>
<trkpt lat="43.381118" lon="-3.732231"></trkpt>
<trkpt lat="43.380874" lon="-3.732171"></trkpt>
<trkpt lat="43.380649" lon="-3.732052"></trkpt>
<trkpt lat="43.380398" lon="-3.731809"></trkpt>
<trkpt lat="43.380251" lon="-3.731545"></trkpt>
<trkpt lat="43.380189" lon="-3.731377"></trkpt>
<trkpt lat="43.379507" lon="-3.729405"></trkpt>
<trkpt lat="43.379317" lon="-3.728519"></trkpt>
<trkpt lat="43.379084" lon="-3.727178"></trkpt>
<trkpt lat="43.378942" lon="-3.726573"></trkpt>
<trkpt lat="43.378828" lon="-3.726214"></trkpt>
<trkpt lat="43.378459" lon="-3.725455"></trkpt>
<trkpt lat="43.378359" lon="-3.725196"></trkpt>
<trkpt lat="43.378301" lon="-3.724926"></trkpt>
<trkpt lat="43.378273" lon="-3.724489"></trkpt>
<trkpt lat="43.378293" lon="-3.724138"></trkpt>
<trkpt lat="43.378329" lon="-3.723590"></trkpt>
<trkpt lat="43.378318" lon="-3.723347"></trkpt>
<trkpt lat="43.378222" lon="-3.722924"></trkpt>
<trkpt lat="43.378055" lon="-3.722515"></trkpt>
<trkpt lat="43.377733" lon="-3.721710"></trkpt>
<trkpt lat="43.377630" lon="-3.721502"></trkpt>
<trkpt lat="43.376861" lon="-3.720723"></trkpt>
<trkpt lat="43.375727" lon="-3.719677"></trkpt>
<trkpt lat="43.375474" lon="-3.719435"></trkpt>
<trkpt lat="43.375427" lon="-3.719390"></trkpt>
<trkpt lat="43.374282" lon="-3.718300"></trkpt>
<trkpt lat="43.374199" lon="-3.718220"></trkpt>
<trkpt lat="43.373325" lon="-3.717404"></trkpt>
<trkpt lat="43.373252" lon="-3.717332"></trkpt>
<trkpt lat="43.373215" lon="-3.717298"></trkpt>
<trkpt lat="43.372563" lon="-3.716715"></trkpt>
<trkpt lat="43.371711" lon="-3.716041"></trkpt>
<trkpt lat="43.371161" lon="-3.715669"></trkpt>
<trkpt lat="43.370819" lon="-3.715475"></trkpt>
<trkpt lat="43.370597" lon="-3.715357"></trkpt>
<trkpt lat="43.370494" lon="-3.715299"></trkpt>
<trkpt lat="43.370348" lon="-3.715228"></trkpt>
<trkpt lat="43.369864" lon="-3.714977"></trkpt>
<trkpt lat="43.369766" lon="-3.714916"></trkpt>
<trkpt lat="43.368927" lon="-3.714497"></trkpt>
<trkpt lat="43.368895" lon="-3.714482"></trkpt>
<trkpt lat="43.367716" lon="-3.713956"></trkpt>
<trkpt lat="43.367526" lon="-3.713842"></trkpt>
<trkpt lat="43.367481" lon="-3.713812"></trkpt>
<trkpt lat="43.367413" lon="-3.713722"></trkpt>
<trkpt lat="43.367348" lon="-3.713621"></trkpt>
<trkpt lat="43.367281" lon="-3.713427"></trkpt>
<trkpt lat="43.367210" lon="-3.713113"></trkpt>
<trkpt lat="43.367143" lon="-3.712981"></trkpt>
<trkpt lat="43.367072" lon="-3.712904"></trkpt>
<trkpt lat="43.366957" lon="-3.712870"></trkpt>
<trkpt lat="43.366712" lon="-3.712884"></trkpt>
<trkpt lat="43.365941" lon="-3.712973"></trkpt>
<trkpt lat="43.365716" lon="-3.712983"></trkpt>
<trkpt lat="43.364795" lon="-3.713021"></trkpt>
<trkpt lat="43.363343" lon="-3.713053"></trkpt>
<trkpt lat="43.363106" lon="-3.713043"></trkpt>
<trkpt lat="43.362522" lon="-3.712941"></trkpt>
<trkpt lat="43.361893" lon="-3.712695"></trkpt>
<trkpt lat="43.361613" lon="-3.712535"></trkpt>
<trkpt lat="43.359982" lon="-3.711572"></trkpt>
<trkpt lat="43.359965" lon="-3.711562"></trkpt>
<trkpt lat="43.359587" lon="-3.711332"></trkpt>
<trkpt lat="43.359513" lon="-3.711285"></trkpt>
<trkpt lat="43.358027" lon="-3.710399"></trkpt>
<trkpt lat="43.357901" lon="-3.710326"></trkpt>
<trkpt lat="43.357742" lon="-3.710230"></trkpt>
<trkpt lat="43.357618" lon="-3.710154"></trkpt>
<trkpt lat="43.357364" lon="-3.709999"></trkpt>
<trkpt lat="43.357295" lon="-3.709955"></trkpt>
<trkpt lat="43.357137" lon="-3.710335"></trkpt>
<trkpt lat="43.357062" lon="-3.710379"></trkpt>
<trkpt lat="43.356531" lon="-3.710337"></trkpt>
<trkpt lat="43.356221" lon="-3.710339"></trkpt>
<trkpt lat="43.355872" lon="-3.710326"></trkpt>
<trkpt lat="43.355332" lon="-3.710167"></trkpt>
<trkpt lat="43.354640" lon="-3.709650"></trkpt>
<trkpt lat="43.354200" lon="-3.709214"></trkpt>
<trkpt lat="43.353975" lon="-3.708850"></trkpt>
<trkpt lat="43.353853" lon="-3.708571"></trkpt>
<trkpt lat="43.353829" lon="-3.708398"></trkpt>
<trkpt lat="43.353761" lon="-3.708224"></trkpt>
<trkpt lat="43.353808" lon="-3.708077"></trkpt>
<trkpt lat="43.353573" lon="-3.707806"></trkpt>
<trkpt lat="43.353359" lon="-3.707418"></trkpt>
<trkpt lat="43.353221" lon="-3.707180"></trkpt>
<trkpt lat="43.353108" lon="-3.707049"></trkpt>
<trkpt lat="43.352868" lon="-3.706863"></trkpt>
<trkpt lat="43.352767" lon="-3.706778"></trkpt>
<trkpt lat="43.352727" lon="-3.706747"></trkpt>
<trkpt lat="43.352431" lon="-3.706466"></trkpt>
<trkpt lat="43.352267" lon="-3.706187"></trkpt>
<trkpt lat="43.352045" lon="-3.706335"></trkpt>
<trkpt lat="43.351911" lon="-3.706394"></trkpt>
<trkpt lat="43.351782" lon="-3.706432"></trkpt>
<trkpt lat="43.351681" lon="-3.706424"></trkpt>
<trkpt lat="43.351161" lon="-3.706245"></trkpt>
<trkpt lat="43.351049" lon="-3.706283"></trkpt>
<trkpt lat="43.350956" lon="-3.706164"></trkpt>
<trkpt lat="43.350846" lon="-3.706086"></trkpt>
<trkpt lat="43.350736" lon="-3.706008"></trkpt>
<trkpt lat="43.350526" lon="-3.705801"></trkpt>
<trkpt lat="43.350211" lon="-3.705182"></trkpt>
<trkpt lat="43.350113" lon="-3.705151"></trkpt>
<trkpt lat="43.349750" lon="-3.705334"></trkpt>
<trkpt lat="43.349677" lon="-3.705336"></trkpt>
<trkpt lat="43.349656" lon="-3.705315"></trkpt>
<trkpt lat="43.349588" lon="-3.705080"></trkpt>
<trkpt lat="43.349581" lon="-3.705039"></trkpt>
<trkpt lat="43.349564" lon="-3.704922"></trkpt>
<trkpt lat="43.349466" lon="-3.704337"></trkpt>
<trkpt lat="43.349358" lon="-3.704090"></trkpt>
<trkpt lat="43.349318" lon="-3.703987"></trkpt>
<trkpt lat="43.349100" lon="-3.703543"></trkpt>
<trkpt lat="43.348837" lon="-3.703235"></trkpt>
<trkpt lat="43.348768" lon="-3.703093"></trkpt>
<trkpt lat="43.348691" lon="-3.703081"></trkpt>
<trkpt lat="43.348606" lon="-3.703072"></trkpt>
<trkpt lat="43.348520" lon="-3.703063"></trkpt>
<trkpt lat="43.348431" lon="-3.703027"></trkpt>
<trkpt lat="43.348367" lon="-3.702947"></trkpt>
<trkpt lat="43.348319" lon="-3.702825"></trkpt>
<trkpt lat="43.348213" lon="-3.702459"></trkpt>
<trkpt lat="43.348186" lon="-3.702380"></trkpt>
<trkpt lat="43.348076" lon="-3.702167"></trkpt>
<trkpt lat="43.347768" lon="-3.701699"></trkpt>
<trkpt lat="43.347749" lon="-3.701658"></trkpt>
<trkpt lat="43.347689" lon="-3.701566"></trkpt>
<trkpt lat="43.347485" lon="-3.701236"></trkpt>
<trkpt lat="43.347141" lon="-3.700573"></trkpt>
<trkpt lat="43.347077" lon="-3.700084"></trkpt>
<trkpt lat="43.347041" lon="-3.699962"></trkpt>
<trkpt lat="43.346935" lon="-3.699512"></trkpt>
<trkpt lat="43.346873" lon="-3.699352"></trkpt>
<trkpt lat="43.346667" lon="-3.699035"></trkpt>
<trkpt lat="43.346548" lon="-3.698823"></trkpt>
<trkpt lat="43.346491" lon="-3.698662"></trkpt>
<trkpt lat="43.346421" lon="-3.698330"></trkpt>
<trkpt lat="43.346355" lon="-3.698143"></trkpt>
<trkpt lat="43.346265" lon="-3.697904"></trkpt>
<trkpt lat="43.346078" lon="-3.697540"></trkpt>
<trkpt lat="43.345787" lon="-3.696849"></trkpt>
<trkpt lat="43.345734" lon="-3.696670"></trkpt>
<trkpt lat="43.345717" lon="-3.696455"></trkpt>
<trkpt lat="43.345730" lon="-3.695843"></trkpt>
<trkpt lat="43.345807" lon="-3.695457"></trkpt>
<trkpt lat="43.345914" lon="-3.695264"></trkpt>
<trkpt lat="43.345964" lon="-3.695186"></trkpt>
<trkpt lat="43.345985" lon="-3.695113"></trkpt>
<trkpt lat="43.345961" lon="-3.695025"></trkpt>
<trkpt lat="43.345802" lon="-3.694723"></trkpt>
<trkpt lat="43.345597" lon="-3.694384"></trkpt>
<trkpt lat="43.345197" lon="-3.693979"></trkpt>
<trkpt lat="43.345170" lon="-3.693935"></trkpt>
<trkpt lat="43.344864" lon="-3.693399"></trkpt>
<trkpt lat="43.344848" lon="-3.693256"></trkpt>
<trkpt lat="43.344848" lon="-3.693149"></trkpt>
<trkpt lat="43.344852" lon="-3.693029"></trkpt>
<trkpt lat="43.344820" lon="-3.691952"></trkpt>
<trkpt lat="43.344837" lon="-3.691753"></trkpt>
<trkpt lat="43.344913" lon="-3.690974"></trkpt>
<trkpt lat="43.344912" lon="-3.690761"></trkpt>
<trkpt lat="43.344850" lon="-3.690243"></trkpt>
<trkpt lat="43.344840" lon="-3.689865"></trkpt>
<trkpt lat="43.344864" lon="-3.689723"></trkpt>
<trkpt lat="43.344910" lon="-3.689572"></trkpt>
<trkpt lat="43.345360" lon="-3.688659"></trkpt>
<trkpt lat="43.345604" lon="-3.688305"></trkpt>
<trkpt lat="43.345260" lon="-3.686787"></trkpt>
<trkpt lat="43.345118" lon="-3.686193"></trkpt>
<trkpt lat="43.345041" lon="-3.685757"></trkpt>
<trkpt lat="43.344623" lon="-3.682637"></trkpt>
<trkpt lat="43.344185" lon="-3.679426"></trkpt>
<trkpt lat="43.344139" lon="-3.679088"></trkpt>
<trkpt lat="43.344018" lon="-3.678196"></trkpt>
<trkpt lat="43.343964" lon="-3.677845"></trkpt>
<trkpt lat="43.343850" lon="-3.677102"></trkpt>
<trkpt lat="43.343751" lon="-3.676456"></trkpt>
<trkpt lat="43.343669" lon="-3.675970"></trkpt>
<trkpt lat="43.343626" lon="-3.675774"></trkpt>
<trkpt lat="43.343589" lon="-3.675587"></trkpt>
<trkpt lat="43.343566" lon="-3.675477"></trkpt>
<trkpt lat="43.343482" lon="-3.675127"></trkpt>
<trkpt lat="43.343412" lon="-3.674833"></trkpt>
<trkpt lat="43.343246" lon="-3.674216"></trkpt>
<trkpt lat="43.343016" lon="-3.673478"></trkpt>
<trkpt lat="43.342439" lon="-3.672293"></trkpt>
<trkpt lat="43.342395" lon="-3.672210"></trkpt>
<trkpt lat="43.342067" lon="-3.671597"></trkpt>
<trkpt lat="43.341758" lon="-3.671143"></trkpt>
<trkpt lat="43.341633" lon="-3.670975"></trkpt>
<trkpt lat="43.341442" lon="-3.670492"></trkpt>
<trkpt lat="43.341294" lon="-3.669936"></trkpt>
<trkpt lat="43.341110" lon="-3.669394"></trkpt>
<trkpt lat="43.340953" lon="-3.669033"></trkpt>
<trkpt lat="43.340649" lon="-3.668443"></trkpt>
<trkpt lat="43.340586" lon="-3.668324"></trkpt>
<trkpt lat="43.340306" lon="-3.667800"></trkpt>
<trkpt lat="43.339877" lon="-3.667019"></trkpt>
<trkpt lat="43.339496" lon="-3.666347"></trkpt>
<trkpt lat="43.339397" lon="-3.666115"></trkpt>
<trkpt lat="43.339357" lon="-3.665841"></trkpt>
<trkpt lat="43.339383" lon="-3.665627"></trkpt>
<trkpt lat="43.339427" lon="-3.665475"></trkpt>
<trkpt lat="43.339671" lon="-3.664779"></trkpt>
<trkpt lat="43.339685" lon="-3.664662"></trkpt>
<trkpt lat="43.339657" lon="-3.664420"></trkpt>
<trkpt lat="43.339635" lon="-3.664338"></trkpt>
<trkpt lat="43.339521" lon="-3.663874"></trkpt>
<trkpt lat="43.339441" lon="-3.662738"></trkpt>
<trkpt lat="43.339382" lon="-3.661597"></trkpt>
<trkpt lat="43.339407" lon="-3.661279"></trkpt>
<trkpt lat="43.339538" lon="-3.660819"></trkpt>
<trkpt lat="43.339523" lon="-3.660591"></trkpt>
<trkpt lat="43.339435" lon="-3.660429"></trkpt>
<trkpt lat="43.339169" lon="-3.660111"></trkpt>
<trkpt lat="43.338756" lon="-3.659415"></trkpt>
<trkpt lat="43.338384" lon="-3.658962"></trkpt>
<trkpt lat="43.338207" lon="-3.658632"></trkpt>
<trkpt lat="43.338144" lon="-3.658470"></trkpt>
<trkpt lat="43.338049" lon="-3.658091"></trkpt>
<trkpt lat="43.337871" lon="-3.656525"></trkpt>
<trkpt lat="43.337876" lon="-3.656387"></trkpt>
<trkpt lat="43.338118" lon="-3.655591"></trkpt>
<trkpt lat="43.338192" lon="-3.655156"></trkpt>
<trkpt lat="43.338203" lon="-3.654925"></trkpt>
<trkpt lat="43.338129" lon="-3.654711"></trkpt>
<trkpt lat="43.337963" lon="-3.654572"></trkpt>
<trkpt lat="43.337871" lon="-3.654553"></trkpt>
<trkpt lat="43.337721" lon="-3.654610"></trkpt>
<trkpt lat="43.337315" lon="-3.654926"></trkpt>
<trkpt lat="43.336728" lon="-3.655190"></trkpt>
<trkpt lat="43.336408" lon="-3.655581"></trkpt>
<trkpt lat="43.336112" lon="-3.655828"></trkpt>
<trkpt lat="43.335949" lon="-3.655878"></trkpt>
<trkpt lat="43.335856" lon="-3.655877"></trkpt>
<trkpt lat="43.335482" lon="-3.655737"></trkpt>
<trkpt lat="43.335224" lon="-3.655621"></trkpt>
<trkpt lat="43.335070" lon="-3.655589"></trkpt>
<trkpt lat="43.334926" lon="-3.655597"></trkpt>
<trkpt lat="43.334511" lon="-3.655705"></trkpt>
<trkpt lat="43.333843" lon="-3.655722"></trkpt>
<trkpt lat="43.333712" lon="-3.655689"></trkpt>
<trkpt lat="43.333587" lon="-3.655606"></trkpt>
<trkpt lat="43.333342" lon="-3.655274"></trkpt>
<trkpt lat="43.333157" lon="-3.654880"></trkpt>
<trkpt lat="43.333098" lon="-3.654611"></trkpt>
<trkpt lat="43.333073" lon="-3.654388"></trkpt>
<trkpt lat="43.333088" lon="-3.654137"></trkpt>
<trkpt lat="43.333165" lon="-3.653568"></trkpt>
<trkpt lat="43.333127" lon="-3.653276"></trkpt>
<trkpt lat="43.333014" lon="-3.652966"></trkpt>
<trkpt lat="43.332920" lon="-3.652810"></trkpt>
<trkpt lat="43.332482" lon="-3.652348"></trkpt>
<trkpt lat="43.332120" lon="-3.652077"></trkpt>
<trkpt lat="43.331962" lon="-3.651918"></trkpt>
<trkpt lat="43.331761" lon="-3.651635"></trkpt>
<trkpt lat="43.331671" lon="-3.651450"></trkpt>
<trkpt lat="43.330820" lon="-3.649483"></trkpt>
<trkpt lat="43.330757" lon="-3.649156"></trkpt>
<trkpt lat="43.330772" lon="-3.648151"></trkpt>
<trkpt lat="43.330757" lon="-3.648013"></trkpt>
<trkpt lat="43.330676" lon="-3.647756"></trkpt>
<trkpt lat="43.330627" lon="-3.647705"></trkpt>
<trkpt lat="43.330407" lon="-3.647618"></trkpt>
<trkpt lat="43.330272" lon="-3.647617"></trkpt>
<trkpt lat="43.330123" lon="-3.647678"></trkpt>
<trkpt lat="43.330028" lon="-3.647771"></trkpt>
<trkpt lat="43.329963" lon="-3.647878"></trkpt>
<trkpt lat="43.329954" lon="-3.647907"></trkpt>
<trkpt lat="43.329819" lon="-3.648345"></trkpt>
<trkpt lat="43.329509" lon="-3.648943"></trkpt>
<trkpt lat="43.329380" lon="-3.649130"></trkpt>
<trkpt lat="43.328824" lon="-3.649532"></trkpt>
<trkpt lat="43.328556" lon="-3.649592"></trkpt>
<trkpt lat="43.328335" lon="-3.649536"></trkpt>
<trkpt lat="43.327896" lon="-3.649253"></trkpt>
<trkpt lat="43.327437" lon="-3.649131"></trkpt>
<trkpt lat="43.327278" lon="-3.649060"></trkpt>
<trkpt lat="43.326720" lon="-3.648679"></trkpt>
<trkpt lat="43.326397" lon="-3.648280"></trkpt>
<trkpt lat="43.326262" lon="-3.648168"></trkpt>
<trkpt lat="43.325683" lon="-3.647940"></trkpt>
<trkpt lat="43.325380" lon="-3.647879"></trkpt>
<trkpt lat="43.325194" lon="-3.647939"></trkpt>
<trkpt lat="43.325064" lon="-3.648040"></trkpt>
<trkpt lat="43.324693" lon="-3.648462"></trkpt>
<trkpt lat="43.324485" lon="-3.648593"></trkpt>
<trkpt lat="43.324113" lon="-3.648755"></trkpt>
<trkpt lat="43.323926" lon="-3.648796"></trkpt>
<trkpt lat="43.323552" lon="-3.648819"></trkpt>
<trkpt lat="43.322964" lon="-3.648664"></trkpt>
<trkpt lat="43.322711" lon="-3.648503"></trkpt>
<trkpt lat="43.321973" lon="-3.647694"></trkpt>
<trkpt lat="43.321862" lon="-3.647558"></trkpt>
<trkpt lat="43.321574" lon="-3.647107"></trkpt>
<trkpt lat="43.321431" lon="-3.646933"></trkpt>
<trkpt lat="43.320929" lon="-3.646526"></trkpt>
<trkpt lat="43.320206" lon="-3.645853"></trkpt>
<trkpt lat="43.319744" lon="-3.645478"></trkpt>
<trkpt lat="43.319495" lon="-3.645205"></trkpt>
<trkpt lat="43.318539" lon="-3.643835"></trkpt>
<trkpt lat="43.318134" lon="-3.643141"></trkpt>
<trkpt lat="43.317691" lon="-3.642777"></trkpt>
<trkpt lat="43.317353" lon="-3.642362"></trkpt>
<trkpt lat="43.317084" lon="-3.642019"></trkpt>
<trkpt lat="43.316674" lon="-3.641396"></trkpt>
<trkpt lat="43.316227" lon="-3.640820"></trkpt>
<trkpt lat="43.316017" lon="-3.640389"></trkpt>
<trkpt lat="43.315970" lon="-3.640340"></trkpt>
<trkpt lat="43.315856" lon="-3.640321"></trkpt>
<trkpt lat="43.315761" lon="-3.640384"></trkpt>
<trkpt lat="43.315736" lon="-3.640443"></trkpt>
<trkpt lat="43.315650" lon="-3.641331"></trkpt>
<trkpt lat="43.315597" lon="-3.641586"></trkpt>
<trkpt lat="43.315535" lon="-3.641719"></trkpt>
<trkpt lat="43.315357" lon="-3.641909"></trkpt>
<trkpt lat="43.315227" lon="-3.641938"></trkpt>
<trkpt lat="43.315086" lon="-3.641915"></trkpt>
<trkpt lat="43.314795" lon="-3.641773"></trkpt>
<trkpt lat="43.313492" lon="-3.640684"></trkpt>
<trkpt lat="43.313360" lon="-3.640548"></trkpt>
<trkpt lat="43.313274" lon="-3.640407"></trkpt>
<trkpt lat="43.313096" lon="-3.639946"></trkpt>
<trkpt lat="43.313027" lon="-3.639848"></trkpt>
<trkpt lat="43.312946" lon="-3.639791"></trkpt>
<trkpt lat="43.312877" lon="-3.639788"></trkpt>
<trkpt lat="43.312728" lon="-3.639916"></trkpt>
<trkpt lat="43.312314" lon="-3.640575"></trkpt>
<trkpt lat="43.312257" lon="-3.640767"></trkpt>
<trkpt lat="43.312237" lon="-3.641232"></trkpt>
<trkpt lat="43.312132" lon="-3.641482"></trkpt>
<trkpt lat="43.311929" lon="-3.641655"></trkpt>
<trkpt lat="43.311269" lon="-3.641954"></trkpt>
<trkpt lat="43.310820" lon="-3.642265"></trkpt>
<trkpt lat="43.310368" lon="-3.642586"></trkpt>
<trkpt lat="43.310097" lon="-3.642926"></trkpt>
<trkpt lat="43.309653" lon="-3.643587"></trkpt>
<trkpt lat="43.309260" lon="-3.644424"></trkpt>
<trkpt lat="43.309172" lon="-3.644562"></trkpt>
<trkpt lat="43.308938" lon="-3.644785"></trkpt>
<trkpt lat="43.308687" lon="-3.644855"></trkpt>
<trkpt lat="43.308537" lon="-3.644834"></trkpt>
<trkpt lat="43.308452" lon="-3.644747"></trkpt>
<trkpt lat="43.308441" lon="-3.644700"></trkpt>
<trkpt lat="43.308461" lon="-3.644596"></trkpt>
<trkpt lat="43.308526" lon="-3.644526"></trkpt>
<trkpt lat="43.308787" lon="-3.644483"></trkpt>
<trkpt lat="43.308855" lon="-3.644442"></trkpt>
<trkpt lat="43.308952" lon="-3.644305"></trkpt>
<trkpt lat="43.308991" lon="-3.644201"></trkpt>
<trkpt lat="43.309188" lon="-3.642909"></trkpt>
<trkpt lat="43.309286" lon="-3.642547"></trkpt>
<trkpt lat="43.309865" lon="-3.641519"></trkpt>
<trkpt lat="43.310467" lon="-3.640631"></trkpt>
<trkpt lat="43.310501" lon="-3.640541"></trkpt>
<trkpt lat="43.310482" lon="-3.640464"></trkpt>
<trkpt lat="43.310381" lon="-3.640456"></trkpt>
<trkpt lat="43.310015" lon="-3.640948"></trkpt>
<trkpt lat="43.309749" lon="-3.641205"></trkpt>
<trkpt lat="43.309562" lon="-3.641347"></trkpt>
<trkpt lat="43.309241" lon="-3.641506"></trkpt>
<trkpt lat="43.308789" lon="-3.641597"></trkpt>
<trkpt lat="43.308599" lon="-3.641699"></trkpt>
<trkpt lat="43.308490" lon="-3.641840"></trkpt>
<trkpt lat="43.308312" lon="-3.642320"></trkpt>
<trkpt lat="43.308205" lon="-3.642456"></trkpt>
<trkpt lat="43.308063" lon="-3.642532"></trkpt>
<trkpt lat="43.307963" lon="-3.642543"></trkpt>
<trkpt lat="43.307614" lon="-3.642506"></trkpt>
<trkpt lat="43.307519" lon="-3.642531"></trkpt>
<trkpt lat="43.306527" lon="-3.643153"></trkpt>
<trkpt lat="43.306023" lon="-3.643319"></trkpt>
<trkpt lat="43.305892" lon="-3.643407"></trkpt>
<trkpt lat="43.305754" lon="-3.643546"></trkpt>
<trkpt lat="43.305430" lon="-3.643969"></trkpt>
<trkpt lat="43.305158" lon="-3.644435"></trkpt>
<trkpt lat="43.304868" lon="-3.644847"></trkpt>
<trkpt lat="43.304725" lon="-3.645126"></trkpt>
<trkpt lat="43.304660" lon="-3.645199"></trkpt>
<trkpt lat="43.304604" lon="-3.645182"></trkpt>
<trkpt lat="43.304586" lon="-3.645149"></trkpt>
<trkpt lat="43.304593" lon="-3.645051"></trkpt>
<trkpt lat="43.304929" lon="-3.644364"></trkpt>
<trkpt lat="43.305010" lon="-3.644153"></trkpt>
<trkpt lat="43.305088" lon="-3.643814"></trkpt>
<trkpt lat="43.305087" lon="-3.643465"></trkpt>
<trkpt lat="43.304995" lon="-3.642929"></trkpt>
<trkpt lat="43.304906" lon="-3.642825"></trkpt>
<trkpt lat="43.304830" lon="-3.642847"></trkpt>
<trkpt lat="43.304780" lon="-3.642937"></trkpt>
<trkpt lat="43.304831" lon="-3.643190"></trkpt>
<trkpt lat="43.304832" lon="-3.643445"></trkpt>
<trkpt lat="43.304768" lon="-3.643789"></trkpt>
<trkpt lat="43.304681" lon="-3.644010"></trkpt>
<trkpt lat="43.304596" lon="-3.644159"></trkpt>
<trkpt lat="43.303812" lon="-3.645230"></trkpt>
<trkpt lat="43.303380" lon="-3.645679"></trkpt>
<trkpt lat="43.303271" lon="-3.645835"></trkpt>
<trkpt lat="43.303220" lon="-3.645995"></trkpt>
<trkpt lat="43.303172" lon="-3.646453"></trkpt>
<trkpt lat="43.303118" lon="-3.646511"></trkpt>
<trkpt lat="43.303041" lon="-3.646469"></trkpt>
<trkpt lat="43.303031" lon="-3.646346"></trkpt>
<trkpt lat="43.303125" lon="-3.645874"></trkpt>
<trkpt lat="43.303328" lon="-3.645290"></trkpt>
<trkpt lat="43.303402" lon="-3.644845"></trkpt>
<trkpt lat="43.303393" lon="-3.644687"></trkpt>
<trkpt lat="43.303313" lon="-3.644513"></trkpt>
<trkpt lat="43.303155" lon="-3.644397"></trkpt>
<trkpt lat="43.303024" lon="-3.644410"></trkpt>
<trkpt lat="43.302867" lon="-3.644573"></trkpt>
<trkpt lat="43.302810" lon="-3.644757"></trkpt>
<trkpt lat="43.302646" lon="-3.645668"></trkpt>
<trkpt lat="43.302524" lon="-3.646667"></trkpt>
<trkpt lat="43.302535" lon="-3.646800"></trkpt>
<trkpt lat="43.302562" lon="-3.646911"></trkpt>
<trkpt lat="43.302662" lon="-3.647063"></trkpt>
<trkpt lat="43.302917" lon="-3.647218"></trkpt>
<trkpt lat="43.303111" lon="-3.647443"></trkpt>
<trkpt lat="43.303176" lon="-3.647611"></trkpt>
<trkpt lat="43.303194" lon="-3.647741"></trkpt>
<trkpt lat="43.303177" lon="-3.648156"></trkpt>
<trkpt lat="43.303063" lon="-3.648859"></trkpt>
<trkpt lat="43.302962" lon="-3.649170"></trkpt>
<trkpt lat="43.302832" lon="-3.649457"></trkpt>
<trkpt lat="43.302485" lon="-3.649958"></trkpt>
<trkpt lat="43.302452" lon="-3.650058"></trkpt>
<trkpt lat="43.302443" lon="-3.650310"></trkpt>
<trkpt lat="43.302611" lon="-3.650814"></trkpt>
<trkpt lat="43.302579" lon="-3.651087"></trkpt>
<trkpt lat="43.302390" lon="-3.651531"></trkpt>
<trkpt lat="43.302326" lon="-3.651909"></trkpt>
<trkpt lat="43.302294" lon="-3.652394"></trkpt>
<trkpt lat="43.302336" lon="-3.652847"></trkpt>
<trkpt lat="43.302386" lon="-3.653098"></trkpt>
<trkpt lat="43.302375" lon="-3.653165"></trkpt>
<trkpt lat="43.302342" lon="-3.653213"></trkpt>
<trkpt lat="43.302298" lon="-3.653224"></trkpt>
<trkpt lat="43.302249" lon="-3.653197"></trkpt>
<trkpt lat="43.302231" lon="-3.653151"></trkpt>
<trkpt lat="43.301892" lon="-3.651522"></trkpt>
<trkpt lat="43.301785" lon="-3.651009"></trkpt>
<trkpt lat="43.301647" lon="-3.650415"></trkpt>
<trkpt lat="43.301449" lon="-3.649762"></trkpt>
<trkpt lat="43.301376" lon="-3.649616"></trkpt>
<trkpt lat="43.301333" lon="-3.649583"></trkpt>
<trkpt lat="43.301245" lon="-3.649560"></trkpt>
<trkpt lat="43.301202" lon="-3.649577"></trkpt>
<trkpt lat="43.301127" lon="-3.649681"></trkpt>
<trkpt lat="43.300935" lon="-3.650922"></trkpt>
<trkpt lat="43.300789" lon="-3.651419"></trkpt>
<trkpt lat="43.300692" lon="-3.651555"></trkpt>
<trkpt lat="43.300580" lon="-3.651622"></trkpt>
<trkpt lat="43.300503" lon="-3.651619"></trkpt>
<trkpt lat="43.300359" lon="-3.651529"></trkpt>
<trkpt lat="43.300317" lon="-3.651487"></trkpt>
<trkpt lat="43.300187" lon="-3.651353"></trkpt>
<trkpt lat="43.299905" lon="-3.651162"></trkpt>
<trkpt lat="43.298999" lon="-3.650594"></trkpt>
<trkpt lat="43.298860" lon="-3.650481"></trkpt>
<trkpt lat="43.298377" lon="-3.649898"></trkpt>
<trkpt lat="43.298187" lon="-3.649584"></trkpt>
<trkpt lat="43.297925" lon="-3.648985"></trkpt>
<trkpt lat="43.297864" lon="-3.648901"></trkpt>
<trkpt lat="43.297773" lon="-3.648851"></trkpt>
<trkpt lat="43.297675" lon="-3.648838"></trkpt>
<trkpt lat="43.297556" lon="-3.648868"></trkpt>
<trkpt lat="43.296712" lon="-3.649291"></trkpt>
<trkpt lat="43.296602" lon="-3.649332"></trkpt>
<trkpt lat="43.296523" lon="-3.649324"></trkpt>
<trkpt lat="43.296445" lon="-3.649296"></trkpt>
<trkpt lat="43.296362" lon="-3.649216"></trkpt>
<trkpt lat="43.296084" lon="-3.648554"></trkpt>
<trkpt lat="43.295881" lon="-3.648344"></trkpt>
<trkpt lat="43.295669" lon="-3.648212"></trkpt>
<trkpt lat="43.295449" lon="-3.648190"></trkpt>
<trkpt lat="43.295356" lon="-3.648234"></trkpt>
<trkpt lat="43.295263" lon="-3.648305"></trkpt>
<trkpt lat="43.295066" lon="-3.648592"></trkpt>
<trkpt lat="43.294942" lon="-3.648689"></trkpt>
<trkpt lat="43.294814" lon="-3.648689"></trkpt>
<trkpt lat="43.294710" lon="-3.648621"></trkpt>
<trkpt lat="43.294618" lon="-3.648418"></trkpt>
<trkpt lat="43.294540" lon="-3.647990"></trkpt>
<trkpt lat="43.294490" lon="-3.647886"></trkpt>
<trkpt lat="43.294186" lon="-3.647509"></trkpt>
<trkpt lat="43.294038" lon="-3.647008"></trkpt>
<trkpt lat="43.293989" lon="-3.646918"></trkpt>
<trkpt lat="43.293927" lon="-3.646842"></trkpt>
<trkpt lat="43.293793" lon="-3.646781"></trkpt>
<trkpt lat="43.293595" lon="-3.646819"></trkpt>
<trkpt lat="43.293473" lon="-3.646943"></trkpt>
<trkpt lat="43.293255" lon="-3.647544"></trkpt>
<trkpt lat="43.293176" lon="-3.647839"></trkpt>
<trkpt lat="43.293131" lon="-3.648220"></trkpt>
<trkpt lat="43.293062" lon="-3.648342"></trkpt>
<trkpt lat="43.292957" lon="-3.648374"></trkpt>
<trkpt lat="43.292816" lon="-3.648286"></trkpt>
<trkpt lat="43.292685" lon="-3.648116"></trkpt>
<trkpt lat="43.292459" lon="-3.647943"></trkpt>
<trkpt lat="43.292053" lon="-3.647720"></trkpt>
<trkpt lat="43.291510" lon="-3.647477"></trkpt>
<trkpt lat="43.291128" lon="-3.647419"></trkpt>
<trkpt lat="43.290625" lon="-3.647445"></trkpt>
<trkpt lat="43.290091" lon="-3.647319"></trkpt>
<trkpt lat="43.289994" lon="-3.647258"></trkpt>
<trkpt lat="43.289864" lon="-3.647097"></trkpt>
<trkpt lat="43.289701" lon="-3.646661"></trkpt>
<trkpt lat="43.289575" lon="-3.646511"></trkpt>
<trkpt lat="43.289269" lon="-3.646274"></trkpt>
<trkpt lat="43.289075" lon="-3.646218"></trkpt>
<trkpt lat="43.288836" lon="-3.646277"></trkpt>
<trkpt lat="43.288654" lon="-3.646439"></trkpt>
<trkpt lat="43.288426" lon="-3.646787"></trkpt>
<trkpt lat="43.288160" lon="-3.647391"></trkpt>
<trkpt lat="43.287991" lon="-3.647554"></trkpt>
<trkpt lat="43.287791" lon="-3.647672"></trkpt>
<trkpt lat="43.287235" lon="-3.647885"></trkpt>
<trkpt lat="43.287032" lon="-3.647877"></trkpt>
<trkpt lat="43.286735" lon="-3.647732"></trkpt>
<trkpt lat="43.286687" lon="-3.647743"></trkpt>
<trkpt lat="43.286662" lon="-3.647783"></trkpt>
<trkpt lat="43.286657" lon="-3.647885"></trkpt>
<trkpt lat="43.286771" lon="-3.647985"></trkpt>
<trkpt lat="43.287154" lon="-3.648129"></trkpt>
<trkpt lat="43.287989" lon="-3.648241"></trkpt>
<trkpt lat="43.288083" lon="-3.648278"></trkpt>
<trkpt lat="43.288181" lon="-3.648397"></trkpt>
<trkpt lat="43.288304" lon="-3.648814"></trkpt>
<trkpt lat="43.288433" lon="-3.649028"></trkpt>
<trkpt lat="43.289135" lon="-3.649536"></trkpt>
<trkpt lat="43.289347" lon="-3.649728"></trkpt>
<trkpt lat="43.289668" lon="-3.650111"></trkpt>
<trkpt lat="43.289837" lon="-3.650267"></trkpt>
<trkpt lat="43.290655" lon="-3.650824"></trkpt>
<trkpt lat="43.290932" lon="-3.650911"></trkpt>
<trkpt lat="43.290981" lon="-3.650970"></trkpt>
<trkpt lat="43.290984" lon="-3.651016"></trkpt>
<trkpt lat="43.290956" lon="-3.651093"></trkpt>
<trkpt lat="43.290890" lon="-3.651115"></trkpt>
<trkpt lat="43.290447" lon="-3.650916"></trkpt>
<trkpt lat="43.289876" lon="-3.650800"></trkpt>
<trkpt lat="43.289711" lon="-3.650731"></trkpt>
<trkpt lat="43.289326" lon="-3.650482"></trkpt>
<trkpt lat="43.288981" lon="-3.650361"></trkpt>
<trkpt lat="43.288645" lon="-3.650167"></trkpt>
<trkpt lat="43.288494" lon="-3.650122"></trkpt>
<trkpt lat="43.288255" lon="-3.650129"></trkpt>
<trkpt lat="43.287998" lon="-3.650157"></trkpt>
<trkpt lat="43.287789" lon="-3.650248"></trkpt>
<trkpt lat="43.287613" lon="-3.650461"></trkpt>
<trkpt lat="43.287372" lon="-3.651002"></trkpt>
<trkpt lat="43.287283" lon="-3.651108"></trkpt>
<trkpt lat="43.287142" lon="-3.651198"></trkpt>
<trkpt lat="43.286985" lon="-3.651202"></trkpt>
<trkpt lat="43.286818" lon="-3.651127"></trkpt>
<trkpt lat="43.286321" lon="-3.650627"></trkpt>
<trkpt lat="43.286225" lon="-3.650404"></trkpt>
<trkpt lat="43.286156" lon="-3.650040"></trkpt>
<trkpt lat="43.286092" lon="-3.649885"></trkpt>
<trkpt lat="43.286035" lon="-3.649798"></trkpt>
<trkpt lat="43.285681" lon="-3.649431"></trkpt>
<trkpt lat="43.285260" lon="-3.648852"></trkpt>
<trkpt lat="43.285206" lon="-3.648744"></trkpt>
<trkpt lat="43.285126" lon="-3.648438"></trkpt>
<trkpt lat="43.285101" lon="-3.648268"></trkpt>
<trkpt lat="43.285101" lon="-3.647986"></trkpt>
<trkpt lat="43.285119" lon="-3.647830"></trkpt>
<trkpt lat="43.285208" lon="-3.647484"></trkpt>
<trkpt lat="43.285222" lon="-3.647301"></trkpt>
<trkpt lat="43.285152" lon="-3.645511"></trkpt>
<trkpt lat="43.285157" lon="-3.644230"></trkpt>
<trkpt lat="43.285116" lon="-3.643390"></trkpt>
<trkpt lat="43.285052" lon="-3.642455"></trkpt>
<trkpt lat="43.284945" lon="-3.641548"></trkpt>
<trkpt lat="43.284832" lon="-3.640747"></trkpt>
<trkpt lat="43.284719" lon="-3.640337"></trkpt>
<trkpt lat="43.284622" lon="-3.639993"></trkpt>
<trkpt lat="43.284428" lon="-3.638552"></trkpt>
<trkpt lat="43.284433" lon="-3.638315"></trkpt>
<trkpt lat="43.284596" lon="-3.637594"></trkpt>
<trkpt lat="43.284610" lon="-3.636540"></trkpt>
<trkpt lat="43.284595" lon="-3.636030"></trkpt>
<trkpt lat="43.284542" lon="-3.635676"></trkpt>
<trkpt lat="43.284179" lon="-3.634458"></trkpt>
<trkpt lat="43.284147" lon="-3.634223"></trkpt>
<trkpt lat="43.284160" lon="-3.633998"></trkpt>
<trkpt lat="43.284219" lon="-3.633764"></trkpt>
<trkpt lat="43.284433" lon="-3.633336"></trkpt>
<trkpt lat="43.284808" lon="-3.632835"></trkpt>
<trkpt lat="43.285044" lon="-3.632469"></trkpt>
<trkpt lat="43.285354" lon="-3.631752"></trkpt>
<trkpt lat="43.285450" lon="-3.631451"></trkpt>
<trkpt lat="43.285436" lon="-3.631331"></trkpt>
<trkpt lat="43.285372" lon="-3.631230"></trkpt>
<trkpt lat="43.285289" lon="-3.631167"></trkpt>
<trkpt lat="43.284789" lon="-3.631047"></trkpt>
<trkpt lat="43.284450" lon="-3.630915"></trkpt>
<trkpt lat="43.284114" lon="-3.630657"></trkpt>
<trkpt lat="43.283417" lon="-3.629828"></trkpt>
<trkpt lat="43.282826" lon="-3.628767"></trkpt>
<trkpt lat="43.282204" lon="-3.627363"></trkpt>
<trkpt lat="43.281914" lon="-3.626785"></trkpt>
<trkpt lat="43.281424" lon="-3.626127"></trkpt>
<trkpt lat="43.280344" lon="-3.624820"></trkpt>
<trkpt lat="43.280119" lon="-3.624518"></trkpt>
<trkpt lat="43.279999" lon="-3.624299"></trkpt>
<trkpt lat="43.279869" lon="-3.623955"></trkpt>
<trkpt lat="43.279805" lon="-3.623692"></trkpt>
<trkpt lat="43.279755" lon="-3.623341"></trkpt>
<trkpt lat="43.279674" lon="-3.622403"></trkpt>
<trkpt lat="43.279451" lon="-3.620833"></trkpt>
<trkpt lat="43.279378" lon="-3.619912"></trkpt>
<trkpt lat="43.279396" lon="-3.619302"></trkpt>
<trkpt lat="43.279484" lon="-3.618940"></trkpt>
<trkpt lat="43.280175" lon="-3.617102"></trkpt>
<trkpt lat="43.280237" lon="-3.616831"></trkpt>
<trkpt lat="43.280241" lon="-3.616664"></trkpt>
<trkpt lat="43.280204" lon="-3.616533"></trkpt>
<trkpt lat="43.279911" lon="-3.615925"></trkpt>
<trkpt lat="43.279838" lon="-3.615732"></trkpt>
<trkpt lat="43.279744" lon="-3.615370"></trkpt>
<trkpt lat="43.279716" lon="-3.615134"></trkpt>
<trkpt lat="43.279716" lon="-3.614775"></trkpt>
<trkpt lat="43.279795" lon="-3.614268"></trkpt>
<trkpt lat="43.279926" lon="-3.613722"></trkpt>
<trkpt lat="43.280127" lon="-3.613325"></trkpt>
<trkpt lat="43.280443" lon="-3.612970"></trkpt>
<trkpt lat="43.280514" lon="-3.612759"></trkpt>
<trkpt lat="43.280515" lon="-3.612596"></trkpt>
<trkpt lat="43.280398" lon="-3.612072"></trkpt>
<trkpt lat="43.280310" lon="-3.611858"></trkpt>
<trkpt lat="43.280066" lon="-3.611466"></trkpt>
<trkpt lat="43.279970" lon="-3.611358"></trkpt>
<trkpt lat="43.279902" lon="-3.611378"></trkpt>
<trkpt lat="43.279880" lon="-3.611460"></trkpt>
<trkpt lat="43.279919" lon="-3.611550"></trkpt>
<trkpt lat="43.280089" lon="-3.611740"></trkpt>
<trkpt lat="43.280181" lon="-3.611937"></trkpt>
<trkpt lat="43.280262" lon="-3.612370"></trkpt>
<trkpt lat="43.280242" lon="-3.612518"></trkpt>
<trkpt lat="43.280136" lon="-3.612700"></trkpt>
<trkpt lat="43.279719" lon="-3.613097"></trkpt>
<trkpt lat="43.279441" lon="-3.613526"></trkpt>
<trkpt lat="43.279317" lon="-3.613851"></trkpt>
<trkpt lat="43.278895" lon="-3.615318"></trkpt>
<trkpt lat="43.278878" lon="-3.615526"></trkpt>
<trkpt lat="43.278906" lon="-3.616320"></trkpt>
<trkpt lat="43.278867" lon="-3.616624"></trkpt>
<trkpt lat="43.278777" lon="-3.616821"></trkpt>
<trkpt lat="43.278573" lon="-3.617164"></trkpt>
<trkpt lat="43.278518" lon="-3.617211"></trkpt>
<trkpt lat="43.278459" lon="-3.617209"></trkpt>
<trkpt lat="43.278430" lon="-3.617112"></trkpt>
<trkpt lat="43.278537" lon="-3.616823"></trkpt>
<trkpt lat="43.278575" lon="-3.616614"></trkpt>
<trkpt lat="43.278573" lon="-3.616437"></trkpt>
<trkpt lat="43.278445" lon="-3.615303"></trkpt>
<trkpt lat="43.278452" lon="-3.614847"></trkpt>
<trkpt lat="43.278487" lon="-3.614613"></trkpt>
<trkpt lat="43.278638" lon="-3.613978"></trkpt>
<trkpt lat="43.278658" lon="-3.613311"></trkpt>
<trkpt lat="43.278853" lon="-3.612566"></trkpt>
<trkpt lat="43.278868" lon="-3.612340"></trkpt>
<trkpt lat="43.278834" lon="-3.612241"></trkpt>
<trkpt lat="43.278548" lon="-3.611939"></trkpt>
<trkpt lat="43.278456" lon="-3.611769"></trkpt>
<trkpt lat="43.277948" lon="-3.610454"></trkpt>
<trkpt lat="43.277795" lon="-3.609907"></trkpt>
<trkpt lat="43.277712" lon="-3.609355"></trkpt>
<trkpt lat="43.277529" lon="-3.606902"></trkpt>
<trkpt lat="43.277511" lon="-3.606765"></trkpt>
<trkpt lat="43.277460" lon="-3.606627"></trkpt>
<trkpt lat="43.277046" lon="-3.606044"></trkpt>
<trkpt lat="43.275867" lon="-3.604415"></trkpt>
<trkpt lat="43.275678" lon="-3.604113"></trkpt>
<trkpt lat="43.275532" lon="-3.603857"></trkpt>
<trkpt lat="43.275463" lon="-3.603723"></trkpt>
<trkpt lat="43.275210" lon="-3.603234"></trkpt>
<trkpt lat="43.274884" lon="-3.602589"></trkpt>
<trkpt lat="43.274819" lon="-3.602464"></trkpt>
<trkpt lat="43.274610" lon="-3.602053"></trkpt>
<trkpt lat="43.274452" lon="-3.601749"></trkpt>
<trkpt lat="43.274361" lon="-3.601626"></trkpt>
<trkpt lat="43.274136" lon="-3.601414"></trkpt>
<trkpt lat="43.273832" lon="-3.600721"></trkpt>
<trkpt lat="43.273775" lon="-3.600365"></trkpt>
<trkpt lat="43.273780" lon="-3.600230"></trkpt>
<trkpt lat="43.273850" lon="-3.599885"></trkpt>
<trkpt lat="43.274007" lon="-3.599258"></trkpt>
<trkpt lat="43.274038" lon="-3.599070"></trkpt>
<trkpt lat="43.274022" lon="-3.598937"></trkpt>
<trkpt lat="43.273995" lon="-3.598848"></trkpt>
<trkpt lat="43.273941" lon="-3.598774"></trkpt>
<trkpt lat="43.273903" lon="-3.598747"></trkpt>
<trkpt lat="43.273815" lon="-3.598699"></trkpt>
<trkpt lat="43.273600" lon="-3.598578"></trkpt>
<trkpt lat="43.273381" lon="-3.598401"></trkpt>
<trkpt lat="43.273259" lon="-3.598268"></trkpt>
<trkpt lat="43.273152" lon="-3.598108"></trkpt>
<trkpt lat="43.272841" lon="-3.597607"></trkpt>
<trkpt lat="43.272573" lon="-3.597113"></trkpt>
<trkpt lat="43.272517" lon="-3.596955"></trkpt>
<trkpt lat="43.272520" lon="-3.596870"></trkpt>
<trkpt lat="43.272600" lon="-3.596499"></trkpt>
<trkpt lat="43.272619" lon="-3.596434"></trkpt>
<trkpt lat="43.272712" lon="-3.596256"></trkpt>
<trkpt lat="43.272879" lon="-3.596106"></trkpt>
<trkpt lat="43.272940" lon="-3.596036"></trkpt>
<trkpt lat="43.273197" lon="-3.595584"></trkpt>
<trkpt lat="43.273278" lon="-3.595370"></trkpt>
<trkpt lat="43.273363" lon="-3.595040"></trkpt>
<trkpt lat="43.273416" lon="-3.594614"></trkpt>
<trkpt lat="43.273479" lon="-3.594310"></trkpt>
<trkpt lat="43.273634" lon="-3.593790"></trkpt>
<trkpt lat="43.273899" lon="-3.592953"></trkpt>
<trkpt lat="43.275000" lon="-3.590152"></trkpt>
<trkpt lat="43.275100" lon="-3.589738"></trkpt>
<trkpt lat="43.275182" lon="-3.589304"></trkpt>
<trkpt lat="43.275262" lon="-3.588706"></trkpt>
<trkpt lat="43.275210" lon="-3.587575"></trkpt>
<trkpt lat="43.275254" lon="-3.586726"></trkpt>
<trkpt lat="43.275345" lon="-3.586107"></trkpt>
<trkpt lat="43.275436" lon="-3.585689"></trkpt>
<trkpt lat="43.275603" lon="-3.585153"></trkpt>
<trkpt lat="43.275652" lon="-3.584915"></trkpt>
<trkpt lat="43.275995" lon="-3.582524"></trkpt>
<trkpt lat="43.276035" lon="-3.582118"></trkpt>
<trkpt lat="43.276862" lon="-3.579909"></trkpt>
<trkpt lat="43.276931" lon="-3.579677"></trkpt>
<trkpt lat="43.276926" lon="-3.579274"></trkpt>
<trkpt lat="43.276813" lon="-3.578798"></trkpt>
<trkpt lat="43.276473" lon="-3.578080"></trkpt>
<trkpt lat="43.276369" lon="-3.577793"></trkpt>
<trkpt lat="43.276271" lon="-3.577251"></trkpt>
<trkpt lat="43.276225" lon="-3.576756"></trkpt>
<trkpt lat="43.276232" lon="-3.576546"></trkpt>
<trkpt lat="43.276282" lon="-3.576079"></trkpt>
<trkpt lat="43.276380" lon="-3.575624"></trkpt>
<trkpt lat="43.276492" lon="-3.575264"></trkpt>
<trkpt lat="43.276769" lon="-3.574890"></trkpt>
<trkpt lat="43.277319" lon="-3.574502"></trkpt>
<trkpt lat="43.277488" lon="-3.574354"></trkpt>
<trkpt lat="43.278024" lon="-3.573707"></trkpt>
<trkpt lat="43.278529" lon="-3.572606"></trkpt>
<trkpt lat="43.278669" lon="-3.572374"></trkpt>
<trkpt lat="43.279373" lon="-3.571403"></trkpt>
<trkpt lat="43.279558" lon="-3.570920"></trkpt>
<trkpt lat="43.279710" lon="-3.570397"></trkpt>
<trkpt lat="43.279867" lon="-3.570021"></trkpt>
<trkpt lat="43.279967" lon="-3.569869"></trkpt>
<trkpt lat="43.280292" lon="-3.569539"></trkpt>
<trkpt lat="43.280477" lon="-3.569413"></trkpt>
<trkpt lat="43.280696" lon="-3.569264"></trkpt>
<trkpt lat="43.280913" lon="-3.569068"></trkpt>
<trkpt lat="43.281003" lon="-3.568972"></trkpt>
<trkpt lat="43.281164" lon="-3.568725"></trkpt>
<trkpt lat="43.281254" lon="-3.568466"></trkpt>
<trkpt lat="43.281281" lon="-3.568228"></trkpt>
<trkpt lat="43.281302" lon="-3.567529"></trkpt>
<trkpt lat="43.281334" lon="-3.565724"></trkpt>
<trkpt lat="43.281345" lon="-3.565287"></trkpt>
<trkpt lat="43.281419" lon="-3.562323"></trkpt>
<trkpt lat="43.281422" lon="-3.562202"></trkpt>
<trkpt lat="43.281433" lon="-3.561647"></trkpt>
<trkpt lat="43.281435" lon="-3.561261"></trkpt>
<trkpt lat="43.281443" lon="-3.561094"></trkpt>
<trkpt lat="43.281448" lon="-3.560738"></trkpt>
<trkpt lat="43.281453" lon="-3.560383"></trkpt>
<trkpt lat="43.281457" lon="-3.560078"></trkpt>
<trkpt lat="43.281503" lon="-3.558907"></trkpt>
<trkpt lat="43.281539" lon="-3.558399"></trkpt>
<trkpt lat="43.281566" lon="-3.557956"></trkpt>
<trkpt lat="43.281199" lon="-3.557941"></trkpt>
<trkpt lat="43.281132" lon="-3.557888"></trkpt>
<trkpt lat="43.280665" lon="-3.557784"></trkpt>
<trkpt lat="43.280536" lon="-3.557656"></trkpt>
<trkpt lat="43.280412" lon="-3.557359"></trkpt>
<trkpt lat="43.280424" lon="-3.557272"></trkpt>
<trkpt lat="43.280372" lon="-3.556989"></trkpt>
<trkpt lat="43.280373" lon="-3.556891"></trkpt>
<trkpt lat="43.280215" lon="-3.556257"></trkpt>
<trkpt lat="43.280228" lon="-3.556127"></trkpt>
<trkpt lat="43.280795" lon="-3.555671"></trkpt>
<trkpt lat="43.281723" lon="-3.555355"></trkpt>
<trkpt lat="43.282044" lon="-3.550090"></trkpt>
<trkpt lat="43.282123" lon="-3.548686"></trkpt>
<trkpt lat="43.282168" lon="-3.548224"></trkpt>
<trkpt lat="43.282320" lon="-3.547336"></trkpt>
<trkpt lat="43.282342" lon="-3.546712"></trkpt>
<trkpt lat="43.282282" lon="-3.546246"></trkpt>
<trkpt lat="43.281753" lon="-3.543061"></trkpt>
<trkpt lat="43.281773" lon="-3.542644"></trkpt>
<trkpt lat="43.281979" lon="-3.541516"></trkpt>
<trkpt lat="43.282018" lon="-3.540376"></trkpt>
<trkpt lat="43.282005" lon="-3.540162"></trkpt>
<trkpt lat="43.281889" lon="-3.539774"></trkpt>
<trkpt lat="43.281748" lon="-3.539427"></trkpt>
<trkpt lat="43.281478" lon="-3.538895"></trkpt>
<trkpt lat="43.281469" lon="-3.538878"></trkpt>
<trkpt lat="43.281199" lon="-3.538388"></trkpt>
<trkpt lat="43.281087" lon="-3.538113"></trkpt>
<trkpt lat="43.280960" lon="-3.537665"></trkpt>
<trkpt lat="43.280642" lon="-3.535841"></trkpt>
<trkpt lat="43.280632" lon="-3.535330"></trkpt>
<trkpt lat="43.280837" lon="-3.534116"></trkpt>
<trkpt lat="43.280818" lon="-3.533707"></trkpt>
<trkpt lat="43.280670" lon="-3.533110"></trkpt>
<trkpt lat="43.279600" lon="-3.529613"></trkpt>
<trkpt lat="43.279148" lon="-3.528088"></trkpt>
<trkpt lat="43.278967" lon="-3.527636"></trkpt>
<trkpt lat="43.278605" lon="-3.526913"></trkpt>
<trkpt lat="43.278568" lon="-3.526846"></trkpt>
<trkpt lat="43.278543" lon="-3.526800"></trkpt>
<trkpt lat="43.278371" lon="-3.526479"></trkpt>
<trkpt lat="43.278349" lon="-3.526436"></trkpt>
<trkpt lat="43.278198" lon="-3.526161"></trkpt>
<trkpt lat="43.277988" lon="-3.525919"></trkpt>
<trkpt lat="43.277935" lon="-3.525847"></trkpt>
<trkpt lat="43.277872" lon="-3.525740"></trkpt>
<trkpt lat="43.277818" lon="-3.525581"></trkpt>
<trkpt lat="43.277821" lon="-3.525185"></trkpt>
<trkpt lat="43.277819" lon="-3.525117"></trkpt>
<trkpt lat="43.277804" lon="-3.524712"></trkpt>
<trkpt lat="43.277751" lon="-3.524458"></trkpt>
<trkpt lat="43.277585" lon="-3.523953"></trkpt>
<trkpt lat="43.277360" lon="-3.523378"></trkpt>
<trkpt lat="43.276519" lon="-3.521209"></trkpt>
<trkpt lat="43.276366" lon="-3.520806"></trkpt>
<trkpt lat="43.276316" lon="-3.520673"></trkpt>
<trkpt lat="43.276237" lon="-3.520463"></trkpt>
<trkpt lat="43.274766" lon="-3.515804"></trkpt>
<trkpt lat="43.274611" lon="-3.515325"></trkpt>
<trkpt lat="43.274120" lon="-3.514018"></trkpt>
<trkpt lat="43.273783" lon="-3.513213"></trkpt>
<trkpt lat="43.273351" lon="-3.511642"></trkpt>
<trkpt lat="43.273288" lon="-3.511476"></trkpt>
<trkpt lat="43.273038" lon="-3.510920"></trkpt>
<trkpt lat="43.272779" lon="-3.510487"></trkpt>
<trkpt lat="43.272543" lon="-3.510023"></trkpt>
<trkpt lat="43.272371" lon="-3.509582"></trkpt>
<trkpt lat="43.272281" lon="-3.509280"></trkpt>
<trkpt lat="43.272089" lon="-3.508486"></trkpt>
<trkpt lat="43.272026" lon="-3.508322"></trkpt>
<trkpt lat="43.271707" lon="-3.507758"></trkpt>
<trkpt lat="43.271286" lon="-3.506982"></trkpt>
<trkpt lat="43.271171" lon="-3.506808"></trkpt>
<trkpt lat="43.270792" lon="-3.506387"></trkpt>
<trkpt lat="43.270547" lon="-3.505979"></trkpt>
<trkpt lat="43.270449" lon="-3.505718"></trkpt>
<trkpt lat="43.270218" lon="-3.504771"></trkpt>
<trkpt lat="43.269864" lon="-3.503571"></trkpt>
<trkpt lat="43.269717" lon="-3.503116"></trkpt>
<trkpt lat="43.268796" lon="-3.500737"></trkpt>
<trkpt lat="43.268710" lon="-3.500334"></trkpt>
<trkpt lat="43.268723" lon="-3.499869"></trkpt>
<trkpt lat="43.268765" lon="-3.499708"></trkpt>
<trkpt lat="43.268949" lon="-3.499341"></trkpt>
<trkpt lat="43.269035" lon="-3.499099"></trkpt>
<trkpt lat="43.269204" lon="-3.498393"></trkpt>
<trkpt lat="43.269280" lon="-3.497731"></trkpt>
<trkpt lat="43.269226" lon="-3.497232"></trkpt>
<trkpt lat="43.269166" lon="-3.496964"></trkpt>
<trkpt lat="43.269044" lon="-3.496474"></trkpt>
<trkpt lat="43.268952" lon="-3.496200"></trkpt>
<trkpt lat="43.268740" lon="-3.495706"></trkpt>
<trkpt lat="43.268708" lon="-3.495441"></trkpt>
<trkpt lat="43.268647" lon="-3.493856"></trkpt>
<trkpt lat="43.268607" lon="-3.493534"></trkpt>
<trkpt lat="43.268539" lon="-3.493223"></trkpt>
<trkpt lat="43.268378" lon="-3.492732"></trkpt>
<trkpt lat="43.268135" lon="-3.492055"></trkpt>
<trkpt lat="43.267987" lon="-3.491673"></trkpt>
<trkpt lat="43.267829" lon="-3.491068"></trkpt>
<trkpt lat="43.267817" lon="-3.490669"></trkpt>
<trkpt lat="43.267838" lon="-3.490538"></trkpt>
<trkpt lat="43.267988" lon="-3.490168"></trkpt>
<trkpt lat="43.268019" lon="-3.490031"></trkpt>
<trkpt lat="43.268027" lon="-3.489699"></trkpt>
<trkpt lat="43.267853" lon="-3.488706"></trkpt>
<trkpt lat="43.267737" lon="-3.488392"></trkpt>
<trkpt lat="43.267561" lon="-3.488014"></trkpt>
<trkpt lat="43.267356" lon="-3.487349"></trkpt>
<trkpt lat="43.267231" lon="-3.487011"></trkpt>
<trkpt lat="43.267094" lon="-3.486720"></trkpt>
<trkpt lat="43.266822" lon="-3.485912"></trkpt>
<trkpt lat="43.266697" lon="-3.485649"></trkpt>
<trkpt lat="43.266501" lon="-3.485413"></trkpt>
<trkpt lat="43.266315" lon="-3.485239"></trkpt>
<trkpt lat="43.265157" lon="-3.484229"></trkpt>
<trkpt lat="43.264732" lon="-3.483847"></trkpt>
<trkpt lat="43.264538" lon="-3.483596"></trkpt>
<trkpt lat="43.264308" lon="-3.483154"></trkpt>
<trkpt lat="43.263343" lon="-3.480279"></trkpt>
<trkpt lat="43.263183" lon="-3.479844"></trkpt>
<trkpt lat="43.262999" lon="-3.479429"></trkpt>
<trkpt lat="43.262704" lon="-3.478851"></trkpt>
<trkpt lat="43.261760" lon="-3.477043"></trkpt>
<trkpt lat="43.261637" lon="-3.476580"></trkpt>
<trkpt lat="43.261585" lon="-3.476298"></trkpt>
<trkpt lat="43.261424" lon="-3.475436"></trkpt>
<trkpt lat="43.261367" lon="-3.475155"></trkpt>
<trkpt lat="43.261178" lon="-3.474194"></trkpt>
<trkpt lat="43.261162" lon="-3.473863"></trkpt>
<trkpt lat="43.261191" lon="-3.473306"></trkpt>
<trkpt lat="43.261252" lon="-3.472352"></trkpt>
<trkpt lat="43.261253" lon="-3.471640"></trkpt>
<trkpt lat="43.261365" lon="-3.470868"></trkpt>
<trkpt lat="43.261372" lon="-3.470289"></trkpt>
<trkpt lat="43.261362" lon="-3.470181"></trkpt>
<trkpt lat="43.261303" lon="-3.469604"></trkpt>
<trkpt lat="43.261266" lon="-3.469118"></trkpt>
<trkpt lat="43.261257" lon="-3.469009"></trkpt>
<trkpt lat="43.261103" lon="-3.467133"></trkpt>
<trkpt lat="43.261074" lon="-3.466944"></trkpt>
<trkpt lat="43.261045" lon="-3.466793"></trkpt>
<trkpt lat="43.261037" lon="-3.466753"></trkpt>
<trkpt lat="43.261002" lon="-3.466634"></trkpt>
<trkpt lat="43.260968" lon="-3.466537"></trkpt>
<trkpt lat="43.260868" lon="-3.466260"></trkpt>
<trkpt lat="43.260594" lon="-3.466273"></trkpt>
<trkpt lat="43.260459" lon="-3.466226"></trkpt>
<trkpt lat="43.259741" lon="-3.465770"></trkpt>
<trkpt lat="43.259708" lon="-3.465749"></trkpt>
<trkpt lat="43.259577" lon="-3.465666"></trkpt>
<trkpt lat="43.259250" lon="-3.465457"></trkpt>
<trkpt lat="43.259079" lon="-3.465346"></trkpt>
<trkpt lat="43.259023" lon="-3.465310"></trkpt>
<trkpt lat="43.258930" lon="-3.465252"></trkpt>
<trkpt lat="43.258799" lon="-3.465169"></trkpt>
<trkpt lat="43.258747" lon="-3.465136"></trkpt>
<trkpt lat="43.258699" lon="-3.465105"></trkpt>
<trkpt lat="43.258653" lon="-3.465080"></trkpt>
<trkpt lat="43.258508" lon="-3.465015"></trkpt>
<trkpt lat="43.258350" lon="-3.464968"></trkpt>
<trkpt lat="43.257986" lon="-3.464863"></trkpt>
<trkpt lat="43.257928" lon="-3.464847"></trkpt>
<trkpt lat="43.257600" lon="-3.464781"></trkpt>
<trkpt lat="43.257424" lon="-3.464748"></trkpt>
<trkpt lat="43.257279" lon="-3.464724"></trkpt>
<trkpt lat="43.257121" lon="-3.464698"></trkpt>
<trkpt lat="43.256988" lon="-3.464686"></trkpt>
<trkpt lat="43.256740" lon="-3.464674"></trkpt>
<trkpt lat="43.256678" lon="-3.464669"></trkpt>
<trkpt lat="43.256527" lon="-3.464645"></trkpt>
<trkpt lat="43.256357" lon="-3.464582"></trkpt>
<trkpt lat="43.256087" lon="-3.464409"></trkpt>
<trkpt lat="43.256045" lon="-3.464381"></trkpt>
<trkpt lat="43.255803" lon="-3.464222"></trkpt>
<trkpt lat="43.255618" lon="-3.464103"></trkpt>
<trkpt lat="43.255460" lon="-3.464000"></trkpt>
<trkpt lat="43.255421" lon="-3.463975"></trkpt>
<trkpt lat="43.255357" lon="-3.463934"></trkpt>
<trkpt lat="43.255136" lon="-3.463796"></trkpt>
<trkpt lat="43.255047" lon="-3.463739"></trkpt>
<trkpt lat="43.254947" lon="-3.463673"></trkpt>
<trkpt lat="43.254702" lon="-3.463493"></trkpt>
<trkpt lat="43.254567" lon="-3.463382"></trkpt>
<trkpt lat="43.254400" lon="-3.463240"></trkpt>
<trkpt lat="43.254105" lon="-3.462978"></trkpt>
<trkpt lat="43.253868" lon="-3.462744"></trkpt>
<trkpt lat="43.253711" lon="-3.462539"></trkpt>
<trkpt lat="43.253549" lon="-3.462336"></trkpt>
<trkpt lat="43.253339" lon="-3.462141"></trkpt>
<trkpt lat="43.253284" lon="-3.462101"></trkpt>
<trkpt lat="43.253044" lon="-3.461997"></trkpt>
<trkpt lat="43.252810" lon="-3.461935"></trkpt>
<trkpt lat="43.252358" lon="-3.461820"></trkpt>
<trkpt lat="43.251655" lon="-3.461641"></trkpt>
<trkpt lat="43.251507" lon="-3.461601"></trkpt>
<trkpt lat="43.251495" lon="-3.461597"></trkpt>
<trkpt lat="43.251255" lon="-3.461531"></trkpt>
<trkpt lat="43.251022" lon="-3.461466"></trkpt>
<trkpt lat="43.250744" lon="-3.461389"></trkpt>
<trkpt lat="43.250564" lon="-3.461340"></trkpt>
<trkpt lat="43.250406" lon="-3.461298"></trkpt>
<trkpt lat="43.250300" lon="-3.461269"></trkpt>
<trkpt lat="43.250251" lon="-3.461254"></trkpt>
<trkpt lat="43.250082" lon="-3.461216"></trkpt>
<trkpt lat="43.249719" lon="-3.461170"></trkpt>
<trkpt lat="43.249526" lon="-3.461119"></trkpt>
<trkpt lat="43.249270" lon="-3.460999"></trkpt>
<trkpt lat="43.248707" lon="-3.460658"></trkpt>
<trkpt lat="43.248541" lon="-3.460513"></trkpt>
<trkpt lat="43.248374" lon="-3.460243"></trkpt>
<trkpt lat="43.247993" lon="-3.459393"></trkpt>
<trkpt lat="43.247902" lon="-3.459293"></trkpt>
<trkpt lat="43.247852" lon="-3.459282"></trkpt>
<trkpt lat="43.247787" lon="-3.459312"></trkpt>
<trkpt lat="43.247610" lon="-3.459522"></trkpt>
<trkpt lat="43.247453" lon="-3.459722"></trkpt>
<trkpt lat="43.246883" lon="-3.460307"></trkpt>
<trkpt lat="43.246643" lon="-3.460385"></trkpt>
<trkpt lat="43.246346" lon="-3.460402"></trkpt>
<trkpt lat="43.245853" lon="-3.460366"></trkpt>
<trkpt lat="43.245696" lon="-3.460403"></trkpt>
<trkpt lat="43.245483" lon="-3.460495"></trkpt>
<trkpt lat="43.245108" lon="-3.460795"></trkpt>
<trkpt lat="43.245007" lon="-3.460813"></trkpt>
<trkpt lat="43.244961" lon="-3.460774"></trkpt>
<trkpt lat="43.244922" lon="-3.460685"></trkpt>
<trkpt lat="43.244944" lon="-3.460534"></trkpt>
<trkpt lat="43.245185" lon="-3.460192"></trkpt>
<trkpt lat="43.245360" lon="-3.459979"></trkpt>
<trkpt lat="43.245474" lon="-3.459884"></trkpt>
<trkpt lat="43.246136" lon="-3.459562"></trkpt>
<trkpt lat="43.246179" lon="-3.459476"></trkpt>
<trkpt lat="43.246186" lon="-3.459363"></trkpt>
<trkpt lat="43.246126" lon="-3.459252"></trkpt>
<trkpt lat="43.246021" lon="-3.459219"></trkpt>
<trkpt lat="43.245567" lon="-3.459378"></trkpt>
<trkpt lat="43.244897" lon="-3.459402"></trkpt>
<trkpt lat="43.244782" lon="-3.459453"></trkpt>
<trkpt lat="43.244641" lon="-3.459645"></trkpt>
<trkpt lat="43.244194" lon="-3.460674"></trkpt>
<trkpt lat="43.244052" lon="-3.460859"></trkpt>
<trkpt lat="43.243805" lon="-3.461087"></trkpt>
<trkpt lat="43.243726" lon="-3.461191"></trkpt>
<trkpt lat="43.243645" lon="-3.461394"></trkpt>
<trkpt lat="43.243602" lon="-3.461752"></trkpt>
<trkpt lat="43.243560" lon="-3.461884"></trkpt>
<trkpt lat="43.243447" lon="-3.462136"></trkpt>
<trkpt lat="43.243358" lon="-3.462179"></trkpt>
<trkpt lat="43.243302" lon="-3.462053"></trkpt>
<trkpt lat="43.243403" lon="-3.461669"></trkpt>
<trkpt lat="43.243417" lon="-3.461137"></trkpt>
<trkpt lat="43.243459" lon="-3.460949"></trkpt>
<trkpt lat="43.243567" lon="-3.460741"></trkpt>
<trkpt lat="43.243725" lon="-3.460537"></trkpt>
<trkpt lat="43.243821" lon="-3.460357"></trkpt>
<trkpt lat="43.243870" lon="-3.460191"></trkpt>
<trkpt lat="43.243889" lon="-3.459935"></trkpt>
<trkpt lat="43.243877" lon="-3.459744"></trkpt>
<trkpt lat="43.243850" lon="-3.459542"></trkpt>
<trkpt lat="43.243851" lon="-3.459326"></trkpt>
<trkpt lat="43.243935" lon="-3.459048"></trkpt>
<trkpt lat="43.244131" lon="-3.458807"></trkpt>
<trkpt lat="43.244258" lon="-3.458596"></trkpt>
<trkpt lat="43.244482" lon="-3.457966"></trkpt>
<trkpt lat="43.244584" lon="-3.457754"></trkpt>
<trkpt lat="43.244818" lon="-3.457535"></trkpt>
<trkpt lat="43.244883" lon="-3.457419"></trkpt>
<trkpt lat="43.244903" lon="-3.457331"></trkpt>
<trkpt lat="43.244879" lon="-3.457172"></trkpt>
<trkpt lat="43.244700" lon="-3.456843"></trkpt>
<trkpt lat="43.244466" lon="-3.456486"></trkpt>
<trkpt lat="43.244260" lon="-3.456283"></trkpt>
<trkpt lat="43.244174" lon="-3.456085"></trkpt>
<trkpt lat="43.244136" lon="-3.455911"></trkpt>
<trkpt lat="43.244135" lon="-3.455176"></trkpt>
<trkpt lat="43.244063" lon="-3.454940"></trkpt>
<trkpt lat="43.244000" lon="-3.454819"></trkpt>
<trkpt lat="43.243865" lon="-3.454659"></trkpt>
<trkpt lat="43.243449" lon="-3.454403"></trkpt>
<trkpt lat="43.243123" lon="-3.453944"></trkpt>
<trkpt lat="43.243034" lon="-3.453750"></trkpt>
<trkpt lat="43.243017" lon="-3.453335"></trkpt>
<trkpt lat="43.242972" lon="-3.453173"></trkpt>
<trkpt lat="43.242683" lon="-3.452843"></trkpt>
<trkpt lat="43.242320" lon="-3.452278"></trkpt>
<trkpt lat="43.241632" lon="-3.451730"></trkpt>
<trkpt lat="43.241457" lon="-3.451610"></trkpt>
<trkpt lat="43.241148" lon="-3.451478"></trkpt>
<trkpt lat="43.240878" lon="-3.451370"></trkpt>
<trkpt lat="43.240055" lon="-3.451066"></trkpt>
<trkpt lat="43.239731" lon="-3.451021"></trkpt>
<trkpt lat="43.239416" lon="-3.451008"></trkpt>
<trkpt lat="43.239051" lon="-3.450996"></trkpt>
<trkpt lat="43.238656" lon="-3.450986"></trkpt>
<trkpt lat="43.237836" lon="-3.451159"></trkpt>
<trkpt lat="43.237660" lon="-3.451144"></trkpt>
<trkpt lat="43.237482" lon="-3.451063"></trkpt>
<trkpt lat="43.237299" lon="-3.450953"></trkpt>
<trkpt lat="43.237078" lon="-3.450848"></trkpt>
<trkpt lat="43.237006" lon="-3.450824"></trkpt>
<trkpt lat="43.236663" lon="-3.450725"></trkpt>
<trkpt lat="43.236531" lon="-3.450666"></trkpt>
<trkpt lat="43.236418" lon="-3.450577"></trkpt>
<trkpt lat="43.236267" lon="-3.450375"></trkpt>
<trkpt lat="43.236059" lon="-3.449973"></trkpt>
<trkpt lat="43.235978" lon="-3.449866"></trkpt>
<trkpt lat="43.235490" lon="-3.449319"></trkpt>
<trkpt lat="43.235312" lon="-3.449161"></trkpt>
<trkpt lat="43.235120" lon="-3.449039"></trkpt>
<trkpt lat="43.234629" lon="-3.448888"></trkpt>
<trkpt lat="43.234360" lon="-3.448872"></trkpt>
<trkpt lat="43.233555" lon="-3.449173"></trkpt>
<trkpt lat="43.233282" lon="-3.449230"></trkpt>
<trkpt lat="43.232880" lon="-3.449181"></trkpt>
<trkpt lat="43.232248" lon="-3.448880"></trkpt>
<trkpt lat="43.231874" lon="-3.448668"></trkpt>
<trkpt lat="43.231390" lon="-3.448314"></trkpt>
<trkpt lat="43.231079" lon="-3.447938"></trkpt>
<trkpt lat="43.230815" lon="-3.447354"></trkpt>
<trkpt lat="43.230682" lon="-3.447149"></trkpt>
<trkpt lat="43.230516" lon="-3.447081"></trkpt>
<trkpt lat="43.229874" lon="-3.446962"></trkpt>
<trkpt lat="43.229774" lon="-3.446898"></trkpt>
<trkpt lat="43.228994" lon="-3.446163"></trkpt>
<trkpt lat="43.228809" lon="-3.445916"></trkpt>
<trkpt lat="43.228759" lon="-3.445781"></trkpt>
<trkpt lat="43.228370" lon="-3.445875"></trkpt>
<trkpt lat="43.228077" lon="-3.445794"></trkpt>
<trkpt lat="43.227367" lon="-3.445718"></trkpt>
<trkpt lat="43.227289" lon="-3.445694"></trkpt>
<trkpt lat="43.227185" lon="-3.445622"></trkpt>
<trkpt lat="43.227016" lon="-3.445187"></trkpt>
<trkpt lat="43.226949" lon="-3.445075"></trkpt>
<trkpt lat="43.226762" lon="-3.444887"></trkpt>
<trkpt lat="43.226513" lon="-3.444713"></trkpt>
<trkpt lat="43.226429" lon="-3.444696"></trkpt>
<trkpt lat="43.226272" lon="-3.444732"></trkpt>
<trkpt lat="43.225965" lon="-3.444926"></trkpt>
<trkpt lat="43.225513" lon="-3.445149"></trkpt>
<trkpt lat="43.225082" lon="-3.445260"></trkpt>
<trkpt lat="43.224826" lon="-3.445289"></trkpt>
<trkpt lat="43.224616" lon="-3.445206"></trkpt>
<trkpt lat="43.224513" lon="-3.445101"></trkpt>
<trkpt lat="43.224431" lon="-3.444950"></trkpt>
<trkpt lat="43.224346" lon="-3.444717"></trkpt>
<trkpt lat="43.224277" lon="-3.444590"></trkpt>
<trkpt lat="43.224187" lon="-3.444499"></trkpt>
<trkpt lat="43.223845" lon="-3.444340"></trkpt>
<trkpt lat="43.223543" lon="-3.444334"></trkpt>
<trkpt lat="43.222998" lon="-3.444510"></trkpt>
<trkpt lat="43.222839" lon="-3.444495"></trkpt>
<trkpt lat="43.222585" lon="-3.444395"></trkpt>
<trkpt lat="43.222338" lon="-3.444085"></trkpt>
<trkpt lat="43.222176" lon="-3.443807"></trkpt>
<trkpt lat="43.222107" lon="-3.443640"></trkpt>
<trkpt lat="43.222058" lon="-3.443474"></trkpt>
<trkpt lat="43.222028" lon="-3.443254"></trkpt>
<trkpt lat="43.222003" lon="-3.442438"></trkpt>
<trkpt lat="43.221967" lon="-3.442279"></trkpt>
<trkpt lat="43.221901" lon="-3.442227"></trkpt>
<trkpt lat="43.221809" lon="-3.442201"></trkpt>
<trkpt lat="43.221758" lon="-3.442139"></trkpt>
<trkpt lat="43.221643" lon="-3.441746"></trkpt>
<trkpt lat="43.221467" lon="-3.441310"></trkpt>
<trkpt lat="43.221042" lon="-3.441018"></trkpt>
<trkpt lat="43.220858" lon="-3.440993"></trkpt>
<trkpt lat="43.220528" lon="-3.440962"></trkpt>
<trkpt lat="43.220312" lon="-3.440902"></trkpt>
<trkpt lat="43.220047" lon="-3.440767"></trkpt>
<trkpt lat="43.219576" lon="-3.440137"></trkpt>
<trkpt lat="43.219555" lon="-3.440109"></trkpt>
<trkpt lat="43.219285" lon="-3.439801"></trkpt>
<trkpt lat="43.219012" lon="-3.439477"></trkpt>
<trkpt lat="43.219009" lon="-3.439433"></trkpt>
<trkpt lat="43.218825" lon="-3.439783"></trkpt>
<trkpt lat="43.218780" lon="-3.439784"></trkpt>
<trkpt lat="43.217885" lon="-3.438750"></trkpt>
<trkpt lat="43.217599" lon="-3.438458"></trkpt>
<trkpt lat="43.217318" lon="-3.438284"></trkpt>
<trkpt lat="43.217260" lon="-3.438264"></trkpt>
<trkpt lat="43.217076" lon="-3.438196"></trkpt>
<trkpt lat="43.216797" lon="-3.438020"></trkpt>
<trkpt lat="43.216084" lon="-3.437542"></trkpt>
<trkpt lat="43.215143" lon="-3.436978"></trkpt>
<trkpt lat="43.214992" lon="-3.436919"></trkpt>
<trkpt lat="43.214716" lon="-3.436936"></trkpt>
<trkpt lat="43.213996" lon="-3.437152"></trkpt>
<trkpt lat="43.213519" lon="-3.437284"></trkpt>
<trkpt lat="43.213352" lon="-3.437325"></trkpt>
<trkpt lat="43.213168" lon="-3.437336"></trkpt>
<trkpt lat="43.212908" lon="-3.437306"></trkpt>
<trkpt lat="43.212768" lon="-3.437245"></trkpt>
<trkpt lat="43.212471" lon="-3.437026"></trkpt>
<trkpt lat="43.212253" lon="-3.436724"></trkpt>
<trkpt lat="43.211992" lon="-3.436300"></trkpt>
<trkpt lat="43.210946" lon="-3.434600"></trkpt>
<trkpt lat="43.210362" lon="-3.433757"></trkpt>
<trkpt lat="43.209938" lon="-3.433300"></trkpt>
<trkpt lat="43.209761" lon="-3.433160"></trkpt>
<trkpt lat="43.209643" lon="-3.433112"></trkpt>
<trkpt lat="43.209399" lon="-3.433092"></trkpt>
<trkpt lat="43.209113" lon="-3.433181"></trkpt>
<trkpt lat="43.208120" lon="-3.433803"></trkpt>
<trkpt lat="43.207983" lon="-3.433854"></trkpt>
<trkpt lat="43.207824" lon="-3.433842"></trkpt>
<trkpt lat="43.207582" lon="-3.433748"></trkpt>
<trkpt lat="43.206673" lon="-3.433171"></trkpt>
<trkpt lat="43.206113" lon="-3.432951"></trkpt>
<trkpt lat="43.205738" lon="-3.432912"></trkpt>
<trkpt lat="43.204909" lon="-3.433016"></trkpt>
<trkpt lat="43.204143" lon="-3.433184"></trkpt>
<trkpt lat="43.203222" lon="-3.433542"></trkpt>
<trkpt lat="43.202824" lon="-3.433663"></trkpt>
<trkpt lat="43.202450" lon="-3.433693"></trkpt>
<trkpt lat="43.201757" lon="-3.433701"></trkpt>
<trkpt lat="43.201595" lon="-3.433747"></trkpt>
<trkpt lat="43.201176" lon="-3.433993"></trkpt>
<trkpt lat="43.200884" lon="-3.434168"></trkpt>
<trkpt lat="43.199925" lon="-3.434975"></trkpt>
<trkpt lat="43.199733" lon="-3.435100"></trkpt>
<trkpt lat="43.199429" lon="-3.435228"></trkpt>
<trkpt lat="43.198394" lon="-3.435570"></trkpt>
<trkpt lat="43.197901" lon="-3.435891"></trkpt>
<trkpt lat="43.197346" lon="-3.436113"></trkpt>
<trkpt lat="43.196957" lon="-3.436201"></trkpt>
<trkpt lat="43.196615" lon="-3.436214"></trkpt>
<trkpt lat="43.195619" lon="-3.436250"></trkpt>
<trkpt lat="43.194934" lon="-3.436543"></trkpt>
<trkpt lat="43.194496" lon="-3.436698"></trkpt>
<trkpt lat="43.194212" lon="-3.436744"></trkpt>
<trkpt lat="43.193972" lon="-3.436764"></trkpt>
<trkpt lat="43.193427" lon="-3.436749"></trkpt>
<trkpt lat="43.191442" lon="-3.436553"></trkpt>
<trkpt lat="43.191095" lon="-3.436496"></trkpt>
<trkpt lat="43.190658" lon="-3.436378"></trkpt>
<trkpt lat="43.190061" lon="-3.436150"></trkpt>
<trkpt lat="43.189851" lon="-3.436100"></trkpt>
<trkpt lat="43.189353" lon="-3.435976"></trkpt>
<trkpt lat="43.188632" lon="-3.435854"></trkpt>
<trkpt lat="43.187686" lon="-3.435715"></trkpt>
<trkpt lat="43.187213" lon="-3.435663"></trkpt>
<trkpt lat="43.186184" lon="-3.435705"></trkpt>
<trkpt lat="43.185565" lon="-3.435699"></trkpt>
<trkpt lat="43.184781" lon="-3.435696"></trkpt>
<trkpt lat="43.184324" lon="-3.435820"></trkpt>
<trkpt lat="43.183674" lon="-3.435931"></trkpt>
<trkpt lat="43.182587" lon="-3.435976"></trkpt>
<trkpt lat="43.182217" lon="-3.435941"></trkpt>
<trkpt lat="43.182040" lon="-3.435967"></trkpt>
<trkpt lat="43.181576" lon="-3.436224"></trkpt>
<trkpt lat="43.181110" lon="-3.436288"></trkpt>
<trkpt lat="43.180764" lon="-3.436476"></trkpt>
<trkpt lat="43.180447" lon="-3.436611"></trkpt>
<trkpt lat="43.179706" lon="-3.436798"></trkpt>
<trkpt lat="43.178746" lon="-3.436664"></trkpt>
<trkpt lat="43.178242" lon="-3.436598"></trkpt>
<trkpt lat="43.177914" lon="-3.436642"></trkpt>
<trkpt lat="43.177677" lon="-3.436631"></trkpt>
<trkpt lat="43.177222" lon="-3.436620"></trkpt>
<trkpt lat="43.176634" lon="-3.436668"></trkpt>
<trkpt lat="43.176055" lon="-3.436830"></trkpt>
<trkpt lat="43.175571" lon="-3.437074"></trkpt>
<trkpt lat="43.175430" lon="-3.437113"></trkpt>
<trkpt lat="43.175169" lon="-3.437098"></trkpt>
<trkpt lat="43.174938" lon="-3.436989"></trkpt>
<trkpt lat="43.174659" lon="-3.436851"></trkpt>
<trkpt lat="43.174413" lon="-3.436776"></trkpt>
<trkpt lat="43.173790" lon="-3.436596"></trkpt>
<trkpt lat="43.173494" lon="-3.436555"></trkpt>
<trkpt lat="43.173016" lon="-3.436577"></trkpt>
<trkpt lat="43.172481" lon="-3.436473"></trkpt>
<trkpt lat="43.171847" lon="-3.436442"></trkpt>
<trkpt lat="43.171195" lon="-3.436504"></trkpt>
<trkpt lat="43.170744" lon="-3.436714"></trkpt>
<trkpt lat="43.169895" lon="-3.436900"></trkpt>
<trkpt lat="43.169723" lon="-3.436998"></trkpt>
<trkpt lat="43.169581" lon="-3.437182"></trkpt>
<trkpt lat="43.169272" lon="-3.437798"></trkpt>
<trkpt lat="43.169028" lon="-3.438307"></trkpt>
<trkpt lat="43.168975" lon="-3.438470"></trkpt>
<trkpt lat="43.168989" lon="-3.438570"></trkpt>
<trkpt lat="43.169076" lon="-3.438622"></trkpt>
<trkpt lat="43.169181" lon="-3.438582"></trkpt>
<trkpt lat="43.169385" lon="-3.438424"></trkpt>
<trkpt lat="43.169987" lon="-3.437777"></trkpt>
<trkpt lat="43.170106" lon="-3.437709"></trkpt>
<trkpt lat="43.170182" lon="-3.437749"></trkpt>
<trkpt lat="43.170211" lon="-3.437814"></trkpt>
<trkpt lat="43.170198" lon="-3.437918"></trkpt>
<trkpt lat="43.169921" lon="-3.438731"></trkpt>
<trkpt lat="43.169858" lon="-3.438874"></trkpt>
<trkpt lat="43.169748" lon="-3.439009"></trkpt>
<trkpt lat="43.169351" lon="-3.439238"></trkpt>
<trkpt lat="43.169056" lon="-3.439469"></trkpt>
<trkpt lat="43.168668" lon="-3.439931"></trkpt>
<trkpt lat="43.168553" lon="-3.440183"></trkpt>
<trkpt lat="43.168455" lon="-3.440528"></trkpt>
<trkpt lat="43.168258" lon="-3.441451"></trkpt>
<trkpt lat="43.168208" lon="-3.441605"></trkpt>
<trkpt lat="43.168115" lon="-3.441783"></trkpt>
<trkpt lat="43.167967" lon="-3.441957"></trkpt>
<trkpt lat="43.167363" lon="-3.442366"></trkpt>
<trkpt lat="43.167169" lon="-3.442563"></trkpt>
<trkpt lat="43.167075" lon="-3.442724"></trkpt>
<trkpt lat="43.166930" lon="-3.443229"></trkpt>
<trkpt lat="43.166856" lon="-3.443366"></trkpt>
<trkpt lat="43.166578" lon="-3.443592"></trkpt>
<trkpt lat="43.166186" lon="-3.443821"></trkpt>
<trkpt lat="43.166003" lon="-3.443999"></trkpt>
<trkpt lat="43.165909" lon="-3.444172"></trkpt>
<trkpt lat="43.165783" lon="-3.444862"></trkpt>
<trkpt lat="43.165698" lon="-3.445176"></trkpt>
<trkpt lat="43.165491" lon="-3.445617"></trkpt>
<trkpt lat="43.165206" lon="-3.445938"></trkpt>
<trkpt lat="43.165104" lon="-3.446268"></trkpt>
<trkpt lat="43.164993" lon="-3.447048"></trkpt>
<trkpt lat="43.164911" lon="-3.447855"></trkpt>
<trkpt lat="43.164870" lon="-3.447990"></trkpt>
<trkpt lat="43.164594" lon="-3.448405"></trkpt>
<trkpt lat="43.164560" lon="-3.448522"></trkpt>
<trkpt lat="43.164569" lon="-3.449106"></trkpt>
<trkpt lat="43.164538" lon="-3.449240"></trkpt>
<trkpt lat="43.164350" lon="-3.449612"></trkpt>
<trkpt lat="43.164299" lon="-3.449771"></trkpt>
<trkpt lat="43.164286" lon="-3.449969"></trkpt>
<trkpt lat="43.164301" lon="-3.450471"></trkpt>
<trkpt lat="43.164268" lon="-3.450730"></trkpt>
<trkpt lat="43.164272" lon="-3.450930"></trkpt>
<trkpt lat="43.164381" lon="-3.451213"></trkpt>
<trkpt lat="43.164884" lon="-3.452118"></trkpt>
<trkpt lat="43.164953" lon="-3.452141"></trkpt>
<trkpt lat="43.164991" lon="-3.452112"></trkpt>
<trkpt lat="43.165029" lon="-3.452023"></trkpt>
<trkpt lat="43.165200" lon="-3.451074"></trkpt>
<trkpt lat="43.165267" lon="-3.450885"></trkpt>
<trkpt lat="43.165333" lon="-3.450770"></trkpt>
<trkpt lat="43.165748" lon="-3.450220"></trkpt>
<trkpt lat="43.165881" lon="-3.450167"></trkpt>
<trkpt lat="43.166174" lon="-3.450169"></trkpt>
<trkpt lat="43.166331" lon="-3.450114"></trkpt>
<trkpt lat="43.166409" lon="-3.450040"></trkpt>
<trkpt lat="43.166562" lon="-3.449773"></trkpt>
<trkpt lat="43.167075" lon="-3.448419"></trkpt>
<trkpt lat="43.167192" lon="-3.448169"></trkpt>
<trkpt lat="43.167263" lon="-3.448069"></trkpt>
<trkpt lat="43.167425" lon="-3.447888"></trkpt>
<trkpt lat="43.167617" lon="-3.447746"></trkpt>
<trkpt lat="43.167693" lon="-3.447737"></trkpt>
<trkpt lat="43.167762" lon="-3.447809"></trkpt>
<trkpt lat="43.167767" lon="-3.447933"></trkpt>
<trkpt lat="43.167530" lon="-3.448585"></trkpt>
<trkpt lat="43.167457" lon="-3.448867"></trkpt>
<trkpt lat="43.167413" lon="-3.449244"></trkpt>
<trkpt lat="43.167435" lon="-3.450089"></trkpt>
<trkpt lat="43.167373" lon="-3.450328"></trkpt>
<trkpt lat="43.167199" lon="-3.450681"></trkpt>
<trkpt lat="43.167150" lon="-3.450897"></trkpt>
<trkpt lat="43.167085" lon="-3.451805"></trkpt>
<trkpt lat="43.167044" lon="-3.451931"></trkpt>
<trkpt lat="43.166930" lon="-3.452110"></trkpt>
<trkpt lat="43.166636" lon="-3.452377"></trkpt>
<trkpt lat="43.166571" lon="-3.452517"></trkpt>
<trkpt lat="43.166502" lon="-3.452902"></trkpt>
<trkpt lat="43.166504" lon="-3.453037"></trkpt>
<trkpt lat="43.166548" lon="-3.454207"></trkpt>
<trkpt lat="43.166449" lon="-3.454712"></trkpt>
<trkpt lat="43.166367" lon="-3.455010"></trkpt>
<trkpt lat="43.166263" lon="-3.455250"></trkpt>
<trkpt lat="43.166122" lon="-3.455478"></trkpt>
<trkpt lat="43.166027" lon="-3.455748"></trkpt>
<trkpt lat="43.165906" lon="-3.456608"></trkpt>
<trkpt lat="43.165891" lon="-3.456848"></trkpt>
<trkpt lat="43.165902" lon="-3.457178"></trkpt>
<trkpt lat="43.166140" lon="-3.458032"></trkpt>
<trkpt lat="43.166201" lon="-3.458011"></trkpt>
<trkpt lat="43.166233" lon="-3.458007"></trkpt>
<trkpt lat="43.166312" lon="-3.457846"></trkpt>
<trkpt lat="43.166587" lon="-3.457523"></trkpt>
<trkpt lat="43.166749" lon="-3.457230"></trkpt>
<trkpt lat="43.166828" lon="-3.457173"></trkpt>
<trkpt lat="43.166749" lon="-3.457230"></trkpt>
<trkpt lat="43.166587" lon="-3.457523"></trkpt>
<trkpt lat="43.166312" lon="-3.457846"></trkpt>
<trkpt lat="43.166233" lon="-3.458007"></trkpt>
<trkpt lat="43.166321" lon="-3.458033"></trkpt>
<trkpt lat="43.166345" lon="-3.458072"></trkpt>
<trkpt lat="43.166424" lon="-3.458431"></trkpt>
<trkpt lat="43.166503" lon="-3.458645"></trkpt>
<trkpt lat="43.166824" lon="-3.459017"></trkpt>
<trkpt lat="43.166974" lon="-3.459310"></trkpt>
<trkpt lat="43.167104" lon="-3.459706"></trkpt>
<trkpt lat="43.167140" lon="-3.459897"></trkpt>
<trkpt lat="43.167210" lon="-3.460572"></trkpt>
<trkpt lat="43.167155" lon="-3.461067"></trkpt>
<trkpt lat="43.166981" lon="-3.461813"></trkpt>
<trkpt lat="43.166799" lon="-3.462380"></trkpt>
<trkpt lat="43.166485" lon="-3.463139"></trkpt>
<trkpt lat="43.166494" lon="-3.463338"></trkpt>
<trkpt lat="43.166605" lon="-3.463535"></trkpt>
<trkpt lat="43.166745" lon="-3.463611"></trkpt>
<trkpt lat="43.167200" lon="-3.463733"></trkpt>
<trkpt lat="43.168380" lon="-3.463762"></trkpt>
<trkpt lat="43.168709" lon="-3.463833"></trkpt>
<trkpt lat="43.169179" lon="-3.463769"></trkpt>
<trkpt lat="43.169383" lon="-3.463807"></trkpt>
<trkpt lat="43.169800" lon="-3.463947"></trkpt>
<trkpt lat="43.170238" lon="-3.464202"></trkpt>
<trkpt lat="43.170655" lon="-3.464368"></trkpt>
<trkpt lat="43.171095" lon="-3.464713"></trkpt>
<trkpt lat="43.171662" lon="-3.465099"></trkpt>
<trkpt lat="43.171950" lon="-3.465181"></trkpt>
<trkpt lat="43.172200" lon="-3.465153"></trkpt>
<trkpt lat="43.172313" lon="-3.465190"></trkpt>
<trkpt lat="43.172436" lon="-3.465301"></trkpt>
<trkpt lat="43.172596" lon="-3.465521"></trkpt>
<trkpt lat="43.172722" lon="-3.465769"></trkpt>
<trkpt lat="43.172860" lon="-3.466165"></trkpt>
<trkpt lat="43.172889" lon="-3.466216"></trkpt>
<trkpt lat="43.172954" lon="-3.466246"></trkpt>
<trkpt lat="43.173027" lon="-3.466206"></trkpt>
<trkpt lat="43.173043" lon="-3.466063"></trkpt>
<trkpt lat="43.172850" lon="-3.465635"></trkpt>
<trkpt lat="43.172691" lon="-3.465038"></trkpt>
<trkpt lat="43.172601" lon="-3.464856"></trkpt>
<trkpt lat="43.172467" lon="-3.464688"></trkpt>
<trkpt lat="43.172194" lon="-3.464431"></trkpt>
<trkpt lat="43.172011" lon="-3.464362"></trkpt>
<trkpt lat="43.171677" lon="-3.464351"></trkpt>
<trkpt lat="43.171619" lon="-3.464263"></trkpt>
<trkpt lat="43.171628" lon="-3.464143"></trkpt>
<trkpt lat="43.171715" lon="-3.464098"></trkpt>
<trkpt lat="43.171824" lon="-3.464116"></trkpt>
<trkpt lat="43.172071" lon="-3.464092"></trkpt>
<trkpt lat="43.172921" lon="-3.464188"></trkpt>
<trkpt lat="43.173129" lon="-3.464351"></trkpt>
<trkpt lat="43.173407" lon="-3.464691"></trkpt>
<trkpt lat="43.173554" lon="-3.464792"></trkpt>
<trkpt lat="43.173705" lon="-3.464833"></trkpt>
<trkpt lat="43.174267" lon="-3.464811"></trkpt>
<trkpt lat="43.174644" lon="-3.464799"></trkpt>
<trkpt lat="43.174909" lon="-3.464834"></trkpt>
<trkpt lat="43.175053" lon="-3.464890"></trkpt>
<trkpt lat="43.175324" lon="-3.465089"></trkpt>
<trkpt lat="43.175538" lon="-3.465360"></trkpt>
<trkpt lat="43.175771" lon="-3.465794"></trkpt>
<trkpt lat="43.176537" lon="-3.466654"></trkpt>
<trkpt lat="43.176777" lon="-3.466880"></trkpt>
<trkpt lat="43.177505" lon="-3.467361"></trkpt>
<trkpt lat="43.177656" lon="-3.467396"></trkpt>
<trkpt lat="43.178021" lon="-3.467340"></trkpt>
<trkpt lat="43.178253" lon="-3.467357"></trkpt>
<trkpt lat="43.178762" lon="-3.467285"></trkpt>
<trkpt lat="43.179073" lon="-3.467375"></trkpt>
<trkpt lat="43.179340" lon="-3.467566"></trkpt>
<trkpt lat="43.179848" lon="-3.468104"></trkpt>
<trkpt lat="43.180024" lon="-3.468246"></trkpt>
<trkpt lat="43.180568" lon="-3.468422"></trkpt>
<trkpt lat="43.181121" lon="-3.468705"></trkpt>
<trkpt lat="43.181631" lon="-3.469013"></trkpt>
<trkpt lat="43.182111" lon="-3.469334"></trkpt>
<trkpt lat="43.182459" lon="-3.469544"></trkpt>
<trkpt lat="43.182742" lon="-3.469639"></trkpt>
<trkpt lat="43.182873" lon="-3.469662"></trkpt>
<trkpt lat="43.183414" lon="-3.469663"></trkpt>
<trkpt lat="43.183561" lon="-3.469737"></trkpt>
<trkpt lat="43.183694" lon="-3.469871"></trkpt>
<trkpt lat="43.184010" lon="-3.470430"></trkpt>
<trkpt lat="43.184202" lon="-3.471177"></trkpt>
<trkpt lat="43.184464" lon="-3.471655"></trkpt>
<trkpt lat="43.184621" lon="-3.472007"></trkpt>
<trkpt lat="43.184695" lon="-3.472220"></trkpt>
<trkpt lat="43.184869" lon="-3.472920"></trkpt>
<trkpt lat="43.184946" lon="-3.473105"></trkpt>
<trkpt lat="43.185013" lon="-3.473197"></trkpt>
<trkpt lat="43.185170" lon="-3.473310"></trkpt>
<trkpt lat="43.185696" lon="-3.473464"></trkpt>
<trkpt lat="43.186721" lon="-3.474072"></trkpt>
<trkpt lat="43.187158" lon="-3.474354"></trkpt>
<trkpt lat="43.187312" lon="-3.474423"></trkpt>
<trkpt lat="43.187695" lon="-3.474524"></trkpt>
<trkpt lat="43.188064" lon="-3.474538"></trkpt>
<trkpt lat="43.188140" lon="-3.474525"></trkpt>
<trkpt lat="43.188380" lon="-3.474429"></trkpt>
<trkpt lat="43.188509" lon="-3.474422"></trkpt>
<trkpt lat="43.188986" lon="-3.474512"></trkpt>
<trkpt lat="43.189137" lon="-3.474534"></trkpt>
<trkpt lat="43.189264" lon="-3.474529"></trkpt>
<trkpt lat="43.189464" lon="-3.474442"></trkpt>
<trkpt lat="43.189660" lon="-3.474379"></trkpt>
<trkpt lat="43.189754" lon="-3.474412"></trkpt>
<trkpt lat="43.190014" lon="-3.474656"></trkpt>
<trkpt lat="43.190255" lon="-3.474767"></trkpt>
<trkpt lat="43.191275" lon="-3.474954"></trkpt>
<trkpt lat="43.191482" lon="-3.475014"></trkpt>
<trkpt lat="43.191908" lon="-3.475271"></trkpt>
<trkpt lat="43.191972" lon="-3.475284"></trkpt>
<trkpt lat="43.192710" lon="-3.475057"></trkpt>
<trkpt lat="43.193053" lon="-3.474906"></trkpt>
<trkpt lat="43.193433" lon="-3.474587"></trkpt>
<trkpt lat="43.193529" lon="-3.474405"></trkpt>
<trkpt lat="43.193533" lon="-3.474273"></trkpt>
<trkpt lat="43.193504" lon="-3.474163"></trkpt>
<trkpt lat="43.193429" lon="-3.474050"></trkpt>
<trkpt lat="43.192169" lon="-3.473165"></trkpt>
<trkpt lat="43.192014" lon="-3.473100"></trkpt>
<trkpt lat="43.191513" lon="-3.473047"></trkpt>
<trkpt lat="43.191403" lon="-3.472984"></trkpt>
<trkpt lat="43.191063" lon="-3.472550"></trkpt>
<trkpt lat="43.190868" lon="-3.472218"></trkpt>
<trkpt lat="43.190703" lon="-3.471879"></trkpt>
<trkpt lat="43.190576" lon="-3.471692"></trkpt>
<trkpt lat="43.190463" lon="-3.471598"></trkpt>
<trkpt lat="43.190217" lon="-3.471489"></trkpt>
<trkpt lat="43.190017" lon="-3.471341"></trkpt>
<trkpt lat="43.189842" lon="-3.471273"></trkpt>
<trkpt lat="43.189765" lon="-3.471212"></trkpt>
<trkpt lat="43.189746" lon="-3.471170"></trkpt>
<trkpt lat="43.189750" lon="-3.471068"></trkpt>
<trkpt lat="43.189768" lon="-3.471029"></trkpt>
<trkpt lat="43.189843" lon="-3.470996"></trkpt>
<trkpt lat="43.190132" lon="-3.471239"></trkpt>
<trkpt lat="43.190577" lon="-3.471354"></trkpt>
<trkpt lat="43.190824" lon="-3.471508"></trkpt>
<trkpt lat="43.191068" lon="-3.471759"></trkpt>
<trkpt lat="43.191446" lon="-3.472272"></trkpt>
<trkpt lat="43.191634" lon="-3.472392"></trkpt>
<trkpt lat="43.191770" lon="-3.472380"></trkpt>
<trkpt lat="43.192116" lon="-3.472265"></trkpt>
<trkpt lat="43.193139" lon="-3.472065"></trkpt>
<trkpt lat="43.193356" lon="-3.472076"></trkpt>
<trkpt lat="43.193452" lon="-3.472142"></trkpt>
<trkpt lat="43.193705" lon="-3.472475"></trkpt>
<trkpt lat="43.193852" lon="-3.472610"></trkpt>
<trkpt lat="43.193979" lon="-3.472680"></trkpt>
<trkpt lat="43.194189" lon="-3.472744"></trkpt>
<trkpt lat="43.194288" lon="-3.472810"></trkpt>
<trkpt lat="43.194666" lon="-3.473318"></trkpt>
<trkpt lat="43.194859" lon="-3.473467"></trkpt>
<trkpt lat="43.194965" lon="-3.473511"></trkpt>
<trkpt lat="43.195174" lon="-3.473537"></trkpt>
<trkpt lat="43.195618" lon="-3.473456"></trkpt>
<trkpt lat="43.195711" lon="-3.473521"></trkpt>
<trkpt lat="43.195922" lon="-3.473872"></trkpt>
<trkpt lat="43.196384" lon="-3.474522"></trkpt>
<trkpt lat="43.196671" lon="-3.474832"></trkpt>
<trkpt lat="43.196935" lon="-3.475033"></trkpt>
<trkpt lat="43.198274" lon="-3.475715"></trkpt>
<trkpt lat="43.199530" lon="-3.476204"></trkpt>
<trkpt lat="43.199843" lon="-3.476378"></trkpt>
<trkpt lat="43.199878" lon="-3.476428"></trkpt>
<trkpt lat="43.199890" lon="-3.476501"></trkpt>
<trkpt lat="43.199858" lon="-3.476591"></trkpt>
<trkpt lat="43.199775" lon="-3.476637"></trkpt>
<trkpt lat="43.199065" lon="-3.476748"></trkpt>
<trkpt lat="43.198824" lon="-3.476841"></trkpt>
<trkpt lat="43.198707" lon="-3.476930"></trkpt>
<trkpt lat="43.198462" lon="-3.477260"></trkpt>
<trkpt lat="43.198293" lon="-3.477393"></trkpt>
<trkpt lat="43.198203" lon="-3.477426"></trkpt>
<trkpt lat="43.197563" lon="-3.477501"></trkpt>
<trkpt lat="43.197499" lon="-3.477531"></trkpt>
<trkpt lat="43.197219" lon="-3.477797"></trkpt>
<trkpt lat="43.197057" lon="-3.477845"></trkpt>
<trkpt lat="43.196846" lon="-3.477845"></trkpt>
<trkpt lat="43.196713" lon="-3.477884"></trkpt>
<trkpt lat="43.196609" lon="-3.477985"></trkpt>
<trkpt lat="43.196437" lon="-3.478223"></trkpt>
<trkpt lat="43.196155" lon="-3.478502"></trkpt>
<trkpt lat="43.195826" lon="-3.478984"></trkpt>
<trkpt lat="43.195404" lon="-3.479300"></trkpt>
<trkpt lat="43.195135" lon="-3.479356"></trkpt>
<trkpt lat="43.194661" lon="-3.479207"></trkpt>
<trkpt lat="43.194478" lon="-3.479254"></trkpt>
<trkpt lat="43.194382" lon="-3.479416"></trkpt>
<trkpt lat="43.194199" lon="-3.479879"></trkpt>
<trkpt lat="43.194127" lon="-3.480014"></trkpt>
<trkpt lat="43.193965" lon="-3.480222"></trkpt>
<trkpt lat="43.193119" lon="-3.480778"></trkpt>
<trkpt lat="43.192881" lon="-3.480856"></trkpt>
<trkpt lat="43.192385" lon="-3.480925"></trkpt>
<trkpt lat="43.191848" lon="-3.481073"></trkpt>
<trkpt lat="43.191747" lon="-3.481143"></trkpt>
<trkpt lat="43.191560" lon="-3.481408"></trkpt>
<trkpt lat="43.191340" lon="-3.481515"></trkpt>
<trkpt lat="43.190452" lon="-3.481621"></trkpt>
<trkpt lat="43.189386" lon="-3.481948"></trkpt>
<trkpt lat="43.188508" lon="-3.482081"></trkpt>
<trkpt lat="43.188398" lon="-3.482153"></trkpt>
<trkpt lat="43.188359" lon="-3.482212"></trkpt>
<trkpt lat="43.188289" lon="-3.482464"></trkpt>
<trkpt lat="43.188200" lon="-3.482609"></trkpt>
<trkpt lat="43.188077" lon="-3.482657"></trkpt>
<trkpt lat="43.187783" lon="-3.482687"></trkpt>
<trkpt lat="43.187668" lon="-3.482746"></trkpt>
<trkpt lat="43.187642" lon="-3.482878"></trkpt>
<trkpt lat="43.187658" lon="-3.482936"></trkpt>
<trkpt lat="43.187782" lon="-3.482973"></trkpt>
<trkpt lat="43.188295" lon="-3.482879"></trkpt>
<trkpt lat="43.188578" lon="-3.482711"></trkpt>
<trkpt lat="43.188853" lon="-3.482629"></trkpt>
<trkpt lat="43.189048" lon="-3.482633"></trkpt>
<trkpt lat="43.189223" lon="-3.482677"></trkpt>
<trkpt lat="43.189845" lon="-3.482869"></trkpt>
<trkpt lat="43.190205" lon="-3.483028"></trkpt>
<trkpt lat="43.190848" lon="-3.483201"></trkpt>
<trkpt lat="43.190993" lon="-3.483274"></trkpt>
<trkpt lat="43.191322" lon="-3.483571"></trkpt>
<trkpt lat="43.191590" lon="-3.483693"></trkpt>
<trkpt lat="43.191670" lon="-3.483770"></trkpt>
<trkpt lat="43.191854" lon="-3.484020"></trkpt>
<trkpt lat="43.191981" lon="-3.484200"></trkpt>
<trkpt lat="43.192084" lon="-3.484281"></trkpt>
<trkpt lat="43.192241" lon="-3.484311"></trkpt>
<trkpt lat="43.192733" lon="-3.484375"></trkpt>
<trkpt lat="43.193253" lon="-3.484522"></trkpt>
<trkpt lat="43.194073" lon="-3.484252"></trkpt>
<trkpt lat="43.194304" lon="-3.484255"></trkpt>
<trkpt lat="43.194655" lon="-3.484339"></trkpt>
<trkpt lat="43.194911" lon="-3.484309"></trkpt>
<trkpt lat="43.195406" lon="-3.484188"></trkpt>
<trkpt lat="43.195899" lon="-3.484169"></trkpt>
<trkpt lat="43.196160" lon="-3.484197"></trkpt>
<trkpt lat="43.196327" lon="-3.484239"></trkpt>
<trkpt lat="43.196495" lon="-3.484329"></trkpt>
<trkpt lat="43.197463" lon="-3.485166"></trkpt>
<trkpt lat="43.197550" lon="-3.485219"></trkpt>
<trkpt lat="43.197693" lon="-3.485246"></trkpt>
<trkpt lat="43.197859" lon="-3.485142"></trkpt>
<trkpt lat="43.197939" lon="-3.485039"></trkpt>
<trkpt lat="43.198030" lon="-3.484729"></trkpt>
<trkpt lat="43.198224" lon="-3.484449"></trkpt>
<trkpt lat="43.198389" lon="-3.484386"></trkpt>
<trkpt lat="43.198499" lon="-3.484397"></trkpt>
<trkpt lat="43.198659" lon="-3.484498"></trkpt>
<trkpt lat="43.198932" lon="-3.484913"></trkpt>
<trkpt lat="43.199041" lon="-3.484975"></trkpt>
<trkpt lat="43.199112" lon="-3.484978"></trkpt>
<trkpt lat="43.199227" lon="-3.484923"></trkpt>
<trkpt lat="43.199402" lon="-3.484733"></trkpt>
<trkpt lat="43.199564" lon="-3.484616"></trkpt>
<trkpt lat="43.199726" lon="-3.484621"></trkpt>
<trkpt lat="43.200492" lon="-3.484787"></trkpt>
<trkpt lat="43.200801" lon="-3.484815"></trkpt>
<trkpt lat="43.201015" lon="-3.484709"></trkpt>
<trkpt lat="43.201265" lon="-3.484415"></trkpt>
<trkpt lat="43.201405" lon="-3.484332"></trkpt>
<trkpt lat="43.201491" lon="-3.484312"></trkpt>
<trkpt lat="43.201811" lon="-3.484339"></trkpt>
<trkpt lat="43.202327" lon="-3.484429"></trkpt>
<trkpt lat="43.202741" lon="-3.484515"></trkpt>
<trkpt lat="43.203174" lon="-3.484548"></trkpt>
<trkpt lat="43.203621" lon="-3.484652"></trkpt>
<trkpt lat="43.204012" lon="-3.484554"></trkpt>
<trkpt lat="43.204391" lon="-3.484763"></trkpt>
<trkpt lat="43.204656" lon="-3.484830"></trkpt>
<trkpt lat="43.204841" lon="-3.484810"></trkpt>
<trkpt lat="43.205159" lon="-3.484640"></trkpt>
<trkpt lat="43.205234" lon="-3.484610"></trkpt>
<trkpt lat="43.205304" lon="-3.484620"></trkpt>
<trkpt lat="43.205408" lon="-3.484679"></trkpt>
<trkpt lat="43.205739" lon="-3.484985"></trkpt>
<trkpt lat="43.206133" lon="-3.485172"></trkpt>
<trkpt lat="43.206252" lon="-3.485338"></trkpt>
<trkpt lat="43.206312" lon="-3.485596"></trkpt>
<trkpt lat="43.206298" lon="-3.485736"></trkpt>
<trkpt lat="43.206240" lon="-3.485913"></trkpt>
<trkpt lat="43.206015" lon="-3.486207"></trkpt>
<trkpt lat="43.205795" lon="-3.486677"></trkpt>
<trkpt lat="43.205631" lon="-3.487202"></trkpt>
<trkpt lat="43.205511" lon="-3.487920"></trkpt>
<trkpt lat="43.205457" lon="-3.488135"></trkpt>
<trkpt lat="43.205349" lon="-3.488377"></trkpt>
<trkpt lat="43.205141" lon="-3.488682"></trkpt>
<trkpt lat="43.205120" lon="-3.488813"></trkpt>
<trkpt lat="43.205136" lon="-3.488902"></trkpt>
<trkpt lat="43.205166" lon="-3.489007"></trkpt>
<trkpt lat="43.205080" lon="-3.489057"></trkpt>
<trkpt lat="43.204660" lon="-3.489157"></trkpt>
<trkpt lat="43.204470" lon="-3.489244"></trkpt>
<trkpt lat="43.204228" lon="-3.489473"></trkpt>
<trkpt lat="43.204069" lon="-3.489784"></trkpt>
<trkpt lat="43.203968" lon="-3.490073"></trkpt>
<trkpt lat="43.203899" lon="-3.490465"></trkpt>
<trkpt lat="43.203885" lon="-3.490846"></trkpt>
<trkpt lat="43.203910" lon="-3.490996"></trkpt>
<trkpt lat="43.203988" lon="-3.491220"></trkpt>
<trkpt lat="43.204324" lon="-3.491865"></trkpt>
<trkpt lat="43.204680" lon="-3.492414"></trkpt>
<trkpt lat="43.204763" lon="-3.492631"></trkpt>
<trkpt lat="43.204772" lon="-3.492720"></trkpt>
<trkpt lat="43.204744" lon="-3.492925"></trkpt>
<trkpt lat="43.204569" lon="-3.493394"></trkpt>
<trkpt lat="43.203974" lon="-3.494798"></trkpt>
<trkpt lat="43.203919" lon="-3.494993"></trkpt>
<trkpt lat="43.203770" lon="-3.496120"></trkpt>
<trkpt lat="43.203676" lon="-3.496506"></trkpt>
<trkpt lat="43.203600" lon="-3.496677"></trkpt>
<trkpt lat="43.203510" lon="-3.496769"></trkpt>
<trkpt lat="43.203442" lon="-3.496794"></trkpt>
<trkpt lat="43.202870" lon="-3.496825"></trkpt>
<trkpt lat="43.202729" lon="-3.496930"></trkpt>
<trkpt lat="43.202641" lon="-3.497069"></trkpt>
<trkpt lat="43.202554" lon="-3.497293"></trkpt>
<trkpt lat="43.202454" lon="-3.497903"></trkpt>
<trkpt lat="43.202443" lon="-3.498282"></trkpt>
<trkpt lat="43.202773" lon="-3.499871"></trkpt>
<trkpt lat="43.202873" lon="-3.500491"></trkpt>
<trkpt lat="43.202875" lon="-3.501171"></trkpt>
<trkpt lat="43.202839" lon="-3.501451"></trkpt>
<trkpt lat="43.202735" lon="-3.501922"></trkpt>
<trkpt lat="43.202602" lon="-3.502183"></trkpt>
<trkpt lat="43.202356" lon="-3.502373"></trkpt>
<trkpt lat="43.201734" lon="-3.502657"></trkpt>
<trkpt lat="43.201681" lon="-3.502710"></trkpt>
<trkpt lat="43.201651" lon="-3.502813"></trkpt>
<trkpt lat="43.201647" lon="-3.502842"></trkpt>
<trkpt lat="43.201676" lon="-3.503198"></trkpt>
<trkpt lat="43.201660" lon="-3.503289"></trkpt>
<trkpt lat="43.201609" lon="-3.503362"></trkpt>
<trkpt lat="43.201505" lon="-3.503417"></trkpt>
<trkpt lat="43.201231" lon="-3.503511"></trkpt>
<trkpt lat="43.200706" lon="-3.503697"></trkpt>
<trkpt lat="43.200471" lon="-3.503900"></trkpt>
<trkpt lat="43.200401" lon="-3.504000"></trkpt>
<trkpt lat="43.200294" lon="-3.504293"></trkpt>
<trkpt lat="43.200129" lon="-3.504973"></trkpt>
<trkpt lat="43.200080" lon="-3.505099"></trkpt>
<trkpt lat="43.199910" lon="-3.505335"></trkpt>
<trkpt lat="43.199760" lon="-3.505461"></trkpt>
<trkpt lat="43.198747" lon="-3.505966"></trkpt>
<trkpt lat="43.198459" lon="-3.506167"></trkpt>
<trkpt lat="43.197059" lon="-3.507350"></trkpt>
<trkpt lat="43.195333" lon="-3.507962"></trkpt>
<trkpt lat="43.195225" lon="-3.508079"></trkpt>
<trkpt lat="43.194913" lon="-3.508571"></trkpt>
<trkpt lat="43.194851" lon="-3.508669"></trkpt>
<trkpt lat="43.194585" lon="-3.508896"></trkpt>
<trkpt lat="43.194195" lon="-3.509088"></trkpt>
<trkpt lat="43.193976" lon="-3.509253"></trkpt>
<trkpt lat="43.193807" lon="-3.509456"></trkpt>
<trkpt lat="43.193515" lon="-3.509829"></trkpt>
<trkpt lat="43.193280" lon="-3.510085"></trkpt>
<trkpt lat="43.192483" lon="-3.510761"></trkpt>
<trkpt lat="43.192214" lon="-3.511206"></trkpt>
<trkpt lat="43.191985" lon="-3.511465"></trkpt>
<trkpt lat="43.191529" lon="-3.511706"></trkpt>
<trkpt lat="43.191440" lon="-3.511796"></trkpt>
<trkpt lat="43.191380" lon="-3.511885"></trkpt>
<trkpt lat="43.191261" lon="-3.512226"></trkpt>
<trkpt lat="43.191077" lon="-3.512452"></trkpt>
<trkpt lat="43.190937" lon="-3.512550"></trkpt>
<trkpt lat="43.190714" lon="-3.512967"></trkpt>
<trkpt lat="43.190578" lon="-3.512993"></trkpt>
<trkpt lat="43.190425" lon="-3.512870"></trkpt>
<trkpt lat="43.190282" lon="-3.512837"></trkpt>
<trkpt lat="43.190178" lon="-3.512883"></trkpt>
<trkpt lat="43.189925" lon="-3.513083"></trkpt>
<trkpt lat="43.189686" lon="-3.513196"></trkpt>
<trkpt lat="43.189468" lon="-3.513233"></trkpt>
<trkpt lat="43.188932" lon="-3.513194"></trkpt>
<trkpt lat="43.188718" lon="-3.513235"></trkpt>
<trkpt lat="43.188395" lon="-3.513394"></trkpt>
<trkpt lat="43.188161" lon="-3.513612"></trkpt>
<trkpt lat="43.187891" lon="-3.513959"></trkpt>
<trkpt lat="43.187796" lon="-3.513933"></trkpt>
<trkpt lat="43.187650" lon="-3.513975"></trkpt>
<trkpt lat="43.187404" lon="-3.514214"></trkpt>
<trkpt lat="43.187273" lon="-3.514274"></trkpt>
<trkpt lat="43.187079" lon="-3.514295"></trkpt>
<trkpt lat="43.186935" lon="-3.514212"></trkpt>
<trkpt lat="43.186835" lon="-3.514084"></trkpt>
<trkpt lat="43.186427" lon="-3.513762"></trkpt>
<trkpt lat="43.186170" lon="-3.513671"></trkpt>
<trkpt lat="43.185894" lon="-3.513688"></trkpt>
<trkpt lat="43.185647" lon="-3.513793"></trkpt>
<trkpt lat="43.185413" lon="-3.513979"></trkpt>
<trkpt lat="43.185176" lon="-3.514199"></trkpt>
<trkpt lat="43.185040" lon="-3.514377"></trkpt>
<trkpt lat="43.184984" lon="-3.514543"></trkpt>
<trkpt lat="43.184951" lon="-3.514997"></trkpt>
<trkpt lat="43.184911" lon="-3.515041"></trkpt>
<trkpt lat="43.184841" lon="-3.515066"></trkpt>
<trkpt lat="43.184777" lon="-3.515031"></trkpt>
<trkpt lat="43.184744" lon="-3.514966"></trkpt>
<trkpt lat="43.184768" lon="-3.514670"></trkpt>
<trkpt lat="43.184734" lon="-3.514495"></trkpt>
<trkpt lat="43.184625" lon="-3.514321"></trkpt>
<trkpt lat="43.184531" lon="-3.514279"></trkpt>
<trkpt lat="43.184469" lon="-3.514335"></trkpt>
<trkpt lat="43.184172" lon="-3.515274"></trkpt>
<trkpt lat="43.184116" lon="-3.515382"></trkpt>
<trkpt lat="43.183935" lon="-3.515578"></trkpt>
<trkpt lat="43.183680" lon="-3.515912"></trkpt>
<trkpt lat="43.183529" lon="-3.516049"></trkpt>
<trkpt lat="43.183347" lon="-3.516165"></trkpt>
<trkpt lat="43.183138" lon="-3.516260"></trkpt>
<trkpt lat="43.183043" lon="-3.516262"></trkpt>
<trkpt lat="43.182786" lon="-3.516179"></trkpt>
<trkpt lat="43.182672" lon="-3.516023"></trkpt>
<trkpt lat="43.182584" lon="-3.515781"></trkpt>
<trkpt lat="43.182394" lon="-3.515522"></trkpt>
<trkpt lat="43.182272" lon="-3.515532"></trkpt>
<trkpt lat="43.182232" lon="-3.515610"></trkpt>
<trkpt lat="43.182228" lon="-3.515692"></trkpt>
<trkpt lat="43.182250" lon="-3.515754"></trkpt>
<trkpt lat="43.182416" lon="-3.515934"></trkpt>
<trkpt lat="43.182434" lon="-3.516064"></trkpt>
<trkpt lat="43.182384" lon="-3.516180"></trkpt>
<trkpt lat="43.182221" lon="-3.516353"></trkpt>
<trkpt lat="43.182083" lon="-3.516590"></trkpt>
<trkpt lat="43.181963" lon="-3.516911"></trkpt>
<trkpt lat="43.181317" lon="-3.517592"></trkpt>
<trkpt lat="43.181107" lon="-3.517962"></trkpt>
<trkpt lat="43.180787" lon="-3.518683"></trkpt>
<trkpt lat="43.180739" lon="-3.518878"></trkpt>
<trkpt lat="43.180726" lon="-3.519180"></trkpt>
<trkpt lat="43.180588" lon="-3.519716"></trkpt>
<trkpt lat="43.180496" lon="-3.520184"></trkpt>
<trkpt lat="43.180567" lon="-3.521210"></trkpt>
<trkpt lat="43.180573" lon="-3.521392"></trkpt>
<trkpt lat="43.180547" lon="-3.521498"></trkpt>
<trkpt lat="43.180504" lon="-3.521555"></trkpt>
<trkpt lat="43.180436" lon="-3.521564"></trkpt>
<trkpt lat="43.180374" lon="-3.521513"></trkpt>
<trkpt lat="43.180345" lon="-3.521405"></trkpt>
<trkpt lat="43.180363" lon="-3.521047"></trkpt>
<trkpt lat="43.180251" lon="-3.520099"></trkpt>
<trkpt lat="43.180256" lon="-3.519882"></trkpt>
<trkpt lat="43.180344" lon="-3.519143"></trkpt>
<trkpt lat="43.180332" lon="-3.519074"></trkpt>
<trkpt lat="43.180282" lon="-3.519028"></trkpt>
<trkpt lat="43.180229" lon="-3.519019"></trkpt>
<trkpt lat="43.180168" lon="-3.519059"></trkpt>
<trkpt lat="43.180136" lon="-3.519143"></trkpt>
<trkpt lat="43.180168" lon="-3.519400"></trkpt>
<trkpt lat="43.180149" lon="-3.519828"></trkpt>
<trkpt lat="43.180079" lon="-3.520097"></trkpt>
<trkpt lat="43.180003" lon="-3.521127"></trkpt>
<trkpt lat="43.179960" lon="-3.521353"></trkpt>
<trkpt lat="43.179766" lon="-3.521912"></trkpt>
<trkpt lat="43.179695" lon="-3.522198"></trkpt>
<trkpt lat="43.179649" lon="-3.522267"></trkpt>
<trkpt lat="43.179569" lon="-3.522259"></trkpt>
<trkpt lat="43.179521" lon="-3.522227"></trkpt>
<trkpt lat="43.179498" lon="-3.522162"></trkpt>
<trkpt lat="43.179515" lon="-3.522040"></trkpt>
<trkpt lat="43.179651" lon="-3.521738"></trkpt>
<trkpt lat="43.179728" lon="-3.521434"></trkpt>
<trkpt lat="43.179747" lon="-3.521270"></trkpt>
<trkpt lat="43.179718" lon="-3.521016"></trkpt>
<trkpt lat="43.179615" lon="-3.520848"></trkpt>
<trkpt lat="43.179541" lon="-3.520796"></trkpt>
<trkpt lat="43.179454" lon="-3.520762"></trkpt>
<trkpt lat="43.179355" lon="-3.520768"></trkpt>
<trkpt lat="43.179246" lon="-3.520824"></trkpt>
<trkpt lat="43.179088" lon="-3.520991"></trkpt>
<trkpt lat="43.178637" lon="-3.521852"></trkpt>
<trkpt lat="43.178341" lon="-3.522310"></trkpt>
<trkpt lat="43.178298" lon="-3.522409"></trkpt>
<trkpt lat="43.178292" lon="-3.522474"></trkpt>
<trkpt lat="43.178342" lon="-3.522579"></trkpt>
<trkpt lat="43.178467" lon="-3.522591"></trkpt>
<trkpt lat="43.178533" lon="-3.522489"></trkpt>
<trkpt lat="43.178616" lon="-3.522208"></trkpt>
<trkpt lat="43.178831" lon="-3.521889"></trkpt>
<trkpt lat="43.178975" lon="-3.521846"></trkpt>
<trkpt lat="43.179043" lon="-3.521885"></trkpt>
<trkpt lat="43.179068" lon="-3.522064"></trkpt>
<trkpt lat="43.179019" lon="-3.522365"></trkpt>
<trkpt lat="43.179018" lon="-3.522601"></trkpt>
<trkpt lat="43.179108" lon="-3.523135"></trkpt>
<trkpt lat="43.179263" lon="-3.523778"></trkpt>
<trkpt lat="43.179242" lon="-3.524016"></trkpt>
<trkpt lat="43.179141" lon="-3.524210"></trkpt>
<trkpt lat="43.178985" lon="-3.524309"></trkpt>
<trkpt lat="43.178158" lon="-3.524474"></trkpt>
<trkpt lat="43.177999" lon="-3.524525"></trkpt>
<trkpt lat="43.178002" lon="-3.524582"></trkpt>
<trkpt lat="43.177845" lon="-3.524831"></trkpt>
<trkpt lat="43.177541" lon="-3.525183"></trkpt>
<trkpt lat="43.177459" lon="-3.525283"></trkpt>
<trkpt lat="43.177436" lon="-3.525348"></trkpt>
<trkpt lat="43.177347" lon="-3.526138"></trkpt>
<trkpt lat="43.177205" lon="-3.526879"></trkpt>
<trkpt lat="43.177038" lon="-3.527482"></trkpt>
<trkpt lat="43.176369" lon="-3.528752"></trkpt>
<trkpt lat="43.176301" lon="-3.528913"></trkpt>
<trkpt lat="43.176164" lon="-3.529305"></trkpt>
<trkpt lat="43.175946" lon="-3.529898"></trkpt>
<trkpt lat="43.175890" lon="-3.530355"></trkpt>
<trkpt lat="43.175755" lon="-3.530729"></trkpt>
<trkpt lat="43.175740" lon="-3.530873"></trkpt>
<trkpt lat="43.175778" lon="-3.530988"></trkpt>
<trkpt lat="43.175864" lon="-3.531054"></trkpt>
<trkpt lat="43.176193" lon="-3.530956"></trkpt>
<trkpt lat="43.176312" lon="-3.530952"></trkpt>
<trkpt lat="43.176431" lon="-3.531009"></trkpt>
<trkpt lat="43.176607" lon="-3.531198"></trkpt>
<trkpt lat="43.176735" lon="-3.531463"></trkpt>
<trkpt lat="43.176818" lon="-3.531565"></trkpt>
<trkpt lat="43.176997" lon="-3.531678"></trkpt>
<trkpt lat="43.177267" lon="-3.531726"></trkpt>
<trkpt lat="43.177536" lon="-3.531736"></trkpt>
<trkpt lat="43.177641" lon="-3.531687"></trkpt>
<trkpt lat="43.177821" lon="-3.531502"></trkpt>
<trkpt lat="43.177904" lon="-3.531480"></trkpt>
<trkpt lat="43.177983" lon="-3.531524"></trkpt>
<trkpt lat="43.177993" lon="-3.531674"></trkpt>
<trkpt lat="43.177579" lon="-3.532404"></trkpt>
<trkpt lat="43.177569" lon="-3.532485"></trkpt>
<trkpt lat="43.177589" lon="-3.532564"></trkpt>
<trkpt lat="43.177656" lon="-3.532608"></trkpt>
<trkpt lat="43.177967" lon="-3.532552"></trkpt>
<trkpt lat="43.178138" lon="-3.532606"></trkpt>
<trkpt lat="43.178654" lon="-3.532978"></trkpt>
<trkpt lat="43.178849" lon="-3.533224"></trkpt>
<trkpt lat="43.178934" lon="-3.533457"></trkpt>
<trkpt lat="43.179166" lon="-3.533810"></trkpt>
<trkpt lat="43.179196" lon="-3.533908"></trkpt>
<trkpt lat="43.179187" lon="-3.534102"></trkpt>
<trkpt lat="43.179066" lon="-3.534524"></trkpt>
<trkpt lat="43.178998" lon="-3.534760"></trkpt>
<trkpt lat="43.178864" lon="-3.535080"></trkpt>
<trkpt lat="43.178783" lon="-3.535429"></trkpt>
<trkpt lat="43.178730" lon="-3.535706"></trkpt>
<trkpt lat="43.178653" lon="-3.536386"></trkpt>
<trkpt lat="43.178322" lon="-3.537666"></trkpt>
<trkpt lat="43.178248" lon="-3.538110"></trkpt>
<trkpt lat="43.178171" lon="-3.538324"></trkpt>
<trkpt lat="43.177924" lon="-3.538828"></trkpt>
<trkpt lat="43.177741" lon="-3.539067"></trkpt>
<trkpt lat="43.177333" lon="-3.539876"></trkpt>
<trkpt lat="43.177323" lon="-3.540038"></trkpt>
<trkpt lat="43.177466" lon="-3.541221"></trkpt>
<trkpt lat="43.177616" lon="-3.542155"></trkpt>
<trkpt lat="43.177743" lon="-3.542377"></trkpt>
<trkpt lat="43.177864" lon="-3.542475"></trkpt>
<trkpt lat="43.178008" lon="-3.542568"></trkpt>
<trkpt lat="43.178135" lon="-3.542610"></trkpt>
<trkpt lat="43.178402" lon="-3.542630"></trkpt>
<trkpt lat="43.178836" lon="-3.542610"></trkpt>
<trkpt lat="43.179328" lon="-3.542523"></trkpt>
<trkpt lat="43.179528" lon="-3.542563"></trkpt>
<trkpt lat="43.179587" lon="-3.542684"></trkpt>
<trkpt lat="43.179609" lon="-3.542802"></trkpt>
<trkpt lat="43.179559" lon="-3.543558"></trkpt>
<trkpt lat="43.179595" lon="-3.543734"></trkpt>
<trkpt lat="43.179611" lon="-3.543797"></trkpt>
<trkpt lat="43.179730" lon="-3.543941"></trkpt>
<trkpt lat="43.179890" lon="-3.544044"></trkpt>
<trkpt lat="43.179969" lon="-3.544148"></trkpt>
<trkpt lat="43.179985" lon="-3.544285"></trkpt>
<trkpt lat="43.179874" lon="-3.544733"></trkpt>
<trkpt lat="43.179716" lon="-3.545076"></trkpt>
<trkpt lat="43.179403" lon="-3.545552"></trkpt>
<trkpt lat="43.178803" lon="-3.546305"></trkpt>
<trkpt lat="43.178469" lon="-3.546664"></trkpt>
<trkpt lat="43.178275" lon="-3.547191"></trkpt>
<trkpt lat="43.178219" lon="-3.547427"></trkpt>
<trkpt lat="43.178131" lon="-3.547663"></trkpt>
<trkpt lat="43.178011" lon="-3.547856"></trkpt>
<trkpt lat="43.177863" lon="-3.547962"></trkpt>
<trkpt lat="43.177546" lon="-3.548071"></trkpt>
<trkpt lat="43.176334" lon="-3.548702"></trkpt>
<trkpt lat="43.176221" lon="-3.548779"></trkpt>
<trkpt lat="43.176176" lon="-3.548939"></trkpt>
<trkpt lat="43.176208" lon="-3.549173"></trkpt>
<trkpt lat="43.176415" lon="-3.549513"></trkpt>
<trkpt lat="43.176685" lon="-3.549765"></trkpt>
<trkpt lat="43.177033" lon="-3.550029"></trkpt>
<trkpt lat="43.177093" lon="-3.550139"></trkpt>
<trkpt lat="43.177161" lon="-3.550476"></trkpt>
<trkpt lat="43.177166" lon="-3.551113"></trkpt>
<trkpt lat="43.177269" lon="-3.551345"></trkpt>
<trkpt lat="43.177386" lon="-3.551437"></trkpt>
<trkpt lat="43.177826" lon="-3.551474"></trkpt>
<trkpt lat="43.177983" lon="-3.551535"></trkpt>
<trkpt lat="43.178121" lon="-3.551667"></trkpt>
<trkpt lat="43.177983" lon="-3.552330"></trkpt>
<trkpt lat="43.177989" lon="-3.553614"></trkpt>
<trkpt lat="43.177951" lon="-3.554071"></trkpt>
<trkpt lat="43.177905" lon="-3.554325"></trkpt>
<trkpt lat="43.177811" lon="-3.554665"></trkpt>
<trkpt lat="43.177660" lon="-3.555163"></trkpt>
<trkpt lat="43.177614" lon="-3.555434"></trkpt>
<trkpt lat="43.177607" lon="-3.556014"></trkpt>
<trkpt lat="43.178008" lon="-3.557330"></trkpt>
<trkpt lat="43.178381" lon="-3.558070"></trkpt>
<trkpt lat="43.178469" lon="-3.558344"></trkpt>
<trkpt lat="43.178494" lon="-3.558611"></trkpt>
<trkpt lat="43.178490" lon="-3.558833"></trkpt>
<trkpt lat="43.178431" lon="-3.559333"></trkpt>
<trkpt lat="43.178424" lon="-3.559657"></trkpt>
<trkpt lat="43.178276" lon="-3.560311"></trkpt>
<trkpt lat="43.178191" lon="-3.560504"></trkpt>
<trkpt lat="43.177864" lon="-3.560709"></trkpt>
<trkpt lat="43.177245" lon="-3.560849"></trkpt>
<trkpt lat="43.176910" lon="-3.560776"></trkpt>
<trkpt lat="43.176309" lon="-3.560804"></trkpt>
<trkpt lat="43.176027" lon="-3.560783"></trkpt>
<trkpt lat="43.174461" lon="-3.560082"></trkpt>
<trkpt lat="43.174317" lon="-3.560051"></trkpt>
<trkpt lat="43.174120" lon="-3.560054"></trkpt>
<trkpt lat="43.173983" lon="-3.560107"></trkpt>
<trkpt lat="43.173888" lon="-3.560269"></trkpt>
<trkpt lat="43.173814" lon="-3.560534"></trkpt>
<trkpt lat="43.173623" lon="-3.561240"></trkpt>
<trkpt lat="43.173630" lon="-3.561459"></trkpt>
<trkpt lat="43.173701" lon="-3.561701"></trkpt>
<trkpt lat="43.174024" lon="-3.562217"></trkpt>
<trkpt lat="43.174067" lon="-3.562348"></trkpt>
<trkpt lat="43.174282" lon="-3.563566"></trkpt>
<trkpt lat="43.174289" lon="-3.564104"></trkpt>
<trkpt lat="43.174250" lon="-3.565149"></trkpt>
<trkpt lat="43.174261" lon="-3.565385"></trkpt>
<trkpt lat="43.174303" lon="-3.565589"></trkpt>
<trkpt lat="43.174398" lon="-3.565793"></trkpt>
<trkpt lat="43.175148" lon="-3.566529"></trkpt>
<trkpt lat="43.175405" lon="-3.566788"></trkpt>
<trkpt lat="43.175452" lon="-3.566851"></trkpt>
<trkpt lat="43.175499" lon="-3.566945"></trkpt>
<trkpt lat="43.175576" lon="-3.567146"></trkpt>
<trkpt lat="43.175637" lon="-3.567391"></trkpt>
<trkpt lat="43.175751" lon="-3.568764"></trkpt>
<trkpt lat="43.175747" lon="-3.568994"></trkpt>
<trkpt lat="43.175675" lon="-3.569419"></trkpt>
<trkpt lat="43.175625" lon="-3.569534"></trkpt>
<trkpt lat="43.175546" lon="-3.569922"></trkpt>
<trkpt lat="43.175519" lon="-3.570133"></trkpt>
<trkpt lat="43.175488" lon="-3.570667"></trkpt>
<trkpt lat="43.175492" lon="-3.570825"></trkpt>
<trkpt lat="43.175520" lon="-3.570931"></trkpt>
<trkpt lat="43.175603" lon="-3.571072"></trkpt>
<trkpt lat="43.175762" lon="-3.571219"></trkpt>
<trkpt lat="43.175963" lon="-3.571277"></trkpt>
<trkpt lat="43.176097" lon="-3.571257"></trkpt>
<trkpt lat="43.176330" lon="-3.571118"></trkpt>
<trkpt lat="43.176562" lon="-3.570894"></trkpt>
<trkpt lat="43.176609" lon="-3.570834"></trkpt>
<trkpt lat="43.176709" lon="-3.570614"></trkpt>
<trkpt lat="43.177209" lon="-3.570350"></trkpt>
<trkpt lat="43.177395" lon="-3.570339"></trkpt>
<trkpt lat="43.177834" lon="-3.570412"></trkpt>
<trkpt lat="43.178640" lon="-3.570094"></trkpt>
<trkpt lat="43.178781" lon="-3.570089"></trkpt>
<trkpt lat="43.179161" lon="-3.570177"></trkpt>
<trkpt lat="43.179442" lon="-3.570203"></trkpt>
<trkpt lat="43.180123" lon="-3.569992"></trkpt>
<trkpt lat="43.180343" lon="-3.569862"></trkpt>
<trkpt lat="43.180568" lon="-3.569572"></trkpt>
<trkpt lat="43.180689" lon="-3.569505"></trkpt>
<trkpt lat="43.180775" lon="-3.569554"></trkpt>
<trkpt lat="43.180880" lon="-3.569769"></trkpt>
<trkpt lat="43.180962" lon="-3.570089"></trkpt>
<trkpt lat="43.181057" lon="-3.570663"></trkpt>
<trkpt lat="43.181107" lon="-3.570746"></trkpt>
<trkpt lat="43.181351" lon="-3.570963"></trkpt>
<trkpt lat="43.181580" lon="-3.571116"></trkpt>
<trkpt lat="43.181665" lon="-3.571148"></trkpt>
<trkpt lat="43.182269" lon="-3.571594"></trkpt>
<trkpt lat="43.182481" lon="-3.571786"></trkpt>
<trkpt lat="43.182555" lon="-3.571916"></trkpt>
<trkpt lat="43.182589" lon="-3.571926"></trkpt>
<trkpt lat="43.182672" lon="-3.571893"></trkpt>
<trkpt lat="43.182702" lon="-3.571652"></trkpt>
<trkpt lat="43.182763" lon="-3.571455"></trkpt>
<trkpt lat="43.182699" lon="-3.571124"></trkpt>
<trkpt lat="43.182688" lon="-3.570898"></trkpt>
<trkpt lat="43.182678" lon="-3.570609"></trkpt>
<trkpt lat="43.182689" lon="-3.570363"></trkpt>
<trkpt lat="43.182716" lon="-3.570239"></trkpt>
<trkpt lat="43.182715" lon="-3.570385"></trkpt>
<trkpt lat="43.182807" lon="-3.570777"></trkpt>
<trkpt lat="43.182921" lon="-3.571242"></trkpt>
<trkpt lat="43.183122" lon="-3.571785"></trkpt>
<trkpt lat="43.183178" lon="-3.572148"></trkpt>
<trkpt lat="43.183262" lon="-3.573109"></trkpt>
<trkpt lat="43.183290" lon="-3.573227"></trkpt>
<trkpt lat="43.183329" lon="-3.573293"></trkpt>
<trkpt lat="43.183371" lon="-3.573306"></trkpt>
<trkpt lat="43.183427" lon="-3.573277"></trkpt>
<trkpt lat="43.183482" lon="-3.573163"></trkpt>
<trkpt lat="43.183535" lon="-3.572792"></trkpt>
<trkpt lat="43.183588" lon="-3.572642"></trkpt>
<trkpt lat="43.183684" lon="-3.572635"></trkpt>
<trkpt lat="43.183761" lon="-3.572685"></trkpt>
<trkpt lat="43.183915" lon="-3.572859"></trkpt>
<trkpt lat="43.184015" lon="-3.572885"></trkpt>
<trkpt lat="43.184227" lon="-3.572598"></trkpt>
<trkpt lat="43.184349" lon="-3.572220"></trkpt>
<trkpt lat="43.184646" lon="-3.571830"></trkpt>
<trkpt lat="43.185013" lon="-3.571529"></trkpt>
<trkpt lat="43.185183" lon="-3.571308"></trkpt>
<trkpt lat="43.185608" lon="-3.571133"></trkpt>
<trkpt lat="43.185929" lon="-3.570767"></trkpt>
<trkpt lat="43.186265" lon="-3.570206"></trkpt>
<trkpt lat="43.186497" lon="-3.569711"></trkpt>
<trkpt lat="43.186611" lon="-3.569556"></trkpt>
<trkpt lat="43.186666" lon="-3.569533"></trkpt>
<trkpt lat="43.186782" lon="-3.569560"></trkpt>
<trkpt lat="43.187671" lon="-3.570458"></trkpt>
<trkpt lat="43.188406" lon="-3.571155"></trkpt>
<trkpt lat="43.188520" lon="-3.571218"></trkpt>
<trkpt lat="43.188819" lon="-3.571213"></trkpt>
<trkpt lat="43.189148" lon="-3.571130"></trkpt>
<trkpt lat="43.189270" lon="-3.571140"></trkpt>
<trkpt lat="43.189046" lon="-3.571686"></trkpt>
<trkpt lat="43.188857" lon="-3.572144"></trkpt>
<trkpt lat="43.188469" lon="-3.573193"></trkpt>
<trkpt lat="43.188251" lon="-3.573804"></trkpt>
<trkpt lat="43.188065" lon="-3.574239"></trkpt>
<trkpt lat="43.187763" lon="-3.574783"></trkpt>
<trkpt lat="43.187514" lon="-3.575176"></trkpt>
<trkpt lat="43.187291" lon="-3.575465"></trkpt>
<trkpt lat="43.186576" lon="-3.576141"></trkpt>
<trkpt lat="43.186538" lon="-3.576170"></trkpt>
<trkpt lat="43.186157" lon="-3.576542"></trkpt>
<trkpt lat="43.186080" lon="-3.576707"></trkpt>
<trkpt lat="43.186029" lon="-3.576934"></trkpt>
<trkpt lat="43.186029" lon="-3.577264"></trkpt>
<trkpt lat="43.186071" lon="-3.577626"></trkpt>
<trkpt lat="43.186245" lon="-3.578245"></trkpt>
<trkpt lat="43.186365" lon="-3.578589"></trkpt>
<trkpt lat="43.187286" lon="-3.581493"></trkpt>
<trkpt lat="43.187405" lon="-3.581769"></trkpt>
<trkpt lat="43.187514" lon="-3.581992"></trkpt>
<trkpt lat="43.188088" lon="-3.582946"></trkpt>
<trkpt lat="43.188200" lon="-3.583086"></trkpt>
<trkpt lat="43.188372" lon="-3.583184"></trkpt>
<trkpt lat="43.188826" lon="-3.583180"></trkpt>
<trkpt lat="43.189031" lon="-3.583253"></trkpt>
<trkpt lat="43.189165" lon="-3.583395"></trkpt>
<trkpt lat="43.189395" lon="-3.583849"></trkpt>
<trkpt lat="43.189470" lon="-3.583951"></trkpt>
<trkpt lat="43.189604" lon="-3.584063"></trkpt>
<trkpt lat="43.189931" lon="-3.584262"></trkpt>
<trkpt lat="43.190125" lon="-3.584272"></trkpt>
<trkpt lat="43.190516" lon="-3.584146"></trkpt>
<trkpt lat="43.190995" lon="-3.584062"></trkpt>
<trkpt lat="43.191699" lon="-3.583792"></trkpt>
<trkpt lat="43.191878" lon="-3.583778"></trkpt>
<trkpt lat="43.191954" lon="-3.583862"></trkpt>
<trkpt lat="43.191592" lon="-3.584063"></trkpt>
<trkpt lat="43.190906" lon="-3.584581"></trkpt>
<trkpt lat="43.190603" lon="-3.584775"></trkpt>
<trkpt lat="43.190412" lon="-3.585034"></trkpt>
<trkpt lat="43.190275" lon="-3.585141"></trkpt>
<trkpt lat="43.190195" lon="-3.585182"></trkpt>
<trkpt lat="43.190052" lon="-3.585192"></trkpt>
<trkpt lat="43.189872" lon="-3.585095"></trkpt>
<trkpt lat="43.189794" lon="-3.585102"></trkpt>
<trkpt lat="43.189487" lon="-3.585384"></trkpt>
<trkpt lat="43.189201" lon="-3.585526"></trkpt>
<trkpt lat="43.188781" lon="-3.585514"></trkpt>
<trkpt lat="43.188407" lon="-3.585357"></trkpt>
<trkpt lat="43.188155" lon="-3.585366"></trkpt>
<trkpt lat="43.187847" lon="-3.585437"></trkpt>
<trkpt lat="43.187619" lon="-3.585377"></trkpt>
<trkpt lat="43.187397" lon="-3.585392"></trkpt>
<trkpt lat="43.186959" lon="-3.585574"></trkpt>
<trkpt lat="43.186638" lon="-3.585803"></trkpt>
<trkpt lat="43.186385" lon="-3.585872"></trkpt>
<trkpt lat="43.185939" lon="-3.585880"></trkpt>
<trkpt lat="43.185838" lon="-3.585905"></trkpt>
<trkpt lat="43.185136" lon="-3.586277"></trkpt>
<trkpt lat="43.184900" lon="-3.586273"></trkpt>
<trkpt lat="43.184769" lon="-3.586211"></trkpt>
<trkpt lat="43.184236" lon="-3.585753"></trkpt>
<trkpt lat="43.183800" lon="-3.585199"></trkpt>
<trkpt lat="43.183515" lon="-3.584572"></trkpt>
<trkpt lat="43.183411" lon="-3.584394"></trkpt>
<trkpt lat="43.183326" lon="-3.584364"></trkpt>
<trkpt lat="43.183273" lon="-3.584468"></trkpt>
<trkpt lat="43.183282" lon="-3.584591"></trkpt>
<trkpt lat="43.183515" lon="-3.585176"></trkpt>
<trkpt lat="43.183890" lon="-3.586533"></trkpt>
<trkpt lat="43.183997" lon="-3.586825"></trkpt>
<trkpt lat="43.184043" lon="-3.586911"></trkpt>
<trkpt lat="43.184123" lon="-3.586984"></trkpt>
<trkpt lat="43.184311" lon="-3.587086"></trkpt>
<trkpt lat="43.184481" lon="-3.587113"></trkpt>
<trkpt lat="43.184534" lon="-3.587203"></trkpt>
<trkpt lat="43.184525" lon="-3.587278"></trkpt>
<trkpt lat="43.184465" lon="-3.587340"></trkpt>
<trkpt lat="43.184263" lon="-3.587300"></trkpt>
<trkpt lat="43.183831" lon="-3.587020"></trkpt>
<trkpt lat="43.183575" lon="-3.586692"></trkpt>
<trkpt lat="43.183215" lon="-3.586013"></trkpt>
<trkpt lat="43.183102" lon="-3.585935"></trkpt>
<trkpt lat="43.182972" lon="-3.585997"></trkpt>
<trkpt lat="43.182711" lon="-3.586367"></trkpt>
<trkpt lat="43.182599" lon="-3.586472"></trkpt>
<trkpt lat="43.182230" lon="-3.586546"></trkpt>
<trkpt lat="43.181865" lon="-3.586522"></trkpt>
<trkpt lat="43.181745" lon="-3.586550"></trkpt>
<trkpt lat="43.181640" lon="-3.586690"></trkpt>
<trkpt lat="43.181559" lon="-3.586909"></trkpt>
<trkpt lat="43.181477" lon="-3.587490"></trkpt>
<trkpt lat="43.181416" lon="-3.587638"></trkpt>
<trkpt lat="43.181345" lon="-3.587681"></trkpt>
<trkpt lat="43.181230" lon="-3.587691"></trkpt>
<trkpt lat="43.180659" lon="-3.587631"></trkpt>
<trkpt lat="43.180512" lon="-3.587710"></trkpt>
<trkpt lat="43.180365" lon="-3.587911"></trkpt>
<trkpt lat="43.180284" lon="-3.588138"></trkpt>
<trkpt lat="43.180188" lon="-3.588660"></trkpt>
<trkpt lat="43.180135" lon="-3.589118"></trkpt>
<trkpt lat="43.180105" lon="-3.589622"></trkpt>
<trkpt lat="43.180056" lon="-3.589787"></trkpt>
<trkpt lat="43.180030" lon="-3.589825"></trkpt>
<trkpt lat="43.179970" lon="-3.589858"></trkpt>
<trkpt lat="43.179837" lon="-3.589783"></trkpt>
<trkpt lat="43.179427" lon="-3.589276"></trkpt>
<trkpt lat="43.179231" lon="-3.588928"></trkpt>
<trkpt lat="43.179088" lon="-3.588579"></trkpt>
<trkpt lat="43.178698" lon="-3.587442"></trkpt>
<trkpt lat="43.178622" lon="-3.587353"></trkpt>
<trkpt lat="43.178525" lon="-3.587361"></trkpt>
<trkpt lat="43.178358" lon="-3.587555"></trkpt>
<trkpt lat="43.178205" lon="-3.587880"></trkpt>
<trkpt lat="43.178056" lon="-3.588559"></trkpt>
<trkpt lat="43.177625" lon="-3.591439"></trkpt>
<trkpt lat="43.177601" lon="-3.592059"></trkpt>
<trkpt lat="43.177556" lon="-3.592227"></trkpt>
<trkpt lat="43.177363" lon="-3.592700"></trkpt>
<trkpt lat="43.177299" lon="-3.593024"></trkpt>
<trkpt lat="43.177209" lon="-3.593303"></trkpt>
<trkpt lat="43.177102" lon="-3.593409"></trkpt>
<trkpt lat="43.176943" lon="-3.593436"></trkpt>
<trkpt lat="43.176785" lon="-3.593373"></trkpt>
<trkpt lat="43.176586" lon="-3.593227"></trkpt>
<trkpt lat="43.176446" lon="-3.593173"></trkpt>
<trkpt lat="43.176221" lon="-3.593178"></trkpt>
<trkpt lat="43.176024" lon="-3.593237"></trkpt>
<trkpt lat="43.175884" lon="-3.593295"></trkpt>
<trkpt lat="43.175683" lon="-3.593294"></trkpt>
<trkpt lat="43.174917" lon="-3.592992"></trkpt>
<trkpt lat="43.174717" lon="-3.593027"></trkpt>
<trkpt lat="43.174497" lon="-3.593227"></trkpt>
<trkpt lat="43.174418" lon="-3.593248"></trkpt>
<trkpt lat="43.174333" lon="-3.593215"></trkpt>
<trkpt lat="43.174200" lon="-3.593104"></trkpt>
<trkpt lat="43.174029" lon="-3.593050"></trkpt>
<trkpt lat="43.173799" lon="-3.593089"></trkpt>
<trkpt lat="43.173673" lon="-3.593150"></trkpt>
<trkpt lat="43.173606" lon="-3.593249"></trkpt>
<trkpt lat="43.173549" lon="-3.593499"></trkpt>
<trkpt lat="43.173482" lon="-3.593620"></trkpt>
<trkpt lat="43.173437" lon="-3.593647"></trkpt>
<trkpt lat="43.173210" lon="-3.593662"></trkpt>
<trkpt lat="43.173036" lon="-3.593739"></trkpt>
<trkpt lat="43.172914" lon="-3.593840"></trkpt>
<trkpt lat="43.172731" lon="-3.594078"></trkpt>
<trkpt lat="43.172180" lon="-3.594418"></trkpt>
<trkpt lat="43.171972" lon="-3.594473"></trkpt>
<trkpt lat="43.171675" lon="-3.594421"></trkpt>
<trkpt lat="43.171541" lon="-3.594298"></trkpt>
<trkpt lat="43.171438" lon="-3.594032"></trkpt>
<trkpt lat="43.171331" lon="-3.593890"></trkpt>
<trkpt lat="43.171249" lon="-3.593855"></trkpt>
<trkpt lat="43.170921" lon="-3.593874"></trkpt>
<trkpt lat="43.170750" lon="-3.593839"></trkpt>
<trkpt lat="43.170314" lon="-3.593551"></trkpt>
<trkpt lat="43.169981" lon="-3.593414"></trkpt>
<trkpt lat="43.169821" lon="-3.593309"></trkpt>
<trkpt lat="43.169682" lon="-3.593126"></trkpt>
<trkpt lat="43.169356" lon="-3.592323"></trkpt>
<trkpt lat="43.169276" lon="-3.592191"></trkpt>
<trkpt lat="43.168452" lon="-3.591142"></trkpt>
<trkpt lat="43.168249" lon="-3.590698"></trkpt>
<trkpt lat="43.168108" lon="-3.590443"></trkpt>
<trkpt lat="43.167659" lon="-3.590105"></trkpt>
<trkpt lat="43.167283" lon="-3.589683"></trkpt>
<trkpt lat="43.167201" lon="-3.589610"></trkpt>
<trkpt lat="43.167064" lon="-3.589560"></trkpt>
<trkpt lat="43.167002" lon="-3.589565"></trkpt>
<trkpt lat="43.166749" lon="-3.589684"></trkpt>
<trkpt lat="43.166416" lon="-3.589644"></trkpt>
<trkpt lat="43.166223" lon="-3.589705"></trkpt>
<trkpt lat="43.165773" lon="-3.590147"></trkpt>
<trkpt lat="43.165497" lon="-3.590289"></trkpt>
<trkpt lat="43.165071" lon="-3.590636"></trkpt>
<trkpt lat="43.164559" lon="-3.590893"></trkpt>
<trkpt lat="43.164270" lon="-3.591172"></trkpt>
<trkpt lat="43.164088" lon="-3.591562"></trkpt>
<trkpt lat="43.164027" lon="-3.591640"></trkpt>
<trkpt lat="43.163819" lon="-3.591779"></trkpt>
<trkpt lat="43.163496" lon="-3.591752"></trkpt>
<trkpt lat="43.163416" lon="-3.591771"></trkpt>
<trkpt lat="43.163263" lon="-3.591862"></trkpt>
<trkpt lat="43.163075" lon="-3.592028"></trkpt>
<trkpt lat="43.162919" lon="-3.592082"></trkpt>
<trkpt lat="43.162870" lon="-3.592050"></trkpt>
<trkpt lat="43.162646" lon="-3.591703"></trkpt>
<trkpt lat="43.162595" lon="-3.591674"></trkpt>
<trkpt lat="43.162464" lon="-3.591670"></trkpt>
<trkpt lat="43.162309" lon="-3.591727"></trkpt>
<trkpt lat="43.162022" lon="-3.591951"></trkpt>
<trkpt lat="43.161790" lon="-3.592067"></trkpt>
<trkpt lat="43.161364" lon="-3.592161"></trkpt>
<trkpt lat="43.160978" lon="-3.592344"></trkpt>
<trkpt lat="43.160721" lon="-3.592364"></trkpt>
<trkpt lat="43.160586" lon="-3.592344"></trkpt>
<trkpt lat="43.160537" lon="-3.592269"></trkpt>
<trkpt lat="43.160539" lon="-3.592126"></trkpt>
<trkpt lat="43.160718" lon="-3.591669"></trkpt>
<trkpt lat="43.160754" lon="-3.591493"></trkpt>
<trkpt lat="43.160745" lon="-3.591414"></trkpt>
<trkpt lat="43.160616" lon="-3.591084"></trkpt>
<trkpt lat="43.160536" lon="-3.590366"></trkpt>
<trkpt lat="43.160441" lon="-3.589821"></trkpt>
<trkpt lat="43.160447" lon="-3.589520"></trkpt>
<trkpt lat="43.160606" lon="-3.588423"></trkpt>
<trkpt lat="43.160625" lon="-3.588137"></trkpt>
<trkpt lat="43.160564" lon="-3.587772"></trkpt>
<trkpt lat="43.160449" lon="-3.587382"></trkpt>
<trkpt lat="43.160463" lon="-3.587219"></trkpt>
<trkpt lat="43.160517" lon="-3.587014"></trkpt>
<trkpt lat="43.160625" lon="-3.586819"></trkpt>
<trkpt lat="43.160795" lon="-3.586595"></trkpt>
<trkpt lat="43.160872" lon="-3.586361"></trkpt>
<trkpt lat="43.160870" lon="-3.586166"></trkpt>
<trkpt lat="43.160770" lon="-3.585351"></trkpt>
<trkpt lat="43.160768" lon="-3.585129"></trkpt>
<trkpt lat="43.160781" lon="-3.584762"></trkpt>
<trkpt lat="43.160631" lon="-3.584411"></trkpt>
<trkpt lat="43.160617" lon="-3.584322"></trkpt>
<trkpt lat="43.160670" lon="-3.583994"></trkpt>
<trkpt lat="43.160731" lon="-3.583618"></trkpt>
<trkpt lat="43.160742" lon="-3.583300"></trkpt>
<trkpt lat="43.160715" lon="-3.582971"></trkpt>
<trkpt lat="43.160656" lon="-3.582611"></trkpt>
<trkpt lat="43.160576" lon="-3.582271"></trkpt>
<trkpt lat="43.160035" lon="-3.580764"></trkpt>
<trkpt lat="43.159491" lon="-3.579217"></trkpt>
<trkpt lat="43.159153" lon="-3.577900"></trkpt>
<trkpt lat="43.158997" lon="-3.577529"></trkpt>
<trkpt lat="43.158797" lon="-3.577208"></trkpt>
<trkpt lat="43.158060" lon="-3.576575"></trkpt>
<trkpt lat="43.157497" lon="-3.576182"></trkpt>
<trkpt lat="43.156235" lon="-3.575382"></trkpt>
<trkpt lat="43.155643" lon="-3.575170"></trkpt>
<trkpt lat="43.155561" lon="-3.575091"></trkpt>
<trkpt lat="43.155514" lon="-3.574925"></trkpt>
<trkpt lat="43.155502" lon="-3.574789"></trkpt>
<trkpt lat="43.155389" lon="-3.573061"></trkpt>
<trkpt lat="43.155247" lon="-3.572598"></trkpt>
<trkpt lat="43.155222" lon="-3.572104"></trkpt>
<trkpt lat="43.155160" lon="-3.571629"></trkpt>
<trkpt lat="43.155164" lon="-3.571216"></trkpt>
<trkpt lat="43.155178" lon="-3.569977"></trkpt>
<trkpt lat="43.155158" lon="-3.569731"></trkpt>
<trkpt lat="43.155104" lon="-3.569473"></trkpt>
<trkpt lat="43.154791" lon="-3.568515"></trkpt>
<trkpt lat="43.154740" lon="-3.568426"></trkpt>
<trkpt lat="43.154449" lon="-3.568187"></trkpt>
<trkpt lat="43.154376" lon="-3.568079"></trkpt>
<trkpt lat="43.154113" lon="-3.566993"></trkpt>
<trkpt lat="43.154100" lon="-3.566903"></trkpt>
<trkpt lat="43.154115" lon="-3.566710"></trkpt>
<trkpt lat="43.154264" lon="-3.566221"></trkpt>
<trkpt lat="43.154317" lon="-3.565886"></trkpt>
<trkpt lat="43.154315" lon="-3.565506"></trkpt>
<trkpt lat="43.154279" lon="-3.565263"></trkpt>
<trkpt lat="43.154211" lon="-3.565177"></trkpt>
<trkpt lat="43.154131" lon="-3.565171"></trkpt>
<trkpt lat="43.154094" lon="-3.565197"></trkpt>
<trkpt lat="43.154066" lon="-3.565284"></trkpt>
<trkpt lat="43.154093" lon="-3.565707"></trkpt>
<trkpt lat="43.154024" lon="-3.565954"></trkpt>
<trkpt lat="43.153928" lon="-3.566122"></trkpt>
<trkpt lat="43.153676" lon="-3.566257"></trkpt>
<trkpt lat="43.153619" lon="-3.566304"></trkpt>
<trkpt lat="43.153561" lon="-3.566407"></trkpt>
<trkpt lat="43.153472" lon="-3.567722"></trkpt>
<trkpt lat="43.153433" lon="-3.567925"></trkpt>
<trkpt lat="43.153382" lon="-3.568207"></trkpt>
<trkpt lat="43.153331" lon="-3.568761"></trkpt>
<trkpt lat="43.153161" lon="-3.569229"></trkpt>
<trkpt lat="43.153127" lon="-3.569416"></trkpt>
<trkpt lat="43.153112" lon="-3.570421"></trkpt>
<trkpt lat="43.153155" lon="-3.570829"></trkpt>
<trkpt lat="43.153132" lon="-3.571162"></trkpt>
<trkpt lat="43.153124" lon="-3.572005"></trkpt>
<trkpt lat="43.153187" lon="-3.572560"></trkpt>
<trkpt lat="43.153182" lon="-3.572933"></trkpt>
<trkpt lat="43.153163" lon="-3.572991"></trkpt>
<trkpt lat="43.153098" lon="-3.573054"></trkpt>
<trkpt lat="43.152886" lon="-3.573113"></trkpt>
<trkpt lat="43.152625" lon="-3.573166"></trkpt>
<trkpt lat="43.152506" lon="-3.573252"></trkpt>
<trkpt lat="43.152468" lon="-3.573324"></trkpt>
<trkpt lat="43.151968" lon="-3.574859"></trkpt>
<trkpt lat="43.151826" lon="-3.575625"></trkpt>
<trkpt lat="43.151806" lon="-3.576284"></trkpt>
<trkpt lat="43.151755" lon="-3.576691"></trkpt>
<trkpt lat="43.151559" lon="-3.577206"></trkpt>
<trkpt lat="43.151296" lon="-3.577699"></trkpt>
<trkpt lat="43.151237" lon="-3.577987"></trkpt>
<trkpt lat="43.151187" lon="-3.578411"></trkpt>
<trkpt lat="43.151131" lon="-3.578508"></trkpt>
<trkpt lat="43.151058" lon="-3.578513"></trkpt>
<trkpt lat="43.150991" lon="-3.578402"></trkpt>
<trkpt lat="43.151087" lon="-3.577151"></trkpt>
<trkpt lat="43.151119" lon="-3.576963"></trkpt>
<trkpt lat="43.151212" lon="-3.576700"></trkpt>
<trkpt lat="43.151239" lon="-3.576486"></trkpt>
<trkpt lat="43.151199" lon="-3.575153"></trkpt>
<trkpt lat="43.151159" lon="-3.574997"></trkpt>
<trkpt lat="43.151069" lon="-3.574845"></trkpt>
<trkpt lat="43.150620" lon="-3.574215"></trkpt>
<trkpt lat="43.150520" lon="-3.574133"></trkpt>
<trkpt lat="43.150445" lon="-3.574166"></trkpt>
<trkpt lat="43.150415" lon="-3.574254"></trkpt>
<trkpt lat="43.150421" lon="-3.574305"></trkpt>
<trkpt lat="43.150739" lon="-3.574886"></trkpt>
<trkpt lat="43.150766" lon="-3.575014"></trkpt>
<trkpt lat="43.150748" lon="-3.575140"></trkpt>
<trkpt lat="43.150658" lon="-3.575333"></trkpt>
<trkpt lat="43.150272" lon="-3.575938"></trkpt>
<trkpt lat="43.150231" lon="-3.576100"></trkpt>
<trkpt lat="43.150213" lon="-3.576565"></trkpt>
<trkpt lat="43.150139" lon="-3.576862"></trkpt>
<trkpt lat="43.150064" lon="-3.577053"></trkpt>
<trkpt lat="43.149839" lon="-3.577320"></trkpt>
<trkpt lat="43.149636" lon="-3.577547"></trkpt>
<trkpt lat="43.149527" lon="-3.577669"></trkpt>
<trkpt lat="43.148989" lon="-3.578130"></trkpt>
<trkpt lat="43.148611" lon="-3.578479"></trkpt>
<trkpt lat="43.148537" lon="-3.578575"></trkpt>
<trkpt lat="43.148466" lon="-3.578769"></trkpt>
<trkpt lat="43.148100" lon="-3.580415"></trkpt>
<trkpt lat="43.148043" lon="-3.580696"></trkpt>
<trkpt lat="43.148053" lon="-3.581257"></trkpt>
<trkpt lat="43.148011" lon="-3.581526"></trkpt>
<trkpt lat="43.147520" lon="-3.583341"></trkpt>
<trkpt lat="43.147435" lon="-3.583550"></trkpt>
<trkpt lat="43.147357" lon="-3.583641"></trkpt>
<trkpt lat="43.146865" lon="-3.583809"></trkpt>
<trkpt lat="43.146708" lon="-3.583867"></trkpt>
<trkpt lat="43.146635" lon="-3.583886"></trkpt>
<trkpt lat="43.146557" lon="-3.583867"></trkpt>
<trkpt lat="43.146505" lon="-3.583774"></trkpt>
<trkpt lat="43.146421" lon="-3.583383"></trkpt>
<trkpt lat="43.146373" lon="-3.582985"></trkpt>
<trkpt lat="43.146348" lon="-3.582438"></trkpt>
<trkpt lat="43.146231" lon="-3.582158"></trkpt>
<trkpt lat="43.146136" lon="-3.581997"></trkpt>
<trkpt lat="43.145970" lon="-3.581819"></trkpt>
<trkpt lat="43.145282" lon="-3.581559"></trkpt>
<trkpt lat="43.145137" lon="-3.581461"></trkpt>
<trkpt lat="43.145061" lon="-3.581354"></trkpt>
<trkpt lat="43.145036" lon="-3.581275"></trkpt>
<trkpt lat="43.144924" lon="-3.580373"></trkpt>
<trkpt lat="43.144859" lon="-3.580181"></trkpt>
<trkpt lat="43.144788" lon="-3.580075"></trkpt>
<trkpt lat="43.144726" lon="-3.580028"></trkpt>
<trkpt lat="43.144286" lon="-3.579786"></trkpt>
<trkpt lat="43.144206" lon="-3.579712"></trkpt>
<trkpt lat="43.144141" lon="-3.579586"></trkpt>
<trkpt lat="43.144127" lon="-3.579507"></trkpt>
<trkpt lat="43.144124" lon="-3.579414"></trkpt>
<trkpt lat="43.144186" lon="-3.579046"></trkpt>
<trkpt lat="43.144162" lon="-3.578865"></trkpt>
<trkpt lat="43.144086" lon="-3.578739"></trkpt>
<trkpt lat="43.143953" lon="-3.578626"></trkpt>
<trkpt lat="43.143782" lon="-3.578579"></trkpt>
<trkpt lat="43.143512" lon="-3.578577"></trkpt>
<trkpt lat="43.143044" lon="-3.578398"></trkpt>
<trkpt lat="43.142912" lon="-3.578414"></trkpt>
<trkpt lat="43.142764" lon="-3.578472"></trkpt>
<trkpt lat="43.142630" lon="-3.578449"></trkpt>
<trkpt lat="43.142564" lon="-3.578393"></trkpt>
<trkpt lat="43.142431" lon="-3.578078"></trkpt>
<trkpt lat="43.142350" lon="-3.577943"></trkpt>
<trkpt lat="43.142190" lon="-3.577810"></trkpt>
<trkpt lat="43.142105" lon="-3.577783"></trkpt>
<trkpt lat="43.141865" lon="-3.577747"></trkpt>
<trkpt lat="43.141249" lon="-3.577789"></trkpt>
<trkpt lat="43.141112" lon="-3.577723"></trkpt>
<trkpt lat="43.140882" lon="-3.577526"></trkpt>
<trkpt lat="43.140745" lon="-3.577456"></trkpt>
<trkpt lat="43.140046" lon="-3.577432"></trkpt>
<trkpt lat="43.139237" lon="-3.577192"></trkpt>
<trkpt lat="43.139195" lon="-3.577179"></trkpt>
<trkpt lat="43.138635" lon="-3.577128"></trkpt>
<trkpt lat="43.138400" lon="-3.577183"></trkpt>
<trkpt lat="43.137722" lon="-3.577622"></trkpt>
<trkpt lat="43.137568" lon="-3.577801"></trkpt>
<trkpt lat="43.137530" lon="-3.577912"></trkpt>
<trkpt lat="43.137514" lon="-3.578120"></trkpt>
<trkpt lat="43.137581" lon="-3.578549"></trkpt>
<trkpt lat="43.137591" lon="-3.579293"></trkpt>
<trkpt lat="43.137613" lon="-3.579489"></trkpt>
<trkpt lat="43.137686" lon="-3.579792"></trkpt>
<trkpt lat="43.137663" lon="-3.579855"></trkpt>
<trkpt lat="43.137609" lon="-3.579906"></trkpt>
<trkpt lat="43.137554" lon="-3.579932"></trkpt>
<trkpt lat="43.137439" lon="-3.579904"></trkpt>
<trkpt lat="43.137357" lon="-3.579804"></trkpt>
<trkpt lat="43.137194" lon="-3.579516"></trkpt>
<trkpt lat="43.137075" lon="-3.579209"></trkpt>
<trkpt lat="43.136710" lon="-3.578826"></trkpt>
<trkpt lat="43.136639" lon="-3.578741"></trkpt>
<trkpt lat="43.136610" lon="-3.578705"></trkpt>
<trkpt lat="43.136353" lon="-3.578250"></trkpt>
<trkpt lat="43.136126" lon="-3.577942"></trkpt>
<trkpt lat="43.135880" lon="-3.577771"></trkpt>
<trkpt lat="43.135721" lon="-3.577694"></trkpt>
<trkpt lat="43.134975" lon="-3.577528"></trkpt>
<trkpt lat="43.134791" lon="-3.577557"></trkpt>
<trkpt lat="43.134575" lon="-3.577659"></trkpt>
<trkpt lat="43.134452" lon="-3.577737"></trkpt>
<trkpt lat="43.134158" lon="-3.578041"></trkpt>
<trkpt lat="43.134071" lon="-3.578083"></trkpt>
<trkpt lat="43.133977" lon="-3.578060"></trkpt>
<trkpt lat="43.133754" lon="-3.577867"></trkpt>
<trkpt lat="43.133630" lon="-3.577844"></trkpt>
<trkpt lat="43.132925" lon="-3.578027"></trkpt>
<trkpt lat="43.132781" lon="-3.578068"></trkpt>
<trkpt lat="43.131604" lon="-3.578407"></trkpt>
<trkpt lat="43.131407" lon="-3.578416"></trkpt>
<trkpt lat="43.131259" lon="-3.578365"></trkpt>
<trkpt lat="43.130997" lon="-3.578193"></trkpt>
<trkpt lat="43.130897" lon="-3.578164"></trkpt>
<trkpt lat="43.130756" lon="-3.578230"></trkpt>
<trkpt lat="43.130017" lon="-3.579374"></trkpt>
<trkpt lat="43.129933" lon="-3.579438"></trkpt>
<trkpt lat="43.129720" lon="-3.579487"></trkpt>
<trkpt lat="43.129640" lon="-3.579572"></trkpt>
<trkpt lat="43.129546" lon="-3.579752"></trkpt>
<trkpt lat="43.129463" lon="-3.579826"></trkpt>
<trkpt lat="43.129335" lon="-3.579819"></trkpt>
<trkpt lat="43.129148" lon="-3.579745"></trkpt>
<trkpt lat="43.129001" lon="-3.579751"></trkpt>
<trkpt lat="43.128886" lon="-3.579822"></trkpt>
<trkpt lat="43.128744" lon="-3.579973"></trkpt>
<trkpt lat="43.128643" lon="-3.580014"></trkpt>
<trkpt lat="43.128532" lon="-3.579989"></trkpt>
<trkpt lat="43.128372" lon="-3.579779"></trkpt>
<trkpt lat="43.128238" lon="-3.579663"></trkpt>
<trkpt lat="43.127880" lon="-3.579496"></trkpt>
<trkpt lat="43.127595" lon="-3.579400"></trkpt>
<trkpt lat="43.127160" lon="-3.579119"></trkpt>
<trkpt lat="43.127061" lon="-3.579137"></trkpt>
<trkpt lat="43.126993" lon="-3.579220"></trkpt>
<trkpt lat="43.126970" lon="-3.579741"></trkpt>
<trkpt lat="43.126946" lon="-3.579861"></trkpt>
<trkpt lat="43.126868" lon="-3.580004"></trkpt>
<trkpt lat="43.126752" lon="-3.580052"></trkpt>
<trkpt lat="43.126436" lon="-3.579997"></trkpt>
<trkpt lat="43.126289" lon="-3.580060"></trkpt>
<trkpt lat="43.126193" lon="-3.580190"></trkpt>
<trkpt lat="43.125951" lon="-3.580828"></trkpt>
<trkpt lat="43.125885" lon="-3.580894"></trkpt>
<trkpt lat="43.125621" lon="-3.580993"></trkpt>
<trkpt lat="43.125545" lon="-3.581053"></trkpt>
<trkpt lat="43.125485" lon="-3.581196"></trkpt>
<trkpt lat="43.125414" lon="-3.581556"></trkpt>
<trkpt lat="43.125290" lon="-3.581767"></trkpt>
<trkpt lat="43.125247" lon="-3.581786"></trkpt>
<trkpt lat="43.125183" lon="-3.581761"></trkpt>
<trkpt lat="43.125170" lon="-3.581677"></trkpt>
<trkpt lat="43.125227" lon="-3.581223"></trkpt>
<trkpt lat="43.125174" lon="-3.580811"></trkpt>
<trkpt lat="43.125197" lon="-3.580639"></trkpt>
<trkpt lat="43.125313" lon="-3.580313"></trkpt>
<trkpt lat="43.125346" lon="-3.580139"></trkpt>
<trkpt lat="43.125279" lon="-3.579468"></trkpt>
<trkpt lat="43.125341" lon="-3.579066"></trkpt>
<trkpt lat="43.125483" lon="-3.578449"></trkpt>
<trkpt lat="43.125476" lon="-3.578374"></trkpt>
<trkpt lat="43.125408" lon="-3.578227"></trkpt>
<trkpt lat="43.125310" lon="-3.578112"></trkpt>
<trkpt lat="43.125243" lon="-3.578073"></trkpt>
<trkpt lat="43.125173" lon="-3.578073"></trkpt>
<trkpt lat="43.125134" lon="-3.578111"></trkpt>
<trkpt lat="43.124971" lon="-3.578571"></trkpt>
<trkpt lat="43.124877" lon="-3.578642"></trkpt>
<trkpt lat="43.124397" lon="-3.578814"></trkpt>
<trkpt lat="43.124319" lon="-3.578874"></trkpt>
<trkpt lat="43.124237" lon="-3.579022"></trkpt>
<trkpt lat="43.124120" lon="-3.579340"></trkpt>
<trkpt lat="43.124073" lon="-3.579393"></trkpt>
<trkpt lat="43.123933" lon="-3.579428"></trkpt>
<trkpt lat="43.123603" lon="-3.579334"></trkpt>
<trkpt lat="43.123550" lon="-3.579342"></trkpt>
<trkpt lat="43.123280" lon="-3.579586"></trkpt>
<trkpt lat="43.123214" lon="-3.579777"></trkpt>
<trkpt lat="43.123274" lon="-3.580166"></trkpt>
<trkpt lat="43.123390" lon="-3.580712"></trkpt>
<trkpt lat="43.123370" lon="-3.580988"></trkpt>
<trkpt lat="43.123322" lon="-3.581138"></trkpt>
<trkpt lat="43.123211" lon="-3.581239"></trkpt>
<trkpt lat="43.122929" lon="-3.581366"></trkpt>
<trkpt lat="43.122820" lon="-3.581455"></trkpt>
<trkpt lat="43.122543" lon="-3.581786"></trkpt>
<trkpt lat="43.121979" lon="-3.582604"></trkpt>
<trkpt lat="43.121913" lon="-3.582778"></trkpt>
<trkpt lat="43.121891" lon="-3.582907"></trkpt>
<trkpt lat="43.121888" lon="-3.583307"></trkpt>
<trkpt lat="43.121850" lon="-3.583518"></trkpt>
<trkpt lat="43.121802" lon="-3.583581"></trkpt>
<trkpt lat="43.121737" lon="-3.583599"></trkpt>
<trkpt lat="43.121699" lon="-3.583585"></trkpt>
<trkpt lat="43.121643" lon="-3.583498"></trkpt>
<trkpt lat="43.121625" lon="-3.583181"></trkpt>
<trkpt lat="43.121563" lon="-3.582884"></trkpt>
<trkpt lat="43.121333" lon="-3.582316"></trkpt>
<trkpt lat="43.121308" lon="-3.582167"></trkpt>
<trkpt lat="43.121302" lon="-3.581959"></trkpt>
<trkpt lat="43.121376" lon="-3.581209"></trkpt>
<trkpt lat="43.121421" lon="-3.581072"></trkpt>
<trkpt lat="43.121605" lon="-3.580797"></trkpt>
<trkpt lat="43.121641" lon="-3.580655"></trkpt>
<trkpt lat="43.121445" lon="-3.580128"></trkpt>
<trkpt lat="43.121412" lon="-3.579939"></trkpt>
<trkpt lat="43.121402" lon="-3.579761"></trkpt>
<trkpt lat="43.121496" lon="-3.579022"></trkpt>
<trkpt lat="43.121489" lon="-3.578955"></trkpt>
<trkpt lat="43.121426" lon="-3.578874"></trkpt>
<trkpt lat="43.121325" lon="-3.578893"></trkpt>
<trkpt lat="43.121299" lon="-3.578938"></trkpt>
<trkpt lat="43.121137" lon="-3.579568"></trkpt>
<trkpt lat="43.121098" lon="-3.579616"></trkpt>
<trkpt lat="43.121042" lon="-3.579641"></trkpt>
<trkpt lat="43.120973" lon="-3.579628"></trkpt>
<trkpt lat="43.120695" lon="-3.579491"></trkpt>
<trkpt lat="43.120586" lon="-3.579500"></trkpt>
<trkpt lat="43.120543" lon="-3.579536"></trkpt>
<trkpt lat="43.120370" lon="-3.579930"></trkpt>
<trkpt lat="43.119986" lon="-3.580187"></trkpt>
<trkpt lat="43.119723" lon="-3.580637"></trkpt>
<trkpt lat="43.119612" lon="-3.580725"></trkpt>
<trkpt lat="43.119371" lon="-3.580737"></trkpt>
<trkpt lat="43.119088" lon="-3.580891"></trkpt>
<trkpt lat="43.118862" lon="-3.580906"></trkpt>
<trkpt lat="43.118640" lon="-3.580930"></trkpt>
<trkpt lat="43.118153" lon="-3.581338"></trkpt>
<trkpt lat="43.118055" lon="-3.581508"></trkpt>
<trkpt lat="43.117861" lon="-3.582096"></trkpt>
<trkpt lat="43.117682" lon="-3.582526"></trkpt>
<trkpt lat="43.117567" lon="-3.582746"></trkpt>
<trkpt lat="43.117300" lon="-3.582991"></trkpt>
<trkpt lat="43.117256" lon="-3.583071"></trkpt>
<trkpt lat="43.117172" lon="-3.583355"></trkpt>
<trkpt lat="43.117537" lon="-3.583768"></trkpt>
<trkpt lat="43.117730" lon="-3.584084"></trkpt>
<trkpt lat="43.117875" lon="-3.584386"></trkpt>
<trkpt lat="43.118015" lon="-3.584693"></trkpt>
<trkpt lat="43.118039" lon="-3.584844"></trkpt>
<trkpt lat="43.118013" lon="-3.584934"></trkpt>
<trkpt lat="43.117697" lon="-3.585297"></trkpt>
<trkpt lat="43.117625" lon="-3.585449"></trkpt>
<trkpt lat="43.117611" lon="-3.585638"></trkpt>
<trkpt lat="43.117709" lon="-3.586805"></trkpt>
<trkpt lat="43.117740" lon="-3.587367"></trkpt>
<trkpt lat="43.117642" lon="-3.588001"></trkpt>
<trkpt lat="43.117506" lon="-3.588812"></trkpt>
<trkpt lat="43.117492" lon="-3.588970"></trkpt>
<trkpt lat="43.117522" lon="-3.589233"></trkpt>
<trkpt lat="43.117578" lon="-3.589441"></trkpt>
<trkpt lat="43.117705" lon="-3.589842"></trkpt>
<trkpt lat="43.117738" lon="-3.589949"></trkpt>
<trkpt lat="43.117822" lon="-3.590311"></trkpt>
<trkpt lat="43.117804" lon="-3.591210"></trkpt>
<trkpt lat="43.117820" lon="-3.591874"></trkpt>
<trkpt lat="43.117852" lon="-3.592164"></trkpt>
<trkpt lat="43.117919" lon="-3.592753"></trkpt>
<trkpt lat="43.118082" lon="-3.593943"></trkpt>
<trkpt lat="43.118104" lon="-3.594080"></trkpt>
<trkpt lat="43.118145" lon="-3.594329"></trkpt>
<trkpt lat="43.118167" lon="-3.594705"></trkpt>
<trkpt lat="43.118157" lon="-3.594873"></trkpt>
<trkpt lat="43.118120" lon="-3.595302"></trkpt>
<trkpt lat="43.117972" lon="-3.596787"></trkpt>
<trkpt lat="43.117983" lon="-3.597248"></trkpt>
<trkpt lat="43.118124" lon="-3.598212"></trkpt>
<trkpt lat="43.118180" lon="-3.598468"></trkpt>
<trkpt lat="43.118239" lon="-3.598574"></trkpt>
<trkpt lat="43.118313" lon="-3.598634"></trkpt>
<trkpt lat="43.119868" lon="-3.598879"></trkpt>
<trkpt lat="43.120078" lon="-3.598953"></trkpt>
<trkpt lat="43.120232" lon="-3.599079"></trkpt>
<trkpt lat="43.120358" lon="-3.599350"></trkpt>
<trkpt lat="43.120790" lon="-3.600709"></trkpt>
<trkpt lat="43.121248" lon="-3.601469"></trkpt>
<trkpt lat="43.121309" lon="-3.601651"></trkpt>
<trkpt lat="43.121370" lon="-3.601955"></trkpt>
<trkpt lat="43.121565" lon="-3.602572"></trkpt>
<trkpt lat="43.121652" lon="-3.602943"></trkpt>
<trkpt lat="43.121737" lon="-3.603438"></trkpt>
<trkpt lat="43.121805" lon="-3.604185"></trkpt>
<trkpt lat="43.121869" lon="-3.604628"></trkpt>
<trkpt lat="43.122039" lon="-3.605203"></trkpt>
<trkpt lat="43.122176" lon="-3.605472"></trkpt>
<trkpt lat="43.122349" lon="-3.605677"></trkpt>
<trkpt lat="43.122881" lon="-3.606167"></trkpt>
<trkpt lat="43.123199" lon="-3.606418"></trkpt>
<trkpt lat="43.123888" lon="-3.606796"></trkpt>
<trkpt lat="43.123973" lon="-3.606842"></trkpt>
<trkpt lat="43.124158" lon="-3.607099"></trkpt>
<trkpt lat="43.124797" lon="-3.608847"></trkpt>
<trkpt lat="43.124929" lon="-3.609560"></trkpt>
<trkpt lat="43.124968" lon="-3.609828"></trkpt>
<trkpt lat="43.125050" lon="-3.610948"></trkpt>
<trkpt lat="43.125080" lon="-3.612106"></trkpt>
<trkpt lat="43.124882" lon="-3.613093"></trkpt>
<trkpt lat="43.124816" lon="-3.613732"></trkpt>
<trkpt lat="43.124866" lon="-3.614188"></trkpt>
<trkpt lat="43.125116" lon="-3.615378"></trkpt>
<trkpt lat="43.125151" lon="-3.616206"></trkpt>
<trkpt lat="43.125144" lon="-3.616581"></trkpt>
<trkpt lat="43.125090" lon="-3.616900"></trkpt>
<trkpt lat="43.125029" lon="-3.617095"></trkpt>
<trkpt lat="43.124950" lon="-3.617689"></trkpt>
<trkpt lat="43.124683" lon="-3.619122"></trkpt>
<trkpt lat="43.124583" lon="-3.619384"></trkpt>
<trkpt lat="43.124473" lon="-3.619861"></trkpt>
<trkpt lat="43.124357" lon="-3.620676"></trkpt>
<trkpt lat="43.124366" lon="-3.621320"></trkpt>
<trkpt lat="43.124271" lon="-3.621478"></trkpt>
<trkpt lat="43.123949" lon="-3.621699"></trkpt>
<trkpt lat="43.123851" lon="-3.621737"></trkpt>
<trkpt lat="43.123203" lon="-3.621795"></trkpt>
<trkpt lat="43.123149" lon="-3.621819"></trkpt>
<trkpt lat="43.123077" lon="-3.621998"></trkpt>
<trkpt lat="43.123097" lon="-3.622184"></trkpt>
<trkpt lat="43.123257" lon="-3.622549"></trkpt>
<trkpt lat="43.123634" lon="-3.623952"></trkpt>
<trkpt lat="43.124220" lon="-3.625907"></trkpt>
<trkpt lat="43.124252" lon="-3.626068"></trkpt>
<trkpt lat="43.124159" lon="-3.627890"></trkpt>
<trkpt lat="43.124320" lon="-3.628462"></trkpt>
<trkpt lat="43.124454" lon="-3.629343"></trkpt>
<trkpt lat="43.124412" lon="-3.630392"></trkpt>
<trkpt lat="43.124488" lon="-3.631058"></trkpt>
<trkpt lat="43.124489" lon="-3.631886"></trkpt>
<trkpt lat="43.124522" lon="-3.632233"></trkpt>
<trkpt lat="43.124751" lon="-3.633686"></trkpt>
<trkpt lat="43.124796" lon="-3.634377"></trkpt>
<trkpt lat="43.124865" lon="-3.634569"></trkpt>
<trkpt lat="43.125102" lon="-3.635050"></trkpt>
<trkpt lat="43.125188" lon="-3.635288"></trkpt>
<trkpt lat="43.125308" lon="-3.635827"></trkpt>
<trkpt lat="43.125336" lon="-3.636284"></trkpt>
<trkpt lat="43.125158" lon="-3.636633"></trkpt>
<trkpt lat="43.124487" lon="-3.637243"></trkpt>
<trkpt lat="43.124373" lon="-3.637439"></trkpt>
<trkpt lat="43.124205" lon="-3.637955"></trkpt>
<trkpt lat="43.123947" lon="-3.638553"></trkpt>
<trkpt lat="43.123177" lon="-3.640148"></trkpt>
<trkpt lat="43.122929" lon="-3.640872"></trkpt>
<trkpt lat="43.122780" lon="-3.641209"></trkpt>
<trkpt lat="43.121831" lon="-3.642658"></trkpt>
<trkpt lat="43.121211" lon="-3.643523"></trkpt>
<trkpt lat="43.121011" lon="-3.643848"></trkpt>
<trkpt lat="43.120879" lon="-3.644176"></trkpt>
<trkpt lat="43.120378" lon="-3.646026"></trkpt>
<trkpt lat="43.119904" lon="-3.647893"></trkpt>
<trkpt lat="43.119823" lon="-3.648094"></trkpt>
<trkpt lat="43.119632" lon="-3.648427"></trkpt>
<trkpt lat="43.119622" lon="-3.648495"></trkpt>
<trkpt lat="43.119611" lon="-3.648571"></trkpt>
<trkpt lat="43.119634" lon="-3.648683"></trkpt>
<trkpt lat="43.119711" lon="-3.648883"></trkpt>
<trkpt lat="43.120001" lon="-3.649681"></trkpt>
<trkpt lat="43.120103" lon="-3.649977"></trkpt>
<trkpt lat="43.120383" lon="-3.652869"></trkpt>
<trkpt lat="43.120386" lon="-3.653151"></trkpt>
<trkpt lat="43.120318" lon="-3.653598"></trkpt>
<trkpt lat="43.119825" lon="-3.656233"></trkpt>
<trkpt lat="43.119348" lon="-3.659341"></trkpt>
<trkpt lat="43.119076" lon="-3.662435"></trkpt>
<trkpt lat="43.118901" lon="-3.663222"></trkpt>
<trkpt lat="43.118871" lon="-3.663354"></trkpt>
<trkpt lat="43.117978" lon="-3.667351"></trkpt>
<trkpt lat="43.117510" lon="-3.669454"></trkpt>
<trkpt lat="43.117087" lon="-3.671343"></trkpt>
<trkpt lat="43.116974" lon="-3.671663"></trkpt>
<trkpt lat="43.116753" lon="-3.672003"></trkpt>
<trkpt lat="43.115384" lon="-3.673754"></trkpt>
<trkpt lat="43.115295" lon="-3.673866"></trkpt>
<trkpt lat="43.115220" lon="-3.673962"></trkpt>
<trkpt lat="43.115080" lon="-3.674142"></trkpt>
<trkpt lat="43.112942" lon="-3.676876"></trkpt>
<trkpt lat="43.112505" lon="-3.677627"></trkpt>
<trkpt lat="43.112345" lon="-3.677901"></trkpt>
<trkpt lat="43.112253" lon="-3.678059"></trkpt>
<trkpt lat="43.111672" lon="-3.679084"></trkpt>
<trkpt lat="43.111350" lon="-3.679641"></trkpt>
<trkpt lat="43.111142" lon="-3.679944"></trkpt>
<trkpt lat="43.110908" lon="-3.680202"></trkpt>
<trkpt lat="43.110851" lon="-3.680283"></trkpt>
<trkpt lat="43.110802" lon="-3.680385"></trkpt>
<trkpt lat="43.110318" lon="-3.681386"></trkpt>
<trkpt lat="43.110130" lon="-3.681838"></trkpt>
<trkpt lat="43.109888" lon="-3.682640"></trkpt>
<trkpt lat="43.109600" lon="-3.683597"></trkpt>
<trkpt lat="43.109395" lon="-3.684274"></trkpt>
<trkpt lat="43.109390" lon="-3.684449"></trkpt>
<trkpt lat="43.109684" lon="-3.686516"></trkpt>
<trkpt lat="43.109713" lon="-3.687550"></trkpt>
<trkpt lat="43.109686" lon="-3.688340"></trkpt>
<trkpt lat="43.109646" lon="-3.688594"></trkpt>
<trkpt lat="43.109560" lon="-3.688930"></trkpt>
<trkpt lat="43.109217" lon="-3.690101"></trkpt>
<trkpt lat="43.109113" lon="-3.690223"></trkpt>
<trkpt lat="43.109026" lon="-3.690256"></trkpt>
<trkpt lat="43.108654" lon="-3.690124"></trkpt>
<trkpt lat="43.108015" lon="-3.689865"></trkpt>
<trkpt lat="43.107877" lon="-3.689865"></trkpt>
<trkpt lat="43.107801" lon="-3.689957"></trkpt>
<trkpt lat="43.107783" lon="-3.690016"></trkpt>
<trkpt lat="43.107749" lon="-3.690156"></trkpt>
<trkpt lat="43.107748" lon="-3.690456"></trkpt>
<trkpt lat="43.107947" lon="-3.691366"></trkpt>
<trkpt lat="43.108015" lon="-3.691542"></trkpt>
<trkpt lat="43.108103" lon="-3.691644"></trkpt>
<trkpt lat="43.108265" lon="-3.691784"></trkpt>
<trkpt lat="43.108529" lon="-3.692029"></trkpt>
<trkpt lat="43.108662" lon="-3.692144"></trkpt>
<trkpt lat="43.109013" lon="-3.692471"></trkpt>
<trkpt lat="43.109812" lon="-3.693316"></trkpt>
<trkpt lat="43.109923" lon="-3.693336"></trkpt>
<trkpt lat="43.110049" lon="-3.693225"></trkpt>
<trkpt lat="43.110180" lon="-3.693176"></trkpt>
<trkpt lat="43.110992" lon="-3.693003"></trkpt>
<trkpt lat="43.111454" lon="-3.693151"></trkpt>
<trkpt lat="43.111834" lon="-3.693356"></trkpt>
<trkpt lat="43.111990" lon="-3.693512"></trkpt>
<trkpt lat="43.112263" lon="-3.693889"></trkpt>
<trkpt lat="43.112388" lon="-3.694225"></trkpt>
<trkpt lat="43.112803" lon="-3.696315"></trkpt>
<trkpt lat="43.113345" lon="-3.699031"></trkpt>
<trkpt lat="43.113385" lon="-3.699398"></trkpt>
<trkpt lat="43.113310" lon="-3.700273"></trkpt>
<trkpt lat="43.113332" lon="-3.700451"></trkpt>
<trkpt lat="43.113381" lon="-3.700552"></trkpt>
<trkpt lat="43.113515" lon="-3.700686"></trkpt>
<trkpt lat="43.113857" lon="-3.700997"></trkpt>
<trkpt lat="43.114418" lon="-3.701504"></trkpt>
<trkpt lat="43.114927" lon="-3.701875"></trkpt>
<trkpt lat="43.115884" lon="-3.702542"></trkpt>
<trkpt lat="43.116090" lon="-3.702586"></trkpt>
<trkpt lat="43.116824" lon="-3.702628"></trkpt>
<trkpt lat="43.117432" lon="-3.702668"></trkpt>
<trkpt lat="43.117758" lon="-3.702697"></trkpt>
<trkpt lat="43.117793" lon="-3.702706"></trkpt>
<trkpt lat="43.117912" lon="-3.702801"></trkpt>
<trkpt lat="43.118007" lon="-3.703019"></trkpt>
<trkpt lat="43.118025" lon="-3.703186"></trkpt>
<trkpt lat="43.117995" lon="-3.703403"></trkpt>
<trkpt lat="43.117746" lon="-3.704036"></trkpt>
<trkpt lat="43.117364" lon="-3.705027"></trkpt>
<trkpt lat="43.117204" lon="-3.705346"></trkpt>
<trkpt lat="43.117039" lon="-3.705553"></trkpt>
<trkpt lat="43.116753" lon="-3.705814"></trkpt>
<trkpt lat="43.116711" lon="-3.705902"></trkpt>
<trkpt lat="43.116706" lon="-3.706035"></trkpt>
<trkpt lat="43.116901" lon="-3.706691"></trkpt>
<trkpt lat="43.116988" lon="-3.707124"></trkpt>
<trkpt lat="43.116995" lon="-3.707594"></trkpt>
<trkpt lat="43.116948" lon="-3.708985"></trkpt>
<trkpt lat="43.117036" lon="-3.710577"></trkpt>
<trkpt lat="43.117528" lon="-3.713748"></trkpt>
<trkpt lat="43.117594" lon="-3.714120"></trkpt>
<trkpt lat="43.117651" lon="-3.714188"></trkpt>
<trkpt lat="43.117749" lon="-3.714188"></trkpt>
<trkpt lat="43.117802" lon="-3.714111"></trkpt>
<trkpt lat="43.117814" lon="-3.713957"></trkpt>
<trkpt lat="43.117687" lon="-3.712648"></trkpt>
<trkpt lat="43.117523" lon="-3.710799"></trkpt>
<trkpt lat="43.117501" lon="-3.710238"></trkpt>
<trkpt lat="43.117515" lon="-3.709934"></trkpt>
<trkpt lat="43.117601" lon="-3.709471"></trkpt>
<trkpt lat="43.118084" lon="-3.707898"></trkpt>
<trkpt lat="43.118126" lon="-3.707713"></trkpt>
<trkpt lat="43.118154" lon="-3.707336"></trkpt>
<trkpt lat="43.118209" lon="-3.707202"></trkpt>
<trkpt lat="43.118260" lon="-3.707146"></trkpt>
<trkpt lat="43.118329" lon="-3.707127"></trkpt>
<trkpt lat="43.118499" lon="-3.707175"></trkpt>
<trkpt lat="43.119171" lon="-3.707517"></trkpt>
<trkpt lat="43.119484" lon="-3.707758"></trkpt>
<trkpt lat="43.120545" lon="-3.708763"></trkpt>
<trkpt lat="43.120734" lon="-3.708909"></trkpt>
<trkpt lat="43.122245" lon="-3.709809"></trkpt>
<trkpt lat="43.122794" lon="-3.709951"></trkpt>
<trkpt lat="43.122887" lon="-3.710008"></trkpt>
<trkpt lat="43.122981" lon="-3.710173"></trkpt>
<trkpt lat="43.123187" lon="-3.710974"></trkpt>
<trkpt lat="43.123380" lon="-3.711746"></trkpt>
<trkpt lat="43.123687" lon="-3.712535"></trkpt>
<trkpt lat="43.123882" lon="-3.712864"></trkpt>
<trkpt lat="43.124072" lon="-3.713099"></trkpt>
<trkpt lat="43.124215" lon="-3.713189"></trkpt>
<trkpt lat="43.124676" lon="-3.713282"></trkpt>
<trkpt lat="43.125022" lon="-3.713430"></trkpt>
<trkpt lat="43.125207" lon="-3.713544"></trkpt>
<trkpt lat="43.125630" lon="-3.713879"></trkpt>
<trkpt lat="43.125889" lon="-3.714127"></trkpt>
<trkpt lat="43.126049" lon="-3.714392"></trkpt>
<trkpt lat="43.126179" lon="-3.714692"></trkpt>
<trkpt lat="43.126340" lon="-3.715791"></trkpt>
<trkpt lat="43.126438" lon="-3.716147"></trkpt>
<trkpt lat="43.126569" lon="-3.716476"></trkpt>
<trkpt lat="43.126916" lon="-3.717002"></trkpt>
<trkpt lat="43.127120" lon="-3.717245"></trkpt>
<trkpt lat="43.127543" lon="-3.717692"></trkpt>
<trkpt lat="43.127989" lon="-3.718062"></trkpt>
<trkpt lat="43.128329" lon="-3.718585"></trkpt>
<trkpt lat="43.128557" lon="-3.718883"></trkpt>
<trkpt lat="43.128970" lon="-3.719317"></trkpt>
<trkpt lat="43.129397" lon="-3.719538"></trkpt>
<trkpt lat="43.129435" lon="-3.719658"></trkpt>
<trkpt lat="43.129402" lon="-3.719776"></trkpt>
<trkpt lat="43.129342" lon="-3.719817"></trkpt>
<trkpt lat="43.129277" lon="-3.719810"></trkpt>
<trkpt lat="43.129029" lon="-3.719646"></trkpt>
<trkpt lat="43.128732" lon="-3.719406"></trkpt>
<trkpt lat="43.128397" lon="-3.719051"></trkpt>
<trkpt lat="43.127937" lon="-3.718442"></trkpt>
<trkpt lat="43.127841" lon="-3.718349"></trkpt>
<trkpt lat="43.127743" lon="-3.718310"></trkpt>
<trkpt lat="43.127282" lon="-3.718293"></trkpt>
<trkpt lat="43.127147" lon="-3.718248"></trkpt>
<trkpt lat="43.127013" lon="-3.718155"></trkpt>
<trkpt lat="43.126179" lon="-3.717392"></trkpt>
<trkpt lat="43.125949" lon="-3.717081"></trkpt>
<trkpt lat="43.125822" lon="-3.716864"></trkpt>
<trkpt lat="43.125172" lon="-3.715522"></trkpt>
<trkpt lat="43.125081" lon="-3.715377"></trkpt>
<trkpt lat="43.124898" lon="-3.715198"></trkpt>
<trkpt lat="43.123986" lon="-3.714783"></trkpt>
<trkpt lat="43.123832" lon="-3.714763"></trkpt>
<trkpt lat="43.123632" lon="-3.714795"></trkpt>
<trkpt lat="43.123581" lon="-3.714811"></trkpt>
<trkpt lat="43.123047" lon="-3.714950"></trkpt>
<trkpt lat="43.122576" lon="-3.715008"></trkpt>
<trkpt lat="43.122372" lon="-3.714970"></trkpt>
<trkpt lat="43.122233" lon="-3.714878"></trkpt>
<trkpt lat="43.121848" lon="-3.714314"></trkpt>
<trkpt lat="43.121140" lon="-3.713628"></trkpt>
<trkpt lat="43.121028" lon="-3.713557"></trkpt>
<trkpt lat="43.120860" lon="-3.713567"></trkpt>
<trkpt lat="43.120804" lon="-3.713582"></trkpt>
<trkpt lat="43.120700" lon="-3.713633"></trkpt>
<trkpt lat="43.120635" lon="-3.713708"></trkpt>
<trkpt lat="43.120592" lon="-3.713843"></trkpt>
<trkpt lat="43.120592" lon="-3.713969"></trkpt>
<trkpt lat="43.120648" lon="-3.714151"></trkpt>
<trkpt lat="43.121018" lon="-3.714972"></trkpt>
<trkpt lat="43.121483" lon="-3.716014"></trkpt>
<trkpt lat="43.121548" lon="-3.716093"></trkpt>
<trkpt lat="43.121830" lon="-3.716312"></trkpt>
<trkpt lat="43.121942" lon="-3.716439"></trkpt>
<trkpt lat="43.122267" lon="-3.717011"></trkpt>
<trkpt lat="43.122294" lon="-3.717169"></trkpt>
<trkpt lat="43.122286" lon="-3.717291"></trkpt>
<trkpt lat="43.122113" lon="-3.717954"></trkpt>
<trkpt lat="43.122099" lon="-3.718157"></trkpt>
<trkpt lat="43.122167" lon="-3.718446"></trkpt>
<trkpt lat="43.122544" lon="-3.719610"></trkpt>
<trkpt lat="43.122588" lon="-3.719823"></trkpt>
<trkpt lat="43.122620" lon="-3.720224"></trkpt>
<trkpt lat="43.122668" lon="-3.720324"></trkpt>
<trkpt lat="43.122864" lon="-3.720472"></trkpt>
<trkpt lat="43.123081" lon="-3.720710"></trkpt>
<trkpt lat="43.123203" lon="-3.720901"></trkpt>
<trkpt lat="43.123362" lon="-3.721245"></trkpt>
<trkpt lat="43.123465" lon="-3.721611"></trkpt>
<trkpt lat="43.123581" lon="-3.722265"></trkpt>
<trkpt lat="43.124389" lon="-3.724334"></trkpt>
<trkpt lat="43.124779" lon="-3.725057"></trkpt>
<trkpt lat="43.124874" lon="-3.725300"></trkpt>
<trkpt lat="43.125105" lon="-3.726368"></trkpt>
<trkpt lat="43.125207" lon="-3.726518"></trkpt>
<trkpt lat="43.125298" lon="-3.726584"></trkpt>
<trkpt lat="43.126165" lon="-3.726873"></trkpt>
<trkpt lat="43.126373" lon="-3.726940"></trkpt>
<trkpt lat="43.126746" lon="-3.727058"></trkpt>
<trkpt lat="43.126859" lon="-3.727129"></trkpt>
<trkpt lat="43.127117" lon="-3.727468"></trkpt>
<trkpt lat="43.127267" lon="-3.727625"></trkpt>
<trkpt lat="43.127634" lon="-3.727922"></trkpt>
<trkpt lat="43.127807" lon="-3.728018"></trkpt>
<trkpt lat="43.128454" lon="-3.728032"></trkpt>
<trkpt lat="43.128916" lon="-3.727913"></trkpt>
<trkpt lat="43.129301" lon="-3.728056"></trkpt>
<trkpt lat="43.129590" lon="-3.728102"></trkpt>
<trkpt lat="43.129800" lon="-3.728223"></trkpt>
<trkpt lat="43.129846" lon="-3.728218"></trkpt>
<trkpt lat="43.129883" lon="-3.728151"></trkpt>
<trkpt lat="43.129861" lon="-3.728048"></trkpt>
<trkpt lat="43.129807" lon="-3.728007"></trkpt>
<trkpt lat="43.129129" lon="-3.727731"></trkpt>
<trkpt lat="43.128189" lon="-3.727085"></trkpt>
<trkpt lat="43.127935" lon="-3.726833"></trkpt>
<trkpt lat="43.127386" lon="-3.726205"></trkpt>
<trkpt lat="43.127252" lon="-3.725996"></trkpt>
<trkpt lat="43.126742" lon="-3.725001"></trkpt>
<trkpt lat="43.126694" lon="-3.724810"></trkpt>
<trkpt lat="43.126680" lon="-3.724591"></trkpt>
<trkpt lat="43.126626" lon="-3.723266"></trkpt>
<trkpt lat="43.126578" lon="-3.723024"></trkpt>
<trkpt lat="43.126506" lon="-3.722861"></trkpt>
<trkpt lat="43.126259" lon="-3.722482"></trkpt>
<trkpt lat="43.126126" lon="-3.722342"></trkpt>
<trkpt lat="43.125495" lon="-3.722081"></trkpt>
<trkpt lat="43.125400" lon="-3.721946"></trkpt>
<trkpt lat="43.125370" lon="-3.721648"></trkpt>
<trkpt lat="43.125386" lon="-3.721503"></trkpt>
<trkpt lat="43.125461" lon="-3.721390"></trkpt>
<trkpt lat="43.125628" lon="-3.721320"></trkpt>
<trkpt lat="43.125781" lon="-3.721310"></trkpt>
<trkpt lat="43.126014" lon="-3.721368"></trkpt>
<trkpt lat="43.126261" lon="-3.721545"></trkpt>
<trkpt lat="43.126809" lon="-3.722106"></trkpt>
<trkpt lat="43.127267" lon="-3.722484"></trkpt>
<trkpt lat="43.127711" lon="-3.722731"></trkpt>
<trkpt lat="43.128324" lon="-3.722885"></trkpt>
<trkpt lat="43.128513" lon="-3.723015"></trkpt>
<trkpt lat="43.128859" lon="-3.723321"></trkpt>
<trkpt lat="43.128977" lon="-3.723381"></trkpt>
<trkpt lat="43.129263" lon="-3.723433"></trkpt>
<trkpt lat="43.129554" lon="-3.723432"></trkpt>
<trkpt lat="43.130577" lon="-3.723125"></trkpt>
<trkpt lat="43.130847" lon="-3.722924"></trkpt>
<trkpt lat="43.130937" lon="-3.722898"></trkpt>
<trkpt lat="43.131238" lon="-3.723021"></trkpt>
<trkpt lat="43.132822" lon="-3.723512"></trkpt>
<trkpt lat="43.133116" lon="-3.723698"></trkpt>
<trkpt lat="43.133704" lon="-3.724215"></trkpt>
<trkpt lat="43.133899" lon="-3.724439"></trkpt>
<trkpt lat="43.134710" lon="-3.725532"></trkpt>
<trkpt lat="43.135311" lon="-3.726515"></trkpt>
<trkpt lat="43.135957" lon="-3.727475"></trkpt>
<trkpt lat="43.136198" lon="-3.727960"></trkpt>
<trkpt lat="43.136899" lon="-3.729522"></trkpt>
<trkpt lat="43.136996" lon="-3.729777"></trkpt>
<trkpt lat="43.137025" lon="-3.729921"></trkpt>
<trkpt lat="43.137059" lon="-3.730953"></trkpt>
<trkpt lat="43.137069" lon="-3.732493"></trkpt>
<trkpt lat="43.137062" lon="-3.733255"></trkpt>
<trkpt lat="43.137025" lon="-3.733580"></trkpt>
<trkpt lat="43.136858" lon="-3.735060"></trkpt>
<trkpt lat="43.136791" lon="-3.736321"></trkpt>
<trkpt lat="43.136824" lon="-3.738633"></trkpt>
<trkpt lat="43.136844" lon="-3.738945"></trkpt>
<trkpt lat="43.136923" lon="-3.739539"></trkpt>
<trkpt lat="43.137127" lon="-3.740187"></trkpt>
<trkpt lat="43.137124" lon="-3.740321"></trkpt>
<trkpt lat="43.137020" lon="-3.740764"></trkpt>
<trkpt lat="43.136993" lon="-3.741114"></trkpt>
<trkpt lat="43.137009" lon="-3.741526"></trkpt>
<trkpt lat="43.137139" lon="-3.742895"></trkpt>
<trkpt lat="43.137321" lon="-3.744152"></trkpt>
<trkpt lat="43.137654" lon="-3.745876"></trkpt>
<trkpt lat="43.137654" lon="-3.746115"></trkpt>
<trkpt lat="43.137276" lon="-3.747001"></trkpt>
<trkpt lat="43.137207" lon="-3.747255"></trkpt>
<trkpt lat="43.136858" lon="-3.749032"></trkpt>
<trkpt lat="43.136768" lon="-3.749171"></trkpt>
<trkpt lat="43.136590" lon="-3.749321"></trkpt>
<trkpt lat="43.136460" lon="-3.749522"></trkpt>
<trkpt lat="43.136300" lon="-3.749894"></trkpt>
<trkpt lat="43.136042" lon="-3.750833"></trkpt>
<trkpt lat="43.135975" lon="-3.751443"></trkpt>
<trkpt lat="43.135992" lon="-3.751876"></trkpt>
<trkpt lat="43.136040" lon="-3.752273"></trkpt>
<trkpt lat="43.136156" lon="-3.752835"></trkpt>
<trkpt lat="43.136291" lon="-3.753222"></trkpt>
<trkpt lat="43.136457" lon="-3.753830"></trkpt>
<trkpt lat="43.136801" lon="-3.754852"></trkpt>
<trkpt lat="43.136879" lon="-3.755002"></trkpt>
<trkpt lat="43.137139" lon="-3.755283"></trkpt>
<trkpt lat="43.137454" lon="-3.755708"></trkpt>
<trkpt lat="43.137510" lon="-3.755856"></trkpt>
<trkpt lat="43.137592" lon="-3.756233"></trkpt>
<trkpt lat="43.137909" lon="-3.756656"></trkpt>
<trkpt lat="43.138151" lon="-3.757629"></trkpt>
<trkpt lat="43.138303" lon="-3.758079"></trkpt>
<trkpt lat="43.138674" lon="-3.759022"></trkpt>
<trkpt lat="43.138700" lon="-3.759072"></trkpt>
<trkpt lat="43.139362" lon="-3.760076"></trkpt>
<trkpt lat="43.139490" lon="-3.760303"></trkpt>
<trkpt lat="43.139945" lon="-3.761362"></trkpt>
<trkpt lat="43.140663" lon="-3.762916"></trkpt>
<trkpt lat="43.141453" lon="-3.764054"></trkpt>
<trkpt lat="43.141651" lon="-3.764698"></trkpt>
<trkpt lat="43.142037" lon="-3.765527"></trkpt>
<trkpt lat="43.142195" lon="-3.765861"></trkpt>
<trkpt lat="43.142418" lon="-3.766349"></trkpt>
<trkpt lat="43.142664" lon="-3.767079"></trkpt>
<trkpt lat="43.142932" lon="-3.767874"></trkpt>
<trkpt lat="43.143266" lon="-3.768350"></trkpt>
<trkpt lat="43.143433" lon="-3.768728"></trkpt>
<trkpt lat="43.143696" lon="-3.769424"></trkpt>
<trkpt lat="43.143852" lon="-3.769805"></trkpt>
<trkpt lat="43.144383" lon="-3.770901"></trkpt>
<trkpt lat="43.144572" lon="-3.771231"></trkpt>
<trkpt lat="43.144649" lon="-3.771315"></trkpt>
<trkpt lat="43.144822" lon="-3.771433"></trkpt>
<trkpt lat="43.145315" lon="-3.771536"></trkpt>
<trkpt lat="43.145567" lon="-3.771681"></trkpt>
<trkpt lat="43.147434" lon="-3.773408"></trkpt>
<trkpt lat="43.147614" lon="-3.773546"></trkpt>
<trkpt lat="43.147683" lon="-3.773581"></trkpt>
<trkpt lat="43.147813" lon="-3.773586"></trkpt>
<trkpt lat="43.148024" lon="-3.773488"></trkpt>
<trkpt lat="43.148095" lon="-3.773450"></trkpt>
<trkpt lat="43.148119" lon="-3.773441"></trkpt>
<trkpt lat="43.148314" lon="-3.773404"></trkpt>
<trkpt lat="43.148472" lon="-3.773449"></trkpt>
<trkpt lat="43.149298" lon="-3.774037"></trkpt>
<trkpt lat="43.149600" lon="-3.774241"></trkpt>
<trkpt lat="43.149741" lon="-3.774336"></trkpt>
<trkpt lat="43.150152" lon="-3.774603"></trkpt>
<trkpt lat="43.150298" lon="-3.774748"></trkpt>
<trkpt lat="43.150445" lon="-3.774987"></trkpt>
<trkpt lat="43.151252" lon="-3.776629"></trkpt>
<trkpt lat="43.151800" lon="-3.777706"></trkpt>
<trkpt lat="43.152309" lon="-3.778441"></trkpt>
<trkpt lat="43.152537" lon="-3.778752"></trkpt>
<trkpt lat="43.152685" lon="-3.778962"></trkpt>
<trkpt lat="43.154329" lon="-3.781239"></trkpt>
<trkpt lat="43.154531" lon="-3.781515"></trkpt>
<trkpt lat="43.154569" lon="-3.781568"></trkpt>
<trkpt lat="43.154846" lon="-3.781959"></trkpt>
<trkpt lat="43.155472" lon="-3.782817"></trkpt>
<trkpt lat="43.155753" lon="-3.783199"></trkpt>
<trkpt lat="43.155865" lon="-3.783285"></trkpt>
<trkpt lat="43.155996" lon="-3.783308"></trkpt>
<trkpt lat="43.156030" lon="-3.783307"></trkpt>
<trkpt lat="43.156127" lon="-3.783304"></trkpt>
<trkpt lat="43.156464" lon="-3.783276"></trkpt>
<trkpt lat="43.157010" lon="-3.783115"></trkpt>
<trkpt lat="43.157209" lon="-3.783117"></trkpt>
<trkpt lat="43.157380" lon="-3.783209"></trkpt>
<trkpt lat="43.157528" lon="-3.783250"></trkpt>
<trkpt lat="43.157992" lon="-3.783278"></trkpt>
<trkpt lat="43.158084" lon="-3.783257"></trkpt>
<trkpt lat="43.158184" lon="-3.783173"></trkpt>
<trkpt lat="43.158281" lon="-3.783035"></trkpt>
<trkpt lat="43.158287" lon="-3.783392"></trkpt>
<trkpt lat="43.158223" lon="-3.783533"></trkpt>
<trkpt lat="43.158358" lon="-3.783958"></trkpt>
<trkpt lat="43.158382" lon="-3.784198"></trkpt>
<trkpt lat="43.158868" lon="-3.784712"></trkpt>
<trkpt lat="43.158954" lon="-3.784727"></trkpt>
<trkpt lat="43.159096" lon="-3.784697"></trkpt>
<trkpt lat="43.159365" lon="-3.784499"></trkpt>
<trkpt lat="43.159514" lon="-3.784467"></trkpt>
<trkpt lat="43.159826" lon="-3.785098"></trkpt>
<trkpt lat="43.159933" lon="-3.785337"></trkpt>
<trkpt lat="43.159973" lon="-3.785423"></trkpt>
<trkpt lat="43.160042" lon="-3.785490"></trkpt>
<trkpt lat="43.160169" lon="-3.785525"></trkpt>
<trkpt lat="43.160337" lon="-3.785461"></trkpt>
<trkpt lat="43.160496" lon="-3.785320"></trkpt>
<trkpt lat="43.160995" lon="-3.784670"></trkpt>
<trkpt lat="43.161081" lon="-3.784680"></trkpt>
<trkpt lat="43.161128" lon="-3.784793"></trkpt>
<trkpt lat="43.161038" lon="-3.785439"></trkpt>
<trkpt lat="43.160830" lon="-3.786010"></trkpt>
<trkpt lat="43.160757" lon="-3.786434"></trkpt>
<trkpt lat="43.160725" lon="-3.787177"></trkpt>
<trkpt lat="43.160868" lon="-3.787907"></trkpt>
<trkpt lat="43.160913" lon="-3.788614"></trkpt>
<trkpt lat="43.161045" lon="-3.789340"></trkpt>
<trkpt lat="43.161059" lon="-3.790013"></trkpt>
<trkpt lat="43.161092" lon="-3.790270"></trkpt>
<trkpt lat="43.161201" lon="-3.790683"></trkpt>
<trkpt lat="43.161385" lon="-3.791129"></trkpt>
<trkpt lat="43.161563" lon="-3.791458"></trkpt>
<trkpt lat="43.161708" lon="-3.791628"></trkpt>
<trkpt lat="43.162424" lon="-3.791980"></trkpt>
<trkpt lat="43.162561" lon="-3.792113"></trkpt>
<trkpt lat="43.162756" lon="-3.792378"></trkpt>
<trkpt lat="43.163226" lon="-3.793078"></trkpt>
<trkpt lat="43.163333" lon="-3.793284"></trkpt>
<trkpt lat="43.163364" lon="-3.793467"></trkpt>
<trkpt lat="43.163362" lon="-3.794228"></trkpt>
<trkpt lat="43.163382" lon="-3.794324"></trkpt>
<trkpt lat="43.163439" lon="-3.794394"></trkpt>
<trkpt lat="43.163493" lon="-3.794406"></trkpt>
<trkpt lat="43.163554" lon="-3.794389"></trkpt>
<trkpt lat="43.163609" lon="-3.794319"></trkpt>
<trkpt lat="43.163645" lon="-3.793762"></trkpt>
<trkpt lat="43.163746" lon="-3.793123"></trkpt>
<trkpt lat="43.163754" lon="-3.792842"></trkpt>
<trkpt lat="43.163749" lon="-3.792013"></trkpt>
<trkpt lat="43.163628" lon="-3.791101"></trkpt>
<trkpt lat="43.163638" lon="-3.790209"></trkpt>
<trkpt lat="43.163605" lon="-3.789912"></trkpt>
<trkpt lat="43.163433" lon="-3.789344"></trkpt>
<trkpt lat="43.163286" lon="-3.788676"></trkpt>
<trkpt lat="43.163163" lon="-3.787633"></trkpt>
<trkpt lat="43.163157" lon="-3.787348"></trkpt>
<trkpt lat="43.163201" lon="-3.787212"></trkpt>
<trkpt lat="43.163269" lon="-3.787116"></trkpt>
<trkpt lat="43.163605" lon="-3.786788"></trkpt>
<trkpt lat="43.164070" lon="-3.786253"></trkpt>
<trkpt lat="43.164201" lon="-3.786140"></trkpt>
<trkpt lat="43.164757" lon="-3.785775"></trkpt>
<trkpt lat="43.165100" lon="-3.785585"></trkpt>
<trkpt lat="43.165255" lon="-3.785450"></trkpt>
<trkpt lat="43.165559" lon="-3.784694"></trkpt>
<trkpt lat="43.165946" lon="-3.783834"></trkpt>
<trkpt lat="43.166210" lon="-3.783342"></trkpt>
<trkpt lat="43.166342" lon="-3.783152"></trkpt>
<trkpt lat="43.166518" lon="-3.782987"></trkpt>
<trkpt lat="43.166686" lon="-3.782883"></trkpt>
<trkpt lat="43.166981" lon="-3.782806"></trkpt>
<trkpt lat="43.167130" lon="-3.782792"></trkpt>
<trkpt lat="43.167214" lon="-3.782710"></trkpt>
<trkpt lat="43.167243" lon="-3.782525"></trkpt>
<trkpt lat="43.167219" lon="-3.782159"></trkpt>
<trkpt lat="43.167253" lon="-3.781985"></trkpt>
<trkpt lat="43.167328" lon="-3.781863"></trkpt>
<trkpt lat="43.167543" lon="-3.781716"></trkpt>
<trkpt lat="43.167606" lon="-3.781628"></trkpt>
<trkpt lat="43.167754" lon="-3.781194"></trkpt>
<trkpt lat="43.167876" lon="-3.780926"></trkpt>
<trkpt lat="43.167901" lon="-3.780829"></trkpt>
<trkpt lat="43.167901" lon="-3.780699"></trkpt>
<trkpt lat="43.167865" lon="-3.780622"></trkpt>
<trkpt lat="43.167765" lon="-3.780560"></trkpt>
<trkpt lat="43.167387" lon="-3.780644"></trkpt>
<trkpt lat="43.167141" lon="-3.780606"></trkpt>
<trkpt lat="43.166945" lon="-3.780509"></trkpt>
<trkpt lat="43.166336" lon="-3.780107"></trkpt>
<trkpt lat="43.166236" lon="-3.780013"></trkpt>
<trkpt lat="43.166178" lon="-3.779893"></trkpt>
<trkpt lat="43.166155" lon="-3.779771"></trkpt>
<trkpt lat="43.166156" lon="-3.779441"></trkpt>
<trkpt lat="43.166111" lon="-3.779256"></trkpt>
<trkpt lat="43.165818" lon="-3.778710"></trkpt>
<trkpt lat="43.165612" lon="-3.778528"></trkpt>
<trkpt lat="43.165425" lon="-3.778412"></trkpt>
<trkpt lat="43.165279" lon="-3.778395"></trkpt>
<trkpt lat="43.164990" lon="-3.778451"></trkpt>
<trkpt lat="43.164908" lon="-3.778414"></trkpt>
<trkpt lat="43.164856" lon="-3.778357"></trkpt>
<trkpt lat="43.164818" lon="-3.778274"></trkpt>
<trkpt lat="43.164797" lon="-3.778120"></trkpt>
<trkpt lat="43.164840" lon="-3.777920"></trkpt>
<trkpt lat="43.165519" lon="-3.776602"></trkpt>
<trkpt lat="43.165634" lon="-3.776311"></trkpt>
<trkpt lat="43.165999" lon="-3.775054"></trkpt>
<trkpt lat="43.166124" lon="-3.774781"></trkpt>
<trkpt lat="43.166248" lon="-3.774624"></trkpt>
<trkpt lat="43.166398" lon="-3.774506"></trkpt>
<trkpt lat="43.166929" lon="-3.774193"></trkpt>
<trkpt lat="43.167166" lon="-3.774102"></trkpt>
<trkpt lat="43.167234" lon="-3.774115"></trkpt>
<trkpt lat="43.167309" lon="-3.774172"></trkpt>
<trkpt lat="43.167372" lon="-3.774316"></trkpt>
<trkpt lat="43.167391" lon="-3.774500"></trkpt>
<trkpt lat="43.167363" lon="-3.774672"></trkpt>
<trkpt lat="43.167036" lon="-3.775734"></trkpt>
<trkpt lat="43.166838" lon="-3.776483"></trkpt>
<trkpt lat="43.166821" lon="-3.776742"></trkpt>
<trkpt lat="43.166889" lon="-3.777316"></trkpt>
<trkpt lat="43.166803" lon="-3.777871"></trkpt>
<trkpt lat="43.166834" lon="-3.778012"></trkpt>
<trkpt lat="43.166929" lon="-3.778137"></trkpt>
<trkpt lat="43.167452" lon="-3.778462"></trkpt>
<trkpt lat="43.168620" lon="-3.779204"></trkpt>
<trkpt lat="43.169106" lon="-3.779434"></trkpt>
<trkpt lat="43.169225" lon="-3.779545"></trkpt>
<trkpt lat="43.169658" lon="-3.780070"></trkpt>
<trkpt lat="43.169774" lon="-3.780294"></trkpt>
<trkpt lat="43.169841" lon="-3.780524"></trkpt>
<trkpt lat="43.170036" lon="-3.781748"></trkpt>
<trkpt lat="43.170386" lon="-3.782551"></trkpt>
<trkpt lat="43.170409" lon="-3.782814"></trkpt>
<trkpt lat="43.170317" lon="-3.783588"></trkpt>
<trkpt lat="43.170310" lon="-3.783813"></trkpt>
<trkpt lat="43.170494" lon="-3.784938"></trkpt>
<trkpt lat="43.170507" lon="-3.785293"></trkpt>
<trkpt lat="43.170407" lon="-3.786813"></trkpt>
<trkpt lat="43.170180" lon="-3.787917"></trkpt>
<trkpt lat="43.170143" lon="-3.788810"></trkpt>
<trkpt lat="43.170145" lon="-3.789355"></trkpt>
<trkpt lat="43.170178" lon="-3.789512"></trkpt>
<trkpt lat="43.170229" lon="-3.789631"></trkpt>
<trkpt lat="43.170375" lon="-3.789763"></trkpt>
<trkpt lat="43.170410" lon="-3.789772"></trkpt>
<trkpt lat="43.170544" lon="-3.789756"></trkpt>
<trkpt lat="43.170722" lon="-3.789660"></trkpt>
<trkpt lat="43.172109" lon="-3.788897"></trkpt>
<trkpt lat="43.172227" lon="-3.788873"></trkpt>
<trkpt lat="43.172316" lon="-3.788890"></trkpt>
<trkpt lat="43.172412" lon="-3.788939"></trkpt>
<trkpt lat="43.172538" lon="-3.789054"></trkpt>
<trkpt lat="43.172639" lon="-3.789209"></trkpt>
<trkpt lat="43.172891" lon="-3.789789"></trkpt>
<trkpt lat="43.173051" lon="-3.789988"></trkpt>
<trkpt lat="43.173388" lon="-3.790327"></trkpt>
<trkpt lat="43.173507" lon="-3.790487"></trkpt>
<trkpt lat="43.173631" lon="-3.790718"></trkpt>
<trkpt lat="43.173764" lon="-3.791049"></trkpt>
<trkpt lat="43.173882" lon="-3.791242"></trkpt>
<trkpt lat="43.174061" lon="-3.791390"></trkpt>
<trkpt lat="43.174466" lon="-3.791501"></trkpt>
<trkpt lat="43.174598" lon="-3.791655"></trkpt>
<trkpt lat="43.174667" lon="-3.791872"></trkpt>
<trkpt lat="43.174707" lon="-3.792150"></trkpt>
<trkpt lat="43.174709" lon="-3.792921"></trkpt>
<trkpt lat="43.174743" lon="-3.793088"></trkpt>
<trkpt lat="43.174801" lon="-3.793235"></trkpt>
<trkpt lat="43.174965" lon="-3.793536"></trkpt>
<trkpt lat="43.175328" lon="-3.794101"></trkpt>
<trkpt lat="43.175730" lon="-3.794935"></trkpt>
<trkpt lat="43.176017" lon="-3.795459"></trkpt>
<trkpt lat="43.176523" lon="-3.796265"></trkpt>
<trkpt lat="43.176879" lon="-3.796775"></trkpt>
<trkpt lat="43.177321" lon="-3.797131"></trkpt>
<trkpt lat="43.177385" lon="-3.797181"></trkpt>
<trkpt lat="43.177739" lon="-3.797466"></trkpt>
<trkpt lat="43.178326" lon="-3.798117"></trkpt>
<trkpt lat="43.178776" lon="-3.798384"></trkpt>
<trkpt lat="43.178911" lon="-3.798517"></trkpt>
<trkpt lat="43.178970" lon="-3.798622"></trkpt>
<trkpt lat="43.179017" lon="-3.798802"></trkpt>
<trkpt lat="43.179014" lon="-3.799501"></trkpt>
<trkpt lat="43.179081" lon="-3.799730"></trkpt>
<trkpt lat="43.179191" lon="-3.799834"></trkpt>
<trkpt lat="43.179758" lon="-3.800019"></trkpt>
<trkpt lat="43.179990" lon="-3.800194"></trkpt>
<trkpt lat="43.180094" lon="-3.800378"></trkpt>
<trkpt lat="43.180170" lon="-3.800814"></trkpt>
<trkpt lat="43.180278" lon="-3.801084"></trkpt>
<trkpt lat="43.180377" lon="-3.801195"></trkpt>
<trkpt lat="43.180602" lon="-3.801347"></trkpt>
<trkpt lat="43.180904" lon="-3.801696"></trkpt>
<trkpt lat="43.181094" lon="-3.801728"></trkpt>
<trkpt lat="43.181483" lon="-3.801737"></trkpt>
<trkpt lat="43.181660" lon="-3.801716"></trkpt>
<trkpt lat="43.181823" lon="-3.801644"></trkpt>
<trkpt lat="43.182040" lon="-3.801427"></trkpt>
<trkpt lat="43.182359" lon="-3.800819"></trkpt>
<trkpt lat="43.182499" lon="-3.800627"></trkpt>
<trkpt lat="43.183021" lon="-3.800264"></trkpt>
<trkpt lat="43.183234" lon="-3.800191"></trkpt>
<trkpt lat="43.183467" lon="-3.800211"></trkpt>
<trkpt lat="43.184288" lon="-3.800443"></trkpt>
<trkpt lat="43.184612" lon="-3.800562"></trkpt>
<trkpt lat="43.185002" lon="-3.800756"></trkpt>
<trkpt lat="43.185261" lon="-3.800920"></trkpt>
<trkpt lat="43.185401" lon="-3.801045"></trkpt>
<trkpt lat="43.185516" lon="-3.801194"></trkpt>
<trkpt lat="43.185640" lon="-3.801481"></trkpt>
<trkpt lat="43.185674" lon="-3.801659"></trkpt>
<trkpt lat="43.185679" lon="-3.801855"></trkpt>
<trkpt lat="43.185610" lon="-3.802262"></trkpt>
<trkpt lat="43.185397" lon="-3.803078"></trkpt>
<trkpt lat="43.185367" lon="-3.803356"></trkpt>
<trkpt lat="43.185365" lon="-3.803653"></trkpt>
<trkpt lat="43.185382" lon="-3.803866"></trkpt>
<trkpt lat="43.185429" lon="-3.804084"></trkpt>
<trkpt lat="43.185713" lon="-3.804786"></trkpt>
<trkpt lat="43.185775" lon="-3.804992"></trkpt>
<trkpt lat="43.185798" lon="-3.805216"></trkpt>
<trkpt lat="43.185748" lon="-3.805411"></trkpt>
<trkpt lat="43.185665" lon="-3.805535"></trkpt>
<trkpt lat="43.185534" lon="-3.805642"></trkpt>
<trkpt lat="43.185315" lon="-3.805763"></trkpt>
<trkpt lat="43.185052" lon="-3.805849"></trkpt>
<trkpt lat="43.184735" lon="-3.805870"></trkpt>
<trkpt lat="43.183672" lon="-3.805728"></trkpt>
<trkpt lat="43.183408" lon="-3.805729"></trkpt>
<trkpt lat="43.183070" lon="-3.805788"></trkpt>
<trkpt lat="43.183013" lon="-3.805827"></trkpt>
<trkpt lat="43.182968" lon="-3.805935"></trkpt>
<trkpt lat="43.182991" lon="-3.806151"></trkpt>
<trkpt lat="43.183071" lon="-3.806273"></trkpt>
<trkpt lat="43.183377" lon="-3.806459"></trkpt>
<trkpt lat="43.183561" lon="-3.806630"></trkpt>
<trkpt lat="43.184157" lon="-3.807610"></trkpt>
<trkpt lat="43.184475" lon="-3.808076"></trkpt>
<trkpt lat="43.184924" lon="-3.808632"></trkpt>
<trkpt lat="43.185570" lon="-3.809270"></trkpt>
<trkpt lat="43.185683" lon="-3.809513"></trkpt>
<trkpt lat="43.185710" lon="-3.809915"></trkpt>
<trkpt lat="43.185771" lon="-3.810023"></trkpt>
<trkpt lat="43.185871" lon="-3.810040"></trkpt>
<trkpt lat="43.185962" lon="-3.809935"></trkpt>
<trkpt lat="43.185964" lon="-3.809758"></trkpt>
<trkpt lat="43.185902" lon="-3.809509"></trkpt>
<trkpt lat="43.185773" lon="-3.809224"></trkpt>
<trkpt lat="43.185405" lon="-3.808739"></trkpt>
<trkpt lat="43.184870" lon="-3.807808"></trkpt>
<trkpt lat="43.184831" lon="-3.807651"></trkpt>
<trkpt lat="43.184879" lon="-3.807511"></trkpt>
<trkpt lat="43.184936" lon="-3.807461"></trkpt>
<trkpt lat="43.185018" lon="-3.807445"></trkpt>
<trkpt lat="43.185672" lon="-3.807603"></trkpt>
<trkpt lat="43.186082" lon="-3.807617"></trkpt>
<trkpt lat="43.186925" lon="-3.807539"></trkpt>
<trkpt lat="43.187276" lon="-3.807467"></trkpt>
<trkpt lat="43.187488" lon="-3.807365"></trkpt>
<trkpt lat="43.187719" lon="-3.807161"></trkpt>
<trkpt lat="43.187931" lon="-3.806820"></trkpt>
<trkpt lat="43.188282" lon="-3.805952"></trkpt>
<trkpt lat="43.188403" lon="-3.805532"></trkpt>
<trkpt lat="43.188439" lon="-3.804789"></trkpt>
<trkpt lat="43.188480" lon="-3.804577"></trkpt>
<trkpt lat="43.188584" lon="-3.804405"></trkpt>
<trkpt lat="43.188821" lon="-3.804178"></trkpt>
<trkpt lat="43.189168" lon="-3.803893"></trkpt>
<trkpt lat="43.189496" lon="-3.803801"></trkpt>
<trkpt lat="43.189882" lon="-3.803780"></trkpt>
<trkpt lat="43.190598" lon="-3.803922"></trkpt>
<trkpt lat="43.190882" lon="-3.803915"></trkpt>
<trkpt lat="43.191204" lon="-3.803768"></trkpt>
<trkpt lat="43.191815" lon="-3.803244"></trkpt>
<trkpt lat="43.192055" lon="-3.803082"></trkpt>
<trkpt lat="43.192313" lon="-3.803030"></trkpt>
<trkpt lat="43.192579" lon="-3.803074"></trkpt>
<trkpt lat="43.192786" lon="-3.803158"></trkpt>
<trkpt lat="43.192987" lon="-3.803284"></trkpt>
<trkpt lat="43.194142" lon="-3.804241"></trkpt>
<trkpt lat="43.194318" lon="-3.804460"></trkpt>
<trkpt lat="43.194704" lon="-3.805163"></trkpt>
<trkpt lat="43.195155" lon="-3.805895"></trkpt>
<trkpt lat="43.195315" lon="-3.806108"></trkpt>
<trkpt lat="43.195399" lon="-3.806152"></trkpt>
<trkpt lat="43.195468" lon="-3.806152"></trkpt>
<trkpt lat="43.195489" lon="-3.806144"></trkpt>
<trkpt lat="43.195505" lon="-3.806133"></trkpt>
<trkpt lat="43.195520" lon="-3.806121"></trkpt>
<trkpt lat="43.195534" lon="-3.806106"></trkpt>
<trkpt lat="43.195546" lon="-3.806087"></trkpt>
<trkpt lat="43.195558" lon="-3.806067"></trkpt>
<trkpt lat="43.195569" lon="-3.806043"></trkpt>
<trkpt lat="43.195579" lon="-3.806015"></trkpt>
<trkpt lat="43.195586" lon="-3.805987"></trkpt>
<trkpt lat="43.195591" lon="-3.805957"></trkpt>
<trkpt lat="43.195593" lon="-3.805929"></trkpt>
<trkpt lat="43.195593" lon="-3.805897"></trkpt>
<trkpt lat="43.195592" lon="-3.805864"></trkpt>
<trkpt lat="43.195590" lon="-3.805839"></trkpt>
<trkpt lat="43.195588" lon="-3.805816"></trkpt>
<trkpt lat="43.195583" lon="-3.805793"></trkpt>
<trkpt lat="43.195241" lon="-3.803902"></trkpt>
<trkpt lat="43.195151" lon="-3.803596"></trkpt>
<trkpt lat="43.194963" lon="-3.803135"></trkpt>
<trkpt lat="43.194657" lon="-3.802575"></trkpt>
<trkpt lat="43.194001" lon="-3.801765"></trkpt>
<trkpt lat="43.193429" lon="-3.801319"></trkpt>
<trkpt lat="43.192966" lon="-3.801200"></trkpt>
<trkpt lat="43.192801" lon="-3.801093"></trkpt>
<trkpt lat="43.192627" lon="-3.800927"></trkpt>
<trkpt lat="43.192504" lon="-3.800735"></trkpt>
<trkpt lat="43.192273" lon="-3.800263"></trkpt>
<trkpt lat="43.191887" lon="-3.799882"></trkpt>
<trkpt lat="43.191307" lon="-3.798952"></trkpt>
<trkpt lat="43.191129" lon="-3.798605"></trkpt>
<trkpt lat="43.191049" lon="-3.798326"></trkpt>
<trkpt lat="43.191030" lon="-3.798112"></trkpt>
<trkpt lat="43.191043" lon="-3.797910"></trkpt>
<trkpt lat="43.191071" lon="-3.797780"></trkpt>
<trkpt lat="43.191128" lon="-3.797696"></trkpt>
<trkpt lat="43.191242" lon="-3.797654"></trkpt>
<trkpt lat="43.191302" lon="-3.797678"></trkpt>
<trkpt lat="43.191371" lon="-3.797756"></trkpt>
<trkpt lat="43.191425" lon="-3.797942"></trkpt>
<trkpt lat="43.191523" lon="-3.798546"></trkpt>
<trkpt lat="43.191633" lon="-3.798814"></trkpt>
<trkpt lat="43.192374" lon="-3.799592"></trkpt>
<trkpt lat="43.192574" lon="-3.799701"></trkpt>
<trkpt lat="43.192934" lon="-3.799777"></trkpt>
<trkpt lat="43.193210" lon="-3.799749"></trkpt>
<trkpt lat="43.193677" lon="-3.799609"></trkpt>
<trkpt lat="43.193866" lon="-3.799633"></trkpt>
<trkpt lat="43.194131" lon="-3.799758"></trkpt>
<trkpt lat="43.194333" lon="-3.799893"></trkpt>
<trkpt lat="43.195320" lon="-3.800635"></trkpt>
<trkpt lat="43.195604" lon="-3.800897"></trkpt>
<trkpt lat="43.195781" lon="-3.801090"></trkpt>
<trkpt lat="43.195945" lon="-3.801322"></trkpt>
<trkpt lat="43.196055" lon="-3.801546"></trkpt>
<trkpt lat="43.196224" lon="-3.802005"></trkpt>
<trkpt lat="43.196311" lon="-3.802139"></trkpt>
<trkpt lat="43.197168" lon="-3.802948"></trkpt>
<trkpt lat="43.197914" lon="-3.803781"></trkpt>
<trkpt lat="43.198213" lon="-3.804076"></trkpt>
<trkpt lat="43.198444" lon="-3.804355"></trkpt>
<trkpt lat="43.198604" lon="-3.804608"></trkpt>
<trkpt lat="43.198858" lon="-3.805094"></trkpt>
<trkpt lat="43.199157" lon="-3.805837"></trkpt>
<trkpt lat="43.199286" lon="-3.806082"></trkpt>
<trkpt lat="43.199506" lon="-3.806304"></trkpt>
<trkpt lat="43.199972" lon="-3.806583"></trkpt>
<trkpt lat="43.200281" lon="-3.806881"></trkpt>
<trkpt lat="43.200837" lon="-3.807337"></trkpt>
<trkpt lat="43.201072" lon="-3.807670"></trkpt>
<trkpt lat="43.201385" lon="-3.808397"></trkpt>
<trkpt lat="43.201728" lon="-3.809331"></trkpt>
<trkpt lat="43.201801" lon="-3.809409"></trkpt>
<trkpt lat="43.201900" lon="-3.809409"></trkpt>
<trkpt lat="43.201941" lon="-3.809379"></trkpt>
<trkpt lat="43.201982" lon="-3.809290"></trkpt>
<trkpt lat="43.201979" lon="-3.809142"></trkpt>
<trkpt lat="43.201743" lon="-3.808729"></trkpt>
<trkpt lat="43.201698" lon="-3.808516"></trkpt>
<trkpt lat="43.201671" lon="-3.808006"></trkpt>
<trkpt lat="43.201625" lon="-3.807705"></trkpt>
<trkpt lat="43.201511" lon="-3.807362"></trkpt>
<trkpt lat="43.201302" lon="-3.806924"></trkpt>
<trkpt lat="43.201240" lon="-3.806710"></trkpt>
<trkpt lat="43.201231" lon="-3.806410"></trkpt>
<trkpt lat="43.201261" lon="-3.805858"></trkpt>
<trkpt lat="43.201241" lon="-3.805017"></trkpt>
<trkpt lat="43.201282" lon="-3.804870"></trkpt>
<trkpt lat="43.201364" lon="-3.804769"></trkpt>
<trkpt lat="43.201479" lon="-3.804746"></trkpt>
<trkpt lat="43.201583" lon="-3.804788"></trkpt>
<trkpt lat="43.201652" lon="-3.804867"></trkpt>
<trkpt lat="43.202132" lon="-3.805771"></trkpt>
<trkpt lat="43.202289" lon="-3.805955"></trkpt>
<trkpt lat="43.202431" lon="-3.806051"></trkpt>
<trkpt lat="43.202659" lon="-3.806099"></trkpt>
<trkpt lat="43.203040" lon="-3.806046"></trkpt>
<trkpt lat="43.205343" lon="-3.805715"></trkpt>
<trkpt lat="43.206075" lon="-3.805570"></trkpt>
<trkpt lat="43.206880" lon="-3.805382"></trkpt>
<trkpt lat="43.207380" lon="-3.805264"></trkpt>
<trkpt lat="43.207918" lon="-3.805135"></trkpt>
<trkpt lat="43.208090" lon="-3.805107"></trkpt>
<trkpt lat="43.208522" lon="-3.805124"></trkpt>
<trkpt lat="43.208782" lon="-3.805203"></trkpt>
<trkpt lat="43.209544" lon="-3.805556"></trkpt>
<trkpt lat="43.210423" lon="-3.805981"></trkpt>
<trkpt lat="43.210617" lon="-3.806028"></trkpt>
<trkpt lat="43.210650" lon="-3.806016"></trkpt>
<trkpt lat="43.210936" lon="-3.805778"></trkpt>
<trkpt lat="43.211034" lon="-3.805700"></trkpt>
<trkpt lat="43.211211" lon="-3.805617"></trkpt>
<trkpt lat="43.211314" lon="-3.805637"></trkpt>
<trkpt lat="43.211590" lon="-3.805784"></trkpt>
<trkpt lat="43.211628" lon="-3.805808"></trkpt>
<trkpt lat="43.211817" lon="-3.805927"></trkpt>
<trkpt lat="43.212042" lon="-3.806011"></trkpt>
<trkpt lat="43.212411" lon="-3.806059"></trkpt>
<trkpt lat="43.212927" lon="-3.806097"></trkpt>
<trkpt lat="43.213112" lon="-3.806035"></trkpt>
<trkpt lat="43.213556" lon="-3.805837"></trkpt>
<trkpt lat="43.213720" lon="-3.805800"></trkpt>
<trkpt lat="43.213803" lon="-3.805812"></trkpt>
<trkpt lat="43.213934" lon="-3.805888"></trkpt>
<trkpt lat="43.214120" lon="-3.806102"></trkpt>
<trkpt lat="43.214216" lon="-3.806224"></trkpt>
<trkpt lat="43.214377" lon="-3.806367"></trkpt>
<trkpt lat="43.214643" lon="-3.806523"></trkpt>
<trkpt lat="43.215095" lon="-3.806712"></trkpt>
<trkpt lat="43.215241" lon="-3.806744"></trkpt>
<trkpt lat="43.215525" lon="-3.806741"></trkpt>
<trkpt lat="43.215795" lon="-3.806739"></trkpt>
<trkpt lat="43.215857" lon="-3.806743"></trkpt>
<trkpt lat="43.216484" lon="-3.806844"></trkpt>
<trkpt lat="43.216590" lon="-3.806903"></trkpt>
<trkpt lat="43.216712" lon="-3.806970"></trkpt>
<trkpt lat="43.217033" lon="-3.807105"></trkpt>
<trkpt lat="43.217285" lon="-3.807168"></trkpt>
<trkpt lat="43.217398" lon="-3.807182"></trkpt>
<trkpt lat="43.217502" lon="-3.807190"></trkpt>
<trkpt lat="43.217672" lon="-3.807184"></trkpt>
<trkpt lat="43.218058" lon="-3.807150"></trkpt>
<trkpt lat="43.218198" lon="-3.807133"></trkpt>
<trkpt lat="43.218259" lon="-3.807126"></trkpt>
<trkpt lat="43.218417" lon="-3.807160"></trkpt>
<trkpt lat="43.218709" lon="-3.807443"></trkpt>
<trkpt lat="43.218814" lon="-3.807599"></trkpt>
<trkpt lat="43.219047" lon="-3.808006"></trkpt>
<trkpt lat="43.219168" lon="-3.808205"></trkpt>
<trkpt lat="43.219227" lon="-3.808296"></trkpt>
<trkpt lat="43.219296" lon="-3.808378"></trkpt>
<trkpt lat="43.219302" lon="-3.808383"></trkpt>
<trkpt lat="43.219473" lon="-3.808468"></trkpt>
<trkpt lat="43.219758" lon="-3.808536"></trkpt>
<trkpt lat="43.220413" lon="-3.808681"></trkpt>
<trkpt lat="43.220479" lon="-3.808696"></trkpt>
<trkpt lat="43.221085" lon="-3.808831"></trkpt>
<trkpt lat="43.222897" lon="-3.809236"></trkpt>
<trkpt lat="43.223464" lon="-3.809364"></trkpt>
<trkpt lat="43.224044" lon="-3.809495"></trkpt>
<trkpt lat="43.226171" lon="-3.809980"></trkpt>
<trkpt lat="43.227343" lon="-3.810245"></trkpt>
<trkpt lat="43.227424" lon="-3.810266"></trkpt>
<trkpt lat="43.228137" lon="-3.810453"></trkpt>
<trkpt lat="43.228206" lon="-3.810542"></trkpt>
<trkpt lat="43.228259" lon="-3.810681"></trkpt>
<trkpt lat="43.228471" lon="-3.812102"></trkpt>
<trkpt lat="43.228537" lon="-3.812562"></trkpt>
<trkpt lat="43.228652" lon="-3.813360"></trkpt>
<trkpt lat="43.228674" lon="-3.813443"></trkpt>
<trkpt lat="43.228756" lon="-3.813634"></trkpt>
<trkpt lat="43.228823" lon="-3.813730"></trkpt>
<trkpt lat="43.228980" lon="-3.813882"></trkpt>
<trkpt lat="43.229088" lon="-3.813939"></trkpt>
<trkpt lat="43.230740" lon="-3.814709"></trkpt>
<trkpt lat="43.231523" lon="-3.815069"></trkpt>
<trkpt lat="43.233417" lon="-3.815944"></trkpt>
<trkpt lat="43.234410" lon="-3.816397"></trkpt>
<trkpt lat="43.234501" lon="-3.816439"></trkpt>
<trkpt lat="43.234641" lon="-3.816503"></trkpt>
<trkpt lat="43.234685" lon="-3.816523"></trkpt>
<trkpt lat="43.234875" lon="-3.816611"></trkpt>
<trkpt lat="43.235011" lon="-3.816673"></trkpt>
<trkpt lat="43.235299" lon="-3.816808"></trkpt>
<trkpt lat="43.235695" lon="-3.817011"></trkpt>
<trkpt lat="43.235979" lon="-3.817192"></trkpt>
<trkpt lat="43.236422" lon="-3.817585"></trkpt>
<trkpt lat="43.236818" lon="-3.818081"></trkpt>
<trkpt lat="43.237054" lon="-3.818468"></trkpt>
<trkpt lat="43.237158" lon="-3.818684"></trkpt>
<trkpt lat="43.237575" lon="-3.819736"></trkpt>
<trkpt lat="43.237790" lon="-3.820432"></trkpt>
<trkpt lat="43.237864" lon="-3.820863"></trkpt>
<trkpt lat="43.238005" lon="-3.822375"></trkpt>
<trkpt lat="43.238146" lon="-3.823007"></trkpt>
<trkpt lat="43.238487" lon="-3.823943"></trkpt>
<trkpt lat="43.238555" lon="-3.824112"></trkpt>
<trkpt lat="43.238704" lon="-3.824479"></trkpt>
<trkpt lat="43.238764" lon="-3.824627"></trkpt>
<trkpt lat="43.238893" lon="-3.824642"></trkpt>
<trkpt lat="43.239517" lon="-3.824919"></trkpt>
<trkpt lat="43.239691" lon="-3.824909"></trkpt>
<trkpt lat="43.239770" lon="-3.824858"></trkpt>
<trkpt lat="43.240049" lon="-3.824657"></trkpt>
<trkpt lat="43.240191" lon="-3.824660"></trkpt>
<trkpt lat="43.240687" lon="-3.825216"></trkpt>
<trkpt lat="43.240991" lon="-3.825452"></trkpt>
<trkpt lat="43.241092" lon="-3.825651"></trkpt>
<trkpt lat="43.241327" lon="-3.825929"></trkpt>
<trkpt lat="43.242035" lon="-3.826756"></trkpt>
<trkpt lat="43.242267" lon="-3.827005"></trkpt>
<trkpt lat="43.242432" lon="-3.827184"></trkpt>
<trkpt lat="43.242623" lon="-3.827250"></trkpt>
<trkpt lat="43.242975" lon="-3.827094"></trkpt>
<trkpt lat="43.243069" lon="-3.827014"></trkpt>
<trkpt lat="43.243211" lon="-3.827271"></trkpt>
<trkpt lat="43.243787" lon="-3.827634"></trkpt>
<trkpt lat="43.244085" lon="-3.827952"></trkpt>
<trkpt lat="43.244131" lon="-3.827965"></trkpt>
<trkpt lat="43.244373" lon="-3.827901"></trkpt>
<trkpt lat="43.244491" lon="-3.827927"></trkpt>
<trkpt lat="43.244499" lon="-3.828064"></trkpt>
<trkpt lat="43.244985" lon="-3.828497"></trkpt>
<trkpt lat="43.245274" lon="-3.828707"></trkpt>
<trkpt lat="43.245453" lon="-3.828824"></trkpt>
<trkpt lat="43.245549" lon="-3.828843"></trkpt>
<trkpt lat="43.245707" lon="-3.828915"></trkpt>
<trkpt lat="43.245892" lon="-3.829043"></trkpt>
<trkpt lat="43.246055" lon="-3.829194"></trkpt>
<trkpt lat="43.246231" lon="-3.829339"></trkpt>
<trkpt lat="43.246345" lon="-3.829479"></trkpt>
<trkpt lat="43.246474" lon="-3.829729"></trkpt>
<trkpt lat="43.246639" lon="-3.830132"></trkpt>
<trkpt lat="43.246717" lon="-3.830341"></trkpt>
<trkpt lat="43.246923" lon="-3.830665"></trkpt>
<trkpt lat="43.247046" lon="-3.830863"></trkpt>
<trkpt lat="43.247242" lon="-3.831342"></trkpt>
<trkpt lat="43.247485" lon="-3.831792"></trkpt>
<trkpt lat="43.247796" lon="-3.832204"></trkpt>
<trkpt lat="43.248258" lon="-3.832649"></trkpt>
<trkpt lat="43.248662" lon="-3.833015"></trkpt>
<trkpt lat="43.248934" lon="-3.833503"></trkpt>
<trkpt lat="43.248997" lon="-3.833579"></trkpt>
<trkpt lat="43.249379" lon="-3.833813"></trkpt>
<trkpt lat="43.249639" lon="-3.834047"></trkpt>
<trkpt lat="43.250052" lon="-3.834344"></trkpt>
<trkpt lat="43.250337" lon="-3.834479"></trkpt>
<trkpt lat="43.250520" lon="-3.834604"></trkpt>
<trkpt lat="43.250647" lon="-3.834780"></trkpt>
<trkpt lat="43.250817" lon="-3.835266"></trkpt>
<trkpt lat="43.250967" lon="-3.835612"></trkpt>
<trkpt lat="43.251364" lon="-3.836264"></trkpt>
<trkpt lat="43.251439" lon="-3.836570"></trkpt>
<trkpt lat="43.251504" lon="-3.836776"></trkpt>
<trkpt lat="43.251742" lon="-3.837267"></trkpt>
<trkpt lat="43.252112" lon="-3.837562"></trkpt>
<trkpt lat="43.252204" lon="-3.837726"></trkpt>
<trkpt lat="43.252423" lon="-3.838358"></trkpt>
<trkpt lat="43.252683" lon="-3.839250"></trkpt>
<trkpt lat="43.252785" lon="-3.839396"></trkpt>
<trkpt lat="43.252871" lon="-3.839462"></trkpt>
<trkpt lat="43.253053" lon="-3.839527"></trkpt>
<trkpt lat="43.253267" lon="-3.839558"></trkpt>
<trkpt lat="43.253513" lon="-3.839904"></trkpt>
<trkpt lat="43.254082" lon="-3.840312"></trkpt>
<trkpt lat="43.254185" lon="-3.840354"></trkpt>
<trkpt lat="43.254535" lon="-3.840386"></trkpt>
<trkpt lat="43.254721" lon="-3.840432"></trkpt>
<trkpt lat="43.254957" lon="-3.840558"></trkpt>
<trkpt lat="43.255134" lon="-3.840743"></trkpt>
<trkpt lat="43.255485" lon="-3.841245"></trkpt>
<trkpt lat="43.255541" lon="-3.841281"></trkpt>
<trkpt lat="43.256778" lon="-3.841662"></trkpt>
<trkpt lat="43.257562" lon="-3.842142"></trkpt>
<trkpt lat="43.257751" lon="-3.842142"></trkpt>
<trkpt lat="43.258158" lon="-3.842037"></trkpt>
<trkpt lat="43.258269" lon="-3.841993"></trkpt>
<trkpt lat="43.258466" lon="-3.841975"></trkpt>
<trkpt lat="43.258623" lon="-3.842019"></trkpt>
<trkpt lat="43.259108" lon="-3.842324"></trkpt>
<trkpt lat="43.259212" lon="-3.842389"></trkpt>
<trkpt lat="43.259403" lon="-3.842508"></trkpt>
<trkpt lat="43.259371" lon="-3.842809"></trkpt>
<trkpt lat="43.259322" lon="-3.843015"></trkpt>
<trkpt lat="43.259260" lon="-3.843157"></trkpt>
<trkpt lat="43.258966" lon="-3.843395"></trkpt>
<trkpt lat="43.258911" lon="-3.843530"></trkpt>
<trkpt lat="43.258902" lon="-3.843809"></trkpt>
<trkpt lat="43.258956" lon="-3.844065"></trkpt>
<trkpt lat="43.258970" lon="-3.844186"></trkpt>
<trkpt lat="43.258959" lon="-3.844316"></trkpt>
<trkpt lat="43.258894" lon="-3.844566"></trkpt>
<trkpt lat="43.258584" lon="-3.845565"></trkpt>
<trkpt lat="43.258359" lon="-3.846291"></trkpt>
<trkpt lat="43.258273" lon="-3.846561"></trkpt>
<trkpt lat="43.258026" lon="-3.847323"></trkpt>
<trkpt lat="43.257900" lon="-3.847927"></trkpt>
<trkpt lat="43.257872" lon="-3.848279"></trkpt>
<trkpt lat="43.257943" lon="-3.848712"></trkpt>
<trkpt lat="43.257983" lon="-3.849148"></trkpt>
<trkpt lat="43.257982" lon="-3.849203"></trkpt>
<trkpt lat="43.258030" lon="-3.849360"></trkpt>
<trkpt lat="43.258169" lon="-3.849435"></trkpt>
<trkpt lat="43.258581" lon="-3.849448"></trkpt>
<trkpt lat="43.258680" lon="-3.849477"></trkpt>
<trkpt lat="43.258759" lon="-3.849565"></trkpt>
<trkpt lat="43.258800" lon="-3.849680"></trkpt>
<trkpt lat="43.258823" lon="-3.849848"></trkpt>
<trkpt lat="43.258853" lon="-3.849851"></trkpt>
<trkpt lat="43.259063" lon="-3.849867"></trkpt>
<trkpt lat="43.259563" lon="-3.849898"></trkpt>
<trkpt lat="43.262641" lon="-3.850081"></trkpt>
<trkpt lat="43.263986" lon="-3.850135"></trkpt>
<trkpt lat="43.264130" lon="-3.850121"></trkpt>
<trkpt lat="43.264330" lon="-3.850081"></trkpt>
<trkpt lat="43.264615" lon="-3.849966"></trkpt>
<trkpt lat="43.265371" lon="-3.849514"></trkpt>
<trkpt lat="43.265697" lon="-3.849386"></trkpt>
<trkpt lat="43.266037" lon="-3.849343"></trkpt>
<trkpt lat="43.267090" lon="-3.849406"></trkpt>
<trkpt lat="43.267453" lon="-3.849430"></trkpt>
<trkpt lat="43.267807" lon="-3.849453"></trkpt>
<trkpt lat="43.268361" lon="-3.849475"></trkpt>
<trkpt lat="43.268668" lon="-3.849416"></trkpt>
<trkpt lat="43.268979" lon="-3.849263"></trkpt>
<trkpt lat="43.269590" lon="-3.848780"></trkpt>
<trkpt lat="43.269764" lon="-3.848702"></trkpt>
<trkpt lat="43.269984" lon="-3.848659"></trkpt>
<trkpt lat="43.270539" lon="-3.848700"></trkpt>
<trkpt lat="43.270795" lon="-3.848659"></trkpt>
<trkpt lat="43.271683" lon="-3.848407"></trkpt>
<trkpt lat="43.271855" lon="-3.848332"></trkpt>
<trkpt lat="43.272060" lon="-3.848190"></trkpt>
<trkpt lat="43.272269" lon="-3.847935"></trkpt>
<trkpt lat="43.272424" lon="-3.847632"></trkpt>
<trkpt lat="43.272529" lon="-3.847216"></trkpt>
<trkpt lat="43.272548" lon="-3.846836"></trkpt>
<trkpt lat="43.272498" lon="-3.845513"></trkpt>
<trkpt lat="43.272547" lon="-3.845095"></trkpt>
<trkpt lat="43.272624" lon="-3.844815"></trkpt>
<trkpt lat="43.272784" lon="-3.844463"></trkpt>
<trkpt lat="43.272953" lon="-3.844207"></trkpt>
<trkpt lat="43.274008" lon="-3.842881"></trkpt>
<trkpt lat="43.274284" lon="-3.842656"></trkpt>
<trkpt lat="43.274814" lon="-3.842373"></trkpt>
<trkpt lat="43.275078" lon="-3.842191"></trkpt>
<trkpt lat="43.275323" lon="-3.841920"></trkpt>
<trkpt lat="43.275880" lon="-3.841197"></trkpt>
<trkpt lat="43.276157" lon="-3.840880"></trkpt>
<trkpt lat="43.276732" lon="-3.840345"></trkpt>
<trkpt lat="43.277769" lon="-3.839486"></trkpt>
<trkpt lat="43.278028" lon="-3.839370"></trkpt>
<trkpt lat="43.278330" lon="-3.839338"></trkpt>
<trkpt lat="43.278660" lon="-3.839435"></trkpt>
<trkpt lat="43.278963" lon="-3.839639"></trkpt>
<trkpt lat="43.279539" lon="-3.840156"></trkpt>
<trkpt lat="43.279882" lon="-3.840330"></trkpt>
<trkpt lat="43.280406" lon="-3.840445"></trkpt>
<trkpt lat="43.280607" lon="-3.840459"></trkpt>
<trkpt lat="43.280777" lon="-3.840427"></trkpt>
<trkpt lat="43.280985" lon="-3.840341"></trkpt>
<trkpt lat="43.281237" lon="-3.840145"></trkpt>
<trkpt lat="43.281431" lon="-3.839947"></trkpt>
<trkpt lat="43.281870" lon="-3.839539"></trkpt>
<trkpt lat="43.282165" lon="-3.839357"></trkpt>
<trkpt lat="43.282590" lon="-3.839145"></trkpt>
<trkpt lat="43.282760" lon="-3.839094"></trkpt>
<trkpt lat="43.282987" lon="-3.839080"></trkpt>
<trkpt lat="43.283273" lon="-3.839176"></trkpt>
<trkpt lat="43.283406" lon="-3.839246"></trkpt>
<trkpt lat="43.283892" lon="-3.839501"></trkpt>
<trkpt lat="43.284028" lon="-3.839580"></trkpt>
<trkpt lat="43.284697" lon="-3.839964"></trkpt>
<trkpt lat="43.284884" lon="-3.840071"></trkpt>
<trkpt lat="43.285457" lon="-3.840357"></trkpt>
<trkpt lat="43.285956" lon="-3.840470"></trkpt>
<trkpt lat="43.286415" lon="-3.840454"></trkpt>
<trkpt lat="43.287072" lon="-3.840325"></trkpt>
<trkpt lat="43.287883" lon="-3.840163"></trkpt>
<trkpt lat="43.288215" lon="-3.840114"></trkpt>
<trkpt lat="43.288932" lon="-3.840031"></trkpt>
<trkpt lat="43.289082" lon="-3.840046"></trkpt>
<trkpt lat="43.289226" lon="-3.840088"></trkpt>
<trkpt lat="43.289560" lon="-3.840236"></trkpt>
<trkpt lat="43.290324" lon="-3.840645"></trkpt>
<trkpt lat="43.291151" lon="-3.841129"></trkpt>
<trkpt lat="43.292795" lon="-3.842282"></trkpt>
<trkpt lat="43.293443" lon="-3.842646"></trkpt>
<trkpt lat="43.294516" lon="-3.843187"></trkpt>
<trkpt lat="43.294928" lon="-3.843420"></trkpt>
<trkpt lat="43.295179" lon="-3.843618"></trkpt>
<trkpt lat="43.295442" lon="-3.843908"></trkpt>
<trkpt lat="43.296294" lon="-3.845280"></trkpt>
<trkpt lat="43.296497" lon="-3.845551"></trkpt>
<trkpt lat="43.297123" lon="-3.846157"></trkpt>
<trkpt lat="43.297324" lon="-3.846406"></trkpt>
<trkpt lat="43.297577" lon="-3.846870"></trkpt>
<trkpt lat="43.297744" lon="-3.847324"></trkpt>
<trkpt lat="43.298050" lon="-3.848294"></trkpt>
<trkpt lat="43.298108" lon="-3.848608"></trkpt>
<trkpt lat="43.298140" lon="-3.849035"></trkpt>
<trkpt lat="43.298148" lon="-3.849882"></trkpt>
<trkpt lat="43.298107" lon="-3.850309"></trkpt>
<trkpt lat="43.297978" lon="-3.850853"></trkpt>
<trkpt lat="43.297742" lon="-3.851650"></trkpt>
<trkpt lat="43.297657" lon="-3.852180"></trkpt>
<trkpt lat="43.297649" lon="-3.852467"></trkpt>
<trkpt lat="43.297736" lon="-3.853474"></trkpt>
<trkpt lat="43.297831" lon="-3.853903"></trkpt>
<trkpt lat="43.297902" lon="-3.854085"></trkpt>
<trkpt lat="43.298016" lon="-3.854281"></trkpt>
<trkpt lat="43.298225" lon="-3.854525"></trkpt>
<trkpt lat="43.298510" lon="-3.854731"></trkpt>
<trkpt lat="43.298842" lon="-3.854879"></trkpt>
<trkpt lat="43.299168" lon="-3.854954"></trkpt>
<trkpt lat="43.299461" lon="-3.854943"></trkpt>
<trkpt lat="43.299707" lon="-3.854863"></trkpt>
<trkpt lat="43.300082" lon="-3.854648"></trkpt>
<trkpt lat="43.301575" lon="-3.853798"></trkpt>
<trkpt lat="43.301897" lon="-3.853672"></trkpt>
<trkpt lat="43.302260" lon="-3.853583"></trkpt>
<trkpt lat="43.302604" lon="-3.853559"></trkpt>
<trkpt lat="43.302979" lon="-3.853586"></trkpt>
<trkpt lat="43.303935" lon="-3.853758"></trkpt>
<trkpt lat="43.304711" lon="-3.853848"></trkpt>
<trkpt lat="43.305061" lon="-3.853870"></trkpt>
<trkpt lat="43.305723" lon="-3.853885"></trkpt>
<trkpt lat="43.306775" lon="-3.853815"></trkpt>
<trkpt lat="43.307640" lon="-3.853752"></trkpt>
<trkpt lat="43.308040" lon="-3.853723"></trkpt>
<trkpt lat="43.308086" lon="-3.853720"></trkpt>
<trkpt lat="43.308268" lon="-3.853708"></trkpt>
<trkpt lat="43.309016" lon="-3.853652"></trkpt>
<trkpt lat="43.309438" lon="-3.853620"></trkpt>
<trkpt lat="43.309688" lon="-3.853606"></trkpt>
<trkpt lat="43.309868" lon="-3.853611"></trkpt>
<trkpt lat="43.310094" lon="-3.853635"></trkpt>
<trkpt lat="43.310309" lon="-3.853661"></trkpt>
<trkpt lat="43.310437" lon="-3.853676"></trkpt>
<trkpt lat="43.310581" lon="-3.853694"></trkpt>
<trkpt lat="43.310645" lon="-3.853701"></trkpt>
<trkpt lat="43.310910" lon="-3.853733"></trkpt>
<trkpt lat="43.311051" lon="-3.853750"></trkpt>
<trkpt lat="43.311396" lon="-3.853793"></trkpt>
<trkpt lat="43.311738" lon="-3.853833"></trkpt>
<trkpt lat="43.311973" lon="-3.853862"></trkpt>
<trkpt lat="43.311986" lon="-3.853864"></trkpt>
<trkpt lat="43.312416" lon="-3.853915"></trkpt>
<trkpt lat="43.312796" lon="-3.853962"></trkpt>
<trkpt lat="43.312868" lon="-3.853970"></trkpt>
<trkpt lat="43.313292" lon="-3.854022"></trkpt>
<trkpt lat="43.313542" lon="-3.854055"></trkpt>
<trkpt lat="43.313636" lon="-3.854072"></trkpt>
<trkpt lat="43.313751" lon="-3.854093"></trkpt>
<trkpt lat="43.314461" lon="-3.854296"></trkpt>
<trkpt lat="43.314864" lon="-3.854417"></trkpt>
<trkpt lat="43.314916" lon="-3.854432"></trkpt>
<trkpt lat="43.315400" lon="-3.854582"></trkpt>
<trkpt lat="43.315694" lon="-3.854678"></trkpt>
<trkpt lat="43.316024" lon="-3.854773"></trkpt>
<trkpt lat="43.316159" lon="-3.854761"></trkpt>
<trkpt lat="43.316909" lon="-3.854436"></trkpt>
<trkpt lat="43.317144" lon="-3.854336"></trkpt>
<trkpt lat="43.317354" lon="-3.854259"></trkpt>
<trkpt lat="43.317886" lon="-3.854081"></trkpt>
<trkpt lat="43.317916" lon="-3.854072"></trkpt>
<trkpt lat="43.318463" lon="-3.853896"></trkpt>
<trkpt lat="43.318644" lon="-3.853839"></trkpt>
<trkpt lat="43.319386" lon="-3.853602"></trkpt>
<trkpt lat="43.319612" lon="-3.853528"></trkpt>
<trkpt lat="43.319732" lon="-3.853490"></trkpt>
<trkpt lat="43.319882" lon="-3.853441"></trkpt>
<trkpt lat="43.320242" lon="-3.853342"></trkpt>
<trkpt lat="43.320928" lon="-3.853219"></trkpt>
<trkpt lat="43.321106" lon="-3.853202"></trkpt>
<trkpt lat="43.321154" lon="-3.853197"></trkpt>
<trkpt lat="43.321191" lon="-3.853194"></trkpt>
<trkpt lat="43.321269" lon="-3.853187"></trkpt>
<trkpt lat="43.321385" lon="-3.853176"></trkpt>
<trkpt lat="43.321455" lon="-3.853169"></trkpt>
<trkpt lat="43.321524" lon="-3.853162"></trkpt>
<trkpt lat="43.321612" lon="-3.853154"></trkpt>
<trkpt lat="43.321805" lon="-3.853134"></trkpt>
<trkpt lat="43.321840" lon="-3.853131"></trkpt>
<trkpt lat="43.322044" lon="-3.853111"></trkpt>
<trkpt lat="43.322114" lon="-3.853103"></trkpt>
<trkpt lat="43.322696" lon="-3.853046"></trkpt>
<trkpt lat="43.322784" lon="-3.853030"></trkpt>
<trkpt lat="43.322866" lon="-3.853014"></trkpt>
<trkpt lat="43.323328" lon="-3.852915"></trkpt>
<trkpt lat="43.323412" lon="-3.852892"></trkpt>
<trkpt lat="43.323676" lon="-3.852824"></trkpt>
<trkpt lat="43.323838" lon="-3.852777"></trkpt>
<trkpt lat="43.324053" lon="-3.852715"></trkpt>
<trkpt lat="43.324214" lon="-3.852668"></trkpt>
<trkpt lat="43.324274" lon="-3.852651"></trkpt>
<trkpt lat="43.324457" lon="-3.852599"></trkpt>
<trkpt lat="43.324554" lon="-3.852572"></trkpt>
<trkpt lat="43.325007" lon="-3.852443"></trkpt>
<trkpt lat="43.325285" lon="-3.852359"></trkpt>
<trkpt lat="43.325352" lon="-3.852339"></trkpt>
<trkpt lat="43.325426" lon="-3.852317"></trkpt>
<trkpt lat="43.325674" lon="-3.852242"></trkpt>
<trkpt lat="43.325959" lon="-3.852161"></trkpt>
<trkpt lat="43.325972" lon="-3.852157"></trkpt>
<trkpt lat="43.326120" lon="-3.852115"></trkpt>
<trkpt lat="43.326150" lon="-3.852106"></trkpt>
<trkpt lat="43.326362" lon="-3.852046"></trkpt>
<trkpt lat="43.326572" lon="-3.851985"></trkpt>
<trkpt lat="43.326687" lon="-3.851953"></trkpt>
<trkpt lat="43.326750" lon="-3.851936"></trkpt>
<trkpt lat="43.327009" lon="-3.851864"></trkpt>
<trkpt lat="43.327172" lon="-3.851819"></trkpt>
<trkpt lat="43.327203" lon="-3.851810"></trkpt>
<trkpt lat="43.327902" lon="-3.851613"></trkpt>
<trkpt lat="43.327970" lon="-3.851594"></trkpt>
<trkpt lat="43.328228" lon="-3.851521"></trkpt>
<trkpt lat="43.328391" lon="-3.851474"></trkpt>
<trkpt lat="43.328611" lon="-3.851412"></trkpt>
<trkpt lat="43.328630" lon="-3.851406"></trkpt>
<trkpt lat="43.328667" lon="-3.851396"></trkpt>
<trkpt lat="43.328830" lon="-3.851349"></trkpt>
<trkpt lat="43.328947" lon="-3.851315"></trkpt>
<trkpt lat="43.329228" lon="-3.851230"></trkpt>
<trkpt lat="43.329850" lon="-3.851055"></trkpt>
<trkpt lat="43.329943" lon="-3.851029"></trkpt>
<trkpt lat="43.329935" lon="-3.850964"></trkpt>
<trkpt lat="43.330008" lon="-3.850891"></trkpt>
<trkpt lat="43.330078" lon="-3.850743"></trkpt>
<trkpt lat="43.330161" lon="-3.850648"></trkpt>
<trkpt lat="43.330204" lon="-3.850526"></trkpt>
<trkpt lat="43.330248" lon="-3.850533"></trkpt>
<trkpt lat="43.330252" lon="-3.850515"></trkpt>
<trkpt lat="43.330317" lon="-3.850120"></trkpt>
<trkpt lat="43.331498" lon="-3.847092"></trkpt>
<trkpt lat="43.331714" lon="-3.846378"></trkpt>
<trkpt lat="43.331863" lon="-3.845709"></trkpt>
<trkpt lat="43.331946" lon="-3.845728"></trkpt>
<trkpt lat="43.332017" lon="-3.845746"></trkpt>
<trkpt lat="43.333358" lon="-3.846050"></trkpt>
<trkpt lat="43.335290" lon="-3.846495"></trkpt>
<trkpt lat="43.335334" lon="-3.846469"></trkpt>
<trkpt lat="43.335730" lon="-3.847288"></trkpt>
<trkpt lat="43.335735" lon="-3.847344"></trkpt>
<trkpt lat="43.335556" lon="-3.848453"></trkpt>
<trkpt lat="43.335558" lon="-3.848622"></trkpt>
<trkpt lat="43.335619" lon="-3.848676"></trkpt>
<trkpt lat="43.336062" lon="-3.848786"></trkpt>
<trkpt lat="43.336419" lon="-3.848931"></trkpt>
<trkpt lat="43.337585" lon="-3.849272"></trkpt>
<trkpt lat="43.338057" lon="-3.849473"></trkpt>
<trkpt lat="43.338405" lon="-3.849660"></trkpt>
<trkpt lat="43.338755" lon="-3.849912"></trkpt>
<trkpt lat="43.339262" lon="-3.850373"></trkpt>
<trkpt lat="43.339630" lon="-3.850793"></trkpt>
<trkpt lat="43.339937" lon="-3.851230"></trkpt>
<trkpt lat="43.340251" lon="-3.851757"></trkpt>
<trkpt lat="43.340516" lon="-3.852312"></trkpt>
<trkpt lat="43.340768" lon="-3.853092"></trkpt>
<trkpt lat="43.340944" lon="-3.853751"></trkpt>
<trkpt lat="43.341453" lon="-3.855466"></trkpt>
<trkpt lat="43.341734" lon="-3.856595"></trkpt>
<trkpt lat="43.342130" lon="-3.858453"></trkpt>
<trkpt lat="43.342251" lon="-3.858989"></trkpt>
<trkpt lat="43.342412" lon="-3.859713"></trkpt>
<trkpt lat="43.342479" lon="-3.859971"></trkpt>
<trkpt lat="43.342555" lon="-3.860162"></trkpt>
<trkpt lat="43.342634" lon="-3.860315"></trkpt>
<trkpt lat="43.342844" lon="-3.860604"></trkpt>
<trkpt lat="43.342977" lon="-3.860732"></trkpt>
<trkpt lat="43.343128" lon="-3.860830"></trkpt>
<trkpt lat="43.343457" lon="-3.860972"></trkpt>
<trkpt lat="43.343793" lon="-3.861009"></trkpt>
<trkpt lat="43.344053" lon="-3.860911"></trkpt>
<trkpt lat="43.344250" lon="-3.860851"></trkpt>
<trkpt lat="43.344392" lon="-3.860841"></trkpt>
<trkpt lat="43.344693" lon="-3.860938"></trkpt>
<trkpt lat="43.345473" lon="-3.861288"></trkpt>
<trkpt lat="43.345830" lon="-3.861482"></trkpt>
<trkpt lat="43.347170" lon="-3.862431"></trkpt>
<trkpt lat="43.347415" lon="-3.862531"></trkpt>
<trkpt lat="43.347645" lon="-3.862558"></trkpt>
<trkpt lat="43.348117" lon="-3.862459"></trkpt>
<trkpt lat="43.348500" lon="-3.862341"></trkpt>
<trkpt lat="43.348573" lon="-3.862316"></trkpt>
<trkpt lat="43.349037" lon="-3.862132"></trkpt>
<trkpt lat="43.349097" lon="-3.862017"></trkpt>
<trkpt lat="43.349323" lon="-3.861805"></trkpt>
<trkpt lat="43.349897" lon="-3.860968"></trkpt>
<trkpt lat="43.350526" lon="-3.860052"></trkpt>
<trkpt lat="43.350685" lon="-3.859847"></trkpt>
<trkpt lat="43.350665" lon="-3.859726"></trkpt>
<trkpt lat="43.350745" lon="-3.859597"></trkpt>
<trkpt lat="43.350829" lon="-3.859278"></trkpt>
<trkpt lat="43.350839" lon="-3.858786"></trkpt>
<trkpt lat="43.350682" lon="-3.857581"></trkpt>
<trkpt lat="43.350628" lon="-3.857331"></trkpt>
<trkpt lat="43.350642" lon="-3.857125"></trkpt>
<trkpt lat="43.350716" lon="-3.856414"></trkpt>
<trkpt lat="43.350825" lon="-3.856020"></trkpt>
<trkpt lat="43.351261" lon="-3.855149"></trkpt>
<trkpt lat="43.351305" lon="-3.855064"></trkpt>
<trkpt lat="43.352000" lon="-3.853806"></trkpt>
<trkpt lat="43.352262" lon="-3.853439"></trkpt>
<trkpt lat="43.352786" lon="-3.853478"></trkpt>
<trkpt lat="43.353050" lon="-3.853577"></trkpt>
<trkpt lat="43.353135" lon="-3.853577"></trkpt>
<trkpt lat="43.353492" lon="-3.853374"></trkpt>
<trkpt lat="43.356308" lon="-3.853633"></trkpt>
<trkpt lat="43.356658" lon="-3.853664"></trkpt>
<trkpt lat="43.357505" lon="-3.853810"></trkpt>
<trkpt lat="43.358836" lon="-3.854255"></trkpt>
<trkpt lat="43.359271" lon="-3.854364"></trkpt>
<trkpt lat="43.360239" lon="-3.854548"></trkpt>
<trkpt lat="43.360548" lon="-3.854561"></trkpt>
<trkpt lat="43.361226" lon="-3.854567"></trkpt>
<trkpt lat="43.362038" lon="-3.854491"></trkpt>
<trkpt lat="43.362840" lon="-3.854297"></trkpt>
<trkpt lat="43.364568" lon="-3.853943"></trkpt>
<trkpt lat="43.366822" lon="-3.853486"></trkpt>
<trkpt lat="43.367088" lon="-3.853421"></trkpt>
<trkpt lat="43.367340" lon="-3.853316"></trkpt>
<trkpt lat="43.367667" lon="-3.853128"></trkpt>
<trkpt lat="43.367881" lon="-3.852932"></trkpt>
<trkpt lat="43.368198" lon="-3.852533"></trkpt>
<trkpt lat="43.368403" lon="-3.852202"></trkpt>
<trkpt lat="43.368566" lon="-3.851857"></trkpt>
<trkpt lat="43.368696" lon="-3.851431"></trkpt>
<trkpt lat="43.368909" lon="-3.850573"></trkpt>
<trkpt lat="43.369106" lon="-3.849903"></trkpt>
<trkpt lat="43.369283" lon="-3.849525"></trkpt>
<trkpt lat="43.369550" lon="-3.849133"></trkpt>
<trkpt lat="43.369685" lon="-3.848988"></trkpt>
<trkpt lat="43.369761" lon="-3.848914"></trkpt>
<trkpt lat="43.370204" lon="-3.848638"></trkpt>
<trkpt lat="43.370658" lon="-3.848524"></trkpt>
<trkpt lat="43.371153" lon="-3.848582"></trkpt>
<trkpt lat="43.371304" lon="-3.848646"></trkpt>
<trkpt lat="43.371499" lon="-3.848761"></trkpt>
<trkpt lat="43.373365" lon="-3.849971"></trkpt>
<trkpt lat="43.373593" lon="-3.850063"></trkpt>
<trkpt lat="43.373976" lon="-3.850101"></trkpt>
<trkpt lat="43.374214" lon="-3.850086"></trkpt>
<trkpt lat="43.374396" lon="-3.850022"></trkpt>
<trkpt lat="43.374763" lon="-3.849822"></trkpt>
<trkpt lat="43.375596" lon="-3.849086"></trkpt>
<trkpt lat="43.376036" lon="-3.848650"></trkpt>
<trkpt lat="43.376198" lon="-3.848525"></trkpt>
<trkpt lat="43.376656" lon="-3.848269"></trkpt>
<trkpt lat="43.377378" lon="-3.848094"></trkpt>
<trkpt lat="43.377733" lon="-3.848108"></trkpt>
<trkpt lat="43.378301" lon="-3.848281"></trkpt>
<trkpt lat="43.378811" lon="-3.848505"></trkpt>
<trkpt lat="43.379108" lon="-3.848566"></trkpt>
<trkpt lat="43.379639" lon="-3.848501"></trkpt>
<trkpt lat="43.379829" lon="-3.848427"></trkpt>
<trkpt lat="43.380037" lon="-3.848303"></trkpt>
<trkpt lat="43.380194" lon="-3.848189"></trkpt>
<trkpt lat="43.380439" lon="-3.847945"></trkpt>
<trkpt lat="43.380669" lon="-3.847586"></trkpt>
<trkpt lat="43.380700" lon="-3.847525"></trkpt>
<trkpt lat="43.380862" lon="-3.847159"></trkpt>
<trkpt lat="43.380954" lon="-3.846854"></trkpt>
<trkpt lat="43.380991" lon="-3.846692"></trkpt>
<trkpt lat="43.381039" lon="-3.846249"></trkpt>
<trkpt lat="43.380960" lon="-3.844903"></trkpt>
<trkpt lat="43.380909" lon="-3.844402"></trkpt>
<trkpt lat="43.380905" lon="-3.844067"></trkpt>
<trkpt lat="43.380935" lon="-3.843717"></trkpt>
<trkpt lat="43.381118" lon="-3.843123"></trkpt>
<trkpt lat="43.382064" lon="-3.840908"></trkpt>
<trkpt lat="43.382528" lon="-3.839914"></trkpt>
<trkpt lat="43.383099" lon="-3.838901"></trkpt>
<trkpt lat="43.383651" lon="-3.838040"></trkpt>
<trkpt lat="43.384575" lon="-3.836700"></trkpt>
<trkpt lat="43.384714" lon="-3.836541"></trkpt>
<trkpt lat="43.384989" lon="-3.835949"></trkpt>
<trkpt lat="43.385055" lon="-3.835973"></trkpt>
<trkpt lat="43.387375" lon="-3.832516"></trkpt>
<trkpt lat="43.388087" lon="-3.831460"></trkpt>
<trkpt lat="43.389008" lon="-3.830071"></trkpt>
<trkpt lat="43.389202" lon="-3.829823"></trkpt>
<trkpt lat="43.389704" lon="-3.829406"></trkpt>
<trkpt lat="43.391017" lon="-3.828759"></trkpt>
<trkpt lat="43.391651" lon="-3.828443"></trkpt>
<trkpt lat="43.391948" lon="-3.828295"></trkpt>
<trkpt lat="43.394004" lon="-3.827274"></trkpt>
<trkpt lat="43.394188" lon="-3.827174"></trkpt>
<trkpt lat="43.394728" lon="-3.826900"></trkpt>
<trkpt lat="43.394912" lon="-3.826747"></trkpt>
<trkpt lat="43.395187" lon="-3.826398"></trkpt>
<trkpt lat="43.395379" lon="-3.825993"></trkpt>
<trkpt lat="43.395658" lon="-3.825011"></trkpt>
<trkpt lat="43.395671" lon="-3.824966"></trkpt>
<trkpt lat="43.396067" lon="-3.823501"></trkpt>
<trkpt lat="43.396161" lon="-3.823151"></trkpt>
<trkpt lat="43.396339" lon="-3.822493"></trkpt>
<trkpt lat="43.396612" lon="-3.821534"></trkpt>
<trkpt lat="43.396622" lon="-3.821503"></trkpt>
<trkpt lat="43.396637" lon="-3.821453"></trkpt>
<trkpt lat="43.396650" lon="-3.821405"></trkpt>
<trkpt lat="43.396721" lon="-3.821148"></trkpt>
<trkpt lat="43.396904" lon="-3.820482"></trkpt>
<trkpt lat="43.397034" lon="-3.820109"></trkpt>
<trkpt lat="43.397047" lon="-3.820077"></trkpt>
<trkpt lat="43.397098" lon="-3.819973"></trkpt>
<trkpt lat="43.397087" lon="-3.819663"></trkpt>
<trkpt lat="43.397074" lon="-3.819599"></trkpt>
<trkpt lat="43.397098" lon="-3.819552"></trkpt>
<trkpt lat="43.397151" lon="-3.819483"></trkpt>
<trkpt lat="43.397098" lon="-3.819552"></trkpt>
<trkpt lat="43.397227" lon="-3.819683"></trkpt>
<trkpt lat="43.397279" lon="-3.819687"></trkpt>
<trkpt lat="43.397321" lon="-3.819729"></trkpt>
<trkpt lat="43.397341" lon="-3.819818"></trkpt>
<trkpt lat="43.397334" lon="-3.819869"></trkpt>
<trkpt lat="43.397442" lon="-3.820138"></trkpt>
<trkpt lat="43.397994" lon="-3.821083"></trkpt>
<trkpt lat="43.398183" lon="-3.821308"></trkpt>
<trkpt lat="43.398314" lon="-3.821383"></trkpt>
<trkpt lat="43.398361" lon="-3.821381"></trkpt>
<trkpt lat="43.398413" lon="-3.821445"></trkpt>
<trkpt lat="43.398405" lon="-3.821539"></trkpt>
<trkpt lat="43.398497" lon="-3.821759"></trkpt>
<trkpt lat="43.398512" lon="-3.821778"></trkpt>
<trkpt lat="43.398571" lon="-3.821875"></trkpt>
<trkpt lat="43.398686" lon="-3.822040"></trkpt>
<trkpt lat="43.398790" lon="-3.822186"></trkpt>
<trkpt lat="43.398939" lon="-3.822348"></trkpt>
<trkpt lat="43.399114" lon="-3.822538"></trkpt>
<trkpt lat="43.399423" lon="-3.822807"></trkpt>
<trkpt lat="43.399488" lon="-3.822893"></trkpt>
<trkpt lat="43.399884" lon="-3.823586"></trkpt>
<trkpt lat="43.400221" lon="-3.824205"></trkpt>
<trkpt lat="43.400504" lon="-3.824740"></trkpt>
<trkpt lat="43.400597" lon="-3.824916"></trkpt>
<trkpt lat="43.400641" lon="-3.825003"></trkpt>
<trkpt lat="43.400740" lon="-3.825136"></trkpt>
<trkpt lat="43.400769" lon="-3.825134"></trkpt>
<trkpt lat="43.400839" lon="-3.825208"></trkpt>
<trkpt lat="43.400840" lon="-3.825291"></trkpt>
<trkpt lat="43.400816" lon="-3.825340"></trkpt>
<trkpt lat="43.400817" lon="-3.825541"></trkpt>
<trkpt lat="43.400833" lon="-3.825603"></trkpt>
<trkpt lat="43.400952" lon="-3.826062"></trkpt>
<trkpt lat="43.401064" lon="-3.826398"></trkpt>
<trkpt lat="43.401205" lon="-3.826700"></trkpt>
<trkpt lat="43.401906" lon="-3.827708"></trkpt>
<trkpt lat="43.402196" lon="-3.828110"></trkpt>
<trkpt lat="43.402611" lon="-3.828895"></trkpt>
<trkpt lat="43.402842" lon="-3.829317"></trkpt>
<trkpt lat="43.402922" lon="-3.829464"></trkpt>
<trkpt lat="43.403073" lon="-3.829850"></trkpt>
<trkpt lat="43.403084" lon="-3.829897"></trkpt>
<trkpt lat="43.403139" lon="-3.830253"></trkpt>
<trkpt lat="43.403178" lon="-3.830483"></trkpt>
<trkpt lat="43.403279" lon="-3.830810"></trkpt>
<trkpt lat="43.403551" lon="-3.831183"></trkpt>
<trkpt lat="43.403615" lon="-3.831262"></trkpt>
<trkpt lat="43.403930" lon="-3.831660"></trkpt>
<trkpt lat="43.404159" lon="-3.832043"></trkpt>
<trkpt lat="43.404221" lon="-3.832223"></trkpt>
<trkpt lat="43.404503" lon="-3.833838"></trkpt>
<trkpt lat="43.404544" lon="-3.834113"></trkpt>
<trkpt lat="43.404562" lon="-3.834235"></trkpt>
<trkpt lat="43.404684" lon="-3.835016"></trkpt>
<trkpt lat="43.404732" lon="-3.835322"></trkpt>
<trkpt lat="43.404913" lon="-3.836428"></trkpt>
<trkpt lat="43.404981" lon="-3.836716"></trkpt>
<trkpt lat="43.405158" lon="-3.836987"></trkpt>
<trkpt lat="43.405242" lon="-3.837020"></trkpt>
<trkpt lat="43.405315" lon="-3.837102"></trkpt>
<trkpt lat="43.405352" lon="-3.837311"></trkpt>
<trkpt lat="43.405335" lon="-3.837391"></trkpt>
<trkpt lat="43.405295" lon="-3.837476"></trkpt>
<trkpt lat="43.405231" lon="-3.837522"></trkpt>
<trkpt lat="43.405161" lon="-3.837572"></trkpt>
<trkpt lat="43.405066" lon="-3.837561"></trkpt>
<trkpt lat="43.404947" lon="-3.837440"></trkpt>
<trkpt lat="43.404922" lon="-3.837318"></trkpt>
<trkpt lat="43.404958" lon="-3.837122"></trkpt>
<trkpt lat="43.405007" lon="-3.837052"></trkpt>
<trkpt lat="43.405074" lon="-3.837000"></trkpt>
<trkpt lat="43.405158" lon="-3.836987"></trkpt>
<trkpt lat="43.405242" lon="-3.837020"></trkpt>
<trkpt lat="43.405315" lon="-3.837102"></trkpt>
<trkpt lat="43.405599" lon="-3.837200"></trkpt>
<trkpt lat="43.405797" lon="-3.837197"></trkpt>
<trkpt lat="43.406132" lon="-3.837260"></trkpt>
<trkpt lat="43.407422" lon="-3.837805"></trkpt>
<trkpt lat="43.407751" lon="-3.837877"></trkpt>
<trkpt lat="43.408043" lon="-3.837897"></trkpt>
<trkpt lat="43.408367" lon="-3.837867"></trkpt>
<trkpt lat="43.408823" lon="-3.837751"></trkpt>
<trkpt lat="43.409208" lon="-3.837562"></trkpt>
<trkpt lat="43.409503" lon="-3.837357"></trkpt>
<trkpt lat="43.409805" lon="-3.837081"></trkpt>
<trkpt lat="43.410463" lon="-3.836277"></trkpt>
<trkpt lat="43.410503" lon="-3.836216"></trkpt>
<trkpt lat="43.410592" lon="-3.836078"></trkpt>
<trkpt lat="43.410654" lon="-3.835843"></trkpt>
<trkpt lat="43.410651" lon="-3.835758"></trkpt>
<trkpt lat="43.410678" lon="-3.835637"></trkpt>
<trkpt lat="43.410744" lon="-3.835539"></trkpt>
<trkpt lat="43.410778" lon="-3.835519"></trkpt>
<trkpt lat="43.410857" lon="-3.835483"></trkpt>
<trkpt lat="43.410919" lon="-3.835491"></trkpt>
<trkpt lat="43.411043" lon="-3.835428"></trkpt>
<trkpt lat="43.411112" lon="-3.835352"></trkpt>
<trkpt lat="43.411169" lon="-3.835236"></trkpt>
<trkpt lat="43.411401" lon="-3.834745"></trkpt>
<trkpt lat="43.411467" lon="-3.834626"></trkpt>
<trkpt lat="43.411537" lon="-3.834510"></trkpt>
<trkpt lat="43.411644" lon="-3.834404"></trkpt>
<trkpt lat="43.411678" lon="-3.834336"></trkpt>
<trkpt lat="43.411745" lon="-3.834316"></trkpt>
<trkpt lat="43.411767" lon="-3.834327"></trkpt>
<trkpt lat="43.411782" lon="-3.834340"></trkpt>
<trkpt lat="43.411900" lon="-3.834241"></trkpt>
<trkpt lat="43.412015" lon="-3.834166"></trkpt>
<trkpt lat="43.412384" lon="-3.833807"></trkpt>
<trkpt lat="43.412651" lon="-3.833441"></trkpt>
<trkpt lat="43.412805" lon="-3.833295"></trkpt>
<trkpt lat="43.412916" lon="-3.833235"></trkpt>
<trkpt lat="43.413475" lon="-3.833195"></trkpt>
<trkpt lat="43.413891" lon="-3.833191"></trkpt>
<trkpt lat="43.414369" lon="-3.833129"></trkpt>
<trkpt lat="43.414692" lon="-3.833172"></trkpt>
<trkpt lat="43.414898" lon="-3.833200"></trkpt>
<trkpt lat="43.415045" lon="-3.833194"></trkpt>
<trkpt lat="43.415176" lon="-3.833193"></trkpt>
<trkpt lat="43.415214" lon="-3.832141"></trkpt>
<trkpt lat="43.415515" lon="-3.832148"></trkpt>
<trkpt lat="43.415917" lon="-3.832076"></trkpt>
<trkpt lat="43.416004" lon="-3.832014"></trkpt>
<trkpt lat="43.416343" lon="-3.831606"></trkpt>
<trkpt lat="43.416398" lon="-3.831576"></trkpt>
<trkpt lat="43.416824" lon="-3.831520"></trkpt>
<trkpt lat="43.417238" lon="-3.831398"></trkpt>
<trkpt lat="43.417393" lon="-3.831175"></trkpt>
<trkpt lat="43.417459" lon="-3.831214"></trkpt>
<trkpt lat="43.417589" lon="-3.831224"></trkpt>
<trkpt lat="43.417666" lon="-3.831071"></trkpt>
<trkpt lat="43.417651" lon="-3.830902"></trkpt>
<trkpt lat="43.417667" lon="-3.830694"></trkpt>
<trkpt lat="43.418066" lon="-3.830544"></trkpt>
<trkpt lat="43.418363" lon="-3.830507"></trkpt>
<trkpt lat="43.418524" lon="-3.830530"></trkpt>
<trkpt lat="43.418625" lon="-3.830582"></trkpt>
<trkpt lat="43.418669" lon="-3.830519"></trkpt>
<trkpt lat="43.418879" lon="-3.830291"></trkpt>
<trkpt lat="43.419131" lon="-3.830073"></trkpt>
<trkpt lat="43.419375" lon="-3.830262"></trkpt>
<trkpt lat="43.419502" lon="-3.830405"></trkpt>
<trkpt lat="43.420245" lon="-3.830158"></trkpt>
<trkpt lat="43.420500" lon="-3.830019"></trkpt>
<trkpt lat="43.420622" lon="-3.829911"></trkpt>
<trkpt lat="43.420766" lon="-3.829717"></trkpt>
<trkpt lat="43.421253" lon="-3.829058"></trkpt>
<trkpt lat="43.421487" lon="-3.828790"></trkpt>
<trkpt lat="43.421566" lon="-3.828732"></trkpt>
<trkpt lat="43.421651" lon="-3.828710"></trkpt>
<trkpt lat="43.421761" lon="-3.828730"></trkpt>
<trkpt lat="43.422043" lon="-3.828845"></trkpt>
<trkpt lat="43.422170" lon="-3.828828"></trkpt>
<trkpt lat="43.422683" lon="-3.828673"></trkpt>
<trkpt lat="43.423438" lon="-3.828413"></trkpt>
<trkpt lat="43.423639" lon="-3.828305"></trkpt>
<trkpt lat="43.423657" lon="-3.828395"></trkpt>
<trkpt lat="43.423857" lon="-3.828255"></trkpt>
<trkpt lat="43.424377" lon="-3.828315"></trkpt>
<trkpt lat="43.424517" lon="-3.828558"></trkpt>
<trkpt lat="43.424624" lon="-3.828912"></trkpt>
<trkpt lat="43.424646" lon="-3.828924"></trkpt>
<trkpt lat="43.424693" lon="-3.828902"></trkpt>
<trkpt lat="43.424750" lon="-3.828876"></trkpt>
<trkpt lat="43.426153" lon="-3.833989"></trkpt>
<trkpt lat="43.426343" lon="-3.834501"></trkpt>
<trkpt lat="43.426586" lon="-3.834868"></trkpt>
<trkpt lat="43.426900" lon="-3.835236"></trkpt>
<trkpt lat="43.427232" lon="-3.835359"></trkpt>
<trkpt lat="43.427909" lon="-3.835512"></trkpt>
<trkpt lat="43.429524" lon="-3.835972"></trkpt>
<trkpt lat="43.430652" lon="-3.836198"></trkpt>
<trkpt lat="43.430828" lon="-3.836274"></trkpt>
<trkpt lat="43.432221" lon="-3.836514"></trkpt>
<trkpt lat="43.432636" lon="-3.836103"></trkpt>
<trkpt lat="43.432726" lon="-3.835888"></trkpt>
<trkpt lat="43.432715" lon="-3.835708"></trkpt>
<trkpt lat="43.432750" lon="-3.835692"></trkpt>
<trkpt lat="43.432792" lon="-3.835673"></trkpt>
<trkpt lat="43.432827" lon="-3.835657"></trkpt>
<trkpt lat="43.433057" lon="-3.836508"></trkpt>
<trkpt lat="43.433108" lon="-3.836579"></trkpt>
<trkpt lat="43.433190" lon="-3.836590"></trkpt>
<trkpt lat="43.433182" lon="-3.836661"></trkpt>
<trkpt lat="43.433175" lon="-3.836746"></trkpt>
<trkpt lat="43.433208" lon="-3.836766"></trkpt>
<trkpt lat="43.434437" lon="-3.837025"></trkpt>
<trkpt lat="43.435295" lon="-3.837172"></trkpt>
<trkpt lat="43.435306" lon="-3.837202"></trkpt>
<trkpt lat="43.435399" lon="-3.837191"></trkpt>
<trkpt lat="43.435507" lon="-3.837178"></trkpt>
<trkpt lat="43.435520" lon="-3.837546"></trkpt>
<trkpt lat="43.435515" lon="-3.838091"></trkpt>
<trkpt lat="43.435409" lon="-3.838831"></trkpt>
<trkpt lat="43.435403" lon="-3.838867"></trkpt>
<trkpt lat="43.435342" lon="-3.839235"></trkpt>
<trkpt lat="43.435216" lon="-3.839694"></trkpt>
<trkpt lat="43.435238" lon="-3.839780"></trkpt>
<trkpt lat="43.435283" lon="-3.839817"></trkpt>
<trkpt lat="43.435322" lon="-3.839849"></trkpt>
<trkpt lat="43.435671" lon="-3.840020"></trkpt>
<trkpt lat="43.436067" lon="-3.840029"></trkpt>
<trkpt lat="43.436180" lon="-3.839322"></trkpt>
<trkpt lat="43.436256" lon="-3.839052"></trkpt>
<trkpt lat="43.436315" lon="-3.839010"></trkpt>
<trkpt lat="43.436414" lon="-3.838790"></trkpt>
<trkpt lat="43.436582" lon="-3.838512"></trkpt>
<trkpt lat="43.436723" lon="-3.838341"></trkpt>
<trkpt lat="43.436917" lon="-3.838167"></trkpt>
<trkpt lat="43.437165" lon="-3.838021"></trkpt>
<trkpt lat="43.437292" lon="-3.837968"></trkpt>
<trkpt lat="43.438934" lon="-3.837652"></trkpt>
<trkpt lat="43.439181" lon="-3.837639"></trkpt>
<trkpt lat="43.439323" lon="-3.837750"></trkpt>
<trkpt lat="43.439508" lon="-3.838035"></trkpt>
<trkpt lat="43.439607" lon="-3.838255"></trkpt>
<trkpt lat="43.439707" lon="-3.838583"></trkpt>
<trkpt lat="43.439704" lon="-3.838668"></trkpt>
<trkpt lat="43.439702" lon="-3.838778"></trkpt>
<trkpt lat="43.439696" lon="-3.838878"></trkpt>
<trkpt lat="43.439695" lon="-3.838916"></trkpt>
<trkpt lat="43.439784" lon="-3.838958"></trkpt>
<trkpt lat="43.439898" lon="-3.839170"></trkpt>
<trkpt lat="43.439899" lon="-3.839205"></trkpt>
<trkpt lat="43.439949" lon="-3.839210"></trkpt>
<trkpt lat="43.440001" lon="-3.839215"></trkpt>
<trkpt lat="43.440055" lon="-3.839220"></trkpt>
<trkpt lat="43.440116" lon="-3.839225"></trkpt>
<trkpt lat="43.440148" lon="-3.839192"></trkpt>
<trkpt lat="43.440309" lon="-3.838893"></trkpt>
<trkpt lat="43.440377" lon="-3.838892"></trkpt>
<trkpt lat="43.440408" lon="-3.838892"></trkpt>
<trkpt lat="43.440408" lon="-3.838819"></trkpt>
<trkpt lat="43.440955" lon="-3.838842"></trkpt>
<trkpt lat="43.442634" lon="-3.838897"></trkpt>
<trkpt lat="43.442759" lon="-3.838833"></trkpt>
<trkpt lat="43.442843" lon="-3.838729"></trkpt>
<trkpt lat="43.442911" lon="-3.838734"></trkpt>
<trkpt lat="43.442982" lon="-3.838819"></trkpt>
<trkpt lat="43.444324" lon="-3.837855"></trkpt>
<trkpt lat="43.444907" lon="-3.837430"></trkpt>
<trkpt lat="43.445148" lon="-3.837254"></trkpt>
<trkpt lat="43.445661" lon="-3.836880"></trkpt>
<trkpt lat="43.445846" lon="-3.836745"></trkpt>
<trkpt lat="43.446269" lon="-3.836437"></trkpt>
<trkpt lat="43.446318" lon="-3.836353"></trkpt>
<trkpt lat="43.446313" lon="-3.836239"></trkpt>
<trkpt lat="43.446156" lon="-3.835824"></trkpt>
<trkpt lat="43.446197" lon="-3.835788"></trkpt>
<trkpt lat="43.446208" lon="-3.835775"></trkpt>
<trkpt lat="43.446144" lon="-3.835591"></trkpt>
<trkpt lat="43.446149" lon="-3.835528"></trkpt>
<trkpt lat="43.450702" lon="-3.830608"></trkpt>
<trkpt lat="43.450982" lon="-3.829639"></trkpt>
<trkpt lat="43.451024" lon="-3.829494"></trkpt>
<trkpt lat="43.451045" lon="-3.829503"></trkpt>
<trkpt lat="43.451097" lon="-3.829525"></trkpt>
<trkpt lat="43.451139" lon="-3.829546"></trkpt>
<trkpt lat="43.451177" lon="-3.829400"></trkpt>
<trkpt lat="43.451217" lon="-3.829376"></trkpt>
<trkpt lat="43.451240" lon="-3.829364"></trkpt>
<trkpt lat="43.451299" lon="-3.829175"></trkpt>
<trkpt lat="43.451351" lon="-3.829163"></trkpt>
<trkpt lat="43.451402" lon="-3.828976"></trkpt>
<trkpt lat="43.451466" lon="-3.828828"></trkpt>
<trkpt lat="43.451592" lon="-3.828497"></trkpt>
<trkpt lat="43.451620" lon="-3.828416"></trkpt>
<trkpt lat="43.451634" lon="-3.828377"></trkpt>
<trkpt lat="43.451708" lon="-3.828119"></trkpt>
<trkpt lat="43.451689" lon="-3.828062"></trkpt>
<trkpt lat="43.451682" lon="-3.828041"></trkpt>
<trkpt lat="43.451667" lon="-3.828006"></trkpt>
<trkpt lat="43.451728" lon="-3.827889"></trkpt>
<trkpt lat="43.451914" lon="-3.827756"></trkpt>
<trkpt lat="43.452051" lon="-3.827747"></trkpt>
<trkpt lat="43.452247" lon="-3.827833"></trkpt>
<trkpt lat="43.452323" lon="-3.827537"></trkpt>
<trkpt lat="43.452378" lon="-3.827326"></trkpt>
<trkpt lat="43.452446" lon="-3.827047"></trkpt>
<trkpt lat="43.452294" lon="-3.826862"></trkpt>
<trkpt lat="43.452266" lon="-3.826790"></trkpt>
<trkpt lat="43.452235" lon="-3.826588"></trkpt>
<trkpt lat="43.452244" lon="-3.826436"></trkpt>
<trkpt lat="43.452326" lon="-3.826205"></trkpt>
<trkpt lat="43.452382" lon="-3.826134"></trkpt>
<trkpt lat="43.452418" lon="-3.826088"></trkpt>
<trkpt lat="43.452515" lon="-3.825831"></trkpt>
<trkpt lat="43.452594" lon="-3.825550"></trkpt>
<trkpt lat="43.452598" lon="-3.825325"></trkpt>
<trkpt lat="43.452645" lon="-3.825245"></trkpt>
<trkpt lat="43.452616" lon="-3.825152"></trkpt>
<trkpt lat="43.452594" lon="-3.825080"></trkpt>
<trkpt lat="43.452574" lon="-3.825021"></trkpt>
<trkpt lat="43.452456" lon="-3.825095"></trkpt>
<trkpt lat="43.452387" lon="-3.825054"></trkpt>
<trkpt lat="43.452368" lon="-3.824999"></trkpt>
<trkpt lat="43.452667" lon="-3.823877"></trkpt>
<trkpt lat="43.452614" lon="-3.823847"></trkpt>
<trkpt lat="43.452626" lon="-3.823809"></trkpt>
<trkpt lat="43.452671" lon="-3.823643"></trkpt>
<trkpt lat="43.452933" lon="-3.822679"></trkpt>
<trkpt lat="43.452966" lon="-3.822566"></trkpt>
<trkpt lat="43.453218" lon="-3.821638"></trkpt>
<trkpt lat="43.453255" lon="-3.821506"></trkpt>
<trkpt lat="43.453264" lon="-3.821472"></trkpt>
<trkpt lat="43.453345" lon="-3.821176"></trkpt>
<trkpt lat="43.453425" lon="-3.820884"></trkpt>
<trkpt lat="43.453561" lon="-3.820388"></trkpt>
<trkpt lat="43.453714" lon="-3.819829"></trkpt>
<trkpt lat="43.453862" lon="-3.819290"></trkpt>
<trkpt lat="43.454110" lon="-3.818380"></trkpt>
<trkpt lat="43.454154" lon="-3.818226"></trkpt>
<trkpt lat="43.453993" lon="-3.818147"></trkpt>
<trkpt lat="43.453917" lon="-3.818109"></trkpt>
<trkpt lat="43.453891" lon="-3.818096"></trkpt>
<trkpt lat="43.453828" lon="-3.818062"></trkpt>
<trkpt lat="43.453705" lon="-3.818000"></trkpt>
<trkpt lat="43.453338" lon="-3.817815"></trkpt>
<trkpt lat="43.453243" lon="-3.817767"></trkpt>
<trkpt lat="43.452748" lon="-3.817517"></trkpt>
<trkpt lat="43.452671" lon="-3.817480"></trkpt>
<trkpt lat="43.452626" lon="-3.817458"></trkpt>
<trkpt lat="43.452475" lon="-3.817382"></trkpt>
<trkpt lat="43.452337" lon="-3.817312"></trkpt>
<trkpt lat="43.452517" lon="-3.816660"></trkpt>
<trkpt lat="43.453139" lon="-3.814367"></trkpt>
<trkpt lat="43.453139" lon="-3.814056"></trkpt>
<trkpt lat="43.453099" lon="-3.813968"></trkpt>
<trkpt lat="43.453094" lon="-3.813889"></trkpt>
<trkpt lat="43.453106" lon="-3.813836"></trkpt>
<trkpt lat="43.453166" lon="-3.813750"></trkpt>
<trkpt lat="43.453252" lon="-3.813731"></trkpt>
<trkpt lat="43.453328" lon="-3.813788"></trkpt>
<trkpt lat="43.453358" lon="-3.813845"></trkpt>
<trkpt lat="43.453362" lon="-3.813949"></trkpt>
<trkpt lat="43.453436" lon="-3.814114"></trkpt>
<trkpt lat="43.453502" lon="-3.814188"></trkpt>
<trkpt lat="43.453512" lon="-3.814154"></trkpt>
<trkpt lat="43.453420" lon="-3.814021"></trkpt>
<trkpt lat="43.453389" lon="-3.813860"></trkpt>
<trkpt lat="43.453420" lon="-3.813658"></trkpt>
<trkpt lat="43.453502" lon="-3.813534"></trkpt>
<trkpt lat="43.453484" lon="-3.813499"></trkpt>
<trkpt lat="43.453474" lon="-3.813481"></trkpt>
<trkpt lat="43.453460" lon="-3.813414"></trkpt>
<trkpt lat="43.453646" lon="-3.813137"></trkpt>
<trkpt lat="43.455683" lon="-3.811272"></trkpt>
<trkpt lat="43.455763" lon="-3.811139"></trkpt>
<trkpt lat="43.455898" lon="-3.811014"></trkpt>
<trkpt lat="43.456272" lon="-3.810673"></trkpt>
<trkpt lat="43.456533" lon="-3.810435"></trkpt>
<trkpt lat="43.457451" lon="-3.809531"></trkpt>
<trkpt lat="43.457718" lon="-3.809188"></trkpt>
<trkpt lat="43.458033" lon="-3.808705"></trkpt>
<trkpt lat="43.458319" lon="-3.808120"></trkpt>
<trkpt lat="43.458370" lon="-3.807976"></trkpt>
<trkpt lat="43.459257" lon="-3.806786"></trkpt>
<trkpt lat="43.459334" lon="-3.806722"></trkpt>
<trkpt lat="43.459688" lon="-3.806259"></trkpt>
<trkpt lat="43.459821" lon="-3.806026"></trkpt>
<trkpt lat="43.459919" lon="-3.805687"></trkpt>
<trkpt lat="43.459903" lon="-3.805511"></trkpt>
<trkpt lat="43.459882" lon="-3.805423"></trkpt>
<trkpt lat="43.459629" lon="-3.805005"></trkpt>
<trkpt lat="43.459600" lon="-3.804912"></trkpt>
<trkpt lat="43.459600" lon="-3.804825"></trkpt>
<trkpt lat="43.459631" lon="-3.804733"></trkpt>
<trkpt lat="43.459791" lon="-3.804538"></trkpt>
<trkpt lat="43.459868" lon="-3.804444"></trkpt>
<trkpt lat="43.459876" lon="-3.804434"></trkpt>
<trkpt lat="43.460171" lon="-3.804075"></trkpt>
<trkpt lat="43.460301" lon="-3.803917"></trkpt>
<trkpt lat="43.460504" lon="-3.803633"></trkpt>
<trkpt lat="43.460672" lon="-3.803316"></trkpt>
<trkpt lat="43.460688" lon="-3.803286"></trkpt>
<trkpt lat="43.460786" lon="-3.803214"></trkpt>
<trkpt lat="43.461002" lon="-3.803149"></trkpt>
<trkpt lat="43.461020" lon="-3.803139"></trkpt>
<trkpt lat="43.461477" lon="-3.802289"></trkpt>
<trkpt lat="43.461590" lon="-3.802159"></trkpt>
<trkpt lat="43.461667" lon="-3.801902"></trkpt>
<trkpt lat="43.461740" lon="-3.801458"></trkpt>
<trkpt lat="43.461796" lon="-3.800867"></trkpt>
<trkpt lat="43.461960" lon="-3.799136"></trkpt>
<trkpt lat="43.462082" lon="-3.797763"></trkpt>
<trkpt lat="43.462091" lon="-3.797616"></trkpt>
<trkpt lat="43.462132" lon="-3.797400"></trkpt>
<trkpt lat="43.462502" lon="-3.796780"></trkpt>
<trkpt lat="43.462573" lon="-3.796639"></trkpt>
<trkpt lat="43.462570" lon="-3.796590"></trkpt>
<trkpt lat="43.462568" lon="-3.796575"></trkpt>
<trkpt lat="43.462696" lon="-3.796326"></trkpt>
<trkpt lat="43.462713" lon="-3.796320"></trkpt>
<trkpt lat="43.462801" lon="-3.796232"></trkpt>
<trkpt lat="43.462842" lon="-3.796125"></trkpt>
<trkpt lat="43.462886" lon="-3.795790"></trkpt>
<trkpt lat="43.462875" lon="-3.795647"></trkpt>
<trkpt lat="43.462704" lon="-3.793466"></trkpt>
<trkpt lat="43.462592" lon="-3.791919"></trkpt>
<trkpt lat="43.462567" lon="-3.791567"></trkpt>
<trkpt lat="43.462607" lon="-3.791563"></trkpt>
<trkpt lat="43.462651" lon="-3.791555"></trkpt>
<trkpt lat="43.462698" lon="-3.791654"></trkpt>
<trkpt lat="43.462797" lon="-3.791667"></trkpt>
<trkpt lat="43.462851" lon="-3.791628"></trkpt>
<trkpt lat="43.462913" lon="-3.791469"></trkpt>
<trkpt lat="43.463200" lon="-3.790898"></trkpt>
<trkpt lat="43.463302" lon="-3.790568"></trkpt>
<trkpt lat="43.463379" lon="-3.790145"></trkpt>
<trkpt lat="43.463453" lon="-3.789516"></trkpt>
<trkpt lat="43.463460" lon="-3.788945"></trkpt>
<trkpt lat="43.463454" lon="-3.787841"></trkpt>
<trkpt lat="43.463485" lon="-3.787460"></trkpt>
<trkpt lat="43.463499" lon="-3.787339"></trkpt>
<trkpt lat="43.463635" lon="-3.786192"></trkpt>
<trkpt lat="43.463690" lon="-3.785938"></trkpt>
<trkpt lat="43.464441" lon="-3.783138"></trkpt>
<trkpt lat="43.464875" lon="-3.781560"></trkpt>
<trkpt lat="43.464963" lon="-3.781338"></trkpt>
<trkpt lat="43.465108" lon="-3.781138"></trkpt>
<trkpt lat="43.465526" lon="-3.780735"></trkpt>
<trkpt lat="43.466054" lon="-3.779876"></trkpt>
<trkpt lat="43.466237" lon="-3.779609"></trkpt>
<trkpt lat="43.467810" lon="-3.776272"></trkpt>
<trkpt lat="43.468012" lon="-3.775965"></trkpt>
<trkpt lat="43.468088" lon="-3.775907"></trkpt>
<trkpt lat="43.468125" lon="-3.775910"></trkpt>
<trkpt lat="43.468279" lon="-3.775928"></trkpt>
<trkpt lat="43.468392" lon="-3.775976"></trkpt>
<trkpt lat="43.468435" lon="-3.776001"></trkpt>
<trkpt lat="43.468536" lon="-3.776192"></trkpt>
<trkpt lat="43.468582" lon="-3.776220"></trkpt>
<trkpt lat="43.468791" lon="-3.776494"></trkpt>
<trkpt lat="43.468815" lon="-3.776595"></trkpt>
<trkpt lat="43.468886" lon="-3.776704"></trkpt>
<trkpt lat="43.469067" lon="-3.776898"></trkpt>
<trkpt lat="43.469245" lon="-3.777014"></trkpt>
<trkpt lat="43.469549" lon="-3.777149"></trkpt>
<trkpt lat="43.469683" lon="-3.777169"></trkpt>
<trkpt lat="43.469797" lon="-3.777239"></trkpt>
<trkpt lat="43.470414" lon="-3.777493"></trkpt>
<trkpt lat="43.470683" lon="-3.777696"></trkpt>
<trkpt lat="43.470770" lon="-3.777803"></trkpt>
<trkpt lat="43.470933" lon="-3.778076"></trkpt>
<trkpt lat="43.471029" lon="-3.778355"></trkpt>
<trkpt lat="43.471116" lon="-3.778533"></trkpt>
<trkpt lat="43.471109" lon="-3.778704"></trkpt>
<trkpt lat="43.471208" lon="-3.779086"></trkpt>
<trkpt lat="43.471220" lon="-3.779236"></trkpt>
<trkpt lat="43.471269" lon="-3.779465"></trkpt>
<trkpt lat="43.471452" lon="-3.780320"></trkpt>
<trkpt lat="43.471578" lon="-3.780892"></trkpt>
<trkpt lat="43.471627" lon="-3.781017"></trkpt>
<trkpt lat="43.471633" lon="-3.781045"></trkpt>
<trkpt lat="43.471671" lon="-3.781268"></trkpt>
<trkpt lat="43.471791" lon="-3.781571"></trkpt>
<trkpt lat="43.471924" lon="-3.781792"></trkpt>
<trkpt lat="43.472178" lon="-3.782033"></trkpt>
<trkpt lat="43.472222" lon="-3.782121"></trkpt>
<trkpt lat="43.472283" lon="-3.782196"></trkpt>
<trkpt lat="43.472376" lon="-3.782310"></trkpt>
<trkpt lat="43.472419" lon="-3.782408"></trkpt>
<trkpt lat="43.472490" lon="-3.782486"></trkpt>
<trkpt lat="43.472676" lon="-3.782719"></trkpt>
<trkpt lat="43.472721" lon="-3.782768"></trkpt>
<trkpt lat="43.473597" lon="-3.784318"></trkpt>
<trkpt lat="43.473791" lon="-3.784606"></trkpt>
<trkpt lat="43.473857" lon="-3.784668"></trkpt>
<trkpt lat="43.473949" lon="-3.784798"></trkpt>
<trkpt lat="43.474049" lon="-3.784882"></trkpt>
<trkpt lat="43.474078" lon="-3.784910"></trkpt>
<trkpt lat="43.474317" lon="-3.785078"></trkpt>
<trkpt lat="43.474342" lon="-3.785128"></trkpt>
<trkpt lat="43.474650" lon="-3.785371"></trkpt>
<trkpt lat="43.474863" lon="-3.785609"></trkpt>
<trkpt lat="43.474987" lon="-3.785839"></trkpt>
<trkpt lat="43.475097" lon="-3.785962"></trkpt>
<trkpt lat="43.475198" lon="-3.786058"></trkpt>
<trkpt lat="43.475387" lon="-3.786752"></trkpt>
<trkpt lat="43.475487" lon="-3.787140"></trkpt>
<trkpt lat="43.475625" lon="-3.787639"></trkpt>
<trkpt lat="43.475740" lon="-3.787616"></trkpt>
<trkpt lat="43.476049" lon="-3.787805"></trkpt>
<trkpt lat="43.476317" lon="-3.787969"></trkpt>
<trkpt lat="43.476294" lon="-3.788146"></trkpt>
<trkpt lat="43.476336" lon="-3.788227"></trkpt>
<trkpt lat="43.476318" lon="-3.788457"></trkpt>
<trkpt lat="43.476310" lon="-3.788565"></trkpt>
<trkpt lat="43.477725" lon="-3.788823"></trkpt>
<trkpt lat="43.478074" lon="-3.788876"></trkpt>
<trkpt lat="43.478125" lon="-3.788898"></trkpt>
<trkpt lat="43.478194" lon="-3.788918"></trkpt>
<trkpt lat="43.478938" lon="-3.789047"></trkpt>
<trkpt lat="43.479062" lon="-3.789068"></trkpt>
<trkpt lat="43.479381" lon="-3.789035"></trkpt>
<trkpt lat="43.479531" lon="-3.788968"></trkpt>
<trkpt lat="43.479577" lon="-3.788871"></trkpt>
<trkpt lat="43.479615" lon="-3.788843"></trkpt>
<trkpt lat="43.479654" lon="-3.788845"></trkpt>
<trkpt lat="43.479698" lon="-3.788846"></trkpt>
<trkpt lat="43.479762" lon="-3.788920"></trkpt>
<trkpt lat="43.479777" lon="-3.788974"></trkpt>
<trkpt lat="43.479779" lon="-3.789025"></trkpt>
<trkpt lat="43.479752" lon="-3.789118"></trkpt>
<trkpt lat="43.479678" lon="-3.789387"></trkpt>
<trkpt lat="43.479642" lon="-3.789505"></trkpt>
<trkpt lat="43.479606" lon="-3.789633"></trkpt>
<trkpt lat="43.479393" lon="-3.790227"></trkpt>
<trkpt lat="43.479208" lon="-3.790739"></trkpt>
<trkpt lat="43.479175" lon="-3.791008"></trkpt>
<trkpt lat="43.479228" lon="-3.791187"></trkpt>
<trkpt lat="43.479370" lon="-3.791266"></trkpt>
<trkpt lat="43.479425" lon="-3.791375"></trkpt>
<trkpt lat="43.479439" lon="-3.791505"></trkpt>
<trkpt lat="43.479361" lon="-3.791662"></trkpt>
<trkpt lat="43.479274" lon="-3.791880"></trkpt>
<trkpt lat="43.479225" lon="-3.791997"></trkpt>
<trkpt lat="43.479196" lon="-3.792356"></trkpt>
<trkpt lat="43.479179" lon="-3.792518"></trkpt>
<trkpt lat="43.479142" lon="-3.792755"></trkpt>
<trkpt lat="43.479128" lon="-3.792846"></trkpt>
<trkpt lat="43.479064" lon="-3.793261"></trkpt>
<trkpt lat="43.479050" lon="-3.793349"></trkpt>
<trkpt lat="43.479031" lon="-3.793481"></trkpt>
<trkpt lat="43.478967" lon="-3.793748"></trkpt>
<trkpt lat="43.478973" lon="-3.793877"></trkpt>
<trkpt lat="43.478912" lon="-3.793976"></trkpt>
<trkpt lat="43.478872" lon="-3.793994"></trkpt>
<trkpt lat="43.478821" lon="-3.793990"></trkpt>
<trkpt lat="43.478782" lon="-3.793965"></trkpt>
<trkpt lat="43.478612" lon="-3.794045"></trkpt>
<trkpt lat="43.478476" lon="-3.794185"></trkpt>
<trkpt lat="43.478172" lon="-3.794626"></trkpt>
<trkpt lat="43.477964" lon="-3.794850"></trkpt>
<trkpt lat="43.477801" lon="-3.794977"></trkpt>
<trkpt lat="43.477678" lon="-3.795054"></trkpt>
<trkpt lat="43.477494" lon="-3.795158"></trkpt>
<trkpt lat="43.477367" lon="-3.795285"></trkpt>
<trkpt lat="43.477220" lon="-3.795442"></trkpt>
<trkpt lat="43.477204" lon="-3.795597"></trkpt>
<trkpt lat="43.477123" lon="-3.795801"></trkpt>
<trkpt lat="43.477037" lon="-3.795903"></trkpt>
<trkpt lat="43.476934" lon="-3.795967"></trkpt>
<trkpt lat="43.476816" lon="-3.795988"></trkpt>
<trkpt lat="43.476699" lon="-3.795960"></trkpt>
<trkpt lat="43.476593" lon="-3.795885"></trkpt>
<trkpt lat="43.476497" lon="-3.795753"></trkpt>
<trkpt lat="43.476453" lon="-3.795627"></trkpt>
<trkpt lat="43.476430" lon="-3.795467"></trkpt>
<trkpt lat="43.476113" lon="-3.795103"></trkpt>
<trkpt lat="43.475734" lon="-3.794878"></trkpt>
<trkpt lat="43.475686" lon="-3.794852"></trkpt>
<trkpt lat="43.475715" lon="-3.794754"></trkpt>
<trkpt lat="43.475763" lon="-3.794783"></trkpt>
<trkpt lat="43.475779" lon="-3.794732"></trkpt>
<trkpt lat="43.475785" lon="-3.794712"></trkpt>
<trkpt lat="43.475870" lon="-3.794757"></trkpt>
		</trkseg>
	</trk>
</gpx>